2026-04-03 12:55:15,642 - ======================================================================
2026-04-03 12:55:15,642 - FILE: B-n31-k5.vrp
2026-04-03 12:55:15,642 - ======================================================================
2026-04-03 12:55:15,644 - Dim=31 K=5 Cap=100
2026-04-03 12:55:15,644 - --- Clarke-Wright ---
2026-04-03 12:55:15,645 -   cost=748 time=0.00s
2026-04-03 12:55:15,645 - --- Two-Opt ---
2026-04-03 12:55:15,646 -   cost=730 time=0.00s
2026-04-03 12:55:15,646 - --- MaxSAT (2-tầng) ---
2026-04-03 12:55:15,646 - =========================================
2026-04-03 12:55:15,646 - BẮT ĐẦU OPTIMIZE (MaxSAT-RC2, 2-tầng)
2026-04-03 12:55:15,646 -   max_single=11  s_to=60.0s
2026-04-03 12:55:15,646 -   max_pair=10  p_to=500.0s
2026-04-03 12:55:15,646 -   n_pairs=12
2026-04-03 12:55:15,646 -   inner_patience=20  outer_patience=3
2026-04-03 12:55:15,646 -   global_timeout=1200.0s
2026-04-03 12:55:15,646 -   start_cost=730.00
2026-04-03 12:55:15,646 - =========================================
2026-04-03 12:55:15,646 - === OUTER 1 | cost=730.00 outer_no_imp=0/3 (còn 1200s) ===
2026-04-03 12:55:15,646 -   [Inner 1.1] cost=730.00 no_imp=0/20 (còn 1200s)
2026-04-03 12:55:15,651 -     [P1] Relocate → 722.00
2026-04-03 12:55:15,655 -     [P2] Exchange → 719.00
2026-04-03 12:55:15,827 - ======================================================================
2026-04-03 12:55:15,827 - KHỞI CHẠY ADVANCED CVRP SOLVER CHO FILE: B-n31-k5.vrp
2026-04-03 12:55:15,827 - ======================================================================
2026-04-03 12:55:15,827 -     [P3] Single +2
2026-04-03 12:55:15,827 -     → INNER BEST = 717.00
2026-04-03 12:55:15,827 -   [Inner 1.2] cost=717.00 no_imp=0/20 (còn 1200s)
2026-04-03 12:55:15,829 - Thông tin dữ liệu: Dimension=31, K=5, Capacity=100
2026-04-03 12:55:15,829 - --- Step 1: Clarke-Wright Heuristic ---
2026-04-03 12:55:15,830 -   Kết quả CW: Cost = 748, Time = 0.001s
2026-04-03 12:55:15,830 - --- Step 2: Two-Opt Local Search ---
2026-04-03 12:55:15,831 -   Kết quả Two-Opt: Cost = 730, Time = 0.001s
2026-04-03 12:55:15,831 - --- Step 3: Advanced Optimization (100% CPLEX) ---
2026-04-03 12:55:15,831 - =========================================
2026-04-03 12:55:15,831 - BẮT ĐẦU VÒNG LẶP OPTIMIZE CPLEX (HYBRID LNS / VND)
2026-04-03 12:55:15,831 -  -> Max Single Size  : 11
2026-04-03 12:55:15,831 -  -> Single Timeout   : 60.0s
2026-04-03 12:55:15,831 -  -> Max Pairwise Size: 10
2026-04-03 12:55:15,831 -  -> Pairwise Timeout : 500.0s
2026-04-03 12:55:15,831 -  -> Global Timeout   : 1200.0s
2026-04-03 12:55:15,831 -  -> Patience         : 20
2026-04-03 12:55:15,831 -  -> Max Iterations   : 150
2026-04-03 12:55:15,831 - Chi phí khởi điểm (kể cả phạt): 730.00
2026-04-03 12:55:15,831 - =========================================
2026-04-03 12:55:15,831 - --- Iteration 1/150 (còn 1200s) ---
2026-04-03 12:55:15,832 -     [P1] Relocate → 705.00
2026-04-03 12:55:15,852 -   [Inner 1] Relocate → 722.00
2026-04-03 12:55:15,860 -   [Inner 1] Exchange → 719.00
2026-04-03 12:55:15,953 -     → INNER BEST = 705.00
2026-04-03 12:55:15,953 -   [Inner 1.3] cost=705.00 no_imp=0/20 (còn 1200s)
2026-04-03 12:55:15,957 -     [P1] Relocate → 703.00
2026-04-03 12:55:15,987 -   [Inner 1] Single Route giảm: 2
2026-04-03 12:55:16,007 -   [Inner 2] Relocate → 705.00
2026-04-03 12:55:16,074 -     → INNER BEST = 703.00
2026-04-03 12:55:16,075 -   [Inner 1.4] cost=703.00 no_imp=0/20 (còn 1200s)
2026-04-03 12:55:16,079 -     [P1] Relocate → 701.00
2026-04-03 12:55:16,147 -   [Inner 3] Relocate → 703.00
2026-04-03 12:55:16,213 -     → INNER BEST = 701.00
2026-04-03 12:55:16,213 -   [Inner 1.5] cost=701.00 no_imp=0/20 (còn 1199s)
2026-04-03 12:55:16,314 -   [Inner 4] Relocate → 701.00
2026-04-03 12:55:16,365 -   [Inner 1.6] cost=701.00 no_imp=2/20 (còn 1199s)
2026-04-03 12:55:16,566 -   [Inner 1.7] cost=701.00 no_imp=4/20 (còn 1199s)
2026-04-03 12:55:16,703 -   [Inner 1.8] cost=701.00 no_imp=6/20 (còn 1199s)
2026-04-03 12:55:16,844 -   [Inner 1.9] cost=701.00 no_imp=8/20 (còn 1199s)
2026-04-03 12:55:16,982 -   [Inner 1.10] cost=701.00 no_imp=10/20 (còn 1199s)
2026-04-03 12:55:17,116 -   [Inner 1.11] cost=701.00 no_imp=12/20 (còn 1199s)
2026-04-03 12:55:17,255 -   [Inner 1.12] cost=701.00 no_imp=14/20 (còn 1198s)
2026-04-03 12:55:17,387 -   [Inner 1.13] cost=701.00 no_imp=16/20 (còn 1198s)
2026-04-03 12:55:17,512 -   [Inner 1.14] cost=701.00 no_imp=18/20 (còn 1198s)
2026-04-03 12:55:17,643 -   [Outer] Inner cải thiện → best=701.00
2026-04-03 12:55:17,644 -   [Outer 1] Chạy Pairwise MaxSAT...
2026-04-03 12:55:23,102 -   [P4] Pairwise (3,4) thành công! Giảm: 1
2026-04-03 12:55:23,102 - => ITER 1: BEST COST MỚI = 700.00
2026-04-03 12:55:23,102 - --- Iteration 2/150 (còn 1193s) ---
2026-04-03 12:55:32,086 -   [P4] Pairwise (1,4) thành công! Giảm: 21
2026-04-03 12:55:32,086 - => ITER 2: BEST COST MỚI = 679.00
2026-04-03 12:55:32,086 - --- Iteration 3/150 (còn 1184s) ---
2026-04-03 12:55:34,380 - => ITER 3: Không cải thiện (no_improve=1/20)
2026-04-03 12:55:34,380 - --- Iteration 4/150 (còn 1181s) ---
2026-04-03 12:55:35,943 -     [P4] Pair (3,4) −1
2026-04-03 12:55:35,944 -     [P4] → OUTER BEST = 700.00
2026-04-03 12:55:36,674 - => ITER 4: Không cải thiện (no_improve=2/20)
2026-04-03 12:55:36,674 - --- Iteration 5/150 (còn 1179s) ---
2026-04-03 12:55:37,449 -     [P4] Pair (1,4) −22
2026-04-03 12:55:37,449 -     [P4] → OUTER BEST = 678.00
2026-04-03 12:55:37,449 - === OUTER 2 | cost=678.00 outer_no_imp=0/3 (còn 1178s) ===
2026-04-03 12:55:37,449 -   [Inner 2.1] cost=678.00 no_imp=0/20 (còn 1178s)
2026-04-03 12:55:37,570 -   [Inner 2.2] cost=678.00 no_imp=2/20 (còn 1178s)
2026-04-03 12:55:37,687 -   [Inner 2.3] cost=678.00 no_imp=4/20 (còn 1178s)
2026-04-03 12:55:37,805 -   [Inner 2.4] cost=678.00 no_imp=6/20 (còn 1178s)
2026-04-03 12:55:37,927 -   [Inner 2.5] cost=678.00 no_imp=8/20 (còn 1178s)
2026-04-03 12:55:38,044 -   [Inner 2.6] cost=678.00 no_imp=10/20 (còn 1178s)
2026-04-03 12:55:38,170 -   [Inner 2.7] cost=678.00 no_imp=12/20 (còn 1177s)
2026-04-03 12:55:38,287 -   [Inner 2.8] cost=678.00 no_imp=14/20 (còn 1177s)
2026-04-03 12:55:38,407 -   [Inner 2.9] cost=678.00 no_imp=16/20 (còn 1177s)
2026-04-03 12:55:38,524 -   [Inner 2.10] cost=678.00 no_imp=18/20 (còn 1177s)
2026-04-03 12:55:38,643 -   [Outer 2] Chạy Pairwise MaxSAT...
2026-04-03 12:55:39,013 - => ITER 5: Không cải thiện (no_improve=3/20)
2026-04-03 12:55:39,013 - --- Iteration 6/150 (còn 1177s) ---
2026-04-03 12:55:41,303 - => ITER 6: Không cải thiện (no_improve=4/20)
2026-04-03 12:55:41,303 - --- Iteration 7/150 (còn 1175s) ---
2026-04-03 12:55:43,599 - => ITER 7: Không cải thiện (no_improve=5/20)
2026-04-03 12:55:43,600 - --- Iteration 8/150 (còn 1172s) ---
2026-04-03 12:55:45,890 - => ITER 8: Không cải thiện (no_improve=6/20)
2026-04-03 12:55:45,890 - --- Iteration 9/150 (còn 1170s) ---
2026-04-03 12:55:48,207 - => ITER 9: Không cải thiện (no_improve=7/20)
2026-04-03 12:55:48,207 - --- Iteration 10/150 (còn 1168s) ---
2026-04-03 12:55:50,481 - => ITER 10: Không cải thiện (no_improve=8/20)
2026-04-03 12:55:50,482 - --- Iteration 11/150 (còn 1165s) ---
2026-04-03 12:55:52,775 - => ITER 11: Không cải thiện (no_improve=9/20)
2026-04-03 12:55:52,775 - --- Iteration 12/150 (còn 1163s) ---
2026-04-03 12:55:55,061 - => ITER 12: Không cải thiện (no_improve=10/20)
2026-04-03 12:55:55,061 - --- Iteration 13/150 (còn 1161s) ---
2026-04-03 12:55:57,343 - => ITER 13: Không cải thiện (no_improve=11/20)
2026-04-03 12:55:57,343 - --- Iteration 14/150 (còn 1158s) ---
2026-04-03 12:55:57,949 -   [Outer] Không cải thiện (1/3)
2026-04-03 12:55:57,950 - === OUTER 3 | cost=678.00 outer_no_imp=1/3 (còn 1158s) ===
2026-04-03 12:55:57,950 -   [Inner 3.1] cost=678.00 no_imp=0/20 (còn 1158s)
2026-04-03 12:55:58,069 -   [Inner 3.2] cost=678.00 no_imp=2/20 (còn 1158s)
2026-04-03 12:55:58,187 -   [Inner 3.3] cost=678.00 no_imp=4/20 (còn 1157s)
2026-04-03 12:55:58,305 -   [Inner 3.4] cost=678.00 no_imp=6/20 (còn 1157s)
2026-04-03 12:55:58,425 -   [Inner 3.5] cost=678.00 no_imp=8/20 (còn 1157s)
2026-04-03 12:55:58,543 -   [Inner 3.6] cost=678.00 no_imp=10/20 (còn 1157s)
2026-04-03 12:55:58,666 -   [Inner 3.7] cost=678.00 no_imp=12/20 (còn 1157s)
2026-04-03 12:55:58,785 -   [Inner 3.8] cost=678.00 no_imp=14/20 (còn 1157s)
2026-04-03 12:55:58,907 -   [Inner 3.9] cost=678.00 no_imp=16/20 (còn 1157s)
2026-04-03 12:55:59,026 -   [Inner 3.10] cost=678.00 no_imp=18/20 (còn 1157s)
2026-04-03 12:55:59,144 -   [Outer 3] Chạy Pairwise MaxSAT...
2026-04-03 12:55:59,691 - => ITER 14: Không cải thiện (no_improve=12/20)
2026-04-03 12:55:59,691 - --- Iteration 15/150 (còn 1156s) ---
2026-04-03 12:56:01,977 - => ITER 15: Không cải thiện (no_improve=13/20)
2026-04-03 12:56:01,977 - --- Iteration 16/150 (còn 1154s) ---
2026-04-03 12:56:04,292 - => ITER 16: Không cải thiện (no_improve=14/20)
2026-04-03 12:56:04,293 - --- Iteration 17/150 (còn 1152s) ---
2026-04-03 12:56:06,613 - => ITER 17: Không cải thiện (no_improve=15/20)
2026-04-03 12:56:06,613 - --- Iteration 18/150 (còn 1149s) ---
2026-04-03 12:56:08,921 - => ITER 18: Không cải thiện (no_improve=16/20)
2026-04-03 12:56:08,921 - --- Iteration 19/150 (còn 1147s) ---
2026-04-03 12:56:11,217 - => ITER 19: Không cải thiện (no_improve=17/20)
2026-04-03 12:56:11,217 - --- Iteration 20/150 (còn 1145s) ---
2026-04-03 12:56:13,505 - => ITER 20: Không cải thiện (no_improve=18/20)
2026-04-03 12:56:13,505 - --- Iteration 21/150 (còn 1142s) ---
2026-04-03 12:56:15,778 - => ITER 21: Không cải thiện (no_improve=19/20)
2026-04-03 12:56:15,778 - --- Iteration 22/150 (còn 1140s) ---
2026-04-03 12:56:18,069 - => ITER 22: Không cải thiện (no_improve=20/20)
2026-04-03 12:56:18,069 - Hoàn thành tối ưu trong 62.2s. Final Pure Cost: 679
2026-04-03 12:56:18,069 - ======================================================================
2026-04-03 12:56:18,069 - BÁO CÁO TỔNG KẾT (SUMMARY)
2026-04-03 12:56:18,069 - ======================================================================
2026-04-03 12:56:18,069 -   1. Chi phí Clarke-Wright:     748
2026-04-03 12:56:18,069 -   2. Chi phí sau Two-Opt:       730
2026-04-03 12:56:18,069 -   3. Chi phí sau CPLEX:        679
2026-04-03 12:56:18,069 -   => TỔNG CẢI THIỆN:            69
2026-04-03 12:56:18,069 -   => Số lần CPLEX Single cải thiện  : 1 lần
2026-04-03 12:56:18,069 -   => Số lần CPLEX Pairwise cải thiện: 2 lần
2026-04-03 12:56:18,069 -   => TỔNG THỜI GIAN CHẠY:       62.240s
2026-04-03 12:56:18,070 - ======================================================================
2026-04-03 12:56:18,070 - KHỞI CHẠY ADVANCED CVRP SOLVER CHO FILE: B-n34-k5.vrp
2026-04-03 12:56:18,070 - ======================================================================
2026-04-03 12:56:18,072 - Thông tin dữ liệu: Dimension=34, K=5, Capacity=100
2026-04-03 12:56:18,072 - --- Step 1: Clarke-Wright Heuristic ---
2026-04-03 12:56:18,073 -   Kết quả CW: Cost = 936, Time = 0.001s
2026-04-03 12:56:18,073 - --- Step 2: Two-Opt Local Search ---
2026-04-03 12:56:18,075 -   Kết quả Two-Opt: Cost = 875, Time = 0.001s
2026-04-03 12:56:18,075 - --- Step 3: Advanced Optimization (100% CPLEX) ---
2026-04-03 12:56:18,075 - =========================================
2026-04-03 12:56:18,075 - BẮT ĐẦU VÒNG LẶP OPTIMIZE CPLEX (HYBRID LNS / VND)
2026-04-03 12:56:18,075 -  -> Max Single Size  : 11
2026-04-03 12:56:18,075 -  -> Single Timeout   : 60.0s
2026-04-03 12:56:18,075 -  -> Max Pairwise Size: 10
2026-04-03 12:56:18,075 -  -> Pairwise Timeout : 500.0s
2026-04-03 12:56:18,075 -  -> Global Timeout   : 1200.0s
2026-04-03 12:56:18,075 -  -> Patience         : 20
2026-04-03 12:56:18,075 -  -> Max Iterations   : 150
2026-04-03 12:56:18,075 - Chi phí khởi điểm (kể cả phạt): 875.00
2026-04-03 12:56:18,075 - =========================================
2026-04-03 12:56:18,075 - --- Iteration 1/150 (còn 1200s) ---
2026-04-03 12:56:18,097 -   [Inner 1] Relocate → 854.00
2026-04-03 12:56:18,107 -   [Inner 1] Exchange → 841.00
2026-04-03 12:56:18,313 -   [Inner 1] Single Route giảm: 2
2026-04-03 12:56:18,335 -   [Inner 2] Relocate → 833.00
2026-04-03 12:56:18,506 -   [Outer] Không cải thiện (2/3)
2026-04-03 12:56:18,507 - === OUTER 4 | cost=678.00 outer_no_imp=2/3 (còn 1137s) ===
2026-04-03 12:56:18,507 -   [Inner 4.1] cost=678.00 no_imp=0/20 (còn 1137s)
2026-04-03 12:56:18,540 -   [Inner 2] Single Route giảm: 1
2026-04-03 12:56:18,564 -   [Inner 3] Relocate → 831.00
2026-04-03 12:56:18,626 -   [Inner 4.2] cost=678.00 no_imp=2/20 (còn 1137s)
2026-04-03 12:56:18,727 -   [Inner 3] Single Route giảm: 1
2026-04-03 12:56:18,746 -   [Inner 4.3] cost=678.00 no_imp=4/20 (còn 1137s)
2026-04-03 12:56:18,751 -   [Inner 4] Relocate → 829.00
2026-04-03 12:56:18,870 -   [Inner 4.4] cost=678.00 no_imp=6/20 (còn 1137s)
2026-04-03 12:56:18,990 -   [Inner 4.5] cost=678.00 no_imp=8/20 (còn 1137s)
2026-04-03 12:56:19,109 -   [Inner 4.6] cost=678.00 no_imp=10/20 (còn 1137s)
2026-04-03 12:56:19,232 -   [Inner 4.7] cost=678.00 no_imp=12/20 (còn 1136s)
2026-04-03 12:56:19,351 -   [Inner 4.8] cost=678.00 no_imp=14/20 (còn 1136s)
2026-04-03 12:56:19,472 -   [Inner 4.9] cost=678.00 no_imp=16/20 (còn 1136s)
2026-04-03 12:56:19,589 -   [Inner 4.10] cost=678.00 no_imp=18/20 (còn 1136s)
2026-04-03 12:56:19,706 -   [Outer 4] Chạy Pairwise MaxSAT...
2026-04-03 12:56:27,171 - => ITER 1: BEST COST MỚI = 829.00
2026-04-03 12:56:27,171 - --- Iteration 2/150 (còn 1191s) ---
2026-04-03 12:56:35,355 - => ITER 2: Không cải thiện (no_improve=1/20)
2026-04-03 12:56:35,355 - --- Iteration 3/150 (còn 1183s) ---
2026-04-03 12:56:38,903 -   [Outer] Không cải thiện (3/3)
2026-04-03 12:56:38,903 - Hoàn thành. cost=678.00 | time=83.3s | s_imp=1 s_to=0 | p_imp=2 p_to=0
2026-04-03 12:56:38,904 - ======================================================================
2026-04-03 12:56:38,904 - CW=748 → 2opt=730 → MaxSAT=678
2026-04-03 12:56:38,904 - Cải thiện so CW: 70
2026-04-03 12:56:38,904 - Total time: 83.3s
2026-04-03 12:56:38,904 - Verified cost: 678
2026-04-03 12:56:38,905 - ======================================================================
2026-04-03 12:56:38,905 - FILE: B-n34-k5.vrp
2026-04-03 12:56:38,905 - ======================================================================
2026-04-03 12:56:38,907 - Dim=34 K=5 Cap=100
2026-04-03 12:56:38,907 - --- Clarke-Wright ---
2026-04-03 12:56:38,908 -   cost=936 time=0.00s
2026-04-03 12:56:38,908 - --- Two-Opt ---
2026-04-03 12:56:38,909 -   cost=875 time=0.00s
2026-04-03 12:56:38,909 - --- MaxSAT (2-tầng) ---
2026-04-03 12:56:38,910 - =========================================
2026-04-03 12:56:38,910 - BẮT ĐẦU OPTIMIZE (MaxSAT-RC2, 2-tầng)
2026-04-03 12:56:38,910 -   max_single=11  s_to=60.0s
2026-04-03 12:56:38,910 -   max_pair=10  p_to=500.0s
2026-04-03 12:56:38,910 -   n_pairs=12
2026-04-03 12:56:38,910 -   inner_patience=20  outer_patience=3
2026-04-03 12:56:38,910 -   global_timeout=1200.0s
2026-04-03 12:56:38,910 -   start_cost=875.00
2026-04-03 12:56:38,910 - =========================================
2026-04-03 12:56:38,910 - === OUTER 1 | cost=875.00 outer_no_imp=0/3 (còn 1200s) ===
2026-04-03 12:56:38,910 -   [Inner 1.1] cost=875.00 no_imp=0/20 (còn 1200s)
2026-04-03 12:56:38,913 -     [P1] Relocate → 854.00
2026-04-03 12:56:38,916 -     [P2] Exchange → 841.00
2026-04-03 12:56:39,469 -     [P3] Single +2
2026-04-03 12:56:39,469 -     → INNER BEST = 839.00
2026-04-03 12:56:39,469 -   [Inner 1.2] cost=839.00 no_imp=0/20 (còn 1199s)
2026-04-03 12:56:39,473 -     [P1] Relocate → 833.00
2026-04-03 12:56:39,960 -     [P3] Single +1
2026-04-03 12:56:39,961 -     → INNER BEST = 832.00
2026-04-03 12:56:39,961 -   [Inner 1.3] cost=832.00 no_imp=0/20 (còn 1199s)
2026-04-03 12:56:39,964 -     [P1] Relocate → 831.00
2026-04-03 12:56:40,176 -     [P3] Single +1
2026-04-03 12:56:40,176 -     → INNER BEST = 830.00
2026-04-03 12:56:40,176 -   [Inner 1.4] cost=830.00 no_imp=0/20 (còn 1199s)
2026-04-03 12:56:40,180 -     [P1] Relocate → 829.00
2026-04-03 12:56:40,420 -     → INNER BEST = 829.00
2026-04-03 12:56:40,421 -   [Inner 1.5] cost=829.00 no_imp=0/20 (còn 1198s)
2026-04-03 12:56:40,660 -   [Inner 1.6] cost=829.00 no_imp=2/20 (còn 1198s)
2026-04-03 12:56:40,902 -   [Inner 1.7] cost=829.00 no_imp=4/20 (còn 1198s)
2026-04-03 12:56:41,147 -   [Inner 1.8] cost=829.00 no_imp=6/20 (còn 1198s)
2026-04-03 12:56:41,390 -   [Inner 1.9] cost=829.00 no_imp=8/20 (còn 1198s)
2026-04-03 12:56:41,637 -   [Inner 1.10] cost=829.00 no_imp=10/20 (còn 1197s)
2026-04-03 12:56:41,878 -   [Inner 1.11] cost=829.00 no_imp=12/20 (còn 1197s)
2026-04-03 12:56:42,121 -   [Inner 1.12] cost=829.00 no_imp=14/20 (còn 1197s)
2026-04-03 12:56:42,360 -   [Inner 1.13] cost=829.00 no_imp=16/20 (còn 1197s)
2026-04-03 12:56:42,604 -   [Inner 1.14] cost=829.00 no_imp=18/20 (còn 1196s)
2026-04-03 12:56:42,846 -   [Outer] Inner cải thiện → best=829.00
2026-04-03 12:56:42,847 -   [Outer 1] Chạy Pairwise MaxSAT...
2026-04-03 12:56:43,643 - => ITER 3: Không cải thiện (no_improve=2/20)
2026-04-03 12:56:43,643 - --- Iteration 4/150 (còn 1174s) ---
2026-04-03 12:56:51,914 - => ITER 4: Không cải thiện (no_improve=3/20)
2026-04-03 12:56:51,914 - --- Iteration 5/150 (còn 1166s) ---
2026-04-03 12:57:00,137 - => ITER 5: Không cải thiện (no_improve=4/20)
2026-04-03 12:57:00,137 - --- Iteration 6/150 (còn 1158s) ---
2026-04-03 12:57:08,409 - => ITER 6: Không cải thiện (no_improve=5/20)
2026-04-03 12:57:08,409 - --- Iteration 7/150 (còn 1150s) ---
2026-04-03 12:57:16,626 - => ITER 7: Không cải thiện (no_improve=6/20)
2026-04-03 12:57:16,626 - --- Iteration 8/150 (còn 1141s) ---
2026-04-03 12:57:24,922 - => ITER 8: Không cải thiện (no_improve=7/20)
2026-04-03 12:57:24,922 - --- Iteration 9/150 (còn 1133s) ---
2026-04-03 12:57:33,263 - => ITER 9: Không cải thiện (no_improve=8/20)
2026-04-03 12:57:33,263 - --- Iteration 10/150 (còn 1125s) ---
2026-04-03 12:57:41,520 - => ITER 10: Không cải thiện (no_improve=9/20)
2026-04-03 12:57:41,520 - --- Iteration 11/150 (còn 1117s) ---
2026-04-03 12:57:49,874 - => ITER 11: Không cải thiện (no_improve=10/20)
2026-04-03 12:57:49,874 - --- Iteration 12/150 (còn 1108s) ---
2026-04-03 12:57:58,125 - => ITER 12: Không cải thiện (no_improve=11/20)
2026-04-03 12:57:58,125 - --- Iteration 13/150 (còn 1100s) ---
2026-04-03 12:58:06,382 - => ITER 13: Không cải thiện (no_improve=12/20)
2026-04-03 12:58:06,382 - --- Iteration 14/150 (còn 1092s) ---
2026-04-03 12:58:14,715 - => ITER 14: Không cải thiện (no_improve=13/20)
2026-04-03 12:58:14,716 - --- Iteration 15/150 (còn 1083s) ---
2026-04-03 12:58:22,987 - => ITER 15: Không cải thiện (no_improve=14/20)
2026-04-03 12:58:22,987 - --- Iteration 16/150 (còn 1075s) ---
2026-04-03 12:58:31,215 - => ITER 16: Không cải thiện (no_improve=15/20)
2026-04-03 12:58:31,215 - --- Iteration 17/150 (còn 1067s) ---
2026-04-03 12:58:39,470 - => ITER 17: Không cải thiện (no_improve=16/20)
2026-04-03 12:58:39,470 - --- Iteration 18/150 (còn 1059s) ---
2026-04-03 12:58:47,719 - => ITER 18: Không cải thiện (no_improve=17/20)
2026-04-03 12:58:47,719 - --- Iteration 19/150 (còn 1050s) ---
2026-04-03 12:58:55,992 - => ITER 19: Không cải thiện (no_improve=18/20)
2026-04-03 12:58:55,992 - --- Iteration 20/150 (còn 1042s) ---
2026-04-03 12:59:04,256 - => ITER 20: Không cải thiện (no_improve=19/20)
2026-04-03 12:59:04,256 - --- Iteration 21/150 (còn 1034s) ---
2026-04-03 12:59:12,539 - => ITER 21: Không cải thiện (no_improve=20/20)
2026-04-03 12:59:12,539 - Hoàn thành tối ưu trong 174.5s. Final Pure Cost: 829
2026-04-03 12:59:12,542 - ======================================================================
2026-04-03 12:59:12,543 - BÁO CÁO TỔNG KẾT (SUMMARY)
2026-04-03 12:59:12,543 - ======================================================================
2026-04-03 12:59:12,543 -   1. Chi phí Clarke-Wright:     936
2026-04-03 12:59:12,543 -   2. Chi phí sau Two-Opt:       875
2026-04-03 12:59:12,543 -   3. Chi phí sau CPLEX:        829
2026-04-03 12:59:12,543 -   => TỔNG CẢI THIỆN:            107
2026-04-03 12:59:12,543 -   => Số lần CPLEX Single cải thiện  : 3 lần
2026-04-03 12:59:12,543 -   => Số lần CPLEX Pairwise cải thiện: 0 lần
2026-04-03 12:59:12,543 -   => TỔNG THỜI GIAN CHẠY:       174.470s
2026-04-03 12:59:12,544 - ======================================================================
2026-04-03 12:59:12,544 - KHỞI CHẠY ADVANCED CVRP SOLVER CHO FILE: B-n35-k5.vrp
2026-04-03 12:59:12,544 - ======================================================================
2026-04-03 12:59:12,546 - Thông tin dữ liệu: Dimension=35, K=5, Capacity=100
2026-04-03 12:59:12,546 - --- Step 1: Clarke-Wright Heuristic ---
2026-04-03 12:59:12,547 -   Kết quả CW: Cost = 1016, Time = 0.001s
2026-04-03 12:59:12,547 - --- Step 2: Two-Opt Local Search ---
2026-04-03 12:59:12,548 -   Kết quả Two-Opt: Cost = 973, Time = 0.001s
2026-04-03 12:59:12,548 - --- Step 3: Advanced Optimization (100% CPLEX) ---
2026-04-03 12:59:12,548 - =========================================
2026-04-03 12:59:12,548 - BẮT ĐẦU VÒNG LẶP OPTIMIZE CPLEX (HYBRID LNS / VND)
2026-04-03 12:59:12,548 -  -> Max Single Size  : 11
2026-04-03 12:59:12,548 -  -> Single Timeout   : 60.0s
2026-04-03 12:59:12,548 -  -> Max Pairwise Size: 10
2026-04-03 12:59:12,548 -  -> Pairwise Timeout : 500.0s
2026-04-03 12:59:12,548 -  -> Global Timeout   : 1200.0s
2026-04-03 12:59:12,549 -  -> Patience         : 20
2026-04-03 12:59:12,549 -  -> Max Iterations   : 150
2026-04-03 12:59:12,549 - Chi phí khởi điểm (kể cả phạt): 973.00
2026-04-03 12:59:12,549 - =========================================
2026-04-03 12:59:12,549 - --- Iteration 1/150 (còn 1200s) ---
2026-04-03 12:59:12,574 -   [Inner 1] Relocate → 971.00
2026-04-03 12:59:12,916 -   [Inner 1] Single Route giảm: 1
2026-04-03 12:59:13,283 - => ITER 1: BEST COST MỚI = 970.00
2026-04-03 12:59:13,284 - --- Iteration 2/150 (còn 1199s) ---
2026-04-03 12:59:13,645 - => ITER 2: Không cải thiện (no_improve=1/20)
2026-04-03 12:59:13,645 - --- Iteration 3/150 (còn 1199s) ---
2026-04-03 12:59:14,003 - => ITER 3: Không cải thiện (no_improve=2/20)
2026-04-03 12:59:14,003 - --- Iteration 4/150 (còn 1199s) ---
2026-04-03 12:59:14,362 - => ITER 4: Không cải thiện (no_improve=3/20)
2026-04-03 12:59:14,363 - --- Iteration 5/150 (còn 1198s) ---
2026-04-03 12:59:14,716 - => ITER 5: Không cải thiện (no_improve=4/20)
2026-04-03 12:59:14,716 - --- Iteration 6/150 (còn 1198s) ---
2026-04-03 12:59:15,071 - => ITER 6: Không cải thiện (no_improve=5/20)
2026-04-03 12:59:15,071 - --- Iteration 7/150 (còn 1197s) ---
2026-04-03 12:59:15,424 - => ITER 7: Không cải thiện (no_improve=6/20)
2026-04-03 12:59:15,424 - --- Iteration 8/150 (còn 1197s) ---
2026-04-03 12:59:15,786 - => ITER 8: Không cải thiện (no_improve=7/20)
2026-04-03 12:59:15,787 - --- Iteration 9/150 (còn 1197s) ---
2026-04-03 12:59:16,140 - => ITER 9: Không cải thiện (no_improve=8/20)
2026-04-03 12:59:16,140 - --- Iteration 10/150 (còn 1196s) ---
2026-04-03 12:59:16,495 - => ITER 10: Không cải thiện (no_improve=9/20)
2026-04-03 12:59:16,495 - --- Iteration 11/150 (còn 1196s) ---
2026-04-03 12:59:16,848 - => ITER 11: Không cải thiện (no_improve=10/20)
2026-04-03 12:59:16,848 - --- Iteration 12/150 (còn 1196s) ---
2026-04-03 12:59:17,211 - => ITER 12: Không cải thiện (no_improve=11/20)
2026-04-03 12:59:17,211 - --- Iteration 13/150 (còn 1195s) ---
2026-04-03 12:59:17,578 - => ITER 13: Không cải thiện (no_improve=12/20)
2026-04-03 12:59:17,578 - --- Iteration 14/150 (còn 1195s) ---
2026-04-03 12:59:17,978 - => ITER 14: Không cải thiện (no_improve=13/20)
2026-04-03 12:59:17,979 - --- Iteration 15/150 (còn 1195s) ---
2026-04-03 12:59:18,329 - => ITER 15: Không cải thiện (no_improve=14/20)
2026-04-03 12:59:18,330 - --- Iteration 16/150 (còn 1194s) ---
2026-04-03 12:59:18,687 - => ITER 16: Không cải thiện (no_improve=15/20)
2026-04-03 12:59:18,687 - --- Iteration 17/150 (còn 1194s) ---
2026-04-03 12:59:19,038 - => ITER 17: Không cải thiện (no_improve=16/20)
2026-04-03 12:59:19,038 - --- Iteration 18/150 (còn 1194s) ---
2026-04-03 12:59:19,395 - => ITER 18: Không cải thiện (no_improve=17/20)
2026-04-03 12:59:19,395 - --- Iteration 19/150 (còn 1193s) ---
2026-04-03 12:59:19,754 - => ITER 19: Không cải thiện (no_improve=18/20)
2026-04-03 12:59:19,754 - --- Iteration 20/150 (còn 1193s) ---
2026-04-03 12:59:20,109 - => ITER 20: Không cải thiện (no_improve=19/20)
2026-04-03 12:59:20,110 - --- Iteration 21/150 (còn 1192s) ---
2026-04-03 12:59:20,464 - => ITER 21: Không cải thiện (no_improve=20/20)
2026-04-03 12:59:20,464 - Hoàn thành tối ưu trong 7.9s. Final Pure Cost: 970
2026-04-03 12:59:20,464 - ======================================================================
2026-04-03 12:59:20,464 - BÁO CÁO TỔNG KẾT (SUMMARY)
2026-04-03 12:59:20,464 - ======================================================================
2026-04-03 12:59:20,465 -   1. Chi phí Clarke-Wright:     1016
2026-04-03 12:59:20,465 -   2. Chi phí sau Two-Opt:       973
2026-04-03 12:59:20,465 -   3. Chi phí sau CPLEX:        970
2026-04-03 12:59:20,465 -   => TỔNG CẢI THIỆN:            46
2026-04-03 12:59:20,465 -   => Số lần CPLEX Single cải thiện  : 1 lần
2026-04-03 12:59:20,465 -   => Số lần CPLEX Pairwise cải thiện: 0 lần
2026-04-03 12:59:20,465 -   => TỔNG THỜI GIAN CHẠY:       7.918s
2026-04-03 12:59:20,465 - ======================================================================
2026-04-03 12:59:20,465 - KHỞI CHẠY ADVANCED CVRP SOLVER CHO FILE: B-n38-k6.vrp
2026-04-03 12:59:20,465 - ======================================================================
2026-04-03 12:59:20,468 - Thông tin dữ liệu: Dimension=38, K=6, Capacity=100
2026-04-03 12:59:20,468 - --- Step 1: Clarke-Wright Heuristic ---
2026-04-03 12:59:20,469 -   Kết quả CW: Cost = 961, Time = 0.001s
2026-04-03 12:59:20,469 - --- Step 2: Two-Opt Local Search ---
2026-04-03 12:59:20,470 -   Kết quả Two-Opt: Cost = 912, Time = 0.001s
2026-04-03 12:59:20,470 - --- Step 3: Advanced Optimization (100% CPLEX) ---
2026-04-03 12:59:20,470 - =========================================
2026-04-03 12:59:20,470 - BẮT ĐẦU VÒNG LẶP OPTIMIZE CPLEX (HYBRID LNS / VND)
2026-04-03 12:59:20,470 -  -> Max Single Size  : 11
2026-04-03 12:59:20,471 -  -> Single Timeout   : 60.0s
2026-04-03 12:59:20,471 -  -> Max Pairwise Size: 10
2026-04-03 12:59:20,471 -  -> Pairwise Timeout : 500.0s
2026-04-03 12:59:20,471 -  -> Global Timeout   : 1200.0s
2026-04-03 12:59:20,471 -  -> Patience         : 20
2026-04-03 12:59:20,471 -  -> Max Iterations   : 150
2026-04-03 12:59:20,471 - Chi phí khởi điểm (kể cả phạt): 912.00
2026-04-03 12:59:20,471 - =========================================
2026-04-03 12:59:20,471 - --- Iteration 1/150 (còn 1200s) ---
2026-04-03 12:59:20,503 -   [Inner 1] Relocate → 900.00
2026-04-03 12:59:20,518 -   [Inner 1] Exchange → 886.00
2026-04-03 12:59:20,812 -   [Inner 1] Single Route giảm: 3
2026-04-03 12:59:20,845 -   [Inner 2] Relocate → 878.00
2026-04-03 12:59:20,859 -   [Inner 2] Exchange → 874.00
2026-04-03 12:59:21,042 -   [Inner 2] Single Route giảm: 3
2026-04-03 12:59:21,075 -   [Inner 3] Relocate → 867.00
2026-04-03 12:59:21,302 -   [Inner 4] Relocate → 864.00
2026-04-03 12:59:21,529 -   [Inner 5] Relocate → 862.00
2026-04-03 12:59:28,953 -   [P4] Pairwise (1,5) thành công! Giảm: 1
2026-04-03 12:59:28,953 - => ITER 1: BEST COST MỚI = 861.00
2026-04-03 12:59:28,953 - --- Iteration 2/150 (còn 1192s) ---
2026-04-03 12:59:35,621 - => ITER 2: Không cải thiện (no_improve=1/20)
2026-04-03 12:59:35,621 - --- Iteration 3/150 (còn 1185s) ---
2026-04-03 12:59:42,245 - => ITER 3: Không cải thiện (no_improve=2/20)
2026-04-03 12:59:42,245 - --- Iteration 4/150 (còn 1178s) ---
2026-04-03 12:59:48,902 - => ITER 4: Không cải thiện (no_improve=3/20)
2026-04-03 12:59:48,902 - --- Iteration 5/150 (còn 1172s) ---
2026-04-03 12:59:55,501 - => ITER 5: Không cải thiện (no_improve=4/20)
2026-04-03 12:59:55,501 - --- Iteration 6/150 (còn 1165s) ---
2026-04-03 13:00:02,100 - => ITER 6: Không cải thiện (no_improve=5/20)
2026-04-03 13:00:02,100 - --- Iteration 7/150 (còn 1158s) ---
2026-04-03 13:00:08,692 - => ITER 7: Không cải thiện (no_improve=6/20)
2026-04-03 13:00:08,692 - --- Iteration 8/150 (còn 1152s) ---
2026-04-03 13:00:15,270 - => ITER 8: Không cải thiện (no_improve=7/20)
2026-04-03 13:00:15,270 - --- Iteration 9/150 (còn 1145s) ---
2026-04-03 13:00:22,885 - => ITER 9: Không cải thiện (no_improve=8/20)
2026-04-03 13:00:22,885 - --- Iteration 10/150 (còn 1138s) ---
2026-04-03 13:00:29,614 - => ITER 10: Không cải thiện (no_improve=9/20)
2026-04-03 13:00:29,615 - --- Iteration 11/150 (còn 1131s) ---
2026-04-03 13:00:36,241 - => ITER 11: Không cải thiện (no_improve=10/20)
2026-04-03 13:00:36,241 - --- Iteration 12/150 (còn 1124s) ---
2026-04-03 13:00:42,846 - => ITER 12: Không cải thiện (no_improve=11/20)
2026-04-03 13:00:42,846 - --- Iteration 13/150 (còn 1118s) ---
2026-04-03 13:00:49,451 - => ITER 13: Không cải thiện (no_improve=12/20)
2026-04-03 13:00:49,451 - --- Iteration 14/150 (còn 1111s) ---
2026-04-03 13:00:56,095 - => ITER 14: Không cải thiện (no_improve=13/20)
2026-04-03 13:00:56,096 - --- Iteration 15/150 (còn 1104s) ---
2026-04-03 13:01:02,686 - => ITER 15: Không cải thiện (no_improve=14/20)
2026-04-03 13:01:02,686 - --- Iteration 16/150 (còn 1098s) ---
2026-04-03 13:01:09,290 - => ITER 16: Không cải thiện (no_improve=15/20)
2026-04-03 13:01:09,290 - --- Iteration 17/150 (còn 1091s) ---
2026-04-03 13:01:15,877 - => ITER 17: Không cải thiện (no_improve=16/20)
2026-04-03 13:01:15,877 - --- Iteration 18/150 (còn 1085s) ---
2026-04-03 13:01:22,474 - => ITER 18: Không cải thiện (no_improve=17/20)
2026-04-03 13:01:22,475 - --- Iteration 19/150 (còn 1078s) ---
2026-04-03 13:01:29,110 - => ITER 19: Không cải thiện (no_improve=18/20)
2026-04-03 13:01:29,110 - --- Iteration 20/150 (còn 1071s) ---
2026-04-03 13:01:35,734 - => ITER 20: Không cải thiện (no_improve=19/20)
2026-04-03 13:01:35,735 - --- Iteration 21/150 (còn 1065s) ---
2026-04-03 13:01:42,325 - => ITER 21: Không cải thiện (no_improve=20/20)
2026-04-03 13:01:42,326 - Hoàn thành tối ưu trong 141.9s. Final Pure Cost: 861
2026-04-03 13:01:42,329 - ======================================================================
2026-04-03 13:01:42,330 - BÁO CÁO TỔNG KẾT (SUMMARY)
2026-04-03 13:01:42,330 - ======================================================================
2026-04-03 13:01:42,330 -   1. Chi phí Clarke-Wright:     961
2026-04-03 13:01:42,330 -   2. Chi phí sau Two-Opt:       912
2026-04-03 13:01:42,330 -   3. Chi phí sau CPLEX:        861
2026-04-03 13:01:42,330 -   => TỔNG CẢI THIỆN:            100
2026-04-03 13:01:42,330 -   => Số lần CPLEX Single cải thiện  : 3 lần
2026-04-03 13:01:42,330 -   => Số lần CPLEX Pairwise cải thiện: 1 lần
2026-04-03 13:01:42,330 -   => TỔNG THỜI GIAN CHẠY:       141.861s
2026-04-03 13:01:42,331 - ======================================================================
2026-04-03 13:01:42,331 - KHỞI CHẠY ADVANCED CVRP SOLVER CHO FILE: B-n39-k5.vrp
2026-04-03 13:01:42,331 - ======================================================================
2026-04-03 13:01:42,333 - Thông tin dữ liệu: Dimension=39, K=5, Capacity=100
2026-04-03 13:01:42,333 - --- Step 1: Clarke-Wright Heuristic ---
2026-04-03 13:01:42,334 -   Kết quả CW: Cost = 695, Time = 0.001s
2026-04-03 13:01:42,335 - --- Step 2: Two-Opt Local Search ---
2026-04-03 13:01:42,336 -   Kết quả Two-Opt: Cost = 660, Time = 0.001s
2026-04-03 13:01:42,336 - --- Step 3: Advanced Optimization (100% CPLEX) ---
2026-04-03 13:01:42,336 - =========================================
2026-04-03 13:01:42,336 - BẮT ĐẦU VÒNG LẶP OPTIMIZE CPLEX (HYBRID LNS / VND)
2026-04-03 13:01:42,336 -  -> Max Single Size  : 11
2026-04-03 13:01:42,336 -  -> Single Timeout   : 60.0s
2026-04-03 13:01:42,336 -  -> Max Pairwise Size: 10
2026-04-03 13:01:42,336 -  -> Pairwise Timeout : 500.0s
2026-04-03 13:01:42,336 -  -> Global Timeout   : 1200.0s
2026-04-03 13:01:42,336 -  -> Patience         : 20
2026-04-03 13:01:42,336 -  -> Max Iterations   : 150
2026-04-03 13:01:42,336 - Chi phí khởi điểm (kể cả phạt): 660.00
2026-04-03 13:01:42,336 - =========================================
2026-04-03 13:01:42,336 - --- Iteration 1/150 (còn 1200s) ---
2026-04-03 13:01:42,368 -   [Inner 1] Relocate → 651.00
2026-04-03 13:01:42,382 -   [Inner 1] Exchange → 650.00
2026-04-03 13:02:14,544 -   [Inner 1] Single Route giảm: 4
2026-04-03 13:02:14,575 -   [Inner 2] Relocate → 636.00
2026-04-03 13:02:48,258 -   [Inner 3] Relocate → 633.00
2026-04-03 13:03:21,888 -   [Inner 4] Relocate → 630.00
2026-04-03 13:04:29,440 - => ITER 1: BEST COST MỚI = 630.00
2026-04-03 13:04:29,440 - --- Iteration 2/150 (còn 1033s) ---
2026-04-03 13:05:02,850 -     [P-Timeout 500.0s]
2026-04-03 13:05:02,865 - === OUTER 2 | cost=829.00 outer_no_imp=0/3 (còn 696s) ===
2026-04-03 13:05:02,865 -   [Inner 2.1] cost=829.00 no_imp=0/20 (còn 696s)
2026-04-03 13:05:03,106 -   [Inner 2.2] cost=829.00 no_imp=2/20 (còn 696s)
2026-04-03 13:05:03,344 -   [Inner 2.3] cost=829.00 no_imp=4/20 (còn 696s)
2026-04-03 13:05:03,583 - => ITER 2: Không cải thiện (no_improve=1/20)
2026-04-03 13:05:03,583 - --- Iteration 3/150 (còn 999s) ---
2026-04-03 13:05:03,584 -   [Inner 2.4] cost=829.00 no_imp=6/20 (còn 695s)
2026-04-03 13:05:03,834 -   [Inner 2.5] cost=829.00 no_imp=8/20 (còn 695s)
2026-04-03 13:05:04,080 -   [Inner 2.6] cost=829.00 no_imp=10/20 (còn 695s)
2026-04-03 13:05:04,328 -   [Inner 2.7] cost=829.00 no_imp=12/20 (còn 695s)
2026-04-03 13:05:04,571 -   [Inner 2.8] cost=829.00 no_imp=14/20 (còn 694s)
2026-04-03 13:05:04,813 -   [Inner 2.9] cost=829.00 no_imp=16/20 (còn 694s)
2026-04-03 13:05:05,059 -   [Inner 2.10] cost=829.00 no_imp=18/20 (còn 694s)
2026-04-03 13:05:05,306 -   [Outer 2] Chạy Pairwise MaxSAT...
2026-04-03 13:05:37,561 - => ITER 3: Không cải thiện (no_improve=2/20)
2026-04-03 13:05:37,561 - --- Iteration 4/150 (còn 965s) ---
2026-04-03 13:06:11,438 - => ITER 4: Không cải thiện (no_improve=3/20)
2026-04-03 13:06:11,439 - --- Iteration 5/150 (còn 931s) ---
2026-04-03 13:06:45,287 - => ITER 5: Không cải thiện (no_improve=4/20)
2026-04-03 13:06:45,287 - --- Iteration 6/150 (còn 897s) ---
2026-04-03 13:07:21,760 - => ITER 6: Không cải thiện (no_improve=5/20)
2026-04-03 13:07:21,760 - --- Iteration 7/150 (còn 861s) ---
2026-04-03 13:07:51,726 -   [Outer] Không cải thiện (1/3)
2026-04-03 13:07:51,727 - === OUTER 3 | cost=829.00 outer_no_imp=1/3 (còn 527s) ===
2026-04-03 13:07:51,727 -   [Inner 3.1] cost=829.00 no_imp=0/20 (còn 527s)
2026-04-03 13:07:51,769 - => ITER 7: Không cải thiện (no_improve=6/20)
2026-04-03 13:07:51,769 - --- Iteration 8/150 (còn 831s) ---
2026-04-03 13:07:51,978 -   [Inner 3.2] cost=829.00 no_imp=2/20 (còn 527s)
2026-04-03 13:07:52,242 -   [Inner 3.3] cost=829.00 no_imp=4/20 (còn 527s)
2026-04-03 13:07:52,541 -   [Inner 3.4] cost=829.00 no_imp=6/20 (còn 526s)
2026-04-03 13:07:52,837 -   [Inner 3.5] cost=829.00 no_imp=8/20 (còn 526s)
2026-04-03 13:07:53,106 -   [Inner 3.6] cost=829.00 no_imp=10/20 (còn 526s)
2026-04-03 13:07:53,376 -   [Inner 3.7] cost=829.00 no_imp=12/20 (còn 526s)
2026-04-03 13:07:53,669 -   [Inner 3.8] cost=829.00 no_imp=14/20 (còn 525s)
2026-04-03 13:07:53,981 -   [Inner 3.9] cost=829.00 no_imp=16/20 (còn 525s)
2026-04-03 13:07:54,265 -   [Inner 3.10] cost=829.00 no_imp=18/20 (còn 525s)
2026-04-03 13:07:54,543 -   [Outer 3] Chạy Pairwise MaxSAT...
2026-04-03 13:08:27,145 - => ITER 8: Không cải thiện (no_improve=7/20)
2026-04-03 13:08:27,146 - --- Iteration 9/150 (còn 795s) ---
2026-04-03 13:09:03,144 - => ITER 9: Không cải thiện (no_improve=8/20)
2026-04-03 13:09:03,144 - --- Iteration 10/150 (còn 759s) ---
2026-04-03 13:09:39,967 - => ITER 10: Không cải thiện (no_improve=9/20)
2026-04-03 13:09:39,967 - --- Iteration 11/150 (còn 722s) ---
2026-04-03 13:10:15,795 - => ITER 11: Không cải thiện (no_improve=10/20)
2026-04-03 13:10:15,795 - --- Iteration 12/150 (còn 687s) ---
2026-04-03 13:10:51,852 - => ITER 12: Không cải thiện (no_improve=11/20)
2026-04-03 13:10:51,852 - --- Iteration 13/150 (còn 650s) ---
2026-04-03 13:11:28,507 - => ITER 13: Không cải thiện (no_improve=12/20)
2026-04-03 13:11:28,507 - --- Iteration 14/150 (còn 614s) ---
2026-04-03 13:12:04,234 - => ITER 14: Không cải thiện (no_improve=13/20)
2026-04-03 13:12:04,234 - --- Iteration 15/150 (còn 578s) ---
2026-04-03 13:12:41,180 - => ITER 15: Không cải thiện (no_improve=14/20)
2026-04-03 13:12:41,181 - --- Iteration 16/150 (còn 541s) ---
2026-04-03 13:13:16,737 - => ITER 16: Không cải thiện (no_improve=15/20)
2026-04-03 13:13:16,737 - --- Iteration 17/150 (còn 506s) ---
2026-04-03 13:13:53,071 - => ITER 17: Không cải thiện (no_improve=16/20)
2026-04-03 13:13:53,072 - --- Iteration 18/150 (còn 469s) ---
2026-04-03 13:14:31,185 - => ITER 18: Không cải thiện (no_improve=17/20)
2026-04-03 13:14:31,185 - --- Iteration 19/150 (còn 431s) ---
2026-04-03 13:15:08,833 - => ITER 19: Không cải thiện (no_improve=18/20)
2026-04-03 13:15:08,833 - --- Iteration 20/150 (còn 394s) ---
2026-04-03 13:15:46,123 - => ITER 20: Không cải thiện (no_improve=19/20)
2026-04-03 13:15:46,123 - --- Iteration 21/150 (còn 356s) ---
2026-04-03 13:16:14,549 -     [P-Timeout 500.0s]
2026-04-03 13:16:14,564 -   [Outer] Không cải thiện (2/3)
2026-04-03 13:16:14,564 - === OUTER 4 | cost=829.00 outer_no_imp=2/3 (còn 24s) ===
2026-04-03 13:16:14,564 -   [Inner 4.1] cost=829.00 no_imp=0/20 (còn 24s)
2026-04-03 13:16:14,902 -   [Inner 4.2] cost=829.00 no_imp=2/20 (còn 24s)
2026-04-03 13:16:15,210 -   [Inner 4.3] cost=829.00 no_imp=4/20 (còn 24s)
2026-04-03 13:16:15,486 -   [Inner 4.4] cost=829.00 no_imp=6/20 (còn 23s)
2026-04-03 13:16:15,744 -   [Inner 4.5] cost=829.00 no_imp=8/20 (còn 23s)
2026-04-03 13:16:16,115 -   [Inner 4.6] cost=829.00 no_imp=10/20 (còn 23s)
2026-04-03 13:16:16,394 -   [Inner 4.7] cost=829.00 no_imp=12/20 (còn 23s)
2026-04-03 13:16:16,658 -   [Inner 4.8] cost=829.00 no_imp=14/20 (còn 22s)
2026-04-03 13:16:16,984 -   [Inner 4.9] cost=829.00 no_imp=16/20 (còn 22s)
2026-04-03 13:16:17,261 -   [Inner 4.10] cost=829.00 no_imp=18/20 (còn 22s)
2026-04-03 13:16:17,527 -   [Outer 4] Chạy Pairwise MaxSAT...
2026-04-03 13:16:23,614 - => ITER 21: Không cải thiện (no_improve=20/20)
2026-04-03 13:16:23,614 - Hoàn thành tối ưu trong 881.3s. Final Pure Cost: 630
2026-04-03 13:16:23,614 - ======================================================================
2026-04-03 13:16:23,614 - BÁO CÁO TỔNG KẾT (SUMMARY)
2026-04-03 13:16:23,614 - ======================================================================
2026-04-03 13:16:23,614 -   1. Chi phí Clarke-Wright:     695
2026-04-03 13:16:23,614 -   2. Chi phí sau Two-Opt:       660
2026-04-03 13:16:23,614 -   3. Chi phí sau CPLEX:        630
2026-04-03 13:16:23,614 -   => TỔNG CẢI THIỆN:            65
2026-04-03 13:16:23,614 -   => Số lần CPLEX Single cải thiện  : 2 lần
2026-04-03 13:16:23,614 -   => Số lần CPLEX Pairwise cải thiện: 0 lần
2026-04-03 13:16:23,614 -   => TỔNG THỜI GIAN CHẠY:       881.280s
2026-04-03 13:16:23,621 - ======================================================================
2026-04-03 13:16:23,621 - KHỞI CHẠY ADVANCED CVRP SOLVER CHO FILE: B-n41-k6.vrp
2026-04-03 13:16:23,621 - ======================================================================
2026-04-03 13:16:23,630 - Thông tin dữ liệu: Dimension=41, K=6, Capacity=100
2026-04-03 13:16:23,631 - --- Step 1: Clarke-Wright Heuristic ---
2026-04-03 13:16:23,633 -   Kết quả CW: Cost = 981, Time = 0.002s
2026-04-03 13:16:23,633 - --- Step 2: Two-Opt Local Search ---
2026-04-03 13:16:23,635 -   Kết quả Two-Opt: Cost = 953, Time = 0.001s
2026-04-03 13:16:23,635 - --- Step 3: Advanced Optimization (100% CPLEX) ---
2026-04-03 13:16:23,635 - =========================================
2026-04-03 13:16:23,635 - BẮT ĐẦU VÒNG LẶP OPTIMIZE CPLEX (HYBRID LNS / VND)
2026-04-03 13:16:23,635 -  -> Max Single Size  : 11
2026-04-03 13:16:23,635 -  -> Single Timeout   : 60.0s
2026-04-03 13:16:23,635 -  -> Max Pairwise Size: 10
2026-04-03 13:16:23,635 -  -> Pairwise Timeout : 500.0s
2026-04-03 13:16:23,635 -  -> Global Timeout   : 1200.0s
2026-04-03 13:16:23,635 -  -> Patience         : 20
2026-04-03 13:16:23,635 -  -> Max Iterations   : 150
2026-04-03 13:16:23,635 - Chi phí khởi điểm (kể cả phạt): 953.00
2026-04-03 13:16:23,635 - =========================================
2026-04-03 13:16:23,635 - --- Iteration 1/150 (còn 1200s) ---
2026-04-03 13:16:23,695 -   [Inner 1] Relocate → 950.00
2026-04-03 13:16:24,277 -   [Inner 2] Relocate → 949.00
2026-04-03 13:16:24,295 -   [Inner 2] Exchange → 944.00
2026-04-03 13:16:25,418 -   [Inner 2] Single Route giảm: 4
2026-04-03 13:16:25,458 -   [Inner 3] Relocate → 937.00
2026-04-03 13:16:27,807 - => ITER 1: BEST COST MỚI = 937.00
2026-04-03 13:16:27,807 - --- Iteration 2/150 (còn 1196s) ---
2026-04-03 13:16:29,060 - => ITER 2: Không cải thiện (no_improve=1/20)
2026-04-03 13:16:29,060 - --- Iteration 3/150 (còn 1195s) ---
2026-04-03 13:16:30,368 - => ITER 3: Không cải thiện (no_improve=2/20)
2026-04-03 13:16:30,369 - --- Iteration 4/150 (còn 1193s) ---
2026-04-03 13:16:31,597 - => ITER 4: Không cải thiện (no_improve=3/20)
2026-04-03 13:16:31,597 - --- Iteration 5/150 (còn 1192s) ---
2026-04-03 13:16:33,154 - => ITER 5: Không cải thiện (no_improve=4/20)
2026-04-03 13:16:33,157 - --- Iteration 6/150 (còn 1190s) ---
2026-04-03 13:16:34,453 - => ITER 6: Không cải thiện (no_improve=5/20)
2026-04-03 13:16:34,453 - --- Iteration 7/150 (còn 1189s) ---
2026-04-03 13:16:35,660 - => ITER 7: Không cải thiện (no_improve=6/20)
2026-04-03 13:16:35,660 - --- Iteration 8/150 (còn 1188s) ---
2026-04-03 13:16:36,839 - => ITER 8: Không cải thiện (no_improve=7/20)
2026-04-03 13:16:36,839 - --- Iteration 9/150 (còn 1187s) ---
2026-04-03 13:16:36,913 -     [P-Timeout 19.4s]
2026-04-03 13:16:36,921 -   [Outer] Không cải thiện (3/3)
2026-04-03 13:16:36,921 - Hoàn thành. cost=829.00 | time=1198.0s | s_imp=3 s_to=0 | p_imp=0 p_to=3
2026-04-03 13:16:36,921 - ======================================================================
2026-04-03 13:16:36,921 - CW=936 → 2opt=875 → MaxSAT=829
2026-04-03 13:16:36,921 - Cải thiện so CW: 107
2026-04-03 13:16:36,921 - Total time: 1198.0s
2026-04-03 13:16:36,921 - Verified cost: 829
2026-04-03 13:16:36,922 - ======================================================================
2026-04-03 13:16:36,922 - FILE: B-n35-k5.vrp
2026-04-03 13:16:36,922 - ======================================================================
2026-04-03 13:16:36,924 - Dim=35 K=5 Cap=100
2026-04-03 13:16:36,924 - --- Clarke-Wright ---
2026-04-03 13:16:36,925 -   cost=1016 time=0.00s
2026-04-03 13:16:36,925 - --- Two-Opt ---
2026-04-03 13:16:36,927 -   cost=973 time=0.00s
2026-04-03 13:16:36,927 - --- MaxSAT (2-tầng) ---
2026-04-03 13:16:36,927 - =========================================
2026-04-03 13:16:36,927 - BẮT ĐẦU OPTIMIZE (MaxSAT-RC2, 2-tầng)
2026-04-03 13:16:36,927 -   max_single=11  s_to=60.0s
2026-04-03 13:16:36,927 -   max_pair=10  p_to=500.0s
2026-04-03 13:16:36,927 -   n_pairs=12
2026-04-03 13:16:36,927 -   inner_patience=20  outer_patience=3
2026-04-03 13:16:36,927 -   global_timeout=1200.0s
2026-04-03 13:16:36,927 -   start_cost=973.00
2026-04-03 13:16:36,927 - =========================================
2026-04-03 13:16:36,927 - === OUTER 1 | cost=973.00 outer_no_imp=0/3 (còn 1200s) ===
2026-04-03 13:16:36,927 -   [Inner 1.1] cost=973.00 no_imp=0/20 (còn 1200s)
2026-04-03 13:16:36,932 -     [P1] Relocate → 971.00
2026-04-03 13:16:38,005 - => ITER 9: Không cải thiện (no_improve=8/20)
2026-04-03 13:16:38,005 - --- Iteration 10/150 (còn 1186s) ---
2026-04-03 13:16:38,076 -     [P3] Single +1
2026-04-03 13:16:38,076 -     → INNER BEST = 970.00
2026-04-03 13:16:38,076 -   [Inner 1.2] cost=970.00 no_imp=0/20 (còn 1199s)
2026-04-03 13:16:39,360 - => ITER 10: Không cải thiện (no_improve=9/20)
2026-04-03 13:16:39,360 - --- Iteration 11/150 (còn 1184s) ---
2026-04-03 13:16:39,483 -   [Inner 1.3] cost=970.00 no_imp=2/20 (còn 1197s)
2026-04-03 13:16:40,886 -   [Inner 1.4] cost=970.00 no_imp=4/20 (còn 1196s)
2026-04-03 13:16:40,962 - => ITER 11: Không cải thiện (no_improve=10/20)
2026-04-03 13:16:40,962 - --- Iteration 12/150 (còn 1183s) ---
2026-04-03 13:16:42,140 -   [Inner 1.5] cost=970.00 no_imp=6/20 (còn 1195s)
2026-04-03 13:16:42,214 - => ITER 12: Không cải thiện (no_improve=11/20)
2026-04-03 13:16:42,214 - --- Iteration 13/150 (còn 1181s) ---
2026-04-03 13:16:43,277 -   [Inner 1.6] cost=970.00 no_imp=8/20 (còn 1194s)
2026-04-03 13:16:43,383 - => ITER 13: Không cải thiện (no_improve=12/20)
2026-04-03 13:16:43,383 - --- Iteration 14/150 (còn 1180s) ---
2026-04-03 13:16:44,376 -   [Inner 1.7] cost=970.00 no_imp=10/20 (còn 1193s)
2026-04-03 13:16:44,529 - => ITER 14: Không cải thiện (no_improve=13/20)
2026-04-03 13:16:44,529 - --- Iteration 15/150 (còn 1179s) ---
2026-04-03 13:16:45,456 -   [Inner 1.8] cost=970.00 no_imp=12/20 (còn 1191s)
2026-04-03 13:16:45,670 - => ITER 15: Không cải thiện (no_improve=14/20)
2026-04-03 13:16:45,670 - --- Iteration 16/150 (còn 1178s) ---
2026-04-03 13:16:46,730 -   [Inner 1.9] cost=970.00 no_imp=14/20 (còn 1190s)
2026-04-03 13:16:46,890 - => ITER 16: Không cải thiện (no_improve=15/20)
2026-04-03 13:16:46,891 - --- Iteration 17/150 (còn 1177s) ---
2026-04-03 13:16:48,378 - => ITER 17: Không cải thiện (no_improve=16/20)
2026-04-03 13:16:48,379 - --- Iteration 18/150 (còn 1175s) ---
2026-04-03 13:16:48,422 -   [Inner 1.10] cost=970.00 no_imp=16/20 (còn 1189s)
2026-04-03 13:16:49,550 - => ITER 18: Không cải thiện (no_improve=17/20)
2026-04-03 13:16:49,550 - --- Iteration 19/150 (còn 1174s) ---
2026-04-03 13:16:49,553 -   [Inner 1.11] cost=970.00 no_imp=18/20 (còn 1187s)
2026-04-03 13:16:50,724 -   [Outer] Inner cải thiện → best=970.00
2026-04-03 13:16:50,725 -   [Outer 1] Chạy Pairwise MaxSAT...
2026-04-03 13:16:50,725 - === OUTER 2 | cost=970.00 outer_no_imp=0/3 (còn 1186s) ===
2026-04-03 13:16:50,725 -   [Inner 2.1] cost=970.00 no_imp=0/20 (còn 1186s)
2026-04-03 13:16:50,746 - => ITER 19: Không cải thiện (no_improve=18/20)
2026-04-03 13:16:50,746 - --- Iteration 20/150 (còn 1173s) ---
2026-04-03 13:16:51,833 -   [Inner 2.2] cost=970.00 no_imp=2/20 (còn 1185s)
2026-04-03 13:16:51,897 - => ITER 20: Không cải thiện (no_improve=19/20)
2026-04-03 13:16:51,897 - --- Iteration 21/150 (còn 1172s) ---
2026-04-03 13:16:53,048 -   [Inner 2.3] cost=970.00 no_imp=4/20 (còn 1184s)
2026-04-03 13:16:53,127 - => ITER 21: Không cải thiện (no_improve=20/20)
2026-04-03 13:16:53,127 - Hoàn thành tối ưu trong 29.5s. Final Pure Cost: 937
2026-04-03 13:16:53,127 - ======================================================================
2026-04-03 13:16:53,127 - BÁO CÁO TỔNG KẾT (SUMMARY)
2026-04-03 13:16:53,127 - ======================================================================
2026-04-03 13:16:53,127 -   1. Chi phí Clarke-Wright:     981
2026-04-03 13:16:53,127 -   2. Chi phí sau Two-Opt:       953
2026-04-03 13:16:53,127 -   3. Chi phí sau CPLEX:        937
2026-04-03 13:16:53,127 -   => TỔNG CẢI THIỆN:            44
2026-04-03 13:16:53,127 -   => Số lần CPLEX Single cải thiện  : 1 lần
2026-04-03 13:16:53,127 -   => Số lần CPLEX Pairwise cải thiện: 0 lần
2026-04-03 13:16:53,127 -   => TỔNG THỜI GIAN CHẠY:       29.495s
2026-04-03 13:16:53,131 - ======================================================================
2026-04-03 13:16:53,132 - KHỞI CHẠY ADVANCED CVRP SOLVER CHO FILE: B-n43-k6.vrp
2026-04-03 13:16:53,132 - ======================================================================
2026-04-03 13:16:53,143 - Thông tin dữ liệu: Dimension=43, K=6, Capacity=100
2026-04-03 13:16:53,143 - --- Step 1: Clarke-Wright Heuristic ---
2026-04-03 13:16:53,144 -   Kết quả CW: Cost = 861, Time = 0.001s
2026-04-03 13:16:53,144 - --- Step 2: Two-Opt Local Search ---
2026-04-03 13:16:53,146 -   Kết quả Two-Opt: Cost = 795, Time = 0.001s
2026-04-03 13:16:53,146 - --- Step 3: Advanced Optimization (100% CPLEX) ---
2026-04-03 13:16:53,146 - =========================================
2026-04-03 13:16:53,146 - BẮT ĐẦU VÒNG LẶP OPTIMIZE CPLEX (HYBRID LNS / VND)
2026-04-03 13:16:53,146 -  -> Max Single Size  : 11
2026-04-03 13:16:53,146 -  -> Single Timeout   : 60.0s
2026-04-03 13:16:53,146 -  -> Max Pairwise Size: 10
2026-04-03 13:16:53,146 -  -> Pairwise Timeout : 500.0s
2026-04-03 13:16:53,146 -  -> Global Timeout   : 1200.0s
2026-04-03 13:16:53,146 -  -> Patience         : 20
2026-04-03 13:16:53,146 -  -> Max Iterations   : 150
2026-04-03 13:16:53,146 - Chi phí khởi điểm (kể cả phạt): 795.00
2026-04-03 13:16:53,146 - =========================================
2026-04-03 13:16:53,146 - --- Iteration 1/150 (còn 1200s) ---
2026-04-03 13:16:53,189 -   [Inner 1] Relocate → 791.00
2026-04-03 13:16:54,198 -   [Inner 2.4] cost=970.00 no_imp=6/20 (còn 1183s)
2026-04-03 13:16:54,562 -   [Inner 1] Single Route giảm: 3
2026-04-03 13:16:54,622 -   [Inner 2] Relocate → 780.00
2026-04-03 13:16:55,558 -   [Inner 2.5] cost=970.00 no_imp=8/20 (còn 1181s)
2026-04-03 13:16:55,590 - => ITER 1: BEST COST MỚI = 780.00
2026-04-03 13:16:55,590 - --- Iteration 2/150 (còn 1198s) ---
2026-04-03 13:16:56,129 - => ITER 2: Không cải thiện (no_improve=1/20)
2026-04-03 13:16:56,129 - --- Iteration 3/150 (còn 1197s) ---
2026-04-03 13:16:56,614 - => ITER 3: Không cải thiện (no_improve=2/20)
2026-04-03 13:16:56,614 - --- Iteration 4/150 (còn 1197s) ---
2026-04-03 13:16:56,714 -   [Inner 2.6] cost=970.00 no_imp=10/20 (còn 1180s)
2026-04-03 13:16:57,078 - => ITER 4: Không cải thiện (no_improve=3/20)
2026-04-03 13:16:57,078 - --- Iteration 5/150 (còn 1196s) ---
2026-04-03 13:16:57,558 - => ITER 5: Không cải thiện (no_improve=4/20)
2026-04-03 13:16:57,558 - --- Iteration 6/150 (còn 1196s) ---
2026-04-03 13:16:57,860 -   [Inner 2.7] cost=970.00 no_imp=12/20 (còn 1179s)
2026-04-03 13:16:58,078 - => ITER 6: Không cải thiện (no_improve=5/20)
2026-04-03 13:16:58,079 - --- Iteration 7/150 (còn 1195s) ---
2026-04-03 13:16:58,565 - => ITER 7: Không cải thiện (no_improve=6/20)
2026-04-03 13:16:58,566 - --- Iteration 8/150 (còn 1195s) ---
2026-04-03 13:16:59,010 -   [Inner 2.8] cost=970.00 no_imp=14/20 (còn 1178s)
2026-04-03 13:16:59,041 - => ITER 8: Không cải thiện (no_improve=7/20)
2026-04-03 13:16:59,042 - --- Iteration 9/150 (còn 1194s) ---
2026-04-03 13:16:59,569 - => ITER 9: Không cải thiện (no_improve=8/20)
2026-04-03 13:16:59,569 - --- Iteration 10/150 (còn 1194s) ---
2026-04-03 13:17:00,035 - => ITER 10: Không cải thiện (no_improve=9/20)
2026-04-03 13:17:00,035 - --- Iteration 11/150 (còn 1193s) ---
2026-04-03 13:17:00,177 -   [Inner 2.9] cost=970.00 no_imp=16/20 (còn 1177s)
2026-04-03 13:17:00,532 - => ITER 11: Không cải thiện (no_improve=10/20)
2026-04-03 13:17:00,532 - --- Iteration 12/150 (còn 1193s) ---
2026-04-03 13:17:01,002 - => ITER 12: Không cải thiện (no_improve=11/20)
2026-04-03 13:17:01,003 - --- Iteration 13/150 (còn 1192s) ---
2026-04-03 13:17:01,324 -   [Inner 2.10] cost=970.00 no_imp=18/20 (còn 1176s)
2026-04-03 13:17:01,514 - => ITER 13: Không cải thiện (no_improve=12/20)
2026-04-03 13:17:01,515 - --- Iteration 14/150 (còn 1192s) ---
2026-04-03 13:17:01,991 - => ITER 14: Không cải thiện (no_improve=13/20)
2026-04-03 13:17:01,991 - --- Iteration 15/150 (còn 1191s) ---
2026-04-03 13:17:02,539 -   [Outer 2] Chạy Pairwise MaxSAT...
2026-04-03 13:17:02,540 -   [Outer] Không cải thiện (1/3)
2026-04-03 13:17:02,540 - === OUTER 3 | cost=970.00 outer_no_imp=1/3 (còn 1174s) ===
2026-04-03 13:17:02,540 -   [Inner 3.1] cost=970.00 no_imp=0/20 (còn 1174s)
2026-04-03 13:17:02,540 - => ITER 15: Không cải thiện (no_improve=14/20)
2026-04-03 13:17:02,541 - --- Iteration 16/150 (còn 1191s) ---
2026-04-03 13:17:03,015 - => ITER 16: Không cải thiện (no_improve=15/20)
2026-04-03 13:17:03,015 - --- Iteration 17/150 (còn 1190s) ---
2026-04-03 13:17:03,483 - => ITER 17: Không cải thiện (no_improve=16/20)
2026-04-03 13:17:03,483 - --- Iteration 18/150 (còn 1190s) ---
2026-04-03 13:17:03,621 -   [Inner 3.2] cost=970.00 no_imp=2/20 (còn 1173s)
2026-04-03 13:17:03,953 - => ITER 18: Không cải thiện (no_improve=17/20)
2026-04-03 13:17:03,953 - --- Iteration 19/150 (còn 1189s) ---
2026-04-03 13:17:04,437 - => ITER 19: Không cải thiện (no_improve=18/20)
2026-04-03 13:17:04,437 - --- Iteration 20/150 (còn 1189s) ---
2026-04-03 13:17:04,725 -   [Inner 3.3] cost=970.00 no_imp=4/20 (còn 1172s)
2026-04-03 13:17:04,913 - => ITER 20: Không cải thiện (no_improve=19/20)
2026-04-03 13:17:04,913 - --- Iteration 21/150 (còn 1188s) ---
2026-04-03 13:17:05,387 - => ITER 21: Không cải thiện (no_improve=20/20)
2026-04-03 13:17:05,387 - Hoàn thành tối ưu trong 12.2s. Final Pure Cost: 780
2026-04-03 13:17:05,387 - ======================================================================
2026-04-03 13:17:05,387 - BÁO CÁO TỔNG KẾT (SUMMARY)
2026-04-03 13:17:05,387 - ======================================================================
2026-04-03 13:17:05,387 -   1. Chi phí Clarke-Wright:     861
2026-04-03 13:17:05,387 -   2. Chi phí sau Two-Opt:       795
2026-04-03 13:17:05,387 -   3. Chi phí sau CPLEX:        780
2026-04-03 13:17:05,387 -   => TỔNG CẢI THIỆN:            81
2026-04-03 13:17:05,387 -   => Số lần CPLEX Single cải thiện  : 1 lần
2026-04-03 13:17:05,387 -   => Số lần CPLEX Pairwise cải thiện: 0 lần
2026-04-03 13:17:05,387 -   => TỔNG THỜI GIAN CHẠY:       12.244s
2026-04-03 13:17:05,392 - ======================================================================
2026-04-03 13:17:05,392 - KHỞI CHẠY ADVANCED CVRP SOLVER CHO FILE: B-n44-k7.vrp
2026-04-03 13:17:05,392 - ======================================================================
2026-04-03 13:17:05,395 - Thông tin dữ liệu: Dimension=44, K=7, Capacity=100
2026-04-03 13:17:05,395 - --- Step 1: Clarke-Wright Heuristic ---
2026-04-03 13:17:05,396 -   Kết quả CW: Cost = 1103, Time = 0.001s
2026-04-03 13:17:05,396 - --- Step 2: Two-Opt Local Search ---
2026-04-03 13:17:05,398 -   Kết quả Two-Opt: Cost = 1045, Time = 0.001s
2026-04-03 13:17:05,398 - --- Step 3: Advanced Optimization (100% CPLEX) ---
2026-04-03 13:17:05,398 - =========================================
2026-04-03 13:17:05,398 - BẮT ĐẦU VÒNG LẶP OPTIMIZE CPLEX (HYBRID LNS / VND)
2026-04-03 13:17:05,398 -  -> Max Single Size  : 11
2026-04-03 13:17:05,398 -  -> Single Timeout   : 60.0s
2026-04-03 13:17:05,398 -  -> Max Pairwise Size: 10
2026-04-03 13:17:05,398 -  -> Pairwise Timeout : 500.0s
2026-04-03 13:17:05,398 -  -> Global Timeout   : 1200.0s
2026-04-03 13:17:05,398 -  -> Patience         : 20
2026-04-03 13:17:05,398 -  -> Max Iterations   : 150
2026-04-03 13:17:05,398 - Chi phí khởi điểm (kể cả phạt): 1045.00
2026-04-03 13:17:05,398 - =========================================
2026-04-03 13:17:05,398 - --- Iteration 1/150 (còn 1200s) ---
2026-04-03 13:17:05,451 -   [Inner 1] Relocate → 1041.00
2026-04-03 13:17:05,473 -   [Inner 1] Exchange → 1019.00
2026-04-03 13:17:05,814 -   [Inner 3.4] cost=970.00 no_imp=6/20 (còn 1171s)
2026-04-03 13:17:05,950 -   [Inner 1] Single Route giảm: 4
2026-04-03 13:17:06,001 -   [Inner 2] Relocate → 1013.00
2026-04-03 13:17:06,022 -   [Inner 2] Exchange → 1000.00
2026-04-03 13:17:06,550 -   [Inner 3] Relocate → 999.00
2026-04-03 13:17:06,573 -   [Inner 3] Exchange → 995.00
2026-04-03 13:17:06,899 -   [Inner 3.5] cost=970.00 no_imp=8/20 (còn 1170s)
2026-04-03 13:17:07,082 -   [Inner 4] Relocate → 994.00
2026-04-03 13:17:07,105 -   [Inner 4] Exchange → 982.00
2026-04-03 13:17:07,900 -   [Inner 5] Exchange → 981.00
2026-04-03 13:17:08,044 -   [Inner 3.6] cost=970.00 no_imp=10/20 (còn 1169s)
2026-04-03 13:17:08,657 -   [Inner 6] Relocate → 980.00
2026-04-03 13:17:08,678 -   [Inner 6] Exchange → 945.00
2026-04-03 13:17:09,126 -   [Inner 3.7] cost=970.00 no_imp=12/20 (còn 1168s)
2026-04-03 13:17:09,438 -   [Inner 7] Relocate → 937.00
2026-04-03 13:17:10,200 -   [Inner 3.8] cost=970.00 no_imp=14/20 (còn 1167s)
2026-04-03 13:17:11,381 -   [Inner 3.9] cost=970.00 no_imp=16/20 (còn 1166s)
2026-04-03 13:17:12,447 -   [Inner 3.10] cost=970.00 no_imp=18/20 (còn 1164s)
2026-04-03 13:17:13,594 -   [Outer 3] Chạy Pairwise MaxSAT...
2026-04-03 13:17:13,594 -   [Outer] Không cải thiện (2/3)
2026-04-03 13:17:13,594 - === OUTER 4 | cost=970.00 outer_no_imp=2/3 (còn 1163s) ===
2026-04-03 13:17:13,594 -   [Inner 4.1] cost=970.00 no_imp=0/20 (còn 1163s)
2026-04-03 13:17:14,692 -   [Inner 4.2] cost=970.00 no_imp=2/20 (còn 1162s)
2026-04-03 13:17:15,377 -   [P4] Pairwise (5,6) thành công! Giảm: 7
2026-04-03 13:17:15,377 - => ITER 1: BEST COST MỚI = 930.00
2026-04-03 13:17:15,377 - --- Iteration 2/150 (còn 1190s) ---
2026-04-03 13:17:15,928 -   [Inner 4.3] cost=970.00 no_imp=4/20 (còn 1161s)
2026-04-03 13:17:17,235 -   [Inner 4.4] cost=970.00 no_imp=6/20 (còn 1160s)
2026-04-03 13:17:18,592 -   [Inner 4.5] cost=970.00 no_imp=8/20 (còn 1158s)
2026-04-03 13:17:19,994 -   [Inner 4.6] cost=970.00 no_imp=10/20 (còn 1157s)
2026-04-03 13:17:21,295 -   [Inner 4.7] cost=970.00 no_imp=12/20 (còn 1156s)
2026-04-03 13:17:22,606 -   [Inner 4.8] cost=970.00 no_imp=14/20 (còn 1154s)
2026-04-03 13:17:23,595 - => ITER 2: Không cải thiện (no_improve=1/20)
2026-04-03 13:17:23,595 - --- Iteration 3/150 (còn 1182s) ---
2026-04-03 13:17:23,702 -   [Inner 4.9] cost=970.00 no_imp=16/20 (còn 1153s)
2026-04-03 13:17:24,910 -   [Inner 4.10] cost=970.00 no_imp=18/20 (còn 1152s)
2026-04-03 13:17:26,231 -   [Outer 4] Chạy Pairwise MaxSAT...
2026-04-03 13:17:26,231 -   [Outer] Không cải thiện (3/3)
2026-04-03 13:17:26,231 - Hoàn thành. cost=970.00 | time=49.3s | s_imp=1 s_to=0 | p_imp=0 p_to=0
2026-04-03 13:17:26,231 - ======================================================================
2026-04-03 13:17:26,231 - CW=1016 → 2opt=973 → MaxSAT=970
2026-04-03 13:17:26,231 - Cải thiện so CW: 46
2026-04-03 13:17:26,232 - Total time: 49.3s
2026-04-03 13:17:26,232 - Verified cost: 970
2026-04-03 13:17:26,232 - ======================================================================
2026-04-03 13:17:26,232 - FILE: B-n38-k6.vrp
2026-04-03 13:17:26,232 - ======================================================================
2026-04-03 13:17:26,235 - Dim=38 K=6 Cap=100
2026-04-03 13:17:26,235 - --- Clarke-Wright ---
2026-04-03 13:17:26,238 -   cost=961 time=0.00s
2026-04-03 13:17:26,238 - --- Two-Opt ---
2026-04-03 13:17:26,239 -   cost=912 time=0.00s
2026-04-03 13:17:26,239 - --- MaxSAT (2-tầng) ---
2026-04-03 13:17:26,239 - =========================================
2026-04-03 13:17:26,239 - BẮT ĐẦU OPTIMIZE (MaxSAT-RC2, 2-tầng)
2026-04-03 13:17:26,239 -   max_single=11  s_to=60.0s
2026-04-03 13:17:26,240 -   max_pair=10  p_to=500.0s
2026-04-03 13:17:26,240 -   n_pairs=12
2026-04-03 13:17:26,240 -   inner_patience=20  outer_patience=3
2026-04-03 13:17:26,241 -   global_timeout=1200.0s
2026-04-03 13:17:26,241 -   start_cost=912.00
2026-04-03 13:17:26,241 - =========================================
2026-04-03 13:17:26,241 - === OUTER 1 | cost=912.00 outer_no_imp=0/3 (còn 1200s) ===
2026-04-03 13:17:26,241 -   [Inner 1.1] cost=912.00 no_imp=0/20 (còn 1200s)
2026-04-03 13:17:26,247 -     [P1] Relocate → 900.00
2026-04-03 13:17:26,252 -     [P2] Exchange → 886.00
2026-04-03 13:17:26,860 -     [P3] Single +3
2026-04-03 13:17:26,861 -     → INNER BEST = 883.00
2026-04-03 13:17:26,861 -   [Inner 1.2] cost=883.00 no_imp=0/20 (còn 1199s)
2026-04-03 13:17:26,865 -     [P1] Relocate → 878.00
2026-04-03 13:17:26,869 -     [P2] Exchange → 874.00
2026-04-03 13:17:27,102 -     [P3] Single +3
2026-04-03 13:17:27,102 -     → INNER BEST = 871.00
2026-04-03 13:17:27,102 -   [Inner 1.3] cost=871.00 no_imp=0/20 (còn 1199s)
2026-04-03 13:17:27,107 -     [P1] Relocate → 867.00
2026-04-03 13:17:27,370 -     → INNER BEST = 867.00
2026-04-03 13:17:27,370 -   [Inner 1.4] cost=867.00 no_imp=0/20 (còn 1199s)
2026-04-03 13:17:27,375 -     [P1] Relocate → 864.00
2026-04-03 13:17:27,633 -     → INNER BEST = 864.00
2026-04-03 13:17:27,633 -   [Inner 1.5] cost=864.00 no_imp=0/20 (còn 1199s)
2026-04-03 13:17:27,637 -     [P1] Relocate → 862.00
2026-04-03 13:17:27,860 -     → INNER BEST = 862.00
2026-04-03 13:17:27,860 -   [Inner 1.6] cost=862.00 no_imp=0/20 (còn 1198s)
2026-04-03 13:17:28,094 -   [Inner 1.7] cost=862.00 no_imp=2/20 (còn 1198s)
2026-04-03 13:17:28,318 -   [Inner 1.8] cost=862.00 no_imp=4/20 (còn 1198s)
2026-04-03 13:17:28,544 -   [Inner 1.9] cost=862.00 no_imp=6/20 (còn 1198s)
2026-04-03 13:17:28,780 -   [Inner 1.10] cost=862.00 no_imp=8/20 (còn 1197s)
2026-04-03 13:17:29,014 -   [Inner 1.11] cost=862.00 no_imp=10/20 (còn 1197s)
2026-04-03 13:17:29,238 -   [Inner 1.12] cost=862.00 no_imp=12/20 (còn 1197s)
2026-04-03 13:17:29,497 -   [Inner 1.13] cost=862.00 no_imp=14/20 (còn 1197s)
2026-04-03 13:17:29,723 -   [Inner 1.14] cost=862.00 no_imp=16/20 (còn 1197s)
2026-04-03 13:17:29,967 -   [Inner 1.15] cost=862.00 no_imp=18/20 (còn 1196s)
2026-04-03 13:17:30,215 -   [Outer] Inner cải thiện → best=862.00
2026-04-03 13:17:30,216 -   [Outer 1] Chạy Pairwise MaxSAT...
2026-04-03 13:17:30,982 - => ITER 3: Không cải thiện (no_improve=2/20)
2026-04-03 13:17:30,982 - --- Iteration 4/150 (còn 1174s) ---
2026-04-03 13:17:38,419 - => ITER 4: Không cải thiện (no_improve=3/20)
2026-04-03 13:17:38,420 - --- Iteration 5/150 (còn 1167s) ---
2026-04-03 13:17:45,729 - => ITER 5: Không cải thiện (no_improve=4/20)
2026-04-03 13:17:45,730 - --- Iteration 6/150 (còn 1160s) ---
2026-04-03 13:17:52,792 - => ITER 6: Không cải thiện (no_improve=5/20)
2026-04-03 13:17:52,792 - --- Iteration 7/150 (còn 1153s) ---
2026-04-03 13:18:00,578 - => ITER 7: Không cải thiện (no_improve=6/20)
2026-04-03 13:18:00,578 - --- Iteration 8/150 (còn 1145s) ---
2026-04-03 13:18:07,930 - => ITER 8: Không cải thiện (no_improve=7/20)
2026-04-03 13:18:07,930 - --- Iteration 9/150 (còn 1137s) ---
2026-04-03 13:18:15,510 - => ITER 9: Không cải thiện (no_improve=8/20)
2026-04-03 13:18:15,510 - --- Iteration 10/150 (còn 1130s) ---
2026-04-03 13:18:22,841 - => ITER 10: Không cải thiện (no_improve=9/20)
2026-04-03 13:18:22,842 - --- Iteration 11/150 (còn 1123s) ---
2026-04-03 13:18:29,934 - => ITER 11: Không cải thiện (no_improve=10/20)
2026-04-03 13:18:29,934 - --- Iteration 12/150 (còn 1115s) ---
2026-04-03 13:18:37,236 - => ITER 12: Không cải thiện (no_improve=11/20)
2026-04-03 13:18:37,237 - --- Iteration 13/150 (còn 1108s) ---
2026-04-03 13:18:44,577 - => ITER 13: Không cải thiện (no_improve=12/20)
2026-04-03 13:18:44,577 - --- Iteration 14/150 (còn 1101s) ---
2026-04-03 13:18:51,531 - => ITER 14: Không cải thiện (no_improve=13/20)
2026-04-03 13:18:51,531 - --- Iteration 15/150 (còn 1094s) ---
2026-04-03 13:18:58,927 - => ITER 15: Không cải thiện (no_improve=14/20)
2026-04-03 13:18:58,927 - --- Iteration 16/150 (còn 1086s) ---
2026-04-03 13:19:06,287 - => ITER 16: Không cải thiện (no_improve=15/20)
2026-04-03 13:19:06,287 - --- Iteration 17/150 (còn 1079s) ---
2026-04-03 13:19:13,225 - => ITER 17: Không cải thiện (no_improve=16/20)
2026-04-03 13:19:13,225 - --- Iteration 18/150 (còn 1072s) ---
2026-04-03 13:19:20,344 - => ITER 18: Không cải thiện (no_improve=17/20)
2026-04-03 13:19:20,344 - --- Iteration 19/150 (còn 1065s) ---
2026-04-03 13:19:27,567 - => ITER 19: Không cải thiện (no_improve=18/20)
2026-04-03 13:19:27,567 - --- Iteration 20/150 (còn 1058s) ---
2026-04-03 13:19:34,682 - => ITER 20: Không cải thiện (no_improve=19/20)
2026-04-03 13:19:34,682 - --- Iteration 21/150 (còn 1051s) ---
2026-04-03 13:19:42,137 - => ITER 21: Không cải thiện (no_improve=20/20)
2026-04-03 13:19:42,137 - Hoàn thành tối ưu trong 156.7s. Final Pure Cost: 930
2026-04-03 13:19:42,141 - ======================================================================
2026-04-03 13:19:42,141 - BÁO CÁO TỔNG KẾT (SUMMARY)
2026-04-03 13:19:42,141 - ======================================================================
2026-04-03 13:19:42,141 -   1. Chi phí Clarke-Wright:     1103
2026-04-03 13:19:42,141 -   2. Chi phí sau Two-Opt:       1045
2026-04-03 13:19:42,141 -   3. Chi phí sau CPLEX:        930
2026-04-03 13:19:42,141 -   => TỔNG CẢI THIỆN:            173
2026-04-03 13:19:42,141 -   => Số lần CPLEX Single cải thiện  : 2 lần
2026-04-03 13:19:42,141 -   => Số lần CPLEX Pairwise cải thiện: 1 lần
2026-04-03 13:19:42,141 -   => TỔNG THỜI GIAN CHẠY:       156.745s
2026-04-03 13:19:42,145 - ======================================================================
2026-04-03 13:19:42,145 - KHỞI CHẠY ADVANCED CVRP SOLVER CHO FILE: B-n45-k5.vrp
2026-04-03 13:19:42,145 - ======================================================================
2026-04-03 13:19:42,148 - Thông tin dữ liệu: Dimension=45, K=5, Capacity=100
2026-04-03 13:19:42,148 - --- Step 1: Clarke-Wright Heuristic ---
2026-04-03 13:19:42,150 -   Kết quả CW: Cost = 1030, Time = 0.002s
2026-04-03 13:19:42,150 - --- Step 2: Two-Opt Local Search ---
2026-04-03 13:19:42,155 -   Kết quả Two-Opt: Cost = 943, Time = 0.004s
2026-04-03 13:19:42,155 - --- Step 3: Advanced Optimization (100% CPLEX) ---
2026-04-03 13:19:42,155 - =========================================
2026-04-03 13:19:42,155 - BẮT ĐẦU VÒNG LẶP OPTIMIZE CPLEX (HYBRID LNS / VND)
2026-04-03 13:19:42,155 -  -> Max Single Size  : 11
2026-04-03 13:19:42,155 -  -> Single Timeout   : 60.0s
2026-04-03 13:19:42,155 -  -> Max Pairwise Size: 10
2026-04-03 13:19:42,155 -  -> Pairwise Timeout : 500.0s
2026-04-03 13:19:42,155 -  -> Global Timeout   : 1200.0s
2026-04-03 13:19:42,155 -  -> Patience         : 20
2026-04-03 13:19:42,155 -  -> Max Iterations   : 150
2026-04-03 13:19:42,155 - Chi phí khởi điểm (kể cả phạt): 943.00
2026-04-03 13:19:42,155 - =========================================
2026-04-03 13:19:42,156 - --- Iteration 1/150 (còn 1200s) ---
2026-04-03 13:19:42,201 -   [Inner 1] Relocate → 942.00
2026-04-03 13:19:42,221 -   [Inner 1] Exchange → 863.00
2026-04-03 13:19:42,406 -   [Inner 2] Relocate → 858.00
2026-04-03 13:19:42,611 -   [Inner 3] Relocate → 857.00
2026-04-03 13:19:43,362 - => ITER 1: BEST COST MỚI = 857.00
2026-04-03 13:19:43,362 - --- Iteration 2/150 (còn 1199s) ---
2026-04-03 13:19:43,756 - => ITER 2: Không cải thiện (no_improve=1/20)
2026-04-03 13:19:43,756 - --- Iteration 3/150 (còn 1198s) ---
2026-04-03 13:19:44,150 - => ITER 3: Không cải thiện (no_improve=2/20)
2026-04-03 13:19:44,150 - --- Iteration 4/150 (còn 1198s) ---
2026-04-03 13:19:44,549 - => ITER 4: Không cải thiện (no_improve=3/20)
2026-04-03 13:19:44,550 - --- Iteration 5/150 (còn 1198s) ---
2026-04-03 13:19:44,946 - => ITER 5: Không cải thiện (no_improve=4/20)
2026-04-03 13:19:44,946 - --- Iteration 6/150 (còn 1197s) ---
2026-04-03 13:19:45,341 - => ITER 6: Không cải thiện (no_improve=5/20)
2026-04-03 13:19:45,341 - --- Iteration 7/150 (còn 1197s) ---
2026-04-03 13:19:45,736 - => ITER 7: Không cải thiện (no_improve=6/20)
2026-04-03 13:19:45,736 - --- Iteration 8/150 (còn 1196s) ---
2026-04-03 13:19:46,137 - => ITER 8: Không cải thiện (no_improve=7/20)
2026-04-03 13:19:46,137 - --- Iteration 9/150 (còn 1196s) ---
2026-04-03 13:19:46,525 - => ITER 9: Không cải thiện (no_improve=8/20)
2026-04-03 13:19:46,525 - --- Iteration 10/150 (còn 1196s) ---
2026-04-03 13:19:46,918 - => ITER 10: Không cải thiện (no_improve=9/20)
2026-04-03 13:19:46,918 - --- Iteration 11/150 (còn 1195s) ---
2026-04-03 13:19:47,379 - => ITER 11: Không cải thiện (no_improve=10/20)
2026-04-03 13:19:47,379 - --- Iteration 12/150 (còn 1195s) ---
2026-04-03 13:19:47,780 - => ITER 12: Không cải thiện (no_improve=11/20)
2026-04-03 13:19:47,780 - --- Iteration 13/150 (còn 1194s) ---
2026-04-03 13:19:48,181 - => ITER 13: Không cải thiện (no_improve=12/20)
2026-04-03 13:19:48,181 - --- Iteration 14/150 (còn 1194s) ---
2026-04-03 13:19:48,575 - => ITER 14: Không cải thiện (no_improve=13/20)
2026-04-03 13:19:48,576 - --- Iteration 15/150 (còn 1194s) ---
2026-04-03 13:19:48,973 - => ITER 15: Không cải thiện (no_improve=14/20)
2026-04-03 13:19:48,974 - --- Iteration 16/150 (còn 1193s) ---
2026-04-03 13:19:49,381 - => ITER 16: Không cải thiện (no_improve=15/20)
2026-04-03 13:19:49,381 - --- Iteration 17/150 (còn 1193s) ---
2026-04-03 13:19:49,841 - => ITER 17: Không cải thiện (no_improve=16/20)
2026-04-03 13:19:49,841 - --- Iteration 18/150 (còn 1192s) ---
2026-04-03 13:19:50,275 - => ITER 18: Không cải thiện (no_improve=17/20)
2026-04-03 13:19:50,275 - --- Iteration 19/150 (còn 1192s) ---
2026-04-03 13:19:50,693 - => ITER 19: Không cải thiện (no_improve=18/20)
2026-04-03 13:19:50,694 - --- Iteration 20/150 (còn 1191s) ---
2026-04-03 13:19:51,089 - => ITER 20: Không cải thiện (no_improve=19/20)
2026-04-03 13:19:51,089 - --- Iteration 21/150 (còn 1191s) ---
2026-04-03 13:19:51,528 - => ITER 21: Không cải thiện (no_improve=20/20)
2026-04-03 13:19:51,528 - Hoàn thành tối ưu trong 9.4s. Final Pure Cost: 857
2026-04-03 13:19:51,528 - ======================================================================
2026-04-03 13:19:51,528 - BÁO CÁO TỔNG KẾT (SUMMARY)
2026-04-03 13:19:51,528 - ======================================================================
2026-04-03 13:19:51,528 -   1. Chi phí Clarke-Wright:     1030
2026-04-03 13:19:51,528 -   2. Chi phí sau Two-Opt:       943
2026-04-03 13:19:51,528 -   3. Chi phí sau CPLEX:        857
2026-04-03 13:19:51,528 -   => TỔNG CẢI THIỆN:            173
2026-04-03 13:19:51,528 -   => Số lần CPLEX Single cải thiện  : 0 lần
2026-04-03 13:19:51,528 -   => Số lần CPLEX Pairwise cải thiện: 0 lần
2026-04-03 13:19:51,528 -   => TỔNG THỜI GIAN CHẠY:       9.379s
2026-04-03 13:19:51,533 - ======================================================================
2026-04-03 13:19:51,533 - KHỞI CHẠY ADVANCED CVRP SOLVER CHO FILE: B-n45-k6.vrp
2026-04-03 13:19:51,533 - ======================================================================
2026-04-03 13:19:51,544 - Thông tin dữ liệu: Dimension=45, K=6, Capacity=100
2026-04-03 13:19:51,544 - --- Step 1: Clarke-Wright Heuristic ---
2026-04-03 13:19:51,546 -   Kết quả CW: Cost = 888, Time = 0.002s
2026-04-03 13:19:51,546 - --- Step 2: Two-Opt Local Search ---
2026-04-03 13:19:51,547 -   Kết quả Two-Opt: Cost = 846, Time = 0.001s
2026-04-03 13:19:51,548 - --- Step 3: Advanced Optimization (100% CPLEX) ---
2026-04-03 13:19:51,548 - =========================================
2026-04-03 13:19:51,548 - BẮT ĐẦU VÒNG LẶP OPTIMIZE CPLEX (HYBRID LNS / VND)
2026-04-03 13:19:51,548 -  -> Max Single Size  : 11
2026-04-03 13:19:51,548 -  -> Single Timeout   : 60.0s
2026-04-03 13:19:51,548 -  -> Max Pairwise Size: 10
2026-04-03 13:19:51,548 -  -> Pairwise Timeout : 500.0s
2026-04-03 13:19:51,548 -  -> Global Timeout   : 1200.0s
2026-04-03 13:19:51,548 -  -> Patience         : 20
2026-04-03 13:19:51,548 -  -> Max Iterations   : 150
2026-04-03 13:19:51,548 - Chi phí khởi điểm (kể cả phạt): 846.00
2026-04-03 13:19:51,548 - =========================================
2026-04-03 13:19:51,548 - --- Iteration 1/150 (còn 1200s) ---
2026-04-03 13:19:51,602 -   [Inner 1] Relocate → 821.00
2026-04-03 13:19:51,625 -   [Inner 1] Exchange → 811.00
2026-04-03 13:19:51,857 -   [Inner 1] Single Route giảm: 12
2026-04-03 13:19:51,931 -   [Inner 2] Exchange → 797.00
2026-04-03 13:19:52,281 -   [Inner 3] Relocate → 795.00
2026-04-03 13:19:53,046 - => ITER 1: BEST COST MỚI = 795.00
2026-04-03 13:19:53,046 - --- Iteration 2/150 (còn 1199s) ---
2026-04-03 13:19:53,425 - => ITER 2: Không cải thiện (no_improve=1/20)
2026-04-03 13:19:53,425 - --- Iteration 3/150 (còn 1198s) ---
2026-04-03 13:19:53,799 - => ITER 3: Không cải thiện (no_improve=2/20)
2026-04-03 13:19:53,799 - --- Iteration 4/150 (còn 1198s) ---
2026-04-03 13:19:54,181 - => ITER 4: Không cải thiện (no_improve=3/20)
2026-04-03 13:19:54,182 - --- Iteration 5/150 (còn 1197s) ---
2026-04-03 13:19:54,545 - => ITER 5: Không cải thiện (no_improve=4/20)
2026-04-03 13:19:54,545 - --- Iteration 6/150 (còn 1197s) ---
2026-04-03 13:19:54,899 - => ITER 6: Không cải thiện (no_improve=5/20)
2026-04-03 13:19:54,899 - --- Iteration 7/150 (còn 1197s) ---
2026-04-03 13:19:55,289 - => ITER 7: Không cải thiện (no_improve=6/20)
2026-04-03 13:19:55,289 - --- Iteration 8/150 (còn 1196s) ---
2026-04-03 13:19:55,690 - => ITER 8: Không cải thiện (no_improve=7/20)
2026-04-03 13:19:55,690 - --- Iteration 9/150 (còn 1196s) ---
2026-04-03 13:19:56,114 - => ITER 9: Không cải thiện (no_improve=8/20)
2026-04-03 13:19:56,115 - --- Iteration 10/150 (còn 1195s) ---
2026-04-03 13:19:56,565 - => ITER 10: Không cải thiện (no_improve=9/20)
2026-04-03 13:19:56,565 - --- Iteration 11/150 (còn 1195s) ---
2026-04-03 13:19:57,003 - => ITER 11: Không cải thiện (no_improve=10/20)
2026-04-03 13:19:57,004 - --- Iteration 12/150 (còn 1195s) ---
2026-04-03 13:19:57,418 - => ITER 12: Không cải thiện (no_improve=11/20)
2026-04-03 13:19:57,418 - --- Iteration 13/150 (còn 1194s) ---
2026-04-03 13:19:57,867 - => ITER 13: Không cải thiện (no_improve=12/20)
2026-04-03 13:19:57,868 - --- Iteration 14/150 (còn 1194s) ---
2026-04-03 13:19:58,241 - => ITER 14: Không cải thiện (no_improve=13/20)
2026-04-03 13:19:58,241 - --- Iteration 15/150 (còn 1193s) ---
2026-04-03 13:19:58,627 - => ITER 15: Không cải thiện (no_improve=14/20)
2026-04-03 13:19:58,627 - --- Iteration 16/150 (còn 1193s) ---
2026-04-03 13:19:59,019 - => ITER 16: Không cải thiện (no_improve=15/20)
2026-04-03 13:19:59,019 - --- Iteration 17/150 (còn 1193s) ---
2026-04-03 13:19:59,381 - => ITER 17: Không cải thiện (no_improve=16/20)
2026-04-03 13:19:59,382 - --- Iteration 18/150 (còn 1192s) ---
2026-04-03 13:19:59,756 - => ITER 18: Không cải thiện (no_improve=17/20)
2026-04-03 13:19:59,756 - --- Iteration 19/150 (còn 1192s) ---
2026-04-03 13:20:00,123 - => ITER 19: Không cải thiện (no_improve=18/20)
2026-04-03 13:20:00,123 - --- Iteration 20/150 (còn 1191s) ---
2026-04-03 13:20:00,549 - => ITER 20: Không cải thiện (no_improve=19/20)
2026-04-03 13:20:00,550 - --- Iteration 21/150 (còn 1191s) ---
2026-04-03 13:20:00,964 - => ITER 21: Không cải thiện (no_improve=20/20)
2026-04-03 13:20:00,964 - Hoàn thành tối ưu trong 9.4s. Final Pure Cost: 795
2026-04-03 13:20:00,964 - ======================================================================
2026-04-03 13:20:00,964 - BÁO CÁO TỔNG KẾT (SUMMARY)
2026-04-03 13:20:00,964 - ======================================================================
2026-04-03 13:20:00,964 -   1. Chi phí Clarke-Wright:     888
2026-04-03 13:20:00,964 -   2. Chi phí sau Two-Opt:       846
2026-04-03 13:20:00,964 -   3. Chi phí sau CPLEX:        795
2026-04-03 13:20:00,964 -   => TỔNG CẢI THIỆN:            93
2026-04-03 13:20:00,964 -   => Số lần CPLEX Single cải thiện  : 1 lần
2026-04-03 13:20:00,964 -   => Số lần CPLEX Pairwise cải thiện: 0 lần
2026-04-03 13:20:00,964 -   => TỔNG THỜI GIAN CHẠY:       9.419s
2026-04-03 13:20:00,969 - ======================================================================
2026-04-03 13:20:00,969 - KHỞI CHẠY ADVANCED CVRP SOLVER CHO FILE: B-n50-k8.vrp
2026-04-03 13:20:00,969 - ======================================================================
2026-04-03 13:20:00,981 - Thông tin dữ liệu: Dimension=50, K=8, Capacity=100
2026-04-03 13:20:00,981 - --- Step 1: Clarke-Wright Heuristic ---
2026-04-03 13:20:00,984 -   Kết quả CW: Cost = 1554, Time = 0.002s
2026-04-03 13:20:00,984 - --- Step 2: Two-Opt Local Search ---
2026-04-03 13:20:00,985 -   Kết quả Two-Opt: Cost = 1503, Time = 0.001s
2026-04-03 13:20:00,985 - --- Step 3: Advanced Optimization (100% CPLEX) ---
2026-04-03 13:20:00,986 - =========================================
2026-04-03 13:20:00,986 - BẮT ĐẦU VÒNG LẶP OPTIMIZE CPLEX (HYBRID LNS / VND)
2026-04-03 13:20:00,986 -  -> Max Single Size  : 11
2026-04-03 13:20:00,986 -  -> Single Timeout   : 60.0s
2026-04-03 13:20:00,986 -  -> Max Pairwise Size: 10
2026-04-03 13:20:00,986 -  -> Pairwise Timeout : 500.0s
2026-04-03 13:20:00,986 -  -> Global Timeout   : 1200.0s
2026-04-03 13:20:00,986 -  -> Patience         : 20
2026-04-03 13:20:00,986 -  -> Max Iterations   : 150
2026-04-03 13:20:00,986 - Chi phí khởi điểm (kể cả phạt): 1503.00
2026-04-03 13:20:00,986 - =========================================
2026-04-03 13:20:00,986 - --- Iteration 1/150 (còn 1200s) ---
2026-04-03 13:20:01,070 -   [Inner 1] Relocate → 1501.00
2026-04-03 13:20:01,107 -   [Inner 1] Exchange → 1469.00
2026-04-03 13:20:01,383 -   [Inner 1] Single Route giảm: 6
2026-04-03 13:20:01,473 -   [Inner 2] Relocate → 1462.00
2026-04-03 13:20:01,510 -   [Inner 2] Exchange → 1439.00
2026-04-03 13:20:01,857 -   [Inner 3] Relocate → 1438.00
2026-04-03 13:20:01,892 -   [Inner 3] Exchange → 1435.00
2026-04-03 13:20:02,236 -   [Inner 4] Relocate → 1434.00
2026-04-03 13:20:02,276 -   [Inner 4] Exchange → 1398.00
2026-04-03 13:20:02,507 -   [Inner 4] Single Route giảm: 6
2026-04-03 13:20:02,586 -   [Inner 5] Relocate → 1391.00
2026-04-03 13:20:02,618 -   [Inner 5] Exchange → 1376.00
2026-04-03 13:20:02,880 -   [Inner 5] Single Route giảm: 6
2026-04-03 13:20:02,974 -   [Inner 6] Relocate → 1369.00
2026-04-03 13:20:03,015 -   [Inner 6] Exchange → 1363.00
2026-04-03 13:20:03,385 -   [Inner 7] Relocate → 1357.00
2026-04-03 13:20:03,420 -   [Inner 7] Exchange → 1351.00
2026-04-03 13:20:03,710 -   [Inner 8] Relocate → 1346.00
2026-04-03 13:20:04,082 -   [Inner 9] Relocate → 1345.00
2026-04-03 13:20:04,129 -   [Inner 9] Exchange → 1344.00
2026-04-03 13:20:04,524 -   [Inner 10] Relocate → 1341.00
2026-04-03 13:20:04,561 -   [Inner 10] Exchange → 1340.00
2026-04-03 13:20:07,168 -   [Inner 11] Relocate → 1339.00
2026-04-03 13:20:12,779 - => ITER 1: BEST COST MỚI = 1339.00
2026-04-03 13:20:12,779 - --- Iteration 2/150 (còn 1188s) ---
2026-04-03 13:20:16,000 - => ITER 2: Không cải thiện (no_improve=1/20)
2026-04-03 13:20:16,001 - --- Iteration 3/150 (còn 1185s) ---
2026-04-03 13:20:19,377 - => ITER 3: Không cải thiện (no_improve=2/20)
2026-04-03 13:20:19,378 - --- Iteration 4/150 (còn 1182s) ---
2026-04-03 13:20:22,798 - => ITER 4: Không cải thiện (no_improve=3/20)
2026-04-03 13:20:22,798 - --- Iteration 5/150 (còn 1178s) ---
2026-04-03 13:20:26,058 - => ITER 5: Không cải thiện (no_improve=4/20)
2026-04-03 13:20:26,058 - --- Iteration 6/150 (còn 1175s) ---
2026-04-03 13:20:29,343 - => ITER 6: Không cải thiện (no_improve=5/20)
2026-04-03 13:20:29,343 - --- Iteration 7/150 (còn 1172s) ---
2026-04-03 13:20:32,701 - => ITER 7: Không cải thiện (no_improve=6/20)
2026-04-03 13:20:32,701 - --- Iteration 8/150 (còn 1168s) ---
2026-04-03 13:20:36,304 - => ITER 8: Không cải thiện (no_improve=7/20)
2026-04-03 13:20:36,304 - --- Iteration 9/150 (còn 1165s) ---
2026-04-03 13:20:39,411 - => ITER 9: Không cải thiện (no_improve=8/20)
2026-04-03 13:20:39,411 - --- Iteration 10/150 (còn 1162s) ---
2026-04-03 13:20:42,531 - => ITER 10: Không cải thiện (no_improve=9/20)
2026-04-03 13:20:42,532 - --- Iteration 11/150 (còn 1158s) ---
2026-04-03 13:20:45,638 - => ITER 11: Không cải thiện (no_improve=10/20)
2026-04-03 13:20:45,638 - --- Iteration 12/150 (còn 1155s) ---
2026-04-03 13:20:48,742 - => ITER 12: Không cải thiện (no_improve=11/20)
2026-04-03 13:20:48,742 - --- Iteration 13/150 (còn 1152s) ---
2026-04-03 13:20:51,921 - => ITER 13: Không cải thiện (no_improve=12/20)
2026-04-03 13:20:51,921 - --- Iteration 14/150 (còn 1149s) ---
2026-04-03 13:20:55,073 - => ITER 14: Không cải thiện (no_improve=13/20)
2026-04-03 13:20:55,074 - --- Iteration 15/150 (còn 1146s) ---
2026-04-03 13:20:58,017 - => ITER 15: Không cải thiện (no_improve=14/20)
2026-04-03 13:20:58,017 - --- Iteration 16/150 (còn 1143s) ---
2026-04-03 13:21:01,204 - => ITER 16: Không cải thiện (no_improve=15/20)
2026-04-03 13:21:01,205 - --- Iteration 17/150 (còn 1140s) ---
2026-04-03 13:21:04,464 - => ITER 17: Không cải thiện (no_improve=16/20)
2026-04-03 13:21:04,464 - --- Iteration 18/150 (còn 1137s) ---
2026-04-03 13:21:07,688 - => ITER 18: Không cải thiện (no_improve=17/20)
2026-04-03 13:21:07,688 - --- Iteration 19/150 (còn 1133s) ---
2026-04-03 13:21:10,924 - => ITER 19: Không cải thiện (no_improve=18/20)
2026-04-03 13:21:10,924 - --- Iteration 20/150 (còn 1130s) ---
2026-04-03 13:21:14,267 - => ITER 20: Không cải thiện (no_improve=19/20)
2026-04-03 13:21:14,267 - --- Iteration 21/150 (còn 1127s) ---
2026-04-03 13:21:17,269 - => ITER 21: Không cải thiện (no_improve=20/20)
2026-04-03 13:21:17,269 - Hoàn thành tối ưu trong 76.3s. Final Pure Cost: 1339
2026-04-03 13:21:17,269 - ======================================================================
2026-04-03 13:21:17,269 - BÁO CÁO TỔNG KẾT (SUMMARY)
2026-04-03 13:21:17,269 - ======================================================================
2026-04-03 13:21:17,269 -   1. Chi phí Clarke-Wright:     1554
2026-04-03 13:21:17,269 -   2. Chi phí sau Two-Opt:       1503
2026-04-03 13:21:17,269 -   3. Chi phí sau CPLEX:        1339
2026-04-03 13:21:17,269 -   => TỔNG CẢI THIỆN:            215
2026-04-03 13:21:17,269 -   => Số lần CPLEX Single cải thiện  : 5 lần
2026-04-03 13:21:17,269 -   => Số lần CPLEX Pairwise cải thiện: 0 lần
2026-04-03 13:21:17,269 -   => TỔNG THỜI GIAN CHẠY:       76.286s
2026-04-03 13:21:17,274 - ======================================================================
2026-04-03 13:21:17,274 - KHỞI CHẠY ADVANCED CVRP SOLVER CHO FILE: B-n50-k7.vrp
2026-04-03 13:21:17,274 - ======================================================================
2026-04-03 13:21:17,286 - Thông tin dữ liệu: Dimension=50, K=7, Capacity=100
2026-04-03 13:21:17,286 - --- Step 1: Clarke-Wright Heuristic ---
2026-04-03 13:21:17,288 -   Kết quả CW: Cost = 995, Time = 0.002s
2026-04-03 13:21:17,288 - --- Step 2: Two-Opt Local Search ---
2026-04-03 13:21:17,290 -   Kết quả Two-Opt: Cost = 948, Time = 0.002s
2026-04-03 13:21:17,290 - --- Step 3: Advanced Optimization (100% CPLEX) ---
2026-04-03 13:21:17,290 - =========================================
2026-04-03 13:21:17,290 - BẮT ĐẦU VÒNG LẶP OPTIMIZE CPLEX (HYBRID LNS / VND)
2026-04-03 13:21:17,290 -  -> Max Single Size  : 11
2026-04-03 13:21:17,290 -  -> Single Timeout   : 60.0s
2026-04-03 13:21:17,290 -  -> Max Pairwise Size: 10
2026-04-03 13:21:17,290 -  -> Pairwise Timeout : 500.0s
2026-04-03 13:21:17,290 -  -> Global Timeout   : 1200.0s
2026-04-03 13:21:17,290 -  -> Patience         : 20
2026-04-03 13:21:17,290 -  -> Max Iterations   : 150
2026-04-03 13:21:17,290 - Chi phí khởi điểm (kể cả phạt): 948.00
2026-04-03 13:21:17,290 - =========================================
2026-04-03 13:21:17,290 - --- Iteration 1/150 (còn 1200s) ---
2026-04-03 13:21:17,360 -   [Inner 1] Relocate → 944.00
2026-04-03 13:21:17,392 -   [Inner 1] Exchange → 941.00
2026-04-03 13:21:18,121 -   [Inner 2] Relocate → 939.00
2026-04-03 13:21:18,153 -   [Inner 2] Exchange → 938.00
2026-04-03 13:21:18,780 -   [Inner 3] Relocate → 937.00
2026-04-03 13:21:18,813 -   [Inner 3] Exchange → 933.00
2026-04-03 13:21:19,450 -   [Inner 3] Single Route giảm: 1
2026-04-03 13:21:19,524 -   [Inner 4] Relocate → 928.00
2026-04-03 13:21:19,558 -   [Inner 4] Exchange → 927.00
2026-04-03 13:21:20,997 - => ITER 1: BEST COST MỚI = 927.00
2026-04-03 13:21:20,997 - --- Iteration 2/150 (còn 1196s) ---
2026-04-03 13:21:21,834 - => ITER 2: Không cải thiện (no_improve=1/20)
2026-04-03 13:21:21,834 - --- Iteration 3/150 (còn 1195s) ---
2026-04-03 13:21:22,660 - => ITER 3: Không cải thiện (no_improve=2/20)
2026-04-03 13:21:22,661 - --- Iteration 4/150 (còn 1195s) ---
2026-04-03 13:21:23,488 - => ITER 4: Không cải thiện (no_improve=3/20)
2026-04-03 13:21:23,489 - --- Iteration 5/150 (còn 1194s) ---
2026-04-03 13:21:24,310 - => ITER 5: Không cải thiện (no_improve=4/20)
2026-04-03 13:21:24,310 - --- Iteration 6/150 (còn 1193s) ---
2026-04-03 13:21:25,140 - => ITER 6: Không cải thiện (no_improve=5/20)
2026-04-03 13:21:25,140 - --- Iteration 7/150 (còn 1192s) ---
2026-04-03 13:21:25,969 - => ITER 7: Không cải thiện (no_improve=6/20)
2026-04-03 13:21:25,969 - --- Iteration 8/150 (còn 1191s) ---
2026-04-03 13:21:26,802 - => ITER 8: Không cải thiện (no_improve=7/20)
2026-04-03 13:21:26,802 - --- Iteration 9/150 (còn 1190s) ---
2026-04-03 13:21:27,657 - => ITER 9: Không cải thiện (no_improve=8/20)
2026-04-03 13:21:27,657 - --- Iteration 10/150 (còn 1190s) ---
2026-04-03 13:21:28,486 - => ITER 10: Không cải thiện (no_improve=9/20)
2026-04-03 13:21:28,487 - --- Iteration 11/150 (còn 1189s) ---
2026-04-03 13:21:29,307 - => ITER 11: Không cải thiện (no_improve=10/20)
2026-04-03 13:21:29,307 - --- Iteration 12/150 (còn 1188s) ---
2026-04-03 13:21:30,169 - => ITER 12: Không cải thiện (no_improve=11/20)
2026-04-03 13:21:30,169 - --- Iteration 13/150 (còn 1187s) ---
2026-04-03 13:21:30,984 - => ITER 13: Không cải thiện (no_improve=12/20)
2026-04-03 13:21:30,984 - --- Iteration 14/150 (còn 1186s) ---
2026-04-03 13:21:31,853 - => ITER 14: Không cải thiện (no_improve=13/20)
2026-04-03 13:21:31,853 - --- Iteration 15/150 (còn 1185s) ---
2026-04-03 13:21:32,688 - => ITER 15: Không cải thiện (no_improve=14/20)
2026-04-03 13:21:32,689 - --- Iteration 16/150 (còn 1185s) ---
2026-04-03 13:21:33,584 - => ITER 16: Không cải thiện (no_improve=15/20)
2026-04-03 13:21:33,584 - --- Iteration 17/150 (còn 1184s) ---
2026-04-03 13:21:34,501 - => ITER 17: Không cải thiện (no_improve=16/20)
2026-04-03 13:21:34,501 - --- Iteration 18/150 (còn 1183s) ---
2026-04-03 13:21:35,408 - => ITER 18: Không cải thiện (no_improve=17/20)
2026-04-03 13:21:35,409 - --- Iteration 19/150 (còn 1182s) ---
2026-04-03 13:21:36,287 - => ITER 19: Không cải thiện (no_improve=18/20)
2026-04-03 13:21:36,287 - --- Iteration 20/150 (còn 1181s) ---
2026-04-03 13:21:37,153 - => ITER 20: Không cải thiện (no_improve=19/20)
2026-04-03 13:21:37,154 - --- Iteration 21/150 (còn 1180s) ---
2026-04-03 13:21:38,006 - => ITER 21: Không cải thiện (no_improve=20/20)
2026-04-03 13:21:38,006 - Hoàn thành tối ưu trong 20.7s. Final Pure Cost: 927
2026-04-03 13:21:38,006 - ======================================================================
2026-04-03 13:21:38,006 - BÁO CÁO TỔNG KẾT (SUMMARY)
2026-04-03 13:21:38,007 - ======================================================================
2026-04-03 13:21:38,007 -   1. Chi phí Clarke-Wright:     995
2026-04-03 13:21:38,007 -   2. Chi phí sau Two-Opt:       948
2026-04-03 13:21:38,007 -   3. Chi phí sau CPLEX:        927
2026-04-03 13:21:38,007 -   => TỔNG CẢI THIỆN:            68
2026-04-03 13:21:38,007 -   => Số lần CPLEX Single cải thiện  : 1 lần
2026-04-03 13:21:38,007 -   => Số lần CPLEX Pairwise cải thiện: 0 lần
2026-04-03 13:21:38,007 -   => TỔNG THỜI GIAN CHẠY:       20.720s
2026-04-03 13:21:38,011 - ======================================================================
2026-04-03 13:21:38,011 - KHỞI CHẠY ADVANCED CVRP SOLVER CHO FILE: B-n51-k7.vrp
2026-04-03 13:21:38,011 - ======================================================================
2026-04-03 13:21:38,024 - Thông tin dữ liệu: Dimension=51, K=7, Capacity=100
2026-04-03 13:21:38,024 - --- Step 1: Clarke-Wright Heuristic ---
2026-04-03 13:21:38,026 -   Kết quả CW: Cost = 1528, Time = 0.002s
2026-04-03 13:21:38,026 - --- Step 2: Two-Opt Local Search ---
2026-04-03 13:21:38,028 -   Kết quả Two-Opt: Cost = 1427, Time = 0.001s
2026-04-03 13:21:38,028 - --- Step 3: Advanced Optimization (100% CPLEX) ---
2026-04-03 13:21:38,028 - =========================================
2026-04-03 13:21:38,028 - BẮT ĐẦU VÒNG LẶP OPTIMIZE CPLEX (HYBRID LNS / VND)
2026-04-03 13:21:38,028 -  -> Max Single Size  : 11
2026-04-03 13:21:38,028 -  -> Single Timeout   : 60.0s
2026-04-03 13:21:38,028 -  -> Max Pairwise Size: 10
2026-04-03 13:21:38,028 -  -> Pairwise Timeout : 500.0s
2026-04-03 13:21:38,028 -  -> Global Timeout   : 1200.0s
2026-04-03 13:21:38,028 -  -> Patience         : 20
2026-04-03 13:21:38,028 -  -> Max Iterations   : 150
2026-04-03 13:21:38,028 - Chi phí khởi điểm (kể cả phạt): 1427.00
2026-04-03 13:21:38,028 - =========================================
2026-04-03 13:21:38,028 - --- Iteration 1/150 (còn 1200s) ---
2026-04-03 13:21:38,144 -   [Inner 1] Exchange → 1348.00
2026-04-03 13:21:38,651 -   [Inner 1] Single Route giảm: 18
2026-04-03 13:21:38,771 -   [Inner 2] Exchange → 1277.00
2026-04-03 13:21:39,359 -   [Inner 2] Single Route giảm: 16
2026-04-03 13:21:39,474 -   [Inner 3] Exchange → 1256.00
2026-04-03 13:21:39,899 -   [Inner 3] Single Route giảm: 1
2026-04-03 13:21:40,011 -   [Inner 4] Exchange → 1251.00
2026-04-03 13:21:40,452 -   [Inner 4] Single Route giảm: 2
2026-04-03 13:21:40,536 -   [Inner 5] Relocate → 1213.00
2026-04-03 13:21:40,574 -   [Inner 5] Exchange → 1206.00
2026-04-03 13:21:41,184 -   [Inner 6] Exchange → 1162.00
2026-04-03 13:21:41,476 -   [Inner 6] Single Route giảm: 18
2026-04-03 13:21:41,588 -   [Inner 7] Exchange → 1136.00
2026-04-03 13:21:42,229 - => ITER 1: BEST COST MỚI = 1136.00
2026-04-03 13:21:42,230 - --- Iteration 2/150 (còn 1196s) ---
2026-04-03 13:21:42,595 - => ITER 2: Không cải thiện (no_improve=1/20)
2026-04-03 13:21:42,595 - --- Iteration 3/150 (còn 1195s) ---
2026-04-03 13:21:42,963 - => ITER 3: Không cải thiện (no_improve=2/20)
2026-04-03 13:21:42,963 - --- Iteration 4/150 (còn 1195s) ---
2026-04-03 13:21:43,335 - => ITER 4: Không cải thiện (no_improve=3/20)
2026-04-03 13:21:43,336 - --- Iteration 5/150 (còn 1195s) ---
2026-04-03 13:21:43,702 - => ITER 5: Không cải thiện (no_improve=4/20)
2026-04-03 13:21:43,702 - --- Iteration 6/150 (còn 1194s) ---
2026-04-03 13:21:44,069 - => ITER 6: Không cải thiện (no_improve=5/20)
2026-04-03 13:21:44,069 - --- Iteration 7/150 (còn 1194s) ---
2026-04-03 13:21:44,437 - => ITER 7: Không cải thiện (no_improve=6/20)
2026-04-03 13:21:44,437 - --- Iteration 8/150 (còn 1194s) ---
2026-04-03 13:21:44,802 - => ITER 8: Không cải thiện (no_improve=7/20)
2026-04-03 13:21:44,802 - --- Iteration 9/150 (còn 1193s) ---
2026-04-03 13:21:45,156 - => ITER 9: Không cải thiện (no_improve=8/20)
2026-04-03 13:21:45,157 - --- Iteration 10/150 (còn 1193s) ---
2026-04-03 13:21:45,522 - => ITER 10: Không cải thiện (no_improve=9/20)
2026-04-03 13:21:45,522 - --- Iteration 11/150 (còn 1193s) ---
2026-04-03 13:21:45,887 - => ITER 11: Không cải thiện (no_improve=10/20)
2026-04-03 13:21:45,887 - --- Iteration 12/150 (còn 1192s) ---
2026-04-03 13:21:46,316 - => ITER 12: Không cải thiện (no_improve=11/20)
2026-04-03 13:21:46,316 - --- Iteration 13/150 (còn 1192s) ---
2026-04-03 13:21:46,722 - => ITER 13: Không cải thiện (no_improve=12/20)
2026-04-03 13:21:46,722 - --- Iteration 14/150 (còn 1191s) ---
2026-04-03 13:21:47,117 - => ITER 14: Không cải thiện (no_improve=13/20)
2026-04-03 13:21:47,118 - --- Iteration 15/150 (còn 1191s) ---
2026-04-03 13:21:47,516 - => ITER 15: Không cải thiện (no_improve=14/20)
2026-04-03 13:21:47,516 - --- Iteration 16/150 (còn 1191s) ---
2026-04-03 13:21:47,904 - => ITER 16: Không cải thiện (no_improve=15/20)
2026-04-03 13:21:47,904 - --- Iteration 17/150 (còn 1190s) ---
2026-04-03 13:21:48,332 - => ITER 17: Không cải thiện (no_improve=16/20)
2026-04-03 13:21:48,332 - --- Iteration 18/150 (còn 1190s) ---
2026-04-03 13:21:48,702 - => ITER 18: Không cải thiện (no_improve=17/20)
2026-04-03 13:21:48,702 - --- Iteration 19/150 (còn 1189s) ---
2026-04-03 13:21:49,096 - => ITER 19: Không cải thiện (no_improve=18/20)
2026-04-03 13:21:49,096 - --- Iteration 20/150 (còn 1189s) ---
2026-04-03 13:21:49,491 - => ITER 20: Không cải thiện (no_improve=19/20)
2026-04-03 13:21:49,491 - --- Iteration 21/150 (còn 1189s) ---
2026-04-03 13:21:49,880 - => ITER 21: Không cải thiện (no_improve=20/20)
2026-04-03 13:21:49,880 - Hoàn thành tối ưu trong 11.9s. Final Pure Cost: 1136
2026-04-03 13:21:49,880 - ======================================================================
2026-04-03 13:21:49,880 - BÁO CÁO TỔNG KẾT (SUMMARY)
2026-04-03 13:21:49,881 - ======================================================================
2026-04-03 13:21:49,881 -   1. Chi phí Clarke-Wright:     1528
2026-04-03 13:21:49,881 -   2. Chi phí sau Two-Opt:       1427
2026-04-03 13:21:49,881 -   3. Chi phí sau CPLEX:        1136
2026-04-03 13:21:49,881 -   => TỔNG CẢI THIỆN:            392
2026-04-03 13:21:49,881 -   => Số lần CPLEX Single cải thiện  : 7 lần
2026-04-03 13:21:49,881 -   => Số lần CPLEX Pairwise cải thiện: 0 lần
2026-04-03 13:21:49,882 -   => TỔNG THỜI GIAN CHẠY:       11.856s
2026-04-03 13:21:49,886 - ======================================================================
2026-04-03 13:21:49,887 - KHỞI CHẠY ADVANCED CVRP SOLVER CHO FILE: B-n52-k7.vrp
2026-04-03 13:21:49,887 - ======================================================================
2026-04-03 13:21:49,899 - Thông tin dữ liệu: Dimension=52, K=7, Capacity=100
2026-04-03 13:21:49,899 - --- Step 1: Clarke-Wright Heuristic ---
2026-04-03 13:21:49,902 -   Kết quả CW: Cost = 927, Time = 0.002s
2026-04-03 13:21:49,902 - --- Step 2: Two-Opt Local Search ---
2026-04-03 13:21:49,903 -   Kết quả Two-Opt: Cost = 885, Time = 0.001s
2026-04-03 13:21:49,903 - --- Step 3: Advanced Optimization (100% CPLEX) ---
2026-04-03 13:21:49,903 - =========================================
2026-04-03 13:21:49,903 - BẮT ĐẦU VÒNG LẶP OPTIMIZE CPLEX (HYBRID LNS / VND)
2026-04-03 13:21:49,903 -  -> Max Single Size  : 11
2026-04-03 13:21:49,904 -  -> Single Timeout   : 60.0s
2026-04-03 13:21:49,904 -  -> Max Pairwise Size: 10
2026-04-03 13:21:49,904 -  -> Pairwise Timeout : 500.0s
2026-04-03 13:21:49,904 -  -> Global Timeout   : 1200.0s
2026-04-03 13:21:49,904 -  -> Patience         : 20
2026-04-03 13:21:49,904 -  -> Max Iterations   : 150
2026-04-03 13:21:49,904 - Chi phí khởi điểm (kể cả phạt): 885.00
2026-04-03 13:21:49,904 - =========================================
2026-04-03 13:21:49,904 - --- Iteration 1/150 (còn 1200s) ---
2026-04-03 13:21:49,982 -   [Inner 1] Relocate → 878.00
2026-04-03 13:21:50,018 -   [Inner 1] Exchange → 877.00
2026-04-03 13:21:50,297 -   [Inner 1] Single Route giảm: 4
2026-04-03 13:21:50,376 -   [Inner 2] Relocate → 870.00
2026-04-03 13:21:50,736 -   [Inner 3] Relocate → 793.00
2026-04-03 13:21:51,061 -   [Inner 3] Single Route giảm: 8
2026-04-03 13:21:51,149 -   [Inner 4] Relocate → 783.00
2026-04-03 13:21:51,499 -   [Inner 5] Relocate → 782.00
2026-04-03 13:21:51,802 -   [Inner 6] Relocate → 781.00
2026-04-03 13:21:52,121 -   [Inner 7] Relocate → 780.00
2026-04-03 13:21:52,796 - => ITER 1: BEST COST MỚI = 780.00
2026-04-03 13:21:52,797 - --- Iteration 2/150 (còn 1197s) ---
2026-04-03 13:21:53,145 - => ITER 2: Không cải thiện (no_improve=1/20)
2026-04-03 13:21:53,146 - --- Iteration 3/150 (còn 1197s) ---
2026-04-03 13:21:53,448 - => ITER 3: Không cải thiện (no_improve=2/20)
2026-04-03 13:21:53,448 - --- Iteration 4/150 (còn 1196s) ---
2026-04-03 13:21:53,794 - => ITER 4: Không cải thiện (no_improve=3/20)
2026-04-03 13:21:53,794 - --- Iteration 5/150 (còn 1196s) ---
2026-04-03 13:21:54,134 - => ITER 5: Không cải thiện (no_improve=4/20)
2026-04-03 13:21:54,134 - --- Iteration 6/150 (còn 1196s) ---
2026-04-03 13:21:54,461 - => ITER 6: Không cải thiện (no_improve=5/20)
2026-04-03 13:21:54,461 - --- Iteration 7/150 (còn 1195s) ---
2026-04-03 13:21:54,781 - => ITER 7: Không cải thiện (no_improve=6/20)
2026-04-03 13:21:54,781 - --- Iteration 8/150 (còn 1195s) ---
2026-04-03 13:21:55,142 - => ITER 8: Không cải thiện (no_improve=7/20)
2026-04-03 13:21:55,142 - --- Iteration 9/150 (còn 1195s) ---
2026-04-03 13:21:55,537 - => ITER 9: Không cải thiện (no_improve=8/20)
2026-04-03 13:21:55,537 - --- Iteration 10/150 (còn 1194s) ---
2026-04-03 13:21:55,940 - => ITER 10: Không cải thiện (no_improve=9/20)
2026-04-03 13:21:55,940 - --- Iteration 11/150 (còn 1194s) ---
2026-04-03 13:21:56,315 - => ITER 11: Không cải thiện (no_improve=10/20)
2026-04-03 13:21:56,315 - --- Iteration 12/150 (còn 1194s) ---
2026-04-03 13:21:56,680 - => ITER 12: Không cải thiện (no_improve=11/20)
2026-04-03 13:21:56,680 - --- Iteration 13/150 (còn 1193s) ---
2026-04-03 13:21:57,012 - => ITER 13: Không cải thiện (no_improve=12/20)
2026-04-03 13:21:57,012 - --- Iteration 14/150 (còn 1193s) ---
2026-04-03 13:21:57,334 - => ITER 14: Không cải thiện (no_improve=13/20)
2026-04-03 13:21:57,334 - --- Iteration 15/150 (còn 1193s) ---
2026-04-03 13:21:57,663 - => ITER 15: Không cải thiện (no_improve=14/20)
2026-04-03 13:21:57,663 - --- Iteration 16/150 (còn 1192s) ---
2026-04-03 13:21:57,989 - => ITER 16: Không cải thiện (no_improve=15/20)
2026-04-03 13:21:57,989 - --- Iteration 17/150 (còn 1192s) ---
2026-04-03 13:21:58,303 - => ITER 17: Không cải thiện (no_improve=16/20)
2026-04-03 13:21:58,303 - --- Iteration 18/150 (còn 1192s) ---
2026-04-03 13:21:58,614 - => ITER 18: Không cải thiện (no_improve=17/20)
2026-04-03 13:21:58,614 - --- Iteration 19/150 (còn 1191s) ---
2026-04-03 13:21:58,927 - => ITER 19: Không cải thiện (no_improve=18/20)
2026-04-03 13:21:58,927 - --- Iteration 20/150 (còn 1191s) ---
2026-04-03 13:21:59,239 - => ITER 20: Không cải thiện (no_improve=19/20)
2026-04-03 13:21:59,239 - --- Iteration 21/150 (còn 1191s) ---
2026-04-03 13:21:59,594 - => ITER 21: Không cải thiện (no_improve=20/20)
2026-04-03 13:21:59,594 - Hoàn thành tối ưu trong 9.7s. Final Pure Cost: 780
2026-04-03 13:21:59,594 - ======================================================================
2026-04-03 13:21:59,594 - BÁO CÁO TỔNG KẾT (SUMMARY)
2026-04-03 13:21:59,594 - ======================================================================
2026-04-03 13:21:59,594 -   1. Chi phí Clarke-Wright:     927
2026-04-03 13:21:59,594 -   2. Chi phí sau Two-Opt:       885
2026-04-03 13:21:59,594 -   3. Chi phí sau CPLEX:        780
2026-04-03 13:21:59,594 -   => TỔNG CẢI THIỆN:            147
2026-04-03 13:21:59,594 -   => Số lần CPLEX Single cải thiện  : 4 lần
2026-04-03 13:21:59,594 -   => Số lần CPLEX Pairwise cải thiện: 0 lần
2026-04-03 13:21:59,594 -   => TỔNG THỜI GIAN CHẠY:       9.694s
2026-04-03 13:21:59,599 - ======================================================================
2026-04-03 13:21:59,599 - KHỞI CHẠY ADVANCED CVRP SOLVER CHO FILE: B-n56-k7.vrp
2026-04-03 13:21:59,599 - ======================================================================
2026-04-03 13:21:59,607 - Thông tin dữ liệu: Dimension=56, K=7, Capacity=100
2026-04-03 13:21:59,607 - --- Step 1: Clarke-Wright Heuristic ---
2026-04-03 13:21:59,610 -   Kết quả CW: Cost = 941, Time = 0.003s
2026-04-03 13:21:59,610 - --- Step 2: Two-Opt Local Search ---
2026-04-03 13:21:59,612 -   Kết quả Two-Opt: Cost = 909, Time = 0.002s
2026-04-03 13:21:59,612 - --- Step 3: Advanced Optimization (100% CPLEX) ---
2026-04-03 13:21:59,612 - =========================================
2026-04-03 13:21:59,613 - BẮT ĐẦU VÒNG LẶP OPTIMIZE CPLEX (HYBRID LNS / VND)
2026-04-03 13:21:59,613 -  -> Max Single Size  : 11
2026-04-03 13:21:59,613 -  -> Single Timeout   : 60.0s
2026-04-03 13:21:59,613 -  -> Max Pairwise Size: 10
2026-04-03 13:21:59,613 -  -> Pairwise Timeout : 500.0s
2026-04-03 13:21:59,613 -  -> Global Timeout   : 1200.0s
2026-04-03 13:21:59,613 -  -> Patience         : 20
2026-04-03 13:21:59,613 -  -> Max Iterations   : 150
2026-04-03 13:21:59,613 - Chi phí khởi điểm (kể cả phạt): 909.00
2026-04-03 13:21:59,613 - =========================================
2026-04-03 13:21:59,613 - --- Iteration 1/150 (còn 1200s) ---
2026-04-03 13:21:59,710 -   [Inner 1] Relocate → 897.00
2026-04-03 13:21:59,757 -   [Inner 1] Exchange → 894.00
2026-04-03 13:22:00,319 -   [Inner 2] Relocate → 889.00
2026-04-03 13:22:00,366 -   [Inner 2] Exchange → 887.00
2026-04-03 13:22:00,902 -   [Inner 3] Relocate → 884.00
2026-04-03 13:22:00,944 -   [Inner 3] Exchange → 883.00
2026-04-03 13:22:01,505 -   [Inner 4] Relocate → 876.00
2026-04-03 13:22:02,059 -   [Inner 5] Relocate → 866.00
2026-04-03 13:22:02,524 -   [Inner 6] Relocate → 857.00
2026-04-03 13:22:03,071 -   [Inner 7] Relocate → 854.00
2026-04-03 13:22:03,843 -   [Inner 7] Single Route giảm: 1
2026-04-03 13:22:03,939 -   [Inner 8] Relocate → 851.00
2026-04-03 13:22:04,839 -   [Inner 9] Relocate → 844.00
2026-04-03 13:22:06,544 - => ITER 1: BEST COST MỚI = 844.00
2026-04-03 13:22:06,545 - --- Iteration 2/150 (còn 1193s) ---
2026-04-03 13:22:07,436 - => ITER 2: Không cải thiện (no_improve=1/20)
2026-04-03 13:22:07,436 - --- Iteration 3/150 (còn 1192s) ---
2026-04-03 13:22:08,306 - => ITER 3: Không cải thiện (no_improve=2/20)
2026-04-03 13:22:08,307 - --- Iteration 4/150 (còn 1191s) ---
2026-04-03 13:22:09,216 - => ITER 4: Không cải thiện (no_improve=3/20)
2026-04-03 13:22:09,216 - --- Iteration 5/150 (còn 1190s) ---
2026-04-03 13:22:10,441 - => ITER 5: Không cải thiện (no_improve=4/20)
2026-04-03 13:22:10,441 - --- Iteration 6/150 (còn 1189s) ---
2026-04-03 13:22:11,702 - => ITER 6: Không cải thiện (no_improve=5/20)
2026-04-03 13:22:11,702 - --- Iteration 7/150 (còn 1188s) ---
2026-04-03 13:22:12,756 - => ITER 7: Không cải thiện (no_improve=6/20)
2026-04-03 13:22:12,756 - --- Iteration 8/150 (còn 1187s) ---
2026-04-03 13:22:13,735 - => ITER 8: Không cải thiện (no_improve=7/20)
2026-04-03 13:22:13,735 - --- Iteration 9/150 (còn 1186s) ---
2026-04-03 13:22:14,621 - => ITER 9: Không cải thiện (no_improve=8/20)
2026-04-03 13:22:14,621 - --- Iteration 10/150 (còn 1185s) ---
2026-04-03 13:22:15,496 - => ITER 10: Không cải thiện (no_improve=9/20)
2026-04-03 13:22:15,496 - --- Iteration 11/150 (còn 1184s) ---
2026-04-03 13:22:16,385 - => ITER 11: Không cải thiện (no_improve=10/20)
2026-04-03 13:22:16,386 - --- Iteration 12/150 (còn 1183s) ---
2026-04-03 13:22:17,288 - => ITER 12: Không cải thiện (no_improve=11/20)
2026-04-03 13:22:17,288 - --- Iteration 13/150 (còn 1182s) ---
2026-04-03 13:22:18,165 - => ITER 13: Không cải thiện (no_improve=12/20)
2026-04-03 13:22:18,165 - --- Iteration 14/150 (còn 1181s) ---
2026-04-03 13:22:19,030 - => ITER 14: Không cải thiện (no_improve=13/20)
2026-04-03 13:22:19,030 - --- Iteration 15/150 (còn 1181s) ---
2026-04-03 13:22:19,935 - => ITER 15: Không cải thiện (no_improve=14/20)
2026-04-03 13:22:19,935 - --- Iteration 16/150 (còn 1180s) ---
2026-04-03 13:22:20,818 - => ITER 16: Không cải thiện (no_improve=15/20)
2026-04-03 13:22:20,819 - --- Iteration 17/150 (còn 1179s) ---
2026-04-03 13:22:21,750 - => ITER 17: Không cải thiện (no_improve=16/20)
2026-04-03 13:22:21,750 - --- Iteration 18/150 (còn 1178s) ---
2026-04-03 13:22:22,673 - => ITER 18: Không cải thiện (no_improve=17/20)
2026-04-03 13:22:22,673 - --- Iteration 19/150 (còn 1177s) ---
2026-04-03 13:22:23,610 - => ITER 19: Không cải thiện (no_improve=18/20)
2026-04-03 13:22:23,610 - --- Iteration 20/150 (còn 1176s) ---
2026-04-03 13:22:24,773 - => ITER 20: Không cải thiện (no_improve=19/20)
2026-04-03 13:22:24,773 - --- Iteration 21/150 (còn 1175s) ---
2026-04-03 13:22:26,060 - => ITER 21: Không cải thiện (no_improve=20/20)
2026-04-03 13:22:26,061 - Hoàn thành tối ưu trong 26.4s. Final Pure Cost: 844
2026-04-03 13:22:26,062 - ======================================================================
2026-04-03 13:22:26,062 - BÁO CÁO TỔNG KẾT (SUMMARY)
2026-04-03 13:22:26,062 - ======================================================================
2026-04-03 13:22:26,062 -   1. Chi phí Clarke-Wright:     941
2026-04-03 13:22:26,062 -   2. Chi phí sau Two-Opt:       909
2026-04-03 13:22:26,063 -   3. Chi phí sau CPLEX:        844
2026-04-03 13:22:26,063 -   => TỔNG CẢI THIỆN:            97
2026-04-03 13:22:26,063 -   => Số lần CPLEX Single cải thiện  : 1 lần
2026-04-03 13:22:26,063 -   => Số lần CPLEX Pairwise cải thiện: 0 lần
2026-04-03 13:22:26,063 -   => TỔNG THỜI GIAN CHẠY:       26.454s
2026-04-03 13:22:26,068 - ======================================================================
2026-04-03 13:22:26,068 - KHỞI CHẠY ADVANCED CVRP SOLVER CHO FILE: B-n57-k7.vrp
2026-04-03 13:22:26,068 - ======================================================================
2026-04-03 13:22:26,082 - Thông tin dữ liệu: Dimension=57, K=7, Capacity=100
2026-04-03 13:22:26,082 - --- Step 1: Clarke-Wright Heuristic ---
2026-04-03 13:22:26,085 -   Kết quả CW: Cost = 1460, Time = 0.003s
2026-04-03 13:22:26,086 - --- Step 2: Two-Opt Local Search ---
2026-04-03 13:22:26,088 -   Kết quả Two-Opt: Cost = 1429, Time = 0.002s
2026-04-03 13:22:26,088 - --- Step 3: Advanced Optimization (100% CPLEX) ---
2026-04-03 13:22:26,088 - =========================================
2026-04-03 13:22:26,088 - BẮT ĐẦU VÒNG LẶP OPTIMIZE CPLEX (HYBRID LNS / VND)
2026-04-03 13:22:26,089 -  -> Max Single Size  : 11
2026-04-03 13:22:26,089 -  -> Single Timeout   : 60.0s
2026-04-03 13:22:26,089 -  -> Max Pairwise Size: 10
2026-04-03 13:22:26,089 -  -> Pairwise Timeout : 500.0s
2026-04-03 13:22:26,089 -  -> Global Timeout   : 1200.0s
2026-04-03 13:22:26,089 -  -> Patience         : 20
2026-04-03 13:22:26,089 -  -> Max Iterations   : 150
2026-04-03 13:22:26,089 - Chi phí khởi điểm (kể cả phạt): 1429.00
2026-04-03 13:22:26,089 - =========================================
2026-04-03 13:22:26,090 - --- Iteration 1/150 (còn 1200s) ---
2026-04-03 13:22:26,254 -   [Inner 1] Exchange → 1423.00
2026-04-03 13:22:27,974 -   [Inner 1] Single Route giảm: 16
2026-04-03 13:22:29,940 - => ITER 1: BEST COST MỚI = 1407.00
2026-04-03 13:22:29,941 - --- Iteration 2/150 (còn 1196s) ---
2026-04-03 13:22:31,853 - => ITER 2: Không cải thiện (no_improve=1/20)
2026-04-03 13:22:31,853 - --- Iteration 3/150 (còn 1194s) ---
2026-04-03 13:22:33,721 - => ITER 3: Không cải thiện (no_improve=2/20)
2026-04-03 13:22:33,721 - --- Iteration 4/150 (còn 1192s) ---
2026-04-03 13:22:35,547 - => ITER 4: Không cải thiện (no_improve=3/20)
2026-04-03 13:22:35,547 - --- Iteration 5/150 (còn 1191s) ---
2026-04-03 13:22:37,529 - => ITER 5: Không cải thiện (no_improve=4/20)
2026-04-03 13:22:37,529 - --- Iteration 6/150 (còn 1189s) ---
2026-04-03 13:22:39,284 - => ITER 6: Không cải thiện (no_improve=5/20)
2026-04-03 13:22:39,284 - --- Iteration 7/150 (còn 1187s) ---
2026-04-03 13:22:41,092 - => ITER 7: Không cải thiện (no_improve=6/20)
2026-04-03 13:22:41,092 - --- Iteration 8/150 (còn 1185s) ---
2026-04-03 13:22:42,873 - => ITER 8: Không cải thiện (no_improve=7/20)
2026-04-03 13:22:42,873 - --- Iteration 9/150 (còn 1183s) ---
2026-04-03 13:22:44,660 - => ITER 9: Không cải thiện (no_improve=8/20)
2026-04-03 13:22:44,661 - --- Iteration 10/150 (còn 1181s) ---
2026-04-03 13:22:46,448 - => ITER 10: Không cải thiện (no_improve=9/20)
2026-04-03 13:22:46,448 - --- Iteration 11/150 (còn 1180s) ---
2026-04-03 13:22:48,244 - => ITER 11: Không cải thiện (no_improve=10/20)
2026-04-03 13:22:48,245 - --- Iteration 12/150 (còn 1178s) ---
2026-04-03 13:22:49,991 - => ITER 12: Không cải thiện (no_improve=11/20)
2026-04-03 13:22:49,991 - --- Iteration 13/150 (còn 1176s) ---
2026-04-03 13:22:51,764 - => ITER 13: Không cải thiện (no_improve=12/20)
2026-04-03 13:22:51,764 - --- Iteration 14/150 (còn 1174s) ---
2026-04-03 13:22:53,575 - => ITER 14: Không cải thiện (no_improve=13/20)
2026-04-03 13:22:53,575 - --- Iteration 15/150 (còn 1173s) ---
2026-04-03 13:22:55,566 - => ITER 15: Không cải thiện (no_improve=14/20)
2026-04-03 13:22:55,566 - --- Iteration 16/150 (còn 1171s) ---
2026-04-03 13:22:57,878 - => ITER 16: Không cải thiện (no_improve=15/20)
2026-04-03 13:22:57,879 - --- Iteration 17/150 (còn 1168s) ---
2026-04-03 13:22:59,800 - => ITER 17: Không cải thiện (no_improve=16/20)
2026-04-03 13:22:59,800 - --- Iteration 18/150 (còn 1166s) ---
2026-04-03 13:23:01,650 - => ITER 18: Không cải thiện (no_improve=17/20)
2026-04-03 13:23:01,650 - --- Iteration 19/150 (còn 1164s) ---
2026-04-03 13:23:03,460 - => ITER 19: Không cải thiện (no_improve=18/20)
2026-04-03 13:23:03,460 - --- Iteration 20/150 (còn 1163s) ---
2026-04-03 13:23:05,240 - => ITER 20: Không cải thiện (no_improve=19/20)
2026-04-03 13:23:05,240 - --- Iteration 21/150 (còn 1161s) ---
2026-04-03 13:23:06,980 - => ITER 21: Không cải thiện (no_improve=20/20)
2026-04-03 13:23:06,980 - Hoàn thành tối ưu trong 40.9s. Final Pure Cost: 1407
2026-04-03 13:23:06,980 - ======================================================================
2026-04-03 13:23:06,980 - BÁO CÁO TỔNG KẾT (SUMMARY)
2026-04-03 13:23:06,980 - ======================================================================
2026-04-03 13:23:06,980 -   1. Chi phí Clarke-Wright:     1460
2026-04-03 13:23:06,980 -   2. Chi phí sau Two-Opt:       1429
2026-04-03 13:23:06,980 -   3. Chi phí sau CPLEX:        1407
2026-04-03 13:23:06,980 -   => TỔNG CẢI THIỆN:            53
2026-04-03 13:23:06,980 -   => Số lần CPLEX Single cải thiện  : 2 lần
2026-04-03 13:23:06,980 -   => Số lần CPLEX Pairwise cải thiện: 0 lần
2026-04-03 13:23:06,981 -   => TỔNG THỜI GIAN CHẠY:       40.897s
2026-04-03 13:23:06,985 - ======================================================================
2026-04-03 13:23:06,985 - KHỞI CHẠY ADVANCED CVRP SOLVER CHO FILE: B-n57-k9.vrp
2026-04-03 13:23:06,985 - ======================================================================
2026-04-03 13:23:06,993 - Thông tin dữ liệu: Dimension=57, K=9, Capacity=100
2026-04-03 13:23:06,993 - --- Step 1: Clarke-Wright Heuristic ---
2026-04-03 13:23:06,996 -   Kết quả CW: Cost = 1948, Time = 0.003s
2026-04-03 13:23:06,996 - --- Step 2: Two-Opt Local Search ---
2026-04-03 13:23:06,998 -   Kết quả Two-Opt: Cost = 1895, Time = 0.001s
2026-04-03 13:23:06,998 - --- Step 3: Advanced Optimization (100% CPLEX) ---
2026-04-03 13:23:06,998 - =========================================
2026-04-03 13:23:06,998 - BẮT ĐẦU VÒNG LẶP OPTIMIZE CPLEX (HYBRID LNS / VND)
2026-04-03 13:23:06,998 -  -> Max Single Size  : 11
2026-04-03 13:23:06,998 -  -> Single Timeout   : 60.0s
2026-04-03 13:23:06,998 -  -> Max Pairwise Size: 10
2026-04-03 13:23:06,998 -  -> Pairwise Timeout : 500.0s
2026-04-03 13:23:06,998 -  -> Global Timeout   : 1200.0s
2026-04-03 13:23:06,998 -  -> Patience         : 20
2026-04-03 13:23:06,998 -  -> Max Iterations   : 150
2026-04-03 13:23:06,998 - Chi phí khởi điểm (kể cả phạt): 1895.00
2026-04-03 13:23:06,998 - =========================================
2026-04-03 13:23:06,998 - --- Iteration 1/150 (còn 1200s) ---
2026-04-03 13:23:07,111 -   [Inner 1] Relocate → 1857.00
2026-04-03 13:23:07,161 -   [Inner 1] Exchange → 1799.00
2026-04-03 13:23:07,558 -   [Inner 1] Single Route giảm: 6
2026-04-03 13:23:07,669 -   [Inner 2] Relocate → 1767.00
2026-04-03 13:23:07,716 -   [Inner 2] Exchange → 1762.00
2026-04-03 13:23:08,153 -   [Inner 2] Single Route giảm: 6
2026-04-03 13:23:08,268 -   [Inner 3] Relocate → 1753.00
2026-04-03 13:23:08,321 -   [Inner 3] Exchange → 1751.00
2026-04-03 13:23:08,871 -   [Inner 4] Relocate → 1748.00
2026-04-03 13:23:08,926 -   [Inner 4] Exchange → 1745.00
2026-04-03 13:23:09,256 -   [Inner 5] Relocate → 1744.00
2026-04-03 13:23:09,306 -   [Inner 5] Exchange → 1730.00
2026-04-03 13:23:09,671 -   [Inner 6] Relocate → 1725.00
2026-04-03 13:23:09,956 -   [Inner 6] Single Route giảm: 2
2026-04-03 13:23:10,076 -   [Inner 7] Relocate → 1722.00
2026-04-03 13:23:10,820 - => ITER 1: BEST COST MỚI = 1722.00
2026-04-03 13:23:10,820 - --- Iteration 2/150 (còn 1196s) ---
2026-04-03 13:23:11,253 - => ITER 2: Không cải thiện (no_improve=1/20)
2026-04-03 13:23:11,253 - --- Iteration 3/150 (còn 1196s) ---
2026-04-03 13:23:11,689 - => ITER 3: Không cải thiện (no_improve=2/20)
2026-04-03 13:23:11,689 - --- Iteration 4/150 (còn 1195s) ---
2026-04-03 13:23:12,130 - => ITER 4: Không cải thiện (no_improve=3/20)
2026-04-03 13:23:12,131 - --- Iteration 5/150 (còn 1195s) ---
2026-04-03 13:23:12,588 - => ITER 5: Không cải thiện (no_improve=4/20)
2026-04-03 13:23:12,588 - --- Iteration 6/150 (còn 1194s) ---
2026-04-03 13:23:13,019 - => ITER 6: Không cải thiện (no_improve=5/20)
2026-04-03 13:23:13,019 - --- Iteration 7/150 (còn 1194s) ---
2026-04-03 13:23:13,462 - => ITER 7: Không cải thiện (no_improve=6/20)
2026-04-03 13:23:13,462 - --- Iteration 8/150 (còn 1194s) ---
2026-04-03 13:23:13,888 - => ITER 8: Không cải thiện (no_improve=7/20)
2026-04-03 13:23:13,888 - --- Iteration 9/150 (còn 1193s) ---
2026-04-03 13:23:14,302 - => ITER 9: Không cải thiện (no_improve=8/20)
2026-04-03 13:23:14,302 - --- Iteration 10/150 (còn 1193s) ---
2026-04-03 13:23:14,716 - => ITER 10: Không cải thiện (no_improve=9/20)
2026-04-03 13:23:14,716 - --- Iteration 11/150 (còn 1192s) ---
2026-04-03 13:23:15,131 - => ITER 11: Không cải thiện (no_improve=10/20)
2026-04-03 13:23:15,132 - --- Iteration 12/150 (còn 1192s) ---
2026-04-03 13:23:15,568 - => ITER 12: Không cải thiện (no_improve=11/20)
2026-04-03 13:23:15,569 - --- Iteration 13/150 (còn 1191s) ---
2026-04-03 13:23:15,996 - => ITER 13: Không cải thiện (no_improve=12/20)
2026-04-03 13:23:15,996 - --- Iteration 14/150 (còn 1191s) ---
2026-04-03 13:23:16,430 - => ITER 14: Không cải thiện (no_improve=13/20)
2026-04-03 13:23:16,430 - --- Iteration 15/150 (còn 1191s) ---
2026-04-03 13:23:16,853 - => ITER 15: Không cải thiện (no_improve=14/20)
2026-04-03 13:23:16,853 - --- Iteration 16/150 (còn 1190s) ---
2026-04-03 13:23:17,279 - => ITER 16: Không cải thiện (no_improve=15/20)
2026-04-03 13:23:17,279 - --- Iteration 17/150 (còn 1190s) ---
2026-04-03 13:23:17,759 - => ITER 17: Không cải thiện (no_improve=16/20)
2026-04-03 13:23:17,760 - --- Iteration 18/150 (còn 1189s) ---
2026-04-03 13:23:18,197 - => ITER 18: Không cải thiện (no_improve=17/20)
2026-04-03 13:23:18,197 - --- Iteration 19/150 (còn 1189s) ---
2026-04-03 13:23:18,628 - => ITER 19: Không cải thiện (no_improve=18/20)
2026-04-03 13:23:18,628 - --- Iteration 20/150 (còn 1188s) ---
2026-04-03 13:23:19,078 - => ITER 20: Không cải thiện (no_improve=19/20)
2026-04-03 13:23:19,079 - --- Iteration 21/150 (còn 1188s) ---
2026-04-03 13:23:19,514 - => ITER 21: Không cải thiện (no_improve=20/20)
2026-04-03 13:23:19,514 - Hoàn thành tối ưu trong 12.5s. Final Pure Cost: 1722
2026-04-03 13:23:19,514 - ======================================================================
2026-04-03 13:23:19,514 - BÁO CÁO TỔNG KẾT (SUMMARY)
2026-04-03 13:23:19,514 - ======================================================================
2026-04-03 13:23:19,514 -   1. Chi phí Clarke-Wright:     1948
2026-04-03 13:23:19,514 -   2. Chi phí sau Two-Opt:       1895
2026-04-03 13:23:19,514 -   3. Chi phí sau CPLEX:        1722
2026-04-03 13:23:19,514 -   => TỔNG CẢI THIỆN:            226
2026-04-03 13:23:19,514 -   => Số lần CPLEX Single cải thiện  : 5 lần
2026-04-03 13:23:19,514 -   => Số lần CPLEX Pairwise cải thiện: 0 lần
2026-04-03 13:23:19,514 -   => TỔNG THỜI GIAN CHẠY:       12.520s
2026-04-03 13:23:19,519 - ======================================================================
2026-04-03 13:23:19,519 - KHỞI CHẠY ADVANCED CVRP SOLVER CHO FILE: B-n63-k10.vrp
2026-04-03 13:23:19,519 - ======================================================================
2026-04-03 13:23:19,528 - Thông tin dữ liệu: Dimension=63, K=10, Capacity=100
2026-04-03 13:23:19,528 - --- Step 1: Clarke-Wright Heuristic ---
2026-04-03 13:23:19,531 -   Kết quả CW: Cost = 1993, Time = 0.003s
2026-04-03 13:23:19,532 - --- Step 2: Two-Opt Local Search ---
2026-04-03 13:23:19,533 -   Kết quả Two-Opt: Cost = 1932, Time = 0.001s
2026-04-03 13:23:19,533 - --- Step 3: Advanced Optimization (100% CPLEX) ---
2026-04-03 13:23:19,533 - =========================================
2026-04-03 13:23:19,533 - BẮT ĐẦU VÒNG LẶP OPTIMIZE CPLEX (HYBRID LNS / VND)
2026-04-03 13:23:19,533 -  -> Max Single Size  : 11
2026-04-03 13:23:19,533 -  -> Single Timeout   : 60.0s
2026-04-03 13:23:19,533 -  -> Max Pairwise Size: 10
2026-04-03 13:23:19,533 -  -> Pairwise Timeout : 500.0s
2026-04-03 13:23:19,533 -  -> Global Timeout   : 1200.0s
2026-04-03 13:23:19,534 -  -> Patience         : 20
2026-04-03 13:23:19,534 -  -> Max Iterations   : 150
2026-04-03 13:23:19,534 - Chi phí khởi điểm (kể cả phạt): 1932.00
2026-04-03 13:23:19,534 - =========================================
2026-04-03 13:23:19,534 - --- Iteration 1/150 (còn 1200s) ---
2026-04-03 13:23:19,692 -   [Inner 1] Relocate → 1918.00
2026-04-03 13:23:19,760 -   [Inner 1] Exchange → 1866.00
2026-04-03 13:23:20,232 -   [Inner 2] Relocate → 1863.00
2026-04-03 13:23:20,304 -   [Inner 2] Exchange → 1846.00
2026-04-03 13:23:20,592 -   [Inner 2] Single Route giảm: 8
2026-04-03 13:23:20,752 -   [Inner 3] Relocate → 1824.00
2026-04-03 13:23:20,820 -   [Inner 3] Exchange → 1813.00
2026-04-03 13:23:21,281 -   [Inner 4] Relocate → 1810.00
2026-04-03 13:23:21,348 -   [Inner 4] Exchange → 1802.00
2026-04-03 13:23:21,703 -   [Inner 4] Single Route giảm: 4
2026-04-03 13:23:21,859 -   [Inner 5] Relocate → 1769.00
2026-04-03 13:23:21,928 -   [Inner 5] Exchange → 1761.00
2026-04-03 13:23:22,395 -   [Inner 5] Single Route giảm: 7
2026-04-03 13:23:22,559 -   [Inner 6] Relocate → 1752.00
2026-04-03 13:23:22,626 -   [Inner 6] Exchange → 1750.00
2026-04-03 13:23:23,111 -   [Inner 6] Single Route giảm: 1
2026-04-03 13:23:23,340 -   [Inner 7] Exchange → 1747.00
2026-04-03 13:23:39,743 - => ITER 1: BEST COST MỚI = 1747.00
2026-04-03 13:23:39,743 - --- Iteration 2/150 (còn 1180s) ---
2026-04-03 13:23:56,206 - => ITER 2: Không cải thiện (no_improve=1/20)
2026-04-03 13:23:56,207 - --- Iteration 3/150 (còn 1163s) ---
2026-04-03 13:24:11,830 - => ITER 3: Không cải thiện (no_improve=2/20)
2026-04-03 13:24:11,830 - --- Iteration 4/150 (còn 1148s) ---
2026-04-03 13:24:26,626 - => ITER 4: Không cải thiện (no_improve=3/20)
2026-04-03 13:24:26,626 - --- Iteration 5/150 (còn 1133s) ---
2026-04-03 13:24:41,559 - => ITER 5: Không cải thiện (no_improve=4/20)
2026-04-03 13:24:41,559 - --- Iteration 6/150 (còn 1118s) ---
2026-04-03 13:24:56,509 - => ITER 6: Không cải thiện (no_improve=5/20)
2026-04-03 13:24:56,510 - --- Iteration 7/150 (còn 1103s) ---
2026-04-03 13:25:11,667 - => ITER 7: Không cải thiện (no_improve=6/20)
2026-04-03 13:25:11,668 - --- Iteration 8/150 (còn 1088s) ---
2026-04-03 13:25:27,614 - => ITER 8: Không cải thiện (no_improve=7/20)
2026-04-03 13:25:27,614 - --- Iteration 9/150 (còn 1072s) ---
2026-04-03 13:25:43,851 - => ITER 9: Không cải thiện (no_improve=8/20)
2026-04-03 13:25:43,852 - --- Iteration 10/150 (còn 1056s) ---
2026-04-03 13:25:50,219 -     [P-Timeout 500.0s]
2026-04-03 13:25:58,986 - => ITER 10: Không cải thiện (no_improve=9/20)
2026-04-03 13:25:58,986 - --- Iteration 11/150 (còn 1041s) ---
2026-04-03 13:26:13,892 - => ITER 11: Không cải thiện (no_improve=10/20)
2026-04-03 13:26:13,892 - --- Iteration 12/150 (còn 1026s) ---
2026-04-03 13:26:28,931 - => ITER 12: Không cải thiện (no_improve=11/20)
2026-04-03 13:26:28,931 - --- Iteration 13/150 (còn 1011s) ---
2026-04-03 13:26:44,068 - => ITER 13: Không cải thiện (no_improve=12/20)
2026-04-03 13:26:44,068 - --- Iteration 14/150 (còn 995s) ---
2026-04-03 13:26:59,705 - => ITER 14: Không cải thiện (no_improve=13/20)
2026-04-03 13:26:59,706 - --- Iteration 15/150 (còn 980s) ---
2026-04-03 13:27:15,811 - => ITER 15: Không cải thiện (no_improve=14/20)
2026-04-03 13:27:15,812 - --- Iteration 16/150 (còn 964s) ---
2026-04-03 13:27:31,859 - => ITER 16: Không cải thiện (no_improve=15/20)
2026-04-03 13:27:31,859 - --- Iteration 17/150 (còn 948s) ---
2026-04-03 13:27:46,714 - => ITER 17: Không cải thiện (no_improve=16/20)
2026-04-03 13:27:46,714 - --- Iteration 18/150 (còn 933s) ---
2026-04-03 13:28:01,107 - => ITER 18: Không cải thiện (no_improve=17/20)
2026-04-03 13:28:01,107 - --- Iteration 19/150 (còn 918s) ---
2026-04-03 13:28:15,695 - => ITER 19: Không cải thiện (no_improve=18/20)
2026-04-03 13:28:15,695 - --- Iteration 20/150 (còn 904s) ---
2026-04-03 13:28:30,393 - => ITER 20: Không cải thiện (no_improve=19/20)
2026-04-03 13:28:30,393 - --- Iteration 21/150 (còn 889s) ---
2026-04-03 13:28:45,089 - => ITER 21: Không cải thiện (no_improve=20/20)
2026-04-03 13:28:45,089 - Hoàn thành tối ưu trong 325.6s. Final Pure Cost: 1747
2026-04-03 13:28:45,089 - ======================================================================
2026-04-03 13:28:45,089 - BÁO CÁO TỔNG KẾT (SUMMARY)
2026-04-03 13:28:45,089 - ======================================================================
2026-04-03 13:28:45,090 -   1. Chi phí Clarke-Wright:     1993
2026-04-03 13:28:45,090 -   2. Chi phí sau Two-Opt:       1932
2026-04-03 13:28:45,090 -   3. Chi phí sau CPLEX:        1747
2026-04-03 13:28:45,090 -   => TỔNG CẢI THIỆN:            246
2026-04-03 13:28:45,090 -   => Số lần CPLEX Single cải thiện  : 5 lần
2026-04-03 13:28:45,090 -   => Số lần CPLEX Pairwise cải thiện: 0 lần
2026-04-03 13:28:45,090 -   => TỔNG THỜI GIAN CHẠY:       325.561s
2026-04-03 13:28:45,094 - ======================================================================
2026-04-03 13:28:45,094 - KHỞI CHẠY ADVANCED CVRP SOLVER CHO FILE: B-n64-k9.vrp
2026-04-03 13:28:45,094 - ======================================================================
2026-04-03 13:28:45,108 - Thông tin dữ liệu: Dimension=64, K=9, Capacity=100
2026-04-03 13:28:45,109 - --- Step 1: Clarke-Wright Heuristic ---
2026-04-03 13:28:45,118 -   Kết quả CW: Cost = 1388, Time = 0.009s
2026-04-03 13:28:45,118 - --- Step 2: Two-Opt Local Search ---
2026-04-03 13:28:45,120 -   Kết quả Two-Opt: Cost = 1332, Time = 0.002s
2026-04-03 13:28:45,120 - --- Step 3: Advanced Optimization (100% CPLEX) ---
2026-04-03 13:28:45,120 - =========================================
2026-04-03 13:28:45,120 - BẮT ĐẦU VÒNG LẶP OPTIMIZE CPLEX (HYBRID LNS / VND)
2026-04-03 13:28:45,120 -  -> Max Single Size  : 11
2026-04-03 13:28:45,120 -  -> Single Timeout   : 60.0s
2026-04-03 13:28:45,120 -  -> Max Pairwise Size: 10
2026-04-03 13:28:45,120 -  -> Pairwise Timeout : 500.0s
2026-04-03 13:28:45,120 -  -> Global Timeout   : 1200.0s
2026-04-03 13:28:45,121 -  -> Patience         : 20
2026-04-03 13:28:45,121 -  -> Max Iterations   : 150
2026-04-03 13:28:45,121 - Chi phí khởi điểm (kể cả phạt): 1332.00
2026-04-03 13:28:45,121 - =========================================
2026-04-03 13:28:45,121 - --- Iteration 1/150 (còn 1200s) ---
2026-04-03 13:28:45,272 -   [Inner 1] Relocate → 1329.00
2026-04-03 13:28:45,337 -   [Inner 1] Exchange → 1276.00
2026-04-03 13:28:46,294 -   [Inner 1] Single Route giảm: 2
2026-04-03 13:28:46,449 -   [Inner 2] Relocate → 1271.00
2026-04-03 13:28:46,517 -   [Inner 2] Exchange → 1240.00
2026-04-03 13:28:47,325 -   [Inner 2] Single Route giảm: 10
2026-04-03 13:28:47,485 -   [Inner 3] Relocate → 1210.00
2026-04-03 13:28:47,553 -   [Inner 3] Exchange → 1203.00
2026-04-03 13:28:48,550 -   [Inner 4] Relocate → 1202.00
2026-04-03 13:28:48,619 -   [Inner 4] Exchange → 1174.00
2026-04-03 13:28:49,580 -   [Inner 5] Relocate → 1160.00
2026-04-03 13:28:49,649 -   [Inner 5] Exchange → 1153.00
2026-04-03 13:28:50,427 -   [Inner 5] Single Route giảm: 55
2026-04-03 13:28:50,577 -   [Inner 6] Relocate → 1094.00
2026-04-03 13:28:50,648 -   [Inner 6] Exchange → 1093.00
2026-04-03 13:28:51,472 -   [Inner 6] Single Route giảm: 1
2026-04-03 13:28:51,621 -   [Inner 7] Relocate → 1088.00
2026-04-03 13:28:52,670 -   [Inner 8] Relocate → 1087.00
2026-04-03 13:28:53,655 -   [Inner 9] Relocate → 1086.00
2026-04-03 13:28:54,574 - => ITER 1: BEST COST MỚI = 1086.00
2026-04-03 13:28:54,574 - --- Iteration 2/150 (còn 1191s) ---
2026-04-03 13:28:55,104 - => ITER 2: Không cải thiện (no_improve=1/20)
2026-04-03 13:28:55,104 - --- Iteration 3/150 (còn 1190s) ---
2026-04-03 13:28:55,604 - => ITER 3: Không cải thiện (no_improve=2/20)
2026-04-03 13:28:55,605 - --- Iteration 4/150 (còn 1190s) ---
2026-04-03 13:28:56,143 - => ITER 4: Không cải thiện (no_improve=3/20)
2026-04-03 13:28:56,144 - --- Iteration 5/150 (còn 1189s) ---
2026-04-03 13:28:56,649 - => ITER 5: Không cải thiện (no_improve=4/20)
2026-04-03 13:28:56,649 - --- Iteration 6/150 (còn 1188s) ---
2026-04-03 13:28:57,158 - => ITER 6: Không cải thiện (no_improve=5/20)
2026-04-03 13:28:57,158 - --- Iteration 7/150 (còn 1188s) ---
2026-04-03 13:28:57,659 - => ITER 7: Không cải thiện (no_improve=6/20)
2026-04-03 13:28:57,659 - --- Iteration 8/150 (còn 1187s) ---
2026-04-03 13:28:58,169 - => ITER 8: Không cải thiện (no_improve=7/20)
2026-04-03 13:28:58,170 - --- Iteration 9/150 (còn 1187s) ---
2026-04-03 13:28:58,675 - => ITER 9: Không cải thiện (no_improve=8/20)
2026-04-03 13:28:58,675 - --- Iteration 10/150 (còn 1186s) ---
2026-04-03 13:28:59,213 - => ITER 10: Không cải thiện (no_improve=9/20)
2026-04-03 13:28:59,213 - --- Iteration 11/150 (còn 1186s) ---
2026-04-03 13:28:59,739 - => ITER 11: Không cải thiện (no_improve=10/20)
2026-04-03 13:28:59,739 - --- Iteration 12/150 (còn 1185s) ---
2026-04-03 13:29:00,254 - => ITER 12: Không cải thiện (no_improve=11/20)
2026-04-03 13:29:00,254 - --- Iteration 13/150 (còn 1185s) ---
2026-04-03 13:29:00,806 - => ITER 13: Không cải thiện (no_improve=12/20)
2026-04-03 13:29:00,806 - --- Iteration 14/150 (còn 1184s) ---
2026-04-03 13:29:01,312 - => ITER 14: Không cải thiện (no_improve=13/20)
2026-04-03 13:29:01,312 - --- Iteration 15/150 (còn 1184s) ---
2026-04-03 13:29:01,823 - => ITER 15: Không cải thiện (no_improve=14/20)
2026-04-03 13:29:01,823 - --- Iteration 16/150 (còn 1183s) ---
2026-04-03 13:29:02,359 - => ITER 16: Không cải thiện (no_improve=15/20)
2026-04-03 13:29:02,359 - --- Iteration 17/150 (còn 1183s) ---
2026-04-03 13:29:02,882 - => ITER 17: Không cải thiện (no_improve=16/20)
2026-04-03 13:29:02,882 - --- Iteration 18/150 (còn 1182s) ---
2026-04-03 13:29:03,399 - => ITER 18: Không cải thiện (no_improve=17/20)
2026-04-03 13:29:03,399 - --- Iteration 19/150 (còn 1182s) ---
2026-04-03 13:29:03,930 - => ITER 19: Không cải thiện (no_improve=18/20)
2026-04-03 13:29:03,930 - --- Iteration 20/150 (còn 1181s) ---
2026-04-03 13:29:04,431 - => ITER 20: Không cải thiện (no_improve=19/20)
2026-04-03 13:29:04,432 - --- Iteration 21/150 (còn 1181s) ---
2026-04-03 13:29:04,941 - => ITER 21: Không cải thiện (no_improve=20/20)
2026-04-03 13:29:04,941 - Hoàn thành tối ưu trong 19.8s. Final Pure Cost: 1086
2026-04-03 13:29:04,941 - ======================================================================
2026-04-03 13:29:04,941 - BÁO CÁO TỔNG KẾT (SUMMARY)
2026-04-03 13:29:04,941 - ======================================================================
2026-04-03 13:29:04,941 -   1. Chi phí Clarke-Wright:     1388
2026-04-03 13:29:04,941 -   2. Chi phí sau Two-Opt:       1332
2026-04-03 13:29:04,941 -   3. Chi phí sau CPLEX:        1086
2026-04-03 13:29:04,941 -   => TỔNG CẢI THIỆN:            302
2026-04-03 13:29:04,942 -   => Số lần CPLEX Single cải thiện  : 4 lần
2026-04-03 13:29:04,942 -   => Số lần CPLEX Pairwise cải thiện: 0 lần
2026-04-03 13:29:04,942 -   => TỔNG THỜI GIAN CHẠY:       19.832s
2026-04-03 13:29:04,946 - ======================================================================
2026-04-03 13:29:04,946 - KHỞI CHẠY ADVANCED CVRP SOLVER CHO FILE: B-n66-k9.vrp
2026-04-03 13:29:04,946 - ======================================================================
2026-04-03 13:29:04,961 - Thông tin dữ liệu: Dimension=66, K=9, Capacity=100
2026-04-03 13:29:04,961 - --- Step 1: Clarke-Wright Heuristic ---
2026-04-03 13:29:04,966 -   Kết quả CW: Cost = 1540, Time = 0.005s
2026-04-03 13:29:04,966 - --- Step 2: Two-Opt Local Search ---
2026-04-03 13:29:04,968 -   Kết quả Two-Opt: Cost = 1406, Time = 0.002s
2026-04-03 13:29:04,968 - --- Step 3: Advanced Optimization (100% CPLEX) ---
2026-04-03 13:29:04,969 - =========================================
2026-04-03 13:29:04,969 - BẮT ĐẦU VÒNG LẶP OPTIMIZE CPLEX (HYBRID LNS / VND)
2026-04-03 13:29:04,969 -  -> Max Single Size  : 11
2026-04-03 13:29:04,969 -  -> Single Timeout   : 60.0s
2026-04-03 13:29:04,969 -  -> Max Pairwise Size: 10
2026-04-03 13:29:04,969 -  -> Pairwise Timeout : 500.0s
2026-04-03 13:29:04,969 -  -> Global Timeout   : 1200.0s
2026-04-03 13:29:04,969 -  -> Patience         : 20
2026-04-03 13:29:04,969 -  -> Max Iterations   : 150
2026-04-03 13:29:04,969 - Chi phí khởi điểm (kể cả phạt): 1406.00
2026-04-03 13:29:04,969 - =========================================
2026-04-03 13:29:04,969 - --- Iteration 1/150 (còn 1200s) ---
2026-04-03 13:29:05,137 -   [Inner 1] Relocate → 1403.00
2026-04-03 13:29:05,209 -   [Inner 1] Exchange → 1394.00
2026-04-03 13:29:06,167 -   [Inner 1] Single Route giảm: 2
2026-04-03 13:29:06,328 -   [Inner 2] Relocate → 1391.00
2026-04-03 13:29:06,399 -   [Inner 2] Exchange → 1384.00
2026-04-03 13:29:08,007 -   [Inner 2] Single Route giảm: 2
2026-04-03 13:29:08,183 -   [Inner 3] Relocate → 1380.00
2026-04-03 13:29:08,259 -   [Inner 3] Exchange → 1377.00
2026-04-03 13:29:10,029 -   [Inner 4] Exchange → 1375.00
2026-04-03 13:29:11,768 -   [Inner 5] Exchange → 1373.00
2026-04-03 13:29:14,928 - => ITER 1: BEST COST MỚI = 1373.00
2026-04-03 13:29:14,928 - --- Iteration 2/150 (còn 1190s) ---
2026-04-03 13:29:16,593 - => ITER 2: Không cải thiện (no_improve=1/20)
2026-04-03 13:29:16,593 - --- Iteration 3/150 (còn 1188s) ---
2026-04-03 13:29:18,243 - => ITER 3: Không cải thiện (no_improve=2/20)
2026-04-03 13:29:18,243 - --- Iteration 4/150 (còn 1187s) ---
2026-04-03 13:29:20,020 - => ITER 4: Không cải thiện (no_improve=3/20)
2026-04-03 13:29:20,021 - --- Iteration 5/150 (còn 1185s) ---
2026-04-03 13:29:21,784 - => ITER 5: Không cải thiện (no_improve=4/20)
2026-04-03 13:29:21,785 - --- Iteration 6/150 (còn 1183s) ---
2026-04-03 13:29:23,551 - => ITER 6: Không cải thiện (no_improve=5/20)
2026-04-03 13:29:23,551 - --- Iteration 7/150 (còn 1181s) ---
2026-04-03 13:29:25,314 - => ITER 7: Không cải thiện (no_improve=6/20)
2026-04-03 13:29:25,314 - --- Iteration 8/150 (còn 1180s) ---
2026-04-03 13:29:27,036 - => ITER 8: Không cải thiện (no_improve=7/20)
2026-04-03 13:29:27,036 - --- Iteration 9/150 (còn 1178s) ---
2026-04-03 13:29:28,907 - => ITER 9: Không cải thiện (no_improve=8/20)
2026-04-03 13:29:28,907 - --- Iteration 10/150 (còn 1176s) ---
2026-04-03 13:29:30,725 - => ITER 10: Không cải thiện (no_improve=9/20)
2026-04-03 13:29:30,725 - --- Iteration 11/150 (còn 1174s) ---
2026-04-03 13:29:32,510 - => ITER 11: Không cải thiện (no_improve=10/20)
2026-04-03 13:29:32,510 - --- Iteration 12/150 (còn 1172s) ---
2026-04-03 13:29:34,396 - => ITER 12: Không cải thiện (no_improve=11/20)
2026-04-03 13:29:34,396 - --- Iteration 13/150 (còn 1171s) ---
2026-04-03 13:29:36,275 - => ITER 13: Không cải thiện (no_improve=12/20)
2026-04-03 13:29:36,275 - --- Iteration 14/150 (còn 1169s) ---
2026-04-03 13:29:38,465 - => ITER 14: Không cải thiện (no_improve=13/20)
2026-04-03 13:29:38,466 - --- Iteration 15/150 (còn 1167s) ---
2026-04-03 13:29:40,253 - => ITER 15: Không cải thiện (no_improve=14/20)
2026-04-03 13:29:40,254 - --- Iteration 16/150 (còn 1165s) ---
2026-04-03 13:29:42,074 - => ITER 16: Không cải thiện (no_improve=15/20)
2026-04-03 13:29:42,074 - --- Iteration 17/150 (còn 1163s) ---
2026-04-03 13:29:43,938 - => ITER 17: Không cải thiện (no_improve=16/20)
2026-04-03 13:29:43,939 - --- Iteration 18/150 (còn 1161s) ---
2026-04-03 13:29:45,754 - => ITER 18: Không cải thiện (no_improve=17/20)
2026-04-03 13:29:45,754 - --- Iteration 19/150 (còn 1159s) ---
2026-04-03 13:29:47,253 - === OUTER 2 | cost=862.00 outer_no_imp=0/3 (còn 459s) ===
2026-04-03 13:29:47,253 -   [Inner 2.1] cost=862.00 no_imp=0/20 (còn 459s)
2026-04-03 13:29:47,481 -   [Inner 2.2] cost=862.00 no_imp=2/20 (còn 459s)
2026-04-03 13:29:47,539 - => ITER 19: Không cải thiện (no_improve=18/20)
2026-04-03 13:29:47,539 - --- Iteration 20/150 (còn 1157s) ---
2026-04-03 13:29:47,716 -   [Inner 2.3] cost=862.00 no_imp=4/20 (còn 459s)
2026-04-03 13:29:47,948 -   [Inner 2.4] cost=862.00 no_imp=6/20 (còn 458s)
2026-04-03 13:29:48,213 -   [Inner 2.5] cost=862.00 no_imp=8/20 (còn 458s)
2026-04-03 13:29:48,465 -   [Inner 2.6] cost=862.00 no_imp=10/20 (còn 458s)
2026-04-03 13:29:48,727 -   [Inner 2.7] cost=862.00 no_imp=12/20 (còn 458s)
2026-04-03 13:29:48,976 -   [Inner 2.8] cost=862.00 no_imp=14/20 (còn 457s)
2026-04-03 13:29:49,216 -   [Inner 2.9] cost=862.00 no_imp=16/20 (còn 457s)
2026-04-03 13:29:49,309 - => ITER 20: Không cải thiện (no_improve=19/20)
2026-04-03 13:29:49,310 - --- Iteration 21/150 (còn 1156s) ---
2026-04-03 13:29:49,473 -   [Inner 2.10] cost=862.00 no_imp=18/20 (còn 457s)
2026-04-03 13:29:49,728 -   [Outer 2] Chạy Pairwise MaxSAT...
2026-04-03 13:29:51,148 - => ITER 21: Không cải thiện (no_improve=20/20)
2026-04-03 13:29:51,148 - Hoàn thành tối ưu trong 46.2s. Final Pure Cost: 1373
2026-04-03 13:29:51,148 - ======================================================================
2026-04-03 13:29:51,148 - BÁO CÁO TỔNG KẾT (SUMMARY)
2026-04-03 13:29:51,148 - ======================================================================
2026-04-03 13:29:51,149 -   1. Chi phí Clarke-Wright:     1540
2026-04-03 13:29:51,149 -   2. Chi phí sau Two-Opt:       1406
2026-04-03 13:29:51,149 -   3. Chi phí sau CPLEX:        1373
2026-04-03 13:29:51,149 -   => TỔNG CẢI THIỆN:            167
2026-04-03 13:29:51,149 -   => Số lần CPLEX Single cải thiện  : 3 lần
2026-04-03 13:29:51,149 -   => Số lần CPLEX Pairwise cải thiện: 0 lần
2026-04-03 13:29:51,149 -   => TỔNG THỜI GIAN CHẠY:       46.186s
2026-04-03 13:29:51,153 - ======================================================================
2026-04-03 13:29:51,153 - KHỞI CHẠY ADVANCED CVRP SOLVER CHO FILE: B-n67-k10.vrp
2026-04-03 13:29:51,153 - ======================================================================
2026-04-03 13:29:51,168 - Thông tin dữ liệu: Dimension=67, K=10, Capacity=100
2026-04-03 13:29:51,168 - --- Step 1: Clarke-Wright Heuristic ---
2026-04-03 13:29:51,172 -   Kết quả CW: Cost = 1302, Time = 0.004s
2026-04-03 13:29:51,172 - --- Step 2: Two-Opt Local Search ---
2026-04-03 13:29:51,174 -   Kết quả Two-Opt: Cost = 1208, Time = 0.002s
2026-04-03 13:29:51,174 - --- Step 3: Advanced Optimization (100% CPLEX) ---
2026-04-03 13:29:51,174 - =========================================
2026-04-03 13:29:51,174 - BẮT ĐẦU VÒNG LẶP OPTIMIZE CPLEX (HYBRID LNS / VND)
2026-04-03 13:29:51,174 -  -> Max Single Size  : 11
2026-04-03 13:29:51,174 -  -> Single Timeout   : 60.0s
2026-04-03 13:29:51,174 -  -> Max Pairwise Size: 10
2026-04-03 13:29:51,174 -  -> Pairwise Timeout : 500.0s
2026-04-03 13:29:51,174 -  -> Global Timeout   : 1200.0s
2026-04-03 13:29:51,175 -  -> Patience         : 20
2026-04-03 13:29:51,175 -  -> Max Iterations   : 150
2026-04-03 13:29:51,175 - Chi phí khởi điểm (kể cả phạt): 1208.00
2026-04-03 13:29:51,175 - =========================================
2026-04-03 13:29:51,175 - --- Iteration 1/150 (còn 1200s) ---
2026-04-03 13:29:51,364 -   [Inner 1] Relocate → 1188.00
2026-04-03 13:29:51,447 -   [Inner 1] Exchange → 1176.00
2026-04-03 13:29:52,212 -   [Inner 1] Single Route giảm: 2
2026-04-03 13:29:52,401 -   [Inner 2] Relocate → 1133.00
2026-04-03 13:29:52,488 -   [Inner 2] Exchange → 1127.00
2026-04-03 13:29:53,234 -   [Inner 2] Single Route giảm: 2
2026-04-03 13:29:53,544 -   [Inner 3] Relocate → 1110.00
2026-04-03 13:29:53,648 -   [Inner 3] Exchange → 1109.00
2026-04-03 13:29:53,879 -   [Inner 3] Single Route giảm: 2
2026-04-03 13:29:54,067 -   [Inner 4] Relocate → 1104.00
2026-04-03 13:29:54,647 -   [Inner 5] Relocate → 1102.00
2026-04-03 13:29:54,734 -   [Inner 5] Exchange → 1099.00
2026-04-03 13:29:54,960 -   [Inner 5] Single Route giảm: 5
2026-04-03 13:29:55,137 -   [Inner 6] Relocate → 1092.00
2026-04-03 13:30:05,140 - => ITER 1: BEST COST MỚI = 1092.00
2026-04-03 13:30:05,140 - --- Iteration 2/150 (còn 1186s) ---
2026-04-03 13:30:14,892 - => ITER 2: Không cải thiện (no_improve=1/20)
2026-04-03 13:30:14,892 - --- Iteration 3/150 (còn 1176s) ---
2026-04-03 13:30:24,554 - => ITER 3: Không cải thiện (no_improve=2/20)
2026-04-03 13:30:24,555 - --- Iteration 4/150 (còn 1167s) ---
2026-04-03 13:30:34,574 - => ITER 4: Không cải thiện (no_improve=3/20)
2026-04-03 13:30:34,575 - --- Iteration 5/150 (còn 1157s) ---
2026-04-03 13:30:44,224 - => ITER 5: Không cải thiện (no_improve=4/20)
2026-04-03 13:30:44,224 - --- Iteration 6/150 (còn 1147s) ---
2026-04-03 13:30:53,655 - => ITER 6: Không cải thiện (no_improve=5/20)
2026-04-03 13:30:53,655 - --- Iteration 7/150 (còn 1138s) ---
2026-04-03 13:31:03,017 - => ITER 7: Không cải thiện (no_improve=6/20)
2026-04-03 13:31:03,017 - --- Iteration 8/150 (còn 1128s) ---
