2026-04-04 03:14:26,399 - ======================================================================
2026-04-04 03:14:26,399 - FILE: B-n31-k5.vrp
2026-04-04 03:14:26,399 - ======================================================================
2026-04-04 03:14:26,401 - Dim=31 K=5 Cap=100
2026-04-04 03:14:26,401 - --- Clarke-Wright ---
2026-04-04 03:14:26,402 -   cost=748 time=0.00s
2026-04-04 03:14:26,402 - --- Two-Opt ---
2026-04-04 03:14:26,403 -   cost=730 time=0.00s
2026-04-04 03:14:26,404 - --- MaxSAT (2-tầng) ---
2026-04-04 03:14:26,404 - =========================================
2026-04-04 03:14:26,404 - BẮT ĐẦU OPTIMIZE (MaxSAT-RC2, 2-tầng)
2026-04-04 03:14:26,404 -   max_single=8  s_to=40.0s
2026-04-04 03:14:26,404 -   max_pair=9  p_to=15.0s
2026-04-04 03:14:26,404 -   n_pairs=5
2026-04-04 03:14:26,405 -   inner_patience=20  outer_patience=3
2026-04-04 03:14:26,405 -   global_timeout=1200.0s
2026-04-04 03:14:26,405 -   start_cost=730.00
2026-04-04 03:14:26,405 - =========================================
2026-04-04 03:14:26,405 - === OUTER 1 | cost=730.00 outer_no_imp=0/3 (còn 1200s) ===
2026-04-04 03:14:26,406 -   [Inner 1.1] cost=730.00 no_imp=0/20 (còn 1200s)
2026-04-04 03:14:26,411 -     [P1] Relocate → 722.00
2026-04-04 03:14:26,415 -     [P2] Exchange → 719.00
2026-04-04 03:14:26,612 -     [P3] Single +2
2026-04-04 03:14:26,612 -     → INNER BEST = 717.00
2026-04-04 03:14:26,612 -   [Inner 1.2] cost=717.00 no_imp=0/20 (còn 1200s)
2026-04-04 03:14:26,617 -     [P1] Relocate → 705.00
2026-04-04 03:14:26,753 -     → INNER BEST = 705.00
2026-04-04 03:14:26,753 -   [Inner 1.3] cost=705.00 no_imp=0/20 (còn 1200s)
2026-04-04 03:14:26,757 -     [P1] Relocate → 703.00
2026-04-04 03:14:26,868 -     → INNER BEST = 703.00
2026-04-04 03:14:26,868 -   [Inner 1.4] cost=703.00 no_imp=0/20 (còn 1200s)
2026-04-04 03:14:26,875 -     [P1] Relocate → 701.00
2026-04-04 03:14:27,027 -     → INNER BEST = 701.00
2026-04-04 03:14:27,028 -   [Inner 1.5] cost=701.00 no_imp=0/20 (còn 1199s)
2026-04-04 03:14:27,191 -   [Inner 1.6] cost=701.00 no_imp=2/20 (còn 1199s)
2026-04-04 03:14:27,334 -   [Inner 1.7] cost=701.00 no_imp=4/20 (còn 1199s)
2026-04-04 03:14:27,491 -   [Inner 1.8] cost=701.00 no_imp=6/20 (còn 1199s)
2026-04-04 03:14:27,635 -   [Inner 1.9] cost=701.00 no_imp=8/20 (còn 1199s)
2026-04-04 03:14:27,792 -   [Inner 1.10] cost=701.00 no_imp=10/20 (còn 1199s)
2026-04-04 03:14:27,938 -   [Inner 1.11] cost=701.00 no_imp=12/20 (còn 1198s)
2026-04-04 03:14:28,089 -   [Inner 1.12] cost=701.00 no_imp=14/20 (còn 1198s)
2026-04-04 03:14:28,224 -   [Inner 1.13] cost=701.00 no_imp=16/20 (còn 1198s)
2026-04-04 03:14:28,365 -   [Inner 1.14] cost=701.00 no_imp=18/20 (còn 1198s)
2026-04-04 03:14:28,510 -   [Outer] Inner cải thiện → best=701.00
2026-04-04 03:14:28,511 -   [Outer 1] Chạy Pairwise MaxSAT...
2026-04-04 03:14:43,516 -     [P-Timeout 15.0s]
2026-04-04 03:14:43,521 - === OUTER 2 | cost=701.00 outer_no_imp=0/3 (còn 1183s) ===
2026-04-04 03:14:43,522 -   [Inner 2.1] cost=701.00 no_imp=0/20 (còn 1183s)
2026-04-04 03:14:43,659 -   [Inner 2.2] cost=701.00 no_imp=2/20 (còn 1183s)
2026-04-04 03:14:43,801 -   [Inner 2.3] cost=701.00 no_imp=4/20 (còn 1183s)
2026-04-04 03:14:43,939 -   [Inner 2.4] cost=701.00 no_imp=6/20 (còn 1182s)
2026-04-04 03:14:44,088 -   [Inner 2.5] cost=701.00 no_imp=8/20 (còn 1182s)
2026-04-04 03:14:44,223 -   [Inner 2.6] cost=701.00 no_imp=10/20 (còn 1182s)
2026-04-04 03:14:44,359 -   [Inner 2.7] cost=701.00 no_imp=12/20 (còn 1182s)
2026-04-04 03:14:44,504 -   [Inner 2.8] cost=701.00 no_imp=14/20 (còn 1182s)
2026-04-04 03:14:44,646 -   [Inner 2.9] cost=701.00 no_imp=16/20 (còn 1182s)
2026-04-04 03:14:44,849 -   [Inner 2.10] cost=701.00 no_imp=18/20 (còn 1182s)
2026-04-04 03:14:45,016 -   [Outer 2] Chạy Pairwise MaxSAT...
2026-04-04 03:15:00,023 -     [P-Timeout 15.0s]
2026-04-04 03:15:00,028 -   [Outer] Không cải thiện (1/3)
2026-04-04 03:15:00,028 - === OUTER 3 | cost=701.00 outer_no_imp=1/3 (còn 1166s) ===
2026-04-04 03:15:00,028 -   [Inner 3.1] cost=701.00 no_imp=0/20 (còn 1166s)
2026-04-04 03:15:00,171 -   [Inner 3.2] cost=701.00 no_imp=2/20 (còn 1166s)
2026-04-04 03:15:00,318 -   [Inner 3.3] cost=701.00 no_imp=4/20 (còn 1166s)
2026-04-04 03:15:00,458 -   [Inner 3.4] cost=701.00 no_imp=6/20 (còn 1166s)
2026-04-04 03:15:00,600 -   [Inner 3.5] cost=701.00 no_imp=8/20 (còn 1166s)
2026-04-04 03:15:00,746 -   [Inner 3.6] cost=701.00 no_imp=10/20 (còn 1166s)
2026-04-04 03:15:00,892 -   [Inner 3.7] cost=701.00 no_imp=12/20 (còn 1166s)
2026-04-04 03:15:01,037 -   [Inner 3.8] cost=701.00 no_imp=14/20 (còn 1165s)
2026-04-04 03:15:01,183 -   [Inner 3.9] cost=701.00 no_imp=16/20 (còn 1165s)
2026-04-04 03:15:01,322 -   [Inner 3.10] cost=701.00 no_imp=18/20 (còn 1165s)
2026-04-04 03:15:01,456 -   [Outer 3] Chạy Pairwise MaxSAT...
2026-04-04 03:15:16,460 -     [P-Timeout 15.0s]
2026-04-04 03:15:16,466 -   [Outer] Không cải thiện (2/3)
2026-04-04 03:15:16,466 - === OUTER 4 | cost=701.00 outer_no_imp=2/3 (còn 1150s) ===
2026-04-04 03:15:16,466 -   [Inner 4.1] cost=701.00 no_imp=0/20 (còn 1150s)
2026-04-04 03:15:16,607 -   [Inner 4.2] cost=701.00 no_imp=2/20 (còn 1150s)
2026-04-04 03:15:16,739 -   [Inner 4.3] cost=701.00 no_imp=4/20 (còn 1150s)
2026-04-04 03:15:16,873 -   [Inner 4.4] cost=701.00 no_imp=6/20 (còn 1150s)
2026-04-04 03:15:17,012 -   [Inner 4.5] cost=701.00 no_imp=8/20 (còn 1149s)
2026-04-04 03:15:17,184 -   [Inner 4.6] cost=701.00 no_imp=10/20 (còn 1149s)
2026-04-04 03:15:17,335 -   [Inner 4.7] cost=701.00 no_imp=12/20 (còn 1149s)
2026-04-04 03:15:17,473 -   [Inner 4.8] cost=701.00 no_imp=14/20 (còn 1149s)
2026-04-04 03:15:17,610 -   [Inner 4.9] cost=701.00 no_imp=16/20 (còn 1149s)
2026-04-04 03:15:17,748 -   [Inner 4.10] cost=701.00 no_imp=18/20 (còn 1149s)
2026-04-04 03:15:17,893 -   [Outer 4] Chạy Pairwise MaxSAT...
2026-04-04 03:15:32,898 -     [P-Timeout 15.0s]
2026-04-04 03:15:32,903 -   [Outer] Không cải thiện (3/3)
2026-04-04 03:15:32,904 - Hoàn thành. cost=701.00 | time=66.5s | s_imp=1 s_to=0 | p_imp=0 p_to=4
2026-04-04 03:15:32,904 - ======================================================================
2026-04-04 03:15:32,904 - CW=748 → 2opt=730 → MaxSAT=701
2026-04-04 03:15:32,904 - Cải thiện so CW: 47
2026-04-04 03:15:32,904 - Total time: 66.5s
2026-04-04 03:15:32,904 - Verified cost: 701
2026-04-04 03:15:32,905 - ======================================================================
2026-04-04 03:15:32,906 - FILE: B-n34-k5.vrp
2026-04-04 03:15:32,906 - ======================================================================
2026-04-04 03:15:32,908 - Dim=34 K=5 Cap=100
2026-04-04 03:15:32,908 - --- Clarke-Wright ---
2026-04-04 03:15:32,909 -   cost=936 time=0.00s
2026-04-04 03:15:32,909 - --- Two-Opt ---
2026-04-04 03:15:32,911 -   cost=875 time=0.00s
2026-04-04 03:15:32,911 - --- MaxSAT (2-tầng) ---
2026-04-04 03:15:32,911 - =========================================
2026-04-04 03:15:32,911 - BẮT ĐẦU OPTIMIZE (MaxSAT-RC2, 2-tầng)
2026-04-04 03:15:32,911 -   max_single=8  s_to=40.0s
2026-04-04 03:15:32,911 -   max_pair=10  p_to=15.0s
2026-04-04 03:15:32,911 -   n_pairs=5
2026-04-04 03:15:32,911 -   inner_patience=20  outer_patience=3
2026-04-04 03:15:32,911 -   global_timeout=1200.0s
2026-04-04 03:15:32,911 -   start_cost=875.00
2026-04-04 03:15:32,911 - =========================================
2026-04-04 03:15:32,911 - === OUTER 1 | cost=875.00 outer_no_imp=0/3 (còn 1200s) ===
2026-04-04 03:15:32,911 -   [Inner 1.1] cost=875.00 no_imp=0/20 (còn 1200s)
2026-04-04 03:15:32,915 -     [P1] Relocate → 854.00
2026-04-04 03:15:32,918 -     [P2] Exchange → 841.00
2026-04-04 03:15:33,080 -     [P3] Single +2
2026-04-04 03:15:33,081 -     → INNER BEST = 839.00
2026-04-04 03:15:33,081 -   [Inner 1.2] cost=839.00 no_imp=0/20 (còn 1200s)
2026-04-04 03:15:33,085 -     [P1] Relocate → 833.00
2026-04-04 03:15:33,181 -     [P3] Single +1
2026-04-04 03:15:33,181 -     → INNER BEST = 832.00
2026-04-04 03:15:33,182 -   [Inner 1.3] cost=832.00 no_imp=0/20 (còn 1200s)
2026-04-04 03:15:33,186 -     [P1] Relocate → 831.00
2026-04-04 03:15:33,420 -     [P3] Single +1
2026-04-04 03:15:33,420 -     → INNER BEST = 830.00
2026-04-04 03:15:33,420 -   [Inner 1.4] cost=830.00 no_imp=0/20 (còn 1199s)
2026-04-04 03:15:33,424 -     [P1] Relocate → 829.00
2026-04-04 03:15:33,671 -     → INNER BEST = 829.00
2026-04-04 03:15:33,672 -   [Inner 1.5] cost=829.00 no_imp=0/20 (còn 1199s)
2026-04-04 03:15:33,949 -   [Inner 1.6] cost=829.00 no_imp=2/20 (còn 1199s)
2026-04-04 03:15:34,213 -   [Inner 1.7] cost=829.00 no_imp=4/20 (còn 1199s)
2026-04-04 03:15:34,465 -   [Inner 1.8] cost=829.00 no_imp=6/20 (còn 1198s)
2026-04-04 03:15:34,731 -   [Inner 1.9] cost=829.00 no_imp=8/20 (còn 1198s)
2026-04-04 03:15:34,999 -   [Inner 1.10] cost=829.00 no_imp=10/20 (còn 1198s)
2026-04-04 03:15:35,258 -   [Inner 1.11] cost=829.00 no_imp=12/20 (còn 1198s)
2026-04-04 03:15:35,514 -   [Inner 1.12] cost=829.00 no_imp=14/20 (còn 1197s)
2026-04-04 03:15:35,775 -   [Inner 1.13] cost=829.00 no_imp=16/20 (còn 1197s)
2026-04-04 03:15:36,040 -   [Inner 1.14] cost=829.00 no_imp=18/20 (còn 1197s)
2026-04-04 03:15:36,307 -   [Outer] Inner cải thiện → best=829.00
2026-04-04 03:15:36,307 -   [Outer 1] Chạy Pairwise MaxSAT...
2026-04-04 03:15:36,308 - === OUTER 2 | cost=829.00 outer_no_imp=0/3 (còn 1197s) ===
2026-04-04 03:15:36,308 -   [Inner 2.1] cost=829.00 no_imp=0/20 (còn 1197s)
2026-04-04 03:15:36,566 -   [Inner 2.2] cost=829.00 no_imp=2/20 (còn 1196s)
2026-04-04 03:15:36,848 -   [Inner 2.3] cost=829.00 no_imp=4/20 (còn 1196s)
2026-04-04 03:15:37,118 -   [Inner 2.4] cost=829.00 no_imp=6/20 (còn 1196s)
2026-04-04 03:15:37,388 -   [Inner 2.5] cost=829.00 no_imp=8/20 (còn 1196s)
2026-04-04 03:15:37,649 -   [Inner 2.6] cost=829.00 no_imp=10/20 (còn 1195s)
2026-04-04 03:15:37,923 -   [Inner 2.7] cost=829.00 no_imp=12/20 (còn 1195s)
2026-04-04 03:15:38,181 -   [Inner 2.8] cost=829.00 no_imp=14/20 (còn 1195s)
2026-04-04 03:15:38,442 -   [Inner 2.9] cost=829.00 no_imp=16/20 (còn 1194s)
2026-04-04 03:15:38,702 -   [Inner 2.10] cost=829.00 no_imp=18/20 (còn 1194s)
2026-04-04 03:15:38,956 -   [Outer 2] Chạy Pairwise MaxSAT...
2026-04-04 03:15:38,957 -   [Outer] Không cải thiện (1/3)
2026-04-04 03:15:38,957 - === OUTER 3 | cost=829.00 outer_no_imp=1/3 (còn 1194s) ===
2026-04-04 03:15:38,957 -   [Inner 3.1] cost=829.00 no_imp=0/20 (còn 1194s)
2026-04-04 03:15:39,233 -   [Inner 3.2] cost=829.00 no_imp=2/20 (còn 1194s)
2026-04-04 03:15:39,503 -   [Inner 3.3] cost=829.00 no_imp=4/20 (còn 1193s)
2026-04-04 03:15:39,764 -   [Inner 3.4] cost=829.00 no_imp=6/20 (còn 1193s)
2026-04-04 03:15:40,042 -   [Inner 3.5] cost=829.00 no_imp=8/20 (còn 1193s)
2026-04-04 03:15:40,304 -   [Inner 3.6] cost=829.00 no_imp=10/20 (còn 1193s)
2026-04-04 03:15:40,564 -   [Inner 3.7] cost=829.00 no_imp=12/20 (còn 1192s)
2026-04-04 03:15:40,831 -   [Inner 3.8] cost=829.00 no_imp=14/20 (còn 1192s)
2026-04-04 03:15:41,107 -   [Inner 3.9] cost=829.00 no_imp=16/20 (còn 1192s)
2026-04-04 03:15:41,363 -   [Inner 3.10] cost=829.00 no_imp=18/20 (còn 1192s)
2026-04-04 03:15:41,641 -   [Outer 3] Chạy Pairwise MaxSAT...
2026-04-04 03:15:41,642 -   [Outer] Không cải thiện (2/3)
2026-04-04 03:15:41,642 - === OUTER 4 | cost=829.00 outer_no_imp=2/3 (còn 1191s) ===
2026-04-04 03:15:41,642 -   [Inner 4.1] cost=829.00 no_imp=0/20 (còn 1191s)
2026-04-04 03:15:41,922 -   [Inner 4.2] cost=829.00 no_imp=2/20 (còn 1191s)
2026-04-04 03:15:42,192 -   [Inner 4.3] cost=829.00 no_imp=4/20 (còn 1191s)
2026-04-04 03:15:42,452 -   [Inner 4.4] cost=829.00 no_imp=6/20 (còn 1190s)
2026-04-04 03:15:42,736 -   [Inner 4.5] cost=829.00 no_imp=8/20 (còn 1190s)
2026-04-04 03:15:43,008 -   [Inner 4.6] cost=829.00 no_imp=10/20 (còn 1190s)
2026-04-04 03:15:43,270 -   [Inner 4.7] cost=829.00 no_imp=12/20 (còn 1190s)
2026-04-04 03:15:43,543 -   [Inner 4.8] cost=829.00 no_imp=14/20 (còn 1189s)
2026-04-04 03:15:43,812 -   [Inner 4.9] cost=829.00 no_imp=16/20 (còn 1189s)
2026-04-04 03:15:44,085 -   [Inner 4.10] cost=829.00 no_imp=18/20 (còn 1189s)
2026-04-04 03:15:44,348 -   [Outer 4] Chạy Pairwise MaxSAT...
2026-04-04 03:15:44,348 -   [Outer] Không cải thiện (3/3)
2026-04-04 03:15:44,348 - Hoàn thành. cost=829.00 | time=11.4s | s_imp=3 s_to=0 | p_imp=0 p_to=0
2026-04-04 03:15:44,348 - ======================================================================
2026-04-04 03:15:44,348 - CW=936 → 2opt=875 → MaxSAT=829
2026-04-04 03:15:44,348 - Cải thiện so CW: 107
2026-04-04 03:15:44,348 - Total time: 11.4s
2026-04-04 03:15:44,348 - Verified cost: 829
2026-04-04 03:15:44,353 - ======================================================================
2026-04-04 03:15:44,353 - FILE: B-n35-k5.vrp
2026-04-04 03:15:44,353 - ======================================================================
2026-04-04 03:15:44,363 - Dim=35 K=5 Cap=100
2026-04-04 03:15:44,364 - --- Clarke-Wright ---
2026-04-04 03:15:44,365 -   cost=1016 time=0.00s
2026-04-04 03:15:44,365 - --- Two-Opt ---
2026-04-04 03:15:44,366 -   cost=973 time=0.00s
2026-04-04 03:15:44,366 - --- MaxSAT (2-tầng) ---
2026-04-04 03:15:44,366 - =========================================
2026-04-04 03:15:44,366 - BẮT ĐẦU OPTIMIZE (MaxSAT-RC2, 2-tầng)
2026-04-04 03:15:44,366 -   max_single=8  s_to=40.0s
2026-04-04 03:15:44,366 -   max_pair=10  p_to=15.0s
2026-04-04 03:15:44,366 -   n_pairs=5
2026-04-04 03:15:44,366 -   inner_patience=20  outer_patience=3
2026-04-04 03:15:44,366 -   global_timeout=1200.0s
2026-04-04 03:15:44,366 -   start_cost=973.00
2026-04-04 03:15:44,366 - =========================================
2026-04-04 03:15:44,366 - === OUTER 1 | cost=973.00 outer_no_imp=0/3 (còn 1200s) ===
2026-04-04 03:15:44,366 -   [Inner 1.1] cost=973.00 no_imp=0/20 (còn 1200s)
2026-04-04 03:15:44,370 -     [P1] Relocate → 971.00
2026-04-04 03:15:44,514 -     [P3] Single +1
2026-04-04 03:15:44,514 -     → INNER BEST = 970.00
2026-04-04 03:15:44,515 -   [Inner 1.2] cost=970.00 no_imp=0/20 (còn 1200s)
2026-04-04 03:15:44,613 -   [Inner 1.3] cost=970.00 no_imp=2/20 (còn 1200s)
2026-04-04 03:15:44,713 -   [Inner 1.4] cost=970.00 no_imp=4/20 (còn 1200s)
2026-04-04 03:15:44,816 -   [Inner 1.5] cost=970.00 no_imp=6/20 (còn 1200s)
2026-04-04 03:15:44,907 -   [Inner 1.6] cost=970.00 no_imp=8/20 (còn 1199s)
2026-04-04 03:15:45,004 -   [Inner 1.7] cost=970.00 no_imp=10/20 (còn 1199s)
2026-04-04 03:15:45,098 -   [Inner 1.8] cost=970.00 no_imp=12/20 (còn 1199s)
2026-04-04 03:15:45,207 -   [Inner 1.9] cost=970.00 no_imp=14/20 (còn 1199s)
2026-04-04 03:15:45,310 -   [Inner 1.10] cost=970.00 no_imp=16/20 (còn 1199s)
2026-04-04 03:15:45,410 -   [Inner 1.11] cost=970.00 no_imp=18/20 (còn 1199s)
2026-04-04 03:15:45,509 -   [Outer] Inner cải thiện → best=970.00
2026-04-04 03:15:45,509 -   [Outer 1] Chạy Pairwise MaxSAT...
2026-04-04 03:15:45,510 - === OUTER 2 | cost=970.00 outer_no_imp=0/3 (còn 1199s) ===
2026-04-04 03:15:45,510 -   [Inner 2.1] cost=970.00 no_imp=0/20 (còn 1199s)
2026-04-04 03:15:45,608 -   [Inner 2.2] cost=970.00 no_imp=2/20 (còn 1199s)
2026-04-04 03:15:45,708 -   [Inner 2.3] cost=970.00 no_imp=4/20 (còn 1199s)
2026-04-04 03:15:45,808 -   [Inner 2.4] cost=970.00 no_imp=6/20 (còn 1199s)
2026-04-04 03:15:45,908 -   [Inner 2.5] cost=970.00 no_imp=8/20 (còn 1198s)
2026-04-04 03:15:46,013 -   [Inner 2.6] cost=970.00 no_imp=10/20 (còn 1198s)
2026-04-04 03:15:46,106 -   [Inner 2.7] cost=970.00 no_imp=12/20 (còn 1198s)
2026-04-04 03:15:46,207 -   [Inner 2.8] cost=970.00 no_imp=14/20 (còn 1198s)
2026-04-04 03:15:46,306 -   [Inner 2.9] cost=970.00 no_imp=16/20 (còn 1198s)
2026-04-04 03:15:46,412 -   [Inner 2.10] cost=970.00 no_imp=18/20 (còn 1198s)
2026-04-04 03:15:46,513 -   [Outer 2] Chạy Pairwise MaxSAT...
2026-04-04 03:15:46,514 -   [Outer] Không cải thiện (1/3)
2026-04-04 03:15:46,514 - === OUTER 3 | cost=970.00 outer_no_imp=1/3 (còn 1198s) ===
2026-04-04 03:15:46,514 -   [Inner 3.1] cost=970.00 no_imp=0/20 (còn 1198s)
2026-04-04 03:15:46,619 -   [Inner 3.2] cost=970.00 no_imp=2/20 (còn 1198s)
2026-04-04 03:15:46,720 -   [Inner 3.3] cost=970.00 no_imp=4/20 (còn 1198s)
2026-04-04 03:15:46,820 -   [Inner 3.4] cost=970.00 no_imp=6/20 (còn 1198s)
2026-04-04 03:15:46,921 -   [Inner 3.5] cost=970.00 no_imp=8/20 (còn 1197s)
2026-04-04 03:15:47,022 -   [Inner 3.6] cost=970.00 no_imp=10/20 (còn 1197s)
2026-04-04 03:15:47,124 -   [Inner 3.7] cost=970.00 no_imp=12/20 (còn 1197s)
2026-04-04 03:15:47,230 -   [Inner 3.8] cost=970.00 no_imp=14/20 (còn 1197s)
2026-04-04 03:15:47,328 -   [Inner 3.9] cost=970.00 no_imp=16/20 (còn 1197s)
2026-04-04 03:15:47,431 -   [Inner 3.10] cost=970.00 no_imp=18/20 (còn 1197s)
2026-04-04 03:15:47,530 -   [Outer 3] Chạy Pairwise MaxSAT...
2026-04-04 03:15:47,531 -   [Outer] Không cải thiện (2/3)
2026-04-04 03:15:47,531 - === OUTER 4 | cost=970.00 outer_no_imp=2/3 (còn 1197s) ===
2026-04-04 03:15:47,531 -   [Inner 4.1] cost=970.00 no_imp=0/20 (còn 1197s)
2026-04-04 03:15:47,634 -   [Inner 4.2] cost=970.00 no_imp=2/20 (còn 1197s)
2026-04-04 03:15:47,735 -   [Inner 4.3] cost=970.00 no_imp=4/20 (còn 1197s)
2026-04-04 03:15:47,840 -   [Inner 4.4] cost=970.00 no_imp=6/20 (còn 1197s)
2026-04-04 03:15:47,939 -   [Inner 4.5] cost=970.00 no_imp=8/20 (còn 1196s)
2026-04-04 03:15:48,051 -   [Inner 4.6] cost=970.00 no_imp=10/20 (còn 1196s)
2026-04-04 03:15:48,164 -   [Inner 4.7] cost=970.00 no_imp=12/20 (còn 1196s)
2026-04-04 03:15:48,263 -   [Inner 4.8] cost=970.00 no_imp=14/20 (còn 1196s)
2026-04-04 03:15:48,365 -   [Inner 4.9] cost=970.00 no_imp=16/20 (còn 1196s)
2026-04-04 03:15:48,465 -   [Inner 4.10] cost=970.00 no_imp=18/20 (còn 1196s)
2026-04-04 03:15:48,564 -   [Outer 4] Chạy Pairwise MaxSAT...
2026-04-04 03:15:48,564 -   [Outer] Không cải thiện (3/3)
2026-04-04 03:15:48,564 - Hoàn thành. cost=970.00 | time=4.2s | s_imp=1 s_to=0 | p_imp=0 p_to=0
2026-04-04 03:15:48,565 - ======================================================================
2026-04-04 03:15:48,565 - CW=1016 → 2opt=973 → MaxSAT=970
2026-04-04 03:15:48,565 - Cải thiện so CW: 46
2026-04-04 03:15:48,565 - Total time: 4.2s
2026-04-04 03:15:48,565 - Verified cost: 970
2026-04-04 03:15:48,572 - ======================================================================
2026-04-04 03:15:48,572 - FILE: B-n38-k6.vrp
2026-04-04 03:15:48,572 - ======================================================================
2026-04-04 03:15:48,581 - Dim=38 K=6 Cap=100
2026-04-04 03:15:48,581 - --- Clarke-Wright ---
2026-04-04 03:15:48,582 -   cost=961 time=0.00s
2026-04-04 03:15:48,583 - --- Two-Opt ---
2026-04-04 03:15:48,584 -   cost=912 time=0.00s
2026-04-04 03:15:48,584 - --- MaxSAT (2-tầng) ---
2026-04-04 03:15:48,584 - =========================================
2026-04-04 03:15:48,584 - BẮT ĐẦU OPTIMIZE (MaxSAT-RC2, 2-tầng)
2026-04-04 03:15:48,585 -   max_single=8  s_to=40.0s
2026-04-04 03:15:48,585 -   max_pair=9  p_to=15.0s
2026-04-04 03:15:48,585 -   n_pairs=5
2026-04-04 03:15:48,585 -   inner_patience=20  outer_patience=3
2026-04-04 03:15:48,585 -   global_timeout=1200.0s
2026-04-04 03:15:48,585 -   start_cost=912.00
2026-04-04 03:15:48,585 - =========================================
2026-04-04 03:15:48,585 - === OUTER 1 | cost=912.00 outer_no_imp=0/3 (còn 1200s) ===
2026-04-04 03:15:48,585 -   [Inner 1.1] cost=912.00 no_imp=0/20 (còn 1200s)
2026-04-04 03:15:48,591 -     [P1] Relocate → 900.00
2026-04-04 03:15:48,596 -     [P2] Exchange → 886.00
2026-04-04 03:15:48,706 -     → INNER BEST = 886.00
2026-04-04 03:15:48,707 -   [Inner 1.2] cost=886.00 no_imp=0/20 (còn 1200s)
2026-04-04 03:15:48,711 -     [P1] Relocate → 881.00
2026-04-04 03:15:48,715 -     [P2] Exchange → 877.00
2026-04-04 03:15:48,823 -     [P3] Single +3
2026-04-04 03:15:48,824 -     → INNER BEST = 874.00
2026-04-04 03:15:48,824 -   [Inner 1.3] cost=874.00 no_imp=0/20 (còn 1200s)
2026-04-04 03:15:48,829 -     [P1] Relocate → 870.00
2026-04-04 03:15:48,936 -     → INNER BEST = 870.00
2026-04-04 03:15:48,936 -   [Inner 1.4] cost=870.00 no_imp=0/20 (còn 1200s)
2026-04-04 03:15:48,941 -     [P1] Relocate → 867.00
2026-04-04 03:15:49,054 -     → INNER BEST = 867.00
2026-04-04 03:15:49,055 -   [Inner 1.5] cost=867.00 no_imp=0/20 (còn 1200s)
2026-04-04 03:15:49,059 -     [P1] Relocate → 865.00
2026-04-04 03:15:49,170 -     → INNER BEST = 865.00
2026-04-04 03:15:49,171 -   [Inner 1.6] cost=865.00 no_imp=0/20 (còn 1199s)
2026-04-04 03:15:49,294 -   [Inner 1.7] cost=865.00 no_imp=2/20 (còn 1199s)
2026-04-04 03:15:49,415 -   [Inner 1.8] cost=865.00 no_imp=4/20 (còn 1199s)
2026-04-04 03:15:49,534 -   [Inner 1.9] cost=865.00 no_imp=6/20 (còn 1199s)
2026-04-04 03:15:49,652 -   [Inner 1.10] cost=865.00 no_imp=8/20 (còn 1199s)
2026-04-04 03:15:49,768 -   [Inner 1.11] cost=865.00 no_imp=10/20 (còn 1199s)
2026-04-04 03:15:49,892 -   [Inner 1.12] cost=865.00 no_imp=12/20 (còn 1199s)
2026-04-04 03:15:50,013 -   [Inner 1.13] cost=865.00 no_imp=14/20 (còn 1199s)
2026-04-04 03:15:50,150 -   [Inner 1.14] cost=865.00 no_imp=16/20 (còn 1198s)
2026-04-04 03:15:50,264 -   [Inner 1.15] cost=865.00 no_imp=18/20 (còn 1198s)
2026-04-04 03:15:50,398 -   [Outer] Inner cải thiện → best=865.00
2026-04-04 03:15:50,398 -   [Outer 1] Chạy Pairwise MaxSAT...
2026-04-04 03:15:50,398 - === OUTER 2 | cost=865.00 outer_no_imp=0/3 (còn 1198s) ===
2026-04-04 03:15:50,398 -   [Inner 2.1] cost=865.00 no_imp=0/20 (còn 1198s)
2026-04-04 03:15:50,516 -   [Inner 2.2] cost=865.00 no_imp=2/20 (còn 1198s)
2026-04-04 03:15:50,636 -   [Inner 2.3] cost=865.00 no_imp=4/20 (còn 1198s)
2026-04-04 03:15:50,753 -   [Inner 2.4] cost=865.00 no_imp=6/20 (còn 1198s)
2026-04-04 03:15:50,900 -   [Inner 2.5] cost=865.00 no_imp=8/20 (còn 1198s)
2026-04-04 03:15:51,018 -   [Inner 2.6] cost=865.00 no_imp=10/20 (còn 1198s)
2026-04-04 03:15:51,140 -   [Inner 2.7] cost=865.00 no_imp=12/20 (còn 1197s)
2026-04-04 03:15:51,259 -   [Inner 2.8] cost=865.00 no_imp=14/20 (còn 1197s)
2026-04-04 03:15:51,385 -   [Inner 2.9] cost=865.00 no_imp=16/20 (còn 1197s)
2026-04-04 03:15:51,505 -   [Inner 2.10] cost=865.00 no_imp=18/20 (còn 1197s)
2026-04-04 03:15:51,622 -   [Outer 2] Chạy Pairwise MaxSAT...
2026-04-04 03:15:51,623 -   [Outer] Không cải thiện (1/3)
2026-04-04 03:15:51,623 - === OUTER 3 | cost=865.00 outer_no_imp=1/3 (còn 1197s) ===
2026-04-04 03:15:51,623 -   [Inner 3.1] cost=865.00 no_imp=0/20 (còn 1197s)
2026-04-04 03:15:51,740 -   [Inner 3.2] cost=865.00 no_imp=2/20 (còn 1197s)
2026-04-04 03:15:51,858 -   [Inner 3.3] cost=865.00 no_imp=4/20 (còn 1197s)
2026-04-04 03:15:51,976 -   [Inner 3.4] cost=865.00 no_imp=6/20 (còn 1197s)
2026-04-04 03:15:52,102 -   [Inner 3.5] cost=865.00 no_imp=8/20 (còn 1196s)
2026-04-04 03:15:52,223 -   [Inner 3.6] cost=865.00 no_imp=10/20 (còn 1196s)
2026-04-04 03:15:52,345 -   [Inner 3.7] cost=865.00 no_imp=12/20 (còn 1196s)
2026-04-04 03:15:52,456 -   [Inner 3.8] cost=865.00 no_imp=14/20 (còn 1196s)
2026-04-04 03:15:52,586 -   [Inner 3.9] cost=865.00 no_imp=16/20 (còn 1196s)
2026-04-04 03:15:52,701 -   [Inner 3.10] cost=865.00 no_imp=18/20 (còn 1196s)
2026-04-04 03:15:52,818 -   [Outer 3] Chạy Pairwise MaxSAT...
2026-04-04 03:15:52,818 -   [Outer] Không cải thiện (2/3)
2026-04-04 03:15:52,818 - === OUTER 4 | cost=865.00 outer_no_imp=2/3 (còn 1196s) ===
2026-04-04 03:15:52,819 -   [Inner 4.1] cost=865.00 no_imp=0/20 (còn 1196s)
2026-04-04 03:15:52,935 -   [Inner 4.2] cost=865.00 no_imp=2/20 (còn 1196s)
2026-04-04 03:15:53,052 -   [Inner 4.3] cost=865.00 no_imp=4/20 (còn 1196s)
2026-04-04 03:15:53,167 -   [Inner 4.4] cost=865.00 no_imp=6/20 (còn 1195s)
2026-04-04 03:15:53,292 -   [Inner 4.5] cost=865.00 no_imp=8/20 (còn 1195s)
2026-04-04 03:15:53,413 -   [Inner 4.6] cost=865.00 no_imp=10/20 (còn 1195s)
2026-04-04 03:15:53,537 -   [Inner 4.7] cost=865.00 no_imp=12/20 (còn 1195s)
2026-04-04 03:15:53,656 -   [Inner 4.8] cost=865.00 no_imp=14/20 (còn 1195s)
2026-04-04 03:15:53,766 -   [Inner 4.9] cost=865.00 no_imp=16/20 (còn 1195s)
2026-04-04 03:15:53,904 -   [Inner 4.10] cost=865.00 no_imp=18/20 (còn 1195s)
2026-04-04 03:15:54,021 -   [Outer 4] Chạy Pairwise MaxSAT...
2026-04-04 03:15:54,021 -   [Outer] Không cải thiện (3/3)
2026-04-04 03:15:54,022 - Hoàn thành. cost=865.00 | time=5.4s | s_imp=2 s_to=0 | p_imp=0 p_to=0
2026-04-04 03:15:54,022 - ======================================================================
2026-04-04 03:15:54,022 - CW=961 → 2opt=912 → MaxSAT=865
2026-04-04 03:15:54,022 - Cải thiện so CW: 96
2026-04-04 03:15:54,022 - Total time: 5.4s
2026-04-04 03:15:54,022 - Verified cost: 865
2026-04-04 03:15:54,027 - ======================================================================
2026-04-04 03:15:54,027 - FILE: B-n39-k5.vrp
2026-04-04 03:15:54,027 - ======================================================================
2026-04-04 03:15:54,030 - Dim=39 K=5 Cap=100
2026-04-04 03:15:54,030 - --- Clarke-Wright ---
2026-04-04 03:15:54,033 -   cost=695 time=0.00s
2026-04-04 03:15:54,034 - --- Two-Opt ---
2026-04-04 03:15:54,035 -   cost=660 time=0.00s
2026-04-04 03:15:54,035 - --- MaxSAT (2-tầng) ---
2026-04-04 03:15:54,035 - =========================================
2026-04-04 03:15:54,035 - BẮT ĐẦU OPTIMIZE (MaxSAT-RC2, 2-tầng)
2026-04-04 03:15:54,035 -   max_single=8  s_to=40.0s
2026-04-04 03:15:54,036 -   max_pair=11  p_to=15.0s
2026-04-04 03:15:54,036 -   n_pairs=5
2026-04-04 03:15:54,036 -   inner_patience=20  outer_patience=3
2026-04-04 03:15:54,036 -   global_timeout=1200.0s
2026-04-04 03:15:54,036 -   start_cost=660.00
2026-04-04 03:15:54,036 - =========================================
2026-04-04 03:15:54,036 - === OUTER 1 | cost=660.00 outer_no_imp=0/3 (còn 1200s) ===
2026-04-04 03:15:54,036 -   [Inner 1.1] cost=660.00 no_imp=0/20 (còn 1200s)
2026-04-04 03:15:54,043 -     [P1] Relocate → 651.00
2026-04-04 03:15:54,048 -     [P2] Exchange → 650.00
2026-04-04 03:15:54,955 -     [P3] Single +3
2026-04-04 03:15:54,955 -     → INNER BEST = 647.00
2026-04-04 03:15:54,955 -   [Inner 1.2] cost=647.00 no_imp=0/20 (còn 1199s)
2026-04-04 03:15:54,960 -     [P1] Relocate → 637.00
2026-04-04 03:15:55,846 -     → INNER BEST = 637.00
2026-04-04 03:15:55,847 -   [Inner 1.3] cost=637.00 no_imp=0/20 (còn 1198s)
2026-04-04 03:15:55,852 -     [P1] Relocate → 634.00
2026-04-04 03:15:56,847 -     → INNER BEST = 634.00
2026-04-04 03:15:56,848 -   [Inner 1.4] cost=634.00 no_imp=0/20 (còn 1197s)
2026-04-04 03:15:56,853 -     [P1] Relocate → 631.00
2026-04-04 03:15:57,833 -     → INNER BEST = 631.00
2026-04-04 03:15:57,833 -   [Inner 1.5] cost=631.00 no_imp=0/20 (còn 1196s)
2026-04-04 03:15:58,801 -   [Inner 1.6] cost=631.00 no_imp=2/20 (còn 1195s)
2026-04-04 03:15:59,799 -   [Inner 1.7] cost=631.00 no_imp=4/20 (còn 1194s)
2026-04-04 03:16:00,782 -   [Inner 1.8] cost=631.00 no_imp=6/20 (còn 1193s)
2026-04-04 03:16:01,724 -   [Inner 1.9] cost=631.00 no_imp=8/20 (còn 1192s)
2026-04-04 03:16:02,704 -   [Inner 1.10] cost=631.00 no_imp=10/20 (còn 1191s)
2026-04-04 03:16:03,720 -   [Inner 1.11] cost=631.00 no_imp=12/20 (còn 1190s)
2026-04-04 03:16:04,699 -   [Inner 1.12] cost=631.00 no_imp=14/20 (còn 1189s)
2026-04-04 03:16:05,669 -   [Inner 1.13] cost=631.00 no_imp=16/20 (còn 1188s)
2026-04-04 03:16:06,636 -   [Inner 1.14] cost=631.00 no_imp=18/20 (còn 1187s)
2026-04-04 03:16:07,589 -   [Outer] Inner cải thiện → best=631.00
2026-04-04 03:16:07,590 -   [Outer 1] Chạy Pairwise MaxSAT...
2026-04-04 03:16:22,597 -     [P-Timeout 15.0s]
2026-04-04 03:16:22,604 - === OUTER 2 | cost=631.00 outer_no_imp=0/3 (còn 1171s) ===
2026-04-04 03:16:22,604 -   [Inner 2.1] cost=631.00 no_imp=0/20 (còn 1171s)
2026-04-04 03:16:23,587 -   [Inner 2.2] cost=631.00 no_imp=2/20 (còn 1170s)
2026-04-04 03:16:24,541 -   [Inner 2.3] cost=631.00 no_imp=4/20 (còn 1169s)
2026-04-04 03:16:25,517 -   [Inner 2.4] cost=631.00 no_imp=6/20 (còn 1169s)
2026-04-04 03:16:26,504 -   [Inner 2.5] cost=631.00 no_imp=8/20 (còn 1168s)
2026-04-04 03:16:27,469 -   [Inner 2.6] cost=631.00 no_imp=10/20 (còn 1167s)
2026-04-04 03:16:28,413 -   [Inner 2.7] cost=631.00 no_imp=12/20 (còn 1166s)
2026-04-04 03:16:29,387 -   [Inner 2.8] cost=631.00 no_imp=14/20 (còn 1165s)
2026-04-04 03:16:30,357 -   [Inner 2.9] cost=631.00 no_imp=16/20 (còn 1164s)
2026-04-04 03:16:31,327 -   [Inner 2.10] cost=631.00 no_imp=18/20 (còn 1163s)
2026-04-04 03:16:32,322 -   [Outer 2] Chạy Pairwise MaxSAT...
2026-04-04 03:16:47,326 -     [P-Timeout 15.0s]
2026-04-04 03:16:47,333 -   [Outer] Không cải thiện (1/3)
2026-04-04 03:16:47,333 - === OUTER 3 | cost=631.00 outer_no_imp=1/3 (còn 1147s) ===
2026-04-04 03:16:47,334 -   [Inner 3.1] cost=631.00 no_imp=0/20 (còn 1147s)
2026-04-04 03:16:48,329 -   [Inner 3.2] cost=631.00 no_imp=2/20 (còn 1146s)
2026-04-04 03:16:49,356 -   [Inner 3.3] cost=631.00 no_imp=4/20 (còn 1145s)
2026-04-04 03:16:50,313 -   [Inner 3.4] cost=631.00 no_imp=6/20 (còn 1144s)
2026-04-04 03:16:51,292 -   [Inner 3.5] cost=631.00 no_imp=8/20 (còn 1143s)
2026-04-04 03:16:52,391 -   [Inner 3.6] cost=631.00 no_imp=10/20 (còn 1142s)
2026-04-04 03:16:53,415 -   [Inner 3.7] cost=631.00 no_imp=12/20 (còn 1141s)
2026-04-04 03:16:54,385 -   [Inner 3.8] cost=631.00 no_imp=14/20 (còn 1140s)
2026-04-04 03:16:55,327 -   [Inner 3.9] cost=631.00 no_imp=16/20 (còn 1139s)
2026-04-04 03:16:56,311 -   [Inner 3.10] cost=631.00 no_imp=18/20 (còn 1138s)
2026-04-04 03:16:57,293 -   [Outer 3] Chạy Pairwise MaxSAT...
2026-04-04 03:17:12,297 -     [P-Timeout 15.0s]
2026-04-04 03:17:12,304 -   [Outer] Không cải thiện (2/3)
2026-04-04 03:17:12,304 - === OUTER 4 | cost=631.00 outer_no_imp=2/3 (còn 1122s) ===
2026-04-04 03:17:12,304 -   [Inner 4.1] cost=631.00 no_imp=0/20 (còn 1122s)
2026-04-04 03:17:13,283 -   [Inner 4.2] cost=631.00 no_imp=2/20 (còn 1121s)
2026-04-04 03:17:14,238 -   [Inner 4.3] cost=631.00 no_imp=4/20 (còn 1120s)
2026-04-04 03:17:15,212 -   [Inner 4.4] cost=631.00 no_imp=6/20 (còn 1119s)
2026-04-04 03:17:16,139 -   [Inner 4.5] cost=631.00 no_imp=8/20 (còn 1118s)
2026-04-04 03:17:17,140 -   [Inner 4.6] cost=631.00 no_imp=10/20 (còn 1117s)
2026-04-04 03:17:18,112 -   [Inner 4.7] cost=631.00 no_imp=12/20 (còn 1116s)
2026-04-04 03:17:19,088 -   [Inner 4.8] cost=631.00 no_imp=14/20 (còn 1115s)
2026-04-04 03:17:20,047 -   [Inner 4.9] cost=631.00 no_imp=16/20 (còn 1114s)
2026-04-04 03:17:21,011 -   [Inner 4.10] cost=631.00 no_imp=18/20 (còn 1113s)
2026-04-04 03:17:22,009 -   [Outer 4] Chạy Pairwise MaxSAT...
2026-04-04 03:17:37,013 -     [P-Timeout 15.0s]
2026-04-04 03:17:37,020 -   [Outer] Không cải thiện (3/3)
2026-04-04 03:17:37,021 - Hoàn thành. cost=631.00 | time=103.0s | s_imp=1 s_to=0 | p_imp=0 p_to=4
2026-04-04 03:17:37,021 - ======================================================================
2026-04-04 03:17:37,021 - CW=695 → 2opt=660 → MaxSAT=631
2026-04-04 03:17:37,021 - Cải thiện so CW: 64
2026-04-04 03:17:37,021 - Total time: 103.0s
2026-04-04 03:17:37,021 - Verified cost: 631
2026-04-04 03:17:37,023 - ======================================================================
2026-04-04 03:17:37,023 - FILE: B-n41-k6.vrp
2026-04-04 03:17:37,024 - ======================================================================
2026-04-04 03:17:37,027 - Dim=41 K=6 Cap=100
2026-04-04 03:17:37,027 - --- Clarke-Wright ---
2026-04-04 03:17:37,029 -   cost=981 time=0.00s
2026-04-04 03:17:37,029 - --- Two-Opt ---
2026-04-04 03:17:37,030 -   cost=953 time=0.00s
2026-04-04 03:17:37,030 - --- MaxSAT (2-tầng) ---
2026-04-04 03:17:37,030 - =========================================
2026-04-04 03:17:37,030 - BẮT ĐẦU OPTIMIZE (MaxSAT-RC2, 2-tầng)
2026-04-04 03:17:37,031 -   max_single=8  s_to=40.0s
2026-04-04 03:17:37,031 -   max_pair=10  p_to=15.0s
2026-04-04 03:17:37,031 -   n_pairs=5
2026-04-04 03:17:37,032 -   inner_patience=20  outer_patience=3
2026-04-04 03:17:37,032 -   global_timeout=1200.0s
2026-04-04 03:17:37,032 -   start_cost=953.00
2026-04-04 03:17:37,032 - =========================================
2026-04-04 03:17:37,032 - === OUTER 1 | cost=953.00 outer_no_imp=0/3 (còn 1200s) ===
2026-04-04 03:17:37,032 -   [Inner 1.1] cost=953.00 no_imp=0/20 (còn 1200s)
2026-04-04 03:17:37,034 -     [P1] Relocate → 950.00
2026-04-04 03:17:37,280 -     → INNER BEST = 950.00
2026-04-04 03:17:37,280 -   [Inner 1.2] cost=950.00 no_imp=0/20 (còn 1200s)
2026-04-04 03:17:37,283 -     [P1] Relocate → 949.00
2026-04-04 03:17:37,288 -     [P2] Exchange → 944.00
2026-04-04 03:17:37,532 -     [P3] Single +4
2026-04-04 03:17:37,532 -     → INNER BEST = 940.00
2026-04-04 03:17:37,532 -   [Inner 1.3] cost=940.00 no_imp=0/20 (còn 1199s)
2026-04-04 03:17:37,535 -     [P1] Relocate → 937.00
2026-04-04 03:17:37,798 -     → INNER BEST = 937.00
2026-04-04 03:17:37,799 -   [Inner 1.4] cost=937.00 no_imp=0/20 (còn 1199s)
2026-04-04 03:17:38,045 -   [Inner 1.5] cost=937.00 no_imp=2/20 (còn 1199s)
2026-04-04 03:17:38,302 -   [Inner 1.6] cost=937.00 no_imp=4/20 (còn 1199s)
2026-04-04 03:17:38,543 -   [Inner 1.7] cost=937.00 no_imp=6/20 (còn 1198s)
2026-04-04 03:17:38,794 -   [Inner 1.8] cost=937.00 no_imp=8/20 (còn 1198s)
2026-04-04 03:17:39,050 -   [Inner 1.9] cost=937.00 no_imp=10/20 (còn 1198s)
2026-04-04 03:17:39,313 -   [Inner 1.10] cost=937.00 no_imp=12/20 (còn 1198s)
2026-04-04 03:17:39,561 -   [Inner 1.11] cost=937.00 no_imp=14/20 (còn 1197s)
2026-04-04 03:17:39,817 -   [Inner 1.12] cost=937.00 no_imp=16/20 (còn 1197s)
2026-04-04 03:17:40,054 -   [Inner 1.13] cost=937.00 no_imp=18/20 (còn 1197s)
2026-04-04 03:17:40,320 -   [Outer] Inner cải thiện → best=937.00
2026-04-04 03:17:40,320 -   [Outer 1] Chạy Pairwise MaxSAT...
2026-04-04 03:17:40,321 - === OUTER 2 | cost=937.00 outer_no_imp=0/3 (còn 1197s) ===
2026-04-04 03:17:40,321 -   [Inner 2.1] cost=937.00 no_imp=0/20 (còn 1197s)
2026-04-04 03:17:40,584 -   [Inner 2.2] cost=937.00 no_imp=2/20 (còn 1196s)
2026-04-04 03:17:40,829 -   [Inner 2.3] cost=937.00 no_imp=4/20 (còn 1196s)
2026-04-04 03:17:41,089 -   [Inner 2.4] cost=937.00 no_imp=6/20 (còn 1196s)
2026-04-04 03:17:41,345 -   [Inner 2.5] cost=937.00 no_imp=8/20 (còn 1196s)
2026-04-04 03:17:41,613 -   [Inner 2.6] cost=937.00 no_imp=10/20 (còn 1195s)
2026-04-04 03:17:41,865 -   [Inner 2.7] cost=937.00 no_imp=12/20 (còn 1195s)
2026-04-04 03:17:42,125 -   [Inner 2.8] cost=937.00 no_imp=14/20 (còn 1195s)
2026-04-04 03:17:42,384 -   [Inner 2.9] cost=937.00 no_imp=16/20 (còn 1195s)
2026-04-04 03:17:42,629 -   [Inner 2.10] cost=937.00 no_imp=18/20 (còn 1194s)
2026-04-04 03:17:42,887 -   [Outer 2] Chạy Pairwise MaxSAT...
2026-04-04 03:17:42,887 -   [Outer] Không cải thiện (1/3)
2026-04-04 03:17:42,888 - === OUTER 3 | cost=937.00 outer_no_imp=1/3 (còn 1194s) ===
2026-04-04 03:17:42,888 -   [Inner 3.1] cost=937.00 no_imp=0/20 (còn 1194s)
2026-04-04 03:17:43,141 -   [Inner 3.2] cost=937.00 no_imp=2/20 (còn 1194s)
2026-04-04 03:17:43,408 -   [Inner 3.3] cost=937.00 no_imp=4/20 (còn 1194s)
2026-04-04 03:17:43,654 -   [Inner 3.4] cost=937.00 no_imp=6/20 (còn 1193s)
2026-04-04 03:17:43,917 -   [Inner 3.5] cost=937.00 no_imp=8/20 (còn 1193s)
2026-04-04 03:17:44,169 -   [Inner 3.6] cost=937.00 no_imp=10/20 (còn 1193s)
2026-04-04 03:17:44,425 -   [Inner 3.7] cost=937.00 no_imp=12/20 (còn 1193s)
2026-04-04 03:17:44,683 -   [Inner 3.8] cost=937.00 no_imp=14/20 (còn 1192s)
2026-04-04 03:17:44,951 -   [Inner 3.9] cost=937.00 no_imp=16/20 (còn 1192s)
2026-04-04 03:17:45,199 -   [Inner 3.10] cost=937.00 no_imp=18/20 (còn 1192s)
2026-04-04 03:17:45,447 -   [Outer 3] Chạy Pairwise MaxSAT...
2026-04-04 03:17:45,448 -   [Outer] Không cải thiện (2/3)
2026-04-04 03:17:45,448 - === OUTER 4 | cost=937.00 outer_no_imp=2/3 (còn 1192s) ===
2026-04-04 03:17:45,448 -   [Inner 4.1] cost=937.00 no_imp=0/20 (còn 1192s)
2026-04-04 03:17:45,702 -   [Inner 4.2] cost=937.00 no_imp=2/20 (còn 1191s)
2026-04-04 03:17:45,950 -   [Inner 4.3] cost=937.00 no_imp=4/20 (còn 1191s)
2026-04-04 03:17:46,207 -   [Inner 4.4] cost=937.00 no_imp=6/20 (còn 1191s)
2026-04-04 03:17:46,448 -   [Inner 4.5] cost=937.00 no_imp=8/20 (còn 1191s)
2026-04-04 03:17:46,703 -   [Inner 4.6] cost=937.00 no_imp=10/20 (còn 1190s)
2026-04-04 03:17:46,953 -   [Inner 4.7] cost=937.00 no_imp=12/20 (còn 1190s)
2026-04-04 03:17:47,218 -   [Inner 4.8] cost=937.00 no_imp=14/20 (còn 1190s)
2026-04-04 03:17:47,465 -   [Inner 4.9] cost=937.00 no_imp=16/20 (còn 1190s)
2026-04-04 03:17:47,727 -   [Inner 4.10] cost=937.00 no_imp=18/20 (còn 1189s)
2026-04-04 03:17:48,016 -   [Outer 4] Chạy Pairwise MaxSAT...
2026-04-04 03:17:48,016 -   [Outer] Không cải thiện (3/3)
2026-04-04 03:17:48,017 - Hoàn thành. cost=937.00 | time=11.0s | s_imp=1 s_to=0 | p_imp=0 p_to=0
2026-04-04 03:17:48,017 - ======================================================================
2026-04-04 03:17:48,017 - CW=981 → 2opt=953 → MaxSAT=937
2026-04-04 03:17:48,017 - Cải thiện so CW: 44
2026-04-04 03:17:48,017 - Total time: 11.0s
2026-04-04 03:17:48,017 - Verified cost: 937
2026-04-04 03:17:48,025 - ======================================================================
2026-04-04 03:17:48,025 - FILE: B-n43-k6.vrp
2026-04-04 03:17:48,025 - ======================================================================
2026-04-04 03:17:48,030 - Dim=43 K=6 Cap=100
2026-04-04 03:17:48,030 - --- Clarke-Wright ---
2026-04-04 03:17:48,032 -   cost=861 time=0.00s
2026-04-04 03:17:48,032 - --- Two-Opt ---
2026-04-04 03:17:48,034 -   cost=795 time=0.00s
2026-04-04 03:17:48,034 - --- MaxSAT (2-tầng) ---
2026-04-04 03:17:48,035 - =========================================
2026-04-04 03:17:48,035 - BẮT ĐẦU OPTIMIZE (MaxSAT-RC2, 2-tầng)
2026-04-04 03:17:48,035 -   max_single=8  s_to=40.0s
2026-04-04 03:17:48,035 -   max_pair=10  p_to=15.0s
2026-04-04 03:17:48,035 -   n_pairs=5
2026-04-04 03:17:48,036 -   inner_patience=20  outer_patience=3
2026-04-04 03:17:48,036 -   global_timeout=1200.0s
2026-04-04 03:17:48,036 -   start_cost=795.00
2026-04-04 03:17:48,036 - =========================================
2026-04-04 03:17:48,036 - === OUTER 1 | cost=795.00 outer_no_imp=0/3 (còn 1200s) ===
2026-04-04 03:17:48,036 -   [Inner 1.1] cost=795.00 no_imp=0/20 (còn 1200s)
2026-04-04 03:17:48,042 -     [P1] Relocate → 791.00
2026-04-04 03:17:48,119 -     → INNER BEST = 791.00
2026-04-04 03:17:48,119 -   [Inner 1.2] cost=791.00 no_imp=0/20 (còn 1200s)
2026-04-04 03:17:48,125 -     [P1] Relocate → 784.00
2026-04-04 03:17:48,952 -     [P3] Single +4
2026-04-04 03:17:48,953 -     → INNER BEST = 780.00
2026-04-04 03:17:48,953 -   [Inner 1.3] cost=780.00 no_imp=0/20 (còn 1199s)
2026-04-04 03:17:49,800 -   [Inner 1.4] cost=780.00 no_imp=2/20 (còn 1198s)
2026-04-04 03:17:50,652 -   [Inner 1.5] cost=780.00 no_imp=4/20 (còn 1197s)
2026-04-04 03:17:51,510 -   [Inner 1.6] cost=780.00 no_imp=6/20 (còn 1197s)
2026-04-04 03:17:52,343 -   [Inner 1.7] cost=780.00 no_imp=8/20 (còn 1196s)
2026-04-04 03:17:53,201 -   [Inner 1.8] cost=780.00 no_imp=10/20 (còn 1195s)
2026-04-04 03:17:54,037 -   [Inner 1.9] cost=780.00 no_imp=12/20 (còn 1194s)
2026-04-04 03:17:54,902 -   [Inner 1.10] cost=780.00 no_imp=14/20 (còn 1193s)
2026-04-04 03:17:55,730 -   [Inner 1.11] cost=780.00 no_imp=16/20 (còn 1192s)
2026-04-04 03:17:56,580 -   [Inner 1.12] cost=780.00 no_imp=18/20 (còn 1191s)
2026-04-04 03:17:57,419 -   [Outer] Inner cải thiện → best=780.00
2026-04-04 03:17:57,419 -   [Outer 1] Chạy Pairwise MaxSAT...
2026-04-04 03:17:57,420 - === OUTER 2 | cost=780.00 outer_no_imp=0/3 (còn 1191s) ===
2026-04-04 03:17:57,420 -   [Inner 2.1] cost=780.00 no_imp=0/20 (còn 1191s)
2026-04-04 03:17:58,268 -   [Inner 2.2] cost=780.00 no_imp=2/20 (còn 1190s)
2026-04-04 03:17:59,124 -   [Inner 2.3] cost=780.00 no_imp=4/20 (còn 1189s)
2026-04-04 03:17:59,959 -   [Inner 2.4] cost=780.00 no_imp=6/20 (còn 1188s)
2026-04-04 03:18:00,805 -   [Inner 2.5] cost=780.00 no_imp=8/20 (còn 1187s)
2026-04-04 03:18:01,636 -   [Inner 2.6] cost=780.00 no_imp=10/20 (còn 1186s)
2026-04-04 03:18:02,485 -   [Inner 2.7] cost=780.00 no_imp=12/20 (còn 1186s)
2026-04-04 03:18:03,306 -   [Inner 2.8] cost=780.00 no_imp=14/20 (còn 1185s)
2026-04-04 03:18:04,138 -   [Inner 2.9] cost=780.00 no_imp=16/20 (còn 1184s)
2026-04-04 03:18:04,989 -   [Inner 2.10] cost=780.00 no_imp=18/20 (còn 1183s)
2026-04-04 03:18:05,822 -   [Outer 2] Chạy Pairwise MaxSAT...
2026-04-04 03:18:05,822 -   [Outer] Không cải thiện (1/3)
2026-04-04 03:18:05,822 - === OUTER 3 | cost=780.00 outer_no_imp=1/3 (còn 1182s) ===
2026-04-04 03:18:05,823 -   [Inner 3.1] cost=780.00 no_imp=0/20 (còn 1182s)
2026-04-04 03:18:06,646 -   [Inner 3.2] cost=780.00 no_imp=2/20 (còn 1181s)
2026-04-04 03:18:07,494 -   [Inner 3.3] cost=780.00 no_imp=4/20 (còn 1181s)
2026-04-04 03:18:08,340 -   [Inner 3.4] cost=780.00 no_imp=6/20 (còn 1180s)
2026-04-04 03:18:09,159 -   [Inner 3.5] cost=780.00 no_imp=8/20 (còn 1179s)
2026-04-04 03:18:10,000 -   [Inner 3.6] cost=780.00 no_imp=10/20 (còn 1178s)
2026-04-04 03:18:10,859 -   [Inner 3.7] cost=780.00 no_imp=12/20 (còn 1177s)
2026-04-04 03:18:11,702 -   [Inner 3.8] cost=780.00 no_imp=14/20 (còn 1176s)
2026-04-04 03:18:12,541 -   [Inner 3.9] cost=780.00 no_imp=16/20 (còn 1175s)
2026-04-04 03:18:13,394 -   [Inner 3.10] cost=780.00 no_imp=18/20 (còn 1175s)
2026-04-04 03:18:14,220 -   [Outer 3] Chạy Pairwise MaxSAT...
2026-04-04 03:18:14,220 -   [Outer] Không cải thiện (2/3)
2026-04-04 03:18:14,220 - === OUTER 4 | cost=780.00 outer_no_imp=2/3 (còn 1174s) ===
2026-04-04 03:18:14,220 -   [Inner 4.1] cost=780.00 no_imp=0/20 (còn 1174s)
2026-04-04 03:18:15,067 -   [Inner 4.2] cost=780.00 no_imp=2/20 (còn 1173s)
2026-04-04 03:18:15,903 -   [Inner 4.3] cost=780.00 no_imp=4/20 (còn 1172s)
2026-04-04 03:18:16,737 -   [Inner 4.4] cost=780.00 no_imp=6/20 (còn 1171s)
2026-04-04 03:18:17,590 -   [Inner 4.5] cost=780.00 no_imp=8/20 (còn 1170s)
2026-04-04 03:18:18,414 -   [Inner 4.6] cost=780.00 no_imp=10/20 (còn 1170s)
2026-04-04 03:18:19,248 -   [Inner 4.7] cost=780.00 no_imp=12/20 (còn 1169s)
2026-04-04 03:18:20,117 -   [Inner 4.8] cost=780.00 no_imp=14/20 (còn 1168s)
2026-04-04 03:18:20,973 -   [Inner 4.9] cost=780.00 no_imp=16/20 (còn 1167s)
2026-04-04 03:18:21,857 -   [Inner 4.10] cost=780.00 no_imp=18/20 (còn 1166s)
2026-04-04 03:18:22,695 -   [Outer 4] Chạy Pairwise MaxSAT...
2026-04-04 03:18:22,696 -   [Outer] Không cải thiện (3/3)
2026-04-04 03:18:22,696 - Hoàn thành. cost=780.00 | time=34.7s | s_imp=1 s_to=0 | p_imp=0 p_to=0
2026-04-04 03:18:22,696 - ======================================================================
2026-04-04 03:18:22,696 - CW=861 → 2opt=795 → MaxSAT=780
2026-04-04 03:18:22,696 - Cải thiện so CW: 81
2026-04-04 03:18:22,696 - Total time: 34.7s
2026-04-04 03:18:22,696 - Verified cost: 780
2026-04-04 03:18:22,701 - ======================================================================
2026-04-04 03:18:22,701 - FILE: B-n44-k7.vrp
2026-04-04 03:18:22,701 - ======================================================================
2026-04-04 03:18:22,708 - Dim=44 K=7 Cap=100
2026-04-04 03:18:22,708 - --- Clarke-Wright ---
2026-04-04 03:18:22,710 -   cost=1103 time=0.00s
2026-04-04 03:18:22,710 - --- Two-Opt ---
2026-04-04 03:18:22,712 -   cost=1045 time=0.00s
2026-04-04 03:18:22,712 - --- MaxSAT (2-tầng) ---
2026-04-04 03:18:22,712 - =========================================
2026-04-04 03:18:22,713 - BẮT ĐẦU OPTIMIZE (MaxSAT-RC2, 2-tầng)
2026-04-04 03:18:22,713 -   max_single=8  s_to=40.0s
2026-04-04 03:18:22,713 -   max_pair=9  p_to=15.0s
2026-04-04 03:18:22,713 -   n_pairs=5
2026-04-04 03:18:22,713 -   inner_patience=20  outer_patience=3
2026-04-04 03:18:22,713 -   global_timeout=1200.0s
2026-04-04 03:18:22,713 -   start_cost=1045.00
2026-04-04 03:18:22,713 - =========================================
2026-04-04 03:18:22,713 - === OUTER 1 | cost=1045.00 outer_no_imp=0/3 (còn 1200s) ===
2026-04-04 03:18:22,713 -   [Inner 1.1] cost=1045.00 no_imp=0/20 (còn 1200s)
2026-04-04 03:18:22,718 -     [P1] Relocate → 1041.00
2026-04-04 03:18:22,724 -     [P2] Exchange → 1019.00
2026-04-04 03:18:23,181 -     [P3] Single +4
2026-04-04 03:18:23,182 -     → INNER BEST = 1015.00
2026-04-04 03:18:23,182 -   [Inner 1.2] cost=1015.00 no_imp=0/20 (còn 1200s)
2026-04-04 03:18:23,187 -     [P1] Relocate → 1013.00
2026-04-04 03:18:23,193 -     [P2] Exchange → 1000.00
2026-04-04 03:18:24,146 -     → INNER BEST = 1000.00
2026-04-04 03:18:24,146 -   [Inner 1.3] cost=1000.00 no_imp=0/20 (còn 1199s)
2026-04-04 03:18:24,151 -     [P1] Relocate → 999.00
2026-04-04 03:18:24,157 -     [P2] Exchange → 995.00
2026-04-04 03:18:24,953 -     → INNER BEST = 995.00
2026-04-04 03:18:24,953 -   [Inner 1.4] cost=995.00 no_imp=0/20 (còn 1198s)
2026-04-04 03:18:24,958 -     [P1] Relocate → 994.00
2026-04-04 03:18:24,964 -     [P2] Exchange → 982.00
2026-04-04 03:18:25,296 -     → INNER BEST = 982.00
2026-04-04 03:18:25,296 -   [Inner 1.5] cost=982.00 no_imp=0/20 (còn 1197s)
2026-04-04 03:18:25,306 -     [P2] Exchange → 981.00
2026-04-04 03:18:25,664 -     → INNER BEST = 981.00
2026-04-04 03:18:25,665 -   [Inner 1.6] cost=981.00 no_imp=0/20 (còn 1197s)
2026-04-04 03:18:25,669 -     [P1] Relocate → 980.00
2026-04-04 03:18:25,675 -     [P2] Exchange → 945.00
2026-04-04 03:18:25,909 -     → INNER BEST = 945.00
2026-04-04 03:18:25,910 -   [Inner 1.7] cost=945.00 no_imp=0/20 (còn 1197s)
2026-04-04 03:18:25,915 -     [P1] Relocate → 937.00
2026-04-04 03:18:26,189 -     → INNER BEST = 937.00
2026-04-04 03:18:26,190 -   [Inner 1.8] cost=937.00 no_imp=0/20 (còn 1197s)
2026-04-04 03:18:26,463 -   [Inner 1.9] cost=937.00 no_imp=2/20 (còn 1196s)
2026-04-04 03:18:26,745 -   [Inner 1.10] cost=937.00 no_imp=4/20 (còn 1196s)
2026-04-04 03:18:27,028 -   [Inner 1.11] cost=937.00 no_imp=6/20 (còn 1196s)
2026-04-04 03:18:27,301 -   [Inner 1.12] cost=937.00 no_imp=8/20 (còn 1195s)
2026-04-04 03:18:27,578 -   [Inner 1.13] cost=937.00 no_imp=10/20 (còn 1195s)
2026-04-04 03:18:27,854 -   [Inner 1.14] cost=937.00 no_imp=12/20 (còn 1195s)
2026-04-04 03:18:28,140 -   [Inner 1.15] cost=937.00 no_imp=14/20 (còn 1195s)
2026-04-04 03:18:28,423 -   [Inner 1.16] cost=937.00 no_imp=16/20 (còn 1194s)
2026-04-04 03:18:28,703 -   [Inner 1.17] cost=937.00 no_imp=18/20 (còn 1194s)
2026-04-04 03:18:28,993 -   [Outer] Inner cải thiện → best=937.00
2026-04-04 03:18:28,994 -   [Outer 1] Chạy Pairwise MaxSAT...
2026-04-04 03:18:28,994 - === OUTER 2 | cost=937.00 outer_no_imp=0/3 (còn 1194s) ===
2026-04-04 03:18:28,994 -   [Inner 2.1] cost=937.00 no_imp=0/20 (còn 1194s)
2026-04-04 03:18:29,276 -   [Inner 2.2] cost=937.00 no_imp=2/20 (còn 1193s)
2026-04-04 03:18:29,565 -   [Inner 2.3] cost=937.00 no_imp=4/20 (còn 1193s)
2026-04-04 03:18:29,957 -   [Inner 2.4] cost=937.00 no_imp=6/20 (còn 1193s)
2026-04-04 03:18:30,234 -   [Inner 2.5] cost=937.00 no_imp=8/20 (còn 1192s)
2026-04-04 03:18:30,518 -   [Inner 2.6] cost=937.00 no_imp=10/20 (còn 1192s)
2026-04-04 03:18:30,803 -   [Inner 2.7] cost=937.00 no_imp=12/20 (còn 1192s)
2026-04-04 03:18:31,088 -   [Inner 2.8] cost=937.00 no_imp=14/20 (còn 1192s)
2026-04-04 03:18:31,353 -   [Inner 2.9] cost=937.00 no_imp=16/20 (còn 1191s)
2026-04-04 03:18:31,637 -   [Inner 2.10] cost=937.00 no_imp=18/20 (còn 1191s)
2026-04-04 03:18:31,906 -   [Outer 2] Chạy Pairwise MaxSAT...
2026-04-04 03:18:31,907 -   [Outer] Không cải thiện (1/3)
2026-04-04 03:18:31,907 - === OUTER 3 | cost=937.00 outer_no_imp=1/3 (còn 1191s) ===
2026-04-04 03:18:31,907 -   [Inner 3.1] cost=937.00 no_imp=0/20 (còn 1191s)
2026-04-04 03:18:32,195 -   [Inner 3.2] cost=937.00 no_imp=2/20 (còn 1191s)
2026-04-04 03:18:32,477 -   [Inner 3.3] cost=937.00 no_imp=4/20 (còn 1190s)
2026-04-04 03:18:32,759 -   [Inner 3.4] cost=937.00 no_imp=6/20 (còn 1190s)
2026-04-04 03:18:33,044 -   [Inner 3.5] cost=937.00 no_imp=8/20 (còn 1190s)
2026-04-04 03:18:33,325 -   [Inner 3.6] cost=937.00 no_imp=10/20 (còn 1189s)
2026-04-04 03:18:33,604 -   [Inner 3.7] cost=937.00 no_imp=12/20 (còn 1189s)
2026-04-04 03:18:33,896 -   [Inner 3.8] cost=937.00 no_imp=14/20 (còn 1189s)
2026-04-04 03:18:34,184 -   [Inner 3.9] cost=937.00 no_imp=16/20 (còn 1189s)
2026-04-04 03:18:34,457 -   [Inner 3.10] cost=937.00 no_imp=18/20 (còn 1188s)
2026-04-04 03:18:34,737 -   [Outer 3] Chạy Pairwise MaxSAT...
2026-04-04 03:18:34,738 -   [Outer] Không cải thiện (2/3)
2026-04-04 03:18:34,738 - === OUTER 4 | cost=937.00 outer_no_imp=2/3 (còn 1188s) ===
2026-04-04 03:18:34,738 -   [Inner 4.1] cost=937.00 no_imp=0/20 (còn 1188s)
2026-04-04 03:18:35,039 -   [Inner 4.2] cost=937.00 no_imp=2/20 (còn 1188s)
2026-04-04 03:18:35,313 -   [Inner 4.3] cost=937.00 no_imp=4/20 (còn 1187s)
2026-04-04 03:18:35,597 -   [Inner 4.4] cost=937.00 no_imp=6/20 (còn 1187s)
2026-04-04 03:18:35,881 -   [Inner 4.5] cost=937.00 no_imp=8/20 (còn 1187s)
2026-04-04 03:18:36,162 -   [Inner 4.6] cost=937.00 no_imp=10/20 (còn 1187s)
2026-04-04 03:18:36,443 -   [Inner 4.7] cost=937.00 no_imp=12/20 (còn 1186s)
2026-04-04 03:18:36,724 -   [Inner 4.8] cost=937.00 no_imp=14/20 (còn 1186s)
2026-04-04 03:18:36,999 -   [Inner 4.9] cost=937.00 no_imp=16/20 (còn 1186s)
2026-04-04 03:18:37,283 -   [Inner 4.10] cost=937.00 no_imp=18/20 (còn 1185s)
2026-04-04 03:18:37,554 -   [Outer 4] Chạy Pairwise MaxSAT...
2026-04-04 03:18:37,555 -   [Outer] Không cải thiện (3/3)
2026-04-04 03:18:37,555 - Hoàn thành. cost=937.00 | time=14.8s | s_imp=2 s_to=0 | p_imp=0 p_to=0
2026-04-04 03:18:37,555 - ======================================================================
2026-04-04 03:18:37,555 - CW=1103 → 2opt=1045 → MaxSAT=937
2026-04-04 03:18:37,555 - Cải thiện so CW: 166
2026-04-04 03:18:37,556 - Total time: 14.8s
2026-04-04 03:18:37,556 - Verified cost: 937
2026-04-04 03:18:37,560 - ======================================================================
2026-04-04 03:18:37,561 - FILE: B-n45-k5.vrp
2026-04-04 03:18:37,561 - ======================================================================
2026-04-04 03:18:37,567 - Dim=45 K=5 Cap=100
2026-04-04 03:18:37,567 - --- Clarke-Wright ---
2026-04-04 03:18:37,569 -   cost=1030 time=0.00s
2026-04-04 03:18:37,569 - --- Two-Opt ---
2026-04-04 03:18:37,580 -   cost=943 time=0.01s
2026-04-04 03:18:37,584 - --- MaxSAT (2-tầng) ---
2026-04-04 03:18:37,585 - =========================================
2026-04-04 03:18:37,585 - BẮT ĐẦU OPTIMIZE (MaxSAT-RC2, 2-tầng)
2026-04-04 03:18:37,585 -   max_single=9  s_to=40.0s
2026-04-04 03:18:37,585 -   max_pair=12  p_to=15.0s
2026-04-04 03:18:37,585 -   n_pairs=5
2026-04-04 03:18:37,585 -   inner_patience=20  outer_patience=3
2026-04-04 03:18:37,585 -   global_timeout=1200.0s
2026-04-04 03:18:37,585 -   start_cost=943.00
2026-04-04 03:18:37,585 - =========================================
2026-04-04 03:18:37,585 - === OUTER 1 | cost=943.00 outer_no_imp=0/3 (còn 1200s) ===
2026-04-04 03:18:37,585 -   [Inner 1.1] cost=943.00 no_imp=0/20 (còn 1200s)
2026-04-04 03:18:37,588 -     [P1] Relocate → 942.00
2026-04-04 03:18:37,593 -     [P2] Exchange → 863.00
2026-04-04 03:18:37,812 -     → INNER BEST = 863.00
2026-04-04 03:18:37,812 -   [Inner 1.2] cost=863.00 no_imp=0/20 (còn 1200s)
2026-04-04 03:18:37,816 -     [P1] Relocate → 858.00
2026-04-04 03:18:38,000 -     → INNER BEST = 858.00
2026-04-04 03:18:38,000 -   [Inner 1.3] cost=858.00 no_imp=0/20 (còn 1200s)
2026-04-04 03:18:38,004 -     [P1] Relocate → 857.00
2026-04-04 03:18:38,410 -     → INNER BEST = 857.00
2026-04-04 03:18:38,411 -   [Inner 1.4] cost=857.00 no_imp=0/20 (còn 1199s)
2026-04-04 03:18:38,813 -   [Inner 1.5] cost=857.00 no_imp=2/20 (còn 1199s)
2026-04-04 03:18:39,235 -   [Inner 1.6] cost=857.00 no_imp=4/20 (còn 1198s)
2026-04-04 03:18:39,629 -   [Inner 1.7] cost=857.00 no_imp=6/20 (còn 1198s)
2026-04-04 03:18:40,029 -   [Inner 1.8] cost=857.00 no_imp=8/20 (còn 1198s)
2026-04-04 03:18:40,439 -   [Inner 1.9] cost=857.00 no_imp=10/20 (còn 1197s)
2026-04-04 03:18:40,831 -   [Inner 1.10] cost=857.00 no_imp=12/20 (còn 1197s)
2026-04-04 03:18:41,236 -   [Inner 1.11] cost=857.00 no_imp=14/20 (còn 1196s)
2026-04-04 03:18:41,643 -   [Inner 1.12] cost=857.00 no_imp=16/20 (còn 1196s)
2026-04-04 03:18:42,047 -   [Inner 1.13] cost=857.00 no_imp=18/20 (còn 1196s)
2026-04-04 03:18:42,447 -   [Outer] Inner cải thiện → best=857.00
2026-04-04 03:18:42,448 -   [Outer 1] Chạy Pairwise MaxSAT...
2026-04-04 03:18:42,448 - === OUTER 2 | cost=857.00 outer_no_imp=0/3 (còn 1195s) ===
2026-04-04 03:18:42,448 -   [Inner 2.1] cost=857.00 no_imp=0/20 (còn 1195s)
2026-04-04 03:18:42,841 -   [Inner 2.2] cost=857.00 no_imp=2/20 (còn 1195s)
2026-04-04 03:18:43,243 -   [Inner 2.3] cost=857.00 no_imp=4/20 (còn 1194s)
2026-04-04 03:18:43,641 -   [Inner 2.4] cost=857.00 no_imp=6/20 (còn 1194s)
2026-04-04 03:18:44,058 -   [Inner 2.5] cost=857.00 no_imp=8/20 (còn 1194s)
2026-04-04 03:18:44,461 -   [Inner 2.6] cost=857.00 no_imp=10/20 (còn 1193s)
2026-04-04 03:18:44,861 -   [Inner 2.7] cost=857.00 no_imp=12/20 (còn 1193s)
2026-04-04 03:18:45,294 -   [Inner 2.8] cost=857.00 no_imp=14/20 (còn 1192s)
2026-04-04 03:18:45,710 -   [Inner 2.9] cost=857.00 no_imp=16/20 (còn 1192s)
2026-04-04 03:18:46,111 -   [Inner 2.10] cost=857.00 no_imp=18/20 (còn 1191s)
2026-04-04 03:18:46,514 -   [Outer 2] Chạy Pairwise MaxSAT...
2026-04-04 03:18:46,514 -   [Outer] Không cải thiện (1/3)
2026-04-04 03:18:46,515 - === OUTER 3 | cost=857.00 outer_no_imp=1/3 (còn 1191s) ===
2026-04-04 03:18:46,515 -   [Inner 3.1] cost=857.00 no_imp=0/20 (còn 1191s)
2026-04-04 03:18:46,912 -   [Inner 3.2] cost=857.00 no_imp=2/20 (còn 1191s)
2026-04-04 03:18:47,315 -   [Inner 3.3] cost=857.00 no_imp=4/20 (còn 1190s)
2026-04-04 03:18:47,713 -   [Inner 3.4] cost=857.00 no_imp=6/20 (còn 1190s)
2026-04-04 03:18:48,113 -   [Inner 3.5] cost=857.00 no_imp=8/20 (còn 1189s)
2026-04-04 03:18:48,505 -   [Inner 3.6] cost=857.00 no_imp=10/20 (còn 1189s)
2026-04-04 03:18:48,913 -   [Inner 3.7] cost=857.00 no_imp=12/20 (còn 1189s)
2026-04-04 03:18:49,314 -   [Inner 3.8] cost=857.00 no_imp=14/20 (còn 1188s)
2026-04-04 03:18:49,711 -   [Inner 3.9] cost=857.00 no_imp=16/20 (còn 1188s)
2026-04-04 03:18:50,110 -   [Inner 3.10] cost=857.00 no_imp=18/20 (còn 1187s)
2026-04-04 03:18:50,514 -   [Outer 3] Chạy Pairwise MaxSAT...
2026-04-04 03:18:50,514 -   [Outer] Không cải thiện (2/3)
2026-04-04 03:18:50,515 - === OUTER 4 | cost=857.00 outer_no_imp=2/3 (còn 1187s) ===
2026-04-04 03:18:50,515 -   [Inner 4.1] cost=857.00 no_imp=0/20 (còn 1187s)
2026-04-04 03:18:50,913 -   [Inner 4.2] cost=857.00 no_imp=2/20 (còn 1187s)
2026-04-04 03:18:51,343 -   [Inner 4.3] cost=857.00 no_imp=4/20 (còn 1186s)
2026-04-04 03:18:51,752 -   [Inner 4.4] cost=857.00 no_imp=6/20 (còn 1186s)
2026-04-04 03:18:52,168 -   [Inner 4.5] cost=857.00 no_imp=8/20 (còn 1185s)
2026-04-04 03:18:52,575 -   [Inner 4.6] cost=857.00 no_imp=10/20 (còn 1185s)
2026-04-04 03:18:52,980 -   [Inner 4.7] cost=857.00 no_imp=12/20 (còn 1185s)
2026-04-04 03:18:53,391 -   [Inner 4.8] cost=857.00 no_imp=14/20 (còn 1184s)
2026-04-04 03:18:53,805 -   [Inner 4.9] cost=857.00 no_imp=16/20 (còn 1184s)
2026-04-04 03:18:54,213 -   [Inner 4.10] cost=857.00 no_imp=18/20 (còn 1183s)
2026-04-04 03:18:54,615 -   [Outer 4] Chạy Pairwise MaxSAT...
2026-04-04 03:18:54,616 -   [Outer] Không cải thiện (3/3)
2026-04-04 03:18:54,616 - Hoàn thành. cost=857.00 | time=17.0s | s_imp=0 s_to=0 | p_imp=0 p_to=0
2026-04-04 03:18:54,616 - ======================================================================
2026-04-04 03:18:54,617 - CW=1030 → 2opt=943 → MaxSAT=857
2026-04-04 03:18:54,617 - Cải thiện so CW: 173
2026-04-04 03:18:54,617 - Total time: 17.0s
2026-04-04 03:18:54,617 - Verified cost: 857
2026-04-04 03:18:54,622 - ======================================================================
2026-04-04 03:18:54,622 - FILE: B-n45-k6.vrp
2026-04-04 03:18:54,622 - ======================================================================
2026-04-04 03:18:54,633 - Dim=45 K=6 Cap=100
2026-04-04 03:18:54,633 - --- Clarke-Wright ---
2026-04-04 03:18:54,635 -   cost=888 time=0.00s
2026-04-04 03:18:54,635 - --- Two-Opt ---
2026-04-04 03:18:54,637 -   cost=846 time=0.00s
2026-04-04 03:18:54,637 - --- MaxSAT (2-tầng) ---
2026-04-04 03:18:54,637 - =========================================
2026-04-04 03:18:54,637 - BẮT ĐẦU OPTIMIZE (MaxSAT-RC2, 2-tầng)
2026-04-04 03:18:54,637 -   max_single=8  s_to=40.0s
2026-04-04 03:18:54,638 -   max_pair=11  p_to=15.0s
2026-04-04 03:18:54,638 -   n_pairs=5
2026-04-04 03:18:54,638 -   inner_patience=20  outer_patience=3
2026-04-04 03:18:54,638 -   global_timeout=1200.0s
2026-04-04 03:18:54,638 -   start_cost=846.00
2026-04-04 03:18:54,638 - =========================================
2026-04-04 03:18:54,638 - === OUTER 1 | cost=846.00 outer_no_imp=0/3 (còn 1200s) ===
2026-04-04 03:18:54,638 -   [Inner 1.1] cost=846.00 no_imp=0/20 (còn 1200s)
2026-04-04 03:18:54,639 -     [P1] Relocate → 821.00
2026-04-04 03:18:54,644 -     [P2] Exchange → 811.00
2026-04-04 03:18:55,219 -     [P3] Single +12
2026-04-04 03:18:55,220 -     → INNER BEST = 799.00
2026-04-04 03:18:55,220 -   [Inner 1.2] cost=799.00 no_imp=0/20 (còn 1199s)
2026-04-04 03:18:55,225 -     [P2] Exchange → 797.00
2026-04-04 03:18:55,792 -     → INNER BEST = 797.00
2026-04-04 03:18:55,793 -   [Inner 1.3] cost=797.00 no_imp=0/20 (còn 1199s)
2026-04-04 03:18:55,794 -     [P1] Relocate → 795.00
2026-04-04 03:18:56,409 -     → INNER BEST = 795.00
2026-04-04 03:18:56,410 -   [Inner 1.4] cost=795.00 no_imp=0/20 (còn 1198s)
2026-04-04 03:18:57,019 -   [Inner 1.5] cost=795.00 no_imp=2/20 (còn 1198s)
2026-04-04 03:18:57,633 -   [Inner 1.6] cost=795.00 no_imp=4/20 (còn 1197s)
2026-04-04 03:18:58,240 -   [Inner 1.7] cost=795.00 no_imp=6/20 (còn 1196s)
2026-04-04 03:18:58,850 -   [Inner 1.8] cost=795.00 no_imp=8/20 (còn 1196s)
2026-04-04 03:18:59,492 -   [Inner 1.9] cost=795.00 no_imp=10/20 (còn 1195s)
2026-04-04 03:19:00,134 -   [Inner 1.10] cost=795.00 no_imp=12/20 (còn 1195s)
2026-04-04 03:19:00,768 -   [Inner 1.11] cost=795.00 no_imp=14/20 (còn 1194s)
2026-04-04 03:19:01,387 -   [Inner 1.12] cost=795.00 no_imp=16/20 (còn 1193s)
2026-04-04 03:19:01,999 -   [Inner 1.13] cost=795.00 no_imp=18/20 (còn 1193s)
2026-04-04 03:19:02,603 -   [Outer] Inner cải thiện → best=795.00
2026-04-04 03:19:02,604 -   [Outer 1] Chạy Pairwise MaxSAT...
2026-04-04 03:19:02,604 - === OUTER 2 | cost=795.00 outer_no_imp=0/3 (còn 1192s) ===
2026-04-04 03:19:02,604 -   [Inner 2.1] cost=795.00 no_imp=0/20 (còn 1192s)
2026-04-04 03:19:03,208 -   [Inner 2.2] cost=795.00 no_imp=2/20 (còn 1191s)
2026-04-04 03:19:03,853 -   [Inner 2.3] cost=795.00 no_imp=4/20 (còn 1191s)
2026-04-04 03:19:04,484 -   [Inner 2.4] cost=795.00 no_imp=6/20 (còn 1190s)
2026-04-04 03:19:05,091 -   [Inner 2.5] cost=795.00 no_imp=8/20 (còn 1190s)
2026-04-04 03:19:05,707 -   [Inner 2.6] cost=795.00 no_imp=10/20 (còn 1189s)
2026-04-04 03:19:06,308 -   [Inner 2.7] cost=795.00 no_imp=12/20 (còn 1188s)
2026-04-04 03:19:06,920 -   [Inner 2.8] cost=795.00 no_imp=14/20 (còn 1188s)
2026-04-04 03:19:07,528 -   [Inner 2.9] cost=795.00 no_imp=16/20 (còn 1187s)
2026-04-04 03:19:08,124 -   [Inner 2.10] cost=795.00 no_imp=18/20 (còn 1187s)
2026-04-04 03:19:08,747 -   [Outer 2] Chạy Pairwise MaxSAT...
2026-04-04 03:19:08,747 -   [Outer] Không cải thiện (1/3)
2026-04-04 03:19:08,747 - === OUTER 3 | cost=795.00 outer_no_imp=1/3 (còn 1186s) ===
2026-04-04 03:19:08,748 -   [Inner 3.1] cost=795.00 no_imp=0/20 (còn 1186s)
2026-04-04 03:19:09,368 -   [Inner 3.2] cost=795.00 no_imp=2/20 (còn 1185s)
2026-04-04 03:19:09,990 -   [Inner 3.3] cost=795.00 no_imp=4/20 (còn 1185s)
2026-04-04 03:19:10,598 -   [Inner 3.4] cost=795.00 no_imp=6/20 (còn 1184s)
2026-04-04 03:19:11,210 -   [Inner 3.5] cost=795.00 no_imp=8/20 (còn 1183s)
2026-04-04 03:19:11,826 -   [Inner 3.6] cost=795.00 no_imp=10/20 (còn 1183s)
2026-04-04 03:19:12,426 -   [Inner 3.7] cost=795.00 no_imp=12/20 (còn 1182s)
2026-04-04 03:19:13,027 -   [Inner 3.8] cost=795.00 no_imp=14/20 (còn 1182s)
2026-04-04 03:19:13,630 -   [Inner 3.9] cost=795.00 no_imp=16/20 (còn 1181s)
2026-04-04 03:19:14,261 -   [Inner 3.10] cost=795.00 no_imp=18/20 (còn 1180s)
2026-04-04 03:19:14,902 -   [Outer 3] Chạy Pairwise MaxSAT...
2026-04-04 03:19:14,903 -   [Outer] Không cải thiện (2/3)
2026-04-04 03:19:14,903 - === OUTER 4 | cost=795.00 outer_no_imp=2/3 (còn 1180s) ===
2026-04-04 03:19:14,903 -   [Inner 4.1] cost=795.00 no_imp=0/20 (còn 1180s)
2026-04-04 03:19:15,528 -   [Inner 4.2] cost=795.00 no_imp=2/20 (còn 1179s)
2026-04-04 03:19:16,141 -   [Inner 4.3] cost=795.00 no_imp=4/20 (còn 1178s)
2026-04-04 03:19:16,755 -   [Inner 4.4] cost=795.00 no_imp=6/20 (còn 1178s)
2026-04-04 03:19:17,447 -   [Inner 4.5] cost=795.00 no_imp=8/20 (còn 1177s)
2026-04-04 03:19:18,046 -   [Inner 4.6] cost=795.00 no_imp=10/20 (còn 1177s)
2026-04-04 03:19:18,644 -   [Inner 4.7] cost=795.00 no_imp=12/20 (còn 1176s)
2026-04-04 03:19:19,252 -   [Inner 4.8] cost=795.00 no_imp=14/20 (còn 1175s)
2026-04-04 03:19:19,879 -   [Inner 4.9] cost=795.00 no_imp=16/20 (còn 1175s)
2026-04-04 03:19:20,491 -   [Inner 4.10] cost=795.00 no_imp=18/20 (còn 1174s)
2026-04-04 03:19:21,109 -   [Outer 4] Chạy Pairwise MaxSAT...
2026-04-04 03:19:21,109 -   [Outer] Không cải thiện (3/3)
2026-04-04 03:19:21,110 - Hoàn thành. cost=795.00 | time=26.5s | s_imp=1 s_to=0 | p_imp=0 p_to=0
2026-04-04 03:19:21,110 - ======================================================================
2026-04-04 03:19:21,110 - CW=888 → 2opt=846 → MaxSAT=795
2026-04-04 03:19:21,110 - Cải thiện so CW: 93
2026-04-04 03:19:21,110 - Total time: 26.5s
2026-04-04 03:19:21,110 - Verified cost: 795
2026-04-04 03:19:21,115 - ======================================================================
2026-04-04 03:19:21,115 - FILE: B-n50-k8.vrp
2026-04-04 03:19:21,115 - ======================================================================
2026-04-04 03:19:21,127 - Dim=50 K=8 Cap=100
2026-04-04 03:19:21,127 - --- Clarke-Wright ---
2026-04-04 03:19:21,129 -   cost=1554 time=0.00s
2026-04-04 03:19:21,130 - --- Two-Opt ---
2026-04-04 03:19:21,131 -   cost=1503 time=0.00s
2026-04-04 03:19:21,131 - --- MaxSAT (2-tầng) ---
2026-04-04 03:19:21,131 - =========================================
2026-04-04 03:19:21,131 - BẮT ĐẦU OPTIMIZE (MaxSAT-RC2, 2-tầng)
2026-04-04 03:19:21,131 -   max_single=8  s_to=40.0s
2026-04-04 03:19:21,132 -   max_pair=9  p_to=15.0s
2026-04-04 03:19:21,132 -   n_pairs=5
2026-04-04 03:19:21,132 -   inner_patience=20  outer_patience=3
2026-04-04 03:19:21,132 -   global_timeout=1200.0s
2026-04-04 03:19:21,132 -   start_cost=1503.00
2026-04-04 03:19:21,132 - =========================================
2026-04-04 03:19:21,132 - === OUTER 1 | cost=1503.00 outer_no_imp=0/3 (còn 1200s) ===
2026-04-04 03:19:21,132 -   [Inner 1.1] cost=1503.00 no_imp=0/20 (còn 1200s)
2026-04-04 03:19:21,138 -     [P1] Relocate → 1501.00
2026-04-04 03:19:21,158 -     [P2] Exchange → 1469.00
2026-04-04 03:19:22,792 -     [P3] Single +6
2026-04-04 03:19:22,792 -     → INNER BEST = 1463.00
2026-04-04 03:19:22,792 -   [Inner 1.2] cost=1463.00 no_imp=0/20 (còn 1198s)
2026-04-04 03:19:22,798 -     [P1] Relocate → 1462.00
2026-04-04 03:19:22,806 -     [P2] Exchange → 1439.00
2026-04-04 03:19:27,042 -     → INNER BEST = 1439.00
2026-04-04 03:19:27,043 -   [Inner 1.3] cost=1439.00 no_imp=0/20 (còn 1194s)
2026-04-04 03:19:27,049 -     [P1] Relocate → 1438.00
2026-04-04 03:19:27,056 -     [P2] Exchange → 1435.00
2026-04-04 03:19:31,439 -     → INNER BEST = 1435.00
2026-04-04 03:19:31,440 -   [Inner 1.4] cost=1435.00 no_imp=0/20 (còn 1190s)
2026-04-04 03:19:31,446 -     [P1] Relocate → 1434.00
2026-04-04 03:19:31,454 -     [P2] Exchange → 1398.00
2026-04-04 03:19:37,657 -     [P3] Single +6
2026-04-04 03:19:37,658 -     → INNER BEST = 1392.00
2026-04-04 03:19:37,658 -   [Inner 1.5] cost=1392.00 no_imp=0/20 (còn 1183s)
2026-04-04 03:19:37,664 -     [P1] Relocate → 1391.00
2026-04-04 03:19:37,672 -     [P2] Exchange → 1376.00
2026-04-04 03:19:42,787 -     [P3] Single +6
2026-04-04 03:19:42,787 -     → INNER BEST = 1370.00
2026-04-04 03:19:42,787 -   [Inner 1.6] cost=1370.00 no_imp=0/20 (còn 1178s)
2026-04-04 03:19:42,794 -     [P1] Relocate → 1369.00
2026-04-04 03:19:42,802 -     [P2] Exchange → 1363.00
2026-04-04 03:19:47,408 -     → INNER BEST = 1363.00
2026-04-04 03:19:47,408 -   [Inner 1.7] cost=1363.00 no_imp=0/20 (còn 1174s)
2026-04-04 03:19:47,415 -     [P1] Relocate → 1357.00
2026-04-04 03:19:47,423 -     [P2] Exchange → 1351.00
2026-04-04 03:19:51,880 -     → INNER BEST = 1351.00
2026-04-04 03:19:51,881 -   [Inner 1.8] cost=1351.00 no_imp=0/20 (còn 1169s)
2026-04-04 03:19:51,887 -     [P1] Relocate → 1346.00
2026-04-04 03:19:56,707 -     → INNER BEST = 1346.00
2026-04-04 03:19:56,707 -   [Inner 1.9] cost=1346.00 no_imp=0/20 (còn 1164s)
2026-04-04 03:19:56,713 -     [P1] Relocate → 1345.00
2026-04-04 03:19:56,721 -     [P2] Exchange → 1344.00
2026-04-04 03:20:01,267 -     → INNER BEST = 1344.00
2026-04-04 03:20:01,268 -   [Inner 1.10] cost=1344.00 no_imp=0/20 (còn 1160s)
2026-04-04 03:20:01,280 -     [P1] Relocate → 1341.00
2026-04-04 03:20:01,293 -     [P2] Exchange → 1340.00
2026-04-04 03:20:05,785 -     → INNER BEST = 1340.00
2026-04-04 03:20:05,786 -   [Inner 1.11] cost=1340.00 no_imp=0/20 (còn 1155s)
2026-04-04 03:20:05,791 -     [P1] Relocate → 1339.00
2026-04-04 03:20:10,306 -     → INNER BEST = 1339.00
2026-04-04 03:20:10,306 -   [Inner 1.12] cost=1339.00 no_imp=0/20 (còn 1151s)
2026-04-04 03:20:14,791 -   [Inner 1.13] cost=1339.00 no_imp=2/20 (còn 1146s)
2026-04-04 03:20:19,360 -   [Inner 1.14] cost=1339.00 no_imp=4/20 (còn 1142s)
2026-04-04 03:20:23,752 -   [Inner 1.15] cost=1339.00 no_imp=6/20 (còn 1137s)
2026-04-04 03:20:28,289 -   [Inner 1.16] cost=1339.00 no_imp=8/20 (còn 1133s)
2026-04-04 03:20:32,698 -   [Inner 1.17] cost=1339.00 no_imp=10/20 (còn 1128s)
2026-04-04 03:20:37,009 -   [Inner 1.18] cost=1339.00 no_imp=12/20 (còn 1124s)
2026-04-04 03:20:41,469 -   [Inner 1.19] cost=1339.00 no_imp=14/20 (còn 1120s)
2026-04-04 03:20:45,898 -   [Inner 1.20] cost=1339.00 no_imp=16/20 (còn 1115s)
2026-04-04 03:20:50,387 -   [Inner 1.21] cost=1339.00 no_imp=18/20 (còn 1111s)
2026-04-04 03:20:54,749 -   [Outer] Inner cải thiện → best=1339.00
2026-04-04 03:20:54,749 -   [Outer 1] Chạy Pairwise MaxSAT...
2026-04-04 03:20:54,749 - === OUTER 2 | cost=1339.00 outer_no_imp=0/3 (còn 1106s) ===
2026-04-04 03:20:54,749 -   [Inner 2.1] cost=1339.00 no_imp=0/20 (còn 1106s)
2026-04-04 03:20:59,216 -   [Inner 2.2] cost=1339.00 no_imp=2/20 (còn 1102s)
2026-04-04 03:21:03,743 -   [Inner 2.3] cost=1339.00 no_imp=4/20 (còn 1097s)
2026-04-04 03:21:08,090 -   [Inner 2.4] cost=1339.00 no_imp=6/20 (còn 1093s)
2026-04-04 03:21:12,561 -   [Inner 2.5] cost=1339.00 no_imp=8/20 (còn 1089s)
2026-04-04 03:21:16,952 -   [Inner 2.6] cost=1339.00 no_imp=10/20 (còn 1084s)
2026-04-04 03:21:21,404 -   [Inner 2.7] cost=1339.00 no_imp=12/20 (còn 1080s)
2026-04-04 03:21:25,819 -   [Inner 2.8] cost=1339.00 no_imp=14/20 (còn 1075s)
2026-04-04 03:21:30,153 -   [Inner 2.9] cost=1339.00 no_imp=16/20 (còn 1071s)
2026-04-04 03:21:34,541 -   [Inner 2.10] cost=1339.00 no_imp=18/20 (còn 1067s)
2026-04-04 03:21:38,919 -   [Outer 2] Chạy Pairwise MaxSAT...
2026-04-04 03:21:38,919 -   [Outer] Không cải thiện (1/3)
2026-04-04 03:21:38,919 - === OUTER 3 | cost=1339.00 outer_no_imp=1/3 (còn 1062s) ===
2026-04-04 03:21:38,920 -   [Inner 3.1] cost=1339.00 no_imp=0/20 (còn 1062s)
2026-04-04 03:21:43,386 -   [Inner 3.2] cost=1339.00 no_imp=2/20 (còn 1058s)
2026-04-04 03:21:47,836 -   [Inner 3.3] cost=1339.00 no_imp=4/20 (còn 1053s)
2026-04-04 03:21:52,350 -   [Inner 3.4] cost=1339.00 no_imp=6/20 (còn 1049s)
2026-04-04 03:21:56,864 -   [Inner 3.5] cost=1339.00 no_imp=8/20 (còn 1044s)
2026-04-04 03:22:01,394 -   [Inner 3.6] cost=1339.00 no_imp=10/20 (còn 1040s)
2026-04-04 03:22:05,945 -   [Inner 3.7] cost=1339.00 no_imp=12/20 (còn 1035s)
2026-04-04 03:22:10,490 -   [Inner 3.8] cost=1339.00 no_imp=14/20 (còn 1031s)
2026-04-04 03:22:14,990 -   [Inner 3.9] cost=1339.00 no_imp=16/20 (còn 1026s)
2026-04-04 03:22:19,332 -   [Inner 3.10] cost=1339.00 no_imp=18/20 (còn 1022s)
2026-04-04 03:22:23,719 -   [Outer 3] Chạy Pairwise MaxSAT...
2026-04-04 03:22:23,720 -   [Outer] Không cải thiện (2/3)
2026-04-04 03:22:23,720 - === OUTER 4 | cost=1339.00 outer_no_imp=2/3 (còn 1017s) ===
2026-04-04 03:22:23,721 -   [Inner 4.1] cost=1339.00 no_imp=0/20 (còn 1017s)
2026-04-04 03:22:28,217 -   [Inner 4.2] cost=1339.00 no_imp=2/20 (còn 1013s)
2026-04-04 03:22:32,632 -   [Inner 4.3] cost=1339.00 no_imp=4/20 (còn 1008s)
2026-04-04 03:22:37,204 -   [Inner 4.4] cost=1339.00 no_imp=6/20 (còn 1004s)
2026-04-04 03:22:41,663 -   [Inner 4.5] cost=1339.00 no_imp=8/20 (còn 999s)
2026-04-04 03:22:46,238 -   [Inner 4.6] cost=1339.00 no_imp=10/20 (còn 995s)
2026-04-04 03:22:50,830 -   [Inner 4.7] cost=1339.00 no_imp=12/20 (còn 990s)
2026-04-04 03:22:55,357 -   [Inner 4.8] cost=1339.00 no_imp=14/20 (còn 986s)
2026-04-04 03:22:59,858 -   [Inner 4.9] cost=1339.00 no_imp=16/20 (còn 981s)
2026-04-04 03:23:04,358 -   [Inner 4.10] cost=1339.00 no_imp=18/20 (còn 977s)
2026-04-04 03:23:08,835 -   [Outer 4] Chạy Pairwise MaxSAT...
2026-04-04 03:23:08,836 -   [Outer] Không cải thiện (3/3)
2026-04-04 03:23:08,836 - Hoàn thành. cost=1339.00 | time=227.7s | s_imp=5 s_to=0 | p_imp=0 p_to=0
2026-04-04 03:23:08,836 - ======================================================================
2026-04-04 03:23:08,836 - CW=1554 → 2opt=1503 → MaxSAT=1339
2026-04-04 03:23:08,836 - Cải thiện so CW: 215
2026-04-04 03:23:08,836 - Total time: 227.7s
2026-04-04 03:23:08,836 - Verified cost: 1339
2026-04-04 03:23:08,841 - ======================================================================
2026-04-04 03:23:08,841 - FILE: B-n50-k7.vrp
2026-04-04 03:23:08,841 - ======================================================================
2026-04-04 03:23:08,845 - Dim=50 K=7 Cap=100
2026-04-04 03:23:08,845 - --- Clarke-Wright ---
2026-04-04 03:23:08,848 -   cost=995 time=0.00s
2026-04-04 03:23:08,848 - --- Two-Opt ---
2026-04-04 03:23:08,849 -   cost=948 time=0.00s
2026-04-04 03:23:08,850 - --- MaxSAT (2-tầng) ---
2026-04-04 03:23:08,850 - =========================================
2026-04-04 03:23:08,850 - BẮT ĐẦU OPTIMIZE (MaxSAT-RC2, 2-tầng)
2026-04-04 03:23:08,850 -   max_single=8  s_to=40.0s
2026-04-04 03:23:08,850 -   max_pair=10  p_to=15.0s
2026-04-04 03:23:08,850 -   n_pairs=5
2026-04-04 03:23:08,850 -   inner_patience=20  outer_patience=3
2026-04-04 03:23:08,850 -   global_timeout=1200.0s
2026-04-04 03:23:08,851 -   start_cost=948.00
2026-04-04 03:23:08,851 - =========================================
2026-04-04 03:23:08,851 - === OUTER 1 | cost=948.00 outer_no_imp=0/3 (còn 1200s) ===
2026-04-04 03:23:08,851 -   [Inner 1.1] cost=948.00 no_imp=0/20 (còn 1200s)
2026-04-04 03:23:08,861 -     [P1] Relocate → 944.00
2026-04-04 03:23:08,870 -     [P2] Exchange → 941.00
2026-04-04 03:23:08,962 -     → INNER BEST = 941.00
2026-04-04 03:23:08,962 -   [Inner 1.2] cost=941.00 no_imp=0/20 (còn 1200s)
2026-04-04 03:23:08,971 -     [P1] Relocate → 939.00
2026-04-04 03:23:08,985 -     [P2] Exchange → 938.00
2026-04-04 03:23:09,168 -     → INNER BEST = 938.00
2026-04-04 03:23:09,168 -   [Inner 1.3] cost=938.00 no_imp=0/20 (còn 1200s)
2026-04-04 03:23:09,176 -     [P1] Relocate → 937.00
2026-04-04 03:23:09,184 -     [P2] Exchange → 933.00
2026-04-04 03:23:09,361 -     [P3] Single +1
2026-04-04 03:23:09,361 -     → INNER BEST = 932.00
2026-04-04 03:23:09,361 -   [Inner 1.4] cost=932.00 no_imp=0/20 (còn 1199s)
2026-04-04 03:23:09,368 -     [P1] Relocate → 928.00
2026-04-04 03:23:09,567 -     → INNER BEST = 928.00
2026-04-04 03:23:09,567 -   [Inner 1.5] cost=928.00 no_imp=0/20 (còn 1199s)
2026-04-04 03:23:09,754 -   [Inner 1.6] cost=928.00 no_imp=2/20 (còn 1199s)
2026-04-04 03:23:09,945 -   [Inner 1.7] cost=928.00 no_imp=4/20 (còn 1199s)
2026-04-04 03:23:10,136 -   [Inner 1.8] cost=928.00 no_imp=6/20 (còn 1199s)
2026-04-04 03:23:10,330 -   [Inner 1.9] cost=928.00 no_imp=8/20 (còn 1199s)
2026-04-04 03:23:10,528 -   [Inner 1.10] cost=928.00 no_imp=10/20 (còn 1198s)
2026-04-04 03:23:10,714 -   [Inner 1.11] cost=928.00 no_imp=12/20 (còn 1198s)
2026-04-04 03:23:10,910 -   [Inner 1.12] cost=928.00 no_imp=14/20 (còn 1198s)
2026-04-04 03:23:11,094 -   [Inner 1.13] cost=928.00 no_imp=16/20 (còn 1198s)
2026-04-04 03:23:11,294 -   [Inner 1.14] cost=928.00 no_imp=18/20 (còn 1198s)
2026-04-04 03:23:11,485 -   [Outer] Inner cải thiện → best=928.00
2026-04-04 03:23:11,486 -   [Outer 1] Chạy Pairwise MaxSAT...
2026-04-04 03:23:11,486 - === OUTER 2 | cost=928.00 outer_no_imp=0/3 (còn 1197s) ===
2026-04-04 03:23:11,486 -   [Inner 2.1] cost=928.00 no_imp=0/20 (còn 1197s)
2026-04-04 03:23:11,669 -   [Inner 2.2] cost=928.00 no_imp=2/20 (còn 1197s)
2026-04-04 03:23:11,854 -   [Inner 2.3] cost=928.00 no_imp=4/20 (còn 1197s)
2026-04-04 03:23:12,044 -   [Inner 2.4] cost=928.00 no_imp=6/20 (còn 1197s)
2026-04-04 03:23:12,234 -   [Inner 2.5] cost=928.00 no_imp=8/20 (còn 1197s)
2026-04-04 03:23:12,421 -   [Inner 2.6] cost=928.00 no_imp=10/20 (còn 1196s)
2026-04-04 03:23:12,612 -   [Inner 2.7] cost=928.00 no_imp=12/20 (còn 1196s)
2026-04-04 03:23:12,805 -   [Inner 2.8] cost=928.00 no_imp=14/20 (còn 1196s)
2026-04-04 03:23:12,997 -   [Inner 2.9] cost=928.00 no_imp=16/20 (còn 1196s)
2026-04-04 03:23:13,189 -   [Inner 2.10] cost=928.00 no_imp=18/20 (còn 1196s)
2026-04-04 03:23:13,380 -   [Outer 2] Chạy Pairwise MaxSAT...
2026-04-04 03:23:13,380 -   [Outer] Không cải thiện (1/3)
2026-04-04 03:23:13,381 - === OUTER 3 | cost=928.00 outer_no_imp=1/3 (còn 1195s) ===
2026-04-04 03:23:13,381 -   [Inner 3.1] cost=928.00 no_imp=0/20 (còn 1195s)
2026-04-04 03:23:13,562 -   [Inner 3.2] cost=928.00 no_imp=2/20 (còn 1195s)
2026-04-04 03:23:13,746 -   [Inner 3.3] cost=928.00 no_imp=4/20 (còn 1195s)
2026-04-04 03:23:13,941 -   [Inner 3.4] cost=928.00 no_imp=6/20 (còn 1195s)
2026-04-04 03:23:14,132 -   [Inner 3.5] cost=928.00 no_imp=8/20 (còn 1195s)
2026-04-04 03:23:14,325 -   [Inner 3.6] cost=928.00 no_imp=10/20 (còn 1195s)
2026-04-04 03:23:14,514 -   [Inner 3.7] cost=928.00 no_imp=12/20 (còn 1194s)
2026-04-04 03:23:14,709 -   [Inner 3.8] cost=928.00 no_imp=14/20 (còn 1194s)
2026-04-04 03:23:14,893 -   [Inner 3.9] cost=928.00 no_imp=16/20 (còn 1194s)
2026-04-04 03:23:15,080 -   [Inner 3.10] cost=928.00 no_imp=18/20 (còn 1194s)
2026-04-04 03:23:15,265 -   [Outer 3] Chạy Pairwise MaxSAT...
2026-04-04 03:23:15,265 -   [Outer] Không cải thiện (2/3)
2026-04-04 03:23:15,266 - === OUTER 4 | cost=928.00 outer_no_imp=2/3 (còn 1194s) ===
2026-04-04 03:23:15,266 -   [Inner 4.1] cost=928.00 no_imp=0/20 (còn 1194s)
2026-04-04 03:23:15,458 -   [Inner 4.2] cost=928.00 no_imp=2/20 (còn 1193s)
2026-04-04 03:23:15,657 -   [Inner 4.3] cost=928.00 no_imp=4/20 (còn 1193s)
2026-04-04 03:23:15,852 -   [Inner 4.4] cost=928.00 no_imp=6/20 (còn 1193s)
2026-04-04 03:23:16,035 -   [Inner 4.5] cost=928.00 no_imp=8/20 (còn 1193s)
2026-04-04 03:23:16,218 -   [Inner 4.6] cost=928.00 no_imp=10/20 (còn 1193s)
2026-04-04 03:23:16,413 -   [Inner 4.7] cost=928.00 no_imp=12/20 (còn 1192s)
2026-04-04 03:23:16,605 -   [Inner 4.8] cost=928.00 no_imp=14/20 (còn 1192s)
2026-04-04 03:23:16,797 -   [Inner 4.9] cost=928.00 no_imp=16/20 (còn 1192s)
2026-04-04 03:23:16,990 -   [Inner 4.10] cost=928.00 no_imp=18/20 (còn 1192s)
2026-04-04 03:23:17,182 -   [Outer 4] Chạy Pairwise MaxSAT...
2026-04-04 03:23:17,182 -   [Outer] Không cải thiện (3/3)
2026-04-04 03:23:17,182 - Hoàn thành. cost=928.00 | time=8.3s | s_imp=1 s_to=0 | p_imp=0 p_to=0
2026-04-04 03:23:17,182 - ======================================================================
2026-04-04 03:23:17,182 - CW=995 → 2opt=948 → MaxSAT=928
2026-04-04 03:23:17,182 - Cải thiện so CW: 67
2026-04-04 03:23:17,182 - Total time: 8.3s
2026-04-04 03:23:17,182 - Verified cost: 928
2026-04-04 03:23:17,187 - ======================================================================
2026-04-04 03:23:17,187 - FILE: B-n51-k7.vrp
2026-04-04 03:23:17,188 - ======================================================================
2026-04-04 03:23:17,192 - Dim=51 K=7 Cap=100
2026-04-04 03:23:17,192 - --- Clarke-Wright ---
2026-04-04 03:23:17,195 -   cost=1528 time=0.00s
2026-04-04 03:23:17,195 - --- Two-Opt ---
2026-04-04 03:23:17,196 -   cost=1427 time=0.00s
2026-04-04 03:23:17,197 - --- MaxSAT (2-tầng) ---
2026-04-04 03:23:17,197 - =========================================
2026-04-04 03:23:17,197 - BẮT ĐẦU OPTIMIZE (MaxSAT-RC2, 2-tầng)
2026-04-04 03:23:17,198 -   max_single=8  s_to=40.0s
2026-04-04 03:23:17,198 -   max_pair=10  p_to=15.0s
2026-04-04 03:23:17,198 -   n_pairs=5
2026-04-04 03:23:17,198 -   inner_patience=20  outer_patience=3
2026-04-04 03:23:17,198 -   global_timeout=1200.0s
2026-04-04 03:23:17,198 -   start_cost=1427.00
2026-04-04 03:23:17,198 - =========================================
2026-04-04 03:23:17,198 - === OUTER 1 | cost=1427.00 outer_no_imp=0/3 (còn 1200s) ===
2026-04-04 03:23:17,198 -   [Inner 1.1] cost=1427.00 no_imp=0/20 (còn 1200s)
2026-04-04 03:23:17,205 -     [P2] Exchange → 1348.00
2026-04-04 03:23:18,962 -     [P3] Single +18
2026-04-04 03:23:18,963 -     → INNER BEST = 1330.00
2026-04-04 03:23:18,963 -   [Inner 1.2] cost=1330.00 no_imp=0/20 (còn 1198s)
2026-04-04 03:23:18,969 -     [P2] Exchange → 1277.00
2026-04-04 03:23:20,842 -     [P3] Single +16
2026-04-04 03:23:20,843 -     → INNER BEST = 1261.00
2026-04-04 03:23:20,843 -   [Inner 1.3] cost=1261.00 no_imp=0/20 (còn 1196s)
2026-04-04 03:23:20,850 -     [P2] Exchange → 1256.00
2026-04-04 03:23:22,600 -     → INNER BEST = 1256.00
2026-04-04 03:23:22,600 -   [Inner 1.4] cost=1256.00 no_imp=0/20 (còn 1195s)
2026-04-04 03:23:22,607 -     [P2] Exchange → 1252.00
2026-04-04 03:23:24,293 -     [P3] Single +2
2026-04-04 03:23:24,293 -     → INNER BEST = 1250.00
2026-04-04 03:23:24,293 -   [Inner 1.5] cost=1250.00 no_imp=0/20 (còn 1193s)
2026-04-04 03:23:24,295 -     [P1] Relocate → 1214.00
2026-04-04 03:23:24,301 -     [P2] Exchange → 1207.00
2026-04-04 03:23:25,467 -     → INNER BEST = 1207.00
2026-04-04 03:23:25,467 -   [Inner 1.6] cost=1207.00 no_imp=0/20 (còn 1192s)
2026-04-04 03:23:25,474 -     [P2] Exchange → 1163.00
2026-04-04 03:23:27,881 -     [P3] Single +18
2026-04-04 03:23:27,882 -     → INNER BEST = 1145.00
2026-04-04 03:23:27,882 -   [Inner 1.7] cost=1145.00 no_imp=0/20 (còn 1189s)
2026-04-04 03:23:27,890 -     [P2] Exchange → 1137.00
2026-04-04 03:23:29,312 -     → INNER BEST = 1137.00
2026-04-04 03:23:29,313 -   [Inner 1.8] cost=1137.00 no_imp=0/20 (còn 1188s)
2026-04-04 03:23:30,746 -   [Inner 1.9] cost=1137.00 no_imp=2/20 (còn 1186s)
2026-04-04 03:23:32,188 -   [Inner 1.10] cost=1137.00 no_imp=4/20 (còn 1185s)
2026-04-04 03:23:33,623 -   [Inner 1.11] cost=1137.00 no_imp=6/20 (còn 1184s)
2026-04-04 03:23:35,059 -   [Inner 1.12] cost=1137.00 no_imp=8/20 (còn 1182s)
2026-04-04 03:23:36,485 -   [Inner 1.13] cost=1137.00 no_imp=10/20 (còn 1181s)
2026-04-04 03:23:37,920 -   [Inner 1.14] cost=1137.00 no_imp=12/20 (còn 1179s)
2026-04-04 03:23:39,347 -   [Inner 1.15] cost=1137.00 no_imp=14/20 (còn 1178s)
2026-04-04 03:23:40,816 -   [Inner 1.16] cost=1137.00 no_imp=16/20 (còn 1176s)
2026-04-04 03:23:42,224 -   [Inner 1.17] cost=1137.00 no_imp=18/20 (còn 1175s)
2026-04-04 03:23:43,631 -   [Outer] Inner cải thiện → best=1137.00
2026-04-04 03:23:43,631 -   [Outer 1] Chạy Pairwise MaxSAT...
2026-04-04 03:23:43,632 - === OUTER 2 | cost=1137.00 outer_no_imp=0/3 (còn 1174s) ===
2026-04-04 03:23:43,632 -   [Inner 2.1] cost=1137.00 no_imp=0/20 (còn 1174s)
2026-04-04 03:23:45,055 -   [Inner 2.2] cost=1137.00 no_imp=2/20 (còn 1172s)
2026-04-04 03:23:46,480 -   [Inner 2.3] cost=1137.00 no_imp=4/20 (còn 1171s)
2026-04-04 03:23:47,918 -   [Inner 2.4] cost=1137.00 no_imp=6/20 (còn 1169s)
2026-04-04 03:23:49,345 -   [Inner 2.5] cost=1137.00 no_imp=8/20 (còn 1168s)
2026-04-04 03:23:50,785 -   [Inner 2.6] cost=1137.00 no_imp=10/20 (còn 1166s)
2026-04-04 03:23:52,230 -   [Inner 2.7] cost=1137.00 no_imp=12/20 (còn 1165s)
2026-04-04 03:23:53,684 -   [Inner 2.8] cost=1137.00 no_imp=14/20 (còn 1164s)
2026-04-04 03:23:55,115 -   [Inner 2.9] cost=1137.00 no_imp=16/20 (còn 1162s)
2026-04-04 03:23:56,527 -   [Inner 2.10] cost=1137.00 no_imp=18/20 (còn 1161s)
2026-04-04 03:23:57,936 -   [Outer 2] Chạy Pairwise MaxSAT...
2026-04-04 03:23:57,937 -   [Outer] Không cải thiện (1/3)
2026-04-04 03:23:57,937 - === OUTER 3 | cost=1137.00 outer_no_imp=1/3 (còn 1159s) ===
2026-04-04 03:23:57,937 -   [Inner 3.1] cost=1137.00 no_imp=0/20 (còn 1159s)
2026-04-04 03:23:59,384 -   [Inner 3.2] cost=1137.00 no_imp=2/20 (còn 1158s)
2026-04-04 03:24:00,828 -   [Inner 3.3] cost=1137.00 no_imp=4/20 (còn 1156s)
2026-04-04 03:24:02,269 -   [Inner 3.4] cost=1137.00 no_imp=6/20 (còn 1155s)
2026-04-04 03:24:03,680 -   [Inner 3.5] cost=1137.00 no_imp=8/20 (còn 1154s)
2026-04-04 03:24:05,088 -   [Inner 3.6] cost=1137.00 no_imp=10/20 (còn 1152s)
2026-04-04 03:24:06,528 -   [Inner 3.7] cost=1137.00 no_imp=12/20 (còn 1151s)
2026-04-04 03:24:07,963 -   [Inner 3.8] cost=1137.00 no_imp=14/20 (còn 1149s)
2026-04-04 03:24:09,381 -   [Inner 3.9] cost=1137.00 no_imp=16/20 (còn 1148s)
2026-04-04 03:24:10,809 -   [Inner 3.10] cost=1137.00 no_imp=18/20 (còn 1146s)
2026-04-04 03:24:12,191 -   [Outer 3] Chạy Pairwise MaxSAT...
2026-04-04 03:24:12,192 -   [Outer] Không cải thiện (2/3)
2026-04-04 03:24:12,192 - === OUTER 4 | cost=1137.00 outer_no_imp=2/3 (còn 1145s) ===
2026-04-04 03:24:12,195 -   [Inner 4.1] cost=1137.00 no_imp=0/20 (còn 1145s)
2026-04-04 03:24:13,614 -   [Inner 4.2] cost=1137.00 no_imp=2/20 (còn 1144s)
2026-04-04 03:24:15,047 -   [Inner 4.3] cost=1137.00 no_imp=4/20 (còn 1142s)
2026-04-04 03:24:16,497 -   [Inner 4.4] cost=1137.00 no_imp=6/20 (còn 1141s)
2026-04-04 03:24:17,929 -   [Inner 4.5] cost=1137.00 no_imp=8/20 (còn 1139s)
2026-04-04 03:24:19,367 -   [Inner 4.6] cost=1137.00 no_imp=10/20 (còn 1138s)
2026-04-04 03:24:20,811 -   [Inner 4.7] cost=1137.00 no_imp=12/20 (còn 1136s)
2026-04-04 03:24:22,243 -   [Inner 4.8] cost=1137.00 no_imp=14/20 (còn 1135s)
2026-04-04 03:24:23,686 -   [Inner 4.9] cost=1137.00 no_imp=16/20 (còn 1134s)
2026-04-04 03:24:25,128 -   [Inner 4.10] cost=1137.00 no_imp=18/20 (còn 1132s)
2026-04-04 03:24:26,584 -   [Outer 4] Chạy Pairwise MaxSAT...
2026-04-04 03:24:26,584 -   [Outer] Không cải thiện (3/3)
2026-04-04 03:24:26,584 - Hoàn thành. cost=1137.00 | time=69.4s | s_imp=6 s_to=0 | p_imp=0 p_to=0
2026-04-04 03:24:26,584 - ======================================================================
2026-04-04 03:24:26,584 - CW=1528 → 2opt=1427 → MaxSAT=1137
2026-04-04 03:24:26,584 - Cải thiện so CW: 391
2026-04-04 03:24:26,584 - Total time: 69.4s
2026-04-04 03:24:26,584 - Verified cost: 1137
2026-04-04 03:24:26,586 - ======================================================================
2026-04-04 03:24:26,586 - FILE: B-n52-k7.vrp
2026-04-04 03:24:26,586 - ======================================================================
2026-04-04 03:24:26,591 - Dim=52 K=7 Cap=100
2026-04-04 03:24:26,592 - --- Clarke-Wright ---
2026-04-04 03:24:26,594 -   cost=927 time=0.00s
2026-04-04 03:24:26,594 - --- Two-Opt ---
2026-04-04 03:24:26,596 -   cost=885 time=0.00s
2026-04-04 03:24:26,596 - --- MaxSAT (2-tầng) ---
2026-04-04 03:24:26,596 - =========================================
2026-04-04 03:24:26,597 - BẮT ĐẦU OPTIMIZE (MaxSAT-RC2, 2-tầng)
2026-04-04 03:24:26,597 -   max_single=8  s_to=40.0s
2026-04-04 03:24:26,597 -   max_pair=11  p_to=15.0s
2026-04-04 03:24:26,597 -   n_pairs=5
2026-04-04 03:24:26,598 -   inner_patience=20  outer_patience=3
2026-04-04 03:24:26,598 -   global_timeout=1200.0s
2026-04-04 03:24:26,598 -   start_cost=885.00
2026-04-04 03:24:26,598 - =========================================
2026-04-04 03:24:26,598 - === OUTER 1 | cost=885.00 outer_no_imp=0/3 (còn 1200s) ===
2026-04-04 03:24:26,599 -   [Inner 1.1] cost=885.00 no_imp=0/20 (còn 1200s)
2026-04-04 03:24:26,608 -     [P1] Relocate → 878.00
2026-04-04 03:24:26,618 -     [P2] Exchange → 877.00
2026-04-04 03:24:26,811 -     [P3] Single +4
2026-04-04 03:24:26,812 -     → INNER BEST = 873.00
2026-04-04 03:24:26,812 -   [Inner 1.2] cost=873.00 no_imp=0/20 (còn 1200s)
2026-04-04 03:24:26,822 -     [P1] Relocate → 870.00
2026-04-04 03:24:27,019 -     → INNER BEST = 870.00
2026-04-04 03:24:27,019 -   [Inner 1.3] cost=870.00 no_imp=0/20 (còn 1200s)
2026-04-04 03:24:27,030 -     [P1] Relocate → 793.00
2026-04-04 03:24:27,226 -     [P3] Single +8
2026-04-04 03:24:27,226 -     → INNER BEST = 785.00
2026-04-04 03:24:27,226 -   [Inner 1.4] cost=785.00 no_imp=0/20 (còn 1199s)
2026-04-04 03:24:27,237 -     [P1] Relocate → 783.00
2026-04-04 03:24:27,372 -     → INNER BEST = 783.00
2026-04-04 03:24:27,375 -   [Inner 1.5] cost=783.00 no_imp=0/20 (còn 1199s)
2026-04-04 03:24:27,395 -     [P1] Relocate → 782.00
2026-04-04 03:24:27,578 -     → INNER BEST = 782.00
2026-04-04 03:24:27,578 -   [Inner 1.6] cost=782.00 no_imp=0/20 (còn 1199s)
2026-04-04 03:24:27,590 -     [P1] Relocate → 781.00
2026-04-04 03:24:28,265 -     → INNER BEST = 781.00
2026-04-04 03:24:28,266 -   [Inner 1.7] cost=781.00 no_imp=0/20 (còn 1198s)
2026-04-04 03:24:28,283 -     [P1] Relocate → 780.00
2026-04-04 03:24:28,892 -     → INNER BEST = 780.00
2026-04-04 03:24:28,892 -   [Inner 1.8] cost=780.00 no_imp=0/20 (còn 1198s)
2026-04-04 03:24:29,533 -   [Inner 1.9] cost=780.00 no_imp=2/20 (còn 1197s)
2026-04-04 03:24:30,186 -   [Inner 1.10] cost=780.00 no_imp=4/20 (còn 1196s)
2026-04-04 03:24:30,821 -   [Inner 1.11] cost=780.00 no_imp=6/20 (còn 1196s)
2026-04-04 03:24:31,454 -   [Inner 1.12] cost=780.00 no_imp=8/20 (còn 1195s)
2026-04-04 03:24:32,110 -   [Inner 1.13] cost=780.00 no_imp=10/20 (còn 1194s)
2026-04-04 03:24:32,750 -   [Inner 1.14] cost=780.00 no_imp=12/20 (còn 1194s)
2026-04-04 03:24:33,405 -   [Inner 1.15] cost=780.00 no_imp=14/20 (còn 1193s)
2026-04-04 03:24:34,049 -   [Inner 1.16] cost=780.00 no_imp=16/20 (còn 1193s)
2026-04-04 03:24:34,681 -   [Inner 1.17] cost=780.00 no_imp=18/20 (còn 1192s)
2026-04-04 03:24:35,344 -   [Outer] Inner cải thiện → best=780.00
2026-04-04 03:24:35,344 -   [Outer 1] Chạy Pairwise MaxSAT...
2026-04-04 03:24:35,345 - === OUTER 2 | cost=780.00 outer_no_imp=0/3 (còn 1191s) ===
2026-04-04 03:24:35,345 -   [Inner 2.1] cost=780.00 no_imp=0/20 (còn 1191s)
2026-04-04 03:24:35,962 -   [Inner 2.2] cost=780.00 no_imp=2/20 (còn 1191s)
2026-04-04 03:24:36,587 -   [Inner 2.3] cost=780.00 no_imp=4/20 (còn 1190s)
2026-04-04 03:24:37,246 -   [Inner 2.4] cost=780.00 no_imp=6/20 (còn 1189s)
2026-04-04 03:24:37,910 -   [Inner 2.5] cost=780.00 no_imp=8/20 (còn 1189s)
2026-04-04 03:24:38,538 -   [Inner 2.6] cost=780.00 no_imp=10/20 (còn 1188s)
2026-04-04 03:24:39,238 -   [Inner 2.7] cost=780.00 no_imp=12/20 (còn 1187s)
2026-04-04 03:24:39,908 -   [Inner 2.8] cost=780.00 no_imp=14/20 (còn 1187s)
2026-04-04 03:24:40,544 -   [Inner 2.9] cost=780.00 no_imp=16/20 (còn 1186s)
2026-04-04 03:24:41,173 -   [Inner 2.10] cost=780.00 no_imp=18/20 (còn 1185s)
2026-04-04 03:24:41,803 -   [Outer 2] Chạy Pairwise MaxSAT...
2026-04-04 03:24:41,804 -   [Outer] Không cải thiện (1/3)
2026-04-04 03:24:41,804 - === OUTER 3 | cost=780.00 outer_no_imp=1/3 (còn 1185s) ===
2026-04-04 03:24:41,805 -   [Inner 3.1] cost=780.00 no_imp=0/20 (còn 1185s)
2026-04-04 03:24:42,434 -   [Inner 3.2] cost=780.00 no_imp=2/20 (còn 1184s)
2026-04-04 03:24:43,063 -   [Inner 3.3] cost=780.00 no_imp=4/20 (còn 1184s)
2026-04-04 03:24:43,722 -   [Inner 3.4] cost=780.00 no_imp=6/20 (còn 1183s)
2026-04-04 03:24:44,358 -   [Inner 3.5] cost=780.00 no_imp=8/20 (còn 1182s)
2026-04-04 03:24:44,982 -   [Inner 3.6] cost=780.00 no_imp=10/20 (còn 1182s)
2026-04-04 03:24:45,645 -   [Inner 3.7] cost=780.00 no_imp=12/20 (còn 1181s)
2026-04-04 03:24:46,281 -   [Inner 3.8] cost=780.00 no_imp=14/20 (còn 1180s)
2026-04-04 03:24:46,934 -   [Inner 3.9] cost=780.00 no_imp=16/20 (còn 1180s)
2026-04-04 03:24:47,612 -   [Inner 3.10] cost=780.00 no_imp=18/20 (còn 1179s)
2026-04-04 03:24:48,258 -   [Outer 3] Chạy Pairwise MaxSAT...
2026-04-04 03:24:48,259 -   [Outer] Không cải thiện (2/3)
2026-04-04 03:24:48,259 - === OUTER 4 | cost=780.00 outer_no_imp=2/3 (còn 1178s) ===
2026-04-04 03:24:48,259 -   [Inner 4.1] cost=780.00 no_imp=0/20 (còn 1178s)
2026-04-04 03:24:48,906 -   [Inner 4.2] cost=780.00 no_imp=2/20 (còn 1178s)
2026-04-04 03:24:49,551 -   [Inner 4.3] cost=780.00 no_imp=4/20 (còn 1177s)
2026-04-04 03:24:50,208 -   [Inner 4.4] cost=780.00 no_imp=6/20 (còn 1176s)
2026-04-04 03:24:50,836 -   [Inner 4.5] cost=780.00 no_imp=8/20 (còn 1176s)
2026-04-04 03:24:51,505 -   [Inner 4.6] cost=780.00 no_imp=10/20 (còn 1175s)
2026-04-04 03:24:52,143 -   [Inner 4.7] cost=780.00 no_imp=12/20 (còn 1174s)
2026-04-04 03:24:52,814 -   [Inner 4.8] cost=780.00 no_imp=14/20 (còn 1174s)
2026-04-04 03:24:53,454 -   [Inner 4.9] cost=780.00 no_imp=16/20 (còn 1173s)
2026-04-04 03:24:54,107 -   [Inner 4.10] cost=780.00 no_imp=18/20 (còn 1172s)
2026-04-04 03:24:54,731 -   [Outer 4] Chạy Pairwise MaxSAT...
2026-04-04 03:24:54,732 -   [Outer] Không cải thiện (3/3)
2026-04-04 03:24:54,732 - Hoàn thành. cost=780.00 | time=28.1s | s_imp=4 s_to=0 | p_imp=0 p_to=0
2026-04-04 03:24:54,733 - ======================================================================
2026-04-04 03:24:54,733 - CW=927 → 2opt=885 → MaxSAT=780
2026-04-04 03:24:54,733 - Cải thiện so CW: 147
2026-04-04 03:24:54,733 - Total time: 28.1s
2026-04-04 03:24:54,733 - Verified cost: 780
2026-04-04 03:24:54,738 - ======================================================================
2026-04-04 03:24:54,738 - FILE: B-n56-k7.vrp
2026-04-04 03:24:54,738 - ======================================================================
2026-04-04 03:24:54,746 - Dim=56 K=7 Cap=100
2026-04-04 03:24:54,746 - --- Clarke-Wright ---
2026-04-04 03:24:54,749 -   cost=941 time=0.00s
2026-04-04 03:24:54,750 - --- Two-Opt ---
2026-04-04 03:24:54,752 -   cost=909 time=0.00s
2026-04-04 03:24:54,752 - --- MaxSAT (2-tầng) ---
2026-04-04 03:24:54,752 - =========================================
2026-04-04 03:24:54,752 - BẮT ĐẦU OPTIMIZE (MaxSAT-RC2, 2-tầng)
2026-04-04 03:24:54,752 -   max_single=8  s_to=40.0s
2026-04-04 03:24:54,752 -   max_pair=12  p_to=15.0s
2026-04-04 03:24:54,753 -   n_pairs=5
2026-04-04 03:24:54,753 -   inner_patience=20  outer_patience=3
2026-04-04 03:24:54,753 -   global_timeout=1200.0s
2026-04-04 03:24:54,753 -   start_cost=909.00
2026-04-04 03:24:54,753 - =========================================
2026-04-04 03:24:54,753 - === OUTER 1 | cost=909.00 outer_no_imp=0/3 (còn 1200s) ===
2026-04-04 03:24:54,753 -   [Inner 1.1] cost=909.00 no_imp=0/20 (còn 1200s)
2026-04-04 03:24:54,767 -     [P1] Relocate → 897.00
2026-04-04 03:24:54,779 -     [P2] Exchange → 894.00
2026-04-04 03:24:55,042 -     → INNER BEST = 894.00
2026-04-04 03:24:55,042 -   [Inner 1.2] cost=894.00 no_imp=0/20 (còn 1200s)
2026-04-04 03:24:55,056 -     [P1] Relocate → 889.00
2026-04-04 03:24:55,068 -     [P2] Exchange → 887.00
2026-04-04 03:24:55,860 -     → INNER BEST = 887.00
2026-04-04 03:24:55,860 -   [Inner 1.3] cost=887.00 no_imp=0/20 (còn 1199s)
2026-04-04 03:24:55,873 -     [P1] Relocate → 884.00
2026-04-04 03:24:55,884 -     [P2] Exchange → 883.00
2026-04-04 03:24:56,773 -     → INNER BEST = 883.00
2026-04-04 03:24:56,774 -   [Inner 1.4] cost=883.00 no_imp=0/20 (còn 1198s)
2026-04-04 03:24:56,787 -     [P1] Relocate → 876.00
2026-04-04 03:24:57,668 -     → INNER BEST = 876.00
2026-04-04 03:24:57,669 -   [Inner 1.5] cost=876.00 no_imp=0/20 (còn 1197s)
2026-04-04 03:24:57,686 -     [P1] Relocate → 866.00
2026-04-04 03:24:58,601 -     → INNER BEST = 866.00
2026-04-04 03:24:58,601 -   [Inner 1.6] cost=866.00 no_imp=0/20 (còn 1196s)
2026-04-04 03:24:58,615 -     [P1] Relocate → 857.00
2026-04-04 03:25:00,052 -     → INNER BEST = 857.00
2026-04-04 03:25:00,053 -   [Inner 1.7] cost=857.00 no_imp=0/20 (còn 1195s)
2026-04-04 03:25:00,066 -     [P1] Relocate → 854.00
2026-04-04 03:25:01,099 -     [P3] Single +1
2026-04-04 03:25:01,099 -     → INNER BEST = 853.00
2026-04-04 03:25:01,099 -   [Inner 1.8] cost=853.00 no_imp=0/20 (còn 1194s)
2026-04-04 03:25:01,111 -     [P1] Relocate → 851.00
2026-04-04 03:25:01,444 -     → INNER BEST = 851.00
2026-04-04 03:25:01,444 -   [Inner 1.9] cost=851.00 no_imp=0/20 (còn 1193s)
2026-04-04 03:25:01,458 -     [P1] Relocate → 844.00
2026-04-04 03:25:01,669 -     → INNER BEST = 844.00
2026-04-04 03:25:01,669 -   [Inner 1.10] cost=844.00 no_imp=0/20 (còn 1193s)
2026-04-04 03:25:01,895 -   [Inner 1.11] cost=844.00 no_imp=2/20 (còn 1193s)
2026-04-04 03:25:02,117 -   [Inner 1.12] cost=844.00 no_imp=4/20 (còn 1193s)
2026-04-04 03:25:02,332 -   [Inner 1.13] cost=844.00 no_imp=6/20 (còn 1192s)
2026-04-04 03:25:02,556 -   [Inner 1.14] cost=844.00 no_imp=8/20 (còn 1192s)
2026-04-04 03:25:02,785 -   [Inner 1.15] cost=844.00 no_imp=10/20 (còn 1192s)
2026-04-04 03:25:02,999 -   [Inner 1.16] cost=844.00 no_imp=12/20 (còn 1192s)
2026-04-04 03:25:03,220 -   [Inner 1.17] cost=844.00 no_imp=14/20 (còn 1192s)
2026-04-04 03:25:03,440 -   [Inner 1.18] cost=844.00 no_imp=16/20 (còn 1191s)
2026-04-04 03:25:03,661 -   [Inner 1.19] cost=844.00 no_imp=18/20 (còn 1191s)
2026-04-04 03:25:03,890 -   [Outer] Inner cải thiện → best=844.00
2026-04-04 03:25:03,890 -   [Outer 1] Chạy Pairwise MaxSAT...
2026-04-04 03:25:03,891 - === OUTER 2 | cost=844.00 outer_no_imp=0/3 (còn 1191s) ===
2026-04-04 03:25:03,891 -   [Inner 2.1] cost=844.00 no_imp=0/20 (còn 1191s)
2026-04-04 03:25:04,106 -   [Inner 2.2] cost=844.00 no_imp=2/20 (còn 1191s)
2026-04-04 03:25:04,329 -   [Inner 2.3] cost=844.00 no_imp=4/20 (còn 1190s)
2026-04-04 03:25:04,549 -   [Inner 2.4] cost=844.00 no_imp=6/20 (còn 1190s)
2026-04-04 03:25:04,766 -   [Inner 2.5] cost=844.00 no_imp=8/20 (còn 1190s)
2026-04-04 03:25:04,988 -   [Inner 2.6] cost=844.00 no_imp=10/20 (còn 1190s)
2026-04-04 03:25:05,214 -   [Inner 2.7] cost=844.00 no_imp=12/20 (còn 1190s)
2026-04-04 03:25:05,423 -   [Inner 2.8] cost=844.00 no_imp=14/20 (còn 1189s)
2026-04-04 03:25:05,651 -   [Inner 2.9] cost=844.00 no_imp=16/20 (còn 1189s)
2026-04-04 03:25:05,879 -   [Inner 2.10] cost=844.00 no_imp=18/20 (còn 1189s)
2026-04-04 03:25:06,100 -   [Outer 2] Chạy Pairwise MaxSAT...
2026-04-04 03:25:06,100 -   [Outer] Không cải thiện (1/3)
2026-04-04 03:25:06,100 - === OUTER 3 | cost=844.00 outer_no_imp=1/3 (còn 1189s) ===
2026-04-04 03:25:06,101 -   [Inner 3.1] cost=844.00 no_imp=0/20 (còn 1189s)
2026-04-04 03:25:06,315 -   [Inner 3.2] cost=844.00 no_imp=2/20 (còn 1188s)
2026-04-04 03:25:06,522 -   [Inner 3.3] cost=844.00 no_imp=4/20 (còn 1188s)
2026-04-04 03:25:06,727 -   [Inner 3.4] cost=844.00 no_imp=6/20 (còn 1188s)
2026-04-04 03:25:06,934 -   [Inner 3.5] cost=844.00 no_imp=8/20 (còn 1188s)
2026-04-04 03:25:07,161 -   [Inner 3.6] cost=844.00 no_imp=10/20 (còn 1188s)
2026-04-04 03:25:07,395 -   [Inner 3.7] cost=844.00 no_imp=12/20 (còn 1187s)
2026-04-04 03:25:07,611 -   [Inner 3.8] cost=844.00 no_imp=14/20 (còn 1187s)
2026-04-04 03:25:07,822 -   [Inner 3.9] cost=844.00 no_imp=16/20 (còn 1187s)
2026-04-04 03:25:08,030 -   [Inner 3.10] cost=844.00 no_imp=18/20 (còn 1187s)
2026-04-04 03:25:08,252 -   [Outer 3] Chạy Pairwise MaxSAT...
2026-04-04 03:25:08,253 -   [Outer] Không cải thiện (2/3)
2026-04-04 03:25:08,253 - === OUTER 4 | cost=844.00 outer_no_imp=2/3 (còn 1186s) ===
2026-04-04 03:25:08,253 -   [Inner 4.1] cost=844.00 no_imp=0/20 (còn 1186s)
2026-04-04 03:25:08,475 -   [Inner 4.2] cost=844.00 no_imp=2/20 (còn 1186s)
2026-04-04 03:25:08,701 -   [Inner 4.3] cost=844.00 no_imp=4/20 (còn 1186s)
2026-04-04 03:25:08,918 -   [Inner 4.4] cost=844.00 no_imp=6/20 (còn 1186s)
2026-04-04 03:25:09,137 -   [Inner 4.5] cost=844.00 no_imp=8/20 (còn 1186s)
2026-04-04 03:25:09,361 -   [Inner 4.6] cost=844.00 no_imp=10/20 (còn 1185s)
2026-04-04 03:25:09,595 -   [Inner 4.7] cost=844.00 no_imp=12/20 (còn 1185s)
2026-04-04 03:25:09,816 -   [Inner 4.8] cost=844.00 no_imp=14/20 (còn 1185s)
2026-04-04 03:25:10,035 -   [Inner 4.9] cost=844.00 no_imp=16/20 (còn 1185s)
2026-04-04 03:25:10,258 -   [Inner 4.10] cost=844.00 no_imp=18/20 (còn 1184s)
2026-04-04 03:25:10,476 -   [Outer 4] Chạy Pairwise MaxSAT...
2026-04-04 03:25:10,477 -   [Outer] Không cải thiện (3/3)
2026-04-04 03:25:10,477 - Hoàn thành. cost=844.00 | time=15.7s | s_imp=1 s_to=0 | p_imp=0 p_to=0
2026-04-04 03:25:10,477 - ======================================================================
2026-04-04 03:25:10,477 - CW=941 → 2opt=909 → MaxSAT=844
2026-04-04 03:25:10,477 - Cải thiện so CW: 97
2026-04-04 03:25:10,477 - Total time: 15.7s
2026-04-04 03:25:10,477 - Verified cost: 844
2026-04-04 03:25:10,482 - ======================================================================
2026-04-04 03:25:10,482 - FILE: B-n57-k7.vrp
2026-04-04 03:25:10,482 - ======================================================================
2026-04-04 03:25:10,488 - Dim=57 K=7 Cap=100
2026-04-04 03:25:10,488 - --- Clarke-Wright ---
2026-04-04 03:25:10,491 -   cost=1460 time=0.00s
2026-04-04 03:25:10,491 - --- Two-Opt ---
2026-04-04 03:25:10,493 -   cost=1429 time=0.00s
2026-04-04 03:25:10,493 - --- MaxSAT (2-tầng) ---
2026-04-04 03:25:10,493 - =========================================
2026-04-04 03:25:10,493 - BẮT ĐẦU OPTIMIZE (MaxSAT-RC2, 2-tầng)
2026-04-04 03:25:10,494 -   max_single=8  s_to=40.0s
2026-04-04 03:25:10,494 -   max_pair=12  p_to=15.0s
2026-04-04 03:25:10,494 -   n_pairs=5
2026-04-04 03:25:10,494 -   inner_patience=20  outer_patience=3
2026-04-04 03:25:10,494 -   global_timeout=1200.0s
2026-04-04 03:25:10,494 -   start_cost=1429.00
2026-04-04 03:25:10,494 - =========================================
2026-04-04 03:25:10,494 - === OUTER 1 | cost=1429.00 outer_no_imp=0/3 (còn 1200s) ===
2026-04-04 03:25:10,494 -   [Inner 1.1] cost=1429.00 no_imp=0/20 (còn 1200s)
2026-04-04 03:25:10,502 -     [P2] Exchange → 1423.00
2026-04-04 03:25:10,843 -     → INNER BEST = 1423.00
2026-04-04 03:25:10,843 -   [Inner 1.2] cost=1423.00 no_imp=0/20 (còn 1200s)
2026-04-04 03:25:11,206 -   [Inner 1.3] cost=1423.00 no_imp=2/20 (còn 1199s)
2026-04-04 03:25:11,548 -   [Inner 1.4] cost=1423.00 no_imp=4/20 (còn 1199s)
2026-04-04 03:25:11,897 -   [Inner 1.5] cost=1423.00 no_imp=6/20 (còn 1199s)
2026-04-04 03:25:12,232 -   [Inner 1.6] cost=1423.00 no_imp=8/20 (còn 1198s)
2026-04-04 03:25:12,573 -   [Inner 1.7] cost=1423.00 no_imp=10/20 (còn 1198s)
2026-04-04 03:25:12,923 -   [Inner 1.8] cost=1423.00 no_imp=12/20 (còn 1198s)
2026-04-04 03:25:13,291 -   [Inner 1.9] cost=1423.00 no_imp=14/20 (còn 1197s)
2026-04-04 03:25:13,645 -   [Inner 1.10] cost=1423.00 no_imp=16/20 (còn 1197s)
2026-04-04 03:25:14,002 -   [Inner 1.11] cost=1423.00 no_imp=18/20 (còn 1196s)
2026-04-04 03:25:14,358 -   [Outer] Inner cải thiện → best=1423.00
2026-04-04 03:25:14,358 -   [Outer 1] Chạy Pairwise MaxSAT...
2026-04-04 03:25:14,358 - === OUTER 2 | cost=1423.00 outer_no_imp=0/3 (còn 1196s) ===
2026-04-04 03:25:14,358 -   [Inner 2.1] cost=1423.00 no_imp=0/20 (còn 1196s)
2026-04-04 03:25:14,707 -   [Inner 2.2] cost=1423.00 no_imp=2/20 (còn 1196s)
2026-04-04 03:25:15,052 -   [Inner 2.3] cost=1423.00 no_imp=4/20 (còn 1195s)
2026-04-04 03:25:15,402 -   [Inner 2.4] cost=1423.00 no_imp=6/20 (còn 1195s)
2026-04-04 03:25:15,761 -   [Inner 2.5] cost=1423.00 no_imp=8/20 (còn 1195s)
2026-04-04 03:25:16,113 -   [Inner 2.6] cost=1423.00 no_imp=10/20 (còn 1194s)
2026-04-04 03:25:16,459 -   [Inner 2.7] cost=1423.00 no_imp=12/20 (còn 1194s)
2026-04-04 03:25:16,808 -   [Inner 2.8] cost=1423.00 no_imp=14/20 (còn 1194s)
2026-04-04 03:25:17,156 -   [Inner 2.9] cost=1423.00 no_imp=16/20 (còn 1193s)
2026-04-04 03:25:17,504 -   [Inner 2.10] cost=1423.00 no_imp=18/20 (còn 1193s)
2026-04-04 03:25:17,856 -   [Outer 2] Chạy Pairwise MaxSAT...
2026-04-04 03:25:17,857 -   [Outer] Không cải thiện (1/3)
2026-04-04 03:25:17,857 - === OUTER 3 | cost=1423.00 outer_no_imp=1/3 (còn 1193s) ===
2026-04-04 03:25:17,857 -   [Inner 3.1] cost=1423.00 no_imp=0/20 (còn 1193s)
2026-04-04 03:25:18,246 -   [Inner 3.2] cost=1423.00 no_imp=2/20 (còn 1192s)
2026-04-04 03:25:18,596 -   [Inner 3.3] cost=1423.00 no_imp=4/20 (còn 1192s)
2026-04-04 03:25:18,933 -   [Inner 3.4] cost=1423.00 no_imp=6/20 (còn 1192s)
2026-04-04 03:25:19,285 -   [Inner 3.5] cost=1423.00 no_imp=8/20 (còn 1191s)
2026-04-04 03:25:19,621 -   [Inner 3.6] cost=1423.00 no_imp=10/20 (còn 1191s)
2026-04-04 03:25:19,960 -   [Inner 3.7] cost=1423.00 no_imp=12/20 (còn 1191s)
2026-04-04 03:25:20,322 -   [Inner 3.8] cost=1423.00 no_imp=14/20 (còn 1190s)
2026-04-04 03:25:20,670 -   [Inner 3.9] cost=1423.00 no_imp=16/20 (còn 1190s)
2026-04-04 03:25:21,015 -   [Inner 3.10] cost=1423.00 no_imp=18/20 (còn 1189s)
2026-04-04 03:25:21,415 -   [Outer 3] Chạy Pairwise MaxSAT...
2026-04-04 03:25:21,416 -   [Outer] Không cải thiện (2/3)
2026-04-04 03:25:21,416 - === OUTER 4 | cost=1423.00 outer_no_imp=2/3 (còn 1189s) ===
2026-04-04 03:25:21,416 -   [Inner 4.1] cost=1423.00 no_imp=0/20 (còn 1189s)
2026-04-04 03:25:21,752 -   [Inner 4.2] cost=1423.00 no_imp=2/20 (còn 1189s)
2026-04-04 03:25:22,118 -   [Inner 4.3] cost=1423.00 no_imp=4/20 (còn 1188s)
2026-04-04 03:25:22,460 -   [Inner 4.4] cost=1423.00 no_imp=6/20 (còn 1188s)
2026-04-04 03:25:22,816 -   [Inner 4.5] cost=1423.00 no_imp=8/20 (còn 1188s)
2026-04-04 03:25:23,182 -   [Inner 4.6] cost=1423.00 no_imp=10/20 (còn 1187s)
2026-04-04 03:25:23,527 -   [Inner 4.7] cost=1423.00 no_imp=12/20 (còn 1187s)
2026-04-04 03:25:23,901 -   [Inner 4.8] cost=1423.00 no_imp=14/20 (còn 1187s)
2026-04-04 03:25:24,249 -   [Inner 4.9] cost=1423.00 no_imp=16/20 (còn 1186s)
2026-04-04 03:25:24,606 -   [Inner 4.10] cost=1423.00 no_imp=18/20 (còn 1186s)
2026-04-04 03:25:24,945 -   [Outer 4] Chạy Pairwise MaxSAT...
2026-04-04 03:25:24,946 -   [Outer] Không cải thiện (3/3)
2026-04-04 03:25:24,946 - Hoàn thành. cost=1423.00 | time=14.5s | s_imp=0 s_to=0 | p_imp=0 p_to=0
2026-04-04 03:25:24,946 - ======================================================================
2026-04-04 03:25:24,946 - CW=1460 → 2opt=1429 → MaxSAT=1423
2026-04-04 03:25:24,947 - Cải thiện so CW: 37
2026-04-04 03:25:24,947 - Total time: 14.5s
2026-04-04 03:25:24,947 - Verified cost: 1423
2026-04-04 03:25:24,952 - ======================================================================
2026-04-04 03:25:24,952 - FILE: B-n57-k9.vrp
2026-04-04 03:25:24,952 - ======================================================================
2026-04-04 03:25:24,965 - Dim=57 K=9 Cap=100
2026-04-04 03:25:24,965 - --- Clarke-Wright ---
2026-04-04 03:25:24,968 -   cost=1948 time=0.00s
2026-04-04 03:25:24,968 - --- Two-Opt ---
2026-04-04 03:25:24,970 -   cost=1895 time=0.00s
2026-04-04 03:25:24,979 - --- MaxSAT (2-tầng) ---
2026-04-04 03:25:24,979 - =========================================
2026-04-04 03:25:24,979 - BẮT ĐẦU OPTIMIZE (MaxSAT-RC2, 2-tầng)
2026-04-04 03:25:24,979 -   max_single=8  s_to=40.0s
2026-04-04 03:25:24,979 -   max_pair=9  p_to=15.0s
2026-04-04 03:25:24,979 -   n_pairs=5
2026-04-04 03:25:24,979 -   inner_patience=20  outer_patience=3
2026-04-04 03:25:24,979 -   global_timeout=1200.0s
2026-04-04 03:25:24,979 -   start_cost=1895.00
2026-04-04 03:25:24,979 - =========================================
2026-04-04 03:25:24,979 - === OUTER 1 | cost=1895.00 outer_no_imp=0/3 (còn 1200s) ===
2026-04-04 03:25:24,979 -   [Inner 1.1] cost=1895.00 no_imp=0/20 (còn 1200s)
2026-04-04 03:25:24,996 -     [P1] Relocate → 1857.00
2026-04-04 03:25:25,008 -     [P2] Exchange → 1799.00
2026-04-04 03:25:26,086 -     [P3] Single +6
2026-04-04 03:25:26,086 -     → INNER BEST = 1793.00
2026-04-04 03:25:26,086 -   [Inner 1.2] cost=1793.00 no_imp=0/20 (còn 1199s)
2026-04-04 03:25:26,096 -     [P1] Relocate → 1767.00
2026-04-04 03:25:26,107 -     [P2] Exchange → 1762.00
2026-04-04 03:25:27,412 -     [P3] Single +6
2026-04-04 03:25:27,413 -     → INNER BEST = 1756.00
2026-04-04 03:25:27,413 -   [Inner 1.3] cost=1756.00 no_imp=0/20 (còn 1198s)
2026-04-04 03:25:27,422 -     [P1] Relocate → 1753.00
2026-04-04 03:25:27,432 -     [P2] Exchange → 1751.00
2026-04-04 03:25:28,735 -     → INNER BEST = 1751.00
2026-04-04 03:25:28,735 -   [Inner 1.4] cost=1751.00 no_imp=0/20 (còn 1196s)
2026-04-04 03:25:28,744 -     [P1] Relocate → 1748.00
2026-04-04 03:25:28,755 -     [P2] Exchange → 1745.00
2026-04-04 03:25:30,388 -     → INNER BEST = 1745.00
2026-04-04 03:25:30,389 -   [Inner 1.5] cost=1745.00 no_imp=0/20 (còn 1195s)
2026-04-04 03:25:30,398 -     [P1] Relocate → 1744.00
2026-04-04 03:25:30,409 -     [P2] Exchange → 1730.00
2026-04-04 03:25:31,340 -     → INNER BEST = 1730.00
2026-04-04 03:25:31,340 -   [Inner 1.6] cost=1730.00 no_imp=0/20 (còn 1194s)
2026-04-04 03:25:31,349 -     [P1] Relocate → 1725.00
2026-04-04 03:25:32,190 -     [P3] Single +2
2026-04-04 03:25:32,190 -     → INNER BEST = 1723.00
2026-04-04 03:25:32,190 -   [Inner 1.7] cost=1723.00 no_imp=0/20 (còn 1193s)
2026-04-04 03:25:32,198 -     [P1] Relocate → 1722.00
2026-04-04 03:25:33,110 -     → INNER BEST = 1722.00
2026-04-04 03:25:33,110 -   [Inner 1.8] cost=1722.00 no_imp=0/20 (còn 1192s)
2026-04-04 03:25:34,025 -   [Inner 1.9] cost=1722.00 no_imp=2/20 (còn 1191s)
2026-04-04 03:25:34,923 -   [Inner 1.10] cost=1722.00 no_imp=4/20 (còn 1190s)
2026-04-04 03:25:35,821 -   [Inner 1.11] cost=1722.00 no_imp=6/20 (còn 1189s)
2026-04-04 03:25:36,715 -   [Inner 1.12] cost=1722.00 no_imp=8/20 (còn 1188s)
2026-04-04 03:25:37,616 -   [Inner 1.13] cost=1722.00 no_imp=10/20 (còn 1187s)
2026-04-04 03:25:38,530 -   [Inner 1.14] cost=1722.00 no_imp=12/20 (còn 1186s)
2026-04-04 03:25:39,434 -   [Inner 1.15] cost=1722.00 no_imp=14/20 (còn 1186s)
2026-04-04 03:25:40,358 -   [Inner 1.16] cost=1722.00 no_imp=16/20 (còn 1185s)
2026-04-04 03:25:41,257 -   [Inner 1.17] cost=1722.00 no_imp=18/20 (còn 1184s)
2026-04-04 03:25:42,161 -   [Outer] Inner cải thiện → best=1722.00
2026-04-04 03:25:42,165 -   [Outer 1] Chạy Pairwise MaxSAT...
2026-04-04 03:25:42,165 - === OUTER 2 | cost=1722.00 outer_no_imp=0/3 (còn 1183s) ===
2026-04-04 03:25:42,165 -   [Inner 2.1] cost=1722.00 no_imp=0/20 (còn 1183s)
2026-04-04 03:25:43,068 -   [Inner 2.2] cost=1722.00 no_imp=2/20 (còn 1182s)
2026-04-04 03:25:43,972 -   [Inner 2.3] cost=1722.00 no_imp=4/20 (còn 1181s)
2026-04-04 03:25:44,863 -   [Inner 2.4] cost=1722.00 no_imp=6/20 (còn 1180s)
2026-04-04 03:25:45,766 -   [Inner 2.5] cost=1722.00 no_imp=8/20 (còn 1179s)
2026-04-04 03:25:46,666 -   [Inner 2.6] cost=1722.00 no_imp=10/20 (còn 1178s)
2026-04-04 03:25:47,562 -   [Inner 2.7] cost=1722.00 no_imp=12/20 (còn 1177s)
2026-04-04 03:25:48,472 -   [Inner 2.8] cost=1722.00 no_imp=14/20 (còn 1177s)
2026-04-04 03:25:49,409 -   [Inner 2.9] cost=1722.00 no_imp=16/20 (còn 1176s)
2026-04-04 03:25:50,324 -   [Inner 2.10] cost=1722.00 no_imp=18/20 (còn 1175s)
2026-04-04 03:25:51,220 -   [Outer 2] Chạy Pairwise MaxSAT...
2026-04-04 03:25:51,221 -   [Outer] Không cải thiện (1/3)
2026-04-04 03:25:51,221 - === OUTER 3 | cost=1722.00 outer_no_imp=1/3 (còn 1174s) ===
2026-04-04 03:25:51,221 -   [Inner 3.1] cost=1722.00 no_imp=0/20 (còn 1174s)
2026-04-04 03:25:52,130 -   [Inner 3.2] cost=1722.00 no_imp=2/20 (còn 1173s)
2026-04-04 03:25:53,042 -   [Inner 3.3] cost=1722.00 no_imp=4/20 (còn 1172s)
2026-04-04 03:25:53,958 -   [Inner 3.4] cost=1722.00 no_imp=6/20 (còn 1171s)
2026-04-04 03:25:54,901 -   [Inner 3.5] cost=1722.00 no_imp=8/20 (còn 1170s)
2026-04-04 03:25:55,807 -   [Inner 3.6] cost=1722.00 no_imp=10/20 (còn 1169s)
2026-04-04 03:25:56,715 -   [Inner 3.7] cost=1722.00 no_imp=12/20 (còn 1168s)
2026-04-04 03:25:57,594 -   [Inner 3.8] cost=1722.00 no_imp=14/20 (còn 1167s)
2026-04-04 03:25:58,510 -   [Inner 3.9] cost=1722.00 no_imp=16/20 (còn 1166s)
2026-04-04 03:25:59,426 -   [Inner 3.10] cost=1722.00 no_imp=18/20 (còn 1166s)
2026-04-04 03:26:00,326 -   [Outer 3] Chạy Pairwise MaxSAT...
2026-04-04 03:26:00,326 -   [Outer] Không cải thiện (2/3)
2026-04-04 03:26:00,326 - === OUTER 4 | cost=1722.00 outer_no_imp=2/3 (còn 1165s) ===
2026-04-04 03:26:00,326 -   [Inner 4.1] cost=1722.00 no_imp=0/20 (còn 1165s)
2026-04-04 03:26:01,262 -   [Inner 4.2] cost=1722.00 no_imp=2/20 (còn 1164s)
2026-04-04 03:26:02,184 -   [Inner 4.3] cost=1722.00 no_imp=4/20 (còn 1163s)
2026-04-04 03:26:03,106 -   [Inner 4.4] cost=1722.00 no_imp=6/20 (còn 1162s)
2026-04-04 03:26:04,024 -   [Inner 4.5] cost=1722.00 no_imp=8/20 (còn 1161s)
2026-04-04 03:26:04,940 -   [Inner 4.6] cost=1722.00 no_imp=10/20 (còn 1160s)
2026-04-04 03:26:05,831 -   [Inner 4.7] cost=1722.00 no_imp=12/20 (còn 1159s)
2026-04-04 03:26:06,735 -   [Inner 4.8] cost=1722.00 no_imp=14/20 (còn 1158s)
2026-04-04 03:26:07,634 -   [Inner 4.9] cost=1722.00 no_imp=16/20 (còn 1157s)
2026-04-04 03:26:08,555 -   [Inner 4.10] cost=1722.00 no_imp=18/20 (còn 1156s)
2026-04-04 03:26:09,534 -   [Outer 4] Chạy Pairwise MaxSAT...
2026-04-04 03:26:09,535 -   [Outer] Không cải thiện (3/3)
2026-04-04 03:26:09,535 - Hoàn thành. cost=1722.00 | time=44.6s | s_imp=5 s_to=0 | p_imp=0 p_to=0
2026-04-04 03:26:09,535 - ======================================================================
2026-04-04 03:26:09,536 - CW=1948 → 2opt=1895 → MaxSAT=1722
2026-04-04 03:26:09,536 - Cải thiện so CW: 226
2026-04-04 03:26:09,536 - Total time: 44.6s
2026-04-04 03:26:09,536 - Verified cost: 1722
2026-04-04 03:26:09,541 - ======================================================================
2026-04-04 03:26:09,541 - FILE: B-n63-k10.vrp
2026-04-04 03:26:09,541 - ======================================================================
2026-04-04 03:26:09,555 - Dim=63 K=10 Cap=100
2026-04-04 03:26:09,555 - --- Clarke-Wright ---
2026-04-04 03:26:09,559 -   cost=1993 time=0.00s
2026-04-04 03:26:09,559 - --- Two-Opt ---
2026-04-04 03:26:09,560 -   cost=1932 time=0.00s
2026-04-04 03:26:09,560 - --- MaxSAT (2-tầng) ---
2026-04-04 03:26:09,561 - =========================================
2026-04-04 03:26:09,561 - BẮT ĐẦU OPTIMIZE (MaxSAT-RC2, 2-tầng)
2026-04-04 03:26:09,561 -   max_single=8  s_to=40.0s
2026-04-04 03:26:09,561 -   max_pair=9  p_to=15.0s
2026-04-04 03:26:09,561 -   n_pairs=5
2026-04-04 03:26:09,561 -   inner_patience=20  outer_patience=3
2026-04-04 03:26:09,561 -   global_timeout=1200.0s
2026-04-04 03:26:09,561 -   start_cost=1932.00
2026-04-04 03:26:09,562 - =========================================
2026-04-04 03:26:09,562 - === OUTER 1 | cost=1932.00 outer_no_imp=0/3 (còn 1200s) ===
2026-04-04 03:26:09,562 -   [Inner 1.1] cost=1932.00 no_imp=0/20 (còn 1200s)
2026-04-04 03:26:09,571 -     [P1] Relocate → 1918.00
2026-04-04 03:26:09,595 -     [P2] Exchange → 1866.00
2026-04-04 03:26:13,543 -     → INNER BEST = 1866.00
2026-04-04 03:26:13,543 -   [Inner 1.2] cost=1866.00 no_imp=0/20 (còn 1196s)
2026-04-04 03:26:13,553 -     [P1] Relocate → 1863.00
2026-04-04 03:26:13,566 -     [P2] Exchange → 1846.00
2026-04-04 03:26:15,037 -     [P3] Single +8
2026-04-04 03:26:15,038 -     → INNER BEST = 1838.00
2026-04-04 03:26:15,038 -   [Inner 1.3] cost=1838.00 no_imp=0/20 (còn 1195s)
2026-04-04 03:26:15,047 -     [P1] Relocate → 1824.00
2026-04-04 03:26:15,059 -     [P2] Exchange → 1813.00
2026-04-04 03:26:18,382 -     → INNER BEST = 1813.00
2026-04-04 03:26:18,383 -   [Inner 1.4] cost=1813.00 no_imp=0/20 (còn 1191s)
2026-04-04 03:26:18,392 -     [P1] Relocate → 1810.00
2026-04-04 03:26:18,404 -     [P2] Exchange → 1802.00
2026-04-04 03:26:21,715 -     [P3] Single +4
2026-04-04 03:26:21,715 -     → INNER BEST = 1798.00
2026-04-04 03:26:21,716 -   [Inner 1.5] cost=1798.00 no_imp=0/20 (còn 1188s)
2026-04-04 03:26:21,724 -     [P1] Relocate → 1769.00
2026-04-04 03:26:21,735 -     [P2] Exchange → 1761.00
2026-04-04 03:26:29,770 -     [P3] Single +7
2026-04-04 03:26:29,776 -     → INNER BEST = 1754.00
2026-04-04 03:26:29,776 -   [Inner 1.6] cost=1754.00 no_imp=0/20 (còn 1180s)
2026-04-04 03:26:29,792 -     [P1] Relocate → 1752.00
2026-04-04 03:26:29,804 -     [P2] Exchange → 1750.00
2026-04-04 03:26:31,232 -     [P3] Single +1
2026-04-04 03:26:31,232 -     → INNER BEST = 1749.00
2026-04-04 03:26:31,232 -   [Inner 1.7] cost=1749.00 no_imp=0/20 (còn 1178s)
2026-04-04 03:26:31,251 -     [P2] Exchange → 1747.00
2026-04-04 03:26:32,646 -     → INNER BEST = 1747.00
2026-04-04 03:26:32,647 -   [Inner 1.8] cost=1747.00 no_imp=0/20 (còn 1177s)
2026-04-04 03:26:34,055 -   [Inner 1.9] cost=1747.00 no_imp=2/20 (còn 1176s)
2026-04-04 03:26:35,491 -   [Inner 1.10] cost=1747.00 no_imp=4/20 (còn 1174s)
2026-04-04 03:26:36,879 -   [Inner 1.11] cost=1747.00 no_imp=6/20 (còn 1173s)
2026-04-04 03:26:38,369 -   [Inner 1.12] cost=1747.00 no_imp=8/20 (còn 1171s)
2026-04-04 03:26:39,793 -   [Inner 1.13] cost=1747.00 no_imp=10/20 (còn 1170s)
2026-04-04 03:26:41,216 -   [Inner 1.14] cost=1747.00 no_imp=12/20 (còn 1168s)
2026-04-04 03:26:42,607 -   [Inner 1.15] cost=1747.00 no_imp=14/20 (còn 1167s)
2026-04-04 03:26:44,022 -   [Inner 1.16] cost=1747.00 no_imp=16/20 (còn 1166s)
2026-04-04 03:26:45,436 -   [Inner 1.17] cost=1747.00 no_imp=18/20 (còn 1164s)
2026-04-04 03:26:46,843 -   [Outer] Inner cải thiện → best=1747.00
2026-04-04 03:26:46,843 -   [Outer 1] Chạy Pairwise MaxSAT...
2026-04-04 03:26:46,844 - === OUTER 2 | cost=1747.00 outer_no_imp=0/3 (còn 1163s) ===
2026-04-04 03:26:46,844 -   [Inner 2.1] cost=1747.00 no_imp=0/20 (còn 1163s)
2026-04-04 03:26:48,248 -   [Inner 2.2] cost=1747.00 no_imp=2/20 (còn 1161s)
2026-04-04 03:26:49,676 -   [Inner 2.3] cost=1747.00 no_imp=4/20 (còn 1160s)
2026-04-04 03:26:51,087 -   [Inner 2.4] cost=1747.00 no_imp=6/20 (còn 1158s)
2026-04-04 03:26:52,479 -   [Inner 2.5] cost=1747.00 no_imp=8/20 (còn 1157s)
2026-04-04 03:26:53,888 -   [Inner 2.6] cost=1747.00 no_imp=10/20 (còn 1156s)
2026-04-04 03:26:55,330 -   [Inner 2.7] cost=1747.00 no_imp=12/20 (còn 1154s)
2026-04-04 03:26:56,741 -   [Inner 2.8] cost=1747.00 no_imp=14/20 (còn 1153s)
2026-04-04 03:26:58,249 -   [Inner 2.9] cost=1747.00 no_imp=16/20 (còn 1151s)
2026-04-04 03:26:59,728 -   [Inner 2.10] cost=1747.00 no_imp=18/20 (còn 1150s)
2026-04-04 03:27:01,133 -   [Outer 2] Chạy Pairwise MaxSAT...
2026-04-04 03:27:01,133 -   [Outer] Không cải thiện (1/3)
2026-04-04 03:27:01,133 - === OUTER 3 | cost=1747.00 outer_no_imp=1/3 (còn 1148s) ===
2026-04-04 03:27:01,134 -   [Inner 3.1] cost=1747.00 no_imp=0/20 (còn 1148s)
2026-04-04 03:27:02,552 -   [Inner 3.2] cost=1747.00 no_imp=2/20 (còn 1147s)
2026-04-04 03:27:03,966 -   [Inner 3.3] cost=1747.00 no_imp=4/20 (còn 1146s)
2026-04-04 03:27:05,413 -   [Inner 3.4] cost=1747.00 no_imp=6/20 (còn 1144s)
2026-04-04 03:27:06,828 -   [Inner 3.5] cost=1747.00 no_imp=8/20 (còn 1143s)
2026-04-04 03:27:08,277 -   [Inner 3.6] cost=1747.00 no_imp=10/20 (còn 1141s)
2026-04-04 03:27:09,689 -   [Inner 3.7] cost=1747.00 no_imp=12/20 (còn 1140s)
2026-04-04 03:27:11,111 -   [Inner 3.8] cost=1747.00 no_imp=14/20 (còn 1138s)
2026-04-04 03:27:12,551 -   [Inner 3.9] cost=1747.00 no_imp=16/20 (còn 1137s)
2026-04-04 03:27:13,975 -   [Inner 3.10] cost=1747.00 no_imp=18/20 (còn 1136s)
2026-04-04 03:27:15,384 -   [Outer 3] Chạy Pairwise MaxSAT...
2026-04-04 03:27:15,385 -   [Outer] Không cải thiện (2/3)
2026-04-04 03:27:15,385 - === OUTER 4 | cost=1747.00 outer_no_imp=2/3 (còn 1134s) ===
2026-04-04 03:27:15,385 -   [Inner 4.1] cost=1747.00 no_imp=0/20 (còn 1134s)
2026-04-04 03:27:16,858 -   [Inner 4.2] cost=1747.00 no_imp=2/20 (còn 1133s)
2026-04-04 03:27:18,391 -   [Inner 4.3] cost=1747.00 no_imp=4/20 (còn 1131s)
2026-04-04 03:27:19,853 -   [Inner 4.4] cost=1747.00 no_imp=6/20 (còn 1130s)
2026-04-04 03:27:21,304 -   [Inner 4.5] cost=1747.00 no_imp=8/20 (còn 1128s)
2026-04-04 03:27:22,768 -   [Inner 4.6] cost=1747.00 no_imp=10/20 (còn 1127s)
2026-04-04 03:27:24,236 -   [Inner 4.7] cost=1747.00 no_imp=12/20 (còn 1125s)
2026-04-04 03:27:25,633 -   [Inner 4.8] cost=1747.00 no_imp=14/20 (còn 1124s)
2026-04-04 03:27:27,043 -   [Inner 4.9] cost=1747.00 no_imp=16/20 (còn 1123s)
2026-04-04 03:27:28,435 -   [Inner 4.10] cost=1747.00 no_imp=18/20 (còn 1121s)
2026-04-04 03:27:29,861 -   [Outer 4] Chạy Pairwise MaxSAT...
2026-04-04 03:27:29,862 -   [Outer] Không cải thiện (3/3)
2026-04-04 03:27:29,862 - Hoàn thành. cost=1747.00 | time=80.3s | s_imp=5 s_to=0 | p_imp=0 p_to=0
2026-04-04 03:27:29,862 - ======================================================================
2026-04-04 03:27:29,862 - CW=1993 → 2opt=1932 → MaxSAT=1747
2026-04-04 03:27:29,862 - Cải thiện so CW: 246
2026-04-04 03:27:29,862 - Total time: 80.3s
2026-04-04 03:27:29,862 - Verified cost: 1747
2026-04-04 03:27:29,867 - ======================================================================
2026-04-04 03:27:29,867 - FILE: B-n64-k9.vrp
2026-04-04 03:27:29,867 - ======================================================================
2026-04-04 03:27:29,888 - Dim=64 K=9 Cap=100
2026-04-04 03:27:29,888 - --- Clarke-Wright ---
2026-04-04 03:27:29,892 -   cost=1388 time=0.00s
2026-04-04 03:27:29,892 - --- Two-Opt ---
2026-04-04 03:27:29,894 -   cost=1332 time=0.00s
2026-04-04 03:27:29,894 - --- MaxSAT (2-tầng) ---
2026-04-04 03:27:29,894 - =========================================
2026-04-04 03:27:29,894 - BẮT ĐẦU OPTIMIZE (MaxSAT-RC2, 2-tầng)
2026-04-04 03:27:29,894 -   max_single=8  s_to=40.0s
2026-04-04 03:27:29,894 -   max_pair=10  p_to=15.0s
2026-04-04 03:27:29,895 -   n_pairs=5
2026-04-04 03:27:29,895 -   inner_patience=20  outer_patience=3
2026-04-04 03:27:29,895 -   global_timeout=1200.0s
2026-04-04 03:27:29,895 -   start_cost=1332.00
2026-04-04 03:27:29,895 - =========================================
2026-04-04 03:27:29,895 - === OUTER 1 | cost=1332.00 outer_no_imp=0/3 (còn 1200s) ===
2026-04-04 03:27:29,895 -   [Inner 1.1] cost=1332.00 no_imp=0/20 (còn 1200s)
2026-04-04 03:27:29,899 -     [P1] Relocate → 1329.00
2026-04-04 03:27:29,909 -     [P2] Exchange → 1276.00
2026-04-04 03:27:30,254 -     [P3] Single +2
2026-04-04 03:27:30,255 -     → INNER BEST = 1274.00
2026-04-04 03:27:30,255 -   [Inner 1.2] cost=1274.00 no_imp=0/20 (còn 1200s)
2026-04-04 03:27:30,259 -     [P1] Relocate → 1271.00
2026-04-04 03:27:30,269 -     [P2] Exchange → 1240.00
2026-04-04 03:27:30,609 -     [P3] Single +10
2026-04-04 03:27:30,609 -     → INNER BEST = 1230.00
2026-04-04 03:27:30,609 -   [Inner 1.3] cost=1230.00 no_imp=0/20 (còn 1199s)
2026-04-04 03:27:30,614 -     [P1] Relocate → 1210.00
2026-04-04 03:27:30,623 -     [P2] Exchange → 1203.00
2026-04-04 03:27:30,970 -     → INNER BEST = 1203.00
2026-04-04 03:27:30,970 -   [Inner 1.4] cost=1203.00 no_imp=0/20 (còn 1199s)
2026-04-04 03:27:30,980 -     [P1] Relocate → 1202.00
2026-04-04 03:27:30,995 -     [P2] Exchange → 1174.00
2026-04-04 03:27:31,902 -     → INNER BEST = 1174.00
2026-04-04 03:27:31,902 -   [Inner 1.5] cost=1174.00 no_imp=0/20 (còn 1198s)
2026-04-04 03:27:31,906 -     [P1] Relocate → 1160.00
2026-04-04 03:27:31,916 -     [P2] Exchange → 1153.00
2026-04-04 03:27:33,065 -     [P3] Single +55
2026-04-04 03:27:33,066 -     → INNER BEST = 1098.00
2026-04-04 03:27:33,066 -   [Inner 1.6] cost=1098.00 no_imp=0/20 (còn 1197s)
2026-04-04 03:27:33,071 -     [P1] Relocate → 1094.00
2026-04-04 03:27:33,079 -     [P2] Exchange → 1093.00
2026-04-04 03:27:34,241 -     [P3] Single +1
2026-04-04 03:27:34,242 -     → INNER BEST = 1092.00
2026-04-04 03:27:34,242 -   [Inner 1.7] cost=1092.00 no_imp=0/20 (còn 1196s)
2026-04-04 03:27:34,245 -     [P1] Relocate → 1088.00
2026-04-04 03:27:34,833 -     → INNER BEST = 1088.00
2026-04-04 03:27:34,834 -   [Inner 1.8] cost=1088.00 no_imp=0/20 (còn 1195s)
2026-04-04 03:27:34,837 -     [P1] Relocate → 1087.00
2026-04-04 03:27:35,697 -     → INNER BEST = 1087.00
2026-04-04 03:27:35,697 -   [Inner 1.9] cost=1087.00 no_imp=0/20 (còn 1194s)
2026-04-04 03:27:35,701 -     [P1] Relocate → 1086.00
2026-04-04 03:27:36,444 -     → INNER BEST = 1086.00
2026-04-04 03:27:36,445 -   [Inner 1.10] cost=1086.00 no_imp=0/20 (còn 1193s)
2026-04-04 03:27:37,167 -   [Inner 1.11] cost=1086.00 no_imp=2/20 (còn 1193s)
2026-04-04 03:27:37,932 -   [Inner 1.12] cost=1086.00 no_imp=4/20 (còn 1192s)
2026-04-04 03:27:38,641 -   [Inner 1.13] cost=1086.00 no_imp=6/20 (còn 1191s)
2026-04-04 03:27:39,362 -   [Inner 1.14] cost=1086.00 no_imp=8/20 (còn 1191s)
2026-04-04 03:27:40,134 -   [Inner 1.15] cost=1086.00 no_imp=10/20 (còn 1190s)
2026-04-04 03:27:40,924 -   [Inner 1.16] cost=1086.00 no_imp=12/20 (còn 1189s)
2026-04-04 03:27:41,666 -   [Inner 1.17] cost=1086.00 no_imp=14/20 (còn 1188s)
2026-04-04 03:27:42,396 -   [Inner 1.18] cost=1086.00 no_imp=16/20 (còn 1187s)
2026-04-04 03:27:43,115 -   [Inner 1.19] cost=1086.00 no_imp=18/20 (còn 1187s)
2026-04-04 03:27:43,838 -   [Outer] Inner cải thiện → best=1086.00
2026-04-04 03:27:43,839 -   [Outer 1] Chạy Pairwise MaxSAT...
2026-04-04 03:27:43,839 - === OUTER 2 | cost=1086.00 outer_no_imp=0/3 (còn 1186s) ===
2026-04-04 03:27:43,839 -   [Inner 2.1] cost=1086.00 no_imp=0/20 (còn 1186s)
2026-04-04 03:27:44,565 -   [Inner 2.2] cost=1086.00 no_imp=2/20 (còn 1185s)
2026-04-04 03:27:45,303 -   [Inner 2.3] cost=1086.00 no_imp=4/20 (còn 1185s)
2026-04-04 03:27:46,079 -   [Inner 2.4] cost=1086.00 no_imp=6/20 (còn 1184s)
2026-04-04 03:27:46,831 -   [Inner 2.5] cost=1086.00 no_imp=8/20 (còn 1183s)
2026-04-04 03:27:47,568 -   [Inner 2.6] cost=1086.00 no_imp=10/20 (còn 1182s)
2026-04-04 03:27:48,307 -   [Inner 2.7] cost=1086.00 no_imp=12/20 (còn 1182s)
2026-04-04 03:27:49,079 -   [Inner 2.8] cost=1086.00 no_imp=14/20 (còn 1181s)
2026-04-04 03:27:49,804 -   [Inner 2.9] cost=1086.00 no_imp=16/20 (còn 1180s)
2026-04-04 03:27:50,558 -   [Inner 2.10] cost=1086.00 no_imp=18/20 (còn 1179s)
2026-04-04 03:27:51,300 -   [Outer 2] Chạy Pairwise MaxSAT...
2026-04-04 03:27:51,300 -   [Outer] Không cải thiện (1/3)
2026-04-04 03:27:51,301 - === OUTER 3 | cost=1086.00 outer_no_imp=1/3 (còn 1179s) ===
2026-04-04 03:27:51,301 -   [Inner 3.1] cost=1086.00 no_imp=0/20 (còn 1179s)
2026-04-04 03:27:52,055 -   [Inner 3.2] cost=1086.00 no_imp=2/20 (còn 1178s)
2026-04-04 03:27:52,805 -   [Inner 3.3] cost=1086.00 no_imp=4/20 (còn 1177s)
2026-04-04 03:27:53,552 -   [Inner 3.4] cost=1086.00 no_imp=6/20 (còn 1176s)
2026-04-04 03:27:54,289 -   [Inner 3.5] cost=1086.00 no_imp=8/20 (còn 1176s)
2026-04-04 03:27:55,005 -   [Inner 3.6] cost=1086.00 no_imp=10/20 (còn 1175s)
2026-04-04 03:27:55,743 -   [Inner 3.7] cost=1086.00 no_imp=12/20 (còn 1174s)
2026-04-04 03:27:56,462 -   [Inner 3.8] cost=1086.00 no_imp=14/20 (còn 1173s)
2026-04-04 03:27:57,175 -   [Inner 3.9] cost=1086.00 no_imp=16/20 (còn 1173s)
2026-04-04 03:27:57,918 -   [Inner 3.10] cost=1086.00 no_imp=18/20 (còn 1172s)
2026-04-04 03:27:58,652 -   [Outer 3] Chạy Pairwise MaxSAT...
2026-04-04 03:27:58,653 -   [Outer] Không cải thiện (2/3)
2026-04-04 03:27:58,653 - === OUTER 4 | cost=1086.00 outer_no_imp=2/3 (còn 1171s) ===
2026-04-04 03:27:58,653 -   [Inner 4.1] cost=1086.00 no_imp=0/20 (còn 1171s)
2026-04-04 03:27:59,420 -   [Inner 4.2] cost=1086.00 no_imp=2/20 (còn 1170s)
2026-04-04 03:28:00,147 -   [Inner 4.3] cost=1086.00 no_imp=4/20 (còn 1170s)
2026-04-04 03:28:00,912 -   [Inner 4.4] cost=1086.00 no_imp=6/20 (còn 1169s)
2026-04-04 03:28:01,661 -   [Inner 4.5] cost=1086.00 no_imp=8/20 (còn 1168s)
2026-04-04 03:28:02,432 -   [Inner 4.6] cost=1086.00 no_imp=10/20 (còn 1167s)
2026-04-04 03:28:03,184 -   [Inner 4.7] cost=1086.00 no_imp=12/20 (còn 1167s)
2026-04-04 03:28:03,922 -   [Inner 4.8] cost=1086.00 no_imp=14/20 (còn 1166s)
2026-04-04 03:28:04,684 -   [Inner 4.9] cost=1086.00 no_imp=16/20 (còn 1165s)
2026-04-04 03:28:05,444 -   [Inner 4.10] cost=1086.00 no_imp=18/20 (còn 1164s)
2026-04-04 03:28:06,218 -   [Outer 4] Chạy Pairwise MaxSAT...
2026-04-04 03:28:06,218 -   [Outer] Không cải thiện (3/3)
2026-04-04 03:28:06,218 - Hoàn thành. cost=1086.00 | time=36.3s | s_imp=4 s_to=0 | p_imp=0 p_to=0
2026-04-04 03:28:06,219 - ======================================================================
2026-04-04 03:28:06,219 - CW=1388 → 2opt=1332 → MaxSAT=1086
2026-04-04 03:28:06,219 - Cải thiện so CW: 302
2026-04-04 03:28:06,219 - Total time: 36.3s
2026-04-04 03:28:06,219 - Verified cost: 1086
2026-04-04 03:28:06,224 - ======================================================================
2026-04-04 03:28:06,224 - FILE: B-n66-k9.vrp
2026-04-04 03:28:06,224 - ======================================================================
2026-04-04 03:28:06,239 - Dim=66 K=9 Cap=100
2026-04-04 03:28:06,239 - --- Clarke-Wright ---
2026-04-04 03:28:06,242 -   cost=1540 time=0.00s
2026-04-04 03:28:06,242 - --- Two-Opt ---
2026-04-04 03:28:06,244 -   cost=1406 time=0.00s
2026-04-04 03:28:06,244 - --- MaxSAT (2-tầng) ---
2026-04-04 03:28:06,244 - =========================================
2026-04-04 03:28:06,244 - BẮT ĐẦU OPTIMIZE (MaxSAT-RC2, 2-tầng)
2026-04-04 03:28:06,244 -   max_single=8  s_to=40.0s
2026-04-04 03:28:06,244 -   max_pair=11  p_to=15.0s
2026-04-04 03:28:06,245 -   n_pairs=5
2026-04-04 03:28:06,245 -   inner_patience=20  outer_patience=3
2026-04-04 03:28:06,245 -   global_timeout=1200.0s
2026-04-04 03:28:06,245 -   start_cost=1406.00
2026-04-04 03:28:06,245 - =========================================
2026-04-04 03:28:06,245 - === OUTER 1 | cost=1406.00 outer_no_imp=0/3 (còn 1200s) ===
2026-04-04 03:28:06,245 -   [Inner 1.1] cost=1406.00 no_imp=0/20 (còn 1200s)
2026-04-04 03:28:06,251 -     [P1] Relocate → 1403.00
2026-04-04 03:28:06,263 -     [P2] Exchange → 1394.00
2026-04-04 03:28:08,900 -     [P3] Single +2
2026-04-04 03:28:08,900 -     → INNER BEST = 1392.00
2026-04-04 03:28:08,900 -   [Inner 1.2] cost=1392.00 no_imp=0/20 (còn 1197s)
2026-04-04 03:28:08,906 -     [P1] Relocate → 1391.00
2026-04-04 03:28:08,918 -     [P2] Exchange → 1384.00
2026-04-04 03:28:17,659 -     [P3] Single +2
2026-04-04 03:28:17,659 -     → INNER BEST = 1382.00
2026-04-04 03:28:17,660 -   [Inner 1.3] cost=1382.00 no_imp=0/20 (còn 1189s)
2026-04-04 03:28:17,665 -     [P1] Relocate → 1380.00
2026-04-04 03:28:17,678 -     [P2] Exchange → 1377.00
2026-04-04 03:28:19,573 -     → INNER BEST = 1377.00
2026-04-04 03:28:19,576 -   [Inner 1.4] cost=1377.00 no_imp=0/20 (còn 1187s)
2026-04-04 03:28:19,597 -     [P2] Exchange → 1375.00
2026-04-04 03:28:21,467 -     → INNER BEST = 1375.00
2026-04-04 03:28:21,467 -   [Inner 1.5] cost=1375.00 no_imp=0/20 (còn 1185s)
2026-04-04 03:28:21,485 -     [P2] Exchange → 1373.00
2026-04-04 03:28:23,106 -     → INNER BEST = 1373.00
2026-04-04 03:28:23,106 -   [Inner 1.6] cost=1373.00 no_imp=0/20 (còn 1183s)
2026-04-04 03:28:24,736 -   [Inner 1.7] cost=1373.00 no_imp=2/20 (còn 1182s)
2026-04-04 03:28:26,406 -   [Inner 1.8] cost=1373.00 no_imp=4/20 (còn 1180s)
2026-04-04 03:28:28,030 -   [Inner 1.9] cost=1373.00 no_imp=6/20 (còn 1178s)
2026-04-04 03:28:29,653 -   [Inner 1.10] cost=1373.00 no_imp=8/20 (còn 1177s)
2026-04-04 03:28:31,314 -   [Inner 1.11] cost=1373.00 no_imp=10/20 (còn 1175s)
2026-04-04 03:28:32,958 -   [Inner 1.12] cost=1373.00 no_imp=12/20 (còn 1173s)
2026-04-04 03:28:34,598 -   [Inner 1.13] cost=1373.00 no_imp=14/20 (còn 1172s)
2026-04-04 03:28:36,256 -   [Inner 1.14] cost=1373.00 no_imp=16/20 (còn 1170s)
2026-04-04 03:28:37,889 -   [Inner 1.15] cost=1373.00 no_imp=18/20 (còn 1168s)
2026-04-04 03:28:39,546 -   [Outer] Inner cải thiện → best=1373.00
2026-04-04 03:28:39,546 -   [Outer 1] Chạy Pairwise MaxSAT...
2026-04-04 03:28:39,547 - === OUTER 2 | cost=1373.00 outer_no_imp=0/3 (còn 1167s) ===
2026-04-04 03:28:39,547 -   [Inner 2.1] cost=1373.00 no_imp=0/20 (còn 1167s)
2026-04-04 03:28:41,228 -   [Inner 2.2] cost=1373.00 no_imp=2/20 (còn 1165s)
2026-04-04 03:28:42,885 -   [Inner 2.3] cost=1373.00 no_imp=4/20 (còn 1163s)
2026-04-04 03:28:44,546 -   [Inner 2.4] cost=1373.00 no_imp=6/20 (còn 1162s)
2026-04-04 03:28:46,220 -   [Inner 2.5] cost=1373.00 no_imp=8/20 (còn 1160s)
2026-04-04 03:28:47,894 -   [Inner 2.6] cost=1373.00 no_imp=10/20 (còn 1158s)
2026-04-04 03:28:49,507 -   [Inner 2.7] cost=1373.00 no_imp=12/20 (còn 1157s)
2026-04-04 03:28:51,144 -   [Inner 2.8] cost=1373.00 no_imp=14/20 (còn 1155s)
2026-04-04 03:28:52,798 -   [Inner 2.9] cost=1373.00 no_imp=16/20 (còn 1153s)
2026-04-04 03:28:54,455 -   [Inner 2.10] cost=1373.00 no_imp=18/20 (còn 1152s)
2026-04-04 03:28:56,106 -   [Outer 2] Chạy Pairwise MaxSAT...
2026-04-04 03:28:56,107 -   [Outer] Không cải thiện (1/3)
2026-04-04 03:28:56,107 - === OUTER 3 | cost=1373.00 outer_no_imp=1/3 (còn 1150s) ===
2026-04-04 03:28:56,107 -   [Inner 3.1] cost=1373.00 no_imp=0/20 (còn 1150s)
2026-04-04 03:28:57,770 -   [Inner 3.2] cost=1373.00 no_imp=2/20 (còn 1148s)
2026-04-04 03:28:59,420 -   [Inner 3.3] cost=1373.00 no_imp=4/20 (còn 1147s)
2026-04-04 03:29:01,066 -   [Inner 3.4] cost=1373.00 no_imp=6/20 (còn 1145s)
2026-04-04 03:29:02,720 -   [Inner 3.5] cost=1373.00 no_imp=8/20 (còn 1144s)
2026-04-04 03:29:04,346 -   [Inner 3.6] cost=1373.00 no_imp=10/20 (còn 1142s)
2026-04-04 03:29:06,039 -   [Inner 3.7] cost=1373.00 no_imp=12/20 (còn 1140s)
2026-04-04 03:29:07,713 -   [Inner 3.8] cost=1373.00 no_imp=14/20 (còn 1139s)
2026-04-04 03:29:09,348 -   [Inner 3.9] cost=1373.00 no_imp=16/20 (còn 1137s)
2026-04-04 03:29:11,053 -   [Inner 3.10] cost=1373.00 no_imp=18/20 (còn 1135s)
2026-04-04 03:29:12,761 -   [Outer 3] Chạy Pairwise MaxSAT...
2026-04-04 03:29:12,761 -   [Outer] Không cải thiện (2/3)
2026-04-04 03:29:12,762 - === OUTER 4 | cost=1373.00 outer_no_imp=2/3 (còn 1133s) ===
2026-04-04 03:29:12,762 -   [Inner 4.1] cost=1373.00 no_imp=0/20 (còn 1133s)
2026-04-04 03:29:14,428 -   [Inner 4.2] cost=1373.00 no_imp=2/20 (còn 1132s)
2026-04-04 03:29:16,098 -   [Inner 4.3] cost=1373.00 no_imp=4/20 (còn 1130s)
2026-04-04 03:29:17,745 -   [Inner 4.4] cost=1373.00 no_imp=6/20 (còn 1128s)
2026-04-04 03:29:19,470 -   [Inner 4.5] cost=1373.00 no_imp=8/20 (còn 1127s)
2026-04-04 03:29:21,136 -   [Inner 4.6] cost=1373.00 no_imp=10/20 (còn 1125s)
2026-04-04 03:29:22,809 -   [Inner 4.7] cost=1373.00 no_imp=12/20 (còn 1123s)
2026-04-04 03:29:24,462 -   [Inner 4.8] cost=1373.00 no_imp=14/20 (còn 1122s)
2026-04-04 03:29:26,154 -   [Inner 4.9] cost=1373.00 no_imp=16/20 (còn 1120s)
2026-04-04 03:29:27,846 -   [Inner 4.10] cost=1373.00 no_imp=18/20 (còn 1118s)
2026-04-04 03:29:29,509 -   [Outer 4] Chạy Pairwise MaxSAT...
2026-04-04 03:29:29,510 -   [Outer] Không cải thiện (3/3)
2026-04-04 03:29:29,510 - Hoàn thành. cost=1373.00 | time=83.3s | s_imp=3 s_to=0 | p_imp=0 p_to=0
2026-04-04 03:29:29,510 - ======================================================================
2026-04-04 03:29:29,510 - CW=1540 → 2opt=1406 → MaxSAT=1373
2026-04-04 03:29:29,510 - Cải thiện so CW: 167
2026-04-04 03:29:29,510 - Total time: 83.3s
2026-04-04 03:29:29,510 - Verified cost: 1373
2026-04-04 03:29:29,515 - ======================================================================
2026-04-04 03:29:29,515 - FILE: B-n67-k10.vrp
2026-04-04 03:29:29,515 - ======================================================================
2026-04-04 03:29:29,538 - Dim=67 K=10 Cap=100
2026-04-04 03:29:29,538 - --- Clarke-Wright ---
2026-04-04 03:29:29,542 -   cost=1302 time=0.00s
2026-04-04 03:29:29,542 - --- Two-Opt ---
2026-04-04 03:29:29,544 -   cost=1208 time=0.00s
2026-04-04 03:29:29,544 - --- MaxSAT (2-tầng) ---
2026-04-04 03:29:29,544 - =========================================
2026-04-04 03:29:29,544 - BẮT ĐẦU OPTIMIZE (MaxSAT-RC2, 2-tầng)
2026-04-04 03:29:29,544 -   max_single=8  s_to=40.0s
2026-04-04 03:29:29,544 -   max_pair=10  p_to=15.0s
2026-04-04 03:29:29,544 -   n_pairs=5
2026-04-04 03:29:29,544 -   inner_patience=20  outer_patience=3
2026-04-04 03:29:29,544 -   global_timeout=1200.0s
2026-04-04 03:29:29,544 -   start_cost=1208.00
2026-04-04 03:29:29,544 - =========================================
2026-04-04 03:29:29,544 - === OUTER 1 | cost=1208.00 outer_no_imp=0/3 (còn 1200s) ===
2026-04-04 03:29:29,544 -   [Inner 1.1] cost=1208.00 no_imp=0/20 (còn 1200s)
2026-04-04 03:29:29,558 -     [P1] Relocate → 1188.00
2026-04-04 03:29:29,574 -     [P2] Exchange → 1176.00
2026-04-04 03:29:29,893 -     [P3] Single +2
2026-04-04 03:29:29,893 -     → INNER BEST = 1174.00
2026-04-04 03:29:29,893 -   [Inner 1.2] cost=1174.00 no_imp=0/20 (còn 1200s)
2026-04-04 03:29:29,907 -     [P1] Relocate → 1133.00
2026-04-04 03:29:29,922 -     [P2] Exchange → 1127.00
2026-04-04 03:29:30,242 -     [P3] Single +2
2026-04-04 03:29:30,243 -     → INNER BEST = 1125.00
2026-04-04 03:29:30,243 -   [Inner 1.3] cost=1125.00 no_imp=0/20 (còn 1199s)
2026-04-04 03:29:30,256 -     [P1] Relocate → 1110.00
2026-04-04 03:29:30,275 -     [P2] Exchange → 1109.00
2026-04-04 03:29:30,551 -     [P3] Single +2
2026-04-04 03:29:30,552 -     → INNER BEST = 1107.00
2026-04-04 03:29:30,552 -   [Inner 1.4] cost=1107.00 no_imp=0/20 (còn 1199s)
2026-04-04 03:29:30,565 -     [P1] Relocate → 1104.00
2026-04-04 03:29:30,894 -     → INNER BEST = 1104.00
2026-04-04 03:29:30,894 -   [Inner 1.5] cost=1104.00 no_imp=0/20 (còn 1199s)
2026-04-04 03:29:30,906 -     [P1] Relocate → 1102.00
2026-04-04 03:29:30,920 -     [P2] Exchange → 1099.00
2026-04-04 03:29:31,205 -     [P3] Single +5
2026-04-04 03:29:31,205 -     → INNER BEST = 1094.00
2026-04-04 03:29:31,205 -   [Inner 1.6] cost=1094.00 no_imp=0/20 (còn 1198s)
2026-04-04 03:29:31,218 -     [P1] Relocate → 1092.00
2026-04-04 03:29:31,667 -     → INNER BEST = 1092.00
2026-04-04 03:29:31,667 -   [Inner 1.7] cost=1092.00 no_imp=0/20 (còn 1198s)
2026-04-04 03:29:32,121 -   [Inner 1.8] cost=1092.00 no_imp=2/20 (còn 1197s)
2026-04-04 03:29:32,599 -   [Inner 1.9] cost=1092.00 no_imp=4/20 (còn 1197s)
2026-04-04 03:29:33,051 -   [Inner 1.10] cost=1092.00 no_imp=6/20 (còn 1196s)
2026-04-04 03:29:33,527 -   [Inner 1.11] cost=1092.00 no_imp=8/20 (còn 1196s)
2026-04-04 03:29:33,970 -   [Inner 1.12] cost=1092.00 no_imp=10/20 (còn 1196s)
2026-04-04 03:29:34,418 -   [Inner 1.13] cost=1092.00 no_imp=12/20 (còn 1195s)
2026-04-04 03:29:34,860 -   [Inner 1.14] cost=1092.00 no_imp=14/20 (còn 1195s)
2026-04-04 03:29:35,313 -   [Inner 1.15] cost=1092.00 no_imp=16/20 (còn 1194s)
2026-04-04 03:29:35,798 -   [Inner 1.16] cost=1092.00 no_imp=18/20 (còn 1194s)
2026-04-04 03:29:36,253 -   [Outer] Inner cải thiện → best=1092.00
2026-04-04 03:29:36,253 -   [Outer 1] Chạy Pairwise MaxSAT...
2026-04-04 03:29:51,257 -     [P-Timeout 15.0s]
2026-04-04 03:29:51,264 - === OUTER 2 | cost=1092.00 outer_no_imp=0/3 (còn 1178s) ===
2026-04-04 03:29:51,264 -   [Inner 2.1] cost=1092.00 no_imp=0/20 (còn 1178s)
2026-04-04 03:29:51,751 -   [Inner 2.2] cost=1092.00 no_imp=2/20 (còn 1178s)
2026-04-04 03:29:52,218 -   [Inner 2.3] cost=1092.00 no_imp=4/20 (còn 1177s)
2026-04-04 03:29:52,697 -   [Inner 2.4] cost=1092.00 no_imp=6/20 (còn 1177s)
2026-04-04 03:29:53,152 -   [Inner 2.5] cost=1092.00 no_imp=8/20 (còn 1176s)
2026-04-04 03:29:53,620 -   [Inner 2.6] cost=1092.00 no_imp=10/20 (còn 1176s)
2026-04-04 03:29:54,095 -   [Inner 2.7] cost=1092.00 no_imp=12/20 (còn 1175s)
2026-04-04 03:29:54,579 -   [Inner 2.8] cost=1092.00 no_imp=14/20 (còn 1175s)
2026-04-04 03:29:55,052 -   [Inner 2.9] cost=1092.00 no_imp=16/20 (còn 1174s)
2026-04-04 03:29:55,535 -   [Inner 2.10] cost=1092.00 no_imp=18/20 (còn 1174s)
2026-04-04 03:29:56,013 -   [Outer 2] Chạy Pairwise MaxSAT...
2026-04-04 03:30:11,019 -     [P-Timeout 15.0s]
2026-04-04 03:30:11,026 -   [Outer] Không cải thiện (1/3)
2026-04-04 03:30:11,026 - === OUTER 3 | cost=1092.00 outer_no_imp=1/3 (còn 1159s) ===
2026-04-04 03:30:11,026 -   [Inner 3.1] cost=1092.00 no_imp=0/20 (còn 1159s)
2026-04-04 03:30:11,485 -   [Inner 3.2] cost=1092.00 no_imp=2/20 (còn 1158s)
2026-04-04 03:30:11,942 -   [Inner 3.3] cost=1092.00 no_imp=4/20 (còn 1158s)
2026-04-04 03:30:12,425 -   [Inner 3.4] cost=1092.00 no_imp=6/20 (còn 1157s)
2026-04-04 03:30:12,899 -   [Inner 3.5] cost=1092.00 no_imp=8/20 (còn 1157s)
2026-04-04 03:30:13,353 -   [Inner 3.6] cost=1092.00 no_imp=10/20 (còn 1156s)
2026-04-04 03:30:13,821 -   [Inner 3.7] cost=1092.00 no_imp=12/20 (còn 1156s)
2026-04-04 03:30:14,303 -   [Inner 3.8] cost=1092.00 no_imp=14/20 (còn 1155s)
2026-04-04 03:30:14,772 -   [Inner 3.9] cost=1092.00 no_imp=16/20 (còn 1155s)
2026-04-04 03:30:15,247 -   [Inner 3.10] cost=1092.00 no_imp=18/20 (còn 1154s)
2026-04-04 03:30:15,725 -   [Outer 3] Chạy Pairwise MaxSAT...
2026-04-04 03:30:30,730 -     [P-Timeout 15.0s]
2026-04-04 03:30:30,736 -   [Outer] Không cải thiện (2/3)
2026-04-04 03:30:30,736 - === OUTER 4 | cost=1092.00 outer_no_imp=2/3 (còn 1139s) ===
2026-04-04 03:30:30,737 -   [Inner 4.1] cost=1092.00 no_imp=0/20 (còn 1139s)
2026-04-04 03:30:31,205 -   [Inner 4.2] cost=1092.00 no_imp=2/20 (còn 1138s)
2026-04-04 03:30:31,685 -   [Inner 4.3] cost=1092.00 no_imp=4/20 (còn 1138s)
2026-04-04 03:30:32,147 -   [Inner 4.4] cost=1092.00 no_imp=6/20 (còn 1137s)
2026-04-04 03:30:32,617 -   [Inner 4.5] cost=1092.00 no_imp=8/20 (còn 1137s)
2026-04-04 03:30:33,100 -   [Inner 4.6] cost=1092.00 no_imp=10/20 (còn 1136s)
2026-04-04 03:30:33,569 -   [Inner 4.7] cost=1092.00 no_imp=12/20 (còn 1136s)
2026-04-04 03:30:34,057 -   [Inner 4.8] cost=1092.00 no_imp=14/20 (còn 1135s)
2026-04-04 03:30:34,512 -   [Inner 4.9] cost=1092.00 no_imp=16/20 (còn 1135s)
2026-04-04 03:30:34,987 -   [Inner 4.10] cost=1092.00 no_imp=18/20 (còn 1135s)
2026-04-04 03:30:35,444 -   [Outer 4] Chạy Pairwise MaxSAT...
2026-04-04 03:30:50,450 -     [P-Timeout 15.0s]
2026-04-04 03:30:50,456 -   [Outer] Không cải thiện (3/3)
2026-04-04 03:30:50,456 - Hoàn thành. cost=1092.00 | time=80.9s | s_imp=4 s_to=0 | p_imp=0 p_to=4
2026-04-04 03:30:50,457 - ======================================================================
2026-04-04 03:30:50,457 - CW=1302 → 2opt=1208 → MaxSAT=1092
2026-04-04 03:30:50,457 - Cải thiện so CW: 210
2026-04-04 03:30:50,457 - Total time: 80.9s
2026-04-04 03:30:50,457 - Verified cost: 1092
2026-04-04 03:30:50,462 - ======================================================================
2026-04-04 03:30:50,462 - FILE: B-n68-k9.vrp
2026-04-04 03:30:50,462 - ======================================================================
2026-04-04 03:30:50,473 - Dim=68 K=9 Cap=100
2026-04-04 03:30:50,474 - --- Clarke-Wright ---
2026-04-04 03:30:50,477 -   cost=1580 time=0.00s
2026-04-04 03:30:50,478 - --- Two-Opt ---
2026-04-04 03:30:50,480 -   cost=1533 time=0.00s
2026-04-04 03:30:50,480 - --- MaxSAT (2-tầng) ---
2026-04-04 03:30:50,481 - =========================================
2026-04-04 03:30:50,481 - BẮT ĐẦU OPTIMIZE (MaxSAT-RC2, 2-tầng)
2026-04-04 03:30:50,481 -   max_single=8  s_to=40.0s
2026-04-04 03:30:50,481 -   max_pair=11  p_to=15.0s
2026-04-04 03:30:50,481 -   n_pairs=5
2026-04-04 03:30:50,482 -   inner_patience=20  outer_patience=3
2026-04-04 03:30:50,482 -   global_timeout=1200.0s
2026-04-04 03:30:50,482 -   start_cost=1533.00
2026-04-04 03:30:50,482 - =========================================
2026-04-04 03:30:50,482 - === OUTER 1 | cost=1533.00 outer_no_imp=0/3 (còn 1200s) ===
2026-04-04 03:30:50,482 -   [Inner 1.1] cost=1533.00 no_imp=0/20 (còn 1200s)
2026-04-04 03:30:50,495 -     [P1] Relocate → 1524.00
2026-04-04 03:30:50,511 -     [P2] Exchange → 1517.00
2026-04-04 03:30:59,326 -     [P3] Single +1
2026-04-04 03:30:59,326 -     → INNER BEST = 1516.00
2026-04-04 03:30:59,326 -   [Inner 1.2] cost=1516.00 no_imp=0/20 (còn 1191s)
2026-04-04 03:30:59,339 -     [P1] Relocate → 1512.00
2026-04-04 03:30:59,356 -     [P2] Exchange → 1463.00
2026-04-04 03:31:08,331 -     [P3] Single +8
2026-04-04 03:31:08,332 -     → INNER BEST = 1455.00
2026-04-04 03:31:08,332 -   [Inner 1.3] cost=1455.00 no_imp=0/20 (còn 1182s)
2026-04-04 03:31:08,345 -     [P1] Relocate → 1454.00
2026-04-04 03:31:17,452 -     → INNER BEST = 1454.00
2026-04-04 03:31:17,453 -   [Inner 1.4] cost=1454.00 no_imp=0/20 (còn 1173s)
2026-04-04 03:31:26,383 -   [Inner 1.5] cost=1454.00 no_imp=2/20 (còn 1164s)
2026-04-04 03:31:35,237 -   [Inner 1.6] cost=1454.00 no_imp=4/20 (còn 1155s)
2026-04-04 03:31:44,234 -   [Inner 1.7] cost=1454.00 no_imp=6/20 (còn 1146s)
2026-04-04 03:31:53,205 -   [Inner 1.8] cost=1454.00 no_imp=8/20 (còn 1137s)
2026-04-04 03:32:02,395 -   [Inner 1.9] cost=1454.00 no_imp=10/20 (còn 1128s)
2026-04-04 03:32:11,495 -   [Inner 1.10] cost=1454.00 no_imp=12/20 (còn 1119s)
2026-04-04 03:32:20,354 -   [Inner 1.11] cost=1454.00 no_imp=14/20 (còn 1110s)
2026-04-04 03:32:29,151 -   [Inner 1.12] cost=1454.00 no_imp=16/20 (còn 1101s)
2026-04-04 03:32:38,193 -   [Inner 1.13] cost=1454.00 no_imp=18/20 (còn 1092s)
2026-04-04 03:32:47,263 -   [Outer] Inner cải thiện → best=1454.00
2026-04-04 03:32:47,264 -   [Outer 1] Chạy Pairwise MaxSAT...
2026-04-04 03:32:47,264 - === OUTER 2 | cost=1454.00 outer_no_imp=0/3 (còn 1083s) ===
2026-04-04 03:32:47,264 -   [Inner 2.1] cost=1454.00 no_imp=0/20 (còn 1083s)
2026-04-04 03:32:56,328 -   [Inner 2.2] cost=1454.00 no_imp=2/20 (còn 1074s)
2026-04-04 03:33:05,366 -   [Inner 2.3] cost=1454.00 no_imp=4/20 (còn 1065s)
2026-04-04 03:33:14,230 -   [Inner 2.4] cost=1454.00 no_imp=6/20 (còn 1056s)
2026-04-04 03:33:23,101 -   [Inner 2.5] cost=1454.00 no_imp=8/20 (còn 1047s)
2026-04-04 03:33:32,090 -   [Inner 2.6] cost=1454.00 no_imp=10/20 (còn 1038s)
2026-04-04 03:33:41,275 -   [Inner 2.7] cost=1454.00 no_imp=12/20 (còn 1029s)
2026-04-04 03:33:50,367 -   [Inner 2.8] cost=1454.00 no_imp=14/20 (còn 1020s)
2026-04-04 03:33:59,406 -   [Inner 2.9] cost=1454.00 no_imp=16/20 (còn 1011s)
2026-04-04 03:34:08,278 -   [Inner 2.10] cost=1454.00 no_imp=18/20 (còn 1002s)
2026-04-04 03:34:17,236 -   [Outer 2] Chạy Pairwise MaxSAT...
2026-04-04 03:34:17,236 -   [Outer] Không cải thiện (1/3)
2026-04-04 03:34:17,236 - === OUTER 3 | cost=1454.00 outer_no_imp=1/3 (còn 993s) ===
2026-04-04 03:34:17,236 -   [Inner 3.1] cost=1454.00 no_imp=0/20 (còn 993s)
2026-04-04 03:34:26,018 -   [Inner 3.2] cost=1454.00 no_imp=2/20 (còn 984s)
2026-04-04 03:34:35,021 -   [Inner 3.3] cost=1454.00 no_imp=4/20 (còn 975s)
2026-04-04 03:34:44,101 -   [Inner 3.4] cost=1454.00 no_imp=6/20 (còn 966s)
2026-04-04 03:34:53,254 -   [Inner 3.5] cost=1454.00 no_imp=8/20 (còn 957s)
2026-04-04 03:35:02,350 -   [Inner 3.6] cost=1454.00 no_imp=10/20 (còn 948s)
2026-04-04 03:35:11,223 -   [Inner 3.7] cost=1454.00 no_imp=12/20 (còn 939s)
2026-04-04 03:35:20,257 -   [Inner 3.8] cost=1454.00 no_imp=14/20 (còn 930s)
2026-04-04 03:35:29,301 -   [Inner 3.9] cost=1454.00 no_imp=16/20 (còn 921s)
2026-04-04 03:35:38,379 -   [Inner 3.10] cost=1454.00 no_imp=18/20 (còn 912s)
2026-04-04 03:35:47,416 -   [Outer 3] Chạy Pairwise MaxSAT...
2026-04-04 03:35:47,417 -   [Outer] Không cải thiện (2/3)
2026-04-04 03:35:47,417 - === OUTER 4 | cost=1454.00 outer_no_imp=2/3 (còn 903s) ===
2026-04-04 03:35:47,417 -   [Inner 4.1] cost=1454.00 no_imp=0/20 (còn 903s)
2026-04-04 03:35:56,466 -   [Inner 4.2] cost=1454.00 no_imp=2/20 (còn 894s)
2026-04-04 03:36:05,437 -   [Inner 4.3] cost=1454.00 no_imp=4/20 (còn 885s)
2026-04-04 03:36:14,435 -   [Inner 4.4] cost=1454.00 no_imp=6/20 (còn 876s)
2026-04-04 03:36:23,550 -   [Inner 4.5] cost=1454.00 no_imp=8/20 (còn 867s)
2026-04-04 03:36:32,578 -   [Inner 4.6] cost=1454.00 no_imp=10/20 (còn 858s)
2026-04-04 03:36:41,602 -   [Inner 4.7] cost=1454.00 no_imp=12/20 (còn 849s)
2026-04-04 03:36:50,587 -   [Inner 4.8] cost=1454.00 no_imp=14/20 (còn 840s)
2026-04-04 03:36:59,458 -   [Inner 4.9] cost=1454.00 no_imp=16/20 (còn 831s)
2026-04-04 03:37:08,599 -   [Inner 4.10] cost=1454.00 no_imp=18/20 (còn 822s)
2026-04-04 03:37:17,714 -   [Outer 4] Chạy Pairwise MaxSAT...
2026-04-04 03:37:17,715 -   [Outer] Không cải thiện (3/3)
2026-04-04 03:37:17,715 - Hoàn thành. cost=1454.00 | time=387.2s | s_imp=2 s_to=0 | p_imp=0 p_to=0
2026-04-04 03:37:17,716 - ======================================================================
2026-04-04 03:37:17,716 - CW=1580 → 2opt=1533 → MaxSAT=1454
2026-04-04 03:37:17,716 - Cải thiện so CW: 126
2026-04-04 03:37:17,716 - Total time: 387.2s
2026-04-04 03:37:17,716 - Verified cost: 1454
2026-04-04 03:37:17,721 - ======================================================================
2026-04-04 03:37:17,721 - FILE: B-n78-k10.vrp
2026-04-04 03:37:17,721 - ======================================================================
2026-04-04 03:37:17,739 - Dim=78 K=10 Cap=100
2026-04-04 03:37:17,739 - --- Clarke-Wright ---
2026-04-04 03:37:17,744 -   cost=1576 time=0.01s
2026-04-04 03:37:17,745 - --- Two-Opt ---
2026-04-04 03:37:17,748 -   cost=1483 time=0.00s
2026-04-04 03:37:17,748 - --- MaxSAT (2-tầng) ---
2026-04-04 03:37:17,748 - =========================================
2026-04-04 03:37:17,749 - BẮT ĐẦU OPTIMIZE (MaxSAT-RC2, 2-tầng)
2026-04-04 03:37:17,749 -   max_single=8  s_to=40.0s
2026-04-04 03:37:17,749 -   max_pair=11  p_to=15.0s
2026-04-04 03:37:17,749 -   n_pairs=5
2026-04-04 03:37:17,749 -   inner_patience=20  outer_patience=3
2026-04-04 03:37:17,749 -   global_timeout=1200.0s
2026-04-04 03:37:17,749 -   start_cost=1483.00
2026-04-04 03:37:17,750 - =========================================
2026-04-04 03:37:17,750 - === OUTER 1 | cost=1483.00 outer_no_imp=0/3 (còn 1200s) ===
2026-04-04 03:37:17,750 -   [Inner 1.1] cost=1483.00 no_imp=0/20 (còn 1200s)
2026-04-04 03:37:17,767 -     [P1] Relocate → 1475.00
2026-04-04 03:37:17,788 -     [P2] Exchange → 1448.00
2026-04-04 03:37:18,764 -     [P3] Single +4
2026-04-04 03:37:18,764 -     → INNER BEST = 1444.00
2026-04-04 03:37:18,764 -   [Inner 1.2] cost=1444.00 no_imp=0/20 (còn 1199s)
2026-04-04 03:37:18,781 -     [P1] Relocate → 1440.00
2026-04-04 03:37:18,801 -     [P2] Exchange → 1434.00
2026-04-04 03:37:19,460 -     → INNER BEST = 1434.00
2026-04-04 03:37:19,460 -   [Inner 1.3] cost=1434.00 no_imp=0/20 (còn 1198s)
2026-04-04 03:37:19,477 -     [P1] Relocate → 1431.00
2026-04-04 03:37:19,497 -     [P2] Exchange → 1425.00
2026-04-04 03:37:20,200 -     [P3] Single +3
2026-04-04 03:37:20,201 -     → INNER BEST = 1422.00
2026-04-04 03:37:20,201 -   [Inner 1.4] cost=1422.00 no_imp=0/20 (còn 1198s)
2026-04-04 03:37:20,217 -     [P1] Relocate → 1416.00
2026-04-04 03:37:20,236 -     [P2] Exchange → 1415.00
2026-04-04 03:37:20,816 -     → INNER BEST = 1415.00
2026-04-04 03:37:20,816 -   [Inner 1.5] cost=1415.00 no_imp=0/20 (còn 1197s)
2026-04-04 03:37:20,832 -     [P1] Relocate → 1411.00
2026-04-04 03:37:21,421 -     → INNER BEST = 1411.00
2026-04-04 03:37:21,421 -   [Inner 1.6] cost=1411.00 no_imp=0/20 (còn 1196s)
2026-04-04 03:37:22,027 -   [Inner 1.7] cost=1411.00 no_imp=2/20 (còn 1196s)
2026-04-04 03:37:22,631 -   [Inner 1.8] cost=1411.00 no_imp=4/20 (còn 1195s)
2026-04-04 03:37:23,240 -   [Inner 1.9] cost=1411.00 no_imp=6/20 (còn 1195s)
2026-04-04 03:37:23,848 -   [Inner 1.10] cost=1411.00 no_imp=8/20 (còn 1194s)
2026-04-04 03:37:24,455 -   [Inner 1.11] cost=1411.00 no_imp=10/20 (còn 1193s)
2026-04-04 03:37:25,057 -   [Inner 1.12] cost=1411.00 no_imp=12/20 (còn 1193s)
2026-04-04 03:37:25,657 -   [Inner 1.13] cost=1411.00 no_imp=14/20 (còn 1192s)
2026-04-04 03:37:26,251 -   [Inner 1.14] cost=1411.00 no_imp=16/20 (còn 1191s)
2026-04-04 03:37:26,847 -   [Inner 1.15] cost=1411.00 no_imp=18/20 (còn 1191s)
2026-04-04 03:37:27,449 -   [Outer] Inner cải thiện → best=1411.00
2026-04-04 03:37:27,449 -   [Outer 1] Chạy Pairwise MaxSAT...
2026-04-04 03:37:27,450 - === OUTER 2 | cost=1411.00 outer_no_imp=0/3 (còn 1190s) ===
2026-04-04 03:37:27,450 -   [Inner 2.1] cost=1411.00 no_imp=0/20 (còn 1190s)
2026-04-04 03:37:28,047 -   [Inner 2.2] cost=1411.00 no_imp=2/20 (còn 1190s)
2026-04-04 03:37:28,641 -   [Inner 2.3] cost=1411.00 no_imp=4/20 (còn 1189s)
2026-04-04 03:37:29,264 -   [Inner 2.4] cost=1411.00 no_imp=6/20 (còn 1188s)
2026-04-04 03:37:29,858 -   [Inner 2.5] cost=1411.00 no_imp=8/20 (còn 1188s)
2026-04-04 03:37:30,476 -   [Inner 2.6] cost=1411.00 no_imp=10/20 (còn 1187s)
2026-04-04 03:37:31,064 -   [Inner 2.7] cost=1411.00 no_imp=12/20 (còn 1187s)
2026-04-04 03:37:31,662 -   [Inner 2.8] cost=1411.00 no_imp=14/20 (còn 1186s)
2026-04-04 03:37:32,257 -   [Inner 2.9] cost=1411.00 no_imp=16/20 (còn 1185s)
2026-04-04 03:37:32,847 -   [Inner 2.10] cost=1411.00 no_imp=18/20 (còn 1185s)
2026-04-04 03:37:33,437 -   [Outer 2] Chạy Pairwise MaxSAT...
2026-04-04 03:37:33,438 -   [Outer] Không cải thiện (1/3)
2026-04-04 03:37:33,438 - === OUTER 3 | cost=1411.00 outer_no_imp=1/3 (còn 1184s) ===
2026-04-04 03:37:33,439 -   [Inner 3.1] cost=1411.00 no_imp=0/20 (còn 1184s)
2026-04-04 03:37:34,040 -   [Inner 3.2] cost=1411.00 no_imp=2/20 (còn 1184s)
2026-04-04 03:37:34,647 -   [Inner 3.3] cost=1411.00 no_imp=4/20 (còn 1183s)
2026-04-04 03:37:35,229 -   [Inner 3.4] cost=1411.00 no_imp=6/20 (còn 1183s)
2026-04-04 03:37:35,828 -   [Inner 3.5] cost=1411.00 no_imp=8/20 (còn 1182s)
2026-04-04 03:37:36,427 -   [Inner 3.6] cost=1411.00 no_imp=10/20 (còn 1181s)
2026-04-04 03:37:37,034 -   [Inner 3.7] cost=1411.00 no_imp=12/20 (còn 1181s)
2026-04-04 03:37:37,597 -   [Inner 3.8] cost=1411.00 no_imp=14/20 (còn 1180s)
2026-04-04 03:37:38,164 -   [Inner 3.9] cost=1411.00 no_imp=16/20 (còn 1180s)
2026-04-04 03:37:38,750 -   [Inner 3.10] cost=1411.00 no_imp=18/20 (còn 1179s)
2026-04-04 03:37:39,350 -   [Outer 3] Chạy Pairwise MaxSAT...
2026-04-04 03:37:39,351 -   [Outer] Không cải thiện (2/3)
2026-04-04 03:37:39,351 - === OUTER 4 | cost=1411.00 outer_no_imp=2/3 (còn 1178s) ===
2026-04-04 03:37:39,351 -   [Inner 4.1] cost=1411.00 no_imp=0/20 (còn 1178s)
2026-04-04 03:37:39,952 -   [Inner 4.2] cost=1411.00 no_imp=2/20 (còn 1178s)
2026-04-04 03:37:40,554 -   [Inner 4.3] cost=1411.00 no_imp=4/20 (còn 1177s)
2026-04-04 03:37:41,156 -   [Inner 4.4] cost=1411.00 no_imp=6/20 (còn 1177s)
2026-04-04 03:37:41,762 -   [Inner 4.5] cost=1411.00 no_imp=8/20 (còn 1176s)
2026-04-04 03:37:42,338 -   [Inner 4.6] cost=1411.00 no_imp=10/20 (còn 1175s)
2026-04-04 03:37:42,955 -   [Inner 4.7] cost=1411.00 no_imp=12/20 (còn 1175s)
2026-04-04 03:37:43,560 -   [Inner 4.8] cost=1411.00 no_imp=14/20 (còn 1174s)
2026-04-04 03:37:44,160 -   [Inner 4.9] cost=1411.00 no_imp=16/20 (còn 1174s)
2026-04-04 03:37:44,765 -   [Inner 4.10] cost=1411.00 no_imp=18/20 (còn 1173s)
2026-04-04 03:37:45,362 -   [Outer 4] Chạy Pairwise MaxSAT...
2026-04-04 03:37:45,363 -   [Outer] Không cải thiện (3/3)
2026-04-04 03:37:45,363 - Hoàn thành. cost=1411.00 | time=27.6s | s_imp=3 s_to=0 | p_imp=0 p_to=0
2026-04-04 03:37:45,363 - ======================================================================
2026-04-04 03:37:45,363 - CW=1576 → 2opt=1483 → MaxSAT=1411
2026-04-04 03:37:45,363 - Cải thiện so CW: 165
2026-04-04 03:37:45,363 - Total time: 27.6s
2026-04-04 03:37:45,364 - Verified cost: 1411
