2026-04-04 09:27:45,204 - ======================================================================
2026-04-04 09:27:45,204 - FILE: B-n31-k5.vrp
2026-04-04 09:27:45,205 - ======================================================================
2026-04-04 09:27:45,207 - Dim=31 K=5 Cap=100
2026-04-04 09:27:45,207 - --- Clarke-Wright ---
2026-04-04 09:27:45,208 -   cost=748 time=0.00s
2026-04-04 09:27:45,208 - --- Two-Opt ---
2026-04-04 09:27:45,209 -   cost=730 time=0.00s
2026-04-04 09:27:45,209 - --- MaxSAT (2-tầng) ---
2026-04-04 09:27:45,210 - =========================================
2026-04-04 09:27:45,210 - BẮT ĐẦU OPTIMIZE (MaxSAT-RC2, 2-tầng)
2026-04-04 09:27:45,210 -   max_single=8  s_to=40.0s
2026-04-04 09:27:45,210 -   max_pair=8  p_to=30.0s
2026-04-04 09:27:45,210 -   n_pairs=3
2026-04-04 09:27:45,210 -   inner_patience=20  outer_patience=999
2026-04-04 09:27:45,210 -   global_timeout=1200.0s
2026-04-04 09:27:45,210 -   start_cost=730.00
2026-04-04 09:27:45,210 - =========================================
2026-04-04 09:27:45,211 - === OUTER 1 | cost=730.00 no_imp_streak=0 (còn 1200s) ===
2026-04-04 09:27:45,211 -   [Inner 1.1] cost=730.00 no_imp=0/20 (còn 1200s)
2026-04-04 09:27:45,216 -     [P1] Relocate → 722.00
2026-04-04 09:27:45,220 -     [P2] Exchange → 719.00
2026-04-04 09:27:45,401 -     [P3] Single +2
2026-04-04 09:27:45,401 -     → INNER BEST = 717.00
2026-04-04 09:27:45,401 -   [Inner 1.2] cost=717.00 no_imp=0/20 (còn 1200s)
2026-04-04 09:27:45,406 -     [P1] Relocate → 705.00
2026-04-04 09:27:45,501 -     → INNER BEST = 705.00
2026-04-04 09:27:45,501 -   [Inner 1.3] cost=705.00 no_imp=0/20 (còn 1200s)
2026-04-04 09:27:45,505 -     [P1] Relocate → 703.00
2026-04-04 09:27:45,617 -     → INNER BEST = 703.00
2026-04-04 09:27:45,617 -   [Inner 1.4] cost=703.00 no_imp=0/20 (còn 1200s)
2026-04-04 09:27:45,622 -     [P1] Relocate → 701.00
2026-04-04 09:27:45,747 -     → INNER BEST = 701.00
2026-04-04 09:27:45,748 -   [Inner 1.5] cost=701.00 no_imp=0/20 (còn 1199s)
2026-04-04 09:27:45,871 -   [Inner 1.6] cost=701.00 no_imp=2/20 (còn 1199s)
2026-04-04 09:27:45,999 -   [Inner 1.7] cost=701.00 no_imp=4/20 (còn 1199s)
2026-04-04 09:27:46,127 -   [Inner 1.8] cost=701.00 no_imp=6/20 (còn 1199s)
2026-04-04 09:27:46,257 -   [Inner 1.9] cost=701.00 no_imp=8/20 (còn 1199s)
2026-04-04 09:27:46,391 -   [Inner 1.10] cost=701.00 no_imp=10/20 (còn 1199s)
2026-04-04 09:27:46,522 -   [Inner 1.11] cost=701.00 no_imp=12/20 (còn 1199s)
2026-04-04 09:27:46,651 -   [Inner 1.12] cost=701.00 no_imp=14/20 (còn 1199s)
2026-04-04 09:27:46,781 -   [Inner 1.13] cost=701.00 no_imp=16/20 (còn 1198s)
2026-04-04 09:27:46,911 -   [Inner 1.14] cost=701.00 no_imp=18/20 (còn 1198s)
2026-04-04 09:27:47,035 -   [Outer] Inner cải thiện → best=701.00
2026-04-04 09:27:47,035 -   [Outer 1] Chạy Pairwise MaxSAT...
2026-04-04 09:27:47,036 - === OUTER 2 | cost=701.00 no_imp_streak=0 (còn 1198s) ===
2026-04-04 09:27:47,036 -   [Inner 2.1] cost=701.00 no_imp=0/20 (còn 1198s)
2026-04-04 09:27:47,157 -   [Inner 2.2] cost=701.00 no_imp=2/20 (còn 1198s)
2026-04-04 09:27:47,282 -   [Inner 2.3] cost=701.00 no_imp=4/20 (còn 1198s)
2026-04-04 09:27:47,404 -   [Inner 2.4] cost=701.00 no_imp=6/20 (còn 1198s)
2026-04-04 09:27:47,526 -   [Inner 2.5] cost=701.00 no_imp=8/20 (còn 1198s)
2026-04-04 09:27:47,649 -   [Inner 2.6] cost=701.00 no_imp=10/20 (còn 1198s)
2026-04-04 09:27:47,772 -   [Inner 2.7] cost=701.00 no_imp=12/20 (còn 1197s)
2026-04-04 09:27:47,897 -   [Inner 2.8] cost=701.00 no_imp=14/20 (còn 1197s)
2026-04-04 09:27:48,020 -   [Inner 2.9] cost=701.00 no_imp=16/20 (còn 1197s)
2026-04-04 09:27:48,142 -   [Inner 2.10] cost=701.00 no_imp=18/20 (còn 1197s)
2026-04-04 09:27:48,266 -   [Outer 2] Chạy Pairwise MaxSAT...
2026-04-04 09:27:48,266 -   [Outer] Không cải thiện (streak=1)
2026-04-04 09:27:48,266 - === OUTER 3 | cost=701.00 no_imp_streak=1 (còn 1197s) ===
2026-04-04 09:27:48,266 -   [Inner 3.1] cost=701.00 no_imp=0/20 (còn 1197s)
2026-04-04 09:27:48,391 -   [Inner 3.2] cost=701.00 no_imp=2/20 (còn 1197s)
2026-04-04 09:27:48,513 -   [Inner 3.3] cost=701.00 no_imp=4/20 (còn 1197s)
2026-04-04 09:27:48,637 -   [Inner 3.4] cost=701.00 no_imp=6/20 (còn 1197s)
2026-04-04 09:27:48,759 -   [Inner 3.5] cost=701.00 no_imp=8/20 (còn 1196s)
2026-04-04 09:27:48,880 -   [Inner 3.6] cost=701.00 no_imp=10/20 (còn 1196s)
2026-04-04 09:27:49,004 -   [Inner 3.7] cost=701.00 no_imp=12/20 (còn 1196s)
2026-04-04 09:27:49,127 -   [Inner 3.8] cost=701.00 no_imp=14/20 (còn 1196s)
2026-04-04 09:27:49,249 -   [Inner 3.9] cost=701.00 no_imp=16/20 (còn 1196s)
2026-04-04 09:27:49,370 -   [Inner 3.10] cost=701.00 no_imp=18/20 (còn 1196s)
2026-04-04 09:27:49,491 -   [Outer 3] Chạy Pairwise MaxSAT...
2026-04-04 09:27:49,492 -   [Outer] Không cải thiện (streak=2)
2026-04-04 09:27:49,492 - === OUTER 4 | cost=701.00 no_imp_streak=2 (còn 1196s) ===
2026-04-04 09:27:49,492 -   [Inner 4.1] cost=701.00 no_imp=0/20 (còn 1196s)
2026-04-04 09:27:49,613 -   [Inner 4.2] cost=701.00 no_imp=2/20 (còn 1196s)
2026-04-04 09:27:49,736 -   [Inner 4.3] cost=701.00 no_imp=4/20 (còn 1195s)
2026-04-04 09:27:49,857 -   [Inner 4.4] cost=701.00 no_imp=6/20 (còn 1195s)
2026-04-04 09:27:49,979 -   [Inner 4.5] cost=701.00 no_imp=8/20 (còn 1195s)
2026-04-04 09:27:50,107 -   [Inner 4.6] cost=701.00 no_imp=10/20 (còn 1195s)
2026-04-04 09:27:50,229 -   [Inner 4.7] cost=701.00 no_imp=12/20 (còn 1195s)
2026-04-04 09:27:50,353 -   [Inner 4.8] cost=701.00 no_imp=14/20 (còn 1195s)
2026-04-04 09:27:50,488 -   [Inner 4.9] cost=701.00 no_imp=16/20 (còn 1195s)
2026-04-04 09:27:50,611 -   [Inner 4.10] cost=701.00 no_imp=18/20 (còn 1195s)
2026-04-04 09:27:50,735 -   [Outer 4] Chạy Pairwise MaxSAT...
2026-04-04 09:27:50,736 -   [Outer] Không cải thiện (streak=3)
2026-04-04 09:27:50,736 - === OUTER 5 | cost=701.00 no_imp_streak=3 (còn 1194s) ===
2026-04-04 09:27:50,736 -   [Inner 5.1] cost=701.00 no_imp=0/20 (còn 1194s)
2026-04-04 09:27:50,857 -   [Inner 5.2] cost=701.00 no_imp=2/20 (còn 1194s)
2026-04-04 09:27:50,979 -   [Inner 5.3] cost=701.00 no_imp=4/20 (còn 1194s)
2026-04-04 09:27:51,102 -   [Inner 5.4] cost=701.00 no_imp=6/20 (còn 1194s)
2026-04-04 09:27:51,226 -   [Inner 5.5] cost=701.00 no_imp=8/20 (còn 1194s)
2026-04-04 09:27:51,346 -   [Inner 5.6] cost=701.00 no_imp=10/20 (còn 1194s)
2026-04-04 09:27:51,468 -   [Inner 5.7] cost=701.00 no_imp=12/20 (còn 1194s)
2026-04-04 09:27:51,591 -   [Inner 5.8] cost=701.00 no_imp=14/20 (còn 1194s)
2026-04-04 09:27:51,713 -   [Inner 5.9] cost=701.00 no_imp=16/20 (còn 1193s)
2026-04-04 09:27:51,835 -   [Inner 5.10] cost=701.00 no_imp=18/20 (còn 1193s)
2026-04-04 09:27:51,956 -   [Outer 5] Chạy Pairwise MaxSAT...
2026-04-04 09:27:51,956 -   [Outer] Không cải thiện (streak=4)
2026-04-04 09:27:51,956 - === OUTER 6 | cost=701.00 no_imp_streak=4 (còn 1193s) ===
2026-04-04 09:27:51,956 -   [Inner 6.1] cost=701.00 no_imp=0/20 (còn 1193s)
2026-04-04 09:27:52,078 -   [Inner 6.2] cost=701.00 no_imp=2/20 (còn 1193s)
2026-04-04 09:27:52,200 -   [Inner 6.3] cost=701.00 no_imp=4/20 (còn 1193s)
2026-04-04 09:27:52,322 -   [Inner 6.4] cost=701.00 no_imp=6/20 (còn 1193s)
2026-04-04 09:27:52,447 -   [Inner 6.5] cost=701.00 no_imp=8/20 (còn 1193s)
2026-04-04 09:27:52,570 -   [Inner 6.6] cost=701.00 no_imp=10/20 (còn 1193s)
2026-04-04 09:27:52,691 -   [Inner 6.7] cost=701.00 no_imp=12/20 (còn 1193s)
2026-04-04 09:27:52,814 -   [Inner 6.8] cost=701.00 no_imp=14/20 (còn 1192s)
2026-04-04 09:27:52,936 -   [Inner 6.9] cost=701.00 no_imp=16/20 (còn 1192s)
2026-04-04 09:27:53,060 -   [Inner 6.10] cost=701.00 no_imp=18/20 (còn 1192s)
2026-04-04 09:27:53,181 -   [Outer 6] Chạy Pairwise MaxSAT...
2026-04-04 09:27:53,182 -   [Outer] Không cải thiện (streak=5)
2026-04-04 09:27:53,182 - === OUTER 7 | cost=701.00 no_imp_streak=5 (còn 1192s) ===
2026-04-04 09:27:53,182 -   [Inner 7.1] cost=701.00 no_imp=0/20 (còn 1192s)
2026-04-04 09:27:53,303 -   [Inner 7.2] cost=701.00 no_imp=2/20 (còn 1192s)
2026-04-04 09:27:53,429 -   [Inner 7.3] cost=701.00 no_imp=4/20 (còn 1192s)
2026-04-04 09:27:53,550 -   [Inner 7.4] cost=701.00 no_imp=6/20 (còn 1192s)
2026-04-04 09:27:53,672 -   [Inner 7.5] cost=701.00 no_imp=8/20 (còn 1192s)
2026-04-04 09:27:53,796 -   [Inner 7.6] cost=701.00 no_imp=10/20 (còn 1191s)
2026-04-04 09:27:53,919 -   [Inner 7.7] cost=701.00 no_imp=12/20 (còn 1191s)
2026-04-04 09:27:54,045 -   [Inner 7.8] cost=701.00 no_imp=14/20 (còn 1191s)
2026-04-04 09:27:54,166 -   [Inner 7.9] cost=701.00 no_imp=16/20 (còn 1191s)
2026-04-04 09:27:54,288 -   [Inner 7.10] cost=701.00 no_imp=18/20 (còn 1191s)
2026-04-04 09:27:54,410 -   [Outer 7] Chạy Pairwise MaxSAT...
2026-04-04 09:27:54,410 -   [Outer] Không cải thiện (streak=6)
2026-04-04 09:27:54,410 - === OUTER 8 | cost=701.00 no_imp_streak=6 (còn 1191s) ===
2026-04-04 09:27:54,410 -   [Inner 8.1] cost=701.00 no_imp=0/20 (còn 1191s)
2026-04-04 09:27:54,536 -   [Inner 8.2] cost=701.00 no_imp=2/20 (còn 1191s)
2026-04-04 09:27:54,659 -   [Inner 8.3] cost=701.00 no_imp=4/20 (còn 1191s)
2026-04-04 09:27:54,781 -   [Inner 8.4] cost=701.00 no_imp=6/20 (còn 1190s)
2026-04-04 09:27:54,903 -   [Inner 8.5] cost=701.00 no_imp=8/20 (còn 1190s)
2026-04-04 09:27:55,026 -   [Inner 8.6] cost=701.00 no_imp=10/20 (còn 1190s)
2026-04-04 09:27:55,150 -   [Inner 8.7] cost=701.00 no_imp=12/20 (còn 1190s)
2026-04-04 09:27:55,272 -   [Inner 8.8] cost=701.00 no_imp=14/20 (còn 1190s)
2026-04-04 09:27:55,394 -   [Inner 8.9] cost=701.00 no_imp=16/20 (còn 1190s)
2026-04-04 09:27:55,517 -   [Inner 8.10] cost=701.00 no_imp=18/20 (còn 1190s)
2026-04-04 09:27:55,640 -   [Outer 8] Chạy Pairwise MaxSAT...
2026-04-04 09:27:55,640 -   [Outer] Không cải thiện (streak=7)
2026-04-04 09:27:55,640 - === OUTER 9 | cost=701.00 no_imp_streak=7 (còn 1190s) ===
2026-04-04 09:27:55,640 -   [Inner 9.1] cost=701.00 no_imp=0/20 (còn 1190s)
2026-04-04 09:27:55,763 -   [Inner 9.2] cost=701.00 no_imp=2/20 (còn 1189s)
2026-04-04 09:27:55,885 -   [Inner 9.3] cost=701.00 no_imp=4/20 (còn 1189s)
2026-04-04 09:27:56,007 -   [Inner 9.4] cost=701.00 no_imp=6/20 (còn 1189s)
2026-04-04 09:27:56,130 -   [Inner 9.5] cost=701.00 no_imp=8/20 (còn 1189s)
2026-04-04 09:27:56,252 -   [Inner 9.6] cost=701.00 no_imp=10/20 (còn 1189s)
2026-04-04 09:27:56,376 -   [Inner 9.7] cost=701.00 no_imp=12/20 (còn 1189s)
2026-04-04 09:27:56,502 -   [Inner 9.8] cost=701.00 no_imp=14/20 (còn 1189s)
2026-04-04 09:27:56,627 -   [Inner 9.9] cost=701.00 no_imp=16/20 (còn 1189s)
2026-04-04 09:27:56,759 -   [Inner 9.10] cost=701.00 no_imp=18/20 (còn 1188s)
2026-04-04 09:27:56,886 -   [Outer 9] Chạy Pairwise MaxSAT...
2026-04-04 09:27:56,887 -   [Outer] Không cải thiện (streak=8)
2026-04-04 09:27:56,887 - === OUTER 10 | cost=701.00 no_imp_streak=8 (còn 1188s) ===
2026-04-04 09:27:56,887 -   [Inner 10.1] cost=701.00 no_imp=0/20 (còn 1188s)
2026-04-04 09:27:57,010 -   [Inner 10.2] cost=701.00 no_imp=2/20 (còn 1188s)
2026-04-04 09:27:57,133 -   [Inner 10.3] cost=701.00 no_imp=4/20 (còn 1188s)
2026-04-04 09:27:57,255 -   [Inner 10.4] cost=701.00 no_imp=6/20 (còn 1188s)
2026-04-04 09:27:57,376 -   [Inner 10.5] cost=701.00 no_imp=8/20 (còn 1188s)
2026-04-04 09:27:57,497 -   [Inner 10.6] cost=701.00 no_imp=10/20 (còn 1188s)
2026-04-04 09:27:57,620 -   [Inner 10.7] cost=701.00 no_imp=12/20 (còn 1188s)
2026-04-04 09:27:57,743 -   [Inner 10.8] cost=701.00 no_imp=14/20 (còn 1187s)
2026-04-04 09:27:57,864 -   [Inner 10.9] cost=701.00 no_imp=16/20 (còn 1187s)
2026-04-04 09:27:57,985 -   [Inner 10.10] cost=701.00 no_imp=18/20 (còn 1187s)
2026-04-04 09:27:58,108 -   [Outer 10] Chạy Pairwise MaxSAT...
2026-04-04 09:27:58,109 -   [Outer] Không cải thiện (streak=9)
2026-04-04 09:27:58,109 - === OUTER 11 | cost=701.00 no_imp_streak=9 (còn 1187s) ===
2026-04-04 09:27:58,109 -   [Inner 11.1] cost=701.00 no_imp=0/20 (còn 1187s)
2026-04-04 09:27:58,230 -   [Inner 11.2] cost=701.00 no_imp=2/20 (còn 1187s)
2026-04-04 09:27:58,352 -   [Inner 11.3] cost=701.00 no_imp=4/20 (còn 1187s)
2026-04-04 09:27:58,473 -   [Inner 11.4] cost=701.00 no_imp=6/20 (còn 1187s)
2026-04-04 09:27:58,596 -   [Inner 11.5] cost=701.00 no_imp=8/20 (còn 1187s)
2026-04-04 09:27:58,717 -   [Inner 11.6] cost=701.00 no_imp=10/20 (còn 1186s)
2026-04-04 09:27:58,839 -   [Inner 11.7] cost=701.00 no_imp=12/20 (còn 1186s)
2026-04-04 09:27:58,960 -   [Inner 11.8] cost=701.00 no_imp=14/20 (còn 1186s)
2026-04-04 09:27:59,083 -   [Inner 11.9] cost=701.00 no_imp=16/20 (còn 1186s)
2026-04-04 09:27:59,203 -   [Inner 11.10] cost=701.00 no_imp=18/20 (còn 1186s)
2026-04-04 09:27:59,325 -   [Outer 11] Chạy Pairwise MaxSAT...
2026-04-04 09:27:59,326 -   [Outer] Không cải thiện (streak=10)
2026-04-04 09:27:59,326 - === OUTER 12 | cost=701.00 no_imp_streak=10 (còn 1186s) ===
2026-04-04 09:27:59,326 -   [Inner 12.1] cost=701.00 no_imp=0/20 (còn 1186s)
2026-04-04 09:27:59,447 -   [Inner 12.2] cost=701.00 no_imp=2/20 (còn 1186s)
2026-04-04 09:27:59,568 -   [Inner 12.3] cost=701.00 no_imp=4/20 (còn 1186s)
2026-04-04 09:27:59,689 -   [Inner 12.4] cost=701.00 no_imp=6/20 (còn 1186s)
2026-04-04 09:27:59,808 -   [Inner 12.5] cost=701.00 no_imp=8/20 (còn 1185s)
2026-04-04 09:27:59,929 -   [Inner 12.6] cost=701.00 no_imp=10/20 (còn 1185s)
2026-04-04 09:28:00,052 -   [Inner 12.7] cost=701.00 no_imp=12/20 (còn 1185s)
2026-04-04 09:28:00,173 -   [Inner 12.8] cost=701.00 no_imp=14/20 (còn 1185s)
2026-04-04 09:28:00,295 -   [Inner 12.9] cost=701.00 no_imp=16/20 (còn 1185s)
2026-04-04 09:28:00,429 -   [Inner 12.10] cost=701.00 no_imp=18/20 (còn 1185s)
2026-04-04 09:28:00,553 -   [Outer 12] Chạy Pairwise MaxSAT...
2026-04-04 09:28:00,553 -   [Outer] Không cải thiện (streak=11)
2026-04-04 09:28:00,553 - === OUTER 13 | cost=701.00 no_imp_streak=11 (còn 1185s) ===
2026-04-04 09:28:00,553 -   [Inner 13.1] cost=701.00 no_imp=0/20 (còn 1185s)
2026-04-04 09:28:00,674 -   [Inner 13.2] cost=701.00 no_imp=2/20 (còn 1185s)
2026-04-04 09:28:00,794 -   [Inner 13.3] cost=701.00 no_imp=4/20 (còn 1184s)
2026-04-04 09:28:00,917 -   [Inner 13.4] cost=701.00 no_imp=6/20 (còn 1184s)
2026-04-04 09:28:01,038 -   [Inner 13.5] cost=701.00 no_imp=8/20 (còn 1184s)
2026-04-04 09:28:01,161 -   [Inner 13.6] cost=701.00 no_imp=10/20 (còn 1184s)
2026-04-04 09:28:01,283 -   [Inner 13.7] cost=701.00 no_imp=12/20 (còn 1184s)
2026-04-04 09:28:01,411 -   [Inner 13.8] cost=701.00 no_imp=14/20 (còn 1184s)
2026-04-04 09:28:01,535 -   [Inner 13.9] cost=701.00 no_imp=16/20 (còn 1184s)
2026-04-04 09:28:01,658 -   [Inner 13.10] cost=701.00 no_imp=18/20 (còn 1184s)
2026-04-04 09:28:01,781 -   [Outer 13] Chạy Pairwise MaxSAT...
2026-04-04 09:28:01,782 -   [Outer] Không cải thiện (streak=12)
2026-04-04 09:28:01,782 - === OUTER 14 | cost=701.00 no_imp_streak=12 (còn 1183s) ===
2026-04-04 09:28:01,782 -   [Inner 14.1] cost=701.00 no_imp=0/20 (còn 1183s)
2026-04-04 09:28:01,903 -   [Inner 14.2] cost=701.00 no_imp=2/20 (còn 1183s)
2026-04-04 09:28:02,023 -   [Inner 14.3] cost=701.00 no_imp=4/20 (còn 1183s)
2026-04-04 09:28:02,145 -   [Inner 14.4] cost=701.00 no_imp=6/20 (còn 1183s)
2026-04-04 09:28:02,268 -   [Inner 14.5] cost=701.00 no_imp=8/20 (còn 1183s)
2026-04-04 09:28:02,390 -   [Inner 14.6] cost=701.00 no_imp=10/20 (còn 1183s)
2026-04-04 09:28:02,512 -   [Inner 14.7] cost=701.00 no_imp=12/20 (còn 1183s)
2026-04-04 09:28:02,637 -   [Inner 14.8] cost=701.00 no_imp=14/20 (còn 1183s)
2026-04-04 09:28:02,758 -   [Inner 14.9] cost=701.00 no_imp=16/20 (còn 1182s)
2026-04-04 09:28:02,879 -   [Inner 14.10] cost=701.00 no_imp=18/20 (còn 1182s)
2026-04-04 09:28:03,001 -   [Outer 14] Chạy Pairwise MaxSAT...
2026-04-04 09:28:03,001 -   [Outer] Không cải thiện (streak=13)
2026-04-04 09:28:03,001 - === OUTER 15 | cost=701.00 no_imp_streak=13 (còn 1182s) ===
2026-04-04 09:28:03,002 -   [Inner 15.1] cost=701.00 no_imp=0/20 (còn 1182s)
2026-04-04 09:28:03,122 -   [Inner 15.2] cost=701.00 no_imp=2/20 (còn 1182s)
2026-04-04 09:28:03,242 -   [Inner 15.3] cost=701.00 no_imp=4/20 (còn 1182s)
2026-04-04 09:28:03,364 -   [Inner 15.4] cost=701.00 no_imp=6/20 (còn 1182s)
2026-04-04 09:28:03,484 -   [Inner 15.5] cost=701.00 no_imp=8/20 (còn 1182s)
2026-04-04 09:28:03,607 -   [Inner 15.6] cost=701.00 no_imp=10/20 (còn 1182s)
2026-04-04 09:28:03,729 -   [Inner 15.7] cost=701.00 no_imp=12/20 (còn 1181s)
2026-04-04 09:28:03,852 -   [Inner 15.8] cost=701.00 no_imp=14/20 (còn 1181s)
2026-04-04 09:28:03,973 -   [Inner 15.9] cost=701.00 no_imp=16/20 (còn 1181s)
2026-04-04 09:28:04,095 -   [Inner 15.10] cost=701.00 no_imp=18/20 (còn 1181s)
2026-04-04 09:28:04,219 -   [Outer 15] Chạy Pairwise MaxSAT...
2026-04-04 09:28:04,219 -   [Outer] Không cải thiện (streak=14)
2026-04-04 09:28:04,219 - === OUTER 16 | cost=701.00 no_imp_streak=14 (còn 1181s) ===
2026-04-04 09:28:04,220 -   [Inner 16.1] cost=701.00 no_imp=0/20 (còn 1181s)
2026-04-04 09:28:04,340 -   [Inner 16.2] cost=701.00 no_imp=2/20 (còn 1181s)
2026-04-04 09:28:04,461 -   [Inner 16.3] cost=701.00 no_imp=4/20 (còn 1181s)
2026-04-04 09:28:04,582 -   [Inner 16.4] cost=701.00 no_imp=6/20 (còn 1181s)
2026-04-04 09:28:04,706 -   [Inner 16.5] cost=701.00 no_imp=8/20 (còn 1181s)
2026-04-04 09:28:04,829 -   [Inner 16.6] cost=701.00 no_imp=10/20 (còn 1180s)
2026-04-04 09:28:04,951 -   [Inner 16.7] cost=701.00 no_imp=12/20 (còn 1180s)
2026-04-04 09:28:05,075 -   [Inner 16.8] cost=701.00 no_imp=14/20 (còn 1180s)
2026-04-04 09:28:05,198 -   [Inner 16.9] cost=701.00 no_imp=16/20 (còn 1180s)
2026-04-04 09:28:05,319 -   [Inner 16.10] cost=701.00 no_imp=18/20 (còn 1180s)
2026-04-04 09:28:05,440 -   [Outer 16] Chạy Pairwise MaxSAT...
2026-04-04 09:28:05,440 -   [Outer] Không cải thiện (streak=15)
2026-04-04 09:28:05,440 - === OUTER 17 | cost=701.00 no_imp_streak=15 (còn 1180s) ===
2026-04-04 09:28:05,441 -   [Inner 17.1] cost=701.00 no_imp=0/20 (còn 1180s)
2026-04-04 09:28:05,562 -   [Inner 17.2] cost=701.00 no_imp=2/20 (còn 1180s)
2026-04-04 09:28:05,683 -   [Inner 17.3] cost=701.00 no_imp=4/20 (còn 1180s)
2026-04-04 09:28:05,804 -   [Inner 17.4] cost=701.00 no_imp=6/20 (còn 1179s)
2026-04-04 09:28:05,926 -   [Inner 17.5] cost=701.00 no_imp=8/20 (còn 1179s)
2026-04-04 09:28:06,049 -   [Inner 17.6] cost=701.00 no_imp=10/20 (còn 1179s)
2026-04-04 09:28:06,170 -   [Inner 17.7] cost=701.00 no_imp=12/20 (còn 1179s)
2026-04-04 09:28:06,292 -   [Inner 17.8] cost=701.00 no_imp=14/20 (còn 1179s)
2026-04-04 09:28:06,413 -   [Inner 17.9] cost=701.00 no_imp=16/20 (còn 1179s)
2026-04-04 09:28:06,535 -   [Inner 17.10] cost=701.00 no_imp=18/20 (còn 1179s)
2026-04-04 09:28:06,660 -   [Outer 17] Chạy Pairwise MaxSAT...
2026-04-04 09:28:06,660 -   [Outer] Không cải thiện (streak=16)
2026-04-04 09:28:06,660 - === OUTER 18 | cost=701.00 no_imp_streak=16 (còn 1179s) ===
2026-04-04 09:28:06,660 -   [Inner 18.1] cost=701.00 no_imp=0/20 (còn 1179s)
2026-04-04 09:28:06,783 -   [Inner 18.2] cost=701.00 no_imp=2/20 (còn 1178s)
2026-04-04 09:28:06,904 -   [Inner 18.3] cost=701.00 no_imp=4/20 (còn 1178s)
2026-04-04 09:28:07,024 -   [Inner 18.4] cost=701.00 no_imp=6/20 (còn 1178s)
2026-04-04 09:28:07,147 -   [Inner 18.5] cost=701.00 no_imp=8/20 (còn 1178s)
2026-04-04 09:28:07,267 -   [Inner 18.6] cost=701.00 no_imp=10/20 (còn 1178s)
2026-04-04 09:28:07,389 -   [Inner 18.7] cost=701.00 no_imp=12/20 (còn 1178s)
2026-04-04 09:28:07,510 -   [Inner 18.8] cost=701.00 no_imp=14/20 (còn 1178s)
2026-04-04 09:28:07,631 -   [Inner 18.9] cost=701.00 no_imp=16/20 (còn 1178s)
2026-04-04 09:28:07,752 -   [Inner 18.10] cost=701.00 no_imp=18/20 (còn 1177s)
2026-04-04 09:28:07,873 -   [Outer 18] Chạy Pairwise MaxSAT...
2026-04-04 09:28:07,874 -   [Outer] Không cải thiện (streak=17)
2026-04-04 09:28:07,874 - === OUTER 19 | cost=701.00 no_imp_streak=17 (còn 1177s) ===
2026-04-04 09:28:07,874 -   [Inner 19.1] cost=701.00 no_imp=0/20 (còn 1177s)
2026-04-04 09:28:07,994 -   [Inner 19.2] cost=701.00 no_imp=2/20 (còn 1177s)
2026-04-04 09:28:08,117 -   [Inner 19.3] cost=701.00 no_imp=4/20 (còn 1177s)
2026-04-04 09:28:08,238 -   [Inner 19.4] cost=701.00 no_imp=6/20 (còn 1177s)
2026-04-04 09:28:08,360 -   [Inner 19.5] cost=701.00 no_imp=8/20 (còn 1177s)
2026-04-04 09:28:08,482 -   [Inner 19.6] cost=701.00 no_imp=10/20 (còn 1177s)
2026-04-04 09:28:08,602 -   [Inner 19.7] cost=701.00 no_imp=12/20 (còn 1177s)
2026-04-04 09:28:08,728 -   [Inner 19.8] cost=701.00 no_imp=14/20 (còn 1176s)
2026-04-04 09:28:08,849 -   [Inner 19.9] cost=701.00 no_imp=16/20 (còn 1176s)
2026-04-04 09:28:08,971 -   [Inner 19.10] cost=701.00 no_imp=18/20 (còn 1176s)
2026-04-04 09:28:09,093 -   [Outer 19] Chạy Pairwise MaxSAT...
2026-04-04 09:28:09,093 -   [Outer] Không cải thiện (streak=18)
2026-04-04 09:28:09,094 - === OUTER 20 | cost=701.00 no_imp_streak=18 (còn 1176s) ===
2026-04-04 09:28:09,094 -   [Inner 20.1] cost=701.00 no_imp=0/20 (còn 1176s)
2026-04-04 09:28:09,215 -   [Inner 20.2] cost=701.00 no_imp=2/20 (còn 1176s)
2026-04-04 09:28:09,337 -   [Inner 20.3] cost=701.00 no_imp=4/20 (còn 1176s)
2026-04-04 09:28:09,457 -   [Inner 20.4] cost=701.00 no_imp=6/20 (còn 1176s)
2026-04-04 09:28:09,579 -   [Inner 20.5] cost=701.00 no_imp=8/20 (còn 1176s)
2026-04-04 09:28:09,699 -   [Inner 20.6] cost=701.00 no_imp=10/20 (còn 1176s)
2026-04-04 09:28:09,821 -   [Inner 20.7] cost=701.00 no_imp=12/20 (còn 1175s)
2026-04-04 09:28:09,991 -   [Inner 20.8] cost=701.00 no_imp=14/20 (còn 1175s)
2026-04-04 09:28:10,112 -   [Inner 20.9] cost=701.00 no_imp=16/20 (còn 1175s)
2026-04-04 09:28:10,234 -   [Inner 20.10] cost=701.00 no_imp=18/20 (còn 1175s)
2026-04-04 09:28:10,356 -   [Outer 20] Chạy Pairwise MaxSAT...
2026-04-04 09:28:10,356 -   [Outer] Không cải thiện (streak=19)
2026-04-04 09:28:10,356 - === OUTER 21 | cost=701.00 no_imp_streak=19 (còn 1175s) ===
2026-04-04 09:28:10,356 -   [Inner 21.1] cost=701.00 no_imp=0/20 (còn 1175s)
2026-04-04 09:28:10,476 -   [Inner 21.2] cost=701.00 no_imp=2/20 (còn 1175s)
2026-04-04 09:28:10,597 -   [Inner 21.3] cost=701.00 no_imp=4/20 (còn 1175s)
2026-04-04 09:28:10,721 -   [Inner 21.4] cost=701.00 no_imp=6/20 (còn 1174s)
2026-04-04 09:28:10,844 -   [Inner 21.5] cost=701.00 no_imp=8/20 (còn 1174s)
2026-04-04 09:28:10,966 -   [Inner 21.6] cost=701.00 no_imp=10/20 (còn 1174s)
2026-04-04 09:28:11,087 -   [Inner 21.7] cost=701.00 no_imp=12/20 (còn 1174s)
2026-04-04 09:28:11,208 -   [Inner 21.8] cost=701.00 no_imp=14/20 (còn 1174s)
2026-04-04 09:28:11,329 -   [Inner 21.9] cost=701.00 no_imp=16/20 (còn 1174s)
2026-04-04 09:28:11,452 -   [Inner 21.10] cost=701.00 no_imp=18/20 (còn 1174s)
2026-04-04 09:28:11,573 -   [Outer 21] Chạy Pairwise MaxSAT...
2026-04-04 09:28:11,574 -   [Outer] Không cải thiện (streak=20)
2026-04-04 09:28:11,574 - === OUTER 22 | cost=701.00 no_imp_streak=20 (còn 1174s) ===
2026-04-04 09:28:11,574 -   [Inner 22.1] cost=701.00 no_imp=0/20 (còn 1174s)
2026-04-04 09:28:11,694 -   [Inner 22.2] cost=701.00 no_imp=2/20 (còn 1174s)
2026-04-04 09:28:11,815 -   [Inner 22.3] cost=701.00 no_imp=4/20 (còn 1173s)
2026-04-04 09:28:11,936 -   [Inner 22.4] cost=701.00 no_imp=6/20 (còn 1173s)
2026-04-04 09:28:12,057 -   [Inner 22.5] cost=701.00 no_imp=8/20 (còn 1173s)
2026-04-04 09:28:12,178 -   [Inner 22.6] cost=701.00 no_imp=10/20 (còn 1173s)
2026-04-04 09:28:12,299 -   [Inner 22.7] cost=701.00 no_imp=12/20 (còn 1173s)
2026-04-04 09:28:12,420 -   [Inner 22.8] cost=701.00 no_imp=14/20 (còn 1173s)
2026-04-04 09:28:12,541 -   [Inner 22.9] cost=701.00 no_imp=16/20 (còn 1173s)
2026-04-04 09:28:12,664 -   [Inner 22.10] cost=701.00 no_imp=18/20 (còn 1173s)
2026-04-04 09:28:12,788 -   [Outer 22] Chạy Pairwise MaxSAT...
2026-04-04 09:28:12,788 -   [Outer] Không cải thiện (streak=21)
2026-04-04 09:28:12,788 - === OUTER 23 | cost=701.00 no_imp_streak=21 (còn 1172s) ===
2026-04-04 09:28:12,789 -   [Inner 23.1] cost=701.00 no_imp=0/20 (còn 1172s)
2026-04-04 09:28:12,908 -   [Inner 23.2] cost=701.00 no_imp=2/20 (còn 1172s)
2026-04-04 09:28:13,028 -   [Inner 23.3] cost=701.00 no_imp=4/20 (còn 1172s)
2026-04-04 09:28:13,150 -   [Inner 23.4] cost=701.00 no_imp=6/20 (còn 1172s)
2026-04-04 09:28:13,271 -   [Inner 23.5] cost=701.00 no_imp=8/20 (còn 1172s)
2026-04-04 09:28:13,392 -   [Inner 23.6] cost=701.00 no_imp=10/20 (còn 1172s)
2026-04-04 09:28:13,514 -   [Inner 23.7] cost=701.00 no_imp=12/20 (còn 1172s)
2026-04-04 09:28:13,634 -   [Inner 23.8] cost=701.00 no_imp=14/20 (còn 1172s)
2026-04-04 09:28:13,755 -   [Inner 23.9] cost=701.00 no_imp=16/20 (còn 1171s)
2026-04-04 09:28:13,877 -   [Inner 23.10] cost=701.00 no_imp=18/20 (còn 1171s)
2026-04-04 09:28:13,997 -   [Outer 23] Chạy Pairwise MaxSAT...
2026-04-04 09:28:13,998 -   [Outer] Không cải thiện (streak=22)
2026-04-04 09:28:13,998 - === OUTER 24 | cost=701.00 no_imp_streak=22 (còn 1171s) ===
2026-04-04 09:28:13,998 -   [Inner 24.1] cost=701.00 no_imp=0/20 (còn 1171s)
2026-04-04 09:28:14,122 -   [Inner 24.2] cost=701.00 no_imp=2/20 (còn 1171s)
2026-04-04 09:28:14,264 -   [Inner 24.3] cost=701.00 no_imp=4/20 (còn 1171s)
2026-04-04 09:28:14,399 -   [Inner 24.4] cost=701.00 no_imp=6/20 (còn 1171s)
2026-04-04 09:28:14,520 -   [Inner 24.5] cost=701.00 no_imp=8/20 (còn 1171s)
2026-04-04 09:28:14,641 -   [Inner 24.6] cost=701.00 no_imp=10/20 (còn 1171s)
2026-04-04 09:28:14,766 -   [Inner 24.7] cost=701.00 no_imp=12/20 (còn 1170s)
2026-04-04 09:28:14,888 -   [Inner 24.8] cost=701.00 no_imp=14/20 (còn 1170s)
2026-04-04 09:28:15,009 -   [Inner 24.9] cost=701.00 no_imp=16/20 (còn 1170s)
2026-04-04 09:28:15,130 -   [Inner 24.10] cost=701.00 no_imp=18/20 (còn 1170s)
2026-04-04 09:28:15,252 -   [Outer 24] Chạy Pairwise MaxSAT...
2026-04-04 09:28:15,252 -   [Outer] Không cải thiện (streak=23)
2026-04-04 09:28:15,252 - === OUTER 25 | cost=701.00 no_imp_streak=23 (còn 1170s) ===
2026-04-04 09:28:15,252 -   [Inner 25.1] cost=701.00 no_imp=0/20 (còn 1170s)
2026-04-04 09:28:15,373 -   [Inner 25.2] cost=701.00 no_imp=2/20 (còn 1170s)
2026-04-04 09:28:15,495 -   [Inner 25.3] cost=701.00 no_imp=4/20 (còn 1170s)
2026-04-04 09:28:15,618 -   [Inner 25.4] cost=701.00 no_imp=6/20 (còn 1170s)
2026-04-04 09:28:15,740 -   [Inner 25.5] cost=701.00 no_imp=8/20 (còn 1169s)
2026-04-04 09:28:15,861 -   [Inner 25.6] cost=701.00 no_imp=10/20 (còn 1169s)
2026-04-04 09:28:15,982 -   [Inner 25.7] cost=701.00 no_imp=12/20 (còn 1169s)
2026-04-04 09:28:16,104 -   [Inner 25.8] cost=701.00 no_imp=14/20 (còn 1169s)
2026-04-04 09:28:16,226 -   [Inner 25.9] cost=701.00 no_imp=16/20 (còn 1169s)
2026-04-04 09:28:16,346 -   [Inner 25.10] cost=701.00 no_imp=18/20 (còn 1169s)
2026-04-04 09:28:16,467 -   [Outer 25] Chạy Pairwise MaxSAT...
2026-04-04 09:28:16,468 -   [Outer] Không cải thiện (streak=24)
2026-04-04 09:28:16,468 - === OUTER 26 | cost=701.00 no_imp_streak=24 (còn 1169s) ===
2026-04-04 09:28:16,468 -   [Inner 26.1] cost=701.00 no_imp=0/20 (còn 1169s)
2026-04-04 09:28:16,590 -   [Inner 26.2] cost=701.00 no_imp=2/20 (còn 1169s)
2026-04-04 09:28:16,712 -   [Inner 26.3] cost=701.00 no_imp=4/20 (còn 1168s)
2026-04-04 09:28:16,837 -   [Inner 26.4] cost=701.00 no_imp=6/20 (còn 1168s)
2026-04-04 09:28:16,960 -   [Inner 26.5] cost=701.00 no_imp=8/20 (còn 1168s)
2026-04-04 09:28:17,080 -   [Inner 26.6] cost=701.00 no_imp=10/20 (còn 1168s)
2026-04-04 09:28:17,202 -   [Inner 26.7] cost=701.00 no_imp=12/20 (còn 1168s)
2026-04-04 09:28:17,324 -   [Inner 26.8] cost=701.00 no_imp=14/20 (còn 1168s)
2026-04-04 09:28:17,445 -   [Inner 26.9] cost=701.00 no_imp=16/20 (còn 1168s)
2026-04-04 09:28:17,567 -   [Inner 26.10] cost=701.00 no_imp=18/20 (còn 1168s)
2026-04-04 09:28:17,688 -   [Outer 26] Chạy Pairwise MaxSAT...
2026-04-04 09:28:17,689 -   [Outer] Không cải thiện (streak=25)
2026-04-04 09:28:17,689 - === OUTER 27 | cost=701.00 no_imp_streak=25 (còn 1168s) ===
2026-04-04 09:28:17,689 -   [Inner 27.1] cost=701.00 no_imp=0/20 (còn 1168s)
2026-04-04 09:28:17,810 -   [Inner 27.2] cost=701.00 no_imp=2/20 (còn 1167s)
2026-04-04 09:28:17,932 -   [Inner 27.3] cost=701.00 no_imp=4/20 (còn 1167s)
2026-04-04 09:28:18,052 -   [Inner 27.4] cost=701.00 no_imp=6/20 (còn 1167s)
2026-04-04 09:28:18,174 -   [Inner 27.5] cost=701.00 no_imp=8/20 (còn 1167s)
2026-04-04 09:28:18,296 -   [Inner 27.6] cost=701.00 no_imp=10/20 (còn 1167s)
2026-04-04 09:28:18,417 -   [Inner 27.7] cost=701.00 no_imp=12/20 (còn 1167s)
2026-04-04 09:28:18,542 -   [Inner 27.8] cost=701.00 no_imp=14/20 (còn 1167s)
2026-04-04 09:28:18,670 -   [Inner 27.9] cost=701.00 no_imp=16/20 (còn 1167s)
2026-04-04 09:28:18,791 -   [Inner 27.10] cost=701.00 no_imp=18/20 (còn 1166s)
2026-04-04 09:28:18,913 -   [Outer 27] Chạy Pairwise MaxSAT...
2026-04-04 09:28:18,914 -   [Outer] Không cải thiện (streak=26)
2026-04-04 09:28:18,914 - === OUTER 28 | cost=701.00 no_imp_streak=26 (còn 1166s) ===
2026-04-04 09:28:18,914 -   [Inner 28.1] cost=701.00 no_imp=0/20 (còn 1166s)
2026-04-04 09:28:19,036 -   [Inner 28.2] cost=701.00 no_imp=2/20 (còn 1166s)
2026-04-04 09:28:19,157 -   [Inner 28.3] cost=701.00 no_imp=4/20 (còn 1166s)
2026-04-04 09:28:19,278 -   [Inner 28.4] cost=701.00 no_imp=6/20 (còn 1166s)
2026-04-04 09:28:19,399 -   [Inner 28.5] cost=701.00 no_imp=8/20 (còn 1166s)
2026-04-04 09:28:19,520 -   [Inner 28.6] cost=701.00 no_imp=10/20 (còn 1166s)
2026-04-04 09:28:19,641 -   [Inner 28.7] cost=701.00 no_imp=12/20 (còn 1166s)
2026-04-04 09:28:19,764 -   [Inner 28.8] cost=701.00 no_imp=14/20 (còn 1165s)
2026-04-04 09:28:19,885 -   [Inner 28.9] cost=701.00 no_imp=16/20 (còn 1165s)
2026-04-04 09:28:20,007 -   [Inner 28.10] cost=701.00 no_imp=18/20 (còn 1165s)
2026-04-04 09:28:20,130 -   [Outer 28] Chạy Pairwise MaxSAT...
2026-04-04 09:28:20,130 -   [Outer] Không cải thiện (streak=27)
2026-04-04 09:28:20,130 - === OUTER 29 | cost=701.00 no_imp_streak=27 (còn 1165s) ===
2026-04-04 09:28:20,130 -   [Inner 29.1] cost=701.00 no_imp=0/20 (còn 1165s)
2026-04-04 09:28:20,254 -   [Inner 29.2] cost=701.00 no_imp=2/20 (còn 1165s)
2026-04-04 09:28:20,377 -   [Inner 29.3] cost=701.00 no_imp=4/20 (còn 1165s)
2026-04-04 09:28:20,498 -   [Inner 29.4] cost=701.00 no_imp=6/20 (còn 1165s)
2026-04-04 09:28:20,620 -   [Inner 29.5] cost=701.00 no_imp=8/20 (còn 1165s)
2026-04-04 09:28:20,743 -   [Inner 29.6] cost=701.00 no_imp=10/20 (còn 1164s)
2026-04-04 09:28:20,868 -   [Inner 29.7] cost=701.00 no_imp=12/20 (còn 1164s)
2026-04-04 09:28:20,990 -   [Inner 29.8] cost=701.00 no_imp=14/20 (còn 1164s)
2026-04-04 09:28:21,111 -   [Inner 29.9] cost=701.00 no_imp=16/20 (còn 1164s)
2026-04-04 09:28:21,233 -   [Inner 29.10] cost=701.00 no_imp=18/20 (còn 1164s)
2026-04-04 09:28:21,353 -   [Outer 29] Chạy Pairwise MaxSAT...
2026-04-04 09:28:21,353 -   [Outer] Không cải thiện (streak=28)
2026-04-04 09:28:21,354 - === OUTER 30 | cost=701.00 no_imp_streak=28 (còn 1164s) ===
2026-04-04 09:28:21,354 -   [Inner 30.1] cost=701.00 no_imp=0/20 (còn 1164s)
2026-04-04 09:28:21,475 -   [Inner 30.2] cost=701.00 no_imp=2/20 (còn 1164s)
2026-04-04 09:28:21,596 -   [Inner 30.3] cost=701.00 no_imp=4/20 (còn 1164s)
2026-04-04 09:28:21,718 -   [Inner 30.4] cost=701.00 no_imp=6/20 (còn 1163s)
2026-04-04 09:28:21,841 -   [Inner 30.5] cost=701.00 no_imp=8/20 (còn 1163s)
2026-04-04 09:28:21,961 -   [Inner 30.6] cost=701.00 no_imp=10/20 (còn 1163s)
2026-04-04 09:28:22,083 -   [Inner 30.7] cost=701.00 no_imp=12/20 (còn 1163s)
2026-04-04 09:28:22,205 -   [Inner 30.8] cost=701.00 no_imp=14/20 (còn 1163s)
2026-04-04 09:28:22,326 -   [Inner 30.9] cost=701.00 no_imp=16/20 (còn 1163s)
2026-04-04 09:28:22,445 -   [Inner 30.10] cost=701.00 no_imp=18/20 (còn 1163s)
2026-04-04 09:28:22,566 -   [Outer 30] Chạy Pairwise MaxSAT...
2026-04-04 09:28:22,567 -   [Outer] Không cải thiện (streak=29)
2026-04-04 09:28:22,567 - === OUTER 31 | cost=701.00 no_imp_streak=29 (còn 1163s) ===
2026-04-04 09:28:22,567 -   [Inner 31.1] cost=701.00 no_imp=0/20 (còn 1163s)
2026-04-04 09:28:22,690 -   [Inner 31.2] cost=701.00 no_imp=2/20 (còn 1163s)
2026-04-04 09:28:22,813 -   [Inner 31.3] cost=701.00 no_imp=4/20 (còn 1162s)
2026-04-04 09:28:22,937 -   [Inner 31.4] cost=701.00 no_imp=6/20 (còn 1162s)
2026-04-04 09:28:23,060 -   [Inner 31.5] cost=701.00 no_imp=8/20 (còn 1162s)
2026-04-04 09:28:23,182 -   [Inner 31.6] cost=701.00 no_imp=10/20 (còn 1162s)
2026-04-04 09:28:23,302 -   [Inner 31.7] cost=701.00 no_imp=12/20 (còn 1162s)
2026-04-04 09:28:23,425 -   [Inner 31.8] cost=701.00 no_imp=14/20 (còn 1162s)
2026-04-04 09:28:23,547 -   [Inner 31.9] cost=701.00 no_imp=16/20 (còn 1162s)
2026-04-04 09:28:23,670 -   [Inner 31.10] cost=701.00 no_imp=18/20 (còn 1162s)
2026-04-04 09:28:23,791 -   [Outer 31] Chạy Pairwise MaxSAT...
2026-04-04 09:28:23,792 -   [Outer] Không cải thiện (streak=30)
2026-04-04 09:28:23,792 - === OUTER 32 | cost=701.00 no_imp_streak=30 (còn 1161s) ===
2026-04-04 09:28:23,792 -   [Inner 32.1] cost=701.00 no_imp=0/20 (còn 1161s)
2026-04-04 09:28:23,914 -   [Inner 32.2] cost=701.00 no_imp=2/20 (còn 1161s)
2026-04-04 09:28:24,036 -   [Inner 32.3] cost=701.00 no_imp=4/20 (còn 1161s)
2026-04-04 09:28:24,158 -   [Inner 32.4] cost=701.00 no_imp=6/20 (còn 1161s)
2026-04-04 09:28:24,280 -   [Inner 32.5] cost=701.00 no_imp=8/20 (còn 1161s)
2026-04-04 09:28:24,401 -   [Inner 32.6] cost=701.00 no_imp=10/20 (còn 1161s)
2026-04-04 09:28:24,521 -   [Inner 32.7] cost=701.00 no_imp=12/20 (còn 1161s)
2026-04-04 09:28:24,643 -   [Inner 32.8] cost=701.00 no_imp=14/20 (còn 1161s)
2026-04-04 09:28:24,763 -   [Inner 32.9] cost=701.00 no_imp=16/20 (còn 1160s)
2026-04-04 09:28:24,885 -   [Inner 32.10] cost=701.00 no_imp=18/20 (còn 1160s)
2026-04-04 09:28:25,007 -   [Outer 32] Chạy Pairwise MaxSAT...
2026-04-04 09:28:25,008 -   [Outer] Không cải thiện (streak=31)
2026-04-04 09:28:25,008 - === OUTER 33 | cost=701.00 no_imp_streak=31 (còn 1160s) ===
2026-04-04 09:28:25,008 -   [Inner 33.1] cost=701.00 no_imp=0/20 (còn 1160s)
2026-04-04 09:28:25,129 -   [Inner 33.2] cost=701.00 no_imp=2/20 (còn 1160s)
2026-04-04 09:28:25,249 -   [Inner 33.3] cost=701.00 no_imp=4/20 (còn 1160s)
2026-04-04 09:28:25,370 -   [Inner 33.4] cost=701.00 no_imp=6/20 (còn 1160s)
2026-04-04 09:28:25,492 -   [Inner 33.5] cost=701.00 no_imp=8/20 (còn 1160s)
2026-04-04 09:28:25,619 -   [Inner 33.6] cost=701.00 no_imp=10/20 (còn 1160s)
2026-04-04 09:28:25,745 -   [Inner 33.7] cost=701.00 no_imp=12/20 (còn 1159s)
2026-04-04 09:28:25,867 -   [Inner 33.8] cost=701.00 no_imp=14/20 (còn 1159s)
2026-04-04 09:28:25,987 -   [Inner 33.9] cost=701.00 no_imp=16/20 (còn 1159s)
2026-04-04 09:28:26,107 -   [Inner 33.10] cost=701.00 no_imp=18/20 (còn 1159s)
2026-04-04 09:28:26,229 -   [Outer 33] Chạy Pairwise MaxSAT...
2026-04-04 09:28:26,229 -   [Outer] Không cải thiện (streak=32)
2026-04-04 09:28:26,229 - === OUTER 34 | cost=701.00 no_imp_streak=32 (còn 1159s) ===
2026-04-04 09:28:26,229 -   [Inner 34.1] cost=701.00 no_imp=0/20 (còn 1159s)
2026-04-04 09:28:26,352 -   [Inner 34.2] cost=701.00 no_imp=2/20 (còn 1159s)
2026-04-04 09:28:26,472 -   [Inner 34.3] cost=701.00 no_imp=4/20 (còn 1159s)
2026-04-04 09:28:26,593 -   [Inner 34.4] cost=701.00 no_imp=6/20 (còn 1159s)
2026-04-04 09:28:26,716 -   [Inner 34.5] cost=701.00 no_imp=8/20 (còn 1158s)
2026-04-04 09:28:26,836 -   [Inner 34.6] cost=701.00 no_imp=10/20 (còn 1158s)
2026-04-04 09:28:26,961 -   [Inner 34.7] cost=701.00 no_imp=12/20 (còn 1158s)
2026-04-04 09:28:27,084 -   [Inner 34.8] cost=701.00 no_imp=14/20 (còn 1158s)
2026-04-04 09:28:27,205 -   [Inner 34.9] cost=701.00 no_imp=16/20 (còn 1158s)
2026-04-04 09:28:27,328 -   [Inner 34.10] cost=701.00 no_imp=18/20 (còn 1158s)
2026-04-04 09:28:27,448 -   [Outer 34] Chạy Pairwise MaxSAT...
2026-04-04 09:28:27,448 -   [Outer] Không cải thiện (streak=33)
2026-04-04 09:28:27,449 - === OUTER 35 | cost=701.00 no_imp_streak=33 (còn 1158s) ===
2026-04-04 09:28:27,449 -   [Inner 35.1] cost=701.00 no_imp=0/20 (còn 1158s)
2026-04-04 09:28:27,571 -   [Inner 35.2] cost=701.00 no_imp=2/20 (còn 1158s)
2026-04-04 09:28:27,693 -   [Inner 35.3] cost=701.00 no_imp=4/20 (còn 1158s)
2026-04-04 09:28:27,814 -   [Inner 35.4] cost=701.00 no_imp=6/20 (còn 1157s)
2026-04-04 09:28:27,934 -   [Inner 35.5] cost=701.00 no_imp=8/20 (còn 1157s)
2026-04-04 09:28:28,056 -   [Inner 35.6] cost=701.00 no_imp=10/20 (còn 1157s)
2026-04-04 09:28:28,180 -   [Inner 35.7] cost=701.00 no_imp=12/20 (còn 1157s)
2026-04-04 09:28:28,303 -   [Inner 35.8] cost=701.00 no_imp=14/20 (còn 1157s)
2026-04-04 09:28:28,424 -   [Inner 35.9] cost=701.00 no_imp=16/20 (còn 1157s)
2026-04-04 09:28:28,546 -   [Inner 35.10] cost=701.00 no_imp=18/20 (còn 1157s)
2026-04-04 09:28:28,667 -   [Outer 35] Chạy Pairwise MaxSAT...
2026-04-04 09:28:28,667 -   [Outer] Không cải thiện (streak=34)
2026-04-04 09:28:28,667 - === OUTER 36 | cost=701.00 no_imp_streak=34 (còn 1157s) ===
2026-04-04 09:28:28,667 -   [Inner 36.1] cost=701.00 no_imp=0/20 (còn 1157s)
2026-04-04 09:28:28,791 -   [Inner 36.2] cost=701.00 no_imp=2/20 (còn 1156s)
2026-04-04 09:28:28,913 -   [Inner 36.3] cost=701.00 no_imp=4/20 (còn 1156s)
2026-04-04 09:28:29,038 -   [Inner 36.4] cost=701.00 no_imp=6/20 (còn 1156s)
2026-04-04 09:28:29,159 -   [Inner 36.5] cost=701.00 no_imp=8/20 (còn 1156s)
2026-04-04 09:28:29,282 -   [Inner 36.6] cost=701.00 no_imp=10/20 (còn 1156s)
2026-04-04 09:28:29,404 -   [Inner 36.7] cost=701.00 no_imp=12/20 (còn 1156s)
2026-04-04 09:28:29,528 -   [Inner 36.8] cost=701.00 no_imp=14/20 (còn 1156s)
2026-04-04 09:28:29,649 -   [Inner 36.9] cost=701.00 no_imp=16/20 (còn 1156s)
2026-04-04 09:28:29,771 -   [Inner 36.10] cost=701.00 no_imp=18/20 (còn 1155s)
2026-04-04 09:28:29,893 -   [Outer 36] Chạy Pairwise MaxSAT...
2026-04-04 09:28:29,894 -   [Outer] Không cải thiện (streak=35)
2026-04-04 09:28:29,894 - === OUTER 37 | cost=701.00 no_imp_streak=35 (còn 1155s) ===
2026-04-04 09:28:29,894 -   [Inner 37.1] cost=701.00 no_imp=0/20 (còn 1155s)
2026-04-04 09:28:30,016 -   [Inner 37.2] cost=701.00 no_imp=2/20 (còn 1155s)
2026-04-04 09:28:30,138 -   [Inner 37.3] cost=701.00 no_imp=4/20 (còn 1155s)
2026-04-04 09:28:30,259 -   [Inner 37.4] cost=701.00 no_imp=6/20 (còn 1155s)
2026-04-04 09:28:30,379 -   [Inner 37.5] cost=701.00 no_imp=8/20 (còn 1155s)
2026-04-04 09:28:30,500 -   [Inner 37.6] cost=701.00 no_imp=10/20 (còn 1155s)
2026-04-04 09:28:30,623 -   [Inner 37.7] cost=701.00 no_imp=12/20 (còn 1155s)
2026-04-04 09:28:30,744 -   [Inner 37.8] cost=701.00 no_imp=14/20 (còn 1154s)
2026-04-04 09:28:30,867 -   [Inner 37.9] cost=701.00 no_imp=16/20 (còn 1154s)
2026-04-04 09:28:30,991 -   [Inner 37.10] cost=701.00 no_imp=18/20 (còn 1154s)
2026-04-04 09:28:31,114 -   [Outer 37] Chạy Pairwise MaxSAT...
2026-04-04 09:28:31,114 -   [Outer] Không cải thiện (streak=36)
2026-04-04 09:28:31,114 - === OUTER 38 | cost=701.00 no_imp_streak=36 (còn 1154s) ===
2026-04-04 09:28:31,114 -   [Inner 38.1] cost=701.00 no_imp=0/20 (còn 1154s)
2026-04-04 09:28:31,236 -   [Inner 38.2] cost=701.00 no_imp=2/20 (còn 1154s)
2026-04-04 09:28:31,357 -   [Inner 38.3] cost=701.00 no_imp=4/20 (còn 1154s)
2026-04-04 09:28:31,478 -   [Inner 38.4] cost=701.00 no_imp=6/20 (còn 1154s)
2026-04-04 09:28:31,608 -   [Inner 38.5] cost=701.00 no_imp=8/20 (còn 1154s)
2026-04-04 09:28:31,730 -   [Inner 38.6] cost=701.00 no_imp=10/20 (còn 1153s)
2026-04-04 09:28:31,854 -   [Inner 38.7] cost=701.00 no_imp=12/20 (còn 1153s)
2026-04-04 09:28:31,974 -   [Inner 38.8] cost=701.00 no_imp=14/20 (còn 1153s)
2026-04-04 09:28:32,096 -   [Inner 38.9] cost=701.00 no_imp=16/20 (còn 1153s)
2026-04-04 09:28:32,219 -   [Inner 38.10] cost=701.00 no_imp=18/20 (còn 1153s)
2026-04-04 09:28:32,341 -   [Outer 38] Chạy Pairwise MaxSAT...
2026-04-04 09:28:32,341 -   [Outer] Không cải thiện (streak=37)
2026-04-04 09:28:32,341 - === OUTER 39 | cost=701.00 no_imp_streak=37 (còn 1153s) ===
2026-04-04 09:28:32,341 -   [Inner 39.1] cost=701.00 no_imp=0/20 (còn 1153s)
2026-04-04 09:28:32,462 -   [Inner 39.2] cost=701.00 no_imp=2/20 (còn 1153s)
2026-04-04 09:28:32,583 -   [Inner 39.3] cost=701.00 no_imp=4/20 (còn 1153s)
2026-04-04 09:28:32,705 -   [Inner 39.4] cost=701.00 no_imp=6/20 (còn 1153s)
2026-04-04 09:28:32,828 -   [Inner 39.5] cost=701.00 no_imp=8/20 (còn 1152s)
2026-04-04 09:28:32,951 -   [Inner 39.6] cost=701.00 no_imp=10/20 (còn 1152s)
2026-04-04 09:28:33,077 -   [Inner 39.7] cost=701.00 no_imp=12/20 (còn 1152s)
2026-04-04 09:28:33,198 -   [Inner 39.8] cost=701.00 no_imp=14/20 (còn 1152s)
2026-04-04 09:28:33,321 -   [Inner 39.9] cost=701.00 no_imp=16/20 (còn 1152s)
2026-04-04 09:28:33,479 -   [Inner 39.10] cost=701.00 no_imp=18/20 (còn 1152s)
2026-04-04 09:28:33,601 -   [Outer 39] Chạy Pairwise MaxSAT...
2026-04-04 09:28:33,602 -   [Outer] Không cải thiện (streak=38)
2026-04-04 09:28:33,602 - === OUTER 40 | cost=701.00 no_imp_streak=38 (còn 1152s) ===
2026-04-04 09:28:33,602 -   [Inner 40.1] cost=701.00 no_imp=0/20 (còn 1152s)
2026-04-04 09:28:33,723 -   [Inner 40.2] cost=701.00 no_imp=2/20 (còn 1151s)
2026-04-04 09:28:33,845 -   [Inner 40.3] cost=701.00 no_imp=4/20 (còn 1151s)
2026-04-04 09:28:33,964 -   [Inner 40.4] cost=701.00 no_imp=6/20 (còn 1151s)
2026-04-04 09:28:34,087 -   [Inner 40.5] cost=701.00 no_imp=8/20 (còn 1151s)
2026-04-04 09:28:34,209 -   [Inner 40.6] cost=701.00 no_imp=10/20 (còn 1151s)
2026-04-04 09:28:34,330 -   [Inner 40.7] cost=701.00 no_imp=12/20 (còn 1151s)
2026-04-04 09:28:34,450 -   [Inner 40.8] cost=701.00 no_imp=14/20 (còn 1151s)
2026-04-04 09:28:34,572 -   [Inner 40.9] cost=701.00 no_imp=16/20 (còn 1151s)
2026-04-04 09:28:34,694 -   [Inner 40.10] cost=701.00 no_imp=18/20 (còn 1151s)
2026-04-04 09:28:34,816 -   [Outer 40] Chạy Pairwise MaxSAT...
2026-04-04 09:28:34,817 -   [Outer] Không cải thiện (streak=39)
2026-04-04 09:28:34,817 - === OUTER 41 | cost=701.00 no_imp_streak=39 (còn 1150s) ===
2026-04-04 09:28:34,817 -   [Inner 41.1] cost=701.00 no_imp=0/20 (còn 1150s)
2026-04-04 09:28:34,939 -   [Inner 41.2] cost=701.00 no_imp=2/20 (còn 1150s)
2026-04-04 09:28:35,067 -   [Inner 41.3] cost=701.00 no_imp=4/20 (còn 1150s)
2026-04-04 09:28:35,188 -   [Inner 41.4] cost=701.00 no_imp=6/20 (còn 1150s)
2026-04-04 09:28:35,309 -   [Inner 41.5] cost=701.00 no_imp=8/20 (còn 1150s)
2026-04-04 09:28:35,431 -   [Inner 41.6] cost=701.00 no_imp=10/20 (còn 1150s)
2026-04-04 09:28:35,553 -   [Inner 41.7] cost=701.00 no_imp=12/20 (còn 1150s)
2026-04-04 09:28:35,676 -   [Inner 41.8] cost=701.00 no_imp=14/20 (còn 1150s)
2026-04-04 09:28:35,799 -   [Inner 41.9] cost=701.00 no_imp=16/20 (còn 1149s)
2026-04-04 09:28:35,920 -   [Inner 41.10] cost=701.00 no_imp=18/20 (còn 1149s)
2026-04-04 09:28:36,043 -   [Outer 41] Chạy Pairwise MaxSAT...
2026-04-04 09:28:36,043 -   [Outer] Không cải thiện (streak=40)
2026-04-04 09:28:36,044 - === OUTER 42 | cost=701.00 no_imp_streak=40 (còn 1149s) ===
2026-04-04 09:28:36,044 -   [Inner 42.1] cost=701.00 no_imp=0/20 (còn 1149s)
2026-04-04 09:28:36,166 -   [Inner 42.2] cost=701.00 no_imp=2/20 (còn 1149s)
2026-04-04 09:28:36,287 -   [Inner 42.3] cost=701.00 no_imp=4/20 (còn 1149s)
2026-04-04 09:28:36,409 -   [Inner 42.4] cost=701.00 no_imp=6/20 (còn 1149s)
2026-04-04 09:28:36,530 -   [Inner 42.5] cost=701.00 no_imp=8/20 (còn 1149s)
2026-04-04 09:28:36,654 -   [Inner 42.6] cost=701.00 no_imp=10/20 (còn 1149s)
2026-04-04 09:28:36,776 -   [Inner 42.7] cost=701.00 no_imp=12/20 (còn 1148s)
2026-04-04 09:28:36,900 -   [Inner 42.8] cost=701.00 no_imp=14/20 (còn 1148s)
2026-04-04 09:28:37,022 -   [Inner 42.9] cost=701.00 no_imp=16/20 (còn 1148s)
2026-04-04 09:28:37,148 -   [Inner 42.10] cost=701.00 no_imp=18/20 (còn 1148s)
2026-04-04 09:28:37,270 -   [Outer 42] Chạy Pairwise MaxSAT...
2026-04-04 09:28:37,270 -   [Outer] Không cải thiện (streak=41)
2026-04-04 09:28:37,270 - === OUTER 43 | cost=701.00 no_imp_streak=41 (còn 1148s) ===
2026-04-04 09:28:37,270 -   [Inner 43.1] cost=701.00 no_imp=0/20 (còn 1148s)
2026-04-04 09:28:37,392 -   [Inner 43.2] cost=701.00 no_imp=2/20 (còn 1148s)
2026-04-04 09:28:37,513 -   [Inner 43.3] cost=701.00 no_imp=4/20 (còn 1148s)
2026-04-04 09:28:37,635 -   [Inner 43.4] cost=701.00 no_imp=6/20 (còn 1148s)
2026-04-04 09:28:37,756 -   [Inner 43.5] cost=701.00 no_imp=8/20 (còn 1147s)
2026-04-04 09:28:37,878 -   [Inner 43.6] cost=701.00 no_imp=10/20 (còn 1147s)
2026-04-04 09:28:37,999 -   [Inner 43.7] cost=701.00 no_imp=12/20 (còn 1147s)
2026-04-04 09:28:38,120 -   [Inner 43.8] cost=701.00 no_imp=14/20 (còn 1147s)
2026-04-04 09:28:38,241 -   [Inner 43.9] cost=701.00 no_imp=16/20 (còn 1147s)
2026-04-04 09:28:38,363 -   [Inner 43.10] cost=701.00 no_imp=18/20 (còn 1147s)
2026-04-04 09:28:38,483 -   [Outer 43] Chạy Pairwise MaxSAT...
2026-04-04 09:28:38,484 -   [Outer] Không cải thiện (streak=42)
2026-04-04 09:28:38,484 - === OUTER 44 | cost=701.00 no_imp_streak=42 (còn 1147s) ===
2026-04-04 09:28:38,484 -   [Inner 44.1] cost=701.00 no_imp=0/20 (còn 1147s)
2026-04-04 09:28:38,607 -   [Inner 44.2] cost=701.00 no_imp=2/20 (còn 1147s)
2026-04-04 09:28:38,729 -   [Inner 44.3] cost=701.00 no_imp=4/20 (còn 1146s)
2026-04-04 09:28:38,850 -   [Inner 44.4] cost=701.00 no_imp=6/20 (còn 1146s)
2026-04-04 09:28:38,972 -   [Inner 44.5] cost=701.00 no_imp=8/20 (còn 1146s)
2026-04-04 09:28:39,096 -   [Inner 44.6] cost=701.00 no_imp=10/20 (còn 1146s)
2026-04-04 09:28:39,217 -   [Inner 44.7] cost=701.00 no_imp=12/20 (còn 1146s)
2026-04-04 09:28:39,338 -   [Inner 44.8] cost=701.00 no_imp=14/20 (còn 1146s)
2026-04-04 09:28:39,459 -   [Inner 44.9] cost=701.00 no_imp=16/20 (còn 1146s)
2026-04-04 09:28:39,582 -   [Inner 44.10] cost=701.00 no_imp=18/20 (còn 1146s)
2026-04-04 09:28:39,705 -   [Outer 44] Chạy Pairwise MaxSAT...
2026-04-04 09:28:39,706 -   [Outer] Không cải thiện (streak=43)
2026-04-04 09:28:39,706 - === OUTER 45 | cost=701.00 no_imp_streak=43 (còn 1146s) ===
2026-04-04 09:28:39,706 -   [Inner 45.1] cost=701.00 no_imp=0/20 (còn 1146s)
2026-04-04 09:28:39,828 -   [Inner 45.2] cost=701.00 no_imp=2/20 (còn 1145s)
2026-04-04 09:28:39,950 -   [Inner 45.3] cost=701.00 no_imp=4/20 (còn 1145s)
2026-04-04 09:28:40,072 -   [Inner 45.4] cost=701.00 no_imp=6/20 (còn 1145s)
2026-04-04 09:28:40,192 -   [Inner 45.5] cost=701.00 no_imp=8/20 (còn 1145s)
2026-04-04 09:28:40,314 -   [Inner 45.6] cost=701.00 no_imp=10/20 (còn 1145s)
2026-04-04 09:28:40,436 -   [Inner 45.7] cost=701.00 no_imp=12/20 (còn 1145s)
2026-04-04 09:28:40,558 -   [Inner 45.8] cost=701.00 no_imp=14/20 (còn 1145s)
2026-04-04 09:28:40,681 -   [Inner 45.9] cost=701.00 no_imp=16/20 (còn 1145s)
2026-04-04 09:28:40,802 -   [Inner 45.10] cost=701.00 no_imp=18/20 (còn 1144s)
2026-04-04 09:28:40,925 -   [Outer 45] Chạy Pairwise MaxSAT...
2026-04-04 09:28:40,925 -   [Outer] Không cải thiện (streak=44)
2026-04-04 09:28:40,925 - === OUTER 46 | cost=701.00 no_imp_streak=44 (còn 1144s) ===
2026-04-04 09:28:40,925 -   [Inner 46.1] cost=701.00 no_imp=0/20 (còn 1144s)
2026-04-04 09:28:41,046 -   [Inner 46.2] cost=701.00 no_imp=2/20 (còn 1144s)
2026-04-04 09:28:41,169 -   [Inner 46.3] cost=701.00 no_imp=4/20 (còn 1144s)
2026-04-04 09:28:41,291 -   [Inner 46.4] cost=701.00 no_imp=6/20 (còn 1144s)
2026-04-04 09:28:41,413 -   [Inner 46.5] cost=701.00 no_imp=8/20 (còn 1144s)
2026-04-04 09:28:41,535 -   [Inner 46.6] cost=701.00 no_imp=10/20 (còn 1144s)
2026-04-04 09:28:41,657 -   [Inner 46.7] cost=701.00 no_imp=12/20 (còn 1144s)
2026-04-04 09:28:41,777 -   [Inner 46.8] cost=701.00 no_imp=14/20 (còn 1143s)
2026-04-04 09:28:41,899 -   [Inner 46.9] cost=701.00 no_imp=16/20 (còn 1143s)
2026-04-04 09:28:42,020 -   [Inner 46.10] cost=701.00 no_imp=18/20 (còn 1143s)
2026-04-04 09:28:42,142 -   [Outer 46] Chạy Pairwise MaxSAT...
2026-04-04 09:28:42,143 -   [Outer] Không cải thiện (streak=45)
2026-04-04 09:28:42,143 - === OUTER 47 | cost=701.00 no_imp_streak=45 (còn 1143s) ===
2026-04-04 09:28:42,143 -   [Inner 47.1] cost=701.00 no_imp=0/20 (còn 1143s)
2026-04-04 09:28:42,264 -   [Inner 47.2] cost=701.00 no_imp=2/20 (còn 1143s)
2026-04-04 09:28:42,385 -   [Inner 47.3] cost=701.00 no_imp=4/20 (còn 1143s)
2026-04-04 09:28:42,506 -   [Inner 47.4] cost=701.00 no_imp=6/20 (còn 1143s)
2026-04-04 09:28:42,629 -   [Inner 47.5] cost=701.00 no_imp=8/20 (còn 1143s)
2026-04-04 09:28:42,750 -   [Inner 47.6] cost=701.00 no_imp=10/20 (còn 1142s)
2026-04-04 09:28:42,871 -   [Inner 47.7] cost=701.00 no_imp=12/20 (còn 1142s)
2026-04-04 09:28:42,991 -   [Inner 47.8] cost=701.00 no_imp=14/20 (còn 1142s)
2026-04-04 09:28:43,113 -   [Inner 47.9] cost=701.00 no_imp=16/20 (còn 1142s)
2026-04-04 09:28:43,237 -   [Inner 47.10] cost=701.00 no_imp=18/20 (còn 1142s)
2026-04-04 09:28:43,358 -   [Outer 47] Chạy Pairwise MaxSAT...
2026-04-04 09:28:43,358 -   [Outer] Không cải thiện (streak=46)
2026-04-04 09:28:43,358 - === OUTER 48 | cost=701.00 no_imp_streak=46 (còn 1142s) ===
2026-04-04 09:28:43,358 -   [Inner 48.1] cost=701.00 no_imp=0/20 (còn 1142s)
2026-04-04 09:28:43,478 -   [Inner 48.2] cost=701.00 no_imp=2/20 (còn 1142s)
2026-04-04 09:28:43,600 -   [Inner 48.3] cost=701.00 no_imp=4/20 (còn 1142s)
2026-04-04 09:28:43,721 -   [Inner 48.4] cost=701.00 no_imp=6/20 (còn 1141s)
2026-04-04 09:28:43,842 -   [Inner 48.5] cost=701.00 no_imp=8/20 (còn 1141s)
2026-04-04 09:28:43,963 -   [Inner 48.6] cost=701.00 no_imp=10/20 (còn 1141s)
2026-04-04 09:28:44,084 -   [Inner 48.7] cost=701.00 no_imp=12/20 (còn 1141s)
2026-04-04 09:28:44,204 -   [Inner 48.8] cost=701.00 no_imp=14/20 (còn 1141s)
2026-04-04 09:28:44,326 -   [Inner 48.9] cost=701.00 no_imp=16/20 (còn 1141s)
2026-04-04 09:28:44,447 -   [Inner 48.10] cost=701.00 no_imp=18/20 (còn 1141s)
2026-04-04 09:28:44,570 -   [Outer 48] Chạy Pairwise MaxSAT...
2026-04-04 09:28:44,571 -   [Outer] Không cải thiện (streak=47)
2026-04-04 09:28:44,571 - === OUTER 49 | cost=701.00 no_imp_streak=47 (còn 1141s) ===
2026-04-04 09:28:44,571 -   [Inner 49.1] cost=701.00 no_imp=0/20 (còn 1141s)
2026-04-04 09:28:44,694 -   [Inner 49.2] cost=701.00 no_imp=2/20 (còn 1141s)
2026-04-04 09:28:44,816 -   [Inner 49.3] cost=701.00 no_imp=4/20 (còn 1140s)
2026-04-04 09:28:44,938 -   [Inner 49.4] cost=701.00 no_imp=6/20 (còn 1140s)
2026-04-04 09:28:45,061 -   [Inner 49.5] cost=701.00 no_imp=8/20 (còn 1140s)
2026-04-04 09:28:45,186 -   [Inner 49.6] cost=701.00 no_imp=10/20 (còn 1140s)
2026-04-04 09:28:45,306 -   [Inner 49.7] cost=701.00 no_imp=12/20 (còn 1140s)
2026-04-04 09:28:45,427 -   [Inner 49.8] cost=701.00 no_imp=14/20 (còn 1140s)
2026-04-04 09:28:45,548 -   [Inner 49.9] cost=701.00 no_imp=16/20 (còn 1140s)
2026-04-04 09:28:45,671 -   [Inner 49.10] cost=701.00 no_imp=18/20 (còn 1140s)
2026-04-04 09:28:45,793 -   [Outer 49] Chạy Pairwise MaxSAT...
2026-04-04 09:28:45,793 -   [Outer] Không cải thiện (streak=48)
2026-04-04 09:28:45,793 - === OUTER 50 | cost=701.00 no_imp_streak=48 (còn 1139s) ===
2026-04-04 09:28:45,793 -   [Inner 50.1] cost=701.00 no_imp=0/20 (còn 1139s)
2026-04-04 09:28:45,916 -   [Inner 50.2] cost=701.00 no_imp=2/20 (còn 1139s)
2026-04-04 09:28:46,037 -   [Inner 50.3] cost=701.00 no_imp=4/20 (còn 1139s)
2026-04-04 09:28:46,159 -   [Inner 50.4] cost=701.00 no_imp=6/20 (còn 1139s)
2026-04-04 09:28:46,281 -   [Inner 50.5] cost=701.00 no_imp=8/20 (còn 1139s)
2026-04-04 09:28:46,404 -   [Inner 50.6] cost=701.00 no_imp=10/20 (còn 1139s)
2026-04-04 09:28:46,524 -   [Inner 50.7] cost=701.00 no_imp=12/20 (còn 1139s)
2026-04-04 09:28:46,647 -   [Inner 50.8] cost=701.00 no_imp=14/20 (còn 1139s)
2026-04-04 09:28:46,769 -   [Inner 50.9] cost=701.00 no_imp=16/20 (còn 1138s)
2026-04-04 09:28:46,892 -   [Inner 50.10] cost=701.00 no_imp=18/20 (còn 1138s)
2026-04-04 09:28:47,013 -   [Outer 50] Chạy Pairwise MaxSAT...
2026-04-04 09:28:47,013 -   [Outer] Không cải thiện (streak=49)
2026-04-04 09:28:47,013 - === OUTER 51 | cost=701.00 no_imp_streak=49 (còn 1138s) ===
2026-04-04 09:28:47,013 -   [Inner 51.1] cost=701.00 no_imp=0/20 (còn 1138s)
2026-04-04 09:28:47,135 -   [Inner 51.2] cost=701.00 no_imp=2/20 (còn 1138s)
2026-04-04 09:28:47,260 -   [Inner 51.3] cost=701.00 no_imp=4/20 (còn 1138s)
2026-04-04 09:28:47,383 -   [Inner 51.4] cost=701.00 no_imp=6/20 (còn 1138s)
2026-04-04 09:28:47,503 -   [Inner 51.5] cost=701.00 no_imp=8/20 (còn 1138s)
2026-04-04 09:28:47,624 -   [Inner 51.6] cost=701.00 no_imp=10/20 (còn 1138s)
2026-04-04 09:28:47,745 -   [Inner 51.7] cost=701.00 no_imp=12/20 (còn 1137s)
2026-04-04 09:28:47,867 -   [Inner 51.8] cost=701.00 no_imp=14/20 (còn 1137s)
2026-04-04 09:28:47,988 -   [Inner 51.9] cost=701.00 no_imp=16/20 (còn 1137s)
2026-04-04 09:28:48,110 -   [Inner 51.10] cost=701.00 no_imp=18/20 (còn 1137s)
2026-04-04 09:28:48,232 -   [Outer 51] Chạy Pairwise MaxSAT...
2026-04-04 09:28:48,232 -   [Outer] Không cải thiện (streak=50)
2026-04-04 09:28:48,232 - === OUTER 52 | cost=701.00 no_imp_streak=50 (còn 1137s) ===
2026-04-04 09:28:48,232 -   [Inner 52.1] cost=701.00 no_imp=0/20 (còn 1137s)
2026-04-04 09:28:48,354 -   [Inner 52.2] cost=701.00 no_imp=2/20 (còn 1137s)
2026-04-04 09:28:48,475 -   [Inner 52.3] cost=701.00 no_imp=4/20 (còn 1137s)
2026-04-04 09:28:48,597 -   [Inner 52.4] cost=701.00 no_imp=6/20 (còn 1137s)
2026-04-04 09:28:48,719 -   [Inner 52.5] cost=701.00 no_imp=8/20 (còn 1136s)
2026-04-04 09:28:48,840 -   [Inner 52.6] cost=701.00 no_imp=10/20 (còn 1136s)
2026-04-04 09:28:48,962 -   [Inner 52.7] cost=701.00 no_imp=12/20 (còn 1136s)
2026-04-04 09:28:49,084 -   [Inner 52.8] cost=701.00 no_imp=14/20 (còn 1136s)
2026-04-04 09:28:49,205 -   [Inner 52.9] cost=701.00 no_imp=16/20 (còn 1136s)
2026-04-04 09:28:49,328 -   [Inner 52.10] cost=701.00 no_imp=18/20 (còn 1136s)
2026-04-04 09:28:49,448 -   [Outer 52] Chạy Pairwise MaxSAT...
2026-04-04 09:28:49,448 -   [Outer] Không cải thiện (streak=51)
2026-04-04 09:28:49,448 - === OUTER 53 | cost=701.00 no_imp_streak=51 (còn 1136s) ===
2026-04-04 09:28:49,448 -   [Inner 53.1] cost=701.00 no_imp=0/20 (còn 1136s)
2026-04-04 09:28:49,569 -   [Inner 53.2] cost=701.00 no_imp=2/20 (còn 1136s)
2026-04-04 09:28:49,691 -   [Inner 53.3] cost=701.00 no_imp=4/20 (còn 1136s)
2026-04-04 09:28:49,814 -   [Inner 53.4] cost=701.00 no_imp=6/20 (còn 1135s)
2026-04-04 09:28:49,937 -   [Inner 53.5] cost=701.00 no_imp=8/20 (còn 1135s)
2026-04-04 09:28:50,059 -   [Inner 53.6] cost=701.00 no_imp=10/20 (còn 1135s)
2026-04-04 09:28:50,180 -   [Inner 53.7] cost=701.00 no_imp=12/20 (còn 1135s)
2026-04-04 09:28:50,302 -   [Inner 53.8] cost=701.00 no_imp=14/20 (còn 1135s)
2026-04-04 09:28:50,427 -   [Inner 53.9] cost=701.00 no_imp=16/20 (còn 1135s)
2026-04-04 09:28:50,551 -   [Inner 53.10] cost=701.00 no_imp=18/20 (còn 1135s)
2026-04-04 09:28:50,674 -   [Outer 53] Chạy Pairwise MaxSAT...
2026-04-04 09:28:50,675 -   [Outer] Không cải thiện (streak=52)
2026-04-04 09:28:50,675 - === OUTER 54 | cost=701.00 no_imp_streak=52 (còn 1135s) ===
2026-04-04 09:28:50,675 -   [Inner 54.1] cost=701.00 no_imp=0/20 (còn 1135s)
2026-04-04 09:28:50,797 -   [Inner 54.2] cost=701.00 no_imp=2/20 (còn 1134s)
2026-04-04 09:28:50,917 -   [Inner 54.3] cost=701.00 no_imp=4/20 (còn 1134s)
2026-04-04 09:28:51,039 -   [Inner 54.4] cost=701.00 no_imp=6/20 (còn 1134s)
2026-04-04 09:28:51,161 -   [Inner 54.5] cost=701.00 no_imp=8/20 (còn 1134s)
2026-04-04 09:28:51,286 -   [Inner 54.6] cost=701.00 no_imp=10/20 (còn 1134s)
2026-04-04 09:28:51,405 -   [Inner 54.7] cost=701.00 no_imp=12/20 (còn 1134s)
2026-04-04 09:28:51,527 -   [Inner 54.8] cost=701.00 no_imp=14/20 (còn 1134s)
2026-04-04 09:28:51,650 -   [Inner 54.9] cost=701.00 no_imp=16/20 (còn 1134s)
2026-04-04 09:28:51,771 -   [Inner 54.10] cost=701.00 no_imp=18/20 (còn 1133s)
2026-04-04 09:28:51,892 -   [Outer 54] Chạy Pairwise MaxSAT...
2026-04-04 09:28:51,892 -   [Outer] Không cải thiện (streak=53)
2026-04-04 09:28:51,893 - === OUTER 55 | cost=701.00 no_imp_streak=53 (còn 1133s) ===
2026-04-04 09:28:51,893 -   [Inner 55.1] cost=701.00 no_imp=0/20 (còn 1133s)
2026-04-04 09:28:52,014 -   [Inner 55.2] cost=701.00 no_imp=2/20 (còn 1133s)
2026-04-04 09:28:52,137 -   [Inner 55.3] cost=701.00 no_imp=4/20 (còn 1133s)
2026-04-04 09:28:52,258 -   [Inner 55.4] cost=701.00 no_imp=6/20 (còn 1133s)
2026-04-04 09:28:52,380 -   [Inner 55.5] cost=701.00 no_imp=8/20 (còn 1133s)
2026-04-04 09:28:52,501 -   [Inner 55.6] cost=701.00 no_imp=10/20 (còn 1133s)
2026-04-04 09:28:52,626 -   [Inner 55.7] cost=701.00 no_imp=12/20 (còn 1133s)
2026-04-04 09:28:52,749 -   [Inner 55.8] cost=701.00 no_imp=14/20 (còn 1132s)
2026-04-04 09:28:52,869 -   [Inner 55.9] cost=701.00 no_imp=16/20 (còn 1132s)
2026-04-04 09:28:52,992 -   [Inner 55.10] cost=701.00 no_imp=18/20 (còn 1132s)
2026-04-04 09:28:53,115 -   [Outer 55] Chạy Pairwise MaxSAT...
2026-04-04 09:28:53,115 -   [Outer] Không cải thiện (streak=54)
2026-04-04 09:28:53,116 - === OUTER 56 | cost=701.00 no_imp_streak=54 (còn 1132s) ===
2026-04-04 09:28:53,116 -   [Inner 56.1] cost=701.00 no_imp=0/20 (còn 1132s)
2026-04-04 09:28:53,239 -   [Inner 56.2] cost=701.00 no_imp=2/20 (còn 1132s)
2026-04-04 09:28:53,363 -   [Inner 56.3] cost=701.00 no_imp=4/20 (còn 1132s)
2026-04-04 09:28:53,484 -   [Inner 56.4] cost=701.00 no_imp=6/20 (còn 1132s)
2026-04-04 09:28:53,606 -   [Inner 56.5] cost=701.00 no_imp=8/20 (còn 1132s)
2026-04-04 09:28:53,728 -   [Inner 56.6] cost=701.00 no_imp=10/20 (còn 1131s)
2026-04-04 09:28:53,850 -   [Inner 56.7] cost=701.00 no_imp=12/20 (còn 1131s)
2026-04-04 09:28:53,972 -   [Inner 56.8] cost=701.00 no_imp=14/20 (còn 1131s)
2026-04-04 09:28:54,095 -   [Inner 56.9] cost=701.00 no_imp=16/20 (còn 1131s)
2026-04-04 09:28:54,214 -   [Inner 56.10] cost=701.00 no_imp=18/20 (còn 1131s)
2026-04-04 09:28:54,336 -   [Outer 56] Chạy Pairwise MaxSAT...
2026-04-04 09:28:54,336 -   [Outer] Không cải thiện (streak=55)
2026-04-04 09:28:54,336 - === OUTER 57 | cost=701.00 no_imp_streak=55 (còn 1131s) ===
2026-04-04 09:28:54,337 -   [Inner 57.1] cost=701.00 no_imp=0/20 (còn 1131s)
2026-04-04 09:28:54,459 -   [Inner 57.2] cost=701.00 no_imp=2/20 (còn 1131s)
2026-04-04 09:28:54,582 -   [Inner 57.3] cost=701.00 no_imp=4/20 (còn 1131s)
2026-04-04 09:28:54,703 -   [Inner 57.4] cost=701.00 no_imp=6/20 (còn 1131s)
2026-04-04 09:28:54,826 -   [Inner 57.5] cost=701.00 no_imp=8/20 (còn 1130s)
2026-04-04 09:28:54,948 -   [Inner 57.6] cost=701.00 no_imp=10/20 (còn 1130s)
2026-04-04 09:28:55,070 -   [Inner 57.7] cost=701.00 no_imp=12/20 (còn 1130s)
2026-04-04 09:28:55,192 -   [Inner 57.8] cost=701.00 no_imp=14/20 (còn 1130s)
2026-04-04 09:28:55,316 -   [Inner 57.9] cost=701.00 no_imp=16/20 (còn 1130s)
2026-04-04 09:28:55,437 -   [Inner 57.10] cost=701.00 no_imp=18/20 (còn 1130s)
2026-04-04 09:28:55,559 -   [Outer 57] Chạy Pairwise MaxSAT...
2026-04-04 09:28:55,559 -   [Outer] Không cải thiện (streak=56)
2026-04-04 09:28:55,559 - === OUTER 58 | cost=701.00 no_imp_streak=56 (còn 1130s) ===
2026-04-04 09:28:55,559 -   [Inner 58.1] cost=701.00 no_imp=0/20 (còn 1130s)
2026-04-04 09:28:55,681 -   [Inner 58.2] cost=701.00 no_imp=2/20 (còn 1130s)
2026-04-04 09:28:55,803 -   [Inner 58.3] cost=701.00 no_imp=4/20 (còn 1129s)
2026-04-04 09:28:55,924 -   [Inner 58.4] cost=701.00 no_imp=6/20 (còn 1129s)
2026-04-04 09:28:56,045 -   [Inner 58.5] cost=701.00 no_imp=8/20 (còn 1129s)
2026-04-04 09:28:56,167 -   [Inner 58.6] cost=701.00 no_imp=10/20 (còn 1129s)
2026-04-04 09:28:56,307 -   [Inner 58.7] cost=701.00 no_imp=12/20 (còn 1129s)
2026-04-04 09:28:56,428 -   [Inner 58.8] cost=701.00 no_imp=14/20 (còn 1129s)
2026-04-04 09:28:56,550 -   [Inner 58.9] cost=701.00 no_imp=16/20 (còn 1129s)
2026-04-04 09:28:56,671 -   [Inner 58.10] cost=701.00 no_imp=18/20 (còn 1129s)
2026-04-04 09:28:56,792 -   [Outer 58] Chạy Pairwise MaxSAT...
2026-04-04 09:28:56,793 -   [Outer] Không cải thiện (streak=57)
2026-04-04 09:28:56,793 - === OUTER 59 | cost=701.00 no_imp_streak=57 (còn 1128s) ===
2026-04-04 09:28:56,793 -   [Inner 59.1] cost=701.00 no_imp=0/20 (còn 1128s)
2026-04-04 09:28:56,914 -   [Inner 59.2] cost=701.00 no_imp=2/20 (còn 1128s)
2026-04-04 09:28:57,036 -   [Inner 59.3] cost=701.00 no_imp=4/20 (còn 1128s)
2026-04-04 09:28:57,158 -   [Inner 59.4] cost=701.00 no_imp=6/20 (còn 1128s)
2026-04-04 09:28:57,281 -   [Inner 59.5] cost=701.00 no_imp=8/20 (còn 1128s)
2026-04-04 09:28:57,405 -   [Inner 59.6] cost=701.00 no_imp=10/20 (còn 1128s)
2026-04-04 09:28:57,525 -   [Inner 59.7] cost=701.00 no_imp=12/20 (còn 1128s)
2026-04-04 09:28:57,647 -   [Inner 59.8] cost=701.00 no_imp=14/20 (còn 1128s)
2026-04-04 09:28:57,768 -   [Inner 59.9] cost=701.00 no_imp=16/20 (còn 1127s)
2026-04-04 09:28:57,890 -   [Inner 59.10] cost=701.00 no_imp=18/20 (còn 1127s)
2026-04-04 09:28:58,011 -   [Outer 59] Chạy Pairwise MaxSAT...
2026-04-04 09:28:58,011 -   [Outer] Không cải thiện (streak=58)
2026-04-04 09:28:58,011 - === OUTER 60 | cost=701.00 no_imp_streak=58 (còn 1127s) ===
2026-04-04 09:28:58,011 -   [Inner 60.1] cost=701.00 no_imp=0/20 (còn 1127s)
2026-04-04 09:28:58,133 -   [Inner 60.2] cost=701.00 no_imp=2/20 (còn 1127s)
2026-04-04 09:28:58,255 -   [Inner 60.3] cost=701.00 no_imp=4/20 (còn 1127s)
2026-04-04 09:28:58,376 -   [Inner 60.4] cost=701.00 no_imp=6/20 (còn 1127s)
2026-04-04 09:28:58,498 -   [Inner 60.5] cost=701.00 no_imp=8/20 (còn 1127s)
2026-04-04 09:28:58,619 -   [Inner 60.6] cost=701.00 no_imp=10/20 (còn 1127s)
2026-04-04 09:28:58,739 -   [Inner 60.7] cost=701.00 no_imp=12/20 (còn 1126s)
2026-04-04 09:28:58,860 -   [Inner 60.8] cost=701.00 no_imp=14/20 (còn 1126s)
2026-04-04 09:28:58,980 -   [Inner 60.9] cost=701.00 no_imp=16/20 (còn 1126s)
2026-04-04 09:28:59,103 -   [Inner 60.10] cost=701.00 no_imp=18/20 (còn 1126s)
2026-04-04 09:28:59,225 -   [Outer 60] Chạy Pairwise MaxSAT...
2026-04-04 09:28:59,225 -   [Outer] Không cải thiện (streak=59)
2026-04-04 09:28:59,225 - === OUTER 61 | cost=701.00 no_imp_streak=59 (còn 1126s) ===
2026-04-04 09:28:59,225 -   [Inner 61.1] cost=701.00 no_imp=0/20 (còn 1126s)
2026-04-04 09:28:59,347 -   [Inner 61.2] cost=701.00 no_imp=2/20 (còn 1126s)
2026-04-04 09:28:59,470 -   [Inner 61.3] cost=701.00 no_imp=4/20 (còn 1126s)
2026-04-04 09:28:59,591 -   [Inner 61.4] cost=701.00 no_imp=6/20 (còn 1126s)
2026-04-04 09:28:59,712 -   [Inner 61.5] cost=701.00 no_imp=8/20 (còn 1125s)
2026-04-04 09:28:59,832 -   [Inner 61.6] cost=701.00 no_imp=10/20 (còn 1125s)
2026-04-04 09:28:59,954 -   [Inner 61.7] cost=701.00 no_imp=12/20 (còn 1125s)
2026-04-04 09:29:00,077 -   [Inner 61.8] cost=701.00 no_imp=14/20 (còn 1125s)
2026-04-04 09:29:00,199 -   [Inner 61.9] cost=701.00 no_imp=16/20 (còn 1125s)
2026-04-04 09:29:00,320 -   [Inner 61.10] cost=701.00 no_imp=18/20 (còn 1125s)
2026-04-04 09:29:00,440 -   [Outer 61] Chạy Pairwise MaxSAT...
2026-04-04 09:29:00,440 -   [Outer] Không cải thiện (streak=60)
2026-04-04 09:29:00,441 - === OUTER 62 | cost=701.00 no_imp_streak=60 (còn 1125s) ===
2026-04-04 09:29:00,441 -   [Inner 62.1] cost=701.00 no_imp=0/20 (còn 1125s)
2026-04-04 09:29:00,562 -   [Inner 62.2] cost=701.00 no_imp=2/20 (còn 1125s)
2026-04-04 09:29:00,683 -   [Inner 62.3] cost=701.00 no_imp=4/20 (còn 1125s)
2026-04-04 09:29:00,805 -   [Inner 62.4] cost=701.00 no_imp=6/20 (còn 1124s)
2026-04-04 09:29:00,926 -   [Inner 62.5] cost=701.00 no_imp=8/20 (còn 1124s)
2026-04-04 09:29:01,046 -   [Inner 62.6] cost=701.00 no_imp=10/20 (còn 1124s)
2026-04-04 09:29:01,169 -   [Inner 62.7] cost=701.00 no_imp=12/20 (còn 1124s)
2026-04-04 09:29:01,291 -   [Inner 62.8] cost=701.00 no_imp=14/20 (còn 1124s)
2026-04-04 09:29:01,414 -   [Inner 62.9] cost=701.00 no_imp=16/20 (còn 1124s)
2026-04-04 09:29:01,536 -   [Inner 62.10] cost=701.00 no_imp=18/20 (còn 1124s)
2026-04-04 09:29:01,665 -   [Outer 62] Chạy Pairwise MaxSAT...
2026-04-04 09:29:01,666 -   [Outer] Không cải thiện (streak=61)
2026-04-04 09:29:01,666 - === OUTER 63 | cost=701.00 no_imp_streak=61 (còn 1124s) ===
2026-04-04 09:29:01,666 -   [Inner 63.1] cost=701.00 no_imp=0/20 (còn 1124s)
2026-04-04 09:29:01,800 -   [Inner 63.2] cost=701.00 no_imp=2/20 (còn 1123s)
2026-04-04 09:29:01,920 -   [Inner 63.3] cost=701.00 no_imp=4/20 (còn 1123s)
2026-04-04 09:29:02,044 -   [Inner 63.4] cost=701.00 no_imp=6/20 (còn 1123s)
2026-04-04 09:29:02,170 -   [Inner 63.5] cost=701.00 no_imp=8/20 (còn 1123s)
2026-04-04 09:29:02,291 -   [Inner 63.6] cost=701.00 no_imp=10/20 (còn 1123s)
2026-04-04 09:29:02,412 -   [Inner 63.7] cost=701.00 no_imp=12/20 (còn 1123s)
2026-04-04 09:29:02,532 -   [Inner 63.8] cost=701.00 no_imp=14/20 (còn 1123s)
2026-04-04 09:29:02,654 -   [Inner 63.9] cost=701.00 no_imp=16/20 (còn 1123s)
2026-04-04 09:29:02,774 -   [Inner 63.10] cost=701.00 no_imp=18/20 (còn 1122s)
2026-04-04 09:29:02,896 -   [Outer 63] Chạy Pairwise MaxSAT...
2026-04-04 09:29:02,896 -   [Outer] Không cải thiện (streak=62)
2026-04-04 09:29:02,897 - === OUTER 64 | cost=701.00 no_imp_streak=62 (còn 1122s) ===
2026-04-04 09:29:02,897 -   [Inner 64.1] cost=701.00 no_imp=0/20 (còn 1122s)
2026-04-04 09:29:03,018 -   [Inner 64.2] cost=701.00 no_imp=2/20 (còn 1122s)
2026-04-04 09:29:03,140 -   [Inner 64.3] cost=701.00 no_imp=4/20 (còn 1122s)
2026-04-04 09:29:03,262 -   [Inner 64.4] cost=701.00 no_imp=6/20 (còn 1122s)
2026-04-04 09:29:03,383 -   [Inner 64.5] cost=701.00 no_imp=8/20 (còn 1122s)
2026-04-04 09:29:03,507 -   [Inner 64.6] cost=701.00 no_imp=10/20 (còn 1122s)
2026-04-04 09:29:03,631 -   [Inner 64.7] cost=701.00 no_imp=12/20 (còn 1122s)
2026-04-04 09:29:03,751 -   [Inner 64.8] cost=701.00 no_imp=14/20 (còn 1121s)
2026-04-04 09:29:03,872 -   [Inner 64.9] cost=701.00 no_imp=16/20 (còn 1121s)
2026-04-04 09:29:03,992 -   [Inner 64.10] cost=701.00 no_imp=18/20 (còn 1121s)
2026-04-04 09:29:04,114 -   [Outer 64] Chạy Pairwise MaxSAT...
2026-04-04 09:29:04,114 -   [Outer] Không cải thiện (streak=63)
2026-04-04 09:29:04,114 - === OUTER 65 | cost=701.00 no_imp_streak=63 (còn 1121s) ===
2026-04-04 09:29:04,114 -   [Inner 65.1] cost=701.00 no_imp=0/20 (còn 1121s)
2026-04-04 09:29:04,237 -   [Inner 65.2] cost=701.00 no_imp=2/20 (còn 1121s)
2026-04-04 09:29:04,358 -   [Inner 65.3] cost=701.00 no_imp=4/20 (còn 1121s)
2026-04-04 09:29:04,478 -   [Inner 65.4] cost=701.00 no_imp=6/20 (còn 1121s)
2026-04-04 09:29:04,600 -   [Inner 65.5] cost=701.00 no_imp=8/20 (còn 1121s)
2026-04-04 09:29:04,722 -   [Inner 65.6] cost=701.00 no_imp=10/20 (còn 1120s)
2026-04-04 09:29:04,843 -   [Inner 65.7] cost=701.00 no_imp=12/20 (còn 1120s)
2026-04-04 09:29:04,964 -   [Inner 65.8] cost=701.00 no_imp=14/20 (còn 1120s)
2026-04-04 09:29:05,084 -   [Inner 65.9] cost=701.00 no_imp=16/20 (còn 1120s)
2026-04-04 09:29:05,208 -   [Inner 65.10] cost=701.00 no_imp=18/20 (còn 1120s)
2026-04-04 09:29:05,329 -   [Outer 65] Chạy Pairwise MaxSAT...
2026-04-04 09:29:05,329 -   [Outer] Không cải thiện (streak=64)
2026-04-04 09:29:05,329 - === OUTER 66 | cost=701.00 no_imp_streak=64 (còn 1120s) ===
2026-04-04 09:29:05,329 -   [Inner 66.1] cost=701.00 no_imp=0/20 (còn 1120s)
2026-04-04 09:29:05,454 -   [Inner 66.2] cost=701.00 no_imp=2/20 (còn 1120s)
2026-04-04 09:29:05,576 -   [Inner 66.3] cost=701.00 no_imp=4/20 (còn 1120s)
2026-04-04 09:29:05,698 -   [Inner 66.4] cost=701.00 no_imp=6/20 (còn 1120s)
2026-04-04 09:29:05,820 -   [Inner 66.5] cost=701.00 no_imp=8/20 (còn 1119s)
2026-04-04 09:29:05,940 -   [Inner 66.6] cost=701.00 no_imp=10/20 (còn 1119s)
2026-04-04 09:29:06,062 -   [Inner 66.7] cost=701.00 no_imp=12/20 (còn 1119s)
2026-04-04 09:29:06,183 -   [Inner 66.8] cost=701.00 no_imp=14/20 (còn 1119s)
2026-04-04 09:29:06,304 -   [Inner 66.9] cost=701.00 no_imp=16/20 (còn 1119s)
2026-04-04 09:29:06,425 -   [Inner 66.10] cost=701.00 no_imp=18/20 (còn 1119s)
2026-04-04 09:29:06,545 -   [Outer 66] Chạy Pairwise MaxSAT...
2026-04-04 09:29:06,546 -   [Outer] Không cải thiện (streak=65)
2026-04-04 09:29:06,546 - === OUTER 67 | cost=701.00 no_imp_streak=65 (còn 1119s) ===
2026-04-04 09:29:06,546 -   [Inner 67.1] cost=701.00 no_imp=0/20 (còn 1119s)
2026-04-04 09:29:06,668 -   [Inner 67.2] cost=701.00 no_imp=2/20 (còn 1119s)
2026-04-04 09:29:06,788 -   [Inner 67.3] cost=701.00 no_imp=4/20 (còn 1118s)
2026-04-04 09:29:06,909 -   [Inner 67.4] cost=701.00 no_imp=6/20 (còn 1118s)
2026-04-04 09:29:07,032 -   [Inner 67.5] cost=701.00 no_imp=8/20 (còn 1118s)
2026-04-04 09:29:07,156 -   [Inner 67.6] cost=701.00 no_imp=10/20 (còn 1118s)
2026-04-04 09:29:07,278 -   [Inner 67.7] cost=701.00 no_imp=12/20 (còn 1118s)
2026-04-04 09:29:07,400 -   [Inner 67.8] cost=701.00 no_imp=14/20 (còn 1118s)
2026-04-04 09:29:07,523 -   [Inner 67.9] cost=701.00 no_imp=16/20 (còn 1118s)
2026-04-04 09:29:07,646 -   [Inner 67.10] cost=701.00 no_imp=18/20 (còn 1118s)
2026-04-04 09:29:07,770 -   [Outer 67] Chạy Pairwise MaxSAT...
2026-04-04 09:29:07,770 -   [Outer] Không cải thiện (streak=66)
2026-04-04 09:29:07,770 - === OUTER 68 | cost=701.00 no_imp_streak=66 (còn 1117s) ===
2026-04-04 09:29:07,770 -   [Inner 68.1] cost=701.00 no_imp=0/20 (còn 1117s)
2026-04-04 09:29:07,892 -   [Inner 68.2] cost=701.00 no_imp=2/20 (còn 1117s)
2026-04-04 09:29:08,014 -   [Inner 68.3] cost=701.00 no_imp=4/20 (còn 1117s)
2026-04-04 09:29:08,138 -   [Inner 68.4] cost=701.00 no_imp=6/20 (còn 1117s)
2026-04-04 09:29:08,259 -   [Inner 68.5] cost=701.00 no_imp=8/20 (còn 1117s)
2026-04-04 09:29:08,382 -   [Inner 68.6] cost=701.00 no_imp=10/20 (còn 1117s)
2026-04-04 09:29:08,502 -   [Inner 68.7] cost=701.00 no_imp=12/20 (còn 1117s)
2026-04-04 09:29:08,624 -   [Inner 68.8] cost=701.00 no_imp=14/20 (còn 1117s)
2026-04-04 09:29:08,745 -   [Inner 68.9] cost=701.00 no_imp=16/20 (còn 1116s)
2026-04-04 09:29:08,865 -   [Inner 68.10] cost=701.00 no_imp=18/20 (còn 1116s)
2026-04-04 09:29:08,988 -   [Outer 68] Chạy Pairwise MaxSAT...
2026-04-04 09:29:08,988 -   [Outer] Không cải thiện (streak=67)
2026-04-04 09:29:08,988 - === OUTER 69 | cost=701.00 no_imp_streak=67 (còn 1116s) ===
2026-04-04 09:29:08,989 -   [Inner 69.1] cost=701.00 no_imp=0/20 (còn 1116s)
2026-04-04 09:29:09,110 -   [Inner 69.2] cost=701.00 no_imp=2/20 (còn 1116s)
2026-04-04 09:29:09,231 -   [Inner 69.3] cost=701.00 no_imp=4/20 (còn 1116s)
2026-04-04 09:29:09,352 -   [Inner 69.4] cost=701.00 no_imp=6/20 (còn 1116s)
2026-04-04 09:29:09,473 -   [Inner 69.5] cost=701.00 no_imp=8/20 (còn 1116s)
2026-04-04 09:29:09,598 -   [Inner 69.6] cost=701.00 no_imp=10/20 (còn 1116s)
2026-04-04 09:29:09,720 -   [Inner 69.7] cost=701.00 no_imp=12/20 (còn 1115s)
2026-04-04 09:29:09,843 -   [Inner 69.8] cost=701.00 no_imp=14/20 (còn 1115s)
2026-04-04 09:29:09,964 -   [Inner 69.9] cost=701.00 no_imp=16/20 (còn 1115s)
2026-04-04 09:29:10,086 -   [Inner 69.10] cost=701.00 no_imp=18/20 (còn 1115s)
2026-04-04 09:29:10,207 -   [Outer 69] Chạy Pairwise MaxSAT...
2026-04-04 09:29:10,207 -   [Outer] Không cải thiện (streak=68)
2026-04-04 09:29:10,207 - === OUTER 70 | cost=701.00 no_imp_streak=68 (còn 1115s) ===
2026-04-04 09:29:10,207 -   [Inner 70.1] cost=701.00 no_imp=0/20 (còn 1115s)
2026-04-04 09:29:10,328 -   [Inner 70.2] cost=701.00 no_imp=2/20 (còn 1115s)
2026-04-04 09:29:10,448 -   [Inner 70.3] cost=701.00 no_imp=4/20 (còn 1115s)
2026-04-04 09:29:10,569 -   [Inner 70.4] cost=701.00 no_imp=6/20 (còn 1115s)
2026-04-04 09:29:10,691 -   [Inner 70.5] cost=701.00 no_imp=8/20 (còn 1115s)
2026-04-04 09:29:10,812 -   [Inner 70.6] cost=701.00 no_imp=10/20 (còn 1114s)
2026-04-04 09:29:10,934 -   [Inner 70.7] cost=701.00 no_imp=12/20 (còn 1114s)
2026-04-04 09:29:11,055 -   [Inner 70.8] cost=701.00 no_imp=14/20 (còn 1114s)
2026-04-04 09:29:11,175 -   [Inner 70.9] cost=701.00 no_imp=16/20 (còn 1114s)
2026-04-04 09:29:11,296 -   [Inner 70.10] cost=701.00 no_imp=18/20 (còn 1114s)
2026-04-04 09:29:11,420 -   [Outer 70] Chạy Pairwise MaxSAT...
2026-04-04 09:29:11,420 -   [Outer] Không cải thiện (streak=69)
2026-04-04 09:29:11,420 - === OUTER 71 | cost=701.00 no_imp_streak=69 (còn 1114s) ===
2026-04-04 09:29:11,421 -   [Inner 71.1] cost=701.00 no_imp=0/20 (còn 1114s)
2026-04-04 09:29:11,545 -   [Inner 71.2] cost=701.00 no_imp=2/20 (còn 1114s)
2026-04-04 09:29:11,666 -   [Inner 71.3] cost=701.00 no_imp=4/20 (còn 1114s)
2026-04-04 09:29:11,788 -   [Inner 71.4] cost=701.00 no_imp=6/20 (còn 1113s)
2026-04-04 09:29:11,910 -   [Inner 71.5] cost=701.00 no_imp=8/20 (còn 1113s)
2026-04-04 09:29:12,032 -   [Inner 71.6] cost=701.00 no_imp=10/20 (còn 1113s)
2026-04-04 09:29:12,153 -   [Inner 71.7] cost=701.00 no_imp=12/20 (còn 1113s)
2026-04-04 09:29:12,273 -   [Inner 71.8] cost=701.00 no_imp=14/20 (còn 1113s)
2026-04-04 09:29:12,395 -   [Inner 71.9] cost=701.00 no_imp=16/20 (còn 1113s)
2026-04-04 09:29:12,514 -   [Inner 71.10] cost=701.00 no_imp=18/20 (còn 1113s)
2026-04-04 09:29:12,637 -   [Outer 71] Chạy Pairwise MaxSAT...
2026-04-04 09:29:12,637 -   [Outer] Không cải thiện (streak=70)
2026-04-04 09:29:12,637 - === OUTER 72 | cost=701.00 no_imp_streak=70 (còn 1113s) ===
2026-04-04 09:29:12,637 -   [Inner 72.1] cost=701.00 no_imp=0/20 (còn 1113s)
2026-04-04 09:29:12,758 -   [Inner 72.2] cost=701.00 no_imp=2/20 (còn 1112s)
2026-04-04 09:29:12,884 -   [Inner 72.3] cost=701.00 no_imp=4/20 (còn 1112s)
2026-04-04 09:29:13,004 -   [Inner 72.4] cost=701.00 no_imp=6/20 (còn 1112s)
2026-04-04 09:29:13,127 -   [Inner 72.5] cost=701.00 no_imp=8/20 (còn 1112s)
2026-04-04 09:29:13,249 -   [Inner 72.6] cost=701.00 no_imp=10/20 (còn 1112s)
2026-04-04 09:29:13,368 -   [Inner 72.7] cost=701.00 no_imp=12/20 (còn 1112s)
2026-04-04 09:29:13,489 -   [Inner 72.8] cost=701.00 no_imp=14/20 (còn 1112s)
2026-04-04 09:29:13,614 -   [Inner 72.9] cost=701.00 no_imp=16/20 (còn 1112s)
2026-04-04 09:29:13,736 -   [Inner 72.10] cost=701.00 no_imp=18/20 (còn 1111s)
2026-04-04 09:29:13,857 -   [Outer 72] Chạy Pairwise MaxSAT...
2026-04-04 09:29:13,857 -   [Outer] Không cải thiện (streak=71)
2026-04-04 09:29:13,857 - === OUTER 73 | cost=701.00 no_imp_streak=71 (còn 1111s) ===
2026-04-04 09:29:13,857 -   [Inner 73.1] cost=701.00 no_imp=0/20 (còn 1111s)
2026-04-04 09:29:13,977 -   [Inner 73.2] cost=701.00 no_imp=2/20 (còn 1111s)
2026-04-04 09:29:14,099 -   [Inner 73.3] cost=701.00 no_imp=4/20 (còn 1111s)
2026-04-04 09:29:14,220 -   [Inner 73.4] cost=701.00 no_imp=6/20 (còn 1111s)
2026-04-04 09:29:14,343 -   [Inner 73.5] cost=701.00 no_imp=8/20 (còn 1111s)
2026-04-04 09:29:14,464 -   [Inner 73.6] cost=701.00 no_imp=10/20 (còn 1111s)
2026-04-04 09:29:14,585 -   [Inner 73.7] cost=701.00 no_imp=12/20 (còn 1111s)
2026-04-04 09:29:14,706 -   [Inner 73.8] cost=701.00 no_imp=14/20 (còn 1111s)
2026-04-04 09:29:14,828 -   [Inner 73.9] cost=701.00 no_imp=16/20 (còn 1110s)
2026-04-04 09:29:14,950 -   [Inner 73.10] cost=701.00 no_imp=18/20 (còn 1110s)
2026-04-04 09:29:15,070 -   [Outer 73] Chạy Pairwise MaxSAT...
2026-04-04 09:29:15,071 -   [Outer] Không cải thiện (streak=72)
2026-04-04 09:29:15,071 - === OUTER 74 | cost=701.00 no_imp_streak=72 (còn 1110s) ===
2026-04-04 09:29:15,071 -   [Inner 74.1] cost=701.00 no_imp=0/20 (còn 1110s)
2026-04-04 09:29:15,193 -   [Inner 74.2] cost=701.00 no_imp=2/20 (còn 1110s)
2026-04-04 09:29:15,314 -   [Inner 74.3] cost=701.00 no_imp=4/20 (còn 1110s)
2026-04-04 09:29:15,436 -   [Inner 74.4] cost=701.00 no_imp=6/20 (còn 1110s)
2026-04-04 09:29:15,558 -   [Inner 74.5] cost=701.00 no_imp=8/20 (còn 1110s)
2026-04-04 09:29:15,681 -   [Inner 74.6] cost=701.00 no_imp=10/20 (còn 1110s)
2026-04-04 09:29:15,802 -   [Inner 74.7] cost=701.00 no_imp=12/20 (còn 1109s)
2026-04-04 09:29:15,924 -   [Inner 74.8] cost=701.00 no_imp=14/20 (còn 1109s)
2026-04-04 09:29:16,045 -   [Inner 74.9] cost=701.00 no_imp=16/20 (còn 1109s)
2026-04-04 09:29:16,167 -   [Inner 74.10] cost=701.00 no_imp=18/20 (còn 1109s)
2026-04-04 09:29:16,288 -   [Outer 74] Chạy Pairwise MaxSAT...
2026-04-04 09:29:16,288 -   [Outer] Không cải thiện (streak=73)
2026-04-04 09:29:16,288 - === OUTER 75 | cost=701.00 no_imp_streak=73 (còn 1109s) ===
2026-04-04 09:29:16,289 -   [Inner 75.1] cost=701.00 no_imp=0/20 (còn 1109s)
2026-04-04 09:29:16,447 -   [Inner 75.2] cost=701.00 no_imp=2/20 (còn 1109s)
2026-04-04 09:29:16,568 -   [Inner 75.3] cost=701.00 no_imp=4/20 (còn 1109s)
2026-04-04 09:29:16,689 -   [Inner 75.4] cost=701.00 no_imp=6/20 (còn 1109s)
2026-04-04 09:29:16,810 -   [Inner 75.5] cost=701.00 no_imp=8/20 (còn 1108s)
2026-04-04 09:29:16,932 -   [Inner 75.6] cost=701.00 no_imp=10/20 (còn 1108s)
2026-04-04 09:29:17,054 -   [Inner 75.7] cost=701.00 no_imp=12/20 (còn 1108s)
2026-04-04 09:29:17,175 -   [Inner 75.8] cost=701.00 no_imp=14/20 (còn 1108s)
2026-04-04 09:29:17,297 -   [Inner 75.9] cost=701.00 no_imp=16/20 (còn 1108s)
2026-04-04 09:29:17,420 -   [Inner 75.10] cost=701.00 no_imp=18/20 (còn 1108s)
2026-04-04 09:29:17,542 -   [Outer 75] Chạy Pairwise MaxSAT...
2026-04-04 09:29:17,542 -   [Outer] Không cải thiện (streak=74)
2026-04-04 09:29:17,542 - === OUTER 76 | cost=701.00 no_imp_streak=74 (còn 1108s) ===
2026-04-04 09:29:17,542 -   [Inner 76.1] cost=701.00 no_imp=0/20 (còn 1108s)
2026-04-04 09:29:17,666 -   [Inner 76.2] cost=701.00 no_imp=2/20 (còn 1108s)
2026-04-04 09:29:17,788 -   [Inner 76.3] cost=701.00 no_imp=4/20 (còn 1107s)
2026-04-04 09:29:17,911 -   [Inner 76.4] cost=701.00 no_imp=6/20 (còn 1107s)
2026-04-04 09:29:18,034 -   [Inner 76.5] cost=701.00 no_imp=8/20 (còn 1107s)
2026-04-04 09:29:18,156 -   [Inner 76.6] cost=701.00 no_imp=10/20 (còn 1107s)
2026-04-04 09:29:18,278 -   [Inner 76.7] cost=701.00 no_imp=12/20 (còn 1107s)
2026-04-04 09:29:18,399 -   [Inner 76.8] cost=701.00 no_imp=14/20 (còn 1107s)
2026-04-04 09:29:18,519 -   [Inner 76.9] cost=701.00 no_imp=16/20 (còn 1107s)
2026-04-04 09:29:18,642 -   [Inner 76.10] cost=701.00 no_imp=18/20 (còn 1107s)
2026-04-04 09:29:18,762 -   [Outer 76] Chạy Pairwise MaxSAT...
2026-04-04 09:29:18,763 -   [Outer] Không cải thiện (streak=75)
2026-04-04 09:29:18,763 - === OUTER 77 | cost=701.00 no_imp_streak=75 (còn 1106s) ===
2026-04-04 09:29:18,763 -   [Inner 77.1] cost=701.00 no_imp=0/20 (còn 1106s)
2026-04-04 09:29:18,884 -   [Inner 77.2] cost=701.00 no_imp=2/20 (còn 1106s)
2026-04-04 09:29:19,006 -   [Inner 77.3] cost=701.00 no_imp=4/20 (còn 1106s)
2026-04-04 09:29:19,158 -   [Inner 77.4] cost=701.00 no_imp=6/20 (còn 1106s)
2026-04-04 09:29:19,279 -   [Inner 77.5] cost=701.00 no_imp=8/20 (còn 1106s)
2026-04-04 09:29:19,402 -   [Inner 77.6] cost=701.00 no_imp=10/20 (còn 1106s)
2026-04-04 09:29:19,524 -   [Inner 77.7] cost=701.00 no_imp=12/20 (còn 1106s)
2026-04-04 09:29:19,648 -   [Inner 77.8] cost=701.00 no_imp=14/20 (còn 1106s)
2026-04-04 09:29:19,770 -   [Inner 77.9] cost=701.00 no_imp=16/20 (còn 1105s)
2026-04-04 09:29:19,892 -   [Inner 77.10] cost=701.00 no_imp=18/20 (còn 1105s)
2026-04-04 09:29:20,013 -   [Outer 77] Chạy Pairwise MaxSAT...
2026-04-04 09:29:20,013 -   [Outer] Không cải thiện (streak=76)
2026-04-04 09:29:20,013 - === OUTER 78 | cost=701.00 no_imp_streak=76 (còn 1105s) ===
2026-04-04 09:29:20,014 -   [Inner 78.1] cost=701.00 no_imp=0/20 (còn 1105s)
2026-04-04 09:29:20,134 -   [Inner 78.2] cost=701.00 no_imp=2/20 (còn 1105s)
2026-04-04 09:29:20,256 -   [Inner 78.3] cost=701.00 no_imp=4/20 (còn 1105s)
2026-04-04 09:29:20,379 -   [Inner 78.4] cost=701.00 no_imp=6/20 (còn 1105s)
2026-04-04 09:29:20,500 -   [Inner 78.5] cost=701.00 no_imp=8/20 (còn 1105s)
2026-04-04 09:29:20,621 -   [Inner 78.6] cost=701.00 no_imp=10/20 (còn 1105s)
2026-04-04 09:29:20,744 -   [Inner 78.7] cost=701.00 no_imp=12/20 (còn 1104s)
2026-04-04 09:29:20,865 -   [Inner 78.8] cost=701.00 no_imp=14/20 (còn 1104s)
2026-04-04 09:29:20,986 -   [Inner 78.9] cost=701.00 no_imp=16/20 (còn 1104s)
2026-04-04 09:29:21,107 -   [Inner 78.10] cost=701.00 no_imp=18/20 (còn 1104s)
2026-04-04 09:29:21,229 -   [Outer 78] Chạy Pairwise MaxSAT...
2026-04-04 09:29:21,229 -   [Outer] Không cải thiện (streak=77)
2026-04-04 09:29:21,229 - === OUTER 79 | cost=701.00 no_imp_streak=77 (còn 1104s) ===
2026-04-04 09:29:21,229 -   [Inner 79.1] cost=701.00 no_imp=0/20 (còn 1104s)
2026-04-04 09:29:21,350 -   [Inner 79.2] cost=701.00 no_imp=2/20 (còn 1104s)
2026-04-04 09:29:21,473 -   [Inner 79.3] cost=701.00 no_imp=4/20 (còn 1104s)
2026-04-04 09:29:21,594 -   [Inner 79.4] cost=701.00 no_imp=6/20 (còn 1104s)
2026-04-04 09:29:21,718 -   [Inner 79.5] cost=701.00 no_imp=8/20 (còn 1103s)
2026-04-04 09:29:21,840 -   [Inner 79.6] cost=701.00 no_imp=10/20 (còn 1103s)
2026-04-04 09:29:21,960 -   [Inner 79.7] cost=701.00 no_imp=12/20 (còn 1103s)
2026-04-04 09:29:22,082 -   [Inner 79.8] cost=701.00 no_imp=14/20 (còn 1103s)
2026-04-04 09:29:22,203 -   [Inner 79.9] cost=701.00 no_imp=16/20 (còn 1103s)
2026-04-04 09:29:22,324 -   [Inner 79.10] cost=701.00 no_imp=18/20 (còn 1103s)
2026-04-04 09:29:22,446 -   [Outer 79] Chạy Pairwise MaxSAT...
2026-04-04 09:29:22,446 -   [Outer] Không cải thiện (streak=78)
2026-04-04 09:29:22,446 - === OUTER 80 | cost=701.00 no_imp_streak=78 (còn 1103s) ===
2026-04-04 09:29:22,446 -   [Inner 80.1] cost=701.00 no_imp=0/20 (còn 1103s)
2026-04-04 09:29:22,567 -   [Inner 80.2] cost=701.00 no_imp=2/20 (còn 1103s)
2026-04-04 09:29:22,688 -   [Inner 80.3] cost=701.00 no_imp=4/20 (còn 1103s)
2026-04-04 09:29:22,810 -   [Inner 80.4] cost=701.00 no_imp=6/20 (còn 1102s)
2026-04-04 09:29:22,931 -   [Inner 80.5] cost=701.00 no_imp=8/20 (còn 1102s)
2026-04-04 09:29:23,052 -   [Inner 80.6] cost=701.00 no_imp=10/20 (còn 1102s)
2026-04-04 09:29:23,174 -   [Inner 80.7] cost=701.00 no_imp=12/20 (còn 1102s)
2026-04-04 09:29:23,295 -   [Inner 80.8] cost=701.00 no_imp=14/20 (còn 1102s)
2026-04-04 09:29:23,415 -   [Inner 80.9] cost=701.00 no_imp=16/20 (còn 1102s)
2026-04-04 09:29:23,538 -   [Inner 80.10] cost=701.00 no_imp=18/20 (còn 1102s)
2026-04-04 09:29:23,660 -   [Outer 80] Chạy Pairwise MaxSAT...
2026-04-04 09:29:23,660 -   [Outer] Không cải thiện (streak=79)
2026-04-04 09:29:23,660 - === OUTER 81 | cost=701.00 no_imp_streak=79 (còn 1102s) ===
2026-04-04 09:29:23,660 -   [Inner 81.1] cost=701.00 no_imp=0/20 (còn 1102s)
2026-04-04 09:29:23,785 -   [Inner 81.2] cost=701.00 no_imp=2/20 (còn 1101s)
2026-04-04 09:29:23,907 -   [Inner 81.3] cost=701.00 no_imp=4/20 (còn 1101s)
2026-04-04 09:29:24,028 -   [Inner 81.4] cost=701.00 no_imp=6/20 (còn 1101s)
2026-04-04 09:29:24,149 -   [Inner 81.5] cost=701.00 no_imp=8/20 (còn 1101s)
2026-04-04 09:29:24,271 -   [Inner 81.6] cost=701.00 no_imp=10/20 (còn 1101s)
2026-04-04 09:29:24,397 -   [Inner 81.7] cost=701.00 no_imp=12/20 (còn 1101s)
2026-04-04 09:29:24,522 -   [Inner 81.8] cost=701.00 no_imp=14/20 (còn 1101s)
2026-04-04 09:29:24,644 -   [Inner 81.9] cost=701.00 no_imp=16/20 (còn 1101s)
2026-04-04 09:29:24,766 -   [Inner 81.10] cost=701.00 no_imp=18/20 (còn 1100s)
2026-04-04 09:29:24,886 -   [Outer 81] Chạy Pairwise MaxSAT...
2026-04-04 09:29:24,887 -   [Outer] Không cải thiện (streak=80)
2026-04-04 09:29:24,887 - === OUTER 82 | cost=701.00 no_imp_streak=80 (còn 1100s) ===
2026-04-04 09:29:24,887 -   [Inner 82.1] cost=701.00 no_imp=0/20 (còn 1100s)
2026-04-04 09:29:25,007 -   [Inner 82.2] cost=701.00 no_imp=2/20 (còn 1100s)
2026-04-04 09:29:25,129 -   [Inner 82.3] cost=701.00 no_imp=4/20 (còn 1100s)
2026-04-04 09:29:25,252 -   [Inner 82.4] cost=701.00 no_imp=6/20 (còn 1100s)
2026-04-04 09:29:25,372 -   [Inner 82.5] cost=701.00 no_imp=8/20 (còn 1100s)
2026-04-04 09:29:25,493 -   [Inner 82.6] cost=701.00 no_imp=10/20 (còn 1100s)
2026-04-04 09:29:25,615 -   [Inner 82.7] cost=701.00 no_imp=12/20 (còn 1100s)
2026-04-04 09:29:25,741 -   [Inner 82.8] cost=701.00 no_imp=14/20 (còn 1099s)
2026-04-04 09:29:25,862 -   [Inner 82.9] cost=701.00 no_imp=16/20 (còn 1099s)
2026-04-04 09:29:25,983 -   [Inner 82.10] cost=701.00 no_imp=18/20 (còn 1099s)
2026-04-04 09:29:26,104 -   [Outer 82] Chạy Pairwise MaxSAT...
2026-04-04 09:29:26,105 -   [Outer] Không cải thiện (streak=81)
2026-04-04 09:29:26,105 - === OUTER 83 | cost=701.00 no_imp_streak=81 (còn 1099s) ===
2026-04-04 09:29:26,105 -   [Inner 83.1] cost=701.00 no_imp=0/20 (còn 1099s)
2026-04-04 09:29:26,227 -   [Inner 83.2] cost=701.00 no_imp=2/20 (còn 1099s)
2026-04-04 09:29:26,349 -   [Inner 83.3] cost=701.00 no_imp=4/20 (còn 1099s)
2026-04-04 09:29:26,470 -   [Inner 83.4] cost=701.00 no_imp=6/20 (còn 1099s)
2026-04-04 09:29:26,592 -   [Inner 83.5] cost=701.00 no_imp=8/20 (còn 1099s)
2026-04-04 09:29:26,717 -   [Inner 83.6] cost=701.00 no_imp=10/20 (còn 1098s)
2026-04-04 09:29:26,837 -   [Inner 83.7] cost=701.00 no_imp=12/20 (còn 1098s)
2026-04-04 09:29:26,959 -   [Inner 83.8] cost=701.00 no_imp=14/20 (còn 1098s)
2026-04-04 09:29:27,081 -   [Inner 83.9] cost=701.00 no_imp=16/20 (còn 1098s)
2026-04-04 09:29:27,202 -   [Inner 83.10] cost=701.00 no_imp=18/20 (còn 1098s)
2026-04-04 09:29:27,324 -   [Outer 83] Chạy Pairwise MaxSAT...
2026-04-04 09:29:27,324 -   [Outer] Không cải thiện (streak=82)
2026-04-04 09:29:27,324 - === OUTER 84 | cost=701.00 no_imp_streak=82 (còn 1098s) ===
2026-04-04 09:29:27,324 -   [Inner 84.1] cost=701.00 no_imp=0/20 (còn 1098s)
2026-04-04 09:29:27,446 -   [Inner 84.2] cost=701.00 no_imp=2/20 (còn 1098s)
2026-04-04 09:29:27,569 -   [Inner 84.3] cost=701.00 no_imp=4/20 (còn 1098s)
2026-04-04 09:29:27,691 -   [Inner 84.4] cost=701.00 no_imp=6/20 (còn 1098s)
2026-04-04 09:29:27,814 -   [Inner 84.5] cost=701.00 no_imp=8/20 (còn 1097s)
2026-04-04 09:29:27,938 -   [Inner 84.6] cost=701.00 no_imp=10/20 (còn 1097s)
2026-04-04 09:29:28,059 -   [Inner 84.7] cost=701.00 no_imp=12/20 (còn 1097s)
2026-04-04 09:29:28,181 -   [Inner 84.8] cost=701.00 no_imp=14/20 (còn 1097s)
2026-04-04 09:29:28,303 -   [Inner 84.9] cost=701.00 no_imp=16/20 (còn 1097s)
2026-04-04 09:29:28,425 -   [Inner 84.10] cost=701.00 no_imp=18/20 (còn 1097s)
2026-04-04 09:29:28,547 -   [Outer 84] Chạy Pairwise MaxSAT...
2026-04-04 09:29:28,548 -   [Outer] Không cải thiện (streak=83)
2026-04-04 09:29:28,548 - === OUTER 85 | cost=701.00 no_imp_streak=83 (còn 1097s) ===
2026-04-04 09:29:28,548 -   [Inner 85.1] cost=701.00 no_imp=0/20 (còn 1097s)
2026-04-04 09:29:28,670 -   [Inner 85.2] cost=701.00 no_imp=2/20 (còn 1097s)
2026-04-04 09:29:28,793 -   [Inner 85.3] cost=701.00 no_imp=4/20 (còn 1096s)
2026-04-04 09:29:28,913 -   [Inner 85.4] cost=701.00 no_imp=6/20 (còn 1096s)
2026-04-04 09:29:29,038 -   [Inner 85.5] cost=701.00 no_imp=8/20 (còn 1096s)
2026-04-04 09:29:29,157 -   [Inner 85.6] cost=701.00 no_imp=10/20 (còn 1096s)
2026-04-04 09:29:29,279 -   [Inner 85.7] cost=701.00 no_imp=12/20 (còn 1096s)
2026-04-04 09:29:29,400 -   [Inner 85.8] cost=701.00 no_imp=14/20 (còn 1096s)
2026-04-04 09:29:29,521 -   [Inner 85.9] cost=701.00 no_imp=16/20 (còn 1096s)
2026-04-04 09:29:29,643 -   [Inner 85.10] cost=701.00 no_imp=18/20 (còn 1096s)
2026-04-04 09:29:29,767 -   [Outer 85] Chạy Pairwise MaxSAT...
2026-04-04 09:29:29,767 -   [Outer] Không cải thiện (streak=84)
2026-04-04 09:29:29,767 - === OUTER 86 | cost=701.00 no_imp_streak=84 (còn 1095s) ===
2026-04-04 09:29:29,767 -   [Inner 86.1] cost=701.00 no_imp=0/20 (còn 1095s)
2026-04-04 09:29:29,890 -   [Inner 86.2] cost=701.00 no_imp=2/20 (còn 1095s)
2026-04-04 09:29:30,014 -   [Inner 86.3] cost=701.00 no_imp=4/20 (còn 1095s)
2026-04-04 09:29:30,133 -   [Inner 86.4] cost=701.00 no_imp=6/20 (còn 1095s)
2026-04-04 09:29:30,256 -   [Inner 86.5] cost=701.00 no_imp=8/20 (còn 1095s)
2026-04-04 09:29:30,376 -   [Inner 86.6] cost=701.00 no_imp=10/20 (còn 1095s)
2026-04-04 09:29:30,497 -   [Inner 86.7] cost=701.00 no_imp=12/20 (còn 1095s)
2026-04-04 09:29:30,619 -   [Inner 86.8] cost=701.00 no_imp=14/20 (còn 1095s)
2026-04-04 09:29:30,741 -   [Inner 86.9] cost=701.00 no_imp=16/20 (còn 1094s)
2026-04-04 09:29:30,862 -   [Inner 86.10] cost=701.00 no_imp=18/20 (còn 1094s)
2026-04-04 09:29:30,983 -   [Outer 86] Chạy Pairwise MaxSAT...
2026-04-04 09:29:30,984 -   [Outer] Không cải thiện (streak=85)
2026-04-04 09:29:30,984 - === OUTER 87 | cost=701.00 no_imp_streak=85 (còn 1094s) ===
2026-04-04 09:29:30,984 -   [Inner 87.1] cost=701.00 no_imp=0/20 (còn 1094s)
2026-04-04 09:29:31,104 -   [Inner 87.2] cost=701.00 no_imp=2/20 (còn 1094s)
2026-04-04 09:29:31,227 -   [Inner 87.3] cost=701.00 no_imp=4/20 (còn 1094s)
2026-04-04 09:29:31,349 -   [Inner 87.4] cost=701.00 no_imp=6/20 (còn 1094s)
2026-04-04 09:29:31,471 -   [Inner 87.5] cost=701.00 no_imp=8/20 (còn 1094s)
2026-04-04 09:29:31,598 -   [Inner 87.6] cost=701.00 no_imp=10/20 (còn 1094s)
2026-04-04 09:29:31,721 -   [Inner 87.7] cost=701.00 no_imp=12/20 (còn 1093s)
2026-04-04 09:29:31,849 -   [Inner 87.8] cost=701.00 no_imp=14/20 (còn 1093s)
2026-04-04 09:29:31,971 -   [Inner 87.9] cost=701.00 no_imp=16/20 (còn 1093s)
2026-04-04 09:29:32,091 -   [Inner 87.10] cost=701.00 no_imp=18/20 (còn 1093s)
2026-04-04 09:29:32,212 -   [Outer 87] Chạy Pairwise MaxSAT...
2026-04-04 09:29:32,213 -   [Outer] Không cải thiện (streak=86)
2026-04-04 09:29:32,213 - === OUTER 88 | cost=701.00 no_imp_streak=86 (còn 1093s) ===
2026-04-04 09:29:32,213 -   [Inner 88.1] cost=701.00 no_imp=0/20 (còn 1093s)
2026-04-04 09:29:32,334 -   [Inner 88.2] cost=701.00 no_imp=2/20 (còn 1093s)
2026-04-04 09:29:32,456 -   [Inner 88.3] cost=701.00 no_imp=4/20 (còn 1093s)
2026-04-04 09:29:32,577 -   [Inner 88.4] cost=701.00 no_imp=6/20 (còn 1093s)
2026-04-04 09:29:32,698 -   [Inner 88.5] cost=701.00 no_imp=8/20 (còn 1093s)
2026-04-04 09:29:32,822 -   [Inner 88.6] cost=701.00 no_imp=10/20 (còn 1092s)
2026-04-04 09:29:32,946 -   [Inner 88.7] cost=701.00 no_imp=12/20 (còn 1092s)
2026-04-04 09:29:33,070 -   [Inner 88.8] cost=701.00 no_imp=14/20 (còn 1092s)
2026-04-04 09:29:33,192 -   [Inner 88.9] cost=701.00 no_imp=16/20 (còn 1092s)
2026-04-04 09:29:33,318 -   [Inner 88.10] cost=701.00 no_imp=18/20 (còn 1092s)
2026-04-04 09:29:33,439 -   [Outer 88] Chạy Pairwise MaxSAT...
2026-04-04 09:29:33,440 -   [Outer] Không cải thiện (streak=87)
2026-04-04 09:29:33,440 - === OUTER 89 | cost=701.00 no_imp_streak=87 (còn 1092s) ===
2026-04-04 09:29:33,440 -   [Inner 89.1] cost=701.00 no_imp=0/20 (còn 1092s)
2026-04-04 09:29:33,561 -   [Inner 89.2] cost=701.00 no_imp=2/20 (còn 1092s)
2026-04-04 09:29:33,685 -   [Inner 89.3] cost=701.00 no_imp=4/20 (còn 1092s)
2026-04-04 09:29:33,806 -   [Inner 89.4] cost=701.00 no_imp=6/20 (còn 1091s)
2026-04-04 09:29:33,930 -   [Inner 89.5] cost=701.00 no_imp=8/20 (còn 1091s)
2026-04-04 09:29:34,051 -   [Inner 89.6] cost=701.00 no_imp=10/20 (còn 1091s)
2026-04-04 09:29:34,173 -   [Inner 89.7] cost=701.00 no_imp=12/20 (còn 1091s)
2026-04-04 09:29:34,294 -   [Inner 89.8] cost=701.00 no_imp=14/20 (còn 1091s)
2026-04-04 09:29:34,415 -   [Inner 89.9] cost=701.00 no_imp=16/20 (còn 1091s)
2026-04-04 09:29:34,536 -   [Inner 89.10] cost=701.00 no_imp=18/20 (còn 1091s)
2026-04-04 09:29:34,658 -   [Outer 89] Chạy Pairwise MaxSAT...
2026-04-04 09:29:34,658 -   [Outer] Không cải thiện (streak=88)
2026-04-04 09:29:34,659 - === OUTER 90 | cost=701.00 no_imp_streak=88 (còn 1091s) ===
2026-04-04 09:29:34,659 -   [Inner 90.1] cost=701.00 no_imp=0/20 (còn 1091s)
2026-04-04 09:29:34,782 -   [Inner 90.2] cost=701.00 no_imp=2/20 (còn 1090s)
2026-04-04 09:29:34,903 -   [Inner 90.3] cost=701.00 no_imp=4/20 (còn 1090s)
2026-04-04 09:29:35,028 -   [Inner 90.4] cost=701.00 no_imp=6/20 (còn 1090s)
2026-04-04 09:29:35,149 -   [Inner 90.5] cost=701.00 no_imp=8/20 (còn 1090s)
2026-04-04 09:29:35,272 -   [Inner 90.6] cost=701.00 no_imp=10/20 (còn 1090s)
2026-04-04 09:29:35,393 -   [Inner 90.7] cost=701.00 no_imp=12/20 (còn 1090s)
2026-04-04 09:29:35,513 -   [Inner 90.8] cost=701.00 no_imp=14/20 (còn 1090s)
2026-04-04 09:29:35,635 -   [Inner 90.9] cost=701.00 no_imp=16/20 (còn 1090s)
2026-04-04 09:29:35,758 -   [Inner 90.10] cost=701.00 no_imp=18/20 (còn 1089s)
2026-04-04 09:29:35,881 -   [Outer 90] Chạy Pairwise MaxSAT...
2026-04-04 09:29:35,881 -   [Outer] Không cải thiện (streak=89)
2026-04-04 09:29:35,882 - === OUTER 91 | cost=701.00 no_imp_streak=89 (còn 1089s) ===
2026-04-04 09:29:35,882 -   [Inner 91.1] cost=701.00 no_imp=0/20 (còn 1089s)
2026-04-04 09:29:36,003 -   [Inner 91.2] cost=701.00 no_imp=2/20 (còn 1089s)
2026-04-04 09:29:36,124 -   [Inner 91.3] cost=701.00 no_imp=4/20 (còn 1089s)
2026-04-04 09:29:36,246 -   [Inner 91.4] cost=701.00 no_imp=6/20 (còn 1089s)
2026-04-04 09:29:36,366 -   [Inner 91.5] cost=701.00 no_imp=8/20 (còn 1089s)
2026-04-04 09:29:36,488 -   [Inner 91.6] cost=701.00 no_imp=10/20 (còn 1089s)
2026-04-04 09:29:36,610 -   [Inner 91.7] cost=701.00 no_imp=12/20 (còn 1089s)
2026-04-04 09:29:36,730 -   [Inner 91.8] cost=701.00 no_imp=14/20 (còn 1088s)
2026-04-04 09:29:36,852 -   [Inner 91.9] cost=701.00 no_imp=16/20 (còn 1088s)
2026-04-04 09:29:36,974 -   [Inner 91.10] cost=701.00 no_imp=18/20 (còn 1088s)
2026-04-04 09:29:37,096 -   [Outer 91] Chạy Pairwise MaxSAT...
2026-04-04 09:29:37,097 -   [Outer] Không cải thiện (streak=90)
2026-04-04 09:29:37,097 - === OUTER 92 | cost=701.00 no_imp_streak=90 (còn 1088s) ===
2026-04-04 09:29:37,097 -   [Inner 92.1] cost=701.00 no_imp=0/20 (còn 1088s)
2026-04-04 09:29:37,220 -   [Inner 92.2] cost=701.00 no_imp=2/20 (còn 1088s)
2026-04-04 09:29:37,342 -   [Inner 92.3] cost=701.00 no_imp=4/20 (còn 1088s)
2026-04-04 09:29:37,464 -   [Inner 92.4] cost=701.00 no_imp=6/20 (còn 1088s)
2026-04-04 09:29:37,585 -   [Inner 92.5] cost=701.00 no_imp=8/20 (còn 1088s)
2026-04-04 09:29:37,706 -   [Inner 92.6] cost=701.00 no_imp=10/20 (còn 1088s)
2026-04-04 09:29:37,831 -   [Inner 92.7] cost=701.00 no_imp=12/20 (còn 1087s)
2026-04-04 09:29:37,955 -   [Inner 92.8] cost=701.00 no_imp=14/20 (còn 1087s)
2026-04-04 09:29:38,077 -   [Inner 92.9] cost=701.00 no_imp=16/20 (còn 1087s)
2026-04-04 09:29:38,199 -   [Inner 92.10] cost=701.00 no_imp=18/20 (còn 1087s)
2026-04-04 09:29:38,319 -   [Outer 92] Chạy Pairwise MaxSAT...
2026-04-04 09:29:38,320 -   [Outer] Không cải thiện (streak=91)
2026-04-04 09:29:38,320 - === OUTER 93 | cost=701.00 no_imp_streak=91 (còn 1087s) ===
2026-04-04 09:29:38,320 -   [Inner 93.1] cost=701.00 no_imp=0/20 (còn 1087s)
2026-04-04 09:29:38,442 -   [Inner 93.2] cost=701.00 no_imp=2/20 (còn 1087s)
2026-04-04 09:29:38,564 -   [Inner 93.3] cost=701.00 no_imp=4/20 (còn 1087s)
2026-04-04 09:29:38,686 -   [Inner 93.4] cost=701.00 no_imp=6/20 (còn 1087s)
2026-04-04 09:29:38,807 -   [Inner 93.5] cost=701.00 no_imp=8/20 (còn 1086s)
2026-04-04 09:29:38,927 -   [Inner 93.6] cost=701.00 no_imp=10/20 (còn 1086s)
2026-04-04 09:29:39,049 -   [Inner 93.7] cost=701.00 no_imp=12/20 (còn 1086s)
2026-04-04 09:29:39,171 -   [Inner 93.8] cost=701.00 no_imp=14/20 (còn 1086s)
2026-04-04 09:29:39,293 -   [Inner 93.9] cost=701.00 no_imp=16/20 (còn 1086s)
2026-04-04 09:29:39,413 -   [Inner 93.10] cost=701.00 no_imp=18/20 (còn 1086s)
2026-04-04 09:29:39,535 -   [Outer 93] Chạy Pairwise MaxSAT...
2026-04-04 09:29:39,535 -   [Outer] Không cải thiện (streak=92)
2026-04-04 09:29:39,535 - === OUTER 94 | cost=701.00 no_imp_streak=92 (còn 1086s) ===
2026-04-04 09:29:39,535 -   [Inner 94.1] cost=701.00 no_imp=0/20 (còn 1086s)
2026-04-04 09:29:39,657 -   [Inner 94.2] cost=701.00 no_imp=2/20 (còn 1086s)
2026-04-04 09:29:39,779 -   [Inner 94.3] cost=701.00 no_imp=4/20 (còn 1085s)
2026-04-04 09:29:39,902 -   [Inner 94.4] cost=701.00 no_imp=6/20 (còn 1085s)
2026-04-04 09:29:40,026 -   [Inner 94.5] cost=701.00 no_imp=8/20 (còn 1085s)
2026-04-04 09:29:40,147 -   [Inner 94.6] cost=701.00 no_imp=10/20 (còn 1085s)
2026-04-04 09:29:40,270 -   [Inner 94.7] cost=701.00 no_imp=12/20 (còn 1085s)
2026-04-04 09:29:40,390 -   [Inner 94.8] cost=701.00 no_imp=14/20 (còn 1085s)
2026-04-04 09:29:40,510 -   [Inner 94.9] cost=701.00 no_imp=16/20 (còn 1085s)
2026-04-04 09:29:40,631 -   [Inner 94.10] cost=701.00 no_imp=18/20 (còn 1085s)
2026-04-04 09:29:40,753 -   [Outer 94] Chạy Pairwise MaxSAT...
2026-04-04 09:29:40,754 -   [Outer] Không cải thiện (streak=93)
2026-04-04 09:29:40,754 - === OUTER 95 | cost=701.00 no_imp_streak=93 (còn 1084s) ===
2026-04-04 09:29:40,754 -   [Inner 95.1] cost=701.00 no_imp=0/20 (còn 1084s)
2026-04-04 09:29:40,875 -   [Inner 95.2] cost=701.00 no_imp=2/20 (còn 1084s)
2026-04-04 09:29:40,997 -   [Inner 95.3] cost=701.00 no_imp=4/20 (còn 1084s)
2026-04-04 09:29:41,118 -   [Inner 95.4] cost=701.00 no_imp=6/20 (còn 1084s)
2026-04-04 09:29:41,239 -   [Inner 95.5] cost=701.00 no_imp=8/20 (còn 1084s)
2026-04-04 09:29:41,361 -   [Inner 95.6] cost=701.00 no_imp=10/20 (còn 1084s)
2026-04-04 09:29:41,482 -   [Inner 95.7] cost=701.00 no_imp=12/20 (còn 1084s)
2026-04-04 09:29:41,603 -   [Inner 95.8] cost=701.00 no_imp=14/20 (còn 1084s)
2026-04-04 09:29:41,725 -   [Inner 95.9] cost=701.00 no_imp=16/20 (còn 1083s)
2026-04-04 09:29:41,846 -   [Inner 95.10] cost=701.00 no_imp=18/20 (còn 1083s)
2026-04-04 09:29:41,973 -   [Outer 95] Chạy Pairwise MaxSAT...
2026-04-04 09:29:41,973 -   [Outer] Không cải thiện (streak=94)
2026-04-04 09:29:41,973 - === OUTER 96 | cost=701.00 no_imp_streak=94 (còn 1083s) ===
2026-04-04 09:29:41,973 -   [Inner 96.1] cost=701.00 no_imp=0/20 (còn 1083s)
2026-04-04 09:29:42,094 -   [Inner 96.2] cost=701.00 no_imp=2/20 (còn 1083s)
2026-04-04 09:29:42,216 -   [Inner 96.3] cost=701.00 no_imp=4/20 (còn 1083s)
2026-04-04 09:29:42,351 -   [Inner 96.4] cost=701.00 no_imp=6/20 (còn 1083s)
2026-04-04 09:29:42,472 -   [Inner 96.5] cost=701.00 no_imp=8/20 (còn 1083s)
2026-04-04 09:29:42,593 -   [Inner 96.6] cost=701.00 no_imp=10/20 (còn 1083s)
2026-04-04 09:29:42,714 -   [Inner 96.7] cost=701.00 no_imp=12/20 (còn 1082s)
2026-04-04 09:29:42,835 -   [Inner 96.8] cost=701.00 no_imp=14/20 (còn 1082s)
2026-04-04 09:29:42,956 -   [Inner 96.9] cost=701.00 no_imp=16/20 (còn 1082s)
2026-04-04 09:29:43,078 -   [Inner 96.10] cost=701.00 no_imp=18/20 (còn 1082s)
2026-04-04 09:29:43,201 -   [Outer 96] Chạy Pairwise MaxSAT...
2026-04-04 09:29:43,201 -   [Outer] Không cải thiện (streak=95)
2026-04-04 09:29:43,201 - === OUTER 97 | cost=701.00 no_imp_streak=95 (còn 1082s) ===
2026-04-04 09:29:43,201 -   [Inner 97.1] cost=701.00 no_imp=0/20 (còn 1082s)
2026-04-04 09:29:43,323 -   [Inner 97.2] cost=701.00 no_imp=2/20 (còn 1082s)
2026-04-04 09:29:43,443 -   [Inner 97.3] cost=701.00 no_imp=4/20 (còn 1082s)
2026-04-04 09:29:43,564 -   [Inner 97.4] cost=701.00 no_imp=6/20 (còn 1082s)
2026-04-04 09:29:43,685 -   [Inner 97.5] cost=701.00 no_imp=8/20 (còn 1082s)
2026-04-04 09:29:43,806 -   [Inner 97.6] cost=701.00 no_imp=10/20 (còn 1081s)
2026-04-04 09:29:43,927 -   [Inner 97.7] cost=701.00 no_imp=12/20 (còn 1081s)
2026-04-04 09:29:44,052 -   [Inner 97.8] cost=701.00 no_imp=14/20 (còn 1081s)
2026-04-04 09:29:44,172 -   [Inner 97.9] cost=701.00 no_imp=16/20 (còn 1081s)
2026-04-04 09:29:44,294 -   [Inner 97.10] cost=701.00 no_imp=18/20 (còn 1081s)
2026-04-04 09:29:44,417 -   [Outer 97] Chạy Pairwise MaxSAT...
2026-04-04 09:29:44,418 -   [Outer] Không cải thiện (streak=96)
2026-04-04 09:29:44,418 - === OUTER 98 | cost=701.00 no_imp_streak=96 (còn 1081s) ===
2026-04-04 09:29:44,418 -   [Inner 98.1] cost=701.00 no_imp=0/20 (còn 1081s)
2026-04-04 09:29:44,539 -   [Inner 98.2] cost=701.00 no_imp=2/20 (còn 1081s)
2026-04-04 09:29:44,661 -   [Inner 98.3] cost=701.00 no_imp=4/20 (còn 1081s)
2026-04-04 09:29:44,782 -   [Inner 98.4] cost=701.00 no_imp=6/20 (còn 1080s)
2026-04-04 09:29:44,903 -   [Inner 98.5] cost=701.00 no_imp=8/20 (còn 1080s)
2026-04-04 09:29:45,025 -   [Inner 98.6] cost=701.00 no_imp=10/20 (còn 1080s)
2026-04-04 09:29:45,145 -   [Inner 98.7] cost=701.00 no_imp=12/20 (còn 1080s)
2026-04-04 09:29:45,267 -   [Inner 98.8] cost=701.00 no_imp=14/20 (còn 1080s)
2026-04-04 09:29:45,387 -   [Inner 98.9] cost=701.00 no_imp=16/20 (còn 1080s)
2026-04-04 09:29:45,509 -   [Inner 98.10] cost=701.00 no_imp=18/20 (còn 1080s)
2026-04-04 09:29:45,631 -   [Outer 98] Chạy Pairwise MaxSAT...
2026-04-04 09:29:45,631 -   [Outer] Không cải thiện (streak=97)
2026-04-04 09:29:45,631 - === OUTER 99 | cost=701.00 no_imp_streak=97 (còn 1080s) ===
2026-04-04 09:29:45,632 -   [Inner 99.1] cost=701.00 no_imp=0/20 (còn 1080s)
2026-04-04 09:29:45,754 -   [Inner 99.2] cost=701.00 no_imp=2/20 (còn 1079s)
2026-04-04 09:29:45,877 -   [Inner 99.3] cost=701.00 no_imp=4/20 (còn 1079s)
2026-04-04 09:29:46,001 -   [Inner 99.4] cost=701.00 no_imp=6/20 (còn 1079s)
2026-04-04 09:29:46,121 -   [Inner 99.5] cost=701.00 no_imp=8/20 (còn 1079s)
2026-04-04 09:29:46,243 -   [Inner 99.6] cost=701.00 no_imp=10/20 (còn 1079s)
2026-04-04 09:29:46,364 -   [Inner 99.7] cost=701.00 no_imp=12/20 (còn 1079s)
2026-04-04 09:29:46,487 -   [Inner 99.8] cost=701.00 no_imp=14/20 (còn 1079s)
2026-04-04 09:29:46,608 -   [Inner 99.9] cost=701.00 no_imp=16/20 (còn 1079s)
2026-04-04 09:29:46,730 -   [Inner 99.10] cost=701.00 no_imp=18/20 (còn 1078s)
2026-04-04 09:29:46,855 -   [Outer 99] Chạy Pairwise MaxSAT...
2026-04-04 09:29:46,855 -   [Outer] Không cải thiện (streak=98)
2026-04-04 09:29:46,855 - === OUTER 100 | cost=701.00 no_imp_streak=98 (còn 1078s) ===
2026-04-04 09:29:46,855 -   [Inner 100.1] cost=701.00 no_imp=0/20 (còn 1078s)
2026-04-04 09:29:46,976 -   [Inner 100.2] cost=701.00 no_imp=2/20 (còn 1078s)
2026-04-04 09:29:47,097 -   [Inner 100.3] cost=701.00 no_imp=4/20 (còn 1078s)
2026-04-04 09:29:47,218 -   [Inner 100.4] cost=701.00 no_imp=6/20 (còn 1078s)
2026-04-04 09:29:47,341 -   [Inner 100.5] cost=701.00 no_imp=8/20 (còn 1078s)
2026-04-04 09:29:47,463 -   [Inner 100.6] cost=701.00 no_imp=10/20 (còn 1078s)
2026-04-04 09:29:47,584 -   [Inner 100.7] cost=701.00 no_imp=12/20 (còn 1078s)
2026-04-04 09:29:47,708 -   [Inner 100.8] cost=701.00 no_imp=14/20 (còn 1078s)
2026-04-04 09:29:47,829 -   [Inner 100.9] cost=701.00 no_imp=16/20 (còn 1077s)
2026-04-04 09:29:47,951 -   [Inner 100.10] cost=701.00 no_imp=18/20 (còn 1077s)
2026-04-04 09:29:48,077 -   [Outer 100] Chạy Pairwise MaxSAT...
2026-04-04 09:29:48,077 -   [Outer] Không cải thiện (streak=99)
2026-04-04 09:29:48,077 - === OUTER 101 | cost=701.00 no_imp_streak=99 (còn 1077s) ===
2026-04-04 09:29:48,078 -   [Inner 101.1] cost=701.00 no_imp=0/20 (còn 1077s)
2026-04-04 09:29:48,198 -   [Inner 101.2] cost=701.00 no_imp=2/20 (còn 1077s)
2026-04-04 09:29:48,319 -   [Inner 101.3] cost=701.00 no_imp=4/20 (còn 1077s)
2026-04-04 09:29:48,439 -   [Inner 101.4] cost=701.00 no_imp=6/20 (còn 1077s)
2026-04-04 09:29:48,559 -   [Inner 101.5] cost=701.00 no_imp=8/20 (còn 1077s)
2026-04-04 09:29:48,681 -   [Inner 101.6] cost=701.00 no_imp=10/20 (còn 1077s)
2026-04-04 09:29:48,802 -   [Inner 101.7] cost=701.00 no_imp=12/20 (còn 1076s)
2026-04-04 09:29:48,923 -   [Inner 101.8] cost=701.00 no_imp=14/20 (còn 1076s)
2026-04-04 09:29:49,045 -   [Inner 101.9] cost=701.00 no_imp=16/20 (còn 1076s)
2026-04-04 09:29:49,166 -   [Inner 101.10] cost=701.00 no_imp=18/20 (còn 1076s)
2026-04-04 09:29:49,288 -   [Outer 101] Chạy Pairwise MaxSAT...
2026-04-04 09:29:49,289 -   [Outer] Không cải thiện (streak=100)
2026-04-04 09:29:49,289 - === OUTER 102 | cost=701.00 no_imp_streak=100 (còn 1076s) ===
2026-04-04 09:29:49,289 -   [Inner 102.1] cost=701.00 no_imp=0/20 (còn 1076s)
2026-04-04 09:29:49,409 -   [Inner 102.2] cost=701.00 no_imp=2/20 (còn 1076s)
2026-04-04 09:29:49,528 -   [Inner 102.3] cost=701.00 no_imp=4/20 (còn 1076s)
2026-04-04 09:29:49,648 -   [Inner 102.4] cost=701.00 no_imp=6/20 (còn 1076s)
2026-04-04 09:29:49,772 -   [Inner 102.5] cost=701.00 no_imp=8/20 (còn 1075s)
2026-04-04 09:29:49,893 -   [Inner 102.6] cost=701.00 no_imp=10/20 (còn 1075s)
2026-04-04 09:29:50,016 -   [Inner 102.7] cost=701.00 no_imp=12/20 (còn 1075s)
2026-04-04 09:29:50,139 -   [Inner 102.8] cost=701.00 no_imp=14/20 (còn 1075s)
2026-04-04 09:29:50,262 -   [Inner 102.9] cost=701.00 no_imp=16/20 (còn 1075s)
2026-04-04 09:29:50,383 -   [Inner 102.10] cost=701.00 no_imp=18/20 (còn 1075s)
2026-04-04 09:29:50,505 -   [Outer 102] Chạy Pairwise MaxSAT...
2026-04-04 09:29:50,505 -   [Outer] Không cải thiện (streak=101)
2026-04-04 09:29:50,505 - === OUTER 103 | cost=701.00 no_imp_streak=101 (còn 1075s) ===
2026-04-04 09:29:50,505 -   [Inner 103.1] cost=701.00 no_imp=0/20 (còn 1075s)
2026-04-04 09:29:50,628 -   [Inner 103.2] cost=701.00 no_imp=2/20 (còn 1075s)
2026-04-04 09:29:50,751 -   [Inner 103.3] cost=701.00 no_imp=4/20 (còn 1074s)
2026-04-04 09:29:50,872 -   [Inner 103.4] cost=701.00 no_imp=6/20 (còn 1074s)
2026-04-04 09:29:50,994 -   [Inner 103.5] cost=701.00 no_imp=8/20 (còn 1074s)
2026-04-04 09:29:51,115 -   [Inner 103.6] cost=701.00 no_imp=10/20 (còn 1074s)
2026-04-04 09:29:51,237 -   [Inner 103.7] cost=701.00 no_imp=12/20 (còn 1074s)
2026-04-04 09:29:51,357 -   [Inner 103.8] cost=701.00 no_imp=14/20 (còn 1074s)
2026-04-04 09:29:51,478 -   [Inner 103.9] cost=701.00 no_imp=16/20 (còn 1074s)
2026-04-04 09:29:51,600 -   [Inner 103.10] cost=701.00 no_imp=18/20 (còn 1074s)
2026-04-04 09:29:51,721 -   [Outer 103] Chạy Pairwise MaxSAT...
2026-04-04 09:29:51,721 -   [Outer] Không cải thiện (streak=102)
2026-04-04 09:29:51,721 - === OUTER 104 | cost=701.00 no_imp_streak=102 (còn 1073s) ===
2026-04-04 09:29:51,722 -   [Inner 104.1] cost=701.00 no_imp=0/20 (còn 1073s)
2026-04-04 09:29:51,844 -   [Inner 104.2] cost=701.00 no_imp=2/20 (còn 1073s)
2026-04-04 09:29:51,965 -   [Inner 104.3] cost=701.00 no_imp=4/20 (còn 1073s)
2026-04-04 09:29:52,090 -   [Inner 104.4] cost=701.00 no_imp=6/20 (còn 1073s)
2026-04-04 09:29:52,212 -   [Inner 104.5] cost=701.00 no_imp=8/20 (còn 1073s)
2026-04-04 09:29:52,335 -   [Inner 104.6] cost=701.00 no_imp=10/20 (còn 1073s)
2026-04-04 09:29:52,455 -   [Inner 104.7] cost=701.00 no_imp=12/20 (còn 1073s)
2026-04-04 09:29:52,575 -   [Inner 104.8] cost=701.00 no_imp=14/20 (còn 1073s)
2026-04-04 09:29:52,696 -   [Inner 104.9] cost=701.00 no_imp=16/20 (còn 1073s)
2026-04-04 09:29:52,817 -   [Inner 104.10] cost=701.00 no_imp=18/20 (còn 1072s)
2026-04-04 09:29:52,939 -   [Outer 104] Chạy Pairwise MaxSAT...
2026-04-04 09:29:52,939 -   [Outer] Không cải thiện (streak=103)
2026-04-04 09:29:52,939 - === OUTER 105 | cost=701.00 no_imp_streak=103 (còn 1072s) ===
2026-04-04 09:29:52,939 -   [Inner 105.1] cost=701.00 no_imp=0/20 (còn 1072s)
2026-04-04 09:29:53,060 -   [Inner 105.2] cost=701.00 no_imp=2/20 (còn 1072s)
2026-04-04 09:29:53,184 -   [Inner 105.3] cost=701.00 no_imp=4/20 (còn 1072s)
2026-04-04 09:29:53,307 -   [Inner 105.4] cost=701.00 no_imp=6/20 (còn 1072s)
2026-04-04 09:29:53,428 -   [Inner 105.5] cost=701.00 no_imp=8/20 (còn 1072s)
2026-04-04 09:29:53,550 -   [Inner 105.6] cost=701.00 no_imp=10/20 (còn 1072s)
2026-04-04 09:29:53,672 -   [Inner 105.7] cost=701.00 no_imp=12/20 (còn 1072s)
2026-04-04 09:29:53,794 -   [Inner 105.8] cost=701.00 no_imp=14/20 (còn 1071s)
2026-04-04 09:29:53,914 -   [Inner 105.9] cost=701.00 no_imp=16/20 (còn 1071s)
2026-04-04 09:29:54,038 -   [Inner 105.10] cost=701.00 no_imp=18/20 (còn 1071s)
2026-04-04 09:29:54,162 -   [Outer 105] Chạy Pairwise MaxSAT...
2026-04-04 09:29:54,162 -   [Outer] Không cải thiện (streak=104)
2026-04-04 09:29:54,163 - === OUTER 106 | cost=701.00 no_imp_streak=104 (còn 1071s) ===
2026-04-04 09:29:54,163 -   [Inner 106.1] cost=701.00 no_imp=0/20 (còn 1071s)
2026-04-04 09:29:54,285 -   [Inner 106.2] cost=701.00 no_imp=2/20 (còn 1071s)
2026-04-04 09:29:54,405 -   [Inner 106.3] cost=701.00 no_imp=4/20 (còn 1071s)
2026-04-04 09:29:54,526 -   [Inner 106.4] cost=701.00 no_imp=6/20 (còn 1071s)
2026-04-04 09:29:54,647 -   [Inner 106.5] cost=701.00 no_imp=8/20 (còn 1071s)
2026-04-04 09:29:54,769 -   [Inner 106.6] cost=701.00 no_imp=10/20 (còn 1070s)
2026-04-04 09:29:54,889 -   [Inner 106.7] cost=701.00 no_imp=12/20 (còn 1070s)
2026-04-04 09:29:55,010 -   [Inner 106.8] cost=701.00 no_imp=14/20 (còn 1070s)
2026-04-04 09:29:55,129 -   [Inner 106.9] cost=701.00 no_imp=16/20 (còn 1070s)
2026-04-04 09:29:55,252 -   [Inner 106.10] cost=701.00 no_imp=18/20 (còn 1070s)
2026-04-04 09:29:55,373 -   [Outer 106] Chạy Pairwise MaxSAT...
2026-04-04 09:29:55,373 -   [Outer] Không cải thiện (streak=105)
2026-04-04 09:29:55,373 - === OUTER 107 | cost=701.00 no_imp_streak=105 (còn 1070s) ===
2026-04-04 09:29:55,373 -   [Inner 107.1] cost=701.00 no_imp=0/20 (còn 1070s)
2026-04-04 09:29:55,495 -   [Inner 107.2] cost=701.00 no_imp=2/20 (còn 1070s)
2026-04-04 09:29:55,618 -   [Inner 107.3] cost=701.00 no_imp=4/20 (còn 1070s)
2026-04-04 09:29:55,741 -   [Inner 107.4] cost=701.00 no_imp=6/20 (còn 1069s)
2026-04-04 09:29:55,861 -   [Inner 107.5] cost=701.00 no_imp=8/20 (còn 1069s)
2026-04-04 09:29:55,983 -   [Inner 107.6] cost=701.00 no_imp=10/20 (còn 1069s)
2026-04-04 09:29:56,105 -   [Inner 107.7] cost=701.00 no_imp=12/20 (còn 1069s)
2026-04-04 09:29:56,229 -   [Inner 107.8] cost=701.00 no_imp=14/20 (còn 1069s)
2026-04-04 09:29:56,349 -   [Inner 107.9] cost=701.00 no_imp=16/20 (còn 1069s)
2026-04-04 09:29:56,471 -   [Inner 107.10] cost=701.00 no_imp=18/20 (còn 1069s)
2026-04-04 09:29:56,592 -   [Outer 107] Chạy Pairwise MaxSAT...
2026-04-04 09:29:56,593 -   [Outer] Không cải thiện (streak=106)
2026-04-04 09:29:56,593 - === OUTER 108 | cost=701.00 no_imp_streak=106 (còn 1069s) ===
2026-04-04 09:29:56,593 -   [Inner 108.1] cost=701.00 no_imp=0/20 (còn 1069s)
2026-04-04 09:29:56,714 -   [Inner 108.2] cost=701.00 no_imp=2/20 (còn 1068s)
2026-04-04 09:29:56,835 -   [Inner 108.3] cost=701.00 no_imp=4/20 (còn 1068s)
2026-04-04 09:29:56,957 -   [Inner 108.4] cost=701.00 no_imp=6/20 (còn 1068s)
2026-04-04 09:29:57,078 -   [Inner 108.5] cost=701.00 no_imp=8/20 (còn 1068s)
2026-04-04 09:29:57,200 -   [Inner 108.6] cost=701.00 no_imp=10/20 (còn 1068s)
2026-04-04 09:29:57,322 -   [Inner 108.7] cost=701.00 no_imp=12/20 (còn 1068s)
2026-04-04 09:29:57,443 -   [Inner 108.8] cost=701.00 no_imp=14/20 (còn 1068s)
2026-04-04 09:29:57,564 -   [Inner 108.9] cost=701.00 no_imp=16/20 (còn 1068s)
2026-04-04 09:29:57,686 -   [Inner 108.10] cost=701.00 no_imp=18/20 (còn 1068s)
2026-04-04 09:29:57,807 -   [Outer 108] Chạy Pairwise MaxSAT...
2026-04-04 09:29:57,807 -   [Outer] Không cải thiện (streak=107)
2026-04-04 09:29:57,807 - === OUTER 109 | cost=701.00 no_imp_streak=107 (còn 1067s) ===
2026-04-04 09:29:57,807 -   [Inner 109.1] cost=701.00 no_imp=0/20 (còn 1067s)
2026-04-04 09:29:57,928 -   [Inner 109.2] cost=701.00 no_imp=2/20 (còn 1067s)
2026-04-04 09:29:58,048 -   [Inner 109.3] cost=701.00 no_imp=4/20 (còn 1067s)
2026-04-04 09:29:58,172 -   [Inner 109.4] cost=701.00 no_imp=6/20 (còn 1067s)
2026-04-04 09:29:58,295 -   [Inner 109.5] cost=701.00 no_imp=8/20 (còn 1067s)
2026-04-04 09:29:58,416 -   [Inner 109.6] cost=701.00 no_imp=10/20 (còn 1067s)
2026-04-04 09:29:58,537 -   [Inner 109.7] cost=701.00 no_imp=12/20 (còn 1067s)
2026-04-04 09:29:58,659 -   [Inner 109.8] cost=701.00 no_imp=14/20 (còn 1067s)
2026-04-04 09:29:58,780 -   [Inner 109.9] cost=701.00 no_imp=16/20 (còn 1066s)
2026-04-04 09:29:58,901 -   [Inner 109.10] cost=701.00 no_imp=18/20 (còn 1066s)
2026-04-04 09:29:59,022 -   [Outer 109] Chạy Pairwise MaxSAT...
2026-04-04 09:29:59,023 -   [Outer] Không cải thiện (streak=108)
2026-04-04 09:29:59,023 - === OUTER 110 | cost=701.00 no_imp_streak=108 (còn 1066s) ===
2026-04-04 09:29:59,023 -   [Inner 110.1] cost=701.00 no_imp=0/20 (còn 1066s)
2026-04-04 09:29:59,145 -   [Inner 110.2] cost=701.00 no_imp=2/20 (còn 1066s)
2026-04-04 09:29:59,267 -   [Inner 110.3] cost=701.00 no_imp=4/20 (còn 1066s)
2026-04-04 09:29:59,388 -   [Inner 110.4] cost=701.00 no_imp=6/20 (còn 1066s)
2026-04-04 09:29:59,508 -   [Inner 110.5] cost=701.00 no_imp=8/20 (còn 1066s)
2026-04-04 09:29:59,630 -   [Inner 110.6] cost=701.00 no_imp=10/20 (còn 1066s)
2026-04-04 09:29:59,752 -   [Inner 110.7] cost=701.00 no_imp=12/20 (còn 1065s)
2026-04-04 09:29:59,872 -   [Inner 110.8] cost=701.00 no_imp=14/20 (còn 1065s)
2026-04-04 09:29:59,993 -   [Inner 110.9] cost=701.00 no_imp=16/20 (còn 1065s)
2026-04-04 09:30:00,117 -   [Inner 110.10] cost=701.00 no_imp=18/20 (còn 1065s)
2026-04-04 09:30:00,243 -   [Outer 110] Chạy Pairwise MaxSAT...
2026-04-04 09:30:00,244 -   [Outer] Không cải thiện (streak=109)
2026-04-04 09:30:00,244 - === OUTER 111 | cost=701.00 no_imp_streak=109 (còn 1065s) ===
2026-04-04 09:30:00,244 -   [Inner 111.1] cost=701.00 no_imp=0/20 (còn 1065s)
2026-04-04 09:30:00,364 -   [Inner 111.2] cost=701.00 no_imp=2/20 (còn 1065s)
2026-04-04 09:30:00,485 -   [Inner 111.3] cost=701.00 no_imp=4/20 (còn 1065s)
2026-04-04 09:30:00,606 -   [Inner 111.4] cost=701.00 no_imp=6/20 (còn 1065s)
2026-04-04 09:30:00,729 -   [Inner 111.5] cost=701.00 no_imp=8/20 (còn 1064s)
2026-04-04 09:30:00,851 -   [Inner 111.6] cost=701.00 no_imp=10/20 (còn 1064s)
2026-04-04 09:30:00,973 -   [Inner 111.7] cost=701.00 no_imp=12/20 (còn 1064s)
2026-04-04 09:30:01,094 -   [Inner 111.8] cost=701.00 no_imp=14/20 (còn 1064s)
2026-04-04 09:30:01,217 -   [Inner 111.9] cost=701.00 no_imp=16/20 (còn 1064s)
2026-04-04 09:30:01,339 -   [Inner 111.10] cost=701.00 no_imp=18/20 (còn 1064s)
2026-04-04 09:30:01,460 -   [Outer 111] Chạy Pairwise MaxSAT...
2026-04-04 09:30:01,460 -   [Outer] Không cải thiện (streak=110)
2026-04-04 09:30:01,460 - === OUTER 112 | cost=701.00 no_imp_streak=110 (còn 1064s) ===
2026-04-04 09:30:01,460 -   [Inner 112.1] cost=701.00 no_imp=0/20 (còn 1064s)
2026-04-04 09:30:01,585 -   [Inner 112.2] cost=701.00 no_imp=2/20 (còn 1064s)
2026-04-04 09:30:01,709 -   [Inner 112.3] cost=701.00 no_imp=4/20 (còn 1064s)
2026-04-04 09:30:01,832 -   [Inner 112.4] cost=701.00 no_imp=6/20 (còn 1063s)
2026-04-04 09:30:01,954 -   [Inner 112.5] cost=701.00 no_imp=8/20 (còn 1063s)
2026-04-04 09:30:02,074 -   [Inner 112.6] cost=701.00 no_imp=10/20 (còn 1063s)
2026-04-04 09:30:02,197 -   [Inner 112.7] cost=701.00 no_imp=12/20 (còn 1063s)
2026-04-04 09:30:02,321 -   [Inner 112.8] cost=701.00 no_imp=14/20 (còn 1063s)
2026-04-04 09:30:02,444 -   [Inner 112.9] cost=701.00 no_imp=16/20 (còn 1063s)
2026-04-04 09:30:02,565 -   [Inner 112.10] cost=701.00 no_imp=18/20 (còn 1063s)
2026-04-04 09:30:02,687 -   [Outer 112] Chạy Pairwise MaxSAT...
2026-04-04 09:30:02,687 -   [Outer] Không cải thiện (streak=111)
2026-04-04 09:30:02,687 - === OUTER 113 | cost=701.00 no_imp_streak=111 (còn 1063s) ===
2026-04-04 09:30:02,687 -   [Inner 113.1] cost=701.00 no_imp=0/20 (còn 1063s)
2026-04-04 09:30:02,809 -   [Inner 113.2] cost=701.00 no_imp=2/20 (còn 1062s)
2026-04-04 09:30:02,929 -   [Inner 113.3] cost=701.00 no_imp=4/20 (còn 1062s)
2026-04-04 09:30:03,052 -   [Inner 113.4] cost=701.00 no_imp=6/20 (còn 1062s)
2026-04-04 09:30:03,173 -   [Inner 113.5] cost=701.00 no_imp=8/20 (còn 1062s)
2026-04-04 09:30:03,295 -   [Inner 113.6] cost=701.00 no_imp=10/20 (còn 1062s)
2026-04-04 09:30:03,417 -   [Inner 113.7] cost=701.00 no_imp=12/20 (còn 1062s)
2026-04-04 09:30:03,538 -   [Inner 113.8] cost=701.00 no_imp=14/20 (còn 1062s)
2026-04-04 09:30:03,661 -   [Inner 113.9] cost=701.00 no_imp=16/20 (còn 1062s)
2026-04-04 09:30:03,781 -   [Inner 113.10] cost=701.00 no_imp=18/20 (còn 1061s)
2026-04-04 09:30:03,903 -   [Outer 113] Chạy Pairwise MaxSAT...
2026-04-04 09:30:03,903 -   [Outer] Không cải thiện (streak=112)
2026-04-04 09:30:03,903 - === OUTER 114 | cost=701.00 no_imp_streak=112 (còn 1061s) ===
2026-04-04 09:30:03,903 -   [Inner 114.1] cost=701.00 no_imp=0/20 (còn 1061s)
2026-04-04 09:30:04,024 -   [Inner 114.2] cost=701.00 no_imp=2/20 (còn 1061s)
2026-04-04 09:30:04,146 -   [Inner 114.3] cost=701.00 no_imp=4/20 (còn 1061s)
2026-04-04 09:30:04,270 -   [Inner 114.4] cost=701.00 no_imp=6/20 (còn 1061s)
2026-04-04 09:30:04,390 -   [Inner 114.5] cost=701.00 no_imp=8/20 (còn 1061s)
2026-04-04 09:30:04,512 -   [Inner 114.6] cost=701.00 no_imp=10/20 (còn 1061s)
2026-04-04 09:30:04,631 -   [Inner 114.7] cost=701.00 no_imp=12/20 (còn 1061s)
2026-04-04 09:30:04,753 -   [Inner 114.8] cost=701.00 no_imp=14/20 (còn 1060s)
2026-04-04 09:30:04,872 -   [Inner 114.9] cost=701.00 no_imp=16/20 (còn 1060s)
2026-04-04 09:30:04,993 -   [Inner 114.10] cost=701.00 no_imp=18/20 (còn 1060s)
2026-04-04 09:30:05,117 -   [Outer 114] Chạy Pairwise MaxSAT...
2026-04-04 09:30:05,117 -   [Outer] Không cải thiện (streak=113)
2026-04-04 09:30:05,117 - === OUTER 115 | cost=701.00 no_imp_streak=113 (còn 1060s) ===
2026-04-04 09:30:05,117 -   [Inner 115.1] cost=701.00 no_imp=0/20 (còn 1060s)
2026-04-04 09:30:05,240 -   [Inner 115.2] cost=701.00 no_imp=2/20 (còn 1060s)
2026-04-04 09:30:05,398 -   [Inner 115.3] cost=701.00 no_imp=4/20 (còn 1060s)
2026-04-04 09:30:05,520 -   [Inner 115.4] cost=701.00 no_imp=6/20 (còn 1060s)
2026-04-04 09:30:05,642 -   [Inner 115.5] cost=701.00 no_imp=8/20 (còn 1060s)
2026-04-04 09:30:05,763 -   [Inner 115.6] cost=701.00 no_imp=10/20 (còn 1059s)
2026-04-04 09:30:05,884 -   [Inner 115.7] cost=701.00 no_imp=12/20 (còn 1059s)
2026-04-04 09:30:06,006 -   [Inner 115.8] cost=701.00 no_imp=14/20 (còn 1059s)
2026-04-04 09:30:06,127 -   [Inner 115.9] cost=701.00 no_imp=16/20 (còn 1059s)
2026-04-04 09:30:06,250 -   [Inner 115.10] cost=701.00 no_imp=18/20 (còn 1059s)
2026-04-04 09:30:06,372 -   [Outer 115] Chạy Pairwise MaxSAT...
2026-04-04 09:30:06,373 -   [Outer] Không cải thiện (streak=114)
2026-04-04 09:30:06,373 - === OUTER 116 | cost=701.00 no_imp_streak=114 (còn 1059s) ===
2026-04-04 09:30:06,373 -   [Inner 116.1] cost=701.00 no_imp=0/20 (còn 1059s)
2026-04-04 09:30:06,496 -   [Inner 116.2] cost=701.00 no_imp=2/20 (còn 1059s)
2026-04-04 09:30:06,617 -   [Inner 116.3] cost=701.00 no_imp=4/20 (còn 1059s)
2026-04-04 09:30:06,738 -   [Inner 116.4] cost=701.00 no_imp=6/20 (còn 1058s)
2026-04-04 09:30:06,859 -   [Inner 116.5] cost=701.00 no_imp=8/20 (còn 1058s)
2026-04-04 09:30:06,981 -   [Inner 116.6] cost=701.00 no_imp=10/20 (còn 1058s)
2026-04-04 09:30:07,102 -   [Inner 116.7] cost=701.00 no_imp=12/20 (còn 1058s)
2026-04-04 09:30:07,225 -   [Inner 116.8] cost=701.00 no_imp=14/20 (còn 1058s)
2026-04-04 09:30:07,347 -   [Inner 116.9] cost=701.00 no_imp=16/20 (còn 1058s)
2026-04-04 09:30:07,467 -   [Inner 116.10] cost=701.00 no_imp=18/20 (còn 1058s)
2026-04-04 09:30:07,590 -   [Outer 116] Chạy Pairwise MaxSAT...
2026-04-04 09:30:07,590 -   [Outer] Không cải thiện (streak=115)
2026-04-04 09:30:07,590 - === OUTER 117 | cost=701.00 no_imp_streak=115 (còn 1058s) ===
2026-04-04 09:30:07,590 -   [Inner 117.1] cost=701.00 no_imp=0/20 (còn 1058s)
2026-04-04 09:30:07,712 -   [Inner 117.2] cost=701.00 no_imp=2/20 (còn 1057s)
2026-04-04 09:30:07,835 -   [Inner 117.3] cost=701.00 no_imp=4/20 (còn 1057s)
2026-04-04 09:30:07,956 -   [Inner 117.4] cost=701.00 no_imp=6/20 (còn 1057s)
2026-04-04 09:30:08,076 -   [Inner 117.5] cost=701.00 no_imp=8/20 (còn 1057s)
2026-04-04 09:30:08,197 -   [Inner 117.6] cost=701.00 no_imp=10/20 (còn 1057s)
2026-04-04 09:30:08,323 -   [Inner 117.7] cost=701.00 no_imp=12/20 (còn 1057s)
2026-04-04 09:30:08,444 -   [Inner 117.8] cost=701.00 no_imp=14/20 (còn 1057s)
2026-04-04 09:30:08,565 -   [Inner 117.9] cost=701.00 no_imp=16/20 (còn 1057s)
2026-04-04 09:30:08,687 -   [Inner 117.10] cost=701.00 no_imp=18/20 (còn 1057s)
2026-04-04 09:30:08,808 -   [Outer 117] Chạy Pairwise MaxSAT...
2026-04-04 09:30:08,809 -   [Outer] Không cải thiện (streak=116)
2026-04-04 09:30:08,809 - === OUTER 118 | cost=701.00 no_imp_streak=116 (còn 1056s) ===
2026-04-04 09:30:08,809 -   [Inner 118.1] cost=701.00 no_imp=0/20 (còn 1056s)
2026-04-04 09:30:08,929 -   [Inner 118.2] cost=701.00 no_imp=2/20 (còn 1056s)
2026-04-04 09:30:09,052 -   [Inner 118.3] cost=701.00 no_imp=4/20 (còn 1056s)
2026-04-04 09:30:09,173 -   [Inner 118.4] cost=701.00 no_imp=6/20 (còn 1056s)
2026-04-04 09:30:09,296 -   [Inner 118.5] cost=701.00 no_imp=8/20 (còn 1056s)
2026-04-04 09:30:09,418 -   [Inner 118.6] cost=701.00 no_imp=10/20 (còn 1056s)
2026-04-04 09:30:09,539 -   [Inner 118.7] cost=701.00 no_imp=12/20 (còn 1056s)
2026-04-04 09:30:09,661 -   [Inner 118.8] cost=701.00 no_imp=14/20 (còn 1056s)
2026-04-04 09:30:09,782 -   [Inner 118.9] cost=701.00 no_imp=16/20 (còn 1055s)
2026-04-04 09:30:09,904 -   [Inner 118.10] cost=701.00 no_imp=18/20 (còn 1055s)
2026-04-04 09:30:10,025 -   [Outer 118] Chạy Pairwise MaxSAT...
2026-04-04 09:30:10,025 -   [Outer] Không cải thiện (streak=117)
2026-04-04 09:30:10,025 - === OUTER 119 | cost=701.00 no_imp_streak=117 (còn 1055s) ===
2026-04-04 09:30:10,025 -   [Inner 119.1] cost=701.00 no_imp=0/20 (còn 1055s)
2026-04-04 09:30:10,145 -   [Inner 119.2] cost=701.00 no_imp=2/20 (còn 1055s)
2026-04-04 09:30:10,268 -   [Inner 119.3] cost=701.00 no_imp=4/20 (còn 1055s)
2026-04-04 09:30:10,390 -   [Inner 119.4] cost=701.00 no_imp=6/20 (còn 1055s)
2026-04-04 09:30:10,510 -   [Inner 119.5] cost=701.00 no_imp=8/20 (còn 1055s)
2026-04-04 09:30:10,632 -   [Inner 119.6] cost=701.00 no_imp=10/20 (còn 1055s)
2026-04-04 09:30:10,755 -   [Inner 119.7] cost=701.00 no_imp=12/20 (còn 1054s)
2026-04-04 09:30:10,876 -   [Inner 119.8] cost=701.00 no_imp=14/20 (còn 1054s)
2026-04-04 09:30:10,997 -   [Inner 119.9] cost=701.00 no_imp=16/20 (còn 1054s)
2026-04-04 09:30:11,118 -   [Inner 119.10] cost=701.00 no_imp=18/20 (còn 1054s)
2026-04-04 09:30:11,238 -   [Outer 119] Chạy Pairwise MaxSAT...
2026-04-04 09:30:11,238 -   [Outer] Không cải thiện (streak=118)
2026-04-04 09:30:11,239 - === OUTER 120 | cost=701.00 no_imp_streak=118 (còn 1054s) ===
2026-04-04 09:30:11,239 -   [Inner 120.1] cost=701.00 no_imp=0/20 (còn 1054s)
2026-04-04 09:30:11,361 -   [Inner 120.2] cost=701.00 no_imp=2/20 (còn 1054s)
2026-04-04 09:30:11,483 -   [Inner 120.3] cost=701.00 no_imp=4/20 (còn 1054s)
2026-04-04 09:30:11,604 -   [Inner 120.4] cost=701.00 no_imp=6/20 (còn 1054s)
2026-04-04 09:30:11,725 -   [Inner 120.5] cost=701.00 no_imp=8/20 (còn 1053s)
2026-04-04 09:30:11,850 -   [Inner 120.6] cost=701.00 no_imp=10/20 (còn 1053s)
2026-04-04 09:30:11,977 -   [Inner 120.7] cost=701.00 no_imp=12/20 (còn 1053s)
2026-04-04 09:30:12,105 -   [Inner 120.8] cost=701.00 no_imp=14/20 (còn 1053s)
2026-04-04 09:30:12,228 -   [Inner 120.9] cost=701.00 no_imp=16/20 (còn 1053s)
2026-04-04 09:30:12,354 -   [Inner 120.10] cost=701.00 no_imp=18/20 (còn 1053s)
2026-04-04 09:30:12,476 -   [Outer 120] Chạy Pairwise MaxSAT...
2026-04-04 09:30:12,476 -   [Outer] Không cải thiện (streak=119)
2026-04-04 09:30:12,476 - === OUTER 121 | cost=701.00 no_imp_streak=119 (còn 1053s) ===
2026-04-04 09:30:12,476 -   [Inner 121.1] cost=701.00 no_imp=0/20 (còn 1053s)
2026-04-04 09:30:12,598 -   [Inner 121.2] cost=701.00 no_imp=2/20 (còn 1053s)
2026-04-04 09:30:12,719 -   [Inner 121.3] cost=701.00 no_imp=4/20 (còn 1052s)
2026-04-04 09:30:12,840 -   [Inner 121.4] cost=701.00 no_imp=6/20 (còn 1052s)
2026-04-04 09:30:12,961 -   [Inner 121.5] cost=701.00 no_imp=8/20 (còn 1052s)
2026-04-04 09:30:13,083 -   [Inner 121.6] cost=701.00 no_imp=10/20 (còn 1052s)
2026-04-04 09:30:13,209 -   [Inner 121.7] cost=701.00 no_imp=12/20 (còn 1052s)
2026-04-04 09:30:13,334 -   [Inner 121.8] cost=701.00 no_imp=14/20 (còn 1052s)
2026-04-04 09:30:13,458 -   [Inner 121.9] cost=701.00 no_imp=16/20 (còn 1052s)
2026-04-04 09:30:13,582 -   [Inner 121.10] cost=701.00 no_imp=18/20 (còn 1052s)
2026-04-04 09:30:13,707 -   [Outer 121] Chạy Pairwise MaxSAT...
2026-04-04 09:30:13,707 -   [Outer] Không cải thiện (streak=120)
2026-04-04 09:30:13,707 - === OUTER 122 | cost=701.00 no_imp_streak=120 (còn 1052s) ===
2026-04-04 09:30:13,707 -   [Inner 122.1] cost=701.00 no_imp=0/20 (còn 1052s)
2026-04-04 09:30:13,830 -   [Inner 122.2] cost=701.00 no_imp=2/20 (còn 1051s)
2026-04-04 09:30:13,954 -   [Inner 122.3] cost=701.00 no_imp=4/20 (còn 1051s)
2026-04-04 09:30:14,077 -   [Inner 122.4] cost=701.00 no_imp=6/20 (còn 1051s)
2026-04-04 09:30:14,203 -   [Inner 122.5] cost=701.00 no_imp=8/20 (còn 1051s)
2026-04-04 09:30:14,329 -   [Inner 122.6] cost=701.00 no_imp=10/20 (còn 1051s)
2026-04-04 09:30:14,455 -   [Inner 122.7] cost=701.00 no_imp=12/20 (còn 1051s)
2026-04-04 09:30:14,576 -   [Inner 122.8] cost=701.00 no_imp=14/20 (còn 1051s)
2026-04-04 09:30:14,698 -   [Inner 122.9] cost=701.00 no_imp=16/20 (còn 1051s)
2026-04-04 09:30:14,818 -   [Inner 122.10] cost=701.00 no_imp=18/20 (còn 1050s)
2026-04-04 09:30:14,940 -   [Outer 122] Chạy Pairwise MaxSAT...
2026-04-04 09:30:14,940 -   [Outer] Không cải thiện (streak=121)
2026-04-04 09:30:14,940 - === OUTER 123 | cost=701.00 no_imp_streak=121 (còn 1050s) ===
2026-04-04 09:30:14,940 -   [Inner 123.1] cost=701.00 no_imp=0/20 (còn 1050s)
2026-04-04 09:30:15,061 -   [Inner 123.2] cost=701.00 no_imp=2/20 (còn 1050s)
2026-04-04 09:30:15,181 -   [Inner 123.3] cost=701.00 no_imp=4/20 (còn 1050s)
2026-04-04 09:30:15,302 -   [Inner 123.4] cost=701.00 no_imp=6/20 (còn 1050s)
2026-04-04 09:30:15,424 -   [Inner 123.5] cost=701.00 no_imp=8/20 (còn 1050s)
2026-04-04 09:30:15,545 -   [Inner 123.6] cost=701.00 no_imp=10/20 (còn 1050s)
2026-04-04 09:30:15,669 -   [Inner 123.7] cost=701.00 no_imp=12/20 (còn 1050s)
2026-04-04 09:30:15,790 -   [Inner 123.8] cost=701.00 no_imp=14/20 (còn 1049s)
2026-04-04 09:30:15,912 -   [Inner 123.9] cost=701.00 no_imp=16/20 (còn 1049s)
2026-04-04 09:30:16,034 -   [Inner 123.10] cost=701.00 no_imp=18/20 (còn 1049s)
2026-04-04 09:30:16,155 -   [Outer 123] Chạy Pairwise MaxSAT...
2026-04-04 09:30:16,156 -   [Outer] Không cải thiện (streak=122)
2026-04-04 09:30:16,156 - === OUTER 124 | cost=701.00 no_imp_streak=122 (còn 1049s) ===
2026-04-04 09:30:16,156 -   [Inner 124.1] cost=701.00 no_imp=0/20 (còn 1049s)
2026-04-04 09:30:16,278 -   [Inner 124.2] cost=701.00 no_imp=2/20 (còn 1049s)
2026-04-04 09:30:16,403 -   [Inner 124.3] cost=701.00 no_imp=4/20 (còn 1049s)
2026-04-04 09:30:16,524 -   [Inner 124.4] cost=701.00 no_imp=6/20 (còn 1049s)
2026-04-04 09:30:16,646 -   [Inner 124.5] cost=701.00 no_imp=8/20 (còn 1049s)
2026-04-04 09:30:16,769 -   [Inner 124.6] cost=701.00 no_imp=10/20 (còn 1048s)
2026-04-04 09:30:16,891 -   [Inner 124.7] cost=701.00 no_imp=12/20 (còn 1048s)
2026-04-04 09:30:17,011 -   [Inner 124.8] cost=701.00 no_imp=14/20 (còn 1048s)
2026-04-04 09:30:17,133 -   [Inner 124.9] cost=701.00 no_imp=16/20 (còn 1048s)
2026-04-04 09:30:17,255 -   [Inner 124.10] cost=701.00 no_imp=18/20 (còn 1048s)
2026-04-04 09:30:17,379 -   [Outer 124] Chạy Pairwise MaxSAT...
2026-04-04 09:30:17,380 -   [Outer] Không cải thiện (streak=123)
2026-04-04 09:30:17,380 - === OUTER 125 | cost=701.00 no_imp_streak=123 (còn 1048s) ===
2026-04-04 09:30:17,380 -   [Inner 125.1] cost=701.00 no_imp=0/20 (còn 1048s)
2026-04-04 09:30:17,502 -   [Inner 125.2] cost=701.00 no_imp=2/20 (còn 1048s)
2026-04-04 09:30:17,623 -   [Inner 125.3] cost=701.00 no_imp=4/20 (còn 1048s)
2026-04-04 09:30:17,746 -   [Inner 125.4] cost=701.00 no_imp=6/20 (còn 1047s)
2026-04-04 09:30:17,868 -   [Inner 125.5] cost=701.00 no_imp=8/20 (còn 1047s)
2026-04-04 09:30:17,990 -   [Inner 125.6] cost=701.00 no_imp=10/20 (còn 1047s)
2026-04-04 09:30:18,111 -   [Inner 125.7] cost=701.00 no_imp=12/20 (còn 1047s)
2026-04-04 09:30:18,232 -   [Inner 125.8] cost=701.00 no_imp=14/20 (còn 1047s)
2026-04-04 09:30:18,353 -   [Inner 125.9] cost=701.00 no_imp=16/20 (còn 1047s)
2026-04-04 09:30:18,478 -   [Inner 125.10] cost=701.00 no_imp=18/20 (còn 1047s)
2026-04-04 09:30:18,602 -   [Outer 125] Chạy Pairwise MaxSAT...
2026-04-04 09:30:18,602 -   [Outer] Không cải thiện (streak=124)
2026-04-04 09:30:18,602 - === OUTER 126 | cost=701.00 no_imp_streak=124 (còn 1047s) ===
2026-04-04 09:30:18,602 -   [Inner 126.1] cost=701.00 no_imp=0/20 (còn 1047s)
2026-04-04 09:30:18,723 -   [Inner 126.2] cost=701.00 no_imp=2/20 (còn 1046s)
2026-04-04 09:30:18,846 -   [Inner 126.3] cost=701.00 no_imp=4/20 (còn 1046s)
2026-04-04 09:30:18,968 -   [Inner 126.4] cost=701.00 no_imp=6/20 (còn 1046s)
2026-04-04 09:30:19,091 -   [Inner 126.5] cost=701.00 no_imp=8/20 (còn 1046s)
2026-04-04 09:30:19,214 -   [Inner 126.6] cost=701.00 no_imp=10/20 (còn 1046s)
2026-04-04 09:30:19,336 -   [Inner 126.7] cost=701.00 no_imp=12/20 (còn 1046s)
2026-04-04 09:30:19,459 -   [Inner 126.8] cost=701.00 no_imp=14/20 (còn 1046s)
2026-04-04 09:30:19,579 -   [Inner 126.9] cost=701.00 no_imp=16/20 (còn 1046s)
2026-04-04 09:30:19,700 -   [Inner 126.10] cost=701.00 no_imp=18/20 (còn 1046s)
2026-04-04 09:30:19,824 -   [Outer 126] Chạy Pairwise MaxSAT...
2026-04-04 09:30:19,824 -   [Outer] Không cải thiện (streak=125)
2026-04-04 09:30:19,824 - === OUTER 127 | cost=701.00 no_imp_streak=125 (còn 1045s) ===
2026-04-04 09:30:19,824 -   [Inner 127.1] cost=701.00 no_imp=0/20 (còn 1045s)
2026-04-04 09:30:19,945 -   [Inner 127.2] cost=701.00 no_imp=2/20 (còn 1045s)
2026-04-04 09:30:20,067 -   [Inner 127.3] cost=701.00 no_imp=4/20 (còn 1045s)
2026-04-04 09:30:20,188 -   [Inner 127.4] cost=701.00 no_imp=6/20 (còn 1045s)
2026-04-04 09:30:20,312 -   [Inner 127.5] cost=701.00 no_imp=8/20 (còn 1045s)
2026-04-04 09:30:20,435 -   [Inner 127.6] cost=701.00 no_imp=10/20 (còn 1045s)
2026-04-04 09:30:20,561 -   [Inner 127.7] cost=701.00 no_imp=12/20 (còn 1045s)
2026-04-04 09:30:20,684 -   [Inner 127.8] cost=701.00 no_imp=14/20 (còn 1045s)
2026-04-04 09:30:20,805 -   [Inner 127.9] cost=701.00 no_imp=16/20 (còn 1044s)
2026-04-04 09:30:20,927 -   [Inner 127.10] cost=701.00 no_imp=18/20 (còn 1044s)
2026-04-04 09:30:21,051 -   [Outer 127] Chạy Pairwise MaxSAT...
2026-04-04 09:30:21,051 -   [Outer] Không cải thiện (streak=126)
2026-04-04 09:30:21,051 - === OUTER 128 | cost=701.00 no_imp_streak=126 (còn 1044s) ===
2026-04-04 09:30:21,051 -   [Inner 128.1] cost=701.00 no_imp=0/20 (còn 1044s)
2026-04-04 09:30:21,174 -   [Inner 128.2] cost=701.00 no_imp=2/20 (còn 1044s)
2026-04-04 09:30:21,296 -   [Inner 128.3] cost=701.00 no_imp=4/20 (còn 1044s)
2026-04-04 09:30:21,417 -   [Inner 128.4] cost=701.00 no_imp=6/20 (còn 1044s)
2026-04-04 09:30:21,539 -   [Inner 128.5] cost=701.00 no_imp=8/20 (còn 1044s)
2026-04-04 09:30:21,662 -   [Inner 128.6] cost=701.00 no_imp=10/20 (còn 1044s)
2026-04-04 09:30:21,784 -   [Inner 128.7] cost=701.00 no_imp=12/20 (còn 1043s)
2026-04-04 09:30:21,907 -   [Inner 128.8] cost=701.00 no_imp=14/20 (còn 1043s)
2026-04-04 09:30:22,029 -   [Inner 128.9] cost=701.00 no_imp=16/20 (còn 1043s)
2026-04-04 09:30:22,151 -   [Inner 128.10] cost=701.00 no_imp=18/20 (còn 1043s)
2026-04-04 09:30:22,273 -   [Outer 128] Chạy Pairwise MaxSAT...
2026-04-04 09:30:22,274 -   [Outer] Không cải thiện (streak=127)
2026-04-04 09:30:22,274 - === OUTER 129 | cost=701.00 no_imp_streak=127 (còn 1043s) ===
2026-04-04 09:30:22,274 -   [Inner 129.1] cost=701.00 no_imp=0/20 (còn 1043s)
2026-04-04 09:30:22,394 -   [Inner 129.2] cost=701.00 no_imp=2/20 (còn 1043s)
2026-04-04 09:30:22,518 -   [Inner 129.3] cost=701.00 no_imp=4/20 (còn 1043s)
2026-04-04 09:30:22,638 -   [Inner 129.4] cost=701.00 no_imp=6/20 (còn 1043s)
2026-04-04 09:30:22,762 -   [Inner 129.5] cost=701.00 no_imp=8/20 (còn 1042s)
2026-04-04 09:30:22,884 -   [Inner 129.6] cost=701.00 no_imp=10/20 (còn 1042s)
2026-04-04 09:30:23,005 -   [Inner 129.7] cost=701.00 no_imp=12/20 (còn 1042s)
2026-04-04 09:30:23,128 -   [Inner 129.8] cost=701.00 no_imp=14/20 (còn 1042s)
2026-04-04 09:30:23,250 -   [Inner 129.9] cost=701.00 no_imp=16/20 (còn 1042s)
2026-04-04 09:30:23,373 -   [Inner 129.10] cost=701.00 no_imp=18/20 (còn 1042s)
2026-04-04 09:30:23,495 -   [Outer 129] Chạy Pairwise MaxSAT...
2026-04-04 09:30:23,495 -   [Outer] Không cải thiện (streak=128)
2026-04-04 09:30:23,495 - === OUTER 130 | cost=701.00 no_imp_streak=128 (còn 1042s) ===
2026-04-04 09:30:23,495 -   [Inner 130.1] cost=701.00 no_imp=0/20 (còn 1042s)
2026-04-04 09:30:23,617 -   [Inner 130.2] cost=701.00 no_imp=2/20 (còn 1042s)
2026-04-04 09:30:23,738 -   [Inner 130.3] cost=701.00 no_imp=4/20 (còn 1041s)
2026-04-04 09:30:23,860 -   [Inner 130.4] cost=701.00 no_imp=6/20 (còn 1041s)
2026-04-04 09:30:23,981 -   [Inner 130.5] cost=701.00 no_imp=8/20 (còn 1041s)
2026-04-04 09:30:24,102 -   [Inner 130.6] cost=701.00 no_imp=10/20 (còn 1041s)
2026-04-04 09:30:24,223 -   [Inner 130.7] cost=701.00 no_imp=12/20 (còn 1041s)
2026-04-04 09:30:24,344 -   [Inner 130.8] cost=701.00 no_imp=14/20 (còn 1041s)
2026-04-04 09:30:24,464 -   [Inner 130.9] cost=701.00 no_imp=16/20 (còn 1041s)
2026-04-04 09:30:24,591 -   [Inner 130.10] cost=701.00 no_imp=18/20 (còn 1041s)
2026-04-04 09:30:24,714 -   [Outer 130] Chạy Pairwise MaxSAT...
2026-04-04 09:30:24,714 -   [Outer] Không cải thiện (streak=129)
2026-04-04 09:30:24,715 - === OUTER 131 | cost=701.00 no_imp_streak=129 (còn 1040s) ===
2026-04-04 09:30:24,715 -   [Inner 131.1] cost=701.00 no_imp=0/20 (còn 1040s)
2026-04-04 09:30:24,836 -   [Inner 131.2] cost=701.00 no_imp=2/20 (còn 1040s)
2026-04-04 09:30:24,958 -   [Inner 131.3] cost=701.00 no_imp=4/20 (còn 1040s)
2026-04-04 09:30:25,080 -   [Inner 131.4] cost=701.00 no_imp=6/20 (còn 1040s)
2026-04-04 09:30:25,202 -   [Inner 131.5] cost=701.00 no_imp=8/20 (còn 1040s)
2026-04-04 09:30:25,325 -   [Inner 131.6] cost=701.00 no_imp=10/20 (còn 1040s)
2026-04-04 09:30:25,445 -   [Inner 131.7] cost=701.00 no_imp=12/20 (còn 1040s)
2026-04-04 09:30:25,569 -   [Inner 131.8] cost=701.00 no_imp=14/20 (còn 1040s)
2026-04-04 09:30:25,692 -   [Inner 131.9] cost=701.00 no_imp=16/20 (còn 1040s)
2026-04-04 09:30:25,816 -   [Inner 131.10] cost=701.00 no_imp=18/20 (còn 1039s)
2026-04-04 09:30:25,939 -   [Outer 131] Chạy Pairwise MaxSAT...
2026-04-04 09:30:25,939 -   [Outer] Không cải thiện (streak=130)
2026-04-04 09:30:25,940 - === OUTER 132 | cost=701.00 no_imp_streak=130 (còn 1039s) ===
2026-04-04 09:30:25,940 -   [Inner 132.1] cost=701.00 no_imp=0/20 (còn 1039s)
2026-04-04 09:30:26,062 -   [Inner 132.2] cost=701.00 no_imp=2/20 (còn 1039s)
2026-04-04 09:30:26,182 -   [Inner 132.3] cost=701.00 no_imp=4/20 (còn 1039s)
2026-04-04 09:30:26,306 -   [Inner 132.4] cost=701.00 no_imp=6/20 (còn 1039s)
2026-04-04 09:30:26,428 -   [Inner 132.5] cost=701.00 no_imp=8/20 (còn 1039s)
2026-04-04 09:30:26,553 -   [Inner 132.6] cost=701.00 no_imp=10/20 (còn 1039s)
2026-04-04 09:30:26,675 -   [Inner 132.7] cost=701.00 no_imp=12/20 (còn 1039s)
2026-04-04 09:30:26,795 -   [Inner 132.8] cost=701.00 no_imp=14/20 (còn 1038s)
2026-04-04 09:30:26,917 -   [Inner 132.9] cost=701.00 no_imp=16/20 (còn 1038s)
2026-04-04 09:30:27,041 -   [Inner 132.10] cost=701.00 no_imp=18/20 (còn 1038s)
2026-04-04 09:30:27,162 -   [Outer 132] Chạy Pairwise MaxSAT...
2026-04-04 09:30:27,163 -   [Outer] Không cải thiện (streak=131)
2026-04-04 09:30:27,163 - === OUTER 133 | cost=701.00 no_imp_streak=131 (còn 1038s) ===
2026-04-04 09:30:27,163 -   [Inner 133.1] cost=701.00 no_imp=0/20 (còn 1038s)
2026-04-04 09:30:27,286 -   [Inner 133.2] cost=701.00 no_imp=2/20 (còn 1038s)
2026-04-04 09:30:27,408 -   [Inner 133.3] cost=701.00 no_imp=4/20 (còn 1038s)
2026-04-04 09:30:27,529 -   [Inner 133.4] cost=701.00 no_imp=6/20 (còn 1038s)
2026-04-04 09:30:27,651 -   [Inner 133.5] cost=701.00 no_imp=8/20 (còn 1038s)
2026-04-04 09:30:27,774 -   [Inner 133.6] cost=701.00 no_imp=10/20 (còn 1037s)
2026-04-04 09:30:27,897 -   [Inner 133.7] cost=701.00 no_imp=12/20 (còn 1037s)
2026-04-04 09:30:28,018 -   [Inner 133.8] cost=701.00 no_imp=14/20 (còn 1037s)
2026-04-04 09:30:28,141 -   [Inner 133.9] cost=701.00 no_imp=16/20 (còn 1037s)
2026-04-04 09:30:28,263 -   [Inner 133.10] cost=701.00 no_imp=18/20 (còn 1037s)
2026-04-04 09:30:28,385 -   [Outer 133] Chạy Pairwise MaxSAT...
2026-04-04 09:30:28,385 -   [Outer] Không cải thiện (streak=132)
2026-04-04 09:30:28,385 - === OUTER 134 | cost=701.00 no_imp_streak=132 (còn 1037s) ===
2026-04-04 09:30:28,385 -   [Inner 134.1] cost=701.00 no_imp=0/20 (còn 1037s)
2026-04-04 09:30:28,506 -   [Inner 134.2] cost=701.00 no_imp=2/20 (còn 1037s)
2026-04-04 09:30:28,630 -   [Inner 134.3] cost=701.00 no_imp=4/20 (còn 1037s)
2026-04-04 09:30:28,752 -   [Inner 134.4] cost=701.00 no_imp=6/20 (còn 1036s)
2026-04-04 09:30:28,874 -   [Inner 134.5] cost=701.00 no_imp=8/20 (còn 1036s)
2026-04-04 09:30:29,031 -   [Inner 134.6] cost=701.00 no_imp=10/20 (còn 1036s)
2026-04-04 09:30:29,151 -   [Inner 134.7] cost=701.00 no_imp=12/20 (còn 1036s)
2026-04-04 09:30:29,274 -   [Inner 134.8] cost=701.00 no_imp=14/20 (còn 1036s)
2026-04-04 09:30:29,399 -   [Inner 134.9] cost=701.00 no_imp=16/20 (còn 1036s)
2026-04-04 09:30:29,533 -   [Inner 134.10] cost=701.00 no_imp=18/20 (còn 1036s)
2026-04-04 09:30:29,653 -   [Outer 134] Chạy Pairwise MaxSAT...
2026-04-04 09:30:29,654 -   [Outer] Không cải thiện (streak=133)
2026-04-04 09:30:29,654 - === OUTER 135 | cost=701.00 no_imp_streak=133 (còn 1036s) ===
2026-04-04 09:30:29,654 -   [Inner 135.1] cost=701.00 no_imp=0/20 (còn 1036s)
2026-04-04 09:30:29,776 -   [Inner 135.2] cost=701.00 no_imp=2/20 (còn 1035s)
2026-04-04 09:30:29,897 -   [Inner 135.3] cost=701.00 no_imp=4/20 (còn 1035s)
2026-04-04 09:30:30,019 -   [Inner 135.4] cost=701.00 no_imp=6/20 (còn 1035s)
2026-04-04 09:30:30,140 -   [Inner 135.5] cost=701.00 no_imp=8/20 (còn 1035s)
2026-04-04 09:30:30,263 -   [Inner 135.6] cost=701.00 no_imp=10/20 (còn 1035s)
2026-04-04 09:30:30,385 -   [Inner 135.7] cost=701.00 no_imp=12/20 (còn 1035s)
2026-04-04 09:30:30,506 -   [Inner 135.8] cost=701.00 no_imp=14/20 (còn 1035s)
2026-04-04 09:30:30,631 -   [Inner 135.9] cost=701.00 no_imp=16/20 (còn 1035s)
2026-04-04 09:30:30,753 -   [Inner 135.10] cost=701.00 no_imp=18/20 (còn 1034s)
2026-04-04 09:30:30,873 -   [Outer 135] Chạy Pairwise MaxSAT...
2026-04-04 09:30:30,874 -   [Outer] Không cải thiện (streak=134)
2026-04-04 09:30:30,874 - === OUTER 136 | cost=701.00 no_imp_streak=134 (còn 1034s) ===
2026-04-04 09:30:30,874 -   [Inner 136.1] cost=701.00 no_imp=0/20 (còn 1034s)
2026-04-04 09:30:30,994 -   [Inner 136.2] cost=701.00 no_imp=2/20 (còn 1034s)
2026-04-04 09:30:31,115 -   [Inner 136.3] cost=701.00 no_imp=4/20 (còn 1034s)
2026-04-04 09:30:31,236 -   [Inner 136.4] cost=701.00 no_imp=6/20 (còn 1034s)
2026-04-04 09:30:31,357 -   [Inner 136.5] cost=701.00 no_imp=8/20 (còn 1034s)
2026-04-04 09:30:31,478 -   [Inner 136.6] cost=701.00 no_imp=10/20 (còn 1034s)
2026-04-04 09:30:31,609 -   [Inner 136.7] cost=701.00 no_imp=12/20 (còn 1034s)
2026-04-04 09:30:31,730 -   [Inner 136.8] cost=701.00 no_imp=14/20 (còn 1033s)
2026-04-04 09:30:31,854 -   [Inner 136.9] cost=701.00 no_imp=16/20 (còn 1033s)
2026-04-04 09:30:31,974 -   [Inner 136.10] cost=701.00 no_imp=18/20 (còn 1033s)
2026-04-04 09:30:32,096 -   [Outer 136] Chạy Pairwise MaxSAT...
2026-04-04 09:30:32,096 -   [Outer] Không cải thiện (streak=135)
2026-04-04 09:30:32,097 - === OUTER 137 | cost=701.00 no_imp_streak=135 (còn 1033s) ===
2026-04-04 09:30:32,097 -   [Inner 137.1] cost=701.00 no_imp=0/20 (còn 1033s)
2026-04-04 09:30:32,219 -   [Inner 137.2] cost=701.00 no_imp=2/20 (còn 1033s)
2026-04-04 09:30:32,341 -   [Inner 137.3] cost=701.00 no_imp=4/20 (còn 1033s)
2026-04-04 09:30:32,462 -   [Inner 137.4] cost=701.00 no_imp=6/20 (còn 1033s)
2026-04-04 09:30:32,584 -   [Inner 137.5] cost=701.00 no_imp=8/20 (còn 1033s)
2026-04-04 09:30:32,709 -   [Inner 137.6] cost=701.00 no_imp=10/20 (còn 1033s)
2026-04-04 09:30:32,832 -   [Inner 137.7] cost=701.00 no_imp=12/20 (còn 1032s)
2026-04-04 09:30:32,953 -   [Inner 137.8] cost=701.00 no_imp=14/20 (còn 1032s)
2026-04-04 09:30:33,080 -   [Inner 137.9] cost=701.00 no_imp=16/20 (còn 1032s)
2026-04-04 09:30:33,204 -   [Inner 137.10] cost=701.00 no_imp=18/20 (còn 1032s)
2026-04-04 09:30:33,333 -   [Outer 137] Chạy Pairwise MaxSAT...
2026-04-04 09:30:33,333 -   [Outer] Không cải thiện (streak=136)
2026-04-04 09:30:33,333 - === OUTER 138 | cost=701.00 no_imp_streak=136 (còn 1032s) ===
2026-04-04 09:30:33,333 -   [Inner 138.1] cost=701.00 no_imp=0/20 (còn 1032s)
2026-04-04 09:30:33,456 -   [Inner 138.2] cost=701.00 no_imp=2/20 (còn 1032s)
2026-04-04 09:30:33,578 -   [Inner 138.3] cost=701.00 no_imp=4/20 (còn 1032s)
2026-04-04 09:30:33,704 -   [Inner 138.4] cost=701.00 no_imp=6/20 (còn 1032s)
2026-04-04 09:30:33,827 -   [Inner 138.5] cost=701.00 no_imp=8/20 (còn 1031s)
2026-04-04 09:30:33,948 -   [Inner 138.6] cost=701.00 no_imp=10/20 (còn 1031s)
2026-04-04 09:30:34,070 -   [Inner 138.7] cost=701.00 no_imp=12/20 (còn 1031s)
2026-04-04 09:30:34,193 -   [Inner 138.8] cost=701.00 no_imp=14/20 (còn 1031s)
2026-04-04 09:30:34,317 -   [Inner 138.9] cost=701.00 no_imp=16/20 (còn 1031s)
2026-04-04 09:30:34,441 -   [Inner 138.10] cost=701.00 no_imp=18/20 (còn 1031s)
2026-04-04 09:30:34,565 -   [Outer 138] Chạy Pairwise MaxSAT...
2026-04-04 09:30:34,566 -   [Outer] Không cải thiện (streak=137)
2026-04-04 09:30:34,566 - === OUTER 139 | cost=701.00 no_imp_streak=137 (còn 1031s) ===
2026-04-04 09:30:34,566 -   [Inner 139.1] cost=701.00 no_imp=0/20 (còn 1031s)
2026-04-04 09:30:34,693 -   [Inner 139.2] cost=701.00 no_imp=2/20 (còn 1031s)
2026-04-04 09:30:34,818 -   [Inner 139.3] cost=701.00 no_imp=4/20 (còn 1030s)
2026-04-04 09:30:34,941 -   [Inner 139.4] cost=701.00 no_imp=6/20 (còn 1030s)
2026-04-04 09:30:35,068 -   [Inner 139.5] cost=701.00 no_imp=8/20 (còn 1030s)
2026-04-04 09:30:35,191 -   [Inner 139.6] cost=701.00 no_imp=10/20 (còn 1030s)
2026-04-04 09:30:35,322 -   [Inner 139.7] cost=701.00 no_imp=12/20 (còn 1030s)
2026-04-04 09:30:35,451 -   [Inner 139.8] cost=701.00 no_imp=14/20 (còn 1030s)
2026-04-04 09:30:35,573 -   [Inner 139.9] cost=701.00 no_imp=16/20 (còn 1030s)
2026-04-04 09:30:35,695 -   [Inner 139.10] cost=701.00 no_imp=18/20 (còn 1030s)
2026-04-04 09:30:35,817 -   [Outer 139] Chạy Pairwise MaxSAT...
2026-04-04 09:30:35,818 -   [Outer] Không cải thiện (streak=138)
2026-04-04 09:30:35,818 - === OUTER 140 | cost=701.00 no_imp_streak=138 (còn 1029s) ===
2026-04-04 09:30:35,818 -   [Inner 140.1] cost=701.00 no_imp=0/20 (còn 1029s)
2026-04-04 09:30:35,940 -   [Inner 140.2] cost=701.00 no_imp=2/20 (còn 1029s)
2026-04-04 09:30:36,063 -   [Inner 140.3] cost=701.00 no_imp=4/20 (còn 1029s)
2026-04-04 09:30:36,185 -   [Inner 140.4] cost=701.00 no_imp=6/20 (còn 1029s)
2026-04-04 09:30:36,306 -   [Inner 140.5] cost=701.00 no_imp=8/20 (còn 1029s)
2026-04-04 09:30:36,427 -   [Inner 140.6] cost=701.00 no_imp=10/20 (còn 1029s)
2026-04-04 09:30:36,549 -   [Inner 140.7] cost=701.00 no_imp=12/20 (còn 1029s)
2026-04-04 09:30:36,671 -   [Inner 140.8] cost=701.00 no_imp=14/20 (còn 1029s)
2026-04-04 09:30:36,794 -   [Inner 140.9] cost=701.00 no_imp=16/20 (còn 1028s)
2026-04-04 09:30:36,916 -   [Inner 140.10] cost=701.00 no_imp=18/20 (còn 1028s)
2026-04-04 09:30:37,038 -   [Outer 140] Chạy Pairwise MaxSAT...
2026-04-04 09:30:37,039 -   [Outer] Không cải thiện (streak=139)
2026-04-04 09:30:37,039 - === OUTER 141 | cost=701.00 no_imp_streak=139 (còn 1028s) ===
2026-04-04 09:30:37,039 -   [Inner 141.1] cost=701.00 no_imp=0/20 (còn 1028s)
2026-04-04 09:30:37,160 -   [Inner 141.2] cost=701.00 no_imp=2/20 (còn 1028s)
2026-04-04 09:30:37,282 -   [Inner 141.3] cost=701.00 no_imp=4/20 (còn 1028s)
2026-04-04 09:30:37,403 -   [Inner 141.4] cost=701.00 no_imp=6/20 (còn 1028s)
2026-04-04 09:30:37,527 -   [Inner 141.5] cost=701.00 no_imp=8/20 (còn 1028s)
2026-04-04 09:30:37,648 -   [Inner 141.6] cost=701.00 no_imp=10/20 (còn 1028s)
2026-04-04 09:30:37,771 -   [Inner 141.7] cost=701.00 no_imp=12/20 (còn 1027s)
2026-04-04 09:30:37,894 -   [Inner 141.8] cost=701.00 no_imp=14/20 (còn 1027s)
2026-04-04 09:30:38,015 -   [Inner 141.9] cost=701.00 no_imp=16/20 (còn 1027s)
2026-04-04 09:30:38,139 -   [Inner 141.10] cost=701.00 no_imp=18/20 (còn 1027s)
2026-04-04 09:30:38,259 -   [Outer 141] Chạy Pairwise MaxSAT...
2026-04-04 09:30:38,259 -   [Outer] Không cải thiện (streak=140)
2026-04-04 09:30:38,260 - === OUTER 142 | cost=701.00 no_imp_streak=140 (còn 1027s) ===
2026-04-04 09:30:38,260 -   [Inner 142.1] cost=701.00 no_imp=0/20 (còn 1027s)
2026-04-04 09:30:38,381 -   [Inner 142.2] cost=701.00 no_imp=2/20 (còn 1027s)
2026-04-04 09:30:38,503 -   [Inner 142.3] cost=701.00 no_imp=4/20 (còn 1027s)
2026-04-04 09:30:38,625 -   [Inner 142.4] cost=701.00 no_imp=6/20 (còn 1027s)
2026-04-04 09:30:38,749 -   [Inner 142.5] cost=701.00 no_imp=8/20 (còn 1026s)
2026-04-04 09:30:38,869 -   [Inner 142.6] cost=701.00 no_imp=10/20 (còn 1026s)
2026-04-04 09:30:38,990 -   [Inner 142.7] cost=701.00 no_imp=12/20 (còn 1026s)
2026-04-04 09:30:39,112 -   [Inner 142.8] cost=701.00 no_imp=14/20 (còn 1026s)
2026-04-04 09:30:39,234 -   [Inner 142.9] cost=701.00 no_imp=16/20 (còn 1026s)
2026-04-04 09:30:39,355 -   [Inner 142.10] cost=701.00 no_imp=18/20 (còn 1026s)
2026-04-04 09:30:39,476 -   [Outer 142] Chạy Pairwise MaxSAT...
2026-04-04 09:30:39,476 -   [Outer] Không cải thiện (streak=141)
2026-04-04 09:30:39,476 - === OUTER 143 | cost=701.00 no_imp_streak=141 (còn 1026s) ===
2026-04-04 09:30:39,477 -   [Inner 143.1] cost=701.00 no_imp=0/20 (còn 1026s)
2026-04-04 09:30:39,598 -   [Inner 143.2] cost=701.00 no_imp=2/20 (còn 1026s)
2026-04-04 09:30:39,719 -   [Inner 143.3] cost=701.00 no_imp=4/20 (còn 1025s)
2026-04-04 09:30:39,841 -   [Inner 143.4] cost=701.00 no_imp=6/20 (còn 1025s)
2026-04-04 09:30:39,963 -   [Inner 143.5] cost=701.00 no_imp=8/20 (còn 1025s)
2026-04-04 09:30:40,083 -   [Inner 143.6] cost=701.00 no_imp=10/20 (còn 1025s)
2026-04-04 09:30:40,206 -   [Inner 143.7] cost=701.00 no_imp=12/20 (còn 1025s)
2026-04-04 09:30:40,328 -   [Inner 143.8] cost=701.00 no_imp=14/20 (còn 1025s)
2026-04-04 09:30:40,448 -   [Inner 143.9] cost=701.00 no_imp=16/20 (còn 1025s)
2026-04-04 09:30:40,570 -   [Inner 143.10] cost=701.00 no_imp=18/20 (còn 1025s)
2026-04-04 09:30:40,690 -   [Outer 143] Chạy Pairwise MaxSAT...
2026-04-04 09:30:40,691 -   [Outer] Không cải thiện (streak=142)
2026-04-04 09:30:40,691 - === OUTER 144 | cost=701.00 no_imp_streak=142 (còn 1025s) ===
2026-04-04 09:30:40,691 -   [Inner 144.1] cost=701.00 no_imp=0/20 (còn 1025s)
2026-04-04 09:30:40,813 -   [Inner 144.2] cost=701.00 no_imp=2/20 (còn 1024s)
2026-04-04 09:30:40,935 -   [Inner 144.3] cost=701.00 no_imp=4/20 (còn 1024s)
2026-04-04 09:30:41,056 -   [Inner 144.4] cost=701.00 no_imp=6/20 (còn 1024s)
2026-04-04 09:30:41,178 -   [Inner 144.5] cost=701.00 no_imp=8/20 (còn 1024s)
2026-04-04 09:30:41,300 -   [Inner 144.6] cost=701.00 no_imp=10/20 (còn 1024s)
2026-04-04 09:30:41,422 -   [Inner 144.7] cost=701.00 no_imp=12/20 (còn 1024s)
2026-04-04 09:30:41,544 -   [Inner 144.8] cost=701.00 no_imp=14/20 (còn 1024s)
2026-04-04 09:30:41,666 -   [Inner 144.9] cost=701.00 no_imp=16/20 (còn 1024s)
2026-04-04 09:30:41,789 -   [Inner 144.10] cost=701.00 no_imp=18/20 (còn 1023s)
2026-04-04 09:30:41,910 -   [Outer 144] Chạy Pairwise MaxSAT...
2026-04-04 09:30:41,911 -   [Outer] Không cải thiện (streak=143)
2026-04-04 09:30:41,911 - === OUTER 145 | cost=701.00 no_imp_streak=143 (còn 1023s) ===
2026-04-04 09:30:41,911 -   [Inner 145.1] cost=701.00 no_imp=0/20 (còn 1023s)
2026-04-04 09:30:42,032 -   [Inner 145.2] cost=701.00 no_imp=2/20 (còn 1023s)
2026-04-04 09:30:42,152 -   [Inner 145.3] cost=701.00 no_imp=4/20 (còn 1023s)
2026-04-04 09:30:42,273 -   [Inner 145.4] cost=701.00 no_imp=6/20 (còn 1023s)
2026-04-04 09:30:42,396 -   [Inner 145.5] cost=701.00 no_imp=8/20 (còn 1023s)
2026-04-04 09:30:42,516 -   [Inner 145.6] cost=701.00 no_imp=10/20 (còn 1023s)
2026-04-04 09:30:42,640 -   [Inner 145.7] cost=701.00 no_imp=12/20 (còn 1023s)
2026-04-04 09:30:42,763 -   [Inner 145.8] cost=701.00 no_imp=14/20 (còn 1022s)
2026-04-04 09:30:42,887 -   [Inner 145.9] cost=701.00 no_imp=16/20 (còn 1022s)
2026-04-04 09:30:43,008 -   [Inner 145.10] cost=701.00 no_imp=18/20 (còn 1022s)
2026-04-04 09:30:43,131 -   [Outer 145] Chạy Pairwise MaxSAT...
2026-04-04 09:30:43,131 -   [Outer] Không cải thiện (streak=144)
2026-04-04 09:30:43,131 - === OUTER 146 | cost=701.00 no_imp_streak=144 (còn 1022s) ===
2026-04-04 09:30:43,131 -   [Inner 146.1] cost=701.00 no_imp=0/20 (còn 1022s)
2026-04-04 09:30:43,254 -   [Inner 146.2] cost=701.00 no_imp=2/20 (còn 1022s)
2026-04-04 09:30:43,375 -   [Inner 146.3] cost=701.00 no_imp=4/20 (còn 1022s)
2026-04-04 09:30:43,496 -   [Inner 146.4] cost=701.00 no_imp=6/20 (còn 1022s)
2026-04-04 09:30:43,617 -   [Inner 146.5] cost=701.00 no_imp=8/20 (còn 1022s)
2026-04-04 09:30:43,740 -   [Inner 146.6] cost=701.00 no_imp=10/20 (còn 1021s)
2026-04-04 09:30:43,861 -   [Inner 146.7] cost=701.00 no_imp=12/20 (còn 1021s)
2026-04-04 09:30:43,983 -   [Inner 146.8] cost=701.00 no_imp=14/20 (còn 1021s)
2026-04-04 09:30:44,103 -   [Inner 146.9] cost=701.00 no_imp=16/20 (còn 1021s)
2026-04-04 09:30:44,224 -   [Inner 146.10] cost=701.00 no_imp=18/20 (còn 1021s)
2026-04-04 09:30:44,347 -   [Outer 146] Chạy Pairwise MaxSAT...
2026-04-04 09:30:44,347 -   [Outer] Không cải thiện (streak=145)
2026-04-04 09:30:44,347 - === OUTER 147 | cost=701.00 no_imp_streak=145 (còn 1021s) ===
2026-04-04 09:30:44,347 -   [Inner 147.1] cost=701.00 no_imp=0/20 (còn 1021s)
2026-04-04 09:30:44,469 -   [Inner 147.2] cost=701.00 no_imp=2/20 (còn 1021s)
2026-04-04 09:30:44,590 -   [Inner 147.3] cost=701.00 no_imp=4/20 (còn 1021s)
2026-04-04 09:30:44,712 -   [Inner 147.4] cost=701.00 no_imp=6/20 (còn 1020s)
2026-04-04 09:30:44,836 -   [Inner 147.5] cost=701.00 no_imp=8/20 (còn 1020s)
2026-04-04 09:30:44,958 -   [Inner 147.6] cost=701.00 no_imp=10/20 (còn 1020s)
2026-04-04 09:30:45,078 -   [Inner 147.7] cost=701.00 no_imp=12/20 (còn 1020s)
2026-04-04 09:30:45,200 -   [Inner 147.8] cost=701.00 no_imp=14/20 (còn 1020s)
2026-04-04 09:30:45,322 -   [Inner 147.9] cost=701.00 no_imp=16/20 (còn 1020s)
2026-04-04 09:30:45,443 -   [Inner 147.10] cost=701.00 no_imp=18/20 (còn 1020s)
2026-04-04 09:30:45,567 -   [Outer 147] Chạy Pairwise MaxSAT...
2026-04-04 09:30:45,567 -   [Outer] Không cải thiện (streak=146)
2026-04-04 09:30:45,567 - === OUTER 148 | cost=701.00 no_imp_streak=146 (còn 1020s) ===
2026-04-04 09:30:45,567 -   [Inner 148.1] cost=701.00 no_imp=0/20 (còn 1020s)
2026-04-04 09:30:45,689 -   [Inner 148.2] cost=701.00 no_imp=2/20 (còn 1020s)
2026-04-04 09:30:45,811 -   [Inner 148.3] cost=701.00 no_imp=4/20 (còn 1019s)
2026-04-04 09:30:45,934 -   [Inner 148.4] cost=701.00 no_imp=6/20 (còn 1019s)
2026-04-04 09:30:46,055 -   [Inner 148.5] cost=701.00 no_imp=8/20 (còn 1019s)
2026-04-04 09:30:46,176 -   [Inner 148.6] cost=701.00 no_imp=10/20 (còn 1019s)
2026-04-04 09:30:46,297 -   [Inner 148.7] cost=701.00 no_imp=12/20 (còn 1019s)
2026-04-04 09:30:46,419 -   [Inner 148.8] cost=701.00 no_imp=14/20 (còn 1019s)
2026-04-04 09:30:46,540 -   [Inner 148.9] cost=701.00 no_imp=16/20 (còn 1019s)
2026-04-04 09:30:46,662 -   [Inner 148.10] cost=701.00 no_imp=18/20 (còn 1019s)
2026-04-04 09:30:46,783 -   [Outer 148] Chạy Pairwise MaxSAT...
2026-04-04 09:30:46,784 -   [Outer] Không cải thiện (streak=147)
2026-04-04 09:30:46,784 - === OUTER 149 | cost=701.00 no_imp_streak=147 (còn 1018s) ===
2026-04-04 09:30:46,784 -   [Inner 149.1] cost=701.00 no_imp=0/20 (còn 1018s)
2026-04-04 09:30:46,909 -   [Inner 149.2] cost=701.00 no_imp=2/20 (còn 1018s)
2026-04-04 09:30:47,029 -   [Inner 149.3] cost=701.00 no_imp=4/20 (còn 1018s)
2026-04-04 09:30:47,150 -   [Inner 149.4] cost=701.00 no_imp=6/20 (còn 1018s)
2026-04-04 09:30:47,271 -   [Inner 149.5] cost=701.00 no_imp=8/20 (còn 1018s)
2026-04-04 09:30:47,393 -   [Inner 149.6] cost=701.00 no_imp=10/20 (còn 1018s)
2026-04-04 09:30:47,515 -   [Inner 149.7] cost=701.00 no_imp=12/20 (còn 1018s)
2026-04-04 09:30:47,637 -   [Inner 149.8] cost=701.00 no_imp=14/20 (còn 1018s)
2026-04-04 09:30:47,761 -   [Inner 149.9] cost=701.00 no_imp=16/20 (còn 1017s)
2026-04-04 09:30:47,882 -   [Inner 149.10] cost=701.00 no_imp=18/20 (còn 1017s)
2026-04-04 09:30:48,003 -   [Outer 149] Chạy Pairwise MaxSAT...
2026-04-04 09:30:48,004 -   [Outer] Không cải thiện (streak=148)
2026-04-04 09:30:48,004 - === OUTER 150 | cost=701.00 no_imp_streak=148 (còn 1017s) ===
2026-04-04 09:30:48,004 -   [Inner 150.1] cost=701.00 no_imp=0/20 (còn 1017s)
2026-04-04 09:30:48,125 -   [Inner 150.2] cost=701.00 no_imp=2/20 (còn 1017s)
2026-04-04 09:30:48,246 -   [Inner 150.3] cost=701.00 no_imp=4/20 (còn 1017s)
2026-04-04 09:30:48,368 -   [Inner 150.4] cost=701.00 no_imp=6/20 (còn 1017s)
2026-04-04 09:30:48,490 -   [Inner 150.5] cost=701.00 no_imp=8/20 (còn 1017s)
2026-04-04 09:30:48,613 -   [Inner 150.6] cost=701.00 no_imp=10/20 (còn 1017s)
2026-04-04 09:30:48,736 -   [Inner 150.7] cost=701.00 no_imp=12/20 (còn 1016s)
2026-04-04 09:30:48,861 -   [Inner 150.8] cost=701.00 no_imp=14/20 (còn 1016s)
2026-04-04 09:30:48,983 -   [Inner 150.9] cost=701.00 no_imp=16/20 (còn 1016s)
2026-04-04 09:30:49,104 -   [Inner 150.10] cost=701.00 no_imp=18/20 (còn 1016s)
2026-04-04 09:30:49,227 -   [Outer 150] Chạy Pairwise MaxSAT...
2026-04-04 09:30:49,228 -   [Outer] Không cải thiện (streak=149)
2026-04-04 09:30:49,228 - Hoàn thành. cost=701.00 | time=184.0s | s_imp=1 s_to=0 | p_imp=0 p_to=0
2026-04-04 09:30:49,228 - ======================================================================
2026-04-04 09:30:49,228 - CW=748 → 2opt=730 → MaxSAT=701
2026-04-04 09:30:49,228 - Cải thiện so CW: 47
2026-04-04 09:30:49,228 - Total time: 184.0s
2026-04-04 09:30:49,228 - Verified cost: 701
2026-04-04 09:30:49,229 - ======================================================================
2026-04-04 09:30:49,230 - FILE: B-n34-k5.vrp
2026-04-04 09:30:49,230 - ======================================================================
2026-04-04 09:30:49,232 - Dim=34 K=5 Cap=100
2026-04-04 09:30:49,232 - --- Clarke-Wright ---
2026-04-04 09:30:49,233 -   cost=936 time=0.00s
2026-04-04 09:30:49,233 - --- Two-Opt ---
2026-04-04 09:30:49,235 -   cost=875 time=0.00s
2026-04-04 09:30:49,235 - --- MaxSAT (2-tầng) ---
2026-04-04 09:30:49,236 - =========================================
2026-04-04 09:30:49,236 - BẮT ĐẦU OPTIMIZE (MaxSAT-RC2, 2-tầng)
2026-04-04 09:30:49,236 -   max_single=8  s_to=40.0s
2026-04-04 09:30:49,236 -   max_pair=8  p_to=30.0s
2026-04-04 09:30:49,236 -   n_pairs=3
2026-04-04 09:30:49,236 -   inner_patience=20  outer_patience=999
2026-04-04 09:30:49,236 -   global_timeout=1200.0s
2026-04-04 09:30:49,236 -   start_cost=875.00
2026-04-04 09:30:49,236 - =========================================
2026-04-04 09:30:49,236 - === OUTER 1 | cost=875.00 no_imp_streak=0 (còn 1200s) ===
2026-04-04 09:30:49,236 -   [Inner 1.1] cost=875.00 no_imp=0/20 (còn 1200s)
2026-04-04 09:30:49,240 -     [P1] Relocate → 854.00
2026-04-04 09:30:49,243 -     [P2] Exchange → 841.00
2026-04-04 09:30:49,395 -     [P3] Single +2
2026-04-04 09:30:49,395 -     → INNER BEST = 839.00
2026-04-04 09:30:49,395 -   [Inner 1.2] cost=839.00 no_imp=0/20 (còn 1200s)
2026-04-04 09:30:49,400 -     [P1] Relocate → 833.00
2026-04-04 09:30:49,488 -     [P3] Single +1
2026-04-04 09:30:49,488 -     → INNER BEST = 832.00
2026-04-04 09:30:49,488 -   [Inner 1.3] cost=832.00 no_imp=0/20 (còn 1200s)
2026-04-04 09:30:49,492 -     [P1] Relocate → 831.00
2026-04-04 09:30:49,702 -     [P3] Single +1
2026-04-04 09:30:49,702 -     → INNER BEST = 830.00
2026-04-04 09:30:49,703 -   [Inner 1.4] cost=830.00 no_imp=0/20 (còn 1200s)
2026-04-04 09:30:49,706 -     [P1] Relocate → 829.00
2026-04-04 09:30:49,938 -     → INNER BEST = 829.00
2026-04-04 09:30:49,939 -   [Inner 1.5] cost=829.00 no_imp=0/20 (còn 1199s)
2026-04-04 09:30:50,173 -   [Inner 1.6] cost=829.00 no_imp=2/20 (còn 1199s)
2026-04-04 09:30:50,414 -   [Inner 1.7] cost=829.00 no_imp=4/20 (còn 1199s)
2026-04-04 09:30:50,648 -   [Inner 1.8] cost=829.00 no_imp=6/20 (còn 1199s)
2026-04-04 09:30:50,893 -   [Inner 1.9] cost=829.00 no_imp=8/20 (còn 1198s)
2026-04-04 09:30:51,128 -   [Inner 1.10] cost=829.00 no_imp=10/20 (còn 1198s)
2026-04-04 09:30:51,366 -   [Inner 1.11] cost=829.00 no_imp=12/20 (còn 1198s)
2026-04-04 09:30:51,601 -   [Inner 1.12] cost=829.00 no_imp=14/20 (còn 1198s)
2026-04-04 09:30:51,833 -   [Inner 1.13] cost=829.00 no_imp=16/20 (còn 1197s)
2026-04-04 09:30:52,068 -   [Inner 1.14] cost=829.00 no_imp=18/20 (còn 1197s)
2026-04-04 09:30:52,304 -   [Outer] Inner cải thiện → best=829.00
2026-04-04 09:30:52,304 -   [Outer 1] Chạy Pairwise MaxSAT...
2026-04-04 09:30:52,304 - === OUTER 2 | cost=829.00 no_imp_streak=0 (còn 1197s) ===
2026-04-04 09:30:52,305 -   [Inner 2.1] cost=829.00 no_imp=0/20 (còn 1197s)
2026-04-04 09:30:52,536 -   [Inner 2.2] cost=829.00 no_imp=2/20 (còn 1197s)
2026-04-04 09:30:52,806 -   [Inner 2.3] cost=829.00 no_imp=4/20 (còn 1196s)
2026-04-04 09:30:53,044 -   [Inner 2.4] cost=829.00 no_imp=6/20 (còn 1196s)
2026-04-04 09:30:53,310 -   [Inner 2.5] cost=829.00 no_imp=8/20 (còn 1196s)
2026-04-04 09:30:53,544 -   [Inner 2.6] cost=829.00 no_imp=10/20 (còn 1196s)
2026-04-04 09:30:53,777 -   [Inner 2.7] cost=829.00 no_imp=12/20 (còn 1195s)
2026-04-04 09:30:54,011 -   [Inner 2.8] cost=829.00 no_imp=14/20 (còn 1195s)
2026-04-04 09:30:54,244 -   [Inner 2.9] cost=829.00 no_imp=16/20 (còn 1195s)
2026-04-04 09:30:54,476 -   [Inner 2.10] cost=829.00 no_imp=18/20 (còn 1195s)
2026-04-04 09:30:54,712 -   [Outer 2] Chạy Pairwise MaxSAT...
2026-04-04 09:30:54,712 -   [Outer] Không cải thiện (streak=1)
2026-04-04 09:30:54,713 - === OUTER 3 | cost=829.00 no_imp_streak=1 (còn 1195s) ===
2026-04-04 09:30:54,713 -   [Inner 3.1] cost=829.00 no_imp=0/20 (còn 1195s)
2026-04-04 09:30:54,950 -   [Inner 3.2] cost=829.00 no_imp=2/20 (còn 1194s)
2026-04-04 09:30:55,183 -   [Inner 3.3] cost=829.00 no_imp=4/20 (còn 1194s)
2026-04-04 09:30:55,421 -   [Inner 3.4] cost=829.00 no_imp=6/20 (còn 1194s)
2026-04-04 09:30:55,655 -   [Inner 3.5] cost=829.00 no_imp=8/20 (còn 1194s)
2026-04-04 09:30:55,891 -   [Inner 3.6] cost=829.00 no_imp=10/20 (còn 1193s)
2026-04-04 09:30:56,123 -   [Inner 3.7] cost=829.00 no_imp=12/20 (còn 1193s)
2026-04-04 09:30:56,358 -   [Inner 3.8] cost=829.00 no_imp=14/20 (còn 1193s)
2026-04-04 09:30:56,592 -   [Inner 3.9] cost=829.00 no_imp=16/20 (còn 1193s)
2026-04-04 09:30:56,828 -   [Inner 3.10] cost=829.00 no_imp=18/20 (còn 1192s)
2026-04-04 09:30:57,065 -   [Outer 3] Chạy Pairwise MaxSAT...
2026-04-04 09:30:57,065 -   [Outer] Không cải thiện (streak=2)
2026-04-04 09:30:57,065 - === OUTER 4 | cost=829.00 no_imp_streak=2 (còn 1192s) ===
2026-04-04 09:30:57,065 -   [Inner 4.1] cost=829.00 no_imp=0/20 (còn 1192s)
2026-04-04 09:30:57,300 -   [Inner 4.2] cost=829.00 no_imp=2/20 (còn 1192s)
2026-04-04 09:30:57,533 -   [Inner 4.3] cost=829.00 no_imp=4/20 (còn 1192s)
2026-04-04 09:30:57,766 -   [Inner 4.4] cost=829.00 no_imp=6/20 (còn 1191s)
2026-04-04 09:30:58,002 -   [Inner 4.5] cost=829.00 no_imp=8/20 (còn 1191s)
2026-04-04 09:30:58,238 -   [Inner 4.6] cost=829.00 no_imp=10/20 (còn 1191s)
2026-04-04 09:30:58,470 -   [Inner 4.7] cost=829.00 no_imp=12/20 (còn 1191s)
2026-04-04 09:30:58,706 -   [Inner 4.8] cost=829.00 no_imp=14/20 (còn 1191s)
2026-04-04 09:30:58,942 -   [Inner 4.9] cost=829.00 no_imp=16/20 (còn 1190s)
2026-04-04 09:30:59,181 -   [Inner 4.10] cost=829.00 no_imp=18/20 (còn 1190s)
2026-04-04 09:30:59,415 -   [Outer 4] Chạy Pairwise MaxSAT...
2026-04-04 09:30:59,416 -   [Outer] Không cải thiện (streak=3)
2026-04-04 09:30:59,416 - === OUTER 5 | cost=829.00 no_imp_streak=3 (còn 1190s) ===
2026-04-04 09:30:59,416 -   [Inner 5.1] cost=829.00 no_imp=0/20 (còn 1190s)
2026-04-04 09:30:59,648 -   [Inner 5.2] cost=829.00 no_imp=2/20 (còn 1190s)
2026-04-04 09:30:59,881 -   [Inner 5.3] cost=829.00 no_imp=4/20 (còn 1189s)
2026-04-04 09:31:00,119 -   [Inner 5.4] cost=829.00 no_imp=6/20 (còn 1189s)
2026-04-04 09:31:00,353 -   [Inner 5.5] cost=829.00 no_imp=8/20 (còn 1189s)
2026-04-04 09:31:00,583 -   [Inner 5.6] cost=829.00 no_imp=10/20 (còn 1189s)
2026-04-04 09:31:00,819 -   [Inner 5.7] cost=829.00 no_imp=12/20 (còn 1188s)
2026-04-04 09:31:01,054 -   [Inner 5.8] cost=829.00 no_imp=14/20 (còn 1188s)
2026-04-04 09:31:01,290 -   [Inner 5.9] cost=829.00 no_imp=16/20 (còn 1188s)
2026-04-04 09:31:01,521 -   [Inner 5.10] cost=829.00 no_imp=18/20 (còn 1188s)
2026-04-04 09:31:01,766 -   [Outer 5] Chạy Pairwise MaxSAT...
2026-04-04 09:31:01,766 -   [Outer] Không cải thiện (streak=4)
2026-04-04 09:31:01,766 - === OUTER 6 | cost=829.00 no_imp_streak=4 (còn 1187s) ===
2026-04-04 09:31:01,766 -   [Inner 6.1] cost=829.00 no_imp=0/20 (còn 1187s)
2026-04-04 09:31:01,998 -   [Inner 6.2] cost=829.00 no_imp=2/20 (còn 1187s)
2026-04-04 09:31:02,231 -   [Inner 6.3] cost=829.00 no_imp=4/20 (còn 1187s)
2026-04-04 09:31:02,487 -   [Inner 6.4] cost=829.00 no_imp=6/20 (còn 1187s)
2026-04-04 09:31:02,729 -   [Inner 6.5] cost=829.00 no_imp=8/20 (còn 1187s)
2026-04-04 09:31:02,964 -   [Inner 6.6] cost=829.00 no_imp=10/20 (còn 1186s)
2026-04-04 09:31:03,203 -   [Inner 6.7] cost=829.00 no_imp=12/20 (còn 1186s)
2026-04-04 09:31:03,435 -   [Inner 6.8] cost=829.00 no_imp=14/20 (còn 1186s)
2026-04-04 09:31:03,672 -   [Inner 6.9] cost=829.00 no_imp=16/20 (còn 1186s)
2026-04-04 09:31:03,906 -   [Inner 6.10] cost=829.00 no_imp=18/20 (còn 1185s)
2026-04-04 09:31:04,140 -   [Outer 6] Chạy Pairwise MaxSAT...
2026-04-04 09:31:04,141 -   [Outer] Không cải thiện (streak=5)
2026-04-04 09:31:04,141 - === OUTER 7 | cost=829.00 no_imp_streak=5 (còn 1185s) ===
2026-04-04 09:31:04,141 -   [Inner 7.1] cost=829.00 no_imp=0/20 (còn 1185s)
2026-04-04 09:31:04,375 -   [Inner 7.2] cost=829.00 no_imp=2/20 (còn 1185s)
2026-04-04 09:31:04,607 -   [Inner 7.3] cost=829.00 no_imp=4/20 (còn 1185s)
2026-04-04 09:31:04,840 -   [Inner 7.4] cost=829.00 no_imp=6/20 (còn 1184s)
2026-04-04 09:31:05,077 -   [Inner 7.5] cost=829.00 no_imp=8/20 (còn 1184s)
2026-04-04 09:31:05,315 -   [Inner 7.6] cost=829.00 no_imp=10/20 (còn 1184s)
2026-04-04 09:31:05,548 -   [Inner 7.7] cost=829.00 no_imp=12/20 (còn 1184s)
2026-04-04 09:31:05,781 -   [Inner 7.8] cost=829.00 no_imp=14/20 (còn 1183s)
2026-04-04 09:31:06,015 -   [Inner 7.9] cost=829.00 no_imp=16/20 (còn 1183s)
2026-04-04 09:31:06,249 -   [Inner 7.10] cost=829.00 no_imp=18/20 (còn 1183s)
2026-04-04 09:31:06,480 -   [Outer 7] Chạy Pairwise MaxSAT...
2026-04-04 09:31:06,481 -   [Outer] Không cải thiện (streak=6)
2026-04-04 09:31:06,481 - === OUTER 8 | cost=829.00 no_imp_streak=6 (còn 1183s) ===
2026-04-04 09:31:06,481 -   [Inner 8.1] cost=829.00 no_imp=0/20 (còn 1183s)
2026-04-04 09:31:06,716 -   [Inner 8.2] cost=829.00 no_imp=2/20 (còn 1183s)
2026-04-04 09:31:06,952 -   [Inner 8.3] cost=829.00 no_imp=4/20 (còn 1182s)
2026-04-04 09:31:07,192 -   [Inner 8.4] cost=829.00 no_imp=6/20 (còn 1182s)
2026-04-04 09:31:07,423 -   [Inner 8.5] cost=829.00 no_imp=8/20 (còn 1182s)
2026-04-04 09:31:07,656 -   [Inner 8.6] cost=829.00 no_imp=10/20 (còn 1182s)
2026-04-04 09:31:07,890 -   [Inner 8.7] cost=829.00 no_imp=12/20 (còn 1181s)
2026-04-04 09:31:08,122 -   [Inner 8.8] cost=829.00 no_imp=14/20 (còn 1181s)
2026-04-04 09:31:08,356 -   [Inner 8.9] cost=829.00 no_imp=16/20 (còn 1181s)
2026-04-04 09:31:08,588 -   [Inner 8.10] cost=829.00 no_imp=18/20 (còn 1181s)
2026-04-04 09:31:08,822 -   [Outer 8] Chạy Pairwise MaxSAT...
2026-04-04 09:31:08,823 -   [Outer] Không cải thiện (streak=7)
2026-04-04 09:31:08,823 - === OUTER 9 | cost=829.00 no_imp_streak=7 (còn 1180s) ===
2026-04-04 09:31:08,823 -   [Inner 9.1] cost=829.00 no_imp=0/20 (còn 1180s)
2026-04-04 09:31:09,056 -   [Inner 9.2] cost=829.00 no_imp=2/20 (còn 1180s)
2026-04-04 09:31:09,296 -   [Inner 9.3] cost=829.00 no_imp=4/20 (còn 1180s)
2026-04-04 09:31:09,528 -   [Inner 9.4] cost=829.00 no_imp=6/20 (còn 1180s)
2026-04-04 09:31:09,765 -   [Inner 9.5] cost=829.00 no_imp=8/20 (còn 1179s)
2026-04-04 09:31:09,998 -   [Inner 9.6] cost=829.00 no_imp=10/20 (còn 1179s)
2026-04-04 09:31:10,231 -   [Inner 9.7] cost=829.00 no_imp=12/20 (còn 1179s)
2026-04-04 09:31:10,464 -   [Inner 9.8] cost=829.00 no_imp=14/20 (còn 1179s)
2026-04-04 09:31:10,698 -   [Inner 9.9] cost=829.00 no_imp=16/20 (còn 1179s)
2026-04-04 09:31:10,934 -   [Inner 9.10] cost=829.00 no_imp=18/20 (còn 1178s)
2026-04-04 09:31:11,171 -   [Outer 9] Chạy Pairwise MaxSAT...
2026-04-04 09:31:11,171 -   [Outer] Không cải thiện (streak=8)
2026-04-04 09:31:11,171 - === OUTER 10 | cost=829.00 no_imp_streak=8 (còn 1178s) ===
2026-04-04 09:31:11,172 -   [Inner 10.1] cost=829.00 no_imp=0/20 (còn 1178s)
2026-04-04 09:31:11,409 -   [Inner 10.2] cost=829.00 no_imp=2/20 (còn 1178s)
2026-04-04 09:31:11,642 -   [Inner 10.3] cost=829.00 no_imp=4/20 (còn 1178s)
2026-04-04 09:31:11,878 -   [Inner 10.4] cost=829.00 no_imp=6/20 (còn 1177s)
2026-04-04 09:31:12,111 -   [Inner 10.5] cost=829.00 no_imp=8/20 (còn 1177s)
2026-04-04 09:31:12,344 -   [Inner 10.6] cost=829.00 no_imp=10/20 (còn 1177s)
2026-04-04 09:31:12,577 -   [Inner 10.7] cost=829.00 no_imp=12/20 (còn 1177s)
2026-04-04 09:31:12,811 -   [Inner 10.8] cost=829.00 no_imp=14/20 (còn 1176s)
2026-04-04 09:31:13,072 -   [Inner 10.9] cost=829.00 no_imp=16/20 (còn 1176s)
2026-04-04 09:31:13,313 -   [Inner 10.10] cost=829.00 no_imp=18/20 (còn 1176s)
2026-04-04 09:31:13,550 -   [Outer 10] Chạy Pairwise MaxSAT...
2026-04-04 09:31:13,551 -   [Outer] Không cải thiện (streak=9)
2026-04-04 09:31:13,551 - === OUTER 11 | cost=829.00 no_imp_streak=9 (còn 1176s) ===
2026-04-04 09:31:13,551 -   [Inner 11.1] cost=829.00 no_imp=0/20 (còn 1176s)
2026-04-04 09:31:13,788 -   [Inner 11.2] cost=829.00 no_imp=2/20 (còn 1175s)
2026-04-04 09:31:14,021 -   [Inner 11.3] cost=829.00 no_imp=4/20 (còn 1175s)
2026-04-04 09:31:14,257 -   [Inner 11.4] cost=829.00 no_imp=6/20 (còn 1175s)
2026-04-04 09:31:14,492 -   [Inner 11.5] cost=829.00 no_imp=8/20 (còn 1175s)
2026-04-04 09:31:14,730 -   [Inner 11.6] cost=829.00 no_imp=10/20 (còn 1175s)
2026-04-04 09:31:14,964 -   [Inner 11.7] cost=829.00 no_imp=12/20 (còn 1174s)
2026-04-04 09:31:15,196 -   [Inner 11.8] cost=829.00 no_imp=14/20 (còn 1174s)
2026-04-04 09:31:15,432 -   [Inner 11.9] cost=829.00 no_imp=16/20 (còn 1174s)
2026-04-04 09:31:15,664 -   [Inner 11.10] cost=829.00 no_imp=18/20 (còn 1174s)
2026-04-04 09:31:15,903 -   [Outer 11] Chạy Pairwise MaxSAT...
2026-04-04 09:31:15,903 -   [Outer] Không cải thiện (streak=10)
2026-04-04 09:31:15,903 - === OUTER 12 | cost=829.00 no_imp_streak=10 (còn 1173s) ===
2026-04-04 09:31:15,903 -   [Inner 12.1] cost=829.00 no_imp=0/20 (còn 1173s)
2026-04-04 09:31:16,136 -   [Inner 12.2] cost=829.00 no_imp=2/20 (còn 1173s)
2026-04-04 09:31:16,370 -   [Inner 12.3] cost=829.00 no_imp=4/20 (còn 1173s)
2026-04-04 09:31:16,602 -   [Inner 12.4] cost=829.00 no_imp=6/20 (còn 1173s)
2026-04-04 09:31:16,841 -   [Inner 12.5] cost=829.00 no_imp=8/20 (còn 1172s)
2026-04-04 09:31:17,078 -   [Inner 12.6] cost=829.00 no_imp=10/20 (còn 1172s)
2026-04-04 09:31:17,320 -   [Inner 12.7] cost=829.00 no_imp=12/20 (còn 1172s)
2026-04-04 09:31:17,553 -   [Inner 12.8] cost=829.00 no_imp=14/20 (còn 1172s)
2026-04-04 09:31:17,786 -   [Inner 12.9] cost=829.00 no_imp=16/20 (còn 1171s)
2026-04-04 09:31:18,026 -   [Inner 12.10] cost=829.00 no_imp=18/20 (còn 1171s)
2026-04-04 09:31:18,261 -   [Outer 12] Chạy Pairwise MaxSAT...
2026-04-04 09:31:18,261 -   [Outer] Không cải thiện (streak=11)
2026-04-04 09:31:18,262 - === OUTER 13 | cost=829.00 no_imp_streak=11 (còn 1171s) ===
2026-04-04 09:31:18,262 -   [Inner 13.1] cost=829.00 no_imp=0/20 (còn 1171s)
2026-04-04 09:31:18,495 -   [Inner 13.2] cost=829.00 no_imp=2/20 (còn 1171s)
2026-04-04 09:31:18,732 -   [Inner 13.3] cost=829.00 no_imp=4/20 (còn 1171s)
2026-04-04 09:31:18,965 -   [Inner 13.4] cost=829.00 no_imp=6/20 (còn 1170s)
2026-04-04 09:31:19,203 -   [Inner 13.5] cost=829.00 no_imp=8/20 (còn 1170s)
2026-04-04 09:31:19,441 -   [Inner 13.6] cost=829.00 no_imp=10/20 (còn 1170s)
2026-04-04 09:31:19,677 -   [Inner 13.7] cost=829.00 no_imp=12/20 (còn 1170s)
2026-04-04 09:31:19,913 -   [Inner 13.8] cost=829.00 no_imp=14/20 (còn 1169s)
2026-04-04 09:31:20,150 -   [Inner 13.9] cost=829.00 no_imp=16/20 (còn 1169s)
2026-04-04 09:31:20,390 -   [Inner 13.10] cost=829.00 no_imp=18/20 (còn 1169s)
2026-04-04 09:31:20,621 -   [Outer 13] Chạy Pairwise MaxSAT...
2026-04-04 09:31:20,622 -   [Outer] Không cải thiện (streak=12)
2026-04-04 09:31:20,622 - === OUTER 14 | cost=829.00 no_imp_streak=12 (còn 1169s) ===
2026-04-04 09:31:20,622 -   [Inner 14.1] cost=829.00 no_imp=0/20 (còn 1169s)
2026-04-04 09:31:20,859 -   [Inner 14.2] cost=829.00 no_imp=2/20 (còn 1168s)
2026-04-04 09:31:21,098 -   [Inner 14.3] cost=829.00 no_imp=4/20 (còn 1168s)
2026-04-04 09:31:21,339 -   [Inner 14.4] cost=829.00 no_imp=6/20 (còn 1168s)
2026-04-04 09:31:21,578 -   [Inner 14.5] cost=829.00 no_imp=8/20 (còn 1168s)
2026-04-04 09:31:21,814 -   [Inner 14.6] cost=829.00 no_imp=10/20 (còn 1167s)
2026-04-04 09:31:22,050 -   [Inner 14.7] cost=829.00 no_imp=12/20 (còn 1167s)
2026-04-04 09:31:22,287 -   [Inner 14.8] cost=829.00 no_imp=14/20 (còn 1167s)
2026-04-04 09:31:22,521 -   [Inner 14.9] cost=829.00 no_imp=16/20 (còn 1167s)
2026-04-04 09:31:22,758 -   [Inner 14.10] cost=829.00 no_imp=18/20 (còn 1166s)
2026-04-04 09:31:22,990 -   [Outer 14] Chạy Pairwise MaxSAT...
2026-04-04 09:31:22,991 -   [Outer] Không cải thiện (streak=13)
2026-04-04 09:31:22,991 - === OUTER 15 | cost=829.00 no_imp_streak=13 (còn 1166s) ===
2026-04-04 09:31:22,991 -   [Inner 15.1] cost=829.00 no_imp=0/20 (còn 1166s)
2026-04-04 09:31:23,231 -   [Inner 15.2] cost=829.00 no_imp=2/20 (còn 1166s)
2026-04-04 09:31:23,468 -   [Inner 15.3] cost=829.00 no_imp=4/20 (còn 1166s)
2026-04-04 09:31:23,706 -   [Inner 15.4] cost=829.00 no_imp=6/20 (còn 1166s)
2026-04-04 09:31:23,940 -   [Inner 15.5] cost=829.00 no_imp=8/20 (còn 1165s)
2026-04-04 09:31:24,172 -   [Inner 15.6] cost=829.00 no_imp=10/20 (còn 1165s)
2026-04-04 09:31:24,408 -   [Inner 15.7] cost=829.00 no_imp=12/20 (còn 1165s)
2026-04-04 09:31:24,641 -   [Inner 15.8] cost=829.00 no_imp=14/20 (còn 1165s)
2026-04-04 09:31:24,874 -   [Inner 15.9] cost=829.00 no_imp=16/20 (còn 1164s)
2026-04-04 09:31:25,107 -   [Inner 15.10] cost=829.00 no_imp=18/20 (còn 1164s)
2026-04-04 09:31:25,342 -   [Outer 15] Chạy Pairwise MaxSAT...
2026-04-04 09:31:25,342 -   [Outer] Không cải thiện (streak=14)
2026-04-04 09:31:25,343 - === OUTER 16 | cost=829.00 no_imp_streak=14 (còn 1164s) ===
2026-04-04 09:31:25,343 -   [Inner 16.1] cost=829.00 no_imp=0/20 (còn 1164s)
2026-04-04 09:31:25,578 -   [Inner 16.2] cost=829.00 no_imp=2/20 (còn 1164s)
2026-04-04 09:31:25,816 -   [Inner 16.3] cost=829.00 no_imp=4/20 (còn 1163s)
2026-04-04 09:31:26,048 -   [Inner 16.4] cost=829.00 no_imp=6/20 (còn 1163s)
2026-04-04 09:31:26,283 -   [Inner 16.5] cost=829.00 no_imp=8/20 (còn 1163s)
2026-04-04 09:31:26,517 -   [Inner 16.6] cost=829.00 no_imp=10/20 (còn 1163s)
2026-04-04 09:31:26,749 -   [Inner 16.7] cost=829.00 no_imp=12/20 (còn 1162s)
2026-04-04 09:31:26,986 -   [Inner 16.8] cost=829.00 no_imp=14/20 (còn 1162s)
2026-04-04 09:31:27,220 -   [Inner 16.9] cost=829.00 no_imp=16/20 (còn 1162s)
2026-04-04 09:31:27,458 -   [Inner 16.10] cost=829.00 no_imp=18/20 (còn 1162s)
2026-04-04 09:31:27,690 -   [Outer 16] Chạy Pairwise MaxSAT...
2026-04-04 09:31:27,690 -   [Outer] Không cải thiện (streak=15)
2026-04-04 09:31:27,690 - === OUTER 17 | cost=829.00 no_imp_streak=15 (còn 1162s) ===
2026-04-04 09:31:27,690 -   [Inner 17.1] cost=829.00 no_imp=0/20 (còn 1162s)
2026-04-04 09:31:27,924 -   [Inner 17.2] cost=829.00 no_imp=2/20 (còn 1161s)
2026-04-04 09:31:28,157 -   [Inner 17.3] cost=829.00 no_imp=4/20 (còn 1161s)
2026-04-04 09:31:28,394 -   [Inner 17.4] cost=829.00 no_imp=6/20 (còn 1161s)
2026-04-04 09:31:28,626 -   [Inner 17.5] cost=829.00 no_imp=8/20 (còn 1161s)
2026-04-04 09:31:28,861 -   [Inner 17.6] cost=829.00 no_imp=10/20 (còn 1160s)
2026-04-04 09:31:29,096 -   [Inner 17.7] cost=829.00 no_imp=12/20 (còn 1160s)
2026-04-04 09:31:29,333 -   [Inner 17.8] cost=829.00 no_imp=14/20 (còn 1160s)
2026-04-04 09:31:29,573 -   [Inner 17.9] cost=829.00 no_imp=16/20 (còn 1160s)
2026-04-04 09:31:29,808 -   [Inner 17.10] cost=829.00 no_imp=18/20 (còn 1159s)
2026-04-04 09:31:30,041 -   [Outer 17] Chạy Pairwise MaxSAT...
2026-04-04 09:31:30,041 -   [Outer] Không cải thiện (streak=16)
2026-04-04 09:31:30,041 - === OUTER 18 | cost=829.00 no_imp_streak=16 (còn 1159s) ===
2026-04-04 09:31:30,041 -   [Inner 18.1] cost=829.00 no_imp=0/20 (còn 1159s)
2026-04-04 09:31:30,276 -   [Inner 18.2] cost=829.00 no_imp=2/20 (còn 1159s)
2026-04-04 09:31:30,507 -   [Inner 18.3] cost=829.00 no_imp=4/20 (còn 1159s)
2026-04-04 09:31:30,741 -   [Inner 18.4] cost=829.00 no_imp=6/20 (còn 1158s)
2026-04-04 09:31:30,974 -   [Inner 18.5] cost=829.00 no_imp=8/20 (còn 1158s)
2026-04-04 09:31:31,208 -   [Inner 18.6] cost=829.00 no_imp=10/20 (còn 1158s)
2026-04-04 09:31:31,446 -   [Inner 18.7] cost=829.00 no_imp=12/20 (còn 1158s)
2026-04-04 09:31:31,682 -   [Inner 18.8] cost=829.00 no_imp=14/20 (còn 1158s)
2026-04-04 09:31:31,918 -   [Inner 18.9] cost=829.00 no_imp=16/20 (còn 1157s)
2026-04-04 09:31:32,153 -   [Inner 18.10] cost=829.00 no_imp=18/20 (còn 1157s)
2026-04-04 09:31:32,388 -   [Outer 18] Chạy Pairwise MaxSAT...
2026-04-04 09:31:32,389 -   [Outer] Không cải thiện (streak=17)
2026-04-04 09:31:32,389 - === OUTER 19 | cost=829.00 no_imp_streak=17 (còn 1157s) ===
2026-04-04 09:31:32,389 -   [Inner 19.1] cost=829.00 no_imp=0/20 (còn 1157s)
2026-04-04 09:31:32,623 -   [Inner 19.2] cost=829.00 no_imp=2/20 (còn 1157s)
2026-04-04 09:31:32,857 -   [Inner 19.3] cost=829.00 no_imp=4/20 (còn 1156s)
2026-04-04 09:31:33,091 -   [Inner 19.4] cost=829.00 no_imp=6/20 (còn 1156s)
2026-04-04 09:31:33,329 -   [Inner 19.5] cost=829.00 no_imp=8/20 (còn 1156s)
2026-04-04 09:31:33,568 -   [Inner 19.6] cost=829.00 no_imp=10/20 (còn 1156s)
2026-04-04 09:31:33,803 -   [Inner 19.7] cost=829.00 no_imp=12/20 (còn 1155s)
2026-04-04 09:31:34,037 -   [Inner 19.8] cost=829.00 no_imp=14/20 (còn 1155s)
2026-04-04 09:31:34,271 -   [Inner 19.9] cost=829.00 no_imp=16/20 (còn 1155s)
2026-04-04 09:31:34,504 -   [Inner 19.10] cost=829.00 no_imp=18/20 (còn 1155s)
2026-04-04 09:31:34,738 -   [Outer 19] Chạy Pairwise MaxSAT...
2026-04-04 09:31:34,738 -   [Outer] Không cải thiện (streak=18)
2026-04-04 09:31:34,738 - === OUTER 20 | cost=829.00 no_imp_streak=18 (còn 1154s) ===
2026-04-04 09:31:34,738 -   [Inner 20.1] cost=829.00 no_imp=0/20 (còn 1154s)
2026-04-04 09:31:34,972 -   [Inner 20.2] cost=829.00 no_imp=2/20 (còn 1154s)
2026-04-04 09:31:35,210 -   [Inner 20.3] cost=829.00 no_imp=4/20 (còn 1154s)
2026-04-04 09:31:35,445 -   [Inner 20.4] cost=829.00 no_imp=6/20 (còn 1154s)
2026-04-04 09:31:35,682 -   [Inner 20.5] cost=829.00 no_imp=8/20 (còn 1154s)
2026-04-04 09:31:35,918 -   [Inner 20.6] cost=829.00 no_imp=10/20 (còn 1153s)
2026-04-04 09:31:36,152 -   [Inner 20.7] cost=829.00 no_imp=12/20 (còn 1153s)
2026-04-04 09:31:36,385 -   [Inner 20.8] cost=829.00 no_imp=14/20 (còn 1153s)
2026-04-04 09:31:36,620 -   [Inner 20.9] cost=829.00 no_imp=16/20 (còn 1153s)
2026-04-04 09:31:36,853 -   [Inner 20.10] cost=829.00 no_imp=18/20 (còn 1152s)
2026-04-04 09:31:37,129 -   [Outer 20] Chạy Pairwise MaxSAT...
2026-04-04 09:31:37,130 -   [Outer] Không cải thiện (streak=19)
2026-04-04 09:31:37,130 - === OUTER 21 | cost=829.00 no_imp_streak=19 (còn 1152s) ===
2026-04-04 09:31:37,130 -   [Inner 21.1] cost=829.00 no_imp=0/20 (còn 1152s)
2026-04-04 09:31:37,363 -   [Inner 21.2] cost=829.00 no_imp=2/20 (còn 1152s)
2026-04-04 09:31:37,598 -   [Inner 21.3] cost=829.00 no_imp=4/20 (còn 1152s)
2026-04-04 09:31:37,841 -   [Inner 21.4] cost=829.00 no_imp=6/20 (còn 1151s)
2026-04-04 09:31:38,081 -   [Inner 21.5] cost=829.00 no_imp=8/20 (còn 1151s)
2026-04-04 09:31:38,317 -   [Inner 21.6] cost=829.00 no_imp=10/20 (còn 1151s)
2026-04-04 09:31:38,549 -   [Inner 21.7] cost=829.00 no_imp=12/20 (còn 1151s)
2026-04-04 09:31:38,782 -   [Inner 21.8] cost=829.00 no_imp=14/20 (còn 1150s)
2026-04-04 09:31:39,016 -   [Inner 21.9] cost=829.00 no_imp=16/20 (còn 1150s)
2026-04-04 09:31:39,249 -   [Inner 21.10] cost=829.00 no_imp=18/20 (còn 1150s)
2026-04-04 09:31:39,480 -   [Outer 21] Chạy Pairwise MaxSAT...
2026-04-04 09:31:39,481 -   [Outer] Không cải thiện (streak=20)
2026-04-04 09:31:39,481 - === OUTER 22 | cost=829.00 no_imp_streak=20 (còn 1150s) ===
2026-04-04 09:31:39,481 -   [Inner 22.1] cost=829.00 no_imp=0/20 (còn 1150s)
2026-04-04 09:31:39,720 -   [Inner 22.2] cost=829.00 no_imp=2/20 (còn 1150s)
2026-04-04 09:31:39,952 -   [Inner 22.3] cost=829.00 no_imp=4/20 (còn 1149s)
2026-04-04 09:31:40,186 -   [Inner 22.4] cost=829.00 no_imp=6/20 (còn 1149s)
2026-04-04 09:31:40,422 -   [Inner 22.5] cost=829.00 no_imp=8/20 (còn 1149s)
2026-04-04 09:31:40,653 -   [Inner 22.6] cost=829.00 no_imp=10/20 (còn 1149s)
2026-04-04 09:31:40,888 -   [Inner 22.7] cost=829.00 no_imp=12/20 (còn 1148s)
2026-04-04 09:31:41,122 -   [Inner 22.8] cost=829.00 no_imp=14/20 (còn 1148s)
2026-04-04 09:31:41,358 -   [Inner 22.9] cost=829.00 no_imp=16/20 (còn 1148s)
2026-04-04 09:31:41,592 -   [Inner 22.10] cost=829.00 no_imp=18/20 (còn 1148s)
2026-04-04 09:31:41,825 -   [Outer 22] Chạy Pairwise MaxSAT...
2026-04-04 09:31:41,826 -   [Outer] Không cải thiện (streak=21)
2026-04-04 09:31:41,826 - === OUTER 23 | cost=829.00 no_imp_streak=21 (còn 1147s) ===
2026-04-04 09:31:41,826 -   [Inner 23.1] cost=829.00 no_imp=0/20 (còn 1147s)
2026-04-04 09:31:42,059 -   [Inner 23.2] cost=829.00 no_imp=2/20 (còn 1147s)
2026-04-04 09:31:42,294 -   [Inner 23.3] cost=829.00 no_imp=4/20 (còn 1147s)
2026-04-04 09:31:42,537 -   [Inner 23.4] cost=829.00 no_imp=6/20 (còn 1147s)
2026-04-04 09:31:42,772 -   [Inner 23.5] cost=829.00 no_imp=8/20 (còn 1146s)
2026-04-04 09:31:43,007 -   [Inner 23.6] cost=829.00 no_imp=10/20 (còn 1146s)
2026-04-04 09:31:43,241 -   [Inner 23.7] cost=829.00 no_imp=12/20 (còn 1146s)
2026-04-04 09:31:43,473 -   [Inner 23.8] cost=829.00 no_imp=14/20 (còn 1146s)
2026-04-04 09:31:43,710 -   [Inner 23.9] cost=829.00 no_imp=16/20 (còn 1146s)
2026-04-04 09:31:43,944 -   [Inner 23.10] cost=829.00 no_imp=18/20 (còn 1145s)
2026-04-04 09:31:44,175 -   [Outer 23] Chạy Pairwise MaxSAT...
2026-04-04 09:31:44,175 -   [Outer] Không cải thiện (streak=22)
2026-04-04 09:31:44,175 - === OUTER 24 | cost=829.00 no_imp_streak=22 (còn 1145s) ===
2026-04-04 09:31:44,175 -   [Inner 24.1] cost=829.00 no_imp=0/20 (còn 1145s)
2026-04-04 09:31:44,409 -   [Inner 24.2] cost=829.00 no_imp=2/20 (còn 1145s)
2026-04-04 09:31:44,639 -   [Inner 24.3] cost=829.00 no_imp=4/20 (còn 1145s)
2026-04-04 09:31:44,870 -   [Inner 24.4] cost=829.00 no_imp=6/20 (còn 1144s)
2026-04-04 09:31:45,102 -   [Inner 24.5] cost=829.00 no_imp=8/20 (còn 1144s)
2026-04-04 09:31:45,339 -   [Inner 24.6] cost=829.00 no_imp=10/20 (còn 1144s)
2026-04-04 09:31:45,572 -   [Inner 24.7] cost=829.00 no_imp=12/20 (còn 1144s)
2026-04-04 09:31:45,812 -   [Inner 24.8] cost=829.00 no_imp=14/20 (còn 1143s)
2026-04-04 09:31:46,046 -   [Inner 24.9] cost=829.00 no_imp=16/20 (còn 1143s)
2026-04-04 09:31:46,278 -   [Inner 24.10] cost=829.00 no_imp=18/20 (còn 1143s)
2026-04-04 09:31:46,510 -   [Outer 24] Chạy Pairwise MaxSAT...
2026-04-04 09:31:46,510 -   [Outer] Không cải thiện (streak=23)
2026-04-04 09:31:46,510 - === OUTER 25 | cost=829.00 no_imp_streak=23 (còn 1143s) ===
2026-04-04 09:31:46,510 -   [Inner 25.1] cost=829.00 no_imp=0/20 (còn 1143s)
2026-04-04 09:31:46,745 -   [Inner 25.2] cost=829.00 no_imp=2/20 (còn 1142s)
2026-04-04 09:31:46,977 -   [Inner 25.3] cost=829.00 no_imp=4/20 (còn 1142s)
2026-04-04 09:31:47,210 -   [Inner 25.4] cost=829.00 no_imp=6/20 (còn 1142s)
2026-04-04 09:31:47,448 -   [Inner 25.5] cost=829.00 no_imp=8/20 (còn 1142s)
2026-04-04 09:31:47,683 -   [Inner 25.6] cost=829.00 no_imp=10/20 (còn 1142s)
2026-04-04 09:31:47,919 -   [Inner 25.7] cost=829.00 no_imp=12/20 (còn 1141s)
2026-04-04 09:31:48,152 -   [Inner 25.8] cost=829.00 no_imp=14/20 (còn 1141s)
2026-04-04 09:31:48,387 -   [Inner 25.9] cost=829.00 no_imp=16/20 (còn 1141s)
2026-04-04 09:31:48,620 -   [Inner 25.10] cost=829.00 no_imp=18/20 (còn 1141s)
2026-04-04 09:31:48,851 -   [Outer 25] Chạy Pairwise MaxSAT...
2026-04-04 09:31:48,851 -   [Outer] Không cải thiện (streak=24)
2026-04-04 09:31:48,851 - === OUTER 26 | cost=829.00 no_imp_streak=24 (còn 1140s) ===
2026-04-04 09:31:48,851 -   [Inner 26.1] cost=829.00 no_imp=0/20 (còn 1140s)
2026-04-04 09:31:49,083 -   [Inner 26.2] cost=829.00 no_imp=2/20 (còn 1140s)
2026-04-04 09:31:49,319 -   [Inner 26.3] cost=829.00 no_imp=4/20 (còn 1140s)
2026-04-04 09:31:49,552 -   [Inner 26.4] cost=829.00 no_imp=6/20 (còn 1140s)
2026-04-04 09:31:49,787 -   [Inner 26.5] cost=829.00 no_imp=8/20 (còn 1139s)
2026-04-04 09:31:50,024 -   [Inner 26.6] cost=829.00 no_imp=10/20 (còn 1139s)
2026-04-04 09:31:50,261 -   [Inner 26.7] cost=829.00 no_imp=12/20 (còn 1139s)
2026-04-04 09:31:50,493 -   [Inner 26.8] cost=829.00 no_imp=14/20 (còn 1139s)
2026-04-04 09:31:50,729 -   [Inner 26.9] cost=829.00 no_imp=16/20 (còn 1139s)
2026-04-04 09:31:50,971 -   [Inner 26.10] cost=829.00 no_imp=18/20 (còn 1138s)
2026-04-04 09:31:51,203 -   [Outer 26] Chạy Pairwise MaxSAT...
2026-04-04 09:31:51,203 -   [Outer] Không cải thiện (streak=25)
2026-04-04 09:31:51,204 - === OUTER 27 | cost=829.00 no_imp_streak=25 (còn 1138s) ===
2026-04-04 09:31:51,204 -   [Inner 27.1] cost=829.00 no_imp=0/20 (còn 1138s)
2026-04-04 09:31:51,442 -   [Inner 27.2] cost=829.00 no_imp=2/20 (còn 1138s)
2026-04-04 09:31:51,675 -   [Inner 27.3] cost=829.00 no_imp=4/20 (còn 1138s)
2026-04-04 09:31:51,915 -   [Inner 27.4] cost=829.00 no_imp=6/20 (còn 1137s)
2026-04-04 09:31:52,149 -   [Inner 27.5] cost=829.00 no_imp=8/20 (còn 1137s)
2026-04-04 09:31:52,384 -   [Inner 27.6] cost=829.00 no_imp=10/20 (còn 1137s)
2026-04-04 09:31:52,618 -   [Inner 27.7] cost=829.00 no_imp=12/20 (còn 1137s)
2026-04-04 09:31:52,853 -   [Inner 27.8] cost=829.00 no_imp=14/20 (còn 1136s)
2026-04-04 09:31:53,086 -   [Inner 27.9] cost=829.00 no_imp=16/20 (còn 1136s)
2026-04-04 09:31:53,322 -   [Inner 27.10] cost=829.00 no_imp=18/20 (còn 1136s)
2026-04-04 09:31:53,554 -   [Outer 27] Chạy Pairwise MaxSAT...
2026-04-04 09:31:53,555 -   [Outer] Không cải thiện (streak=26)
2026-04-04 09:31:53,555 - === OUTER 28 | cost=829.00 no_imp_streak=26 (còn 1136s) ===
2026-04-04 09:31:53,555 -   [Inner 28.1] cost=829.00 no_imp=0/20 (còn 1136s)
2026-04-04 09:31:53,789 -   [Inner 28.2] cost=829.00 no_imp=2/20 (còn 1135s)
2026-04-04 09:31:54,024 -   [Inner 28.3] cost=829.00 no_imp=4/20 (còn 1135s)
2026-04-04 09:31:54,255 -   [Inner 28.4] cost=829.00 no_imp=6/20 (còn 1135s)
2026-04-04 09:31:54,490 -   [Inner 28.5] cost=829.00 no_imp=8/20 (còn 1135s)
2026-04-04 09:31:54,721 -   [Inner 28.6] cost=829.00 no_imp=10/20 (còn 1135s)
2026-04-04 09:31:54,953 -   [Inner 28.7] cost=829.00 no_imp=12/20 (còn 1134s)
2026-04-04 09:31:55,186 -   [Inner 28.8] cost=829.00 no_imp=14/20 (còn 1134s)
2026-04-04 09:31:55,419 -   [Inner 28.9] cost=829.00 no_imp=16/20 (còn 1134s)
2026-04-04 09:31:55,652 -   [Inner 28.10] cost=829.00 no_imp=18/20 (còn 1134s)
2026-04-04 09:31:55,889 -   [Outer 28] Chạy Pairwise MaxSAT...
2026-04-04 09:31:55,890 -   [Outer] Không cải thiện (streak=27)
2026-04-04 09:31:55,890 - === OUTER 29 | cost=829.00 no_imp_streak=27 (còn 1133s) ===
2026-04-04 09:31:55,890 -   [Inner 29.1] cost=829.00 no_imp=0/20 (còn 1133s)
2026-04-04 09:31:56,122 -   [Inner 29.2] cost=829.00 no_imp=2/20 (còn 1133s)
2026-04-04 09:31:56,355 -   [Inner 29.3] cost=829.00 no_imp=4/20 (còn 1133s)
2026-04-04 09:31:56,588 -   [Inner 29.4] cost=829.00 no_imp=6/20 (còn 1133s)
2026-04-04 09:31:56,822 -   [Inner 29.5] cost=829.00 no_imp=8/20 (còn 1132s)
2026-04-04 09:31:57,057 -   [Inner 29.6] cost=829.00 no_imp=10/20 (còn 1132s)
2026-04-04 09:31:57,288 -   [Inner 29.7] cost=829.00 no_imp=12/20 (còn 1132s)
2026-04-04 09:31:57,519 -   [Inner 29.8] cost=829.00 no_imp=14/20 (còn 1132s)
2026-04-04 09:31:57,754 -   [Inner 29.9] cost=829.00 no_imp=16/20 (còn 1131s)
2026-04-04 09:31:57,990 -   [Inner 29.10] cost=829.00 no_imp=18/20 (còn 1131s)
2026-04-04 09:31:58,223 -   [Outer 29] Chạy Pairwise MaxSAT...
2026-04-04 09:31:58,224 -   [Outer] Không cải thiện (streak=28)
2026-04-04 09:31:58,224 - === OUTER 30 | cost=829.00 no_imp_streak=28 (còn 1131s) ===
2026-04-04 09:31:58,224 -   [Inner 30.1] cost=829.00 no_imp=0/20 (còn 1131s)
2026-04-04 09:31:58,459 -   [Inner 30.2] cost=829.00 no_imp=2/20 (còn 1131s)
2026-04-04 09:31:58,691 -   [Inner 30.3] cost=829.00 no_imp=4/20 (còn 1131s)
2026-04-04 09:31:58,925 -   [Inner 30.4] cost=829.00 no_imp=6/20 (còn 1130s)
2026-04-04 09:31:59,159 -   [Inner 30.5] cost=829.00 no_imp=8/20 (còn 1130s)
2026-04-04 09:31:59,392 -   [Inner 30.6] cost=829.00 no_imp=10/20 (còn 1130s)
2026-04-04 09:31:59,623 -   [Inner 30.7] cost=829.00 no_imp=12/20 (còn 1130s)
2026-04-04 09:31:59,857 -   [Inner 30.8] cost=829.00 no_imp=14/20 (còn 1129s)
2026-04-04 09:32:00,094 -   [Inner 30.9] cost=829.00 no_imp=16/20 (còn 1129s)
2026-04-04 09:32:00,328 -   [Inner 30.10] cost=829.00 no_imp=18/20 (còn 1129s)
2026-04-04 09:32:00,562 -   [Outer 30] Chạy Pairwise MaxSAT...
2026-04-04 09:32:00,562 -   [Outer] Không cải thiện (streak=29)
2026-04-04 09:32:00,562 - === OUTER 31 | cost=829.00 no_imp_streak=29 (còn 1129s) ===
2026-04-04 09:32:00,562 -   [Inner 31.1] cost=829.00 no_imp=0/20 (còn 1129s)
2026-04-04 09:32:00,794 -   [Inner 31.2] cost=829.00 no_imp=2/20 (còn 1128s)
2026-04-04 09:32:01,025 -   [Inner 31.3] cost=829.00 no_imp=4/20 (còn 1128s)
2026-04-04 09:32:01,257 -   [Inner 31.4] cost=829.00 no_imp=6/20 (còn 1128s)
2026-04-04 09:32:01,490 -   [Inner 31.5] cost=829.00 no_imp=8/20 (còn 1128s)
2026-04-04 09:32:01,732 -   [Inner 31.6] cost=829.00 no_imp=10/20 (còn 1128s)
2026-04-04 09:32:01,972 -   [Inner 31.7] cost=829.00 no_imp=12/20 (còn 1127s)
2026-04-04 09:32:02,206 -   [Inner 31.8] cost=829.00 no_imp=14/20 (còn 1127s)
2026-04-04 09:32:02,440 -   [Inner 31.9] cost=829.00 no_imp=16/20 (còn 1127s)
2026-04-04 09:32:02,674 -   [Inner 31.10] cost=829.00 no_imp=18/20 (còn 1127s)
2026-04-04 09:32:02,908 -   [Outer 31] Chạy Pairwise MaxSAT...
2026-04-04 09:32:02,908 -   [Outer] Không cải thiện (streak=30)
2026-04-04 09:32:02,908 - === OUTER 32 | cost=829.00 no_imp_streak=30 (còn 1126s) ===
2026-04-04 09:32:02,908 -   [Inner 32.1] cost=829.00 no_imp=0/20 (còn 1126s)
2026-04-04 09:32:03,141 -   [Inner 32.2] cost=829.00 no_imp=2/20 (còn 1126s)
2026-04-04 09:32:03,375 -   [Inner 32.3] cost=829.00 no_imp=4/20 (còn 1126s)
2026-04-04 09:32:03,608 -   [Inner 32.4] cost=829.00 no_imp=6/20 (còn 1126s)
2026-04-04 09:32:03,842 -   [Inner 32.5] cost=829.00 no_imp=8/20 (còn 1125s)
2026-04-04 09:32:04,080 -   [Inner 32.6] cost=829.00 no_imp=10/20 (còn 1125s)
2026-04-04 09:32:04,316 -   [Inner 32.7] cost=829.00 no_imp=12/20 (còn 1125s)
2026-04-04 09:32:04,548 -   [Inner 32.8] cost=829.00 no_imp=14/20 (còn 1125s)
2026-04-04 09:32:04,783 -   [Inner 32.9] cost=829.00 no_imp=16/20 (còn 1124s)
2026-04-04 09:32:05,016 -   [Inner 32.10] cost=829.00 no_imp=18/20 (còn 1124s)
2026-04-04 09:32:05,252 -   [Outer 32] Chạy Pairwise MaxSAT...
2026-04-04 09:32:05,252 -   [Outer] Không cải thiện (streak=31)
2026-04-04 09:32:05,252 - === OUTER 33 | cost=829.00 no_imp_streak=31 (còn 1124s) ===
2026-04-04 09:32:05,252 -   [Inner 33.1] cost=829.00 no_imp=0/20 (còn 1124s)
2026-04-04 09:32:05,487 -   [Inner 33.2] cost=829.00 no_imp=2/20 (còn 1124s)
2026-04-04 09:32:05,720 -   [Inner 33.3] cost=829.00 no_imp=4/20 (còn 1124s)
2026-04-04 09:32:05,958 -   [Inner 33.4] cost=829.00 no_imp=6/20 (còn 1123s)
2026-04-04 09:32:06,191 -   [Inner 33.5] cost=829.00 no_imp=8/20 (còn 1123s)
2026-04-04 09:32:06,425 -   [Inner 33.6] cost=829.00 no_imp=10/20 (còn 1123s)
2026-04-04 09:32:06,659 -   [Inner 33.7] cost=829.00 no_imp=12/20 (còn 1123s)
2026-04-04 09:32:06,893 -   [Inner 33.8] cost=829.00 no_imp=14/20 (còn 1122s)
2026-04-04 09:32:07,127 -   [Inner 33.9] cost=829.00 no_imp=16/20 (còn 1122s)
2026-04-04 09:32:07,361 -   [Inner 33.10] cost=829.00 no_imp=18/20 (còn 1122s)
2026-04-04 09:32:07,592 -   [Outer 33] Chạy Pairwise MaxSAT...
2026-04-04 09:32:07,593 -   [Outer] Không cải thiện (streak=32)
2026-04-04 09:32:07,593 - === OUTER 34 | cost=829.00 no_imp_streak=32 (còn 1122s) ===
2026-04-04 09:32:07,593 -   [Inner 34.1] cost=829.00 no_imp=0/20 (còn 1122s)
2026-04-04 09:32:07,826 -   [Inner 34.2] cost=829.00 no_imp=2/20 (còn 1121s)
2026-04-04 09:32:08,062 -   [Inner 34.3] cost=829.00 no_imp=4/20 (còn 1121s)
2026-04-04 09:32:08,297 -   [Inner 34.4] cost=829.00 no_imp=6/20 (còn 1121s)
2026-04-04 09:32:08,531 -   [Inner 34.5] cost=829.00 no_imp=8/20 (còn 1121s)
2026-04-04 09:32:08,767 -   [Inner 34.6] cost=829.00 no_imp=10/20 (còn 1120s)
2026-04-04 09:32:09,001 -   [Inner 34.7] cost=829.00 no_imp=12/20 (còn 1120s)
2026-04-04 09:32:09,235 -   [Inner 34.8] cost=829.00 no_imp=14/20 (còn 1120s)
2026-04-04 09:32:09,470 -   [Inner 34.9] cost=829.00 no_imp=16/20 (còn 1120s)
2026-04-04 09:32:09,706 -   [Inner 34.10] cost=829.00 no_imp=18/20 (còn 1120s)
2026-04-04 09:32:09,938 -   [Outer 34] Chạy Pairwise MaxSAT...
2026-04-04 09:32:09,939 -   [Outer] Không cải thiện (streak=33)
2026-04-04 09:32:09,939 - === OUTER 35 | cost=829.00 no_imp_streak=33 (còn 1119s) ===
2026-04-04 09:32:09,939 -   [Inner 35.1] cost=829.00 no_imp=0/20 (còn 1119s)
2026-04-04 09:32:10,175 -   [Inner 35.2] cost=829.00 no_imp=2/20 (còn 1119s)
2026-04-04 09:32:10,410 -   [Inner 35.3] cost=829.00 no_imp=4/20 (còn 1119s)
2026-04-04 09:32:10,642 -   [Inner 35.4] cost=829.00 no_imp=6/20 (còn 1119s)
2026-04-04 09:32:10,876 -   [Inner 35.5] cost=829.00 no_imp=8/20 (còn 1118s)
2026-04-04 09:32:11,107 -   [Inner 35.6] cost=829.00 no_imp=10/20 (còn 1118s)
2026-04-04 09:32:11,340 -   [Inner 35.7] cost=829.00 no_imp=12/20 (còn 1118s)
2026-04-04 09:32:11,574 -   [Inner 35.8] cost=829.00 no_imp=14/20 (còn 1118s)
2026-04-04 09:32:11,806 -   [Inner 35.9] cost=829.00 no_imp=16/20 (còn 1117s)
2026-04-04 09:32:12,043 -   [Inner 35.10] cost=829.00 no_imp=18/20 (còn 1117s)
2026-04-04 09:32:12,275 -   [Outer 35] Chạy Pairwise MaxSAT...
2026-04-04 09:32:12,276 -   [Outer] Không cải thiện (streak=34)
2026-04-04 09:32:12,276 - === OUTER 36 | cost=829.00 no_imp_streak=34 (còn 1117s) ===
2026-04-04 09:32:12,276 -   [Inner 36.1] cost=829.00 no_imp=0/20 (còn 1117s)
2026-04-04 09:32:12,510 -   [Inner 36.2] cost=829.00 no_imp=2/20 (còn 1117s)
2026-04-04 09:32:12,744 -   [Inner 36.3] cost=829.00 no_imp=4/20 (còn 1116s)
2026-04-04 09:32:12,978 -   [Inner 36.4] cost=829.00 no_imp=6/20 (còn 1116s)
2026-04-04 09:32:13,212 -   [Inner 36.5] cost=829.00 no_imp=8/20 (còn 1116s)
2026-04-04 09:32:13,445 -   [Inner 36.6] cost=829.00 no_imp=10/20 (còn 1116s)
2026-04-04 09:32:13,676 -   [Inner 36.7] cost=829.00 no_imp=12/20 (còn 1116s)
2026-04-04 09:32:13,912 -   [Inner 36.8] cost=829.00 no_imp=14/20 (còn 1115s)
2026-04-04 09:32:14,145 -   [Inner 36.9] cost=829.00 no_imp=16/20 (còn 1115s)
2026-04-04 09:32:14,381 -   [Inner 36.10] cost=829.00 no_imp=18/20 (còn 1115s)
2026-04-04 09:32:14,612 -   [Outer 36] Chạy Pairwise MaxSAT...
2026-04-04 09:32:14,613 -   [Outer] Không cải thiện (streak=35)
2026-04-04 09:32:14,613 - === OUTER 37 | cost=829.00 no_imp_streak=35 (còn 1115s) ===
2026-04-04 09:32:14,613 -   [Inner 37.1] cost=829.00 no_imp=0/20 (còn 1115s)
2026-04-04 09:32:14,847 -   [Inner 37.2] cost=829.00 no_imp=2/20 (còn 1114s)
2026-04-04 09:32:15,079 -   [Inner 37.3] cost=829.00 no_imp=4/20 (còn 1114s)
2026-04-04 09:32:15,312 -   [Inner 37.4] cost=829.00 no_imp=6/20 (còn 1114s)
2026-04-04 09:32:15,543 -   [Inner 37.5] cost=829.00 no_imp=8/20 (còn 1114s)
2026-04-04 09:32:15,776 -   [Inner 37.6] cost=829.00 no_imp=10/20 (còn 1113s)
2026-04-04 09:32:16,008 -   [Inner 37.7] cost=829.00 no_imp=12/20 (còn 1113s)
2026-04-04 09:32:16,245 -   [Inner 37.8] cost=829.00 no_imp=14/20 (còn 1113s)
2026-04-04 09:32:16,477 -   [Inner 37.9] cost=829.00 no_imp=16/20 (còn 1113s)
2026-04-04 09:32:16,710 -   [Inner 37.10] cost=829.00 no_imp=18/20 (còn 1113s)
2026-04-04 09:32:16,941 -   [Outer 37] Chạy Pairwise MaxSAT...
2026-04-04 09:32:16,942 -   [Outer] Không cải thiện (streak=36)
2026-04-04 09:32:16,942 - === OUTER 38 | cost=829.00 no_imp_streak=36 (còn 1112s) ===
2026-04-04 09:32:16,942 -   [Inner 38.1] cost=829.00 no_imp=0/20 (còn 1112s)
2026-04-04 09:32:17,174 -   [Inner 38.2] cost=829.00 no_imp=2/20 (còn 1112s)
2026-04-04 09:32:17,408 -   [Inner 38.3] cost=829.00 no_imp=4/20 (còn 1112s)
2026-04-04 09:32:17,641 -   [Inner 38.4] cost=829.00 no_imp=6/20 (còn 1112s)
2026-04-04 09:32:17,876 -   [Inner 38.5] cost=829.00 no_imp=8/20 (còn 1111s)
2026-04-04 09:32:18,115 -   [Inner 38.6] cost=829.00 no_imp=10/20 (còn 1111s)
2026-04-04 09:32:18,348 -   [Inner 38.7] cost=829.00 no_imp=12/20 (còn 1111s)
2026-04-04 09:32:18,581 -   [Inner 38.8] cost=829.00 no_imp=14/20 (còn 1111s)
2026-04-04 09:32:18,814 -   [Inner 38.9] cost=829.00 no_imp=16/20 (còn 1110s)
2026-04-04 09:32:19,048 -   [Inner 38.10] cost=829.00 no_imp=18/20 (còn 1110s)
2026-04-04 09:32:19,283 -   [Outer 38] Chạy Pairwise MaxSAT...
2026-04-04 09:32:19,284 -   [Outer] Không cải thiện (streak=37)
2026-04-04 09:32:19,284 - === OUTER 39 | cost=829.00 no_imp_streak=37 (còn 1110s) ===
2026-04-04 09:32:19,284 -   [Inner 39.1] cost=829.00 no_imp=0/20 (còn 1110s)
2026-04-04 09:32:19,518 -   [Inner 39.2] cost=829.00 no_imp=2/20 (còn 1110s)
2026-04-04 09:32:19,752 -   [Inner 39.3] cost=829.00 no_imp=4/20 (còn 1109s)
2026-04-04 09:32:19,984 -   [Inner 39.4] cost=829.00 no_imp=6/20 (còn 1109s)
2026-04-04 09:32:20,224 -   [Inner 39.5] cost=829.00 no_imp=8/20 (còn 1109s)
2026-04-04 09:32:20,456 -   [Inner 39.6] cost=829.00 no_imp=10/20 (còn 1109s)
2026-04-04 09:32:20,690 -   [Inner 39.7] cost=829.00 no_imp=12/20 (còn 1109s)
2026-04-04 09:32:20,927 -   [Inner 39.8] cost=829.00 no_imp=14/20 (còn 1108s)
2026-04-04 09:32:21,161 -   [Inner 39.9] cost=829.00 no_imp=16/20 (còn 1108s)
2026-04-04 09:32:21,431 -   [Inner 39.10] cost=829.00 no_imp=18/20 (còn 1108s)
2026-04-04 09:32:21,666 -   [Outer 39] Chạy Pairwise MaxSAT...
2026-04-04 09:32:21,667 -   [Outer] Không cải thiện (streak=38)
2026-04-04 09:32:21,667 - === OUTER 40 | cost=829.00 no_imp_streak=38 (còn 1108s) ===
2026-04-04 09:32:21,667 -   [Inner 40.1] cost=829.00 no_imp=0/20 (còn 1108s)
2026-04-04 09:32:21,901 -   [Inner 40.2] cost=829.00 no_imp=2/20 (còn 1107s)
2026-04-04 09:32:22,135 -   [Inner 40.3] cost=829.00 no_imp=4/20 (còn 1107s)
2026-04-04 09:32:22,373 -   [Inner 40.4] cost=829.00 no_imp=6/20 (còn 1107s)
2026-04-04 09:32:22,606 -   [Inner 40.5] cost=829.00 no_imp=8/20 (còn 1107s)
2026-04-04 09:32:22,842 -   [Inner 40.6] cost=829.00 no_imp=10/20 (còn 1106s)
2026-04-04 09:32:23,075 -   [Inner 40.7] cost=829.00 no_imp=12/20 (còn 1106s)
2026-04-04 09:32:23,310 -   [Inner 40.8] cost=829.00 no_imp=14/20 (còn 1106s)
2026-04-04 09:32:23,546 -   [Inner 40.9] cost=829.00 no_imp=16/20 (còn 1106s)
2026-04-04 09:32:23,779 -   [Inner 40.10] cost=829.00 no_imp=18/20 (còn 1105s)
2026-04-04 09:32:24,013 -   [Outer 40] Chạy Pairwise MaxSAT...
2026-04-04 09:32:24,014 -   [Outer] Không cải thiện (streak=39)
2026-04-04 09:32:24,014 - === OUTER 41 | cost=829.00 no_imp_streak=39 (còn 1105s) ===
2026-04-04 09:32:24,014 -   [Inner 41.1] cost=829.00 no_imp=0/20 (còn 1105s)
2026-04-04 09:32:24,250 -   [Inner 41.2] cost=829.00 no_imp=2/20 (còn 1105s)
2026-04-04 09:32:24,482 -   [Inner 41.3] cost=829.00 no_imp=4/20 (còn 1105s)
2026-04-04 09:32:24,718 -   [Inner 41.4] cost=829.00 no_imp=6/20 (còn 1105s)
2026-04-04 09:32:24,951 -   [Inner 41.5] cost=829.00 no_imp=8/20 (còn 1104s)
2026-04-04 09:32:25,185 -   [Inner 41.6] cost=829.00 no_imp=10/20 (còn 1104s)
2026-04-04 09:32:25,421 -   [Inner 41.7] cost=829.00 no_imp=12/20 (còn 1104s)
2026-04-04 09:32:25,655 -   [Inner 41.8] cost=829.00 no_imp=14/20 (còn 1104s)
2026-04-04 09:32:25,892 -   [Inner 41.9] cost=829.00 no_imp=16/20 (còn 1103s)
2026-04-04 09:32:26,125 -   [Inner 41.10] cost=829.00 no_imp=18/20 (còn 1103s)
2026-04-04 09:32:26,364 -   [Outer 41] Chạy Pairwise MaxSAT...
2026-04-04 09:32:26,364 -   [Outer] Không cải thiện (streak=40)
2026-04-04 09:32:26,364 - === OUTER 42 | cost=829.00 no_imp_streak=40 (còn 1103s) ===
2026-04-04 09:32:26,365 -   [Inner 42.1] cost=829.00 no_imp=0/20 (còn 1103s)
2026-04-04 09:32:26,596 -   [Inner 42.2] cost=829.00 no_imp=2/20 (còn 1103s)
2026-04-04 09:32:26,830 -   [Inner 42.3] cost=829.00 no_imp=4/20 (còn 1102s)
2026-04-04 09:32:27,066 -   [Inner 42.4] cost=829.00 no_imp=6/20 (còn 1102s)
2026-04-04 09:32:27,299 -   [Inner 42.5] cost=829.00 no_imp=8/20 (còn 1102s)
2026-04-04 09:32:27,530 -   [Inner 42.6] cost=829.00 no_imp=10/20 (còn 1102s)
2026-04-04 09:32:27,766 -   [Inner 42.7] cost=829.00 no_imp=12/20 (còn 1101s)
2026-04-04 09:32:27,998 -   [Inner 42.8] cost=829.00 no_imp=14/20 (còn 1101s)
2026-04-04 09:32:28,235 -   [Inner 42.9] cost=829.00 no_imp=16/20 (còn 1101s)
2026-04-04 09:32:28,470 -   [Inner 42.10] cost=829.00 no_imp=18/20 (còn 1101s)
2026-04-04 09:32:28,705 -   [Outer 42] Chạy Pairwise MaxSAT...
2026-04-04 09:32:28,705 -   [Outer] Không cải thiện (streak=41)
2026-04-04 09:32:28,705 - === OUTER 43 | cost=829.00 no_imp_streak=41 (còn 1101s) ===
2026-04-04 09:32:28,705 -   [Inner 43.1] cost=829.00 no_imp=0/20 (còn 1101s)
2026-04-04 09:32:28,942 -   [Inner 43.2] cost=829.00 no_imp=2/20 (còn 1100s)
2026-04-04 09:32:29,174 -   [Inner 43.3] cost=829.00 no_imp=4/20 (còn 1100s)
2026-04-04 09:32:29,409 -   [Inner 43.4] cost=829.00 no_imp=6/20 (còn 1100s)
2026-04-04 09:32:29,642 -   [Inner 43.5] cost=829.00 no_imp=8/20 (còn 1100s)
2026-04-04 09:32:29,876 -   [Inner 43.6] cost=829.00 no_imp=10/20 (còn 1099s)
2026-04-04 09:32:30,120 -   [Inner 43.7] cost=829.00 no_imp=12/20 (còn 1099s)
2026-04-04 09:32:30,382 -   [Inner 43.8] cost=829.00 no_imp=14/20 (còn 1099s)
2026-04-04 09:32:30,620 -   [Inner 43.9] cost=829.00 no_imp=16/20 (còn 1099s)
2026-04-04 09:32:30,855 -   [Inner 43.10] cost=829.00 no_imp=18/20 (còn 1098s)
2026-04-04 09:32:31,090 -   [Outer 43] Chạy Pairwise MaxSAT...
2026-04-04 09:32:31,090 -   [Outer] Không cải thiện (streak=42)
2026-04-04 09:32:31,091 - === OUTER 44 | cost=829.00 no_imp_streak=42 (còn 1098s) ===
2026-04-04 09:32:31,091 -   [Inner 44.1] cost=829.00 no_imp=0/20 (còn 1098s)
2026-04-04 09:32:31,325 -   [Inner 44.2] cost=829.00 no_imp=2/20 (còn 1098s)
2026-04-04 09:32:31,556 -   [Inner 44.3] cost=829.00 no_imp=4/20 (còn 1098s)
2026-04-04 09:32:31,794 -   [Inner 44.4] cost=829.00 no_imp=6/20 (còn 1097s)
2026-04-04 09:32:32,030 -   [Inner 44.5] cost=829.00 no_imp=8/20 (còn 1097s)
2026-04-04 09:32:32,265 -   [Inner 44.6] cost=829.00 no_imp=10/20 (còn 1097s)
2026-04-04 09:32:32,503 -   [Inner 44.7] cost=829.00 no_imp=12/20 (còn 1097s)
2026-04-04 09:32:32,742 -   [Inner 44.8] cost=829.00 no_imp=14/20 (còn 1096s)
2026-04-04 09:32:32,981 -   [Inner 44.9] cost=829.00 no_imp=16/20 (còn 1096s)
2026-04-04 09:32:33,215 -   [Inner 44.10] cost=829.00 no_imp=18/20 (còn 1096s)
2026-04-04 09:32:33,458 -   [Outer 44] Chạy Pairwise MaxSAT...
2026-04-04 09:32:33,458 -   [Outer] Không cải thiện (streak=43)
2026-04-04 09:32:33,458 - === OUTER 45 | cost=829.00 no_imp_streak=43 (còn 1096s) ===
2026-04-04 09:32:33,458 -   [Inner 45.1] cost=829.00 no_imp=0/20 (còn 1096s)
2026-04-04 09:32:33,697 -   [Inner 45.2] cost=829.00 no_imp=2/20 (còn 1096s)
2026-04-04 09:32:33,935 -   [Inner 45.3] cost=829.00 no_imp=4/20 (còn 1095s)
2026-04-04 09:32:34,170 -   [Inner 45.4] cost=829.00 no_imp=6/20 (còn 1095s)
2026-04-04 09:32:34,406 -   [Inner 45.5] cost=829.00 no_imp=8/20 (còn 1095s)
2026-04-04 09:32:34,638 -   [Inner 45.6] cost=829.00 no_imp=10/20 (còn 1095s)
2026-04-04 09:32:34,875 -   [Inner 45.7] cost=829.00 no_imp=12/20 (còn 1094s)
2026-04-04 09:32:35,109 -   [Inner 45.8] cost=829.00 no_imp=14/20 (còn 1094s)
2026-04-04 09:32:35,344 -   [Inner 45.9] cost=829.00 no_imp=16/20 (còn 1094s)
2026-04-04 09:32:35,575 -   [Inner 45.10] cost=829.00 no_imp=18/20 (còn 1094s)
2026-04-04 09:32:35,808 -   [Outer 45] Chạy Pairwise MaxSAT...
2026-04-04 09:32:35,808 -   [Outer] Không cải thiện (streak=44)
2026-04-04 09:32:35,808 - === OUTER 46 | cost=829.00 no_imp_streak=44 (còn 1093s) ===
2026-04-04 09:32:35,808 -   [Inner 46.1] cost=829.00 no_imp=0/20 (còn 1093s)
2026-04-04 09:32:36,044 -   [Inner 46.2] cost=829.00 no_imp=2/20 (còn 1093s)
2026-04-04 09:32:36,275 -   [Inner 46.3] cost=829.00 no_imp=4/20 (còn 1093s)
2026-04-04 09:32:36,510 -   [Inner 46.4] cost=829.00 no_imp=6/20 (còn 1093s)
2026-04-04 09:32:36,744 -   [Inner 46.5] cost=829.00 no_imp=8/20 (còn 1092s)
2026-04-04 09:32:36,976 -   [Inner 46.6] cost=829.00 no_imp=10/20 (còn 1092s)
2026-04-04 09:32:37,213 -   [Inner 46.7] cost=829.00 no_imp=12/20 (còn 1092s)
2026-04-04 09:32:37,446 -   [Inner 46.8] cost=829.00 no_imp=14/20 (còn 1092s)
2026-04-04 09:32:37,679 -   [Inner 46.9] cost=829.00 no_imp=16/20 (còn 1092s)
2026-04-04 09:32:37,916 -   [Inner 46.10] cost=829.00 no_imp=18/20 (còn 1091s)
2026-04-04 09:32:38,151 -   [Outer 46] Chạy Pairwise MaxSAT...
2026-04-04 09:32:38,151 -   [Outer] Không cải thiện (streak=45)
2026-04-04 09:32:38,152 - === OUTER 47 | cost=829.00 no_imp_streak=45 (còn 1091s) ===
2026-04-04 09:32:38,152 -   [Inner 47.1] cost=829.00 no_imp=0/20 (còn 1091s)
2026-04-04 09:32:38,391 -   [Inner 47.2] cost=829.00 no_imp=2/20 (còn 1091s)
2026-04-04 09:32:38,641 -   [Inner 47.3] cost=829.00 no_imp=4/20 (còn 1091s)
2026-04-04 09:32:38,879 -   [Inner 47.4] cost=829.00 no_imp=6/20 (còn 1090s)
2026-04-04 09:32:39,114 -   [Inner 47.5] cost=829.00 no_imp=8/20 (còn 1090s)
2026-04-04 09:32:39,349 -   [Inner 47.6] cost=829.00 no_imp=10/20 (còn 1090s)
2026-04-04 09:32:39,582 -   [Inner 47.7] cost=829.00 no_imp=12/20 (còn 1090s)
2026-04-04 09:32:39,815 -   [Inner 47.8] cost=829.00 no_imp=14/20 (còn 1089s)
2026-04-04 09:32:40,045 -   [Inner 47.9] cost=829.00 no_imp=16/20 (còn 1089s)
2026-04-04 09:32:40,279 -   [Inner 47.10] cost=829.00 no_imp=18/20 (còn 1089s)
2026-04-04 09:32:40,514 -   [Outer 47] Chạy Pairwise MaxSAT...
2026-04-04 09:32:40,515 -   [Outer] Không cải thiện (streak=46)
2026-04-04 09:32:40,515 - === OUTER 48 | cost=829.00 no_imp_streak=46 (còn 1089s) ===
2026-04-04 09:32:40,515 -   [Inner 48.1] cost=829.00 no_imp=0/20 (còn 1089s)
2026-04-04 09:32:40,753 -   [Inner 48.2] cost=829.00 no_imp=2/20 (còn 1088s)
2026-04-04 09:32:40,988 -   [Inner 48.3] cost=829.00 no_imp=4/20 (còn 1088s)
2026-04-04 09:32:41,219 -   [Inner 48.4] cost=829.00 no_imp=6/20 (còn 1088s)
2026-04-04 09:32:41,456 -   [Inner 48.5] cost=829.00 no_imp=8/20 (còn 1088s)
2026-04-04 09:32:41,690 -   [Inner 48.6] cost=829.00 no_imp=10/20 (còn 1088s)
2026-04-04 09:32:41,926 -   [Inner 48.7] cost=829.00 no_imp=12/20 (còn 1087s)
2026-04-04 09:32:42,164 -   [Inner 48.8] cost=829.00 no_imp=14/20 (còn 1087s)
2026-04-04 09:32:42,417 -   [Inner 48.9] cost=829.00 no_imp=16/20 (còn 1087s)
2026-04-04 09:32:42,660 -   [Inner 48.10] cost=829.00 no_imp=18/20 (còn 1087s)
2026-04-04 09:32:42,894 -   [Outer 48] Chạy Pairwise MaxSAT...
2026-04-04 09:32:42,894 -   [Outer] Không cải thiện (streak=47)
2026-04-04 09:32:42,895 - === OUTER 49 | cost=829.00 no_imp_streak=47 (còn 1086s) ===
2026-04-04 09:32:42,895 -   [Inner 49.1] cost=829.00 no_imp=0/20 (còn 1086s)
2026-04-04 09:32:43,131 -   [Inner 49.2] cost=829.00 no_imp=2/20 (còn 1086s)
2026-04-04 09:32:43,369 -   [Inner 49.3] cost=829.00 no_imp=4/20 (còn 1086s)
2026-04-04 09:32:43,601 -   [Inner 49.4] cost=829.00 no_imp=6/20 (còn 1086s)
2026-04-04 09:32:43,834 -   [Inner 49.5] cost=829.00 no_imp=8/20 (còn 1085s)
2026-04-04 09:32:44,067 -   [Inner 49.6] cost=829.00 no_imp=10/20 (còn 1085s)
2026-04-04 09:32:44,300 -   [Inner 49.7] cost=829.00 no_imp=12/20 (còn 1085s)
2026-04-04 09:32:44,538 -   [Inner 49.8] cost=829.00 no_imp=14/20 (còn 1085s)
2026-04-04 09:32:44,773 -   [Inner 49.9] cost=829.00 no_imp=16/20 (còn 1084s)
2026-04-04 09:32:45,006 -   [Inner 49.10] cost=829.00 no_imp=18/20 (còn 1084s)
2026-04-04 09:32:45,241 -   [Outer 49] Chạy Pairwise MaxSAT...
2026-04-04 09:32:45,241 -   [Outer] Không cải thiện (streak=48)
2026-04-04 09:32:45,241 - === OUTER 50 | cost=829.00 no_imp_streak=48 (còn 1084s) ===
2026-04-04 09:32:45,241 -   [Inner 50.1] cost=829.00 no_imp=0/20 (còn 1084s)
2026-04-04 09:32:45,473 -   [Inner 50.2] cost=829.00 no_imp=2/20 (còn 1084s)
2026-04-04 09:32:45,707 -   [Inner 50.3] cost=829.00 no_imp=4/20 (còn 1084s)
2026-04-04 09:32:45,941 -   [Inner 50.4] cost=829.00 no_imp=6/20 (còn 1083s)
2026-04-04 09:32:46,174 -   [Inner 50.5] cost=829.00 no_imp=8/20 (còn 1083s)
2026-04-04 09:32:46,408 -   [Inner 50.6] cost=829.00 no_imp=10/20 (còn 1083s)
2026-04-04 09:32:46,645 -   [Inner 50.7] cost=829.00 no_imp=12/20 (còn 1083s)
2026-04-04 09:32:46,884 -   [Inner 50.8] cost=829.00 no_imp=14/20 (còn 1082s)
2026-04-04 09:32:47,115 -   [Inner 50.9] cost=829.00 no_imp=16/20 (còn 1082s)
2026-04-04 09:32:47,349 -   [Inner 50.10] cost=829.00 no_imp=18/20 (còn 1082s)
2026-04-04 09:32:47,582 -   [Outer 50] Chạy Pairwise MaxSAT...
2026-04-04 09:32:47,583 -   [Outer] Không cải thiện (streak=49)
2026-04-04 09:32:47,583 - === OUTER 51 | cost=829.00 no_imp_streak=49 (còn 1082s) ===
2026-04-04 09:32:47,583 -   [Inner 51.1] cost=829.00 no_imp=0/20 (còn 1082s)
2026-04-04 09:32:47,816 -   [Inner 51.2] cost=829.00 no_imp=2/20 (còn 1081s)
2026-04-04 09:32:48,051 -   [Inner 51.3] cost=829.00 no_imp=4/20 (còn 1081s)
2026-04-04 09:32:48,285 -   [Inner 51.4] cost=829.00 no_imp=6/20 (còn 1081s)
2026-04-04 09:32:48,519 -   [Inner 51.5] cost=829.00 no_imp=8/20 (còn 1081s)
2026-04-04 09:32:48,752 -   [Inner 51.6] cost=829.00 no_imp=10/20 (còn 1080s)
2026-04-04 09:32:48,982 -   [Inner 51.7] cost=829.00 no_imp=12/20 (còn 1080s)
2026-04-04 09:32:49,215 -   [Inner 51.8] cost=829.00 no_imp=14/20 (còn 1080s)
2026-04-04 09:32:49,452 -   [Inner 51.9] cost=829.00 no_imp=16/20 (còn 1080s)
2026-04-04 09:32:49,683 -   [Inner 51.10] cost=829.00 no_imp=18/20 (còn 1080s)
2026-04-04 09:32:49,916 -   [Outer 51] Chạy Pairwise MaxSAT...
2026-04-04 09:32:49,917 -   [Outer] Không cải thiện (streak=50)
2026-04-04 09:32:49,917 - === OUTER 52 | cost=829.00 no_imp_streak=50 (còn 1079s) ===
2026-04-04 09:32:49,917 -   [Inner 52.1] cost=829.00 no_imp=0/20 (còn 1079s)
2026-04-04 09:32:50,152 -   [Inner 52.2] cost=829.00 no_imp=2/20 (còn 1079s)
2026-04-04 09:32:50,390 -   [Inner 52.3] cost=829.00 no_imp=4/20 (còn 1079s)
2026-04-04 09:32:50,623 -   [Inner 52.4] cost=829.00 no_imp=6/20 (còn 1079s)
2026-04-04 09:32:50,879 -   [Inner 52.5] cost=829.00 no_imp=8/20 (còn 1078s)
2026-04-04 09:32:51,113 -   [Inner 52.6] cost=829.00 no_imp=10/20 (còn 1078s)
2026-04-04 09:32:51,349 -   [Inner 52.7] cost=829.00 no_imp=12/20 (còn 1078s)
2026-04-04 09:32:51,584 -   [Inner 52.8] cost=829.00 no_imp=14/20 (còn 1078s)
2026-04-04 09:32:51,816 -   [Inner 52.9] cost=829.00 no_imp=16/20 (còn 1077s)
2026-04-04 09:32:52,049 -   [Inner 52.10] cost=829.00 no_imp=18/20 (còn 1077s)
2026-04-04 09:32:52,285 -   [Outer 52] Chạy Pairwise MaxSAT...
2026-04-04 09:32:52,286 -   [Outer] Không cải thiện (streak=51)
2026-04-04 09:32:52,286 - === OUTER 53 | cost=829.00 no_imp_streak=51 (còn 1077s) ===
2026-04-04 09:32:52,286 -   [Inner 53.1] cost=829.00 no_imp=0/20 (còn 1077s)
2026-04-04 09:32:52,519 -   [Inner 53.2] cost=829.00 no_imp=2/20 (còn 1077s)
2026-04-04 09:32:52,756 -   [Inner 53.3] cost=829.00 no_imp=4/20 (còn 1076s)
2026-04-04 09:32:52,988 -   [Inner 53.4] cost=829.00 no_imp=6/20 (còn 1076s)
2026-04-04 09:32:53,216 -   [Inner 53.5] cost=829.00 no_imp=8/20 (còn 1076s)
2026-04-04 09:32:53,455 -   [Inner 53.6] cost=829.00 no_imp=10/20 (còn 1076s)
2026-04-04 09:32:53,689 -   [Inner 53.7] cost=829.00 no_imp=12/20 (còn 1076s)
2026-04-04 09:32:53,924 -   [Inner 53.8] cost=829.00 no_imp=14/20 (còn 1075s)
2026-04-04 09:32:54,156 -   [Inner 53.9] cost=829.00 no_imp=16/20 (còn 1075s)
2026-04-04 09:32:54,392 -   [Inner 53.10] cost=829.00 no_imp=18/20 (còn 1075s)
2026-04-04 09:32:54,626 -   [Outer 53] Chạy Pairwise MaxSAT...
2026-04-04 09:32:54,627 -   [Outer] Không cải thiện (streak=52)
2026-04-04 09:32:54,627 - === OUTER 54 | cost=829.00 no_imp_streak=52 (còn 1075s) ===
2026-04-04 09:32:54,627 -   [Inner 54.1] cost=829.00 no_imp=0/20 (còn 1075s)
2026-04-04 09:32:54,857 -   [Inner 54.2] cost=829.00 no_imp=2/20 (còn 1074s)
2026-04-04 09:32:55,088 -   [Inner 54.3] cost=829.00 no_imp=4/20 (còn 1074s)
2026-04-04 09:32:55,322 -   [Inner 54.4] cost=829.00 no_imp=6/20 (còn 1074s)
2026-04-04 09:32:55,553 -   [Inner 54.5] cost=829.00 no_imp=8/20 (còn 1074s)
2026-04-04 09:32:55,785 -   [Inner 54.6] cost=829.00 no_imp=10/20 (còn 1073s)
2026-04-04 09:32:56,016 -   [Inner 54.7] cost=829.00 no_imp=12/20 (còn 1073s)
2026-04-04 09:32:56,246 -   [Inner 54.8] cost=829.00 no_imp=14/20 (còn 1073s)
2026-04-04 09:32:56,480 -   [Inner 54.9] cost=829.00 no_imp=16/20 (còn 1073s)
2026-04-04 09:32:56,715 -   [Inner 54.10] cost=829.00 no_imp=18/20 (còn 1073s)
2026-04-04 09:32:56,946 -   [Outer 54] Chạy Pairwise MaxSAT...
2026-04-04 09:32:56,947 -   [Outer] Không cải thiện (streak=53)
2026-04-04 09:32:56,947 - === OUTER 55 | cost=829.00 no_imp_streak=53 (còn 1072s) ===
2026-04-04 09:32:56,947 -   [Inner 55.1] cost=829.00 no_imp=0/20 (còn 1072s)
2026-04-04 09:32:57,179 -   [Inner 55.2] cost=829.00 no_imp=2/20 (còn 1072s)
2026-04-04 09:32:57,413 -   [Inner 55.3] cost=829.00 no_imp=4/20 (còn 1072s)
2026-04-04 09:32:57,646 -   [Inner 55.4] cost=829.00 no_imp=6/20 (còn 1072s)
2026-04-04 09:32:57,879 -   [Inner 55.5] cost=829.00 no_imp=8/20 (còn 1071s)
2026-04-04 09:32:58,112 -   [Inner 55.6] cost=829.00 no_imp=10/20 (còn 1071s)
2026-04-04 09:32:58,346 -   [Inner 55.7] cost=829.00 no_imp=12/20 (còn 1071s)
2026-04-04 09:32:58,580 -   [Inner 55.8] cost=829.00 no_imp=14/20 (còn 1071s)
2026-04-04 09:32:58,821 -   [Inner 55.9] cost=829.00 no_imp=16/20 (còn 1070s)
2026-04-04 09:32:59,051 -   [Inner 55.10] cost=829.00 no_imp=18/20 (còn 1070s)
2026-04-04 09:32:59,283 -   [Outer 55] Chạy Pairwise MaxSAT...
2026-04-04 09:32:59,283 -   [Outer] Không cải thiện (streak=54)
2026-04-04 09:32:59,283 - === OUTER 56 | cost=829.00 no_imp_streak=54 (còn 1070s) ===
2026-04-04 09:32:59,283 -   [Inner 56.1] cost=829.00 no_imp=0/20 (còn 1070s)
2026-04-04 09:32:59,518 -   [Inner 56.2] cost=829.00 no_imp=2/20 (còn 1070s)
2026-04-04 09:32:59,749 -   [Inner 56.3] cost=829.00 no_imp=4/20 (còn 1069s)
2026-04-04 09:32:59,985 -   [Inner 56.4] cost=829.00 no_imp=6/20 (còn 1069s)
2026-04-04 09:33:00,222 -   [Inner 56.5] cost=829.00 no_imp=8/20 (còn 1069s)
2026-04-04 09:33:00,452 -   [Inner 56.6] cost=829.00 no_imp=10/20 (còn 1069s)
2026-04-04 09:33:00,687 -   [Inner 56.7] cost=829.00 no_imp=12/20 (còn 1069s)
2026-04-04 09:33:00,920 -   [Inner 56.8] cost=829.00 no_imp=14/20 (còn 1068s)
2026-04-04 09:33:01,154 -   [Inner 56.9] cost=829.00 no_imp=16/20 (còn 1068s)
2026-04-04 09:33:01,389 -   [Inner 56.10] cost=829.00 no_imp=18/20 (còn 1068s)
2026-04-04 09:33:01,629 -   [Outer 56] Chạy Pairwise MaxSAT...
2026-04-04 09:33:01,629 -   [Outer] Không cải thiện (streak=55)
2026-04-04 09:33:01,629 - === OUTER 57 | cost=829.00 no_imp_streak=55 (còn 1068s) ===
2026-04-04 09:33:01,629 -   [Inner 57.1] cost=829.00 no_imp=0/20 (còn 1068s)
2026-04-04 09:33:01,866 -   [Inner 57.2] cost=829.00 no_imp=2/20 (còn 1067s)
2026-04-04 09:33:02,129 -   [Inner 57.3] cost=829.00 no_imp=4/20 (còn 1067s)
2026-04-04 09:33:02,361 -   [Inner 57.4] cost=829.00 no_imp=6/20 (còn 1067s)
2026-04-04 09:33:02,594 -   [Inner 57.5] cost=829.00 no_imp=8/20 (còn 1067s)
2026-04-04 09:33:02,829 -   [Inner 57.6] cost=829.00 no_imp=10/20 (còn 1066s)
2026-04-04 09:33:03,063 -   [Inner 57.7] cost=829.00 no_imp=12/20 (còn 1066s)
2026-04-04 09:33:03,296 -   [Inner 57.8] cost=829.00 no_imp=14/20 (còn 1066s)
2026-04-04 09:33:03,528 -   [Inner 57.9] cost=829.00 no_imp=16/20 (còn 1066s)
2026-04-04 09:33:03,763 -   [Inner 57.10] cost=829.00 no_imp=18/20 (còn 1065s)
2026-04-04 09:33:03,997 -   [Outer 57] Chạy Pairwise MaxSAT...
2026-04-04 09:33:03,998 -   [Outer] Không cải thiện (streak=56)
2026-04-04 09:33:03,998 - === OUTER 58 | cost=829.00 no_imp_streak=56 (còn 1065s) ===
2026-04-04 09:33:03,998 -   [Inner 58.1] cost=829.00 no_imp=0/20 (còn 1065s)
2026-04-04 09:33:04,232 -   [Inner 58.2] cost=829.00 no_imp=2/20 (còn 1065s)
2026-04-04 09:33:04,463 -   [Inner 58.3] cost=829.00 no_imp=4/20 (còn 1065s)
2026-04-04 09:33:04,696 -   [Inner 58.4] cost=829.00 no_imp=6/20 (còn 1065s)
2026-04-04 09:33:04,932 -   [Inner 58.5] cost=829.00 no_imp=8/20 (còn 1064s)
2026-04-04 09:33:05,166 -   [Inner 58.6] cost=829.00 no_imp=10/20 (còn 1064s)
2026-04-04 09:33:05,403 -   [Inner 58.7] cost=829.00 no_imp=12/20 (còn 1064s)
2026-04-04 09:33:05,636 -   [Inner 58.8] cost=829.00 no_imp=14/20 (còn 1064s)
2026-04-04 09:33:05,869 -   [Inner 58.9] cost=829.00 no_imp=16/20 (còn 1063s)
2026-04-04 09:33:06,103 -   [Inner 58.10] cost=829.00 no_imp=18/20 (còn 1063s)
2026-04-04 09:33:06,336 -   [Outer 58] Chạy Pairwise MaxSAT...
2026-04-04 09:33:06,337 -   [Outer] Không cải thiện (streak=57)
2026-04-04 09:33:06,337 - === OUTER 59 | cost=829.00 no_imp_streak=57 (còn 1063s) ===
2026-04-04 09:33:06,337 -   [Inner 59.1] cost=829.00 no_imp=0/20 (còn 1063s)
2026-04-04 09:33:06,569 -   [Inner 59.2] cost=829.00 no_imp=2/20 (còn 1063s)
2026-04-04 09:33:06,807 -   [Inner 59.3] cost=829.00 no_imp=4/20 (còn 1062s)
2026-04-04 09:33:07,041 -   [Inner 59.4] cost=829.00 no_imp=6/20 (còn 1062s)
2026-04-04 09:33:07,273 -   [Inner 59.5] cost=829.00 no_imp=8/20 (còn 1062s)
2026-04-04 09:33:07,505 -   [Inner 59.6] cost=829.00 no_imp=10/20 (còn 1062s)
2026-04-04 09:33:07,740 -   [Inner 59.7] cost=829.00 no_imp=12/20 (còn 1061s)
2026-04-04 09:33:07,973 -   [Inner 59.8] cost=829.00 no_imp=14/20 (còn 1061s)
2026-04-04 09:33:08,207 -   [Inner 59.9] cost=829.00 no_imp=16/20 (còn 1061s)
2026-04-04 09:33:08,441 -   [Inner 59.10] cost=829.00 no_imp=18/20 (còn 1061s)
2026-04-04 09:33:08,672 -   [Outer 59] Chạy Pairwise MaxSAT...
2026-04-04 09:33:08,673 -   [Outer] Không cải thiện (streak=58)
2026-04-04 09:33:08,673 - === OUTER 60 | cost=829.00 no_imp_streak=58 (còn 1061s) ===
2026-04-04 09:33:08,673 -   [Inner 60.1] cost=829.00 no_imp=0/20 (còn 1061s)
2026-04-04 09:33:08,908 -   [Inner 60.2] cost=829.00 no_imp=2/20 (còn 1060s)
2026-04-04 09:33:09,141 -   [Inner 60.3] cost=829.00 no_imp=4/20 (còn 1060s)
2026-04-04 09:33:09,375 -   [Inner 60.4] cost=829.00 no_imp=6/20 (còn 1060s)
2026-04-04 09:33:09,608 -   [Inner 60.5] cost=829.00 no_imp=8/20 (còn 1060s)
2026-04-04 09:33:09,841 -   [Inner 60.6] cost=829.00 no_imp=10/20 (còn 1059s)
2026-04-04 09:33:10,073 -   [Inner 60.7] cost=829.00 no_imp=12/20 (còn 1059s)
2026-04-04 09:33:10,307 -   [Inner 60.8] cost=829.00 no_imp=14/20 (còn 1059s)
2026-04-04 09:33:10,538 -   [Inner 60.9] cost=829.00 no_imp=16/20 (còn 1059s)
2026-04-04 09:33:10,769 -   [Inner 60.10] cost=829.00 no_imp=18/20 (còn 1058s)
2026-04-04 09:33:11,008 -   [Outer 60] Chạy Pairwise MaxSAT...
2026-04-04 09:33:11,008 -   [Outer] Không cải thiện (streak=59)
2026-04-04 09:33:11,009 - === OUTER 61 | cost=829.00 no_imp_streak=59 (còn 1058s) ===
2026-04-04 09:33:11,009 -   [Inner 61.1] cost=829.00 no_imp=0/20 (còn 1058s)
2026-04-04 09:33:11,239 -   [Inner 61.2] cost=829.00 no_imp=2/20 (còn 1058s)
2026-04-04 09:33:11,475 -   [Inner 61.3] cost=829.00 no_imp=4/20 (còn 1058s)
2026-04-04 09:33:11,707 -   [Inner 61.4] cost=829.00 no_imp=6/20 (còn 1058s)
2026-04-04 09:33:11,941 -   [Inner 61.5] cost=829.00 no_imp=8/20 (còn 1057s)
2026-04-04 09:33:12,173 -   [Inner 61.6] cost=829.00 no_imp=10/20 (còn 1057s)
2026-04-04 09:33:12,406 -   [Inner 61.7] cost=829.00 no_imp=12/20 (còn 1057s)
2026-04-04 09:33:12,640 -   [Inner 61.8] cost=829.00 no_imp=14/20 (còn 1057s)
2026-04-04 09:33:12,876 -   [Inner 61.9] cost=829.00 no_imp=16/20 (còn 1056s)
2026-04-04 09:33:13,107 -   [Inner 61.10] cost=829.00 no_imp=18/20 (còn 1056s)
2026-04-04 09:33:13,343 -   [Outer 61] Chạy Pairwise MaxSAT...
2026-04-04 09:33:13,343 -   [Outer] Không cải thiện (streak=60)
2026-04-04 09:33:13,343 - === OUTER 62 | cost=829.00 no_imp_streak=60 (còn 1056s) ===
2026-04-04 09:33:13,343 -   [Inner 62.1] cost=829.00 no_imp=0/20 (còn 1056s)
2026-04-04 09:33:13,572 -   [Inner 62.2] cost=829.00 no_imp=2/20 (còn 1056s)
2026-04-04 09:33:13,806 -   [Inner 62.3] cost=829.00 no_imp=4/20 (còn 1055s)
2026-04-04 09:33:14,038 -   [Inner 62.4] cost=829.00 no_imp=6/20 (còn 1055s)
2026-04-04 09:33:14,268 -   [Inner 62.5] cost=829.00 no_imp=8/20 (còn 1055s)
2026-04-04 09:33:14,510 -   [Inner 62.6] cost=829.00 no_imp=10/20 (còn 1055s)
2026-04-04 09:33:14,742 -   [Inner 62.7] cost=829.00 no_imp=12/20 (còn 1054s)
2026-04-04 09:33:14,977 -   [Inner 62.8] cost=829.00 no_imp=14/20 (còn 1054s)
2026-04-04 09:33:15,209 -   [Inner 62.9] cost=829.00 no_imp=16/20 (còn 1054s)
2026-04-04 09:33:15,441 -   [Inner 62.10] cost=829.00 no_imp=18/20 (còn 1054s)
2026-04-04 09:33:15,673 -   [Outer 62] Chạy Pairwise MaxSAT...
2026-04-04 09:33:15,673 -   [Outer] Không cải thiện (streak=61)
2026-04-04 09:33:15,674 - === OUTER 63 | cost=829.00 no_imp_streak=61 (còn 1054s) ===
2026-04-04 09:33:15,674 -   [Inner 63.1] cost=829.00 no_imp=0/20 (còn 1054s)
2026-04-04 09:33:15,905 -   [Inner 63.2] cost=829.00 no_imp=2/20 (còn 1053s)
2026-04-04 09:33:16,136 -   [Inner 63.3] cost=829.00 no_imp=4/20 (còn 1053s)
2026-04-04 09:33:16,367 -   [Inner 63.4] cost=829.00 no_imp=6/20 (còn 1053s)
2026-04-04 09:33:16,597 -   [Inner 63.5] cost=829.00 no_imp=8/20 (còn 1053s)
2026-04-04 09:33:16,833 -   [Inner 63.6] cost=829.00 no_imp=10/20 (còn 1052s)
2026-04-04 09:33:17,072 -   [Inner 63.7] cost=829.00 no_imp=12/20 (còn 1052s)
2026-04-04 09:33:17,301 -   [Inner 63.8] cost=829.00 no_imp=14/20 (còn 1052s)
2026-04-04 09:33:17,538 -   [Inner 63.9] cost=829.00 no_imp=16/20 (còn 1052s)
2026-04-04 09:33:17,768 -   [Inner 63.10] cost=829.00 no_imp=18/20 (còn 1051s)
2026-04-04 09:33:18,003 -   [Outer 63] Chạy Pairwise MaxSAT...
2026-04-04 09:33:18,003 -   [Outer] Không cải thiện (streak=62)
2026-04-04 09:33:18,003 - === OUTER 64 | cost=829.00 no_imp_streak=62 (còn 1051s) ===
2026-04-04 09:33:18,003 -   [Inner 64.1] cost=829.00 no_imp=0/20 (còn 1051s)
2026-04-04 09:33:18,234 -   [Inner 64.2] cost=829.00 no_imp=2/20 (còn 1051s)
2026-04-04 09:33:18,467 -   [Inner 64.3] cost=829.00 no_imp=4/20 (còn 1051s)
2026-04-04 09:33:18,700 -   [Inner 64.4] cost=829.00 no_imp=6/20 (còn 1051s)
2026-04-04 09:33:18,936 -   [Inner 64.5] cost=829.00 no_imp=8/20 (còn 1050s)
2026-04-04 09:33:19,169 -   [Inner 64.6] cost=829.00 no_imp=10/20 (còn 1050s)
2026-04-04 09:33:19,403 -   [Inner 64.7] cost=829.00 no_imp=12/20 (còn 1050s)
2026-04-04 09:33:19,635 -   [Inner 64.8] cost=829.00 no_imp=14/20 (còn 1050s)
2026-04-04 09:33:19,867 -   [Inner 64.9] cost=829.00 no_imp=16/20 (còn 1049s)
2026-04-04 09:33:20,101 -   [Inner 64.10] cost=829.00 no_imp=18/20 (còn 1049s)
2026-04-04 09:33:20,336 -   [Outer 64] Chạy Pairwise MaxSAT...
2026-04-04 09:33:20,336 -   [Outer] Không cải thiện (streak=63)
2026-04-04 09:33:20,336 - === OUTER 65 | cost=829.00 no_imp_streak=63 (còn 1049s) ===
2026-04-04 09:33:20,336 -   [Inner 65.1] cost=829.00 no_imp=0/20 (còn 1049s)
2026-04-04 09:33:20,568 -   [Inner 65.2] cost=829.00 no_imp=2/20 (còn 1049s)
2026-04-04 09:33:20,802 -   [Inner 65.3] cost=829.00 no_imp=4/20 (còn 1048s)
2026-04-04 09:33:21,040 -   [Inner 65.4] cost=829.00 no_imp=6/20 (còn 1048s)
2026-04-04 09:33:21,275 -   [Inner 65.5] cost=829.00 no_imp=8/20 (còn 1048s)
2026-04-04 09:33:21,506 -   [Inner 65.6] cost=829.00 no_imp=10/20 (còn 1048s)
2026-04-04 09:33:21,742 -   [Inner 65.7] cost=829.00 no_imp=12/20 (còn 1047s)
2026-04-04 09:33:21,977 -   [Inner 65.8] cost=829.00 no_imp=14/20 (còn 1047s)
2026-04-04 09:33:22,213 -   [Inner 65.9] cost=829.00 no_imp=16/20 (còn 1047s)
2026-04-04 09:33:22,443 -   [Inner 65.10] cost=829.00 no_imp=18/20 (còn 1047s)
2026-04-04 09:33:22,673 -   [Outer 65] Chạy Pairwise MaxSAT...
2026-04-04 09:33:22,674 -   [Outer] Không cải thiện (streak=64)
2026-04-04 09:33:22,674 - === OUTER 66 | cost=829.00 no_imp_streak=64 (còn 1047s) ===
2026-04-04 09:33:22,674 -   [Inner 66.1] cost=829.00 no_imp=0/20 (còn 1047s)
2026-04-04 09:33:22,907 -   [Inner 66.2] cost=829.00 no_imp=2/20 (còn 1046s)
2026-04-04 09:33:23,146 -   [Inner 66.3] cost=829.00 no_imp=4/20 (còn 1046s)
2026-04-04 09:33:23,380 -   [Inner 66.4] cost=829.00 no_imp=6/20 (còn 1046s)
2026-04-04 09:33:23,613 -   [Inner 66.5] cost=829.00 no_imp=8/20 (còn 1046s)
2026-04-04 09:33:23,848 -   [Inner 66.6] cost=829.00 no_imp=10/20 (còn 1045s)
2026-04-04 09:33:24,080 -   [Inner 66.7] cost=829.00 no_imp=12/20 (còn 1045s)
2026-04-04 09:33:24,312 -   [Inner 66.8] cost=829.00 no_imp=14/20 (còn 1045s)
2026-04-04 09:33:24,543 -   [Inner 66.9] cost=829.00 no_imp=16/20 (còn 1045s)
2026-04-04 09:33:24,774 -   [Inner 66.10] cost=829.00 no_imp=18/20 (còn 1044s)
2026-04-04 09:33:25,007 -   [Outer 66] Chạy Pairwise MaxSAT...
2026-04-04 09:33:25,008 -   [Outer] Không cải thiện (streak=65)
2026-04-04 09:33:25,008 - === OUTER 67 | cost=829.00 no_imp_streak=65 (còn 1044s) ===
2026-04-04 09:33:25,008 -   [Inner 67.1] cost=829.00 no_imp=0/20 (còn 1044s)
2026-04-04 09:33:25,244 -   [Inner 67.2] cost=829.00 no_imp=2/20 (còn 1044s)
2026-04-04 09:33:25,475 -   [Inner 67.3] cost=829.00 no_imp=4/20 (còn 1044s)
2026-04-04 09:33:25,708 -   [Inner 67.4] cost=829.00 no_imp=6/20 (còn 1044s)
2026-04-04 09:33:25,943 -   [Inner 67.5] cost=829.00 no_imp=8/20 (còn 1043s)
2026-04-04 09:33:26,176 -   [Inner 67.6] cost=829.00 no_imp=10/20 (còn 1043s)
2026-04-04 09:33:26,410 -   [Inner 67.7] cost=829.00 no_imp=12/20 (còn 1043s)
2026-04-04 09:33:26,642 -   [Inner 67.8] cost=829.00 no_imp=14/20 (còn 1043s)
2026-04-04 09:33:26,875 -   [Inner 67.9] cost=829.00 no_imp=16/20 (còn 1042s)
2026-04-04 09:33:27,113 -   [Inner 67.10] cost=829.00 no_imp=18/20 (còn 1042s)
2026-04-04 09:33:27,343 -   [Outer 67] Chạy Pairwise MaxSAT...
2026-04-04 09:33:27,344 -   [Outer] Không cải thiện (streak=66)
2026-04-04 09:33:27,344 - === OUTER 68 | cost=829.00 no_imp_streak=66 (còn 1042s) ===
2026-04-04 09:33:27,344 -   [Inner 68.1] cost=829.00 no_imp=0/20 (còn 1042s)
2026-04-04 09:33:27,576 -   [Inner 68.2] cost=829.00 no_imp=2/20 (còn 1042s)
2026-04-04 09:33:27,809 -   [Inner 68.3] cost=829.00 no_imp=4/20 (còn 1041s)
2026-04-04 09:33:28,043 -   [Inner 68.4] cost=829.00 no_imp=6/20 (còn 1041s)
2026-04-04 09:33:28,276 -   [Inner 68.5] cost=829.00 no_imp=8/20 (còn 1041s)
2026-04-04 09:33:28,506 -   [Inner 68.6] cost=829.00 no_imp=10/20 (còn 1041s)
2026-04-04 09:33:28,739 -   [Inner 68.7] cost=829.00 no_imp=12/20 (còn 1040s)
2026-04-04 09:33:28,975 -   [Inner 68.8] cost=829.00 no_imp=14/20 (còn 1040s)
2026-04-04 09:33:29,213 -   [Inner 68.9] cost=829.00 no_imp=16/20 (còn 1040s)
2026-04-04 09:33:29,446 -   [Inner 68.10] cost=829.00 no_imp=18/20 (còn 1040s)
2026-04-04 09:33:29,679 -   [Outer 68] Chạy Pairwise MaxSAT...
2026-04-04 09:33:29,680 -   [Outer] Không cải thiện (streak=67)
2026-04-04 09:33:29,680 - === OUTER 69 | cost=829.00 no_imp_streak=67 (còn 1040s) ===
2026-04-04 09:33:29,680 -   [Inner 69.1] cost=829.00 no_imp=0/20 (còn 1040s)
2026-04-04 09:33:29,911 -   [Inner 69.2] cost=829.00 no_imp=2/20 (còn 1039s)
2026-04-04 09:33:30,146 -   [Inner 69.3] cost=829.00 no_imp=4/20 (còn 1039s)
2026-04-04 09:33:30,378 -   [Inner 69.4] cost=829.00 no_imp=6/20 (còn 1039s)
2026-04-04 09:33:30,612 -   [Inner 69.5] cost=829.00 no_imp=8/20 (còn 1039s)
2026-04-04 09:33:30,844 -   [Inner 69.6] cost=829.00 no_imp=10/20 (còn 1038s)
2026-04-04 09:33:31,082 -   [Inner 69.7] cost=829.00 no_imp=12/20 (còn 1038s)
2026-04-04 09:33:31,315 -   [Inner 69.8] cost=829.00 no_imp=14/20 (còn 1038s)
2026-04-04 09:33:31,547 -   [Inner 69.9] cost=829.00 no_imp=16/20 (còn 1038s)
2026-04-04 09:33:31,784 -   [Inner 69.10] cost=829.00 no_imp=18/20 (còn 1037s)
2026-04-04 09:33:32,017 -   [Outer 69] Chạy Pairwise MaxSAT...
2026-04-04 09:33:32,018 -   [Outer] Không cải thiện (streak=68)
2026-04-04 09:33:32,018 - === OUTER 70 | cost=829.00 no_imp_streak=68 (còn 1037s) ===
2026-04-04 09:33:32,018 -   [Inner 70.1] cost=829.00 no_imp=0/20 (còn 1037s)
2026-04-04 09:33:32,249 -   [Inner 70.2] cost=829.00 no_imp=2/20 (còn 1037s)
2026-04-04 09:33:32,484 -   [Inner 70.3] cost=829.00 no_imp=4/20 (còn 1037s)
2026-04-04 09:33:32,716 -   [Inner 70.4] cost=829.00 no_imp=6/20 (còn 1037s)
2026-04-04 09:33:32,952 -   [Inner 70.5] cost=829.00 no_imp=8/20 (còn 1036s)
2026-04-04 09:33:33,189 -   [Inner 70.6] cost=829.00 no_imp=10/20 (còn 1036s)
2026-04-04 09:33:33,423 -   [Inner 70.7] cost=829.00 no_imp=12/20 (còn 1036s)
2026-04-04 09:33:33,656 -   [Inner 70.8] cost=829.00 no_imp=14/20 (còn 1036s)
2026-04-04 09:33:33,887 -   [Inner 70.9] cost=829.00 no_imp=16/20 (còn 1035s)
2026-04-04 09:33:34,119 -   [Inner 70.10] cost=829.00 no_imp=18/20 (còn 1035s)
2026-04-04 09:33:34,352 -   [Outer 70] Chạy Pairwise MaxSAT...
2026-04-04 09:33:34,352 -   [Outer] Không cải thiện (streak=69)
2026-04-04 09:33:34,352 - === OUTER 71 | cost=829.00 no_imp_streak=69 (còn 1035s) ===
2026-04-04 09:33:34,353 -   [Inner 71.1] cost=829.00 no_imp=0/20 (còn 1035s)
2026-04-04 09:33:34,582 -   [Inner 71.2] cost=829.00 no_imp=2/20 (còn 1035s)
2026-04-04 09:33:34,816 -   [Inner 71.3] cost=829.00 no_imp=4/20 (còn 1034s)
2026-04-04 09:33:35,051 -   [Inner 71.4] cost=829.00 no_imp=6/20 (còn 1034s)
2026-04-04 09:33:35,291 -   [Inner 71.5] cost=829.00 no_imp=8/20 (còn 1034s)
2026-04-04 09:33:35,524 -   [Inner 71.6] cost=829.00 no_imp=10/20 (còn 1034s)
2026-04-04 09:33:35,756 -   [Inner 71.7] cost=829.00 no_imp=12/20 (còn 1033s)
2026-04-04 09:33:35,993 -   [Inner 71.8] cost=829.00 no_imp=14/20 (còn 1033s)
2026-04-04 09:33:36,225 -   [Inner 71.9] cost=829.00 no_imp=16/20 (còn 1033s)
2026-04-04 09:33:36,456 -   [Inner 71.10] cost=829.00 no_imp=18/20 (còn 1033s)
2026-04-04 09:33:36,688 -   [Outer 71] Chạy Pairwise MaxSAT...
2026-04-04 09:33:36,688 -   [Outer] Không cải thiện (streak=70)
2026-04-04 09:33:36,688 - === OUTER 72 | cost=829.00 no_imp_streak=70 (còn 1033s) ===
2026-04-04 09:33:36,688 -   [Inner 72.1] cost=829.00 no_imp=0/20 (còn 1033s)
2026-04-04 09:33:36,919 -   [Inner 72.2] cost=829.00 no_imp=2/20 (còn 1032s)
2026-04-04 09:33:37,158 -   [Inner 72.3] cost=829.00 no_imp=4/20 (còn 1032s)
2026-04-04 09:33:37,391 -   [Inner 72.4] cost=829.00 no_imp=6/20 (còn 1032s)
2026-04-04 09:33:37,624 -   [Inner 72.5] cost=829.00 no_imp=8/20 (còn 1032s)
2026-04-04 09:33:37,860 -   [Inner 72.6] cost=829.00 no_imp=10/20 (còn 1031s)
2026-04-04 09:33:38,095 -   [Inner 72.7] cost=829.00 no_imp=12/20 (còn 1031s)
2026-04-04 09:33:38,329 -   [Inner 72.8] cost=829.00 no_imp=14/20 (còn 1031s)
2026-04-04 09:33:38,561 -   [Inner 72.9] cost=829.00 no_imp=16/20 (còn 1031s)
2026-04-04 09:33:38,791 -   [Inner 72.10] cost=829.00 no_imp=18/20 (còn 1030s)
2026-04-04 09:33:39,027 -   [Outer 72] Chạy Pairwise MaxSAT...
2026-04-04 09:33:39,028 -   [Outer] Không cải thiện (streak=71)
2026-04-04 09:33:39,028 - === OUTER 73 | cost=829.00 no_imp_streak=71 (còn 1030s) ===
2026-04-04 09:33:39,028 -   [Inner 73.1] cost=829.00 no_imp=0/20 (còn 1030s)
2026-04-04 09:33:39,261 -   [Inner 73.2] cost=829.00 no_imp=2/20 (còn 1030s)
2026-04-04 09:33:39,494 -   [Inner 73.3] cost=829.00 no_imp=4/20 (còn 1030s)
2026-04-04 09:33:39,726 -   [Inner 73.4] cost=829.00 no_imp=6/20 (còn 1030s)
2026-04-04 09:33:39,960 -   [Inner 73.5] cost=829.00 no_imp=8/20 (còn 1029s)
2026-04-04 09:33:40,194 -   [Inner 73.6] cost=829.00 no_imp=10/20 (còn 1029s)
2026-04-04 09:33:40,425 -   [Inner 73.7] cost=829.00 no_imp=12/20 (còn 1029s)
2026-04-04 09:33:40,656 -   [Inner 73.8] cost=829.00 no_imp=14/20 (còn 1029s)
2026-04-04 09:33:40,890 -   [Inner 73.9] cost=829.00 no_imp=16/20 (còn 1028s)
2026-04-04 09:33:41,123 -   [Inner 73.10] cost=829.00 no_imp=18/20 (còn 1028s)
2026-04-04 09:33:41,361 -   [Outer 73] Chạy Pairwise MaxSAT...
2026-04-04 09:33:41,361 -   [Outer] Không cải thiện (streak=72)
2026-04-04 09:33:41,361 - === OUTER 74 | cost=829.00 no_imp_streak=72 (còn 1028s) ===
2026-04-04 09:33:41,362 -   [Inner 74.1] cost=829.00 no_imp=0/20 (còn 1028s)
2026-04-04 09:33:41,590 -   [Inner 74.2] cost=829.00 no_imp=2/20 (còn 1028s)
2026-04-04 09:33:41,823 -   [Inner 74.3] cost=829.00 no_imp=4/20 (còn 1027s)
2026-04-04 09:33:42,058 -   [Inner 74.4] cost=829.00 no_imp=6/20 (còn 1027s)
2026-04-04 09:33:42,290 -   [Inner 74.5] cost=829.00 no_imp=8/20 (còn 1027s)
2026-04-04 09:33:42,521 -   [Inner 74.6] cost=829.00 no_imp=10/20 (còn 1027s)
2026-04-04 09:33:42,755 -   [Inner 74.7] cost=829.00 no_imp=12/20 (còn 1026s)
2026-04-04 09:33:42,984 -   [Inner 74.8] cost=829.00 no_imp=14/20 (còn 1026s)
2026-04-04 09:33:43,216 -   [Inner 74.9] cost=829.00 no_imp=16/20 (còn 1026s)
2026-04-04 09:33:43,450 -   [Inner 74.10] cost=829.00 no_imp=18/20 (còn 1026s)
2026-04-04 09:33:43,682 -   [Outer 74] Chạy Pairwise MaxSAT...
2026-04-04 09:33:43,682 -   [Outer] Không cải thiện (streak=73)
2026-04-04 09:33:43,682 - === OUTER 75 | cost=829.00 no_imp_streak=73 (còn 1026s) ===
2026-04-04 09:33:43,683 -   [Inner 75.1] cost=829.00 no_imp=0/20 (còn 1026s)
2026-04-04 09:33:43,915 -   [Inner 75.2] cost=829.00 no_imp=2/20 (còn 1025s)
2026-04-04 09:33:44,145 -   [Inner 75.3] cost=829.00 no_imp=4/20 (còn 1025s)
2026-04-04 09:33:44,377 -   [Inner 75.4] cost=829.00 no_imp=6/20 (còn 1025s)
2026-04-04 09:33:44,609 -   [Inner 75.5] cost=829.00 no_imp=8/20 (còn 1025s)
2026-04-04 09:33:44,841 -   [Inner 75.6] cost=829.00 no_imp=10/20 (còn 1024s)
2026-04-04 09:33:45,073 -   [Inner 75.7] cost=829.00 no_imp=12/20 (còn 1024s)
2026-04-04 09:33:45,306 -   [Inner 75.8] cost=829.00 no_imp=14/20 (còn 1024s)
2026-04-04 09:33:45,537 -   [Inner 75.9] cost=829.00 no_imp=16/20 (còn 1024s)
2026-04-04 09:33:45,770 -   [Inner 75.10] cost=829.00 no_imp=18/20 (còn 1023s)
2026-04-04 09:33:46,003 -   [Outer 75] Chạy Pairwise MaxSAT...
2026-04-04 09:33:46,003 -   [Outer] Không cải thiện (streak=74)
2026-04-04 09:33:46,003 - === OUTER 76 | cost=829.00 no_imp_streak=74 (còn 1023s) ===
2026-04-04 09:33:46,003 -   [Inner 76.1] cost=829.00 no_imp=0/20 (còn 1023s)
2026-04-04 09:33:46,250 -   [Inner 76.2] cost=829.00 no_imp=2/20 (còn 1023s)
2026-04-04 09:33:46,485 -   [Inner 76.3] cost=829.00 no_imp=4/20 (còn 1023s)
2026-04-04 09:33:46,718 -   [Inner 76.4] cost=829.00 no_imp=6/20 (còn 1023s)
2026-04-04 09:33:46,961 -   [Inner 76.5] cost=829.00 no_imp=8/20 (còn 1022s)
2026-04-04 09:33:47,194 -   [Inner 76.6] cost=829.00 no_imp=10/20 (còn 1022s)
2026-04-04 09:33:47,433 -   [Inner 76.7] cost=829.00 no_imp=12/20 (còn 1022s)
2026-04-04 09:33:47,665 -   [Inner 76.8] cost=829.00 no_imp=14/20 (còn 1022s)
2026-04-04 09:33:47,897 -   [Inner 76.9] cost=829.00 no_imp=16/20 (còn 1021s)
2026-04-04 09:33:48,132 -   [Inner 76.10] cost=829.00 no_imp=18/20 (còn 1021s)
2026-04-04 09:33:48,367 -   [Outer 76] Chạy Pairwise MaxSAT...
2026-04-04 09:33:48,367 -   [Outer] Không cải thiện (streak=75)
2026-04-04 09:33:48,368 - === OUTER 77 | cost=829.00 no_imp_streak=75 (còn 1021s) ===
2026-04-04 09:33:48,368 -   [Inner 77.1] cost=829.00 no_imp=0/20 (còn 1021s)
2026-04-04 09:33:48,598 -   [Inner 77.2] cost=829.00 no_imp=2/20 (còn 1021s)
2026-04-04 09:33:48,832 -   [Inner 77.3] cost=829.00 no_imp=4/20 (còn 1020s)
2026-04-04 09:33:49,064 -   [Inner 77.4] cost=829.00 no_imp=6/20 (còn 1020s)
2026-04-04 09:33:49,296 -   [Inner 77.5] cost=829.00 no_imp=8/20 (còn 1020s)
2026-04-04 09:33:49,534 -   [Inner 77.6] cost=829.00 no_imp=10/20 (còn 1020s)
2026-04-04 09:33:49,767 -   [Inner 77.7] cost=829.00 no_imp=12/20 (còn 1019s)
2026-04-04 09:33:50,000 -   [Inner 77.8] cost=829.00 no_imp=14/20 (còn 1019s)
2026-04-04 09:33:50,239 -   [Inner 77.9] cost=829.00 no_imp=16/20 (còn 1019s)
2026-04-04 09:33:50,471 -   [Inner 77.10] cost=829.00 no_imp=18/20 (còn 1019s)
2026-04-04 09:33:50,702 -   [Outer 77] Chạy Pairwise MaxSAT...
2026-04-04 09:33:50,703 -   [Outer] Không cải thiện (streak=76)
2026-04-04 09:33:50,703 - === OUTER 78 | cost=829.00 no_imp_streak=76 (còn 1019s) ===
2026-04-04 09:33:50,703 -   [Inner 78.1] cost=829.00 no_imp=0/20 (còn 1019s)
2026-04-04 09:33:50,945 -   [Inner 78.2] cost=829.00 no_imp=2/20 (còn 1018s)
2026-04-04 09:33:51,175 -   [Inner 78.3] cost=829.00 no_imp=4/20 (còn 1018s)
2026-04-04 09:33:51,418 -   [Inner 78.4] cost=829.00 no_imp=6/20 (còn 1018s)
2026-04-04 09:33:51,650 -   [Inner 78.5] cost=829.00 no_imp=8/20 (còn 1018s)
2026-04-04 09:33:51,885 -   [Inner 78.6] cost=829.00 no_imp=10/20 (còn 1017s)
2026-04-04 09:33:52,119 -   [Inner 78.7] cost=829.00 no_imp=12/20 (còn 1017s)
2026-04-04 09:33:52,351 -   [Inner 78.8] cost=829.00 no_imp=14/20 (còn 1017s)
2026-04-04 09:33:52,585 -   [Inner 78.9] cost=829.00 no_imp=16/20 (còn 1017s)
2026-04-04 09:33:52,820 -   [Inner 78.10] cost=829.00 no_imp=18/20 (còn 1016s)
2026-04-04 09:33:53,050 -   [Outer 78] Chạy Pairwise MaxSAT...
2026-04-04 09:33:53,051 -   [Outer] Không cải thiện (streak=77)
2026-04-04 09:33:53,051 - === OUTER 79 | cost=829.00 no_imp_streak=77 (còn 1016s) ===
2026-04-04 09:33:53,051 -   [Inner 79.1] cost=829.00 no_imp=0/20 (còn 1016s)
2026-04-04 09:33:53,283 -   [Inner 79.2] cost=829.00 no_imp=2/20 (còn 1016s)
2026-04-04 09:33:53,521 -   [Inner 79.3] cost=829.00 no_imp=4/20 (còn 1016s)
2026-04-04 09:33:53,754 -   [Inner 79.4] cost=829.00 no_imp=6/20 (còn 1015s)
2026-04-04 09:33:53,988 -   [Inner 79.5] cost=829.00 no_imp=8/20 (còn 1015s)
2026-04-04 09:33:54,218 -   [Inner 79.6] cost=829.00 no_imp=10/20 (còn 1015s)
2026-04-04 09:33:54,452 -   [Inner 79.7] cost=829.00 no_imp=12/20 (còn 1015s)
2026-04-04 09:33:54,683 -   [Inner 79.8] cost=829.00 no_imp=14/20 (còn 1015s)
2026-04-04 09:33:54,915 -   [Inner 79.9] cost=829.00 no_imp=16/20 (còn 1014s)
2026-04-04 09:33:55,147 -   [Inner 79.10] cost=829.00 no_imp=18/20 (còn 1014s)
2026-04-04 09:33:55,378 -   [Outer 79] Chạy Pairwise MaxSAT...
2026-04-04 09:33:55,379 -   [Outer] Không cải thiện (streak=78)
2026-04-04 09:33:55,379 - === OUTER 80 | cost=829.00 no_imp_streak=78 (còn 1014s) ===
2026-04-04 09:33:55,379 -   [Inner 80.1] cost=829.00 no_imp=0/20 (còn 1014s)
2026-04-04 09:33:55,614 -   [Inner 80.2] cost=829.00 no_imp=2/20 (còn 1014s)
2026-04-04 09:33:55,849 -   [Inner 80.3] cost=829.00 no_imp=4/20 (còn 1013s)
2026-04-04 09:33:56,082 -   [Inner 80.4] cost=829.00 no_imp=6/20 (còn 1013s)
2026-04-04 09:33:56,313 -   [Inner 80.5] cost=829.00 no_imp=8/20 (còn 1013s)
2026-04-04 09:33:56,549 -   [Inner 80.6] cost=829.00 no_imp=10/20 (còn 1013s)
2026-04-04 09:33:56,781 -   [Inner 80.7] cost=829.00 no_imp=12/20 (còn 1012s)
2026-04-04 09:33:57,017 -   [Inner 80.8] cost=829.00 no_imp=14/20 (còn 1012s)
2026-04-04 09:33:57,250 -   [Inner 80.9] cost=829.00 no_imp=16/20 (còn 1012s)
2026-04-04 09:33:57,485 -   [Inner 80.10] cost=829.00 no_imp=18/20 (còn 1012s)
2026-04-04 09:33:57,718 -   [Outer 80] Chạy Pairwise MaxSAT...
2026-04-04 09:33:57,718 -   [Outer] Không cải thiện (streak=79)
2026-04-04 09:33:57,718 - === OUTER 81 | cost=829.00 no_imp_streak=79 (còn 1012s) ===
2026-04-04 09:33:57,718 -   [Inner 81.1] cost=829.00 no_imp=0/20 (còn 1012s)
2026-04-04 09:33:57,951 -   [Inner 81.2] cost=829.00 no_imp=2/20 (còn 1011s)
2026-04-04 09:33:58,185 -   [Inner 81.3] cost=829.00 no_imp=4/20 (còn 1011s)
2026-04-04 09:33:58,418 -   [Inner 81.4] cost=829.00 no_imp=6/20 (còn 1011s)
2026-04-04 09:33:58,653 -   [Inner 81.5] cost=829.00 no_imp=8/20 (còn 1011s)
2026-04-04 09:33:58,889 -   [Inner 81.6] cost=829.00 no_imp=10/20 (còn 1010s)
2026-04-04 09:33:59,121 -   [Inner 81.7] cost=829.00 no_imp=12/20 (còn 1010s)
2026-04-04 09:33:59,353 -   [Inner 81.8] cost=829.00 no_imp=14/20 (còn 1010s)
2026-04-04 09:33:59,588 -   [Inner 81.9] cost=829.00 no_imp=16/20 (còn 1010s)
2026-04-04 09:33:59,817 -   [Inner 81.10] cost=829.00 no_imp=18/20 (còn 1009s)
2026-04-04 09:34:00,056 -   [Outer 81] Chạy Pairwise MaxSAT...
2026-04-04 09:34:00,057 -   [Outer] Không cải thiện (streak=80)
2026-04-04 09:34:00,057 - === OUTER 82 | cost=829.00 no_imp_streak=80 (còn 1009s) ===
2026-04-04 09:34:00,057 -   [Inner 82.1] cost=829.00 no_imp=0/20 (còn 1009s)
2026-04-04 09:34:00,290 -   [Inner 82.2] cost=829.00 no_imp=2/20 (còn 1009s)
2026-04-04 09:34:00,520 -   [Inner 82.3] cost=829.00 no_imp=4/20 (còn 1009s)
2026-04-04 09:34:00,755 -   [Inner 82.4] cost=829.00 no_imp=6/20 (còn 1008s)
2026-04-04 09:34:00,988 -   [Inner 82.5] cost=829.00 no_imp=8/20 (còn 1008s)
2026-04-04 09:34:01,222 -   [Inner 82.6] cost=829.00 no_imp=10/20 (còn 1008s)
2026-04-04 09:34:01,455 -   [Inner 82.7] cost=829.00 no_imp=12/20 (còn 1008s)
2026-04-04 09:34:01,703 -   [Inner 82.8] cost=829.00 no_imp=14/20 (còn 1008s)
2026-04-04 09:34:01,940 -   [Inner 82.9] cost=829.00 no_imp=16/20 (còn 1007s)
2026-04-04 09:34:02,173 -   [Inner 82.10] cost=829.00 no_imp=18/20 (còn 1007s)
2026-04-04 09:34:02,411 -   [Outer 82] Chạy Pairwise MaxSAT...
2026-04-04 09:34:02,411 -   [Outer] Không cải thiện (streak=81)
2026-04-04 09:34:02,411 - === OUTER 83 | cost=829.00 no_imp_streak=81 (còn 1007s) ===
2026-04-04 09:34:02,411 -   [Inner 83.1] cost=829.00 no_imp=0/20 (còn 1007s)
2026-04-04 09:34:02,650 -   [Inner 83.2] cost=829.00 no_imp=2/20 (còn 1007s)
2026-04-04 09:34:02,885 -   [Inner 83.3] cost=829.00 no_imp=4/20 (còn 1006s)
2026-04-04 09:34:03,119 -   [Inner 83.4] cost=829.00 no_imp=6/20 (còn 1006s)
2026-04-04 09:34:03,352 -   [Inner 83.5] cost=829.00 no_imp=8/20 (còn 1006s)
2026-04-04 09:34:03,586 -   [Inner 83.6] cost=829.00 no_imp=10/20 (còn 1006s)
2026-04-04 09:34:03,823 -   [Inner 83.7] cost=829.00 no_imp=12/20 (còn 1005s)
2026-04-04 09:34:04,057 -   [Inner 83.8] cost=829.00 no_imp=14/20 (còn 1005s)
2026-04-04 09:34:04,291 -   [Inner 83.9] cost=829.00 no_imp=16/20 (còn 1005s)
2026-04-04 09:34:04,523 -   [Inner 83.10] cost=829.00 no_imp=18/20 (còn 1005s)
2026-04-04 09:34:04,759 -   [Outer 83] Chạy Pairwise MaxSAT...
2026-04-04 09:34:04,760 -   [Outer] Không cải thiện (streak=82)
2026-04-04 09:34:04,760 - === OUTER 84 | cost=829.00 no_imp_streak=82 (còn 1004s) ===
2026-04-04 09:34:04,760 -   [Inner 84.1] cost=829.00 no_imp=0/20 (còn 1004s)
2026-04-04 09:34:04,991 -   [Inner 84.2] cost=829.00 no_imp=2/20 (còn 1004s)
2026-04-04 09:34:05,228 -   [Inner 84.3] cost=829.00 no_imp=4/20 (còn 1004s)
2026-04-04 09:34:05,461 -   [Inner 84.4] cost=829.00 no_imp=6/20 (còn 1004s)
2026-04-04 09:34:05,698 -   [Inner 84.5] cost=829.00 no_imp=8/20 (còn 1004s)
2026-04-04 09:34:05,934 -   [Inner 84.6] cost=829.00 no_imp=10/20 (còn 1003s)
2026-04-04 09:34:06,167 -   [Inner 84.7] cost=829.00 no_imp=12/20 (còn 1003s)
2026-04-04 09:34:06,397 -   [Inner 84.8] cost=829.00 no_imp=14/20 (còn 1003s)
2026-04-04 09:34:06,630 -   [Inner 84.9] cost=829.00 no_imp=16/20 (còn 1003s)
2026-04-04 09:34:06,862 -   [Inner 84.10] cost=829.00 no_imp=18/20 (còn 1002s)
2026-04-04 09:34:07,096 -   [Outer 84] Chạy Pairwise MaxSAT...
2026-04-04 09:34:07,096 -   [Outer] Không cải thiện (streak=83)
2026-04-04 09:34:07,096 - === OUTER 85 | cost=829.00 no_imp_streak=83 (còn 1002s) ===
2026-04-04 09:34:07,096 -   [Inner 85.1] cost=829.00 no_imp=0/20 (còn 1002s)
2026-04-04 09:34:07,329 -   [Inner 85.2] cost=829.00 no_imp=2/20 (còn 1002s)
2026-04-04 09:34:07,562 -   [Inner 85.3] cost=829.00 no_imp=4/20 (còn 1002s)
2026-04-04 09:34:07,798 -   [Inner 85.4] cost=829.00 no_imp=6/20 (còn 1001s)
2026-04-04 09:34:08,033 -   [Inner 85.5] cost=829.00 no_imp=8/20 (còn 1001s)
2026-04-04 09:34:08,266 -   [Inner 85.6] cost=829.00 no_imp=10/20 (còn 1001s)
2026-04-04 09:34:08,500 -   [Inner 85.7] cost=829.00 no_imp=12/20 (còn 1001s)
2026-04-04 09:34:08,733 -   [Inner 85.8] cost=829.00 no_imp=14/20 (còn 1001s)
2026-04-04 09:34:08,966 -   [Inner 85.9] cost=829.00 no_imp=16/20 (còn 1000s)
2026-04-04 09:34:09,197 -   [Inner 85.10] cost=829.00 no_imp=18/20 (còn 1000s)
2026-04-04 09:34:09,430 -   [Outer 85] Chạy Pairwise MaxSAT...
2026-04-04 09:34:09,430 -   [Outer] Không cải thiện (streak=84)
2026-04-04 09:34:09,431 - === OUTER 86 | cost=829.00 no_imp_streak=84 (còn 1000s) ===
2026-04-04 09:34:09,431 -   [Inner 86.1] cost=829.00 no_imp=0/20 (còn 1000s)
2026-04-04 09:34:09,667 -   [Inner 86.2] cost=829.00 no_imp=2/20 (còn 1000s)
2026-04-04 09:34:09,897 -   [Inner 86.3] cost=829.00 no_imp=4/20 (còn 999s)
2026-04-04 09:34:10,129 -   [Inner 86.4] cost=829.00 no_imp=6/20 (còn 999s)
2026-04-04 09:34:10,364 -   [Inner 86.5] cost=829.00 no_imp=8/20 (còn 999s)
2026-04-04 09:34:10,594 -   [Inner 86.6] cost=829.00 no_imp=10/20 (còn 999s)
2026-04-04 09:34:10,829 -   [Inner 86.7] cost=829.00 no_imp=12/20 (còn 998s)
2026-04-04 09:34:11,063 -   [Inner 86.8] cost=829.00 no_imp=14/20 (còn 998s)
2026-04-04 09:34:11,294 -   [Inner 86.9] cost=829.00 no_imp=16/20 (còn 998s)
2026-04-04 09:34:11,528 -   [Inner 86.10] cost=829.00 no_imp=18/20 (còn 998s)
2026-04-04 09:34:11,764 -   [Outer 86] Chạy Pairwise MaxSAT...
2026-04-04 09:34:11,764 -   [Outer] Không cải thiện (streak=85)
2026-04-04 09:34:11,764 - === OUTER 87 | cost=829.00 no_imp_streak=85 (còn 997s) ===
2026-04-04 09:34:11,764 -   [Inner 87.1] cost=829.00 no_imp=0/20 (còn 997s)
2026-04-04 09:34:11,999 -   [Inner 87.2] cost=829.00 no_imp=2/20 (còn 997s)
2026-04-04 09:34:12,229 -   [Inner 87.3] cost=829.00 no_imp=4/20 (còn 997s)
2026-04-04 09:34:12,462 -   [Inner 87.4] cost=829.00 no_imp=6/20 (còn 997s)
2026-04-04 09:34:12,695 -   [Inner 87.5] cost=829.00 no_imp=8/20 (còn 997s)
2026-04-04 09:34:12,927 -   [Inner 87.6] cost=829.00 no_imp=10/20 (còn 996s)
2026-04-04 09:34:13,160 -   [Inner 87.7] cost=829.00 no_imp=12/20 (còn 996s)
2026-04-04 09:34:13,395 -   [Inner 87.8] cost=829.00 no_imp=14/20 (còn 996s)
2026-04-04 09:34:13,627 -   [Inner 87.9] cost=829.00 no_imp=16/20 (còn 996s)
2026-04-04 09:34:13,863 -   [Inner 87.10] cost=829.00 no_imp=18/20 (còn 995s)
2026-04-04 09:34:14,096 -   [Outer 87] Chạy Pairwise MaxSAT...
2026-04-04 09:34:14,096 -   [Outer] Không cải thiện (streak=86)
2026-04-04 09:34:14,096 - === OUTER 88 | cost=829.00 no_imp_streak=86 (còn 995s) ===
2026-04-04 09:34:14,097 -   [Inner 88.1] cost=829.00 no_imp=0/20 (còn 995s)
2026-04-04 09:34:14,331 -   [Inner 88.2] cost=829.00 no_imp=2/20 (còn 995s)
2026-04-04 09:34:14,565 -   [Inner 88.3] cost=829.00 no_imp=4/20 (còn 995s)
2026-04-04 09:34:14,796 -   [Inner 88.4] cost=829.00 no_imp=6/20 (còn 994s)
2026-04-04 09:34:15,031 -   [Inner 88.5] cost=829.00 no_imp=8/20 (còn 994s)
2026-04-04 09:34:15,262 -   [Inner 88.6] cost=829.00 no_imp=10/20 (còn 994s)
2026-04-04 09:34:15,495 -   [Inner 88.7] cost=829.00 no_imp=12/20 (còn 994s)
2026-04-04 09:34:15,732 -   [Inner 88.8] cost=829.00 no_imp=14/20 (còn 994s)
2026-04-04 09:34:15,966 -   [Inner 88.9] cost=829.00 no_imp=16/20 (còn 993s)
2026-04-04 09:34:16,199 -   [Inner 88.10] cost=829.00 no_imp=18/20 (còn 993s)
2026-04-04 09:34:16,434 -   [Outer 88] Chạy Pairwise MaxSAT...
2026-04-04 09:34:16,435 -   [Outer] Không cải thiện (streak=87)
2026-04-04 09:34:16,435 - === OUTER 89 | cost=829.00 no_imp_streak=87 (còn 993s) ===
2026-04-04 09:34:16,435 -   [Inner 89.1] cost=829.00 no_imp=0/20 (còn 993s)
2026-04-04 09:34:16,666 -   [Inner 89.2] cost=829.00 no_imp=2/20 (còn 993s)
2026-04-04 09:34:16,902 -   [Inner 89.3] cost=829.00 no_imp=4/20 (còn 992s)
2026-04-04 09:34:17,135 -   [Inner 89.4] cost=829.00 no_imp=6/20 (còn 992s)
2026-04-04 09:34:17,368 -   [Inner 89.5] cost=829.00 no_imp=8/20 (còn 992s)
2026-04-04 09:34:17,600 -   [Inner 89.6] cost=829.00 no_imp=10/20 (còn 992s)
2026-04-04 09:34:17,836 -   [Inner 89.7] cost=829.00 no_imp=12/20 (còn 991s)
2026-04-04 09:34:18,071 -   [Inner 89.8] cost=829.00 no_imp=14/20 (còn 991s)
2026-04-04 09:34:18,303 -   [Inner 89.9] cost=829.00 no_imp=16/20 (còn 991s)
2026-04-04 09:34:18,538 -   [Inner 89.10] cost=829.00 no_imp=18/20 (còn 991s)
2026-04-04 09:34:18,771 -   [Outer 89] Chạy Pairwise MaxSAT...
2026-04-04 09:34:18,771 -   [Outer] Không cải thiện (streak=88)
2026-04-04 09:34:18,772 - === OUTER 90 | cost=829.00 no_imp_streak=88 (còn 990s) ===
2026-04-04 09:34:18,772 -   [Inner 90.1] cost=829.00 no_imp=0/20 (còn 990s)
2026-04-04 09:34:19,005 -   [Inner 90.2] cost=829.00 no_imp=2/20 (còn 990s)
2026-04-04 09:34:19,239 -   [Inner 90.3] cost=829.00 no_imp=4/20 (còn 990s)
2026-04-04 09:34:19,473 -   [Inner 90.4] cost=829.00 no_imp=6/20 (còn 990s)
2026-04-04 09:34:19,705 -   [Inner 90.5] cost=829.00 no_imp=8/20 (còn 990s)
2026-04-04 09:34:19,944 -   [Inner 90.6] cost=829.00 no_imp=10/20 (còn 989s)
2026-04-04 09:34:20,179 -   [Inner 90.7] cost=829.00 no_imp=12/20 (còn 989s)
2026-04-04 09:34:20,415 -   [Inner 90.8] cost=829.00 no_imp=14/20 (còn 989s)
2026-04-04 09:34:20,644 -   [Inner 90.9] cost=829.00 no_imp=16/20 (còn 989s)
2026-04-04 09:34:20,879 -   [Inner 90.10] cost=829.00 no_imp=18/20 (còn 988s)
2026-04-04 09:34:21,113 -   [Outer 90] Chạy Pairwise MaxSAT...
2026-04-04 09:34:21,113 -   [Outer] Không cải thiện (streak=89)
2026-04-04 09:34:21,113 - === OUTER 91 | cost=829.00 no_imp_streak=89 (còn 988s) ===
2026-04-04 09:34:21,114 -   [Inner 91.1] cost=829.00 no_imp=0/20 (còn 988s)
2026-04-04 09:34:21,345 -   [Inner 91.2] cost=829.00 no_imp=2/20 (còn 988s)
2026-04-04 09:34:21,578 -   [Inner 91.3] cost=829.00 no_imp=4/20 (còn 988s)
2026-04-04 09:34:21,814 -   [Inner 91.4] cost=829.00 no_imp=6/20 (còn 987s)
2026-04-04 09:34:22,048 -   [Inner 91.5] cost=829.00 no_imp=8/20 (còn 987s)
2026-04-04 09:34:22,282 -   [Inner 91.6] cost=829.00 no_imp=10/20 (còn 987s)
2026-04-04 09:34:22,513 -   [Inner 91.7] cost=829.00 no_imp=12/20 (còn 987s)
2026-04-04 09:34:22,748 -   [Inner 91.8] cost=829.00 no_imp=14/20 (còn 986s)
2026-04-04 09:34:22,982 -   [Inner 91.9] cost=829.00 no_imp=16/20 (còn 986s)
2026-04-04 09:34:23,215 -   [Inner 91.10] cost=829.00 no_imp=18/20 (còn 986s)
2026-04-04 09:34:23,449 -   [Outer 91] Chạy Pairwise MaxSAT...
2026-04-04 09:34:23,450 -   [Outer] Không cải thiện (streak=90)
2026-04-04 09:34:23,450 - === OUTER 92 | cost=829.00 no_imp_streak=90 (còn 986s) ===
2026-04-04 09:34:23,450 -   [Inner 92.1] cost=829.00 no_imp=0/20 (còn 986s)
2026-04-04 09:34:23,683 -   [Inner 92.2] cost=829.00 no_imp=2/20 (còn 986s)
2026-04-04 09:34:23,918 -   [Inner 92.3] cost=829.00 no_imp=4/20 (còn 985s)
2026-04-04 09:34:24,152 -   [Inner 92.4] cost=829.00 no_imp=6/20 (còn 985s)
2026-04-04 09:34:24,386 -   [Inner 92.5] cost=829.00 no_imp=8/20 (còn 985s)
2026-04-04 09:34:24,626 -   [Inner 92.6] cost=829.00 no_imp=10/20 (còn 985s)
2026-04-04 09:34:24,878 -   [Inner 92.7] cost=829.00 no_imp=12/20 (còn 984s)
2026-04-04 09:34:25,112 -   [Inner 92.8] cost=829.00 no_imp=14/20 (còn 984s)
2026-04-04 09:34:25,346 -   [Inner 92.9] cost=829.00 no_imp=16/20 (còn 984s)
2026-04-04 09:34:25,578 -   [Inner 92.10] cost=829.00 no_imp=18/20 (còn 984s)
2026-04-04 09:34:25,814 -   [Outer 92] Chạy Pairwise MaxSAT...
2026-04-04 09:34:25,814 -   [Outer] Không cải thiện (streak=91)
2026-04-04 09:34:25,814 - === OUTER 93 | cost=829.00 no_imp_streak=91 (còn 983s) ===
2026-04-04 09:34:25,815 -   [Inner 93.1] cost=829.00 no_imp=0/20 (còn 983s)
2026-04-04 09:34:26,048 -   [Inner 93.2] cost=829.00 no_imp=2/20 (còn 983s)
2026-04-04 09:34:26,280 -   [Inner 93.3] cost=829.00 no_imp=4/20 (còn 983s)
2026-04-04 09:34:26,514 -   [Inner 93.4] cost=829.00 no_imp=6/20 (còn 983s)
2026-04-04 09:34:26,746 -   [Inner 93.5] cost=829.00 no_imp=8/20 (còn 982s)
2026-04-04 09:34:26,979 -   [Inner 93.6] cost=829.00 no_imp=10/20 (còn 982s)
2026-04-04 09:34:27,212 -   [Inner 93.7] cost=829.00 no_imp=12/20 (còn 982s)
2026-04-04 09:34:27,442 -   [Inner 93.8] cost=829.00 no_imp=14/20 (còn 982s)
2026-04-04 09:34:27,674 -   [Inner 93.9] cost=829.00 no_imp=16/20 (còn 982s)
2026-04-04 09:34:27,911 -   [Inner 93.10] cost=829.00 no_imp=18/20 (còn 981s)
2026-04-04 09:34:28,144 -   [Outer 93] Chạy Pairwise MaxSAT...
2026-04-04 09:34:28,145 -   [Outer] Không cải thiện (streak=92)
2026-04-04 09:34:28,145 - === OUTER 94 | cost=829.00 no_imp_streak=92 (còn 981s) ===
2026-04-04 09:34:28,145 -   [Inner 94.1] cost=829.00 no_imp=0/20 (còn 981s)
2026-04-04 09:34:28,377 -   [Inner 94.2] cost=829.00 no_imp=2/20 (còn 981s)
2026-04-04 09:34:28,607 -   [Inner 94.3] cost=829.00 no_imp=4/20 (còn 981s)
2026-04-04 09:34:28,839 -   [Inner 94.4] cost=829.00 no_imp=6/20 (còn 980s)
2026-04-04 09:34:29,074 -   [Inner 94.5] cost=829.00 no_imp=8/20 (còn 980s)
2026-04-04 09:34:29,307 -   [Inner 94.6] cost=829.00 no_imp=10/20 (còn 980s)
2026-04-04 09:34:29,541 -   [Inner 94.7] cost=829.00 no_imp=12/20 (còn 980s)
2026-04-04 09:34:29,820 -   [Inner 94.8] cost=829.00 no_imp=14/20 (còn 979s)
2026-04-04 09:34:30,060 -   [Inner 94.9] cost=829.00 no_imp=16/20 (còn 979s)
2026-04-04 09:34:30,289 -   [Inner 94.10] cost=829.00 no_imp=18/20 (còn 979s)
2026-04-04 09:34:30,520 -   [Outer 94] Chạy Pairwise MaxSAT...
2026-04-04 09:34:30,520 -   [Outer] Không cải thiện (streak=93)
2026-04-04 09:34:30,520 - === OUTER 95 | cost=829.00 no_imp_streak=93 (còn 979s) ===
2026-04-04 09:34:30,520 -   [Inner 95.1] cost=829.00 no_imp=0/20 (còn 979s)
2026-04-04 09:34:30,754 -   [Inner 95.2] cost=829.00 no_imp=2/20 (còn 978s)
2026-04-04 09:34:30,990 -   [Inner 95.3] cost=829.00 no_imp=4/20 (còn 978s)
2026-04-04 09:34:31,226 -   [Inner 95.4] cost=829.00 no_imp=6/20 (còn 978s)
2026-04-04 09:34:31,463 -   [Inner 95.5] cost=829.00 no_imp=8/20 (còn 978s)
2026-04-04 09:34:31,704 -   [Inner 95.6] cost=829.00 no_imp=10/20 (còn 978s)
2026-04-04 09:34:31,943 -   [Inner 95.7] cost=829.00 no_imp=12/20 (còn 977s)
2026-04-04 09:34:32,176 -   [Inner 95.8] cost=829.00 no_imp=14/20 (còn 977s)
2026-04-04 09:34:32,410 -   [Inner 95.9] cost=829.00 no_imp=16/20 (còn 977s)
2026-04-04 09:34:32,643 -   [Inner 95.10] cost=829.00 no_imp=18/20 (còn 977s)
2026-04-04 09:34:32,880 -   [Outer 95] Chạy Pairwise MaxSAT...
2026-04-04 09:34:32,880 -   [Outer] Không cải thiện (streak=94)
2026-04-04 09:34:32,880 - === OUTER 96 | cost=829.00 no_imp_streak=94 (còn 976s) ===
2026-04-04 09:34:32,880 -   [Inner 96.1] cost=829.00 no_imp=0/20 (còn 976s)
2026-04-04 09:34:33,116 -   [Inner 96.2] cost=829.00 no_imp=2/20 (còn 976s)
2026-04-04 09:34:33,349 -   [Inner 96.3] cost=829.00 no_imp=4/20 (còn 976s)
2026-04-04 09:34:33,586 -   [Inner 96.4] cost=829.00 no_imp=6/20 (còn 976s)
2026-04-04 09:34:33,820 -   [Inner 96.5] cost=829.00 no_imp=8/20 (còn 975s)
2026-04-04 09:34:34,059 -   [Inner 96.6] cost=829.00 no_imp=10/20 (còn 975s)
2026-04-04 09:34:34,293 -   [Inner 96.7] cost=829.00 no_imp=12/20 (còn 975s)
2026-04-04 09:34:34,526 -   [Inner 96.8] cost=829.00 no_imp=14/20 (còn 975s)
2026-04-04 09:34:34,761 -   [Inner 96.9] cost=829.00 no_imp=16/20 (còn 974s)
2026-04-04 09:34:34,994 -   [Inner 96.10] cost=829.00 no_imp=18/20 (còn 974s)
2026-04-04 09:34:35,226 -   [Outer 96] Chạy Pairwise MaxSAT...
2026-04-04 09:34:35,226 -   [Outer] Không cải thiện (streak=95)
2026-04-04 09:34:35,226 - === OUTER 97 | cost=829.00 no_imp_streak=95 (còn 974s) ===
2026-04-04 09:34:35,226 -   [Inner 97.1] cost=829.00 no_imp=0/20 (còn 974s)
2026-04-04 09:34:35,460 -   [Inner 97.2] cost=829.00 no_imp=2/20 (còn 974s)
2026-04-04 09:34:35,693 -   [Inner 97.3] cost=829.00 no_imp=4/20 (còn 974s)
2026-04-04 09:34:35,928 -   [Inner 97.4] cost=829.00 no_imp=6/20 (còn 973s)
2026-04-04 09:34:36,164 -   [Inner 97.5] cost=829.00 no_imp=8/20 (còn 973s)
2026-04-04 09:34:36,397 -   [Inner 97.6] cost=829.00 no_imp=10/20 (còn 973s)
2026-04-04 09:34:36,630 -   [Inner 97.7] cost=829.00 no_imp=12/20 (còn 973s)
2026-04-04 09:34:36,863 -   [Inner 97.8] cost=829.00 no_imp=14/20 (còn 972s)
2026-04-04 09:34:37,094 -   [Inner 97.9] cost=829.00 no_imp=16/20 (còn 972s)
2026-04-04 09:34:37,326 -   [Inner 97.10] cost=829.00 no_imp=18/20 (còn 972s)
2026-04-04 09:34:37,557 -   [Outer 97] Chạy Pairwise MaxSAT...
2026-04-04 09:34:37,558 -   [Outer] Không cải thiện (streak=96)
2026-04-04 09:34:37,558 - === OUTER 98 | cost=829.00 no_imp_streak=96 (còn 972s) ===
2026-04-04 09:34:37,558 -   [Inner 98.1] cost=829.00 no_imp=0/20 (còn 972s)
2026-04-04 09:34:37,790 -   [Inner 98.2] cost=829.00 no_imp=2/20 (còn 971s)
2026-04-04 09:34:38,027 -   [Inner 98.3] cost=829.00 no_imp=4/20 (còn 971s)
2026-04-04 09:34:38,259 -   [Inner 98.4] cost=829.00 no_imp=6/20 (còn 971s)
2026-04-04 09:34:38,493 -   [Inner 98.5] cost=829.00 no_imp=8/20 (còn 971s)
2026-04-04 09:34:38,727 -   [Inner 98.6] cost=829.00 no_imp=10/20 (còn 971s)
2026-04-04 09:34:38,958 -   [Inner 98.7] cost=829.00 no_imp=12/20 (còn 970s)
2026-04-04 09:34:39,191 -   [Inner 98.8] cost=829.00 no_imp=14/20 (còn 970s)
2026-04-04 09:34:39,424 -   [Inner 98.9] cost=829.00 no_imp=16/20 (còn 970s)
2026-04-04 09:34:39,657 -   [Inner 98.10] cost=829.00 no_imp=18/20 (còn 970s)
2026-04-04 09:34:39,892 -   [Outer 98] Chạy Pairwise MaxSAT...
2026-04-04 09:34:39,892 -   [Outer] Không cải thiện (streak=97)
2026-04-04 09:34:39,892 - === OUTER 99 | cost=829.00 no_imp_streak=97 (còn 969s) ===
2026-04-04 09:34:39,892 -   [Inner 99.1] cost=829.00 no_imp=0/20 (còn 969s)
2026-04-04 09:34:40,128 -   [Inner 99.2] cost=829.00 no_imp=2/20 (còn 969s)
2026-04-04 09:34:40,361 -   [Inner 99.3] cost=829.00 no_imp=4/20 (còn 969s)
2026-04-04 09:34:40,592 -   [Inner 99.4] cost=829.00 no_imp=6/20 (còn 969s)
2026-04-04 09:34:40,827 -   [Inner 99.5] cost=829.00 no_imp=8/20 (còn 968s)
2026-04-04 09:34:41,059 -   [Inner 99.6] cost=829.00 no_imp=10/20 (còn 968s)
2026-04-04 09:34:41,289 -   [Inner 99.7] cost=829.00 no_imp=12/20 (còn 968s)
2026-04-04 09:34:41,524 -   [Inner 99.8] cost=829.00 no_imp=14/20 (còn 968s)
2026-04-04 09:34:41,757 -   [Inner 99.9] cost=829.00 no_imp=16/20 (còn 967s)
2026-04-04 09:34:41,994 -   [Inner 99.10] cost=829.00 no_imp=18/20 (còn 967s)
2026-04-04 09:34:42,290 -   [Outer 99] Chạy Pairwise MaxSAT...
2026-04-04 09:34:42,291 -   [Outer] Không cải thiện (streak=98)
2026-04-04 09:34:42,291 - === OUTER 100 | cost=829.00 no_imp_streak=98 (còn 967s) ===
2026-04-04 09:34:42,291 -   [Inner 100.1] cost=829.00 no_imp=0/20 (còn 967s)
2026-04-04 09:34:42,522 -   [Inner 100.2] cost=829.00 no_imp=2/20 (còn 967s)
2026-04-04 09:34:42,756 -   [Inner 100.3] cost=829.00 no_imp=4/20 (còn 966s)
2026-04-04 09:34:42,988 -   [Inner 100.4] cost=829.00 no_imp=6/20 (còn 966s)
2026-04-04 09:34:43,223 -   [Inner 100.5] cost=829.00 no_imp=8/20 (còn 966s)
2026-04-04 09:34:43,454 -   [Inner 100.6] cost=829.00 no_imp=10/20 (còn 966s)
2026-04-04 09:34:43,686 -   [Inner 100.7] cost=829.00 no_imp=12/20 (còn 966s)
2026-04-04 09:34:43,919 -   [Inner 100.8] cost=829.00 no_imp=14/20 (còn 965s)
2026-04-04 09:34:44,156 -   [Inner 100.9] cost=829.00 no_imp=16/20 (còn 965s)
2026-04-04 09:34:44,389 -   [Inner 100.10] cost=829.00 no_imp=18/20 (còn 965s)
2026-04-04 09:34:44,620 -   [Outer 100] Chạy Pairwise MaxSAT...
2026-04-04 09:34:44,620 -   [Outer] Không cải thiện (streak=99)
2026-04-04 09:34:44,621 - === OUTER 101 | cost=829.00 no_imp_streak=99 (còn 965s) ===
2026-04-04 09:34:44,621 -   [Inner 101.1] cost=829.00 no_imp=0/20 (còn 965s)
2026-04-04 09:34:44,853 -   [Inner 101.2] cost=829.00 no_imp=2/20 (còn 964s)
2026-04-04 09:34:45,088 -   [Inner 101.3] cost=829.00 no_imp=4/20 (còn 964s)
2026-04-04 09:34:45,320 -   [Inner 101.4] cost=829.00 no_imp=6/20 (còn 964s)
2026-04-04 09:34:45,552 -   [Inner 101.5] cost=829.00 no_imp=8/20 (còn 964s)
2026-04-04 09:34:45,785 -   [Inner 101.6] cost=829.00 no_imp=10/20 (còn 963s)
2026-04-04 09:34:46,017 -   [Inner 101.7] cost=829.00 no_imp=12/20 (còn 963s)
2026-04-04 09:34:46,254 -   [Inner 101.8] cost=829.00 no_imp=14/20 (còn 963s)
2026-04-04 09:34:46,488 -   [Inner 101.9] cost=829.00 no_imp=16/20 (còn 963s)
2026-04-04 09:34:46,720 -   [Inner 101.10] cost=829.00 no_imp=18/20 (còn 963s)
2026-04-04 09:34:46,952 -   [Outer 101] Chạy Pairwise MaxSAT...
2026-04-04 09:34:46,953 -   [Outer] Không cải thiện (streak=100)
2026-04-04 09:34:46,953 - === OUTER 102 | cost=829.00 no_imp_streak=100 (còn 962s) ===
2026-04-04 09:34:46,953 -   [Inner 102.1] cost=829.00 no_imp=0/20 (còn 962s)
2026-04-04 09:34:47,189 -   [Inner 102.2] cost=829.00 no_imp=2/20 (còn 962s)
2026-04-04 09:34:47,421 -   [Inner 102.3] cost=829.00 no_imp=4/20 (còn 962s)
2026-04-04 09:34:47,652 -   [Inner 102.4] cost=829.00 no_imp=6/20 (còn 962s)
2026-04-04 09:34:47,887 -   [Inner 102.5] cost=829.00 no_imp=8/20 (còn 961s)
2026-04-04 09:34:48,123 -   [Inner 102.6] cost=829.00 no_imp=10/20 (còn 961s)
2026-04-04 09:34:48,358 -   [Inner 102.7] cost=829.00 no_imp=12/20 (còn 961s)
2026-04-04 09:34:48,589 -   [Inner 102.8] cost=829.00 no_imp=14/20 (còn 961s)
2026-04-04 09:34:48,822 -   [Inner 102.9] cost=829.00 no_imp=16/20 (còn 960s)
2026-04-04 09:34:49,053 -   [Inner 102.10] cost=829.00 no_imp=18/20 (còn 960s)
2026-04-04 09:34:49,287 -   [Outer 102] Chạy Pairwise MaxSAT...
2026-04-04 09:34:49,288 -   [Outer] Không cải thiện (streak=101)
2026-04-04 09:34:49,288 - === OUTER 103 | cost=829.00 no_imp_streak=101 (còn 960s) ===
2026-04-04 09:34:49,288 -   [Inner 103.1] cost=829.00 no_imp=0/20 (còn 960s)
2026-04-04 09:34:49,518 -   [Inner 103.2] cost=829.00 no_imp=2/20 (còn 960s)
2026-04-04 09:34:49,751 -   [Inner 103.3] cost=829.00 no_imp=4/20 (còn 959s)
2026-04-04 09:34:49,981 -   [Inner 103.4] cost=829.00 no_imp=6/20 (còn 959s)
2026-04-04 09:34:50,220 -   [Inner 103.5] cost=829.00 no_imp=8/20 (còn 959s)
2026-04-04 09:34:50,453 -   [Inner 103.6] cost=829.00 no_imp=10/20 (còn 959s)
2026-04-04 09:34:50,684 -   [Inner 103.7] cost=829.00 no_imp=12/20 (còn 959s)
2026-04-04 09:34:50,922 -   [Inner 103.8] cost=829.00 no_imp=14/20 (còn 958s)
2026-04-04 09:34:51,160 -   [Inner 103.9] cost=829.00 no_imp=16/20 (còn 958s)
2026-04-04 09:34:51,396 -   [Inner 103.10] cost=829.00 no_imp=18/20 (còn 958s)
2026-04-04 09:34:51,632 -   [Outer 103] Chạy Pairwise MaxSAT...
2026-04-04 09:34:51,633 -   [Outer] Không cải thiện (streak=102)
2026-04-04 09:34:51,633 - === OUTER 104 | cost=829.00 no_imp_streak=102 (còn 958s) ===
2026-04-04 09:34:51,633 -   [Inner 104.1] cost=829.00 no_imp=0/20 (còn 958s)
2026-04-04 09:34:51,867 -   [Inner 104.2] cost=829.00 no_imp=2/20 (còn 957s)
2026-04-04 09:34:52,104 -   [Inner 104.3] cost=829.00 no_imp=4/20 (còn 957s)
2026-04-04 09:34:52,347 -   [Inner 104.4] cost=829.00 no_imp=6/20 (còn 957s)
2026-04-04 09:34:52,577 -   [Inner 104.5] cost=829.00 no_imp=8/20 (còn 957s)
2026-04-04 09:34:52,811 -   [Inner 104.6] cost=829.00 no_imp=10/20 (còn 956s)
2026-04-04 09:34:53,042 -   [Inner 104.7] cost=829.00 no_imp=12/20 (còn 956s)
2026-04-04 09:34:53,275 -   [Inner 104.8] cost=829.00 no_imp=14/20 (còn 956s)
2026-04-04 09:34:53,509 -   [Inner 104.9] cost=829.00 no_imp=16/20 (còn 956s)
2026-04-04 09:34:53,740 -   [Inner 104.10] cost=829.00 no_imp=18/20 (còn 955s)
2026-04-04 09:34:53,972 -   [Outer 104] Chạy Pairwise MaxSAT...
2026-04-04 09:34:53,973 -   [Outer] Không cải thiện (streak=103)
2026-04-04 09:34:53,973 - === OUTER 105 | cost=829.00 no_imp_streak=103 (còn 955s) ===
2026-04-04 09:34:53,973 -   [Inner 105.1] cost=829.00 no_imp=0/20 (còn 955s)
2026-04-04 09:34:54,209 -   [Inner 105.2] cost=829.00 no_imp=2/20 (còn 955s)
2026-04-04 09:34:54,442 -   [Inner 105.3] cost=829.00 no_imp=4/20 (còn 955s)
2026-04-04 09:34:54,676 -   [Inner 105.4] cost=829.00 no_imp=6/20 (còn 955s)
2026-04-04 09:34:54,911 -   [Inner 105.5] cost=829.00 no_imp=8/20 (còn 954s)
2026-04-04 09:34:55,142 -   [Inner 105.6] cost=829.00 no_imp=10/20 (còn 954s)
2026-04-04 09:34:55,374 -   [Inner 105.7] cost=829.00 no_imp=12/20 (còn 954s)
2026-04-04 09:34:55,603 -   [Inner 105.8] cost=829.00 no_imp=14/20 (còn 954s)
2026-04-04 09:34:55,837 -   [Inner 105.9] cost=829.00 no_imp=16/20 (còn 953s)
2026-04-04 09:34:56,069 -   [Inner 105.10] cost=829.00 no_imp=18/20 (còn 953s)
2026-04-04 09:34:56,307 -   [Outer 105] Chạy Pairwise MaxSAT...
2026-04-04 09:34:56,307 -   [Outer] Không cải thiện (streak=104)
2026-04-04 09:34:56,307 - === OUTER 106 | cost=829.00 no_imp_streak=104 (còn 953s) ===
2026-04-04 09:34:56,307 -   [Inner 106.1] cost=829.00 no_imp=0/20 (còn 953s)
2026-04-04 09:34:56,541 -   [Inner 106.2] cost=829.00 no_imp=2/20 (còn 953s)
2026-04-04 09:34:56,772 -   [Inner 106.3] cost=829.00 no_imp=4/20 (còn 952s)
2026-04-04 09:34:57,006 -   [Inner 106.4] cost=829.00 no_imp=6/20 (còn 952s)
2026-04-04 09:34:57,235 -   [Inner 106.5] cost=829.00 no_imp=8/20 (còn 952s)
2026-04-04 09:34:57,470 -   [Inner 106.6] cost=829.00 no_imp=10/20 (còn 952s)
2026-04-04 09:34:57,703 -   [Inner 106.7] cost=829.00 no_imp=12/20 (còn 952s)
2026-04-04 09:34:57,935 -   [Inner 106.8] cost=829.00 no_imp=14/20 (còn 951s)
2026-04-04 09:34:58,168 -   [Inner 106.9] cost=829.00 no_imp=16/20 (còn 951s)
2026-04-04 09:34:58,408 -   [Inner 106.10] cost=829.00 no_imp=18/20 (còn 951s)
2026-04-04 09:34:58,637 -   [Outer 106] Chạy Pairwise MaxSAT...
2026-04-04 09:34:58,638 -   [Outer] Không cải thiện (streak=105)
2026-04-04 09:34:58,638 - === OUTER 107 | cost=829.00 no_imp_streak=105 (còn 951s) ===
2026-04-04 09:34:58,638 -   [Inner 107.1] cost=829.00 no_imp=0/20 (còn 951s)
2026-04-04 09:34:58,873 -   [Inner 107.2] cost=829.00 no_imp=2/20 (còn 950s)
2026-04-04 09:34:59,107 -   [Inner 107.3] cost=829.00 no_imp=4/20 (còn 950s)
2026-04-04 09:34:59,341 -   [Inner 107.4] cost=829.00 no_imp=6/20 (còn 950s)
2026-04-04 09:34:59,572 -   [Inner 107.5] cost=829.00 no_imp=8/20 (còn 950s)
2026-04-04 09:34:59,803 -   [Inner 107.6] cost=829.00 no_imp=10/20 (còn 949s)
2026-04-04 09:35:00,040 -   [Inner 107.7] cost=829.00 no_imp=12/20 (còn 949s)
2026-04-04 09:35:00,274 -   [Inner 107.8] cost=829.00 no_imp=14/20 (còn 949s)
2026-04-04 09:35:00,508 -   [Inner 107.9] cost=829.00 no_imp=16/20 (còn 949s)
2026-04-04 09:35:00,741 -   [Inner 107.10] cost=829.00 no_imp=18/20 (còn 948s)
2026-04-04 09:35:00,974 -   [Outer 107] Chạy Pairwise MaxSAT...
2026-04-04 09:35:00,974 -   [Outer] Không cải thiện (streak=106)
2026-04-04 09:35:00,974 - === OUTER 108 | cost=829.00 no_imp_streak=106 (còn 948s) ===
2026-04-04 09:35:00,974 -   [Inner 108.1] cost=829.00 no_imp=0/20 (còn 948s)
2026-04-04 09:35:01,208 -   [Inner 108.2] cost=829.00 no_imp=2/20 (còn 948s)
2026-04-04 09:35:01,440 -   [Inner 108.3] cost=829.00 no_imp=4/20 (còn 948s)
2026-04-04 09:35:01,676 -   [Inner 108.4] cost=829.00 no_imp=6/20 (còn 948s)
2026-04-04 09:35:01,918 -   [Inner 108.5] cost=829.00 no_imp=8/20 (còn 947s)
2026-04-04 09:35:02,154 -   [Inner 108.6] cost=829.00 no_imp=10/20 (còn 947s)
2026-04-04 09:35:02,392 -   [Inner 108.7] cost=829.00 no_imp=12/20 (còn 947s)
2026-04-04 09:35:02,623 -   [Inner 108.8] cost=829.00 no_imp=14/20 (còn 947s)
2026-04-04 09:35:02,853 -   [Inner 108.9] cost=829.00 no_imp=16/20 (còn 946s)
2026-04-04 09:35:03,088 -   [Inner 108.10] cost=829.00 no_imp=18/20 (còn 946s)
2026-04-04 09:35:03,322 -   [Outer 108] Chạy Pairwise MaxSAT...
2026-04-04 09:35:03,322 -   [Outer] Không cải thiện (streak=107)
2026-04-04 09:35:03,322 - === OUTER 109 | cost=829.00 no_imp_streak=107 (còn 946s) ===
2026-04-04 09:35:03,322 -   [Inner 109.1] cost=829.00 no_imp=0/20 (còn 946s)
2026-04-04 09:35:03,554 -   [Inner 109.2] cost=829.00 no_imp=2/20 (còn 946s)
2026-04-04 09:35:03,786 -   [Inner 109.3] cost=829.00 no_imp=4/20 (còn 945s)
2026-04-04 09:35:04,019 -   [Inner 109.4] cost=829.00 no_imp=6/20 (còn 945s)
2026-04-04 09:35:04,251 -   [Inner 109.5] cost=829.00 no_imp=8/20 (còn 945s)
2026-04-04 09:35:04,487 -   [Inner 109.6] cost=829.00 no_imp=10/20 (còn 945s)
2026-04-04 09:35:04,720 -   [Inner 109.7] cost=829.00 no_imp=12/20 (còn 945s)
2026-04-04 09:35:04,953 -   [Inner 109.8] cost=829.00 no_imp=14/20 (còn 944s)
2026-04-04 09:35:05,188 -   [Inner 109.9] cost=829.00 no_imp=16/20 (còn 944s)
2026-04-04 09:35:05,426 -   [Inner 109.10] cost=829.00 no_imp=18/20 (còn 944s)
2026-04-04 09:35:05,658 -   [Outer 109] Chạy Pairwise MaxSAT...
2026-04-04 09:35:05,659 -   [Outer] Không cải thiện (streak=108)
2026-04-04 09:35:05,659 - === OUTER 110 | cost=829.00 no_imp_streak=108 (còn 944s) ===
2026-04-04 09:35:05,659 -   [Inner 110.1] cost=829.00 no_imp=0/20 (còn 944s)
2026-04-04 09:35:05,891 -   [Inner 110.2] cost=829.00 no_imp=2/20 (còn 943s)
2026-04-04 09:35:06,127 -   [Inner 110.3] cost=829.00 no_imp=4/20 (còn 943s)
2026-04-04 09:35:06,359 -   [Inner 110.4] cost=829.00 no_imp=6/20 (còn 943s)
2026-04-04 09:35:06,596 -   [Inner 110.5] cost=829.00 no_imp=8/20 (còn 943s)
2026-04-04 09:35:06,831 -   [Inner 110.6] cost=829.00 no_imp=10/20 (còn 942s)
2026-04-04 09:35:07,065 -   [Inner 110.7] cost=829.00 no_imp=12/20 (còn 942s)
2026-04-04 09:35:07,301 -   [Inner 110.8] cost=829.00 no_imp=14/20 (còn 942s)
2026-04-04 09:35:07,532 -   [Inner 110.9] cost=829.00 no_imp=16/20 (còn 942s)
2026-04-04 09:35:07,764 -   [Inner 110.10] cost=829.00 no_imp=18/20 (còn 941s)
2026-04-04 09:35:07,996 -   [Outer 110] Chạy Pairwise MaxSAT...
2026-04-04 09:35:07,996 -   [Outer] Không cải thiện (streak=109)
2026-04-04 09:35:07,996 - === OUTER 111 | cost=829.00 no_imp_streak=109 (còn 941s) ===
2026-04-04 09:35:07,996 -   [Inner 111.1] cost=829.00 no_imp=0/20 (còn 941s)
2026-04-04 09:35:08,230 -   [Inner 111.2] cost=829.00 no_imp=2/20 (còn 941s)
2026-04-04 09:35:08,466 -   [Inner 111.3] cost=829.00 no_imp=4/20 (còn 941s)
2026-04-04 09:35:08,698 -   [Inner 111.4] cost=829.00 no_imp=6/20 (còn 941s)
2026-04-04 09:35:08,931 -   [Inner 111.5] cost=829.00 no_imp=8/20 (còn 940s)
2026-04-04 09:35:09,165 -   [Inner 111.6] cost=829.00 no_imp=10/20 (còn 940s)
2026-04-04 09:35:09,398 -   [Inner 111.7] cost=829.00 no_imp=12/20 (còn 940s)
2026-04-04 09:35:09,631 -   [Inner 111.8] cost=829.00 no_imp=14/20 (còn 940s)
2026-04-04 09:35:09,861 -   [Inner 111.9] cost=829.00 no_imp=16/20 (còn 939s)
2026-04-04 09:35:10,093 -   [Inner 111.10] cost=829.00 no_imp=18/20 (còn 939s)
2026-04-04 09:35:10,325 -   [Outer 111] Chạy Pairwise MaxSAT...
2026-04-04 09:35:10,325 -   [Outer] Không cải thiện (streak=110)
2026-04-04 09:35:10,326 - === OUTER 112 | cost=829.00 no_imp_streak=110 (còn 939s) ===
2026-04-04 09:35:10,326 -   [Inner 112.1] cost=829.00 no_imp=0/20 (còn 939s)
2026-04-04 09:35:10,558 -   [Inner 112.2] cost=829.00 no_imp=2/20 (còn 939s)
2026-04-04 09:35:10,792 -   [Inner 112.3] cost=829.00 no_imp=4/20 (còn 938s)
2026-04-04 09:35:11,024 -   [Inner 112.4] cost=829.00 no_imp=6/20 (còn 938s)
2026-04-04 09:35:11,254 -   [Inner 112.5] cost=829.00 no_imp=8/20 (còn 938s)
2026-04-04 09:35:11,490 -   [Inner 112.6] cost=829.00 no_imp=10/20 (còn 938s)
2026-04-04 09:35:11,721 -   [Inner 112.7] cost=829.00 no_imp=12/20 (còn 938s)
2026-04-04 09:35:11,954 -   [Inner 112.8] cost=829.00 no_imp=14/20 (còn 937s)
2026-04-04 09:35:12,188 -   [Inner 112.9] cost=829.00 no_imp=16/20 (còn 937s)
2026-04-04 09:35:12,420 -   [Inner 112.10] cost=829.00 no_imp=18/20 (còn 937s)
2026-04-04 09:35:12,656 -   [Outer 112] Chạy Pairwise MaxSAT...
2026-04-04 09:35:12,657 -   [Outer] Không cải thiện (streak=111)
2026-04-04 09:35:12,657 - === OUTER 113 | cost=829.00 no_imp_streak=111 (còn 937s) ===
2026-04-04 09:35:12,657 -   [Inner 113.1] cost=829.00 no_imp=0/20 (còn 937s)
2026-04-04 09:35:12,888 -   [Inner 113.2] cost=829.00 no_imp=2/20 (còn 936s)
2026-04-04 09:35:13,120 -   [Inner 113.3] cost=829.00 no_imp=4/20 (còn 936s)
2026-04-04 09:35:13,354 -   [Inner 113.4] cost=829.00 no_imp=6/20 (còn 936s)
2026-04-04 09:35:13,585 -   [Inner 113.5] cost=829.00 no_imp=8/20 (còn 936s)
2026-04-04 09:35:13,820 -   [Inner 113.6] cost=829.00 no_imp=10/20 (còn 935s)
2026-04-04 09:35:14,054 -   [Inner 113.7] cost=829.00 no_imp=12/20 (còn 935s)
2026-04-04 09:35:14,285 -   [Inner 113.8] cost=829.00 no_imp=14/20 (còn 935s)
2026-04-04 09:35:14,521 -   [Inner 113.9] cost=829.00 no_imp=16/20 (còn 935s)
2026-04-04 09:35:14,755 -   [Inner 113.10] cost=829.00 no_imp=18/20 (còn 934s)
2026-04-04 09:35:14,986 -   [Outer 113] Chạy Pairwise MaxSAT...
2026-04-04 09:35:14,987 -   [Outer] Không cải thiện (streak=112)
2026-04-04 09:35:14,987 - === OUTER 114 | cost=829.00 no_imp_streak=112 (còn 934s) ===
2026-04-04 09:35:14,987 -   [Inner 114.1] cost=829.00 no_imp=0/20 (còn 934s)
2026-04-04 09:35:15,220 -   [Inner 114.2] cost=829.00 no_imp=2/20 (còn 934s)
2026-04-04 09:35:15,452 -   [Inner 114.3] cost=829.00 no_imp=4/20 (còn 934s)
2026-04-04 09:35:15,683 -   [Inner 114.4] cost=829.00 no_imp=6/20 (còn 934s)
2026-04-04 09:35:15,933 -   [Inner 114.5] cost=829.00 no_imp=8/20 (còn 933s)
2026-04-04 09:35:16,167 -   [Inner 114.6] cost=829.00 no_imp=10/20 (còn 933s)
2026-04-04 09:35:16,398 -   [Inner 114.7] cost=829.00 no_imp=12/20 (còn 933s)
2026-04-04 09:35:16,639 -   [Inner 114.8] cost=829.00 no_imp=14/20 (còn 933s)
2026-04-04 09:35:16,871 -   [Inner 114.9] cost=829.00 no_imp=16/20 (còn 932s)
2026-04-04 09:35:17,104 -   [Inner 114.10] cost=829.00 no_imp=18/20 (còn 932s)
2026-04-04 09:35:17,335 -   [Outer 114] Chạy Pairwise MaxSAT...
2026-04-04 09:35:17,336 -   [Outer] Không cải thiện (streak=113)
2026-04-04 09:35:17,336 - === OUTER 115 | cost=829.00 no_imp_streak=113 (còn 932s) ===
2026-04-04 09:35:17,336 -   [Inner 115.1] cost=829.00 no_imp=0/20 (còn 932s)
2026-04-04 09:35:17,569 -   [Inner 115.2] cost=829.00 no_imp=2/20 (còn 932s)
2026-04-04 09:35:17,801 -   [Inner 115.3] cost=829.00 no_imp=4/20 (còn 931s)
2026-04-04 09:35:18,036 -   [Inner 115.4] cost=829.00 no_imp=6/20 (còn 931s)
2026-04-04 09:35:18,267 -   [Inner 115.5] cost=829.00 no_imp=8/20 (còn 931s)
2026-04-04 09:35:18,501 -   [Inner 115.6] cost=829.00 no_imp=10/20 (còn 931s)
2026-04-04 09:35:18,738 -   [Inner 115.7] cost=829.00 no_imp=12/20 (còn 930s)
2026-04-04 09:35:18,971 -   [Inner 115.8] cost=829.00 no_imp=14/20 (còn 930s)
2026-04-04 09:35:19,211 -   [Inner 115.9] cost=829.00 no_imp=16/20 (còn 930s)
2026-04-04 09:35:19,443 -   [Inner 115.10] cost=829.00 no_imp=18/20 (còn 930s)
2026-04-04 09:35:19,676 -   [Outer 115] Chạy Pairwise MaxSAT...
2026-04-04 09:35:19,676 -   [Outer] Không cải thiện (streak=114)
2026-04-04 09:35:19,677 - === OUTER 116 | cost=829.00 no_imp_streak=114 (còn 930s) ===
2026-04-04 09:35:19,677 -   [Inner 116.1] cost=829.00 no_imp=0/20 (còn 930s)
2026-04-04 09:35:19,910 -   [Inner 116.2] cost=829.00 no_imp=2/20 (còn 929s)
2026-04-04 09:35:20,141 -   [Inner 116.3] cost=829.00 no_imp=4/20 (còn 929s)
2026-04-04 09:35:20,377 -   [Inner 116.4] cost=829.00 no_imp=6/20 (còn 929s)
2026-04-04 09:35:20,614 -   [Inner 116.5] cost=829.00 no_imp=8/20 (còn 929s)
2026-04-04 09:35:20,850 -   [Inner 116.6] cost=829.00 no_imp=10/20 (còn 928s)
2026-04-04 09:35:21,085 -   [Inner 116.7] cost=829.00 no_imp=12/20 (còn 928s)
2026-04-04 09:35:21,320 -   [Inner 116.8] cost=829.00 no_imp=14/20 (còn 928s)
2026-04-04 09:35:21,557 -   [Inner 116.9] cost=829.00 no_imp=16/20 (còn 928s)
2026-04-04 09:35:21,787 -   [Inner 116.10] cost=829.00 no_imp=18/20 (còn 927s)
2026-04-04 09:35:22,017 -   [Outer 116] Chạy Pairwise MaxSAT...
2026-04-04 09:35:22,017 -   [Outer] Không cải thiện (streak=115)
2026-04-04 09:35:22,017 - === OUTER 117 | cost=829.00 no_imp_streak=115 (còn 927s) ===
2026-04-04 09:35:22,017 -   [Inner 117.1] cost=829.00 no_imp=0/20 (còn 927s)
2026-04-04 09:35:22,253 -   [Inner 117.2] cost=829.00 no_imp=2/20 (còn 927s)
2026-04-04 09:35:22,495 -   [Inner 117.3] cost=829.00 no_imp=4/20 (còn 927s)
2026-04-04 09:35:22,739 -   [Inner 117.4] cost=829.00 no_imp=6/20 (còn 926s)
2026-04-04 09:35:22,972 -   [Inner 117.5] cost=829.00 no_imp=8/20 (còn 926s)
2026-04-04 09:35:23,205 -   [Inner 117.6] cost=829.00 no_imp=10/20 (còn 926s)
2026-04-04 09:35:23,440 -   [Inner 117.7] cost=829.00 no_imp=12/20 (còn 926s)
2026-04-04 09:35:23,682 -   [Inner 117.8] cost=829.00 no_imp=14/20 (còn 926s)
2026-04-04 09:35:23,923 -   [Inner 117.9] cost=829.00 no_imp=16/20 (còn 925s)
2026-04-04 09:35:24,164 -   [Inner 117.10] cost=829.00 no_imp=18/20 (còn 925s)
2026-04-04 09:35:24,404 -   [Outer 117] Chạy Pairwise MaxSAT...
2026-04-04 09:35:24,405 -   [Outer] Không cải thiện (streak=116)
2026-04-04 09:35:24,405 - === OUTER 118 | cost=829.00 no_imp_streak=116 (còn 925s) ===
2026-04-04 09:35:24,405 -   [Inner 118.1] cost=829.00 no_imp=0/20 (còn 925s)
2026-04-04 09:35:24,653 -   [Inner 118.2] cost=829.00 no_imp=2/20 (còn 925s)
2026-04-04 09:35:24,887 -   [Inner 118.3] cost=829.00 no_imp=4/20 (còn 924s)
2026-04-04 09:35:25,120 -   [Inner 118.4] cost=829.00 no_imp=6/20 (còn 924s)
2026-04-04 09:35:25,351 -   [Inner 118.5] cost=829.00 no_imp=8/20 (còn 924s)
2026-04-04 09:35:25,582 -   [Inner 118.6] cost=829.00 no_imp=10/20 (còn 924s)
2026-04-04 09:35:25,820 -   [Inner 118.7] cost=829.00 no_imp=12/20 (còn 923s)
2026-04-04 09:35:26,053 -   [Inner 118.8] cost=829.00 no_imp=14/20 (còn 923s)
2026-04-04 09:35:26,286 -   [Inner 118.9] cost=829.00 no_imp=16/20 (còn 923s)
2026-04-04 09:35:26,523 -   [Inner 118.10] cost=829.00 no_imp=18/20 (còn 923s)
2026-04-04 09:35:26,760 -   [Outer 118] Chạy Pairwise MaxSAT...
2026-04-04 09:35:26,760 -   [Outer] Không cải thiện (streak=117)
2026-04-04 09:35:26,760 - === OUTER 119 | cost=829.00 no_imp_streak=117 (còn 922s) ===
2026-04-04 09:35:26,761 -   [Inner 119.1] cost=829.00 no_imp=0/20 (còn 922s)
2026-04-04 09:35:26,991 -   [Inner 119.2] cost=829.00 no_imp=2/20 (còn 922s)
2026-04-04 09:35:27,224 -   [Inner 119.3] cost=829.00 no_imp=4/20 (còn 922s)
2026-04-04 09:35:27,454 -   [Inner 119.4] cost=829.00 no_imp=6/20 (còn 922s)
2026-04-04 09:35:27,687 -   [Inner 119.5] cost=829.00 no_imp=8/20 (còn 922s)
2026-04-04 09:35:27,923 -   [Inner 119.6] cost=829.00 no_imp=10/20 (còn 921s)
2026-04-04 09:35:28,157 -   [Inner 119.7] cost=829.00 no_imp=12/20 (còn 921s)
2026-04-04 09:35:28,391 -   [Inner 119.8] cost=829.00 no_imp=14/20 (còn 921s)
2026-04-04 09:35:28,624 -   [Inner 119.9] cost=829.00 no_imp=16/20 (còn 921s)
2026-04-04 09:35:28,860 -   [Inner 119.10] cost=829.00 no_imp=18/20 (còn 920s)
2026-04-04 09:35:29,093 -   [Outer 119] Chạy Pairwise MaxSAT...
2026-04-04 09:35:29,094 -   [Outer] Không cải thiện (streak=118)
2026-04-04 09:35:29,094 - === OUTER 120 | cost=829.00 no_imp_streak=118 (còn 920s) ===
2026-04-04 09:35:29,094 -   [Inner 120.1] cost=829.00 no_imp=0/20 (còn 920s)
2026-04-04 09:35:29,323 -   [Inner 120.2] cost=829.00 no_imp=2/20 (còn 920s)
2026-04-04 09:35:29,558 -   [Inner 120.3] cost=829.00 no_imp=4/20 (còn 920s)
2026-04-04 09:35:29,794 -   [Inner 120.4] cost=829.00 no_imp=6/20 (còn 919s)
2026-04-04 09:35:30,027 -   [Inner 120.5] cost=829.00 no_imp=8/20 (còn 919s)
2026-04-04 09:35:30,258 -   [Inner 120.6] cost=829.00 no_imp=10/20 (còn 919s)
2026-04-04 09:35:30,492 -   [Inner 120.7] cost=829.00 no_imp=12/20 (còn 919s)
2026-04-04 09:35:30,728 -   [Inner 120.8] cost=829.00 no_imp=14/20 (còn 919s)
2026-04-04 09:35:30,962 -   [Inner 120.9] cost=829.00 no_imp=16/20 (còn 918s)
2026-04-04 09:35:31,196 -   [Inner 120.10] cost=829.00 no_imp=18/20 (còn 918s)
2026-04-04 09:35:31,426 -   [Outer 120] Chạy Pairwise MaxSAT...
2026-04-04 09:35:31,426 -   [Outer] Không cải thiện (streak=119)
2026-04-04 09:35:31,426 - === OUTER 121 | cost=829.00 no_imp_streak=119 (còn 918s) ===
2026-04-04 09:35:31,426 -   [Inner 121.1] cost=829.00 no_imp=0/20 (còn 918s)
2026-04-04 09:35:31,661 -   [Inner 121.2] cost=829.00 no_imp=2/20 (còn 918s)
2026-04-04 09:35:31,895 -   [Inner 121.3] cost=829.00 no_imp=4/20 (còn 917s)
2026-04-04 09:35:32,130 -   [Inner 121.4] cost=829.00 no_imp=6/20 (còn 917s)
2026-04-04 09:35:32,366 -   [Inner 121.5] cost=829.00 no_imp=8/20 (còn 917s)
2026-04-04 09:35:32,598 -   [Inner 121.6] cost=829.00 no_imp=10/20 (còn 917s)
2026-04-04 09:35:32,835 -   [Inner 121.7] cost=829.00 no_imp=12/20 (còn 916s)
2026-04-04 09:35:33,068 -   [Inner 121.8] cost=829.00 no_imp=14/20 (còn 916s)
2026-04-04 09:35:33,301 -   [Inner 121.9] cost=829.00 no_imp=16/20 (còn 916s)
2026-04-04 09:35:33,533 -   [Inner 121.10] cost=829.00 no_imp=18/20 (còn 916s)
2026-04-04 09:35:33,766 -   [Outer 121] Chạy Pairwise MaxSAT...
2026-04-04 09:35:33,766 -   [Outer] Không cải thiện (streak=120)
2026-04-04 09:35:33,766 - === OUTER 122 | cost=829.00 no_imp_streak=120 (còn 915s) ===
2026-04-04 09:35:33,767 -   [Inner 122.1] cost=829.00 no_imp=0/20 (còn 915s)
2026-04-04 09:35:33,998 -   [Inner 122.2] cost=829.00 no_imp=2/20 (còn 915s)
2026-04-04 09:35:34,233 -   [Inner 122.3] cost=829.00 no_imp=4/20 (còn 915s)
2026-04-04 09:35:34,463 -   [Inner 122.4] cost=829.00 no_imp=6/20 (còn 915s)
2026-04-04 09:35:34,696 -   [Inner 122.5] cost=829.00 no_imp=8/20 (còn 915s)
2026-04-04 09:35:34,936 -   [Inner 122.6] cost=829.00 no_imp=10/20 (còn 914s)
2026-04-04 09:35:35,181 -   [Inner 122.7] cost=829.00 no_imp=12/20 (còn 914s)
2026-04-04 09:35:35,422 -   [Inner 122.8] cost=829.00 no_imp=14/20 (còn 914s)
2026-04-04 09:35:35,656 -   [Inner 122.9] cost=829.00 no_imp=16/20 (còn 914s)
2026-04-04 09:35:35,889 -   [Inner 122.10] cost=829.00 no_imp=18/20 (còn 913s)
2026-04-04 09:35:36,123 -   [Outer 122] Chạy Pairwise MaxSAT...
2026-04-04 09:35:36,123 -   [Outer] Không cải thiện (streak=121)
2026-04-04 09:35:36,124 - === OUTER 123 | cost=829.00 no_imp_streak=121 (còn 913s) ===
2026-04-04 09:35:36,124 -   [Inner 123.1] cost=829.00 no_imp=0/20 (còn 913s)
2026-04-04 09:35:36,359 -   [Inner 123.2] cost=829.00 no_imp=2/20 (còn 913s)
2026-04-04 09:35:36,600 -   [Inner 123.3] cost=829.00 no_imp=4/20 (còn 913s)
2026-04-04 09:35:36,844 -   [Inner 123.4] cost=829.00 no_imp=6/20 (còn 912s)
2026-04-04 09:35:37,083 -   [Inner 123.5] cost=829.00 no_imp=8/20 (còn 912s)
2026-04-04 09:35:37,326 -   [Inner 123.6] cost=829.00 no_imp=10/20 (còn 912s)
2026-04-04 09:35:37,567 -   [Inner 123.7] cost=829.00 no_imp=12/20 (còn 912s)
2026-04-04 09:35:37,800 -   [Inner 123.8] cost=829.00 no_imp=14/20 (còn 911s)
2026-04-04 09:35:38,034 -   [Inner 123.9] cost=829.00 no_imp=16/20 (còn 911s)
2026-04-04 09:35:38,266 -   [Inner 123.10] cost=829.00 no_imp=18/20 (còn 911s)
2026-04-04 09:35:38,500 -   [Outer 123] Chạy Pairwise MaxSAT...
2026-04-04 09:35:38,501 -   [Outer] Không cải thiện (streak=122)
2026-04-04 09:35:38,501 - === OUTER 124 | cost=829.00 no_imp_streak=122 (còn 911s) ===
2026-04-04 09:35:38,501 -   [Inner 124.1] cost=829.00 no_imp=0/20 (còn 911s)
2026-04-04 09:35:38,735 -   [Inner 124.2] cost=829.00 no_imp=2/20 (còn 911s)
2026-04-04 09:35:38,974 -   [Inner 124.3] cost=829.00 no_imp=4/20 (còn 910s)
2026-04-04 09:35:39,208 -   [Inner 124.4] cost=829.00 no_imp=6/20 (còn 910s)
2026-04-04 09:35:39,441 -   [Inner 124.5] cost=829.00 no_imp=8/20 (còn 910s)
2026-04-04 09:35:39,677 -   [Inner 124.6] cost=829.00 no_imp=10/20 (còn 910s)
2026-04-04 09:35:39,909 -   [Inner 124.7] cost=829.00 no_imp=12/20 (còn 909s)
2026-04-04 09:35:40,140 -   [Inner 124.8] cost=829.00 no_imp=14/20 (còn 909s)
2026-04-04 09:35:40,372 -   [Inner 124.9] cost=829.00 no_imp=16/20 (còn 909s)
2026-04-04 09:35:40,605 -   [Inner 124.10] cost=829.00 no_imp=18/20 (còn 909s)
2026-04-04 09:35:40,842 -   [Outer 124] Chạy Pairwise MaxSAT...
2026-04-04 09:35:40,842 -   [Outer] Không cải thiện (streak=123)
2026-04-04 09:35:40,842 - === OUTER 125 | cost=829.00 no_imp_streak=123 (còn 908s) ===
2026-04-04 09:35:40,842 -   [Inner 125.1] cost=829.00 no_imp=0/20 (còn 908s)
2026-04-04 09:35:41,074 -   [Inner 125.2] cost=829.00 no_imp=2/20 (còn 908s)
2026-04-04 09:35:41,306 -   [Inner 125.3] cost=829.00 no_imp=4/20 (còn 908s)
2026-04-04 09:35:41,539 -   [Inner 125.4] cost=829.00 no_imp=6/20 (còn 908s)
2026-04-04 09:35:41,774 -   [Inner 125.5] cost=829.00 no_imp=8/20 (còn 907s)
2026-04-04 09:35:42,007 -   [Inner 125.6] cost=829.00 no_imp=10/20 (còn 907s)
2026-04-04 09:35:42,238 -   [Inner 125.7] cost=829.00 no_imp=12/20 (còn 907s)
2026-04-04 09:35:42,469 -   [Inner 125.8] cost=829.00 no_imp=14/20 (còn 907s)
2026-04-04 09:35:42,703 -   [Inner 125.9] cost=829.00 no_imp=16/20 (còn 907s)
2026-04-04 09:35:42,942 -   [Inner 125.10] cost=829.00 no_imp=18/20 (còn 906s)
2026-04-04 09:35:43,176 -   [Outer 125] Chạy Pairwise MaxSAT...
2026-04-04 09:35:43,176 -   [Outer] Không cải thiện (streak=124)
2026-04-04 09:35:43,176 - === OUTER 126 | cost=829.00 no_imp_streak=124 (còn 906s) ===
2026-04-04 09:35:43,176 -   [Inner 126.1] cost=829.00 no_imp=0/20 (còn 906s)
2026-04-04 09:35:43,412 -   [Inner 126.2] cost=829.00 no_imp=2/20 (còn 906s)
2026-04-04 09:35:43,644 -   [Inner 126.3] cost=829.00 no_imp=4/20 (còn 906s)
2026-04-04 09:35:43,881 -   [Inner 126.4] cost=829.00 no_imp=6/20 (còn 905s)
2026-04-04 09:35:44,111 -   [Inner 126.5] cost=829.00 no_imp=8/20 (còn 905s)
2026-04-04 09:35:44,343 -   [Inner 126.6] cost=829.00 no_imp=10/20 (còn 905s)
2026-04-04 09:35:44,576 -   [Inner 126.7] cost=829.00 no_imp=12/20 (còn 905s)
2026-04-04 09:35:44,808 -   [Inner 126.8] cost=829.00 no_imp=14/20 (còn 904s)
2026-04-04 09:35:45,045 -   [Inner 126.9] cost=829.00 no_imp=16/20 (còn 904s)
2026-04-04 09:35:45,278 -   [Inner 126.10] cost=829.00 no_imp=18/20 (còn 904s)
2026-04-04 09:35:45,510 -   [Outer 126] Chạy Pairwise MaxSAT...
2026-04-04 09:35:45,510 -   [Outer] Không cải thiện (streak=125)
2026-04-04 09:35:45,510 - === OUTER 127 | cost=829.00 no_imp_streak=125 (còn 904s) ===
2026-04-04 09:35:45,510 -   [Inner 127.1] cost=829.00 no_imp=0/20 (còn 904s)
2026-04-04 09:35:45,746 -   [Inner 127.2] cost=829.00 no_imp=2/20 (còn 903s)
2026-04-04 09:35:45,978 -   [Inner 127.3] cost=829.00 no_imp=4/20 (còn 903s)
2026-04-04 09:35:46,211 -   [Inner 127.4] cost=829.00 no_imp=6/20 (còn 903s)
2026-04-04 09:35:46,442 -   [Inner 127.5] cost=829.00 no_imp=8/20 (còn 903s)
2026-04-04 09:35:46,674 -   [Inner 127.6] cost=829.00 no_imp=10/20 (còn 903s)
2026-04-04 09:35:46,910 -   [Inner 127.7] cost=829.00 no_imp=12/20 (còn 902s)
2026-04-04 09:35:47,143 -   [Inner 127.8] cost=829.00 no_imp=14/20 (còn 902s)
2026-04-04 09:35:47,375 -   [Inner 127.9] cost=829.00 no_imp=16/20 (còn 902s)
2026-04-04 09:35:47,608 -   [Inner 127.10] cost=829.00 no_imp=18/20 (còn 902s)
2026-04-04 09:35:47,844 -   [Outer 127] Chạy Pairwise MaxSAT...
2026-04-04 09:35:47,844 -   [Outer] Không cải thiện (streak=126)
2026-04-04 09:35:47,845 - === OUTER 128 | cost=829.00 no_imp_streak=126 (còn 901s) ===
2026-04-04 09:35:47,845 -   [Inner 128.1] cost=829.00 no_imp=0/20 (còn 901s)
2026-04-04 09:35:48,080 -   [Inner 128.2] cost=829.00 no_imp=2/20 (còn 901s)
2026-04-04 09:35:48,313 -   [Inner 128.3] cost=829.00 no_imp=4/20 (còn 901s)
2026-04-04 09:35:48,546 -   [Inner 128.4] cost=829.00 no_imp=6/20 (còn 901s)
2026-04-04 09:35:48,782 -   [Inner 128.5] cost=829.00 no_imp=8/20 (còn 900s)
2026-04-04 09:35:49,019 -   [Inner 128.6] cost=829.00 no_imp=10/20 (còn 900s)
2026-04-04 09:35:49,252 -   [Inner 128.7] cost=829.00 no_imp=12/20 (còn 900s)
2026-04-04 09:35:49,484 -   [Inner 128.8] cost=829.00 no_imp=14/20 (còn 900s)
2026-04-04 09:35:49,720 -   [Inner 128.9] cost=829.00 no_imp=16/20 (còn 900s)
2026-04-04 09:35:49,954 -   [Inner 128.10] cost=829.00 no_imp=18/20 (còn 899s)
2026-04-04 09:35:50,190 -   [Outer 128] Chạy Pairwise MaxSAT...
2026-04-04 09:35:50,190 -   [Outer] Không cải thiện (streak=127)
2026-04-04 09:35:50,190 - === OUTER 129 | cost=829.00 no_imp_streak=127 (còn 899s) ===
2026-04-04 09:35:50,190 -   [Inner 129.1] cost=829.00 no_imp=0/20 (còn 899s)
2026-04-04 09:35:50,425 -   [Inner 129.2] cost=829.00 no_imp=2/20 (còn 899s)
2026-04-04 09:35:50,656 -   [Inner 129.3] cost=829.00 no_imp=4/20 (còn 899s)
2026-04-04 09:35:50,890 -   [Inner 129.4] cost=829.00 no_imp=6/20 (còn 898s)
2026-04-04 09:35:51,133 -   [Inner 129.5] cost=829.00 no_imp=8/20 (còn 898s)
2026-04-04 09:35:51,362 -   [Inner 129.6] cost=829.00 no_imp=10/20 (còn 898s)
2026-04-04 09:35:51,595 -   [Inner 129.7] cost=829.00 no_imp=12/20 (còn 898s)
2026-04-04 09:35:51,831 -   [Inner 129.8] cost=829.00 no_imp=14/20 (còn 897s)
2026-04-04 09:35:52,064 -   [Inner 129.9] cost=829.00 no_imp=16/20 (còn 897s)
2026-04-04 09:35:52,296 -   [Inner 129.10] cost=829.00 no_imp=18/20 (còn 897s)
2026-04-04 09:35:52,528 -   [Outer 129] Chạy Pairwise MaxSAT...
2026-04-04 09:35:52,529 -   [Outer] Không cải thiện (streak=128)
2026-04-04 09:35:52,529 - === OUTER 130 | cost=829.00 no_imp_streak=128 (còn 897s) ===
2026-04-04 09:35:52,529 -   [Inner 130.1] cost=829.00 no_imp=0/20 (còn 897s)
2026-04-04 09:35:52,761 -   [Inner 130.2] cost=829.00 no_imp=2/20 (còn 896s)
2026-04-04 09:35:52,995 -   [Inner 130.3] cost=829.00 no_imp=4/20 (còn 896s)
2026-04-04 09:35:53,229 -   [Inner 130.4] cost=829.00 no_imp=6/20 (còn 896s)
2026-04-04 09:35:53,462 -   [Inner 130.5] cost=829.00 no_imp=8/20 (còn 896s)
2026-04-04 09:35:53,697 -   [Inner 130.6] cost=829.00 no_imp=10/20 (còn 896s)
2026-04-04 09:35:53,930 -   [Inner 130.7] cost=829.00 no_imp=12/20 (còn 895s)
2026-04-04 09:35:54,164 -   [Inner 130.8] cost=829.00 no_imp=14/20 (còn 895s)
2026-04-04 09:35:54,402 -   [Inner 130.9] cost=829.00 no_imp=16/20 (còn 895s)
2026-04-04 09:35:54,637 -   [Inner 130.10] cost=829.00 no_imp=18/20 (còn 895s)
2026-04-04 09:35:54,870 -   [Outer 130] Chạy Pairwise MaxSAT...
2026-04-04 09:35:54,870 -   [Outer] Không cải thiện (streak=129)
2026-04-04 09:35:54,870 - === OUTER 131 | cost=829.00 no_imp_streak=129 (còn 894s) ===
2026-04-04 09:35:54,870 -   [Inner 131.1] cost=829.00 no_imp=0/20 (còn 894s)
2026-04-04 09:35:55,105 -   [Inner 131.2] cost=829.00 no_imp=2/20 (còn 894s)
2026-04-04 09:35:55,340 -   [Inner 131.3] cost=829.00 no_imp=4/20 (còn 894s)
2026-04-04 09:35:55,572 -   [Inner 131.4] cost=829.00 no_imp=6/20 (còn 894s)
2026-04-04 09:35:55,807 -   [Inner 131.5] cost=829.00 no_imp=8/20 (còn 893s)
2026-04-04 09:35:56,038 -   [Inner 131.6] cost=829.00 no_imp=10/20 (còn 893s)
2026-04-04 09:35:56,270 -   [Inner 131.7] cost=829.00 no_imp=12/20 (còn 893s)
2026-04-04 09:35:56,504 -   [Inner 131.8] cost=829.00 no_imp=14/20 (còn 893s)
2026-04-04 09:35:56,737 -   [Inner 131.9] cost=829.00 no_imp=16/20 (còn 892s)
2026-04-04 09:35:56,982 -   [Inner 131.10] cost=829.00 no_imp=18/20 (còn 892s)
2026-04-04 09:35:57,220 -   [Outer 131] Chạy Pairwise MaxSAT...
2026-04-04 09:35:57,220 -   [Outer] Không cải thiện (streak=130)
2026-04-04 09:35:57,221 - === OUTER 132 | cost=829.00 no_imp_streak=130 (còn 892s) ===
2026-04-04 09:35:57,221 -   [Inner 132.1] cost=829.00 no_imp=0/20 (còn 892s)
2026-04-04 09:35:57,453 -   [Inner 132.2] cost=829.00 no_imp=2/20 (còn 892s)
2026-04-04 09:35:57,686 -   [Inner 132.3] cost=829.00 no_imp=4/20 (còn 892s)
2026-04-04 09:35:57,917 -   [Inner 132.4] cost=829.00 no_imp=6/20 (còn 891s)
2026-04-04 09:35:58,151 -   [Inner 132.5] cost=829.00 no_imp=8/20 (còn 891s)
2026-04-04 09:35:58,384 -   [Inner 132.6] cost=829.00 no_imp=10/20 (còn 891s)
2026-04-04 09:35:58,616 -   [Inner 132.7] cost=829.00 no_imp=12/20 (còn 891s)
2026-04-04 09:35:58,848 -   [Inner 132.8] cost=829.00 no_imp=14/20 (còn 890s)
2026-04-04 09:35:59,081 -   [Inner 132.9] cost=829.00 no_imp=16/20 (còn 890s)
2026-04-04 09:35:59,311 -   [Inner 132.10] cost=829.00 no_imp=18/20 (còn 890s)
2026-04-04 09:35:59,544 -   [Outer 132] Chạy Pairwise MaxSAT...
2026-04-04 09:35:59,545 -   [Outer] Không cải thiện (streak=131)
2026-04-04 09:35:59,545 - === OUTER 133 | cost=829.00 no_imp_streak=131 (còn 890s) ===
2026-04-04 09:35:59,545 -   [Inner 133.1] cost=829.00 no_imp=0/20 (còn 890s)
2026-04-04 09:35:59,779 -   [Inner 133.2] cost=829.00 no_imp=2/20 (còn 889s)
2026-04-04 09:36:00,016 -   [Inner 133.3] cost=829.00 no_imp=4/20 (còn 889s)
2026-04-04 09:36:00,251 -   [Inner 133.4] cost=829.00 no_imp=6/20 (còn 889s)
2026-04-04 09:36:00,483 -   [Inner 133.5] cost=829.00 no_imp=8/20 (còn 889s)
2026-04-04 09:36:00,717 -   [Inner 133.6] cost=829.00 no_imp=10/20 (còn 889s)
2026-04-04 09:36:00,949 -   [Inner 133.7] cost=829.00 no_imp=12/20 (còn 888s)
2026-04-04 09:36:01,184 -   [Inner 133.8] cost=829.00 no_imp=14/20 (còn 888s)
2026-04-04 09:36:01,426 -   [Inner 133.9] cost=829.00 no_imp=16/20 (còn 888s)
2026-04-04 09:36:01,660 -   [Inner 133.10] cost=829.00 no_imp=18/20 (còn 888s)
2026-04-04 09:36:01,906 -   [Outer 133] Chạy Pairwise MaxSAT...
2026-04-04 09:36:01,907 -   [Outer] Không cải thiện (streak=132)
2026-04-04 09:36:01,907 - === OUTER 134 | cost=829.00 no_imp_streak=132 (còn 887s) ===
2026-04-04 09:36:01,907 -   [Inner 134.1] cost=829.00 no_imp=0/20 (còn 887s)
2026-04-04 09:36:02,172 -   [Inner 134.2] cost=829.00 no_imp=2/20 (còn 887s)
2026-04-04 09:36:02,406 -   [Inner 134.3] cost=829.00 no_imp=4/20 (còn 887s)
2026-04-04 09:36:02,638 -   [Inner 134.4] cost=829.00 no_imp=6/20 (còn 887s)
2026-04-04 09:36:02,871 -   [Inner 134.5] cost=829.00 no_imp=8/20 (còn 886s)
2026-04-04 09:36:03,108 -   [Inner 134.6] cost=829.00 no_imp=10/20 (còn 886s)
2026-04-04 09:36:03,346 -   [Inner 134.7] cost=829.00 no_imp=12/20 (còn 886s)
2026-04-04 09:36:03,577 -   [Inner 134.8] cost=829.00 no_imp=14/20 (còn 886s)
2026-04-04 09:36:03,810 -   [Inner 134.9] cost=829.00 no_imp=16/20 (còn 885s)
2026-04-04 09:36:04,042 -   [Inner 134.10] cost=829.00 no_imp=18/20 (còn 885s)
2026-04-04 09:36:04,275 -   [Outer 134] Chạy Pairwise MaxSAT...
2026-04-04 09:36:04,275 -   [Outer] Không cải thiện (streak=133)
2026-04-04 09:36:04,275 - === OUTER 135 | cost=829.00 no_imp_streak=133 (còn 885s) ===
2026-04-04 09:36:04,275 -   [Inner 135.1] cost=829.00 no_imp=0/20 (còn 885s)
2026-04-04 09:36:04,506 -   [Inner 135.2] cost=829.00 no_imp=2/20 (còn 885s)
2026-04-04 09:36:04,740 -   [Inner 135.3] cost=829.00 no_imp=4/20 (còn 884s)
2026-04-04 09:36:04,976 -   [Inner 135.4] cost=829.00 no_imp=6/20 (còn 884s)
2026-04-04 09:36:05,219 -   [Inner 135.5] cost=829.00 no_imp=8/20 (còn 884s)
2026-04-04 09:36:05,452 -   [Inner 135.6] cost=829.00 no_imp=10/20 (còn 884s)
2026-04-04 09:36:05,687 -   [Inner 135.7] cost=829.00 no_imp=12/20 (còn 884s)
2026-04-04 09:36:05,919 -   [Inner 135.8] cost=829.00 no_imp=14/20 (còn 883s)
2026-04-04 09:36:06,153 -   [Inner 135.9] cost=829.00 no_imp=16/20 (còn 883s)
2026-04-04 09:36:06,386 -   [Inner 135.10] cost=829.00 no_imp=18/20 (còn 883s)
2026-04-04 09:36:06,619 -   [Outer 135] Chạy Pairwise MaxSAT...
2026-04-04 09:36:06,619 -   [Outer] Không cải thiện (streak=134)
2026-04-04 09:36:06,619 - === OUTER 136 | cost=829.00 no_imp_streak=134 (còn 883s) ===
2026-04-04 09:36:06,619 -   [Inner 136.1] cost=829.00 no_imp=0/20 (còn 883s)
2026-04-04 09:36:06,850 -   [Inner 136.2] cost=829.00 no_imp=2/20 (còn 882s)
2026-04-04 09:36:07,086 -   [Inner 136.3] cost=829.00 no_imp=4/20 (còn 882s)
2026-04-04 09:36:07,324 -   [Inner 136.4] cost=829.00 no_imp=6/20 (còn 882s)
2026-04-04 09:36:07,557 -   [Inner 136.5] cost=829.00 no_imp=8/20 (còn 882s)
2026-04-04 09:36:07,789 -   [Inner 136.6] cost=829.00 no_imp=10/20 (còn 881s)
2026-04-04 09:36:08,021 -   [Inner 136.7] cost=829.00 no_imp=12/20 (còn 881s)
2026-04-04 09:36:08,254 -   [Inner 136.8] cost=829.00 no_imp=14/20 (còn 881s)
2026-04-04 09:36:08,485 -   [Inner 136.9] cost=829.00 no_imp=16/20 (còn 881s)
2026-04-04 09:36:08,720 -   [Inner 136.10] cost=829.00 no_imp=18/20 (còn 881s)
2026-04-04 09:36:08,955 -   [Outer 136] Chạy Pairwise MaxSAT...
2026-04-04 09:36:08,956 -   [Outer] Không cải thiện (streak=135)
2026-04-04 09:36:08,956 - === OUTER 137 | cost=829.00 no_imp_streak=135 (còn 880s) ===
2026-04-04 09:36:08,956 -   [Inner 137.1] cost=829.00 no_imp=0/20 (còn 880s)
2026-04-04 09:36:09,189 -   [Inner 137.2] cost=829.00 no_imp=2/20 (còn 880s)
2026-04-04 09:36:09,425 -   [Inner 137.3] cost=829.00 no_imp=4/20 (còn 880s)
2026-04-04 09:36:09,659 -   [Inner 137.4] cost=829.00 no_imp=6/20 (còn 880s)
2026-04-04 09:36:09,890 -   [Inner 137.5] cost=829.00 no_imp=8/20 (còn 879s)
2026-04-04 09:36:10,122 -   [Inner 137.6] cost=829.00 no_imp=10/20 (còn 879s)
2026-04-04 09:36:10,356 -   [Inner 137.7] cost=829.00 no_imp=12/20 (còn 879s)
2026-04-04 09:36:10,586 -   [Inner 137.8] cost=829.00 no_imp=14/20 (còn 879s)
2026-04-04 09:36:10,820 -   [Inner 137.9] cost=829.00 no_imp=16/20 (còn 878s)
2026-04-04 09:36:11,053 -   [Inner 137.10] cost=829.00 no_imp=18/20 (còn 878s)
2026-04-04 09:36:11,288 -   [Outer 137] Chạy Pairwise MaxSAT...
2026-04-04 09:36:11,288 -   [Outer] Không cải thiện (streak=136)
2026-04-04 09:36:11,288 - === OUTER 138 | cost=829.00 no_imp_streak=136 (còn 878s) ===
2026-04-04 09:36:11,288 -   [Inner 138.1] cost=829.00 no_imp=0/20 (còn 878s)
2026-04-04 09:36:11,522 -   [Inner 138.2] cost=829.00 no_imp=2/20 (còn 878s)
2026-04-04 09:36:11,754 -   [Inner 138.3] cost=829.00 no_imp=4/20 (còn 877s)
2026-04-04 09:36:11,988 -   [Inner 138.4] cost=829.00 no_imp=6/20 (còn 877s)
2026-04-04 09:36:12,222 -   [Inner 138.5] cost=829.00 no_imp=8/20 (còn 877s)
2026-04-04 09:36:12,456 -   [Inner 138.6] cost=829.00 no_imp=10/20 (còn 877s)
2026-04-04 09:36:12,688 -   [Inner 138.7] cost=829.00 no_imp=12/20 (còn 877s)
2026-04-04 09:36:12,922 -   [Inner 138.8] cost=829.00 no_imp=14/20 (còn 876s)
2026-04-04 09:36:13,157 -   [Inner 138.9] cost=829.00 no_imp=16/20 (còn 876s)
2026-04-04 09:36:13,395 -   [Inner 138.10] cost=829.00 no_imp=18/20 (còn 876s)
2026-04-04 09:36:13,626 -   [Outer 138] Chạy Pairwise MaxSAT...
2026-04-04 09:36:13,627 -   [Outer] Không cải thiện (streak=137)
2026-04-04 09:36:13,627 - === OUTER 139 | cost=829.00 no_imp_streak=137 (còn 876s) ===
2026-04-04 09:36:13,627 -   [Inner 139.1] cost=829.00 no_imp=0/20 (còn 876s)
2026-04-04 09:36:13,859 -   [Inner 139.2] cost=829.00 no_imp=2/20 (còn 875s)
2026-04-04 09:36:14,090 -   [Inner 139.3] cost=829.00 no_imp=4/20 (còn 875s)
2026-04-04 09:36:14,322 -   [Inner 139.4] cost=829.00 no_imp=6/20 (còn 875s)
2026-04-04 09:36:14,554 -   [Inner 139.5] cost=829.00 no_imp=8/20 (còn 875s)
2026-04-04 09:36:14,786 -   [Inner 139.6] cost=829.00 no_imp=10/20 (còn 874s)
2026-04-04 09:36:15,018 -   [Inner 139.7] cost=829.00 no_imp=12/20 (còn 874s)
2026-04-04 09:36:15,250 -   [Inner 139.8] cost=829.00 no_imp=14/20 (còn 874s)
2026-04-04 09:36:15,488 -   [Inner 139.9] cost=829.00 no_imp=16/20 (còn 874s)
2026-04-04 09:36:15,721 -   [Inner 139.10] cost=829.00 no_imp=18/20 (còn 874s)
2026-04-04 09:36:15,957 -   [Outer 139] Chạy Pairwise MaxSAT...
2026-04-04 09:36:15,958 -   [Outer] Không cải thiện (streak=138)
2026-04-04 09:36:15,958 - === OUTER 140 | cost=829.00 no_imp_streak=138 (còn 873s) ===
2026-04-04 09:36:15,958 -   [Inner 140.1] cost=829.00 no_imp=0/20 (còn 873s)
2026-04-04 09:36:16,193 -   [Inner 140.2] cost=829.00 no_imp=2/20 (còn 873s)
2026-04-04 09:36:16,424 -   [Inner 140.3] cost=829.00 no_imp=4/20 (còn 873s)
2026-04-04 09:36:16,657 -   [Inner 140.4] cost=829.00 no_imp=6/20 (còn 873s)
2026-04-04 09:36:16,892 -   [Inner 140.5] cost=829.00 no_imp=8/20 (còn 872s)
2026-04-04 09:36:17,123 -   [Inner 140.6] cost=829.00 no_imp=10/20 (còn 872s)
2026-04-04 09:36:17,362 -   [Inner 140.7] cost=829.00 no_imp=12/20 (còn 872s)
2026-04-04 09:36:17,594 -   [Inner 140.8] cost=829.00 no_imp=14/20 (còn 872s)
2026-04-04 09:36:17,826 -   [Inner 140.9] cost=829.00 no_imp=16/20 (còn 871s)
2026-04-04 09:36:18,059 -   [Inner 140.10] cost=829.00 no_imp=18/20 (còn 871s)
2026-04-04 09:36:18,290 -   [Outer 140] Chạy Pairwise MaxSAT...
2026-04-04 09:36:18,291 -   [Outer] Không cải thiện (streak=139)
2026-04-04 09:36:18,291 - === OUTER 141 | cost=829.00 no_imp_streak=139 (còn 871s) ===
2026-04-04 09:36:18,291 -   [Inner 141.1] cost=829.00 no_imp=0/20 (còn 871s)
2026-04-04 09:36:18,522 -   [Inner 141.2] cost=829.00 no_imp=2/20 (còn 871s)
2026-04-04 09:36:18,754 -   [Inner 141.3] cost=829.00 no_imp=4/20 (còn 870s)
2026-04-04 09:36:18,984 -   [Inner 141.4] cost=829.00 no_imp=6/20 (còn 870s)
2026-04-04 09:36:19,220 -   [Inner 141.5] cost=829.00 no_imp=8/20 (còn 870s)
2026-04-04 09:36:19,457 -   [Inner 141.6] cost=829.00 no_imp=10/20 (còn 870s)
2026-04-04 09:36:19,688 -   [Inner 141.7] cost=829.00 no_imp=12/20 (còn 870s)
2026-04-04 09:36:19,923 -   [Inner 141.8] cost=829.00 no_imp=14/20 (còn 869s)
2026-04-04 09:36:20,156 -   [Inner 141.9] cost=829.00 no_imp=16/20 (còn 869s)
2026-04-04 09:36:20,391 -   [Inner 141.10] cost=829.00 no_imp=18/20 (còn 869s)
2026-04-04 09:36:20,624 -   [Outer 141] Chạy Pairwise MaxSAT...
2026-04-04 09:36:20,625 -   [Outer] Không cải thiện (streak=140)
2026-04-04 09:36:20,625 - === OUTER 142 | cost=829.00 no_imp_streak=140 (còn 869s) ===
2026-04-04 09:36:20,625 -   [Inner 142.1] cost=829.00 no_imp=0/20 (còn 869s)
2026-04-04 09:36:20,860 -   [Inner 142.2] cost=829.00 no_imp=2/20 (còn 868s)
2026-04-04 09:36:21,093 -   [Inner 142.3] cost=829.00 no_imp=4/20 (còn 868s)
2026-04-04 09:36:21,325 -   [Inner 142.4] cost=829.00 no_imp=6/20 (còn 868s)
2026-04-04 09:36:21,563 -   [Inner 142.5] cost=829.00 no_imp=8/20 (còn 868s)
2026-04-04 09:36:21,795 -   [Inner 142.6] cost=829.00 no_imp=10/20 (còn 867s)
2026-04-04 09:36:22,028 -   [Inner 142.7] cost=829.00 no_imp=12/20 (còn 867s)
2026-04-04 09:36:22,262 -   [Inner 142.8] cost=829.00 no_imp=14/20 (còn 867s)
2026-04-04 09:36:22,495 -   [Inner 142.9] cost=829.00 no_imp=16/20 (còn 867s)
2026-04-04 09:36:22,726 -   [Inner 142.10] cost=829.00 no_imp=18/20 (còn 867s)
2026-04-04 09:36:22,959 -   [Outer 142] Chạy Pairwise MaxSAT...
2026-04-04 09:36:22,960 -   [Outer] Không cải thiện (streak=141)
2026-04-04 09:36:22,960 - === OUTER 143 | cost=829.00 no_imp_streak=141 (còn 866s) ===
2026-04-04 09:36:22,960 -   [Inner 143.1] cost=829.00 no_imp=0/20 (còn 866s)
2026-04-04 09:36:23,191 -   [Inner 143.2] cost=829.00 no_imp=2/20 (còn 866s)
2026-04-04 09:36:23,432 -   [Inner 143.3] cost=829.00 no_imp=4/20 (còn 866s)
2026-04-04 09:36:23,667 -   [Inner 143.4] cost=829.00 no_imp=6/20 (còn 866s)
2026-04-04 09:36:23,899 -   [Inner 143.5] cost=829.00 no_imp=8/20 (còn 865s)
2026-04-04 09:36:24,134 -   [Inner 143.6] cost=829.00 no_imp=10/20 (còn 865s)
2026-04-04 09:36:24,368 -   [Inner 143.7] cost=829.00 no_imp=12/20 (còn 865s)
2026-04-04 09:36:24,600 -   [Inner 143.8] cost=829.00 no_imp=14/20 (còn 865s)
2026-04-04 09:36:24,834 -   [Inner 143.9] cost=829.00 no_imp=16/20 (còn 864s)
2026-04-04 09:36:25,063 -   [Inner 143.10] cost=829.00 no_imp=18/20 (còn 864s)
2026-04-04 09:36:25,297 -   [Outer 143] Chạy Pairwise MaxSAT...
2026-04-04 09:36:25,297 -   [Outer] Không cải thiện (streak=142)
2026-04-04 09:36:25,298 - === OUTER 144 | cost=829.00 no_imp_streak=142 (còn 864s) ===
2026-04-04 09:36:25,298 -   [Inner 144.1] cost=829.00 no_imp=0/20 (còn 864s)
2026-04-04 09:36:25,532 -   [Inner 144.2] cost=829.00 no_imp=2/20 (còn 864s)
2026-04-04 09:36:25,767 -   [Inner 144.3] cost=829.00 no_imp=4/20 (còn 863s)
2026-04-04 09:36:26,000 -   [Inner 144.4] cost=829.00 no_imp=6/20 (còn 863s)
2026-04-04 09:36:26,233 -   [Inner 144.5] cost=829.00 no_imp=8/20 (còn 863s)
2026-04-04 09:36:26,467 -   [Inner 144.6] cost=829.00 no_imp=10/20 (còn 863s)
2026-04-04 09:36:26,701 -   [Inner 144.7] cost=829.00 no_imp=12/20 (còn 863s)
2026-04-04 09:36:26,933 -   [Inner 144.8] cost=829.00 no_imp=14/20 (còn 862s)
2026-04-04 09:36:27,169 -   [Inner 144.9] cost=829.00 no_imp=16/20 (còn 862s)
2026-04-04 09:36:27,404 -   [Inner 144.10] cost=829.00 no_imp=18/20 (còn 862s)
2026-04-04 09:36:27,642 -   [Outer 144] Chạy Pairwise MaxSAT...
2026-04-04 09:36:27,642 -   [Outer] Không cải thiện (streak=143)
2026-04-04 09:36:27,642 - === OUTER 145 | cost=829.00 no_imp_streak=143 (còn 862s) ===
2026-04-04 09:36:27,642 -   [Inner 145.1] cost=829.00 no_imp=0/20 (còn 862s)
2026-04-04 09:36:27,877 -   [Inner 145.2] cost=829.00 no_imp=2/20 (còn 861s)
2026-04-04 09:36:28,109 -   [Inner 145.3] cost=829.00 no_imp=4/20 (còn 861s)
2026-04-04 09:36:28,342 -   [Inner 145.4] cost=829.00 no_imp=6/20 (còn 861s)
2026-04-04 09:36:28,572 -   [Inner 145.5] cost=829.00 no_imp=8/20 (còn 861s)
2026-04-04 09:36:28,805 -   [Inner 145.6] cost=829.00 no_imp=10/20 (còn 860s)
2026-04-04 09:36:29,036 -   [Inner 145.7] cost=829.00 no_imp=12/20 (còn 860s)
2026-04-04 09:36:29,267 -   [Inner 145.8] cost=829.00 no_imp=14/20 (còn 860s)
2026-04-04 09:36:29,506 -   [Inner 145.9] cost=829.00 no_imp=16/20 (còn 860s)
2026-04-04 09:36:29,742 -   [Inner 145.10] cost=829.00 no_imp=18/20 (còn 859s)
2026-04-04 09:36:29,975 -   [Outer 145] Chạy Pairwise MaxSAT...
2026-04-04 09:36:29,976 -   [Outer] Không cải thiện (streak=144)
2026-04-04 09:36:29,976 - === OUTER 146 | cost=829.00 no_imp_streak=144 (còn 859s) ===
2026-04-04 09:36:29,976 -   [Inner 146.1] cost=829.00 no_imp=0/20 (còn 859s)
2026-04-04 09:36:30,209 -   [Inner 146.2] cost=829.00 no_imp=2/20 (còn 859s)
2026-04-04 09:36:30,440 -   [Inner 146.3] cost=829.00 no_imp=4/20 (còn 859s)
2026-04-04 09:36:30,672 -   [Inner 146.4] cost=829.00 no_imp=6/20 (còn 859s)
2026-04-04 09:36:30,905 -   [Inner 146.5] cost=829.00 no_imp=8/20 (còn 858s)
2026-04-04 09:36:31,138 -   [Inner 146.6] cost=829.00 no_imp=10/20 (còn 858s)
2026-04-04 09:36:31,370 -   [Inner 146.7] cost=829.00 no_imp=12/20 (còn 858s)
2026-04-04 09:36:31,609 -   [Inner 146.8] cost=829.00 no_imp=14/20 (còn 858s)
2026-04-04 09:36:31,847 -   [Inner 146.9] cost=829.00 no_imp=16/20 (còn 857s)
2026-04-04 09:36:32,081 -   [Inner 146.10] cost=829.00 no_imp=18/20 (còn 857s)
2026-04-04 09:36:32,314 -   [Outer 146] Chạy Pairwise MaxSAT...
2026-04-04 09:36:32,315 -   [Outer] Không cải thiện (streak=145)
2026-04-04 09:36:32,315 - === OUTER 147 | cost=829.00 no_imp_streak=145 (còn 857s) ===
2026-04-04 09:36:32,315 -   [Inner 147.1] cost=829.00 no_imp=0/20 (còn 857s)
2026-04-04 09:36:32,547 -   [Inner 147.2] cost=829.00 no_imp=2/20 (còn 857s)
2026-04-04 09:36:32,779 -   [Inner 147.3] cost=829.00 no_imp=4/20 (còn 856s)
2026-04-04 09:36:33,016 -   [Inner 147.4] cost=829.00 no_imp=6/20 (còn 856s)
2026-04-04 09:36:33,248 -   [Inner 147.5] cost=829.00 no_imp=8/20 (còn 856s)
2026-04-04 09:36:33,482 -   [Inner 147.6] cost=829.00 no_imp=10/20 (còn 856s)
2026-04-04 09:36:33,720 -   [Inner 147.7] cost=829.00 no_imp=12/20 (còn 856s)
2026-04-04 09:36:33,956 -   [Inner 147.8] cost=829.00 no_imp=14/20 (còn 855s)
2026-04-04 09:36:34,190 -   [Inner 147.9] cost=829.00 no_imp=16/20 (còn 855s)
2026-04-04 09:36:34,424 -   [Inner 147.10] cost=829.00 no_imp=18/20 (còn 855s)
2026-04-04 09:36:34,657 -   [Outer 147] Chạy Pairwise MaxSAT...
2026-04-04 09:36:34,658 -   [Outer] Không cải thiện (streak=146)
2026-04-04 09:36:34,658 - === OUTER 148 | cost=829.00 no_imp_streak=146 (còn 855s) ===
2026-04-04 09:36:34,658 -   [Inner 148.1] cost=829.00 no_imp=0/20 (còn 855s)
2026-04-04 09:36:34,891 -   [Inner 148.2] cost=829.00 no_imp=2/20 (còn 854s)
2026-04-04 09:36:35,126 -   [Inner 148.3] cost=829.00 no_imp=4/20 (còn 854s)
2026-04-04 09:36:35,357 -   [Inner 148.4] cost=829.00 no_imp=6/20 (còn 854s)
2026-04-04 09:36:35,592 -   [Inner 148.5] cost=829.00 no_imp=8/20 (còn 854s)
2026-04-04 09:36:35,825 -   [Inner 148.6] cost=829.00 no_imp=10/20 (còn 853s)
2026-04-04 09:36:36,059 -   [Inner 148.7] cost=829.00 no_imp=12/20 (còn 853s)
2026-04-04 09:36:36,293 -   [Inner 148.8] cost=829.00 no_imp=14/20 (còn 853s)
2026-04-04 09:36:36,523 -   [Inner 148.9] cost=829.00 no_imp=16/20 (còn 853s)
2026-04-04 09:36:36,756 -   [Inner 148.10] cost=829.00 no_imp=18/20 (còn 852s)
2026-04-04 09:36:36,988 -   [Outer 148] Chạy Pairwise MaxSAT...
2026-04-04 09:36:36,989 -   [Outer] Không cải thiện (streak=147)
2026-04-04 09:36:36,989 - === OUTER 149 | cost=829.00 no_imp_streak=147 (còn 852s) ===
2026-04-04 09:36:36,989 -   [Inner 149.1] cost=829.00 no_imp=0/20 (còn 852s)
2026-04-04 09:36:37,223 -   [Inner 149.2] cost=829.00 no_imp=2/20 (còn 852s)
2026-04-04 09:36:37,451 -   [Inner 149.3] cost=829.00 no_imp=4/20 (còn 852s)
2026-04-04 09:36:37,689 -   [Inner 149.4] cost=829.00 no_imp=6/20 (còn 852s)
2026-04-04 09:36:37,925 -   [Inner 149.5] cost=829.00 no_imp=8/20 (còn 851s)
2026-04-04 09:36:38,157 -   [Inner 149.6] cost=829.00 no_imp=10/20 (còn 851s)
2026-04-04 09:36:38,394 -   [Inner 149.7] cost=829.00 no_imp=12/20 (còn 851s)
2026-04-04 09:36:38,627 -   [Inner 149.8] cost=829.00 no_imp=14/20 (còn 851s)
2026-04-04 09:36:38,858 -   [Inner 149.9] cost=829.00 no_imp=16/20 (còn 850s)
2026-04-04 09:36:39,090 -   [Inner 149.10] cost=829.00 no_imp=18/20 (còn 850s)
2026-04-04 09:36:39,324 -   [Outer 149] Chạy Pairwise MaxSAT...
2026-04-04 09:36:39,324 -   [Outer] Không cải thiện (streak=148)
2026-04-04 09:36:39,324 - === OUTER 150 | cost=829.00 no_imp_streak=148 (còn 850s) ===
2026-04-04 09:36:39,324 -   [Inner 150.1] cost=829.00 no_imp=0/20 (còn 850s)
2026-04-04 09:36:39,554 -   [Inner 150.2] cost=829.00 no_imp=2/20 (còn 850s)
2026-04-04 09:36:39,789 -   [Inner 150.3] cost=829.00 no_imp=4/20 (còn 849s)
2026-04-04 09:36:40,019 -   [Inner 150.4] cost=829.00 no_imp=6/20 (còn 849s)
2026-04-04 09:36:40,250 -   [Inner 150.5] cost=829.00 no_imp=8/20 (còn 849s)
2026-04-04 09:36:40,482 -   [Inner 150.6] cost=829.00 no_imp=10/20 (còn 849s)
2026-04-04 09:36:40,714 -   [Inner 150.7] cost=829.00 no_imp=12/20 (còn 849s)
2026-04-04 09:36:40,950 -   [Inner 150.8] cost=829.00 no_imp=14/20 (còn 848s)
2026-04-04 09:36:41,181 -   [Inner 150.9] cost=829.00 no_imp=16/20 (còn 848s)
2026-04-04 09:36:41,416 -   [Inner 150.10] cost=829.00 no_imp=18/20 (còn 848s)
2026-04-04 09:36:41,654 -   [Outer 150] Chạy Pairwise MaxSAT...
2026-04-04 09:36:41,654 -   [Outer] Không cải thiện (streak=149)
2026-04-04 09:36:41,654 - Hoàn thành. cost=829.00 | time=352.4s | s_imp=3 s_to=0 | p_imp=0 p_to=0
2026-04-04 09:36:41,654 - ======================================================================
2026-04-04 09:36:41,655 - CW=936 → 2opt=875 → MaxSAT=829
2026-04-04 09:36:41,655 - Cải thiện so CW: 107
2026-04-04 09:36:41,655 - Total time: 352.4s
2026-04-04 09:36:41,655 - Verified cost: 829
2026-04-04 09:36:41,656 - ======================================================================
2026-04-04 09:36:41,656 - FILE: B-n35-k5.vrp
2026-04-04 09:36:41,656 - ======================================================================
2026-04-04 09:36:41,658 - Dim=35 K=5 Cap=100
2026-04-04 09:36:41,658 - --- Clarke-Wright ---
2026-04-04 09:36:41,659 -   cost=1016 time=0.00s
2026-04-04 09:36:41,659 - --- Two-Opt ---
2026-04-04 09:36:41,661 -   cost=973 time=0.00s
2026-04-04 09:36:41,661 - --- MaxSAT (2-tầng) ---
2026-04-04 09:36:41,661 - =========================================
2026-04-04 09:36:41,661 - BẮT ĐẦU OPTIMIZE (MaxSAT-RC2, 2-tầng)
2026-04-04 09:36:41,661 -   max_single=8  s_to=40.0s
2026-04-04 09:36:41,661 -   max_pair=8  p_to=30.0s
2026-04-04 09:36:41,661 -   n_pairs=3
2026-04-04 09:36:41,661 -   inner_patience=20  outer_patience=999
2026-04-04 09:36:41,661 -   global_timeout=1200.0s
2026-04-04 09:36:41,661 -   start_cost=973.00
2026-04-04 09:36:41,661 - =========================================
2026-04-04 09:36:41,661 - === OUTER 1 | cost=973.00 no_imp_streak=0 (còn 1200s) ===
2026-04-04 09:36:41,661 -   [Inner 1.1] cost=973.00 no_imp=0/20 (còn 1200s)
2026-04-04 09:36:41,666 -     [P1] Relocate → 971.00
2026-04-04 09:36:41,786 -     [P3] Single +1
2026-04-04 09:36:41,786 -     → INNER BEST = 970.00
2026-04-04 09:36:41,786 -   [Inner 1.2] cost=970.00 no_imp=0/20 (còn 1200s)
2026-04-04 09:36:41,873 -   [Inner 1.3] cost=970.00 no_imp=2/20 (còn 1200s)
2026-04-04 09:36:41,960 -   [Inner 1.4] cost=970.00 no_imp=4/20 (còn 1200s)
2026-04-04 09:36:42,048 -   [Inner 1.5] cost=970.00 no_imp=6/20 (còn 1200s)
2026-04-04 09:36:42,168 -   [Inner 1.6] cost=970.00 no_imp=8/20 (còn 1199s)
2026-04-04 09:36:42,254 -   [Inner 1.7] cost=970.00 no_imp=10/20 (còn 1199s)
2026-04-04 09:36:42,341 -   [Inner 1.8] cost=970.00 no_imp=12/20 (còn 1199s)
2026-04-04 09:36:42,427 -   [Inner 1.9] cost=970.00 no_imp=14/20 (còn 1199s)
2026-04-04 09:36:42,513 -   [Inner 1.10] cost=970.00 no_imp=16/20 (còn 1199s)
2026-04-04 09:36:42,600 -   [Inner 1.11] cost=970.00 no_imp=18/20 (còn 1199s)
2026-04-04 09:36:42,688 -   [Outer] Inner cải thiện → best=970.00
2026-04-04 09:36:42,688 -   [Outer 1] Chạy Pairwise MaxSAT...
2026-04-04 09:36:42,689 - === OUTER 2 | cost=970.00 no_imp_streak=0 (còn 1199s) ===
2026-04-04 09:36:42,689 -   [Inner 2.1] cost=970.00 no_imp=0/20 (còn 1199s)
2026-04-04 09:36:42,776 -   [Inner 2.2] cost=970.00 no_imp=2/20 (còn 1199s)
2026-04-04 09:36:42,862 -   [Inner 2.3] cost=970.00 no_imp=4/20 (còn 1199s)
2026-04-04 09:36:42,948 -   [Inner 2.4] cost=970.00 no_imp=6/20 (còn 1199s)
2026-04-04 09:36:43,034 -   [Inner 2.5] cost=970.00 no_imp=8/20 (còn 1199s)
2026-04-04 09:36:43,120 -   [Inner 2.6] cost=970.00 no_imp=10/20 (còn 1199s)
2026-04-04 09:36:43,206 -   [Inner 2.7] cost=970.00 no_imp=12/20 (còn 1198s)
2026-04-04 09:36:43,294 -   [Inner 2.8] cost=970.00 no_imp=14/20 (còn 1198s)
2026-04-04 09:36:43,380 -   [Inner 2.9] cost=970.00 no_imp=16/20 (còn 1198s)
2026-04-04 09:36:43,466 -   [Inner 2.10] cost=970.00 no_imp=18/20 (còn 1198s)
2026-04-04 09:36:43,552 -   [Outer 2] Chạy Pairwise MaxSAT...
2026-04-04 09:36:43,553 -   [Outer] Không cải thiện (streak=1)
2026-04-04 09:36:43,553 - === OUTER 3 | cost=970.00 no_imp_streak=1 (còn 1198s) ===
2026-04-04 09:36:43,553 -   [Inner 3.1] cost=970.00 no_imp=0/20 (còn 1198s)
2026-04-04 09:36:43,639 -   [Inner 3.2] cost=970.00 no_imp=2/20 (còn 1198s)
2026-04-04 09:36:43,728 -   [Inner 3.3] cost=970.00 no_imp=4/20 (còn 1198s)
2026-04-04 09:36:43,815 -   [Inner 3.4] cost=970.00 no_imp=6/20 (còn 1198s)
2026-04-04 09:36:43,900 -   [Inner 3.5] cost=970.00 no_imp=8/20 (còn 1198s)
2026-04-04 09:36:43,986 -   [Inner 3.6] cost=970.00 no_imp=10/20 (còn 1198s)
2026-04-04 09:36:44,073 -   [Inner 3.7] cost=970.00 no_imp=12/20 (còn 1198s)
2026-04-04 09:36:44,160 -   [Inner 3.8] cost=970.00 no_imp=14/20 (còn 1198s)
2026-04-04 09:36:44,247 -   [Inner 3.9] cost=970.00 no_imp=16/20 (còn 1197s)
2026-04-04 09:36:44,333 -   [Inner 3.10] cost=970.00 no_imp=18/20 (còn 1197s)
2026-04-04 09:36:44,419 -   [Outer 3] Chạy Pairwise MaxSAT...
2026-04-04 09:36:44,419 -   [Outer] Không cải thiện (streak=2)
2026-04-04 09:36:44,419 - === OUTER 4 | cost=970.00 no_imp_streak=2 (còn 1197s) ===
2026-04-04 09:36:44,420 -   [Inner 4.1] cost=970.00 no_imp=0/20 (còn 1197s)
2026-04-04 09:36:44,505 -   [Inner 4.2] cost=970.00 no_imp=2/20 (còn 1197s)
2026-04-04 09:36:44,592 -   [Inner 4.3] cost=970.00 no_imp=4/20 (còn 1197s)
2026-04-04 09:36:44,678 -   [Inner 4.4] cost=970.00 no_imp=6/20 (còn 1197s)
2026-04-04 09:36:44,764 -   [Inner 4.5] cost=970.00 no_imp=8/20 (còn 1197s)
2026-04-04 09:36:44,851 -   [Inner 4.6] cost=970.00 no_imp=10/20 (còn 1197s)
2026-04-04 09:36:44,938 -   [Inner 4.7] cost=970.00 no_imp=12/20 (còn 1197s)
2026-04-04 09:36:45,024 -   [Inner 4.8] cost=970.00 no_imp=14/20 (còn 1197s)
2026-04-04 09:36:45,110 -   [Inner 4.9] cost=970.00 no_imp=16/20 (còn 1197s)
2026-04-04 09:36:45,197 -   [Inner 4.10] cost=970.00 no_imp=18/20 (còn 1196s)
2026-04-04 09:36:45,284 -   [Outer 4] Chạy Pairwise MaxSAT...
2026-04-04 09:36:45,284 -   [Outer] Không cải thiện (streak=3)
2026-04-04 09:36:45,284 - === OUTER 5 | cost=970.00 no_imp_streak=3 (còn 1196s) ===
2026-04-04 09:36:45,284 -   [Inner 5.1] cost=970.00 no_imp=0/20 (còn 1196s)
2026-04-04 09:36:45,370 -   [Inner 5.2] cost=970.00 no_imp=2/20 (còn 1196s)
2026-04-04 09:36:45,456 -   [Inner 5.3] cost=970.00 no_imp=4/20 (còn 1196s)
2026-04-04 09:36:45,543 -   [Inner 5.4] cost=970.00 no_imp=6/20 (còn 1196s)
2026-04-04 09:36:45,629 -   [Inner 5.5] cost=970.00 no_imp=8/20 (còn 1196s)
2026-04-04 09:36:45,716 -   [Inner 5.6] cost=970.00 no_imp=10/20 (còn 1196s)
2026-04-04 09:36:45,803 -   [Inner 5.7] cost=970.00 no_imp=12/20 (còn 1196s)
2026-04-04 09:36:45,890 -   [Inner 5.8] cost=970.00 no_imp=14/20 (còn 1196s)
2026-04-04 09:36:45,975 -   [Inner 5.9] cost=970.00 no_imp=16/20 (còn 1196s)
2026-04-04 09:36:46,061 -   [Inner 5.10] cost=970.00 no_imp=18/20 (còn 1196s)
2026-04-04 09:36:46,147 -   [Outer 5] Chạy Pairwise MaxSAT...
2026-04-04 09:36:46,147 -   [Outer] Không cải thiện (streak=4)
2026-04-04 09:36:46,148 - === OUTER 6 | cost=970.00 no_imp_streak=4 (còn 1196s) ===
2026-04-04 09:36:46,148 -   [Inner 6.1] cost=970.00 no_imp=0/20 (còn 1196s)
2026-04-04 09:36:46,234 -   [Inner 6.2] cost=970.00 no_imp=2/20 (còn 1195s)
2026-04-04 09:36:46,321 -   [Inner 6.3] cost=970.00 no_imp=4/20 (còn 1195s)
2026-04-04 09:36:46,407 -   [Inner 6.4] cost=970.00 no_imp=6/20 (còn 1195s)
2026-04-04 09:36:46,492 -   [Inner 6.5] cost=970.00 no_imp=8/20 (còn 1195s)
2026-04-04 09:36:46,578 -   [Inner 6.6] cost=970.00 no_imp=10/20 (còn 1195s)
2026-04-04 09:36:46,664 -   [Inner 6.7] cost=970.00 no_imp=12/20 (còn 1195s)
2026-04-04 09:36:46,751 -   [Inner 6.8] cost=970.00 no_imp=14/20 (còn 1195s)
2026-04-04 09:36:46,837 -   [Inner 6.9] cost=970.00 no_imp=16/20 (còn 1195s)
2026-04-04 09:36:46,923 -   [Inner 6.10] cost=970.00 no_imp=18/20 (còn 1195s)
2026-04-04 09:36:47,009 -   [Outer 6] Chạy Pairwise MaxSAT...
2026-04-04 09:36:47,009 -   [Outer] Không cải thiện (streak=5)
2026-04-04 09:36:47,009 - === OUTER 7 | cost=970.00 no_imp_streak=5 (còn 1195s) ===
2026-04-04 09:36:47,009 -   [Inner 7.1] cost=970.00 no_imp=0/20 (còn 1195s)
2026-04-04 09:36:47,095 -   [Inner 7.2] cost=970.00 no_imp=2/20 (còn 1195s)
2026-04-04 09:36:47,180 -   [Inner 7.3] cost=970.00 no_imp=4/20 (còn 1194s)
2026-04-04 09:36:47,266 -   [Inner 7.4] cost=970.00 no_imp=6/20 (còn 1194s)
2026-04-04 09:36:47,352 -   [Inner 7.5] cost=970.00 no_imp=8/20 (còn 1194s)
2026-04-04 09:36:47,438 -   [Inner 7.6] cost=970.00 no_imp=10/20 (còn 1194s)
2026-04-04 09:36:47,524 -   [Inner 7.7] cost=970.00 no_imp=12/20 (còn 1194s)
2026-04-04 09:36:47,611 -   [Inner 7.8] cost=970.00 no_imp=14/20 (còn 1194s)
2026-04-04 09:36:47,702 -   [Inner 7.9] cost=970.00 no_imp=16/20 (còn 1194s)
2026-04-04 09:36:47,792 -   [Inner 7.10] cost=970.00 no_imp=18/20 (còn 1194s)
2026-04-04 09:36:47,878 -   [Outer 7] Chạy Pairwise MaxSAT...
2026-04-04 09:36:47,879 -   [Outer] Không cải thiện (streak=6)
2026-04-04 09:36:47,879 - === OUTER 8 | cost=970.00 no_imp_streak=6 (còn 1194s) ===
2026-04-04 09:36:47,879 -   [Inner 8.1] cost=970.00 no_imp=0/20 (còn 1194s)
2026-04-04 09:36:47,966 -   [Inner 8.2] cost=970.00 no_imp=2/20 (còn 1194s)
2026-04-04 09:36:48,052 -   [Inner 8.3] cost=970.00 no_imp=4/20 (còn 1194s)
2026-04-04 09:36:48,137 -   [Inner 8.4] cost=970.00 no_imp=6/20 (còn 1194s)
2026-04-04 09:36:48,224 -   [Inner 8.5] cost=970.00 no_imp=8/20 (còn 1193s)
2026-04-04 09:36:48,311 -   [Inner 8.6] cost=970.00 no_imp=10/20 (còn 1193s)
2026-04-04 09:36:48,397 -   [Inner 8.7] cost=970.00 no_imp=12/20 (còn 1193s)
2026-04-04 09:36:48,483 -   [Inner 8.8] cost=970.00 no_imp=14/20 (còn 1193s)
2026-04-04 09:36:48,570 -   [Inner 8.9] cost=970.00 no_imp=16/20 (còn 1193s)
2026-04-04 09:36:48,655 -   [Inner 8.10] cost=970.00 no_imp=18/20 (còn 1193s)
2026-04-04 09:36:48,743 -   [Outer 8] Chạy Pairwise MaxSAT...
2026-04-04 09:36:48,743 -   [Outer] Không cải thiện (streak=7)
2026-04-04 09:36:48,744 - === OUTER 9 | cost=970.00 no_imp_streak=7 (còn 1193s) ===
2026-04-04 09:36:48,744 -   [Inner 9.1] cost=970.00 no_imp=0/20 (còn 1193s)
2026-04-04 09:36:48,830 -   [Inner 9.2] cost=970.00 no_imp=2/20 (còn 1193s)
2026-04-04 09:36:48,916 -   [Inner 9.3] cost=970.00 no_imp=4/20 (còn 1193s)
2026-04-04 09:36:49,002 -   [Inner 9.4] cost=970.00 no_imp=6/20 (còn 1193s)
2026-04-04 09:36:49,088 -   [Inner 9.5] cost=970.00 no_imp=8/20 (còn 1193s)
2026-04-04 09:36:49,176 -   [Inner 9.6] cost=970.00 no_imp=10/20 (còn 1192s)
2026-04-04 09:36:49,263 -   [Inner 9.7] cost=970.00 no_imp=12/20 (còn 1192s)
2026-04-04 09:36:49,350 -   [Inner 9.8] cost=970.00 no_imp=14/20 (còn 1192s)
2026-04-04 09:36:49,436 -   [Inner 9.9] cost=970.00 no_imp=16/20 (còn 1192s)
2026-04-04 09:36:49,521 -   [Inner 9.10] cost=970.00 no_imp=18/20 (còn 1192s)
2026-04-04 09:36:49,607 -   [Outer 9] Chạy Pairwise MaxSAT...
2026-04-04 09:36:49,608 -   [Outer] Không cải thiện (streak=8)
2026-04-04 09:36:49,608 - === OUTER 10 | cost=970.00 no_imp_streak=8 (còn 1192s) ===
2026-04-04 09:36:49,608 -   [Inner 10.1] cost=970.00 no_imp=0/20 (còn 1192s)
2026-04-04 09:36:49,694 -   [Inner 10.2] cost=970.00 no_imp=2/20 (còn 1192s)
2026-04-04 09:36:49,784 -   [Inner 10.3] cost=970.00 no_imp=4/20 (còn 1192s)
2026-04-04 09:36:49,870 -   [Inner 10.4] cost=970.00 no_imp=6/20 (còn 1192s)
2026-04-04 09:36:49,956 -   [Inner 10.5] cost=970.00 no_imp=8/20 (còn 1192s)
2026-04-04 09:36:50,043 -   [Inner 10.6] cost=970.00 no_imp=10/20 (còn 1192s)
2026-04-04 09:36:50,129 -   [Inner 10.7] cost=970.00 no_imp=12/20 (còn 1192s)
2026-04-04 09:36:50,215 -   [Inner 10.8] cost=970.00 no_imp=14/20 (còn 1191s)
2026-04-04 09:36:50,302 -   [Inner 10.9] cost=970.00 no_imp=16/20 (còn 1191s)
2026-04-04 09:36:50,390 -   [Inner 10.10] cost=970.00 no_imp=18/20 (còn 1191s)
2026-04-04 09:36:50,476 -   [Outer 10] Chạy Pairwise MaxSAT...
2026-04-04 09:36:50,476 -   [Outer] Không cải thiện (streak=9)
2026-04-04 09:36:50,476 - === OUTER 11 | cost=970.00 no_imp_streak=9 (còn 1191s) ===
2026-04-04 09:36:50,476 -   [Inner 11.1] cost=970.00 no_imp=0/20 (còn 1191s)
2026-04-04 09:36:50,561 -   [Inner 11.2] cost=970.00 no_imp=2/20 (còn 1191s)
2026-04-04 09:36:50,647 -   [Inner 11.3] cost=970.00 no_imp=4/20 (còn 1191s)
2026-04-04 09:36:50,734 -   [Inner 11.4] cost=970.00 no_imp=6/20 (còn 1191s)
2026-04-04 09:36:50,820 -   [Inner 11.5] cost=970.00 no_imp=8/20 (còn 1191s)
2026-04-04 09:36:50,906 -   [Inner 11.6] cost=970.00 no_imp=10/20 (còn 1191s)
2026-04-04 09:36:50,995 -   [Inner 11.7] cost=970.00 no_imp=12/20 (còn 1191s)
2026-04-04 09:36:51,084 -   [Inner 11.8] cost=970.00 no_imp=14/20 (còn 1191s)
2026-04-04 09:36:51,171 -   [Inner 11.9] cost=970.00 no_imp=16/20 (còn 1190s)
2026-04-04 09:36:51,257 -   [Inner 11.10] cost=970.00 no_imp=18/20 (còn 1190s)
2026-04-04 09:36:51,343 -   [Outer 11] Chạy Pairwise MaxSAT...
2026-04-04 09:36:51,343 -   [Outer] Không cải thiện (streak=10)
2026-04-04 09:36:51,344 - === OUTER 12 | cost=970.00 no_imp_streak=10 (còn 1190s) ===
2026-04-04 09:36:51,344 -   [Inner 12.1] cost=970.00 no_imp=0/20 (còn 1190s)
2026-04-04 09:36:51,429 -   [Inner 12.2] cost=970.00 no_imp=2/20 (còn 1190s)
2026-04-04 09:36:51,516 -   [Inner 12.3] cost=970.00 no_imp=4/20 (còn 1190s)
2026-04-04 09:36:51,603 -   [Inner 12.4] cost=970.00 no_imp=6/20 (còn 1190s)
2026-04-04 09:36:51,689 -   [Inner 12.5] cost=970.00 no_imp=8/20 (còn 1190s)
2026-04-04 09:36:51,780 -   [Inner 12.6] cost=970.00 no_imp=10/20 (còn 1190s)
2026-04-04 09:36:51,867 -   [Inner 12.7] cost=970.00 no_imp=12/20 (còn 1190s)
2026-04-04 09:36:51,952 -   [Inner 12.8] cost=970.00 no_imp=14/20 (còn 1190s)
2026-04-04 09:36:52,039 -   [Inner 12.9] cost=970.00 no_imp=16/20 (còn 1190s)
2026-04-04 09:36:52,125 -   [Inner 12.10] cost=970.00 no_imp=18/20 (còn 1190s)
2026-04-04 09:36:52,212 -   [Outer 12] Chạy Pairwise MaxSAT...
2026-04-04 09:36:52,213 -   [Outer] Không cải thiện (streak=11)
2026-04-04 09:36:52,213 - === OUTER 13 | cost=970.00 no_imp_streak=11 (còn 1189s) ===
2026-04-04 09:36:52,213 -   [Inner 13.1] cost=970.00 no_imp=0/20 (còn 1189s)
2026-04-04 09:36:52,299 -   [Inner 13.2] cost=970.00 no_imp=2/20 (còn 1189s)
2026-04-04 09:36:52,385 -   [Inner 13.3] cost=970.00 no_imp=4/20 (còn 1189s)
2026-04-04 09:36:52,472 -   [Inner 13.4] cost=970.00 no_imp=6/20 (còn 1189s)
2026-04-04 09:36:52,557 -   [Inner 13.5] cost=970.00 no_imp=8/20 (còn 1189s)
2026-04-04 09:36:52,642 -   [Inner 13.6] cost=970.00 no_imp=10/20 (còn 1189s)
2026-04-04 09:36:52,728 -   [Inner 13.7] cost=970.00 no_imp=12/20 (còn 1189s)
2026-04-04 09:36:52,816 -   [Inner 13.8] cost=970.00 no_imp=14/20 (còn 1189s)
2026-04-04 09:36:52,902 -   [Inner 13.9] cost=970.00 no_imp=16/20 (còn 1189s)
2026-04-04 09:36:52,988 -   [Inner 13.10] cost=970.00 no_imp=18/20 (còn 1189s)
2026-04-04 09:36:53,074 -   [Outer 13] Chạy Pairwise MaxSAT...
2026-04-04 09:36:53,074 -   [Outer] Không cải thiện (streak=12)
2026-04-04 09:36:53,075 - === OUTER 14 | cost=970.00 no_imp_streak=12 (còn 1189s) ===
2026-04-04 09:36:53,075 -   [Inner 14.1] cost=970.00 no_imp=0/20 (còn 1189s)
2026-04-04 09:36:53,160 -   [Inner 14.2] cost=970.00 no_imp=2/20 (còn 1189s)
2026-04-04 09:36:53,247 -   [Inner 14.3] cost=970.00 no_imp=4/20 (còn 1188s)
2026-04-04 09:36:53,333 -   [Inner 14.4] cost=970.00 no_imp=6/20 (còn 1188s)
2026-04-04 09:36:53,421 -   [Inner 14.5] cost=970.00 no_imp=8/20 (còn 1188s)
2026-04-04 09:36:53,507 -   [Inner 14.6] cost=970.00 no_imp=10/20 (còn 1188s)
2026-04-04 09:36:53,593 -   [Inner 14.7] cost=970.00 no_imp=12/20 (còn 1188s)
2026-04-04 09:36:53,679 -   [Inner 14.8] cost=970.00 no_imp=14/20 (còn 1188s)
2026-04-04 09:36:53,765 -   [Inner 14.9] cost=970.00 no_imp=16/20 (còn 1188s)
2026-04-04 09:36:53,854 -   [Inner 14.10] cost=970.00 no_imp=18/20 (còn 1188s)
2026-04-04 09:36:53,941 -   [Outer 14] Chạy Pairwise MaxSAT...
2026-04-04 09:36:53,941 -   [Outer] Không cải thiện (streak=13)
2026-04-04 09:36:53,941 - === OUTER 15 | cost=970.00 no_imp_streak=13 (còn 1188s) ===
2026-04-04 09:36:53,942 -   [Inner 15.1] cost=970.00 no_imp=0/20 (còn 1188s)
2026-04-04 09:36:54,028 -   [Inner 15.2] cost=970.00 no_imp=2/20 (còn 1188s)
2026-04-04 09:36:54,114 -   [Inner 15.3] cost=970.00 no_imp=4/20 (còn 1188s)
2026-04-04 09:36:54,200 -   [Inner 15.4] cost=970.00 no_imp=6/20 (còn 1187s)
2026-04-04 09:36:54,286 -   [Inner 15.5] cost=970.00 no_imp=8/20 (còn 1187s)
2026-04-04 09:36:54,372 -   [Inner 15.6] cost=970.00 no_imp=10/20 (còn 1187s)
2026-04-04 09:36:54,458 -   [Inner 15.7] cost=970.00 no_imp=12/20 (còn 1187s)
2026-04-04 09:36:54,545 -   [Inner 15.8] cost=970.00 no_imp=14/20 (còn 1187s)
2026-04-04 09:36:54,631 -   [Inner 15.9] cost=970.00 no_imp=16/20 (còn 1187s)
2026-04-04 09:36:54,717 -   [Inner 15.10] cost=970.00 no_imp=18/20 (còn 1187s)
2026-04-04 09:36:54,803 -   [Outer 15] Chạy Pairwise MaxSAT...
2026-04-04 09:36:54,804 -   [Outer] Không cải thiện (streak=14)
2026-04-04 09:36:54,804 - === OUTER 16 | cost=970.00 no_imp_streak=14 (còn 1187s) ===
2026-04-04 09:36:54,804 -   [Inner 16.1] cost=970.00 no_imp=0/20 (còn 1187s)
2026-04-04 09:36:54,890 -   [Inner 16.2] cost=970.00 no_imp=2/20 (còn 1187s)
2026-04-04 09:36:54,975 -   [Inner 16.3] cost=970.00 no_imp=4/20 (còn 1187s)
2026-04-04 09:36:55,061 -   [Inner 16.4] cost=970.00 no_imp=6/20 (còn 1187s)
2026-04-04 09:36:55,148 -   [Inner 16.5] cost=970.00 no_imp=8/20 (còn 1187s)
2026-04-04 09:36:55,235 -   [Inner 16.6] cost=970.00 no_imp=10/20 (còn 1186s)
2026-04-04 09:36:55,321 -   [Inner 16.7] cost=970.00 no_imp=12/20 (còn 1186s)
2026-04-04 09:36:55,407 -   [Inner 16.8] cost=970.00 no_imp=14/20 (còn 1186s)
2026-04-04 09:36:55,494 -   [Inner 16.9] cost=970.00 no_imp=16/20 (còn 1186s)
2026-04-04 09:36:55,580 -   [Inner 16.10] cost=970.00 no_imp=18/20 (còn 1186s)
2026-04-04 09:36:55,665 -   [Outer 16] Chạy Pairwise MaxSAT...
2026-04-04 09:36:55,666 -   [Outer] Không cải thiện (streak=15)
2026-04-04 09:36:55,666 - === OUTER 17 | cost=970.00 no_imp_streak=15 (còn 1186s) ===
2026-04-04 09:36:55,666 -   [Inner 17.1] cost=970.00 no_imp=0/20 (còn 1186s)
2026-04-04 09:36:55,752 -   [Inner 17.2] cost=970.00 no_imp=2/20 (còn 1186s)
2026-04-04 09:36:55,842 -   [Inner 17.3] cost=970.00 no_imp=4/20 (còn 1186s)
2026-04-04 09:36:55,928 -   [Inner 17.4] cost=970.00 no_imp=6/20 (còn 1186s)
2026-04-04 09:36:56,015 -   [Inner 17.5] cost=970.00 no_imp=8/20 (còn 1186s)
2026-04-04 09:36:56,100 -   [Inner 17.6] cost=970.00 no_imp=10/20 (còn 1186s)
2026-04-04 09:36:56,186 -   [Inner 17.7] cost=970.00 no_imp=12/20 (còn 1185s)
2026-04-04 09:36:56,273 -   [Inner 17.8] cost=970.00 no_imp=14/20 (còn 1185s)
2026-04-04 09:36:56,359 -   [Inner 17.9] cost=970.00 no_imp=16/20 (còn 1185s)
2026-04-04 09:36:56,446 -   [Inner 17.10] cost=970.00 no_imp=18/20 (còn 1185s)
2026-04-04 09:36:56,533 -   [Outer 17] Chạy Pairwise MaxSAT...
2026-04-04 09:36:56,533 -   [Outer] Không cải thiện (streak=16)
2026-04-04 09:36:56,533 - === OUTER 18 | cost=970.00 no_imp_streak=16 (còn 1185s) ===
2026-04-04 09:36:56,533 -   [Inner 18.1] cost=970.00 no_imp=0/20 (còn 1185s)
2026-04-04 09:36:56,620 -   [Inner 18.2] cost=970.00 no_imp=2/20 (còn 1185s)
2026-04-04 09:36:56,706 -   [Inner 18.3] cost=970.00 no_imp=4/20 (còn 1185s)
2026-04-04 09:36:56,792 -   [Inner 18.4] cost=970.00 no_imp=6/20 (còn 1185s)
2026-04-04 09:36:56,879 -   [Inner 18.5] cost=970.00 no_imp=8/20 (còn 1185s)
2026-04-04 09:36:56,967 -   [Inner 18.6] cost=970.00 no_imp=10/20 (còn 1185s)
2026-04-04 09:36:57,052 -   [Inner 18.7] cost=970.00 no_imp=12/20 (còn 1185s)
2026-04-04 09:36:57,139 -   [Inner 18.8] cost=970.00 no_imp=14/20 (còn 1185s)
2026-04-04 09:36:57,224 -   [Inner 18.9] cost=970.00 no_imp=16/20 (còn 1184s)
2026-04-04 09:36:57,311 -   [Inner 18.10] cost=970.00 no_imp=18/20 (còn 1184s)
2026-04-04 09:36:57,397 -   [Outer 18] Chạy Pairwise MaxSAT...
2026-04-04 09:36:57,398 -   [Outer] Không cải thiện (streak=17)
2026-04-04 09:36:57,398 - === OUTER 19 | cost=970.00 no_imp_streak=17 (còn 1184s) ===
2026-04-04 09:36:57,398 -   [Inner 19.1] cost=970.00 no_imp=0/20 (còn 1184s)
2026-04-04 09:36:57,484 -   [Inner 19.2] cost=970.00 no_imp=2/20 (còn 1184s)
2026-04-04 09:36:57,570 -   [Inner 19.3] cost=970.00 no_imp=4/20 (còn 1184s)
2026-04-04 09:36:57,655 -   [Inner 19.4] cost=970.00 no_imp=6/20 (còn 1184s)
2026-04-04 09:36:57,742 -   [Inner 19.5] cost=970.00 no_imp=8/20 (còn 1184s)
2026-04-04 09:36:57,828 -   [Inner 19.6] cost=970.00 no_imp=10/20 (còn 1184s)
2026-04-04 09:36:57,916 -   [Inner 19.7] cost=970.00 no_imp=12/20 (còn 1184s)
2026-04-04 09:36:58,002 -   [Inner 19.8] cost=970.00 no_imp=14/20 (còn 1184s)
2026-04-04 09:36:58,088 -   [Inner 19.9] cost=970.00 no_imp=16/20 (còn 1184s)
2026-04-04 09:36:58,175 -   [Inner 19.10] cost=970.00 no_imp=18/20 (còn 1183s)
2026-04-04 09:36:58,262 -   [Outer 19] Chạy Pairwise MaxSAT...
2026-04-04 09:36:58,262 -   [Outer] Không cải thiện (streak=18)
2026-04-04 09:36:58,262 - === OUTER 20 | cost=970.00 no_imp_streak=18 (còn 1183s) ===
2026-04-04 09:36:58,262 -   [Inner 20.1] cost=970.00 no_imp=0/20 (còn 1183s)
2026-04-04 09:36:58,349 -   [Inner 20.2] cost=970.00 no_imp=2/20 (còn 1183s)
2026-04-04 09:36:58,435 -   [Inner 20.3] cost=970.00 no_imp=4/20 (còn 1183s)
2026-04-04 09:36:58,520 -   [Inner 20.4] cost=970.00 no_imp=6/20 (còn 1183s)
2026-04-04 09:36:58,607 -   [Inner 20.5] cost=970.00 no_imp=8/20 (còn 1183s)
2026-04-04 09:36:58,692 -   [Inner 20.6] cost=970.00 no_imp=10/20 (còn 1183s)
2026-04-04 09:36:58,831 -   [Inner 20.7] cost=970.00 no_imp=12/20 (còn 1183s)
2026-04-04 09:36:58,916 -   [Inner 20.8] cost=970.00 no_imp=14/20 (còn 1183s)
2026-04-04 09:36:59,003 -   [Inner 20.9] cost=970.00 no_imp=16/20 (còn 1183s)
2026-04-04 09:36:59,089 -   [Inner 20.10] cost=970.00 no_imp=18/20 (còn 1183s)
2026-04-04 09:36:59,174 -   [Outer 20] Chạy Pairwise MaxSAT...
2026-04-04 09:36:59,174 -   [Outer] Không cải thiện (streak=19)
2026-04-04 09:36:59,175 - === OUTER 21 | cost=970.00 no_imp_streak=19 (còn 1182s) ===
2026-04-04 09:36:59,175 -   [Inner 21.1] cost=970.00 no_imp=0/20 (còn 1182s)
2026-04-04 09:36:59,261 -   [Inner 21.2] cost=970.00 no_imp=2/20 (còn 1182s)
2026-04-04 09:36:59,348 -   [Inner 21.3] cost=970.00 no_imp=4/20 (còn 1182s)
2026-04-04 09:36:59,433 -   [Inner 21.4] cost=970.00 no_imp=6/20 (còn 1182s)
2026-04-04 09:36:59,519 -   [Inner 21.5] cost=970.00 no_imp=8/20 (còn 1182s)
2026-04-04 09:36:59,606 -   [Inner 21.6] cost=970.00 no_imp=10/20 (còn 1182s)
2026-04-04 09:36:59,692 -   [Inner 21.7] cost=970.00 no_imp=12/20 (còn 1182s)
2026-04-04 09:36:59,778 -   [Inner 21.8] cost=970.00 no_imp=14/20 (còn 1182s)
2026-04-04 09:36:59,865 -   [Inner 21.9] cost=970.00 no_imp=16/20 (còn 1182s)
2026-04-04 09:36:59,953 -   [Inner 21.10] cost=970.00 no_imp=18/20 (còn 1182s)
2026-04-04 09:37:00,039 -   [Outer 21] Chạy Pairwise MaxSAT...
2026-04-04 09:37:00,040 -   [Outer] Không cải thiện (streak=20)
2026-04-04 09:37:00,040 - === OUTER 22 | cost=970.00 no_imp_streak=20 (còn 1182s) ===
2026-04-04 09:37:00,040 -   [Inner 22.1] cost=970.00 no_imp=0/20 (còn 1182s)
2026-04-04 09:37:00,126 -   [Inner 22.2] cost=970.00 no_imp=2/20 (còn 1182s)
2026-04-04 09:37:00,213 -   [Inner 22.3] cost=970.00 no_imp=4/20 (còn 1181s)
2026-04-04 09:37:00,300 -   [Inner 22.4] cost=970.00 no_imp=6/20 (còn 1181s)
2026-04-04 09:37:00,387 -   [Inner 22.5] cost=970.00 no_imp=8/20 (còn 1181s)
2026-04-04 09:37:00,474 -   [Inner 22.6] cost=970.00 no_imp=10/20 (còn 1181s)
2026-04-04 09:37:00,560 -   [Inner 22.7] cost=970.00 no_imp=12/20 (còn 1181s)
2026-04-04 09:37:00,646 -   [Inner 22.8] cost=970.00 no_imp=14/20 (còn 1181s)
2026-04-04 09:37:00,732 -   [Inner 22.9] cost=970.00 no_imp=16/20 (còn 1181s)
2026-04-04 09:37:00,818 -   [Inner 22.10] cost=970.00 no_imp=18/20 (còn 1181s)
2026-04-04 09:37:00,904 -   [Outer 22] Chạy Pairwise MaxSAT...
2026-04-04 09:37:00,905 -   [Outer] Không cải thiện (streak=21)
2026-04-04 09:37:00,905 - === OUTER 23 | cost=970.00 no_imp_streak=21 (còn 1181s) ===
2026-04-04 09:37:00,905 -   [Inner 23.1] cost=970.00 no_imp=0/20 (còn 1181s)
2026-04-04 09:37:00,992 -   [Inner 23.2] cost=970.00 no_imp=2/20 (còn 1181s)
2026-04-04 09:37:01,078 -   [Inner 23.3] cost=970.00 no_imp=4/20 (còn 1181s)
2026-04-04 09:37:01,164 -   [Inner 23.4] cost=970.00 no_imp=6/20 (còn 1180s)
2026-04-04 09:37:01,250 -   [Inner 23.5] cost=970.00 no_imp=8/20 (còn 1180s)
2026-04-04 09:37:01,335 -   [Inner 23.6] cost=970.00 no_imp=10/20 (còn 1180s)
2026-04-04 09:37:01,422 -   [Inner 23.7] cost=970.00 no_imp=12/20 (còn 1180s)
2026-04-04 09:37:01,509 -   [Inner 23.8] cost=970.00 no_imp=14/20 (còn 1180s)
2026-04-04 09:37:01,595 -   [Inner 23.9] cost=970.00 no_imp=16/20 (còn 1180s)
2026-04-04 09:37:01,684 -   [Inner 23.10] cost=970.00 no_imp=18/20 (còn 1180s)
2026-04-04 09:37:01,777 -   [Outer 23] Chạy Pairwise MaxSAT...
2026-04-04 09:37:01,778 -   [Outer] Không cải thiện (streak=22)
2026-04-04 09:37:01,778 - === OUTER 24 | cost=970.00 no_imp_streak=22 (còn 1180s) ===
2026-04-04 09:37:01,778 -   [Inner 24.1] cost=970.00 no_imp=0/20 (còn 1180s)
2026-04-04 09:37:01,872 -   [Inner 24.2] cost=970.00 no_imp=2/20 (còn 1180s)
2026-04-04 09:37:01,962 -   [Inner 24.3] cost=970.00 no_imp=4/20 (còn 1180s)
2026-04-04 09:37:02,047 -   [Inner 24.4] cost=970.00 no_imp=6/20 (còn 1180s)
2026-04-04 09:37:02,134 -   [Inner 24.5] cost=970.00 no_imp=8/20 (còn 1180s)
2026-04-04 09:37:02,220 -   [Inner 24.6] cost=970.00 no_imp=10/20 (còn 1179s)
2026-04-04 09:37:02,306 -   [Inner 24.7] cost=970.00 no_imp=12/20 (còn 1179s)
2026-04-04 09:37:02,393 -   [Inner 24.8] cost=970.00 no_imp=14/20 (còn 1179s)
2026-04-04 09:37:02,480 -   [Inner 24.9] cost=970.00 no_imp=16/20 (còn 1179s)
2026-04-04 09:37:02,566 -   [Inner 24.10] cost=970.00 no_imp=18/20 (còn 1179s)
2026-04-04 09:37:02,652 -   [Outer 24] Chạy Pairwise MaxSAT...
2026-04-04 09:37:02,652 -   [Outer] Không cải thiện (streak=23)
2026-04-04 09:37:02,652 - === OUTER 25 | cost=970.00 no_imp_streak=23 (còn 1179s) ===
2026-04-04 09:37:02,653 -   [Inner 25.1] cost=970.00 no_imp=0/20 (còn 1179s)
2026-04-04 09:37:02,738 -   [Inner 25.2] cost=970.00 no_imp=2/20 (còn 1179s)
2026-04-04 09:37:02,824 -   [Inner 25.3] cost=970.00 no_imp=4/20 (còn 1179s)
2026-04-04 09:37:02,911 -   [Inner 25.4] cost=970.00 no_imp=6/20 (còn 1179s)
2026-04-04 09:37:02,999 -   [Inner 25.5] cost=970.00 no_imp=8/20 (còn 1179s)
2026-04-04 09:37:03,084 -   [Inner 25.6] cost=970.00 no_imp=10/20 (còn 1179s)
2026-04-04 09:37:03,170 -   [Inner 25.7] cost=970.00 no_imp=12/20 (còn 1178s)
2026-04-04 09:37:03,257 -   [Inner 25.8] cost=970.00 no_imp=14/20 (còn 1178s)
2026-04-04 09:37:03,343 -   [Inner 25.9] cost=970.00 no_imp=16/20 (còn 1178s)
2026-04-04 09:37:03,430 -   [Inner 25.10] cost=970.00 no_imp=18/20 (còn 1178s)
2026-04-04 09:37:03,517 -   [Outer 25] Chạy Pairwise MaxSAT...
2026-04-04 09:37:03,517 -   [Outer] Không cải thiện (streak=24)
2026-04-04 09:37:03,517 - === OUTER 26 | cost=970.00 no_imp_streak=24 (còn 1178s) ===
2026-04-04 09:37:03,518 -   [Inner 26.1] cost=970.00 no_imp=0/20 (còn 1178s)
2026-04-04 09:37:03,604 -   [Inner 26.2] cost=970.00 no_imp=2/20 (còn 1178s)
2026-04-04 09:37:03,691 -   [Inner 26.3] cost=970.00 no_imp=4/20 (còn 1178s)
2026-04-04 09:37:03,777 -   [Inner 26.4] cost=970.00 no_imp=6/20 (còn 1178s)
2026-04-04 09:37:03,864 -   [Inner 26.5] cost=970.00 no_imp=8/20 (còn 1178s)
2026-04-04 09:37:03,952 -   [Inner 26.6] cost=970.00 no_imp=10/20 (còn 1178s)
2026-04-04 09:37:04,037 -   [Inner 26.7] cost=970.00 no_imp=12/20 (còn 1178s)
2026-04-04 09:37:04,124 -   [Inner 26.8] cost=970.00 no_imp=14/20 (còn 1178s)
2026-04-04 09:37:04,211 -   [Inner 26.9] cost=970.00 no_imp=16/20 (còn 1177s)
2026-04-04 09:37:04,297 -   [Inner 26.10] cost=970.00 no_imp=18/20 (còn 1177s)
2026-04-04 09:37:04,383 -   [Outer 26] Chạy Pairwise MaxSAT...
2026-04-04 09:37:04,384 -   [Outer] Không cải thiện (streak=25)
2026-04-04 09:37:04,384 - === OUTER 27 | cost=970.00 no_imp_streak=25 (còn 1177s) ===
2026-04-04 09:37:04,384 -   [Inner 27.1] cost=970.00 no_imp=0/20 (còn 1177s)
2026-04-04 09:37:04,471 -   [Inner 27.2] cost=970.00 no_imp=2/20 (còn 1177s)
2026-04-04 09:37:04,556 -   [Inner 27.3] cost=970.00 no_imp=4/20 (còn 1177s)
2026-04-04 09:37:04,642 -   [Inner 27.4] cost=970.00 no_imp=6/20 (còn 1177s)
2026-04-04 09:37:04,728 -   [Inner 27.5] cost=970.00 no_imp=8/20 (còn 1177s)
2026-04-04 09:37:04,816 -   [Inner 27.6] cost=970.00 no_imp=10/20 (còn 1177s)
2026-04-04 09:37:04,901 -   [Inner 27.7] cost=970.00 no_imp=12/20 (còn 1177s)
2026-04-04 09:37:04,987 -   [Inner 27.8] cost=970.00 no_imp=14/20 (còn 1177s)
2026-04-04 09:37:05,077 -   [Inner 27.9] cost=970.00 no_imp=16/20 (còn 1177s)
2026-04-04 09:37:05,163 -   [Inner 27.10] cost=970.00 no_imp=18/20 (còn 1176s)
2026-04-04 09:37:05,252 -   [Outer 27] Chạy Pairwise MaxSAT...
2026-04-04 09:37:05,252 -   [Outer] Không cải thiện (streak=26)
2026-04-04 09:37:05,252 - === OUTER 28 | cost=970.00 no_imp_streak=26 (còn 1176s) ===
2026-04-04 09:37:05,252 -   [Inner 28.1] cost=970.00 no_imp=0/20 (còn 1176s)
2026-04-04 09:37:05,339 -   [Inner 28.2] cost=970.00 no_imp=2/20 (còn 1176s)
2026-04-04 09:37:05,425 -   [Inner 28.3] cost=970.00 no_imp=4/20 (còn 1176s)
2026-04-04 09:37:05,511 -   [Inner 28.4] cost=970.00 no_imp=6/20 (còn 1176s)
2026-04-04 09:37:05,597 -   [Inner 28.5] cost=970.00 no_imp=8/20 (còn 1176s)
2026-04-04 09:37:05,684 -   [Inner 28.6] cost=970.00 no_imp=10/20 (còn 1176s)
2026-04-04 09:37:05,770 -   [Inner 28.7] cost=970.00 no_imp=12/20 (còn 1176s)
2026-04-04 09:37:05,857 -   [Inner 28.8] cost=970.00 no_imp=14/20 (còn 1176s)
2026-04-04 09:37:05,944 -   [Inner 28.9] cost=970.00 no_imp=16/20 (còn 1176s)
2026-04-04 09:37:06,034 -   [Inner 28.10] cost=970.00 no_imp=18/20 (còn 1176s)
2026-04-04 09:37:06,120 -   [Outer 28] Chạy Pairwise MaxSAT...
2026-04-04 09:37:06,120 -   [Outer] Không cải thiện (streak=27)
2026-04-04 09:37:06,121 - === OUTER 29 | cost=970.00 no_imp_streak=27 (còn 1176s) ===
2026-04-04 09:37:06,121 -   [Inner 29.1] cost=970.00 no_imp=0/20 (còn 1176s)
2026-04-04 09:37:06,207 -   [Inner 29.2] cost=970.00 no_imp=2/20 (còn 1175s)
2026-04-04 09:37:06,295 -   [Inner 29.3] cost=970.00 no_imp=4/20 (còn 1175s)
2026-04-04 09:37:06,381 -   [Inner 29.4] cost=970.00 no_imp=6/20 (còn 1175s)
2026-04-04 09:37:06,467 -   [Inner 29.5] cost=970.00 no_imp=8/20 (còn 1175s)
2026-04-04 09:37:06,554 -   [Inner 29.6] cost=970.00 no_imp=10/20 (còn 1175s)
2026-04-04 09:37:06,641 -   [Inner 29.7] cost=970.00 no_imp=12/20 (còn 1175s)
2026-04-04 09:37:06,727 -   [Inner 29.8] cost=970.00 no_imp=14/20 (còn 1175s)
2026-04-04 09:37:06,812 -   [Inner 29.9] cost=970.00 no_imp=16/20 (còn 1175s)
2026-04-04 09:37:06,900 -   [Inner 29.10] cost=970.00 no_imp=18/20 (còn 1175s)
2026-04-04 09:37:06,986 -   [Outer 29] Chạy Pairwise MaxSAT...
2026-04-04 09:37:06,986 -   [Outer] Không cải thiện (streak=28)
2026-04-04 09:37:06,987 - === OUTER 30 | cost=970.00 no_imp_streak=28 (còn 1175s) ===
2026-04-04 09:37:06,987 -   [Inner 30.1] cost=970.00 no_imp=0/20 (còn 1175s)
2026-04-04 09:37:07,073 -   [Inner 30.2] cost=970.00 no_imp=2/20 (còn 1175s)
2026-04-04 09:37:07,160 -   [Inner 30.3] cost=970.00 no_imp=4/20 (còn 1175s)
2026-04-04 09:37:07,248 -   [Inner 30.4] cost=970.00 no_imp=6/20 (còn 1174s)
2026-04-04 09:37:07,334 -   [Inner 30.5] cost=970.00 no_imp=8/20 (còn 1174s)
2026-04-04 09:37:07,419 -   [Inner 30.6] cost=970.00 no_imp=10/20 (còn 1174s)
2026-04-04 09:37:07,505 -   [Inner 30.7] cost=970.00 no_imp=12/20 (còn 1174s)
2026-04-04 09:37:07,592 -   [Inner 30.8] cost=970.00 no_imp=14/20 (còn 1174s)
2026-04-04 09:37:07,678 -   [Inner 30.9] cost=970.00 no_imp=16/20 (còn 1174s)
2026-04-04 09:37:07,764 -   [Inner 30.10] cost=970.00 no_imp=18/20 (còn 1174s)
2026-04-04 09:37:07,850 -   [Outer 30] Chạy Pairwise MaxSAT...
2026-04-04 09:37:07,850 -   [Outer] Không cải thiện (streak=29)
2026-04-04 09:37:07,850 - === OUTER 31 | cost=970.00 no_imp_streak=29 (còn 1174s) ===
2026-04-04 09:37:07,851 -   [Inner 31.1] cost=970.00 no_imp=0/20 (còn 1174s)
2026-04-04 09:37:07,937 -   [Inner 31.2] cost=970.00 no_imp=2/20 (còn 1174s)
2026-04-04 09:37:08,026 -   [Inner 31.3] cost=970.00 no_imp=4/20 (còn 1174s)
2026-04-04 09:37:08,111 -   [Inner 31.4] cost=970.00 no_imp=6/20 (còn 1174s)
2026-04-04 09:37:08,197 -   [Inner 31.5] cost=970.00 no_imp=8/20 (còn 1173s)
2026-04-04 09:37:08,284 -   [Inner 31.6] cost=970.00 no_imp=10/20 (còn 1173s)
2026-04-04 09:37:08,370 -   [Inner 31.7] cost=970.00 no_imp=12/20 (còn 1173s)
2026-04-04 09:37:08,456 -   [Inner 31.8] cost=970.00 no_imp=14/20 (còn 1173s)
2026-04-04 09:37:08,541 -   [Inner 31.9] cost=970.00 no_imp=16/20 (còn 1173s)
2026-04-04 09:37:08,627 -   [Inner 31.10] cost=970.00 no_imp=18/20 (còn 1173s)
2026-04-04 09:37:08,713 -   [Outer 31] Chạy Pairwise MaxSAT...
2026-04-04 09:37:08,714 -   [Outer] Không cải thiện (streak=30)
2026-04-04 09:37:08,714 - === OUTER 32 | cost=970.00 no_imp_streak=30 (còn 1173s) ===
2026-04-04 09:37:08,714 -   [Inner 32.1] cost=970.00 no_imp=0/20 (còn 1173s)
2026-04-04 09:37:08,800 -   [Inner 32.2] cost=970.00 no_imp=2/20 (còn 1173s)
2026-04-04 09:37:08,886 -   [Inner 32.3] cost=970.00 no_imp=4/20 (còn 1173s)
2026-04-04 09:37:08,972 -   [Inner 32.4] cost=970.00 no_imp=6/20 (còn 1173s)
2026-04-04 09:37:09,060 -   [Inner 32.5] cost=970.00 no_imp=8/20 (còn 1173s)
2026-04-04 09:37:09,145 -   [Inner 32.6] cost=970.00 no_imp=10/20 (còn 1173s)
2026-04-04 09:37:09,232 -   [Inner 32.7] cost=970.00 no_imp=12/20 (còn 1172s)
2026-04-04 09:37:09,318 -   [Inner 32.8] cost=970.00 no_imp=14/20 (còn 1172s)
2026-04-04 09:37:09,405 -   [Inner 32.9] cost=970.00 no_imp=16/20 (còn 1172s)
2026-04-04 09:37:09,490 -   [Inner 32.10] cost=970.00 no_imp=18/20 (còn 1172s)
2026-04-04 09:37:09,577 -   [Outer 32] Chạy Pairwise MaxSAT...
2026-04-04 09:37:09,578 -   [Outer] Không cải thiện (streak=31)
2026-04-04 09:37:09,578 - === OUTER 33 | cost=970.00 no_imp_streak=31 (còn 1172s) ===
2026-04-04 09:37:09,578 -   [Inner 33.1] cost=970.00 no_imp=0/20 (còn 1172s)
2026-04-04 09:37:09,664 -   [Inner 33.2] cost=970.00 no_imp=2/20 (còn 1172s)
2026-04-04 09:37:09,750 -   [Inner 33.3] cost=970.00 no_imp=4/20 (còn 1172s)
2026-04-04 09:37:09,838 -   [Inner 33.4] cost=970.00 no_imp=6/20 (còn 1172s)
2026-04-04 09:37:09,923 -   [Inner 33.5] cost=970.00 no_imp=8/20 (còn 1172s)
2026-04-04 09:37:10,011 -   [Inner 33.6] cost=970.00 no_imp=10/20 (còn 1172s)
2026-04-04 09:37:10,099 -   [Inner 33.7] cost=970.00 no_imp=12/20 (còn 1172s)
2026-04-04 09:37:10,185 -   [Inner 33.8] cost=970.00 no_imp=14/20 (còn 1171s)
2026-04-04 09:37:10,271 -   [Inner 33.9] cost=970.00 no_imp=16/20 (còn 1171s)
2026-04-04 09:37:10,358 -   [Inner 33.10] cost=970.00 no_imp=18/20 (còn 1171s)
2026-04-04 09:37:10,444 -   [Outer 33] Chạy Pairwise MaxSAT...
2026-04-04 09:37:10,444 -   [Outer] Không cải thiện (streak=32)
2026-04-04 09:37:10,444 - === OUTER 34 | cost=970.00 no_imp_streak=32 (còn 1171s) ===
2026-04-04 09:37:10,444 -   [Inner 34.1] cost=970.00 no_imp=0/20 (còn 1171s)
2026-04-04 09:37:10,530 -   [Inner 34.2] cost=970.00 no_imp=2/20 (còn 1171s)
2026-04-04 09:37:10,616 -   [Inner 34.3] cost=970.00 no_imp=4/20 (còn 1171s)
2026-04-04 09:37:10,702 -   [Inner 34.4] cost=970.00 no_imp=6/20 (còn 1171s)
2026-04-04 09:37:10,790 -   [Inner 34.5] cost=970.00 no_imp=8/20 (còn 1171s)
2026-04-04 09:37:10,876 -   [Inner 34.6] cost=970.00 no_imp=10/20 (còn 1171s)
2026-04-04 09:37:10,962 -   [Inner 34.7] cost=970.00 no_imp=12/20 (còn 1171s)
2026-04-04 09:37:11,049 -   [Inner 34.8] cost=970.00 no_imp=14/20 (còn 1171s)
2026-04-04 09:37:11,136 -   [Inner 34.9] cost=970.00 no_imp=16/20 (còn 1171s)
2026-04-04 09:37:11,222 -   [Inner 34.10] cost=970.00 no_imp=18/20 (còn 1170s)
2026-04-04 09:37:11,308 -   [Outer 34] Chạy Pairwise MaxSAT...
2026-04-04 09:37:11,308 -   [Outer] Không cải thiện (streak=33)
2026-04-04 09:37:11,309 - === OUTER 35 | cost=970.00 no_imp_streak=33 (còn 1170s) ===
2026-04-04 09:37:11,309 -   [Inner 35.1] cost=970.00 no_imp=0/20 (còn 1170s)
2026-04-04 09:37:11,396 -   [Inner 35.2] cost=970.00 no_imp=2/20 (còn 1170s)
2026-04-04 09:37:11,482 -   [Inner 35.3] cost=970.00 no_imp=4/20 (còn 1170s)
2026-04-04 09:37:11,568 -   [Inner 35.4] cost=970.00 no_imp=6/20 (còn 1170s)
2026-04-04 09:37:11,654 -   [Inner 35.5] cost=970.00 no_imp=8/20 (còn 1170s)
2026-04-04 09:37:11,741 -   [Inner 35.6] cost=970.00 no_imp=10/20 (còn 1170s)
2026-04-04 09:37:11,827 -   [Inner 35.7] cost=970.00 no_imp=12/20 (còn 1170s)
2026-04-04 09:37:11,912 -   [Inner 35.8] cost=970.00 no_imp=14/20 (còn 1170s)
2026-04-04 09:37:11,999 -   [Inner 35.9] cost=970.00 no_imp=16/20 (còn 1170s)
2026-04-04 09:37:12,087 -   [Inner 35.10] cost=970.00 no_imp=18/20 (còn 1170s)
2026-04-04 09:37:12,173 -   [Outer 35] Chạy Pairwise MaxSAT...
2026-04-04 09:37:12,174 -   [Outer] Không cải thiện (streak=34)
2026-04-04 09:37:12,174 - === OUTER 36 | cost=970.00 no_imp_streak=34 (còn 1169s) ===
2026-04-04 09:37:12,174 -   [Inner 36.1] cost=970.00 no_imp=0/20 (còn 1169s)
2026-04-04 09:37:12,261 -   [Inner 36.2] cost=970.00 no_imp=2/20 (còn 1169s)
2026-04-04 09:37:12,347 -   [Inner 36.3] cost=970.00 no_imp=4/20 (còn 1169s)
2026-04-04 09:37:12,433 -   [Inner 36.4] cost=970.00 no_imp=6/20 (còn 1169s)
2026-04-04 09:37:12,519 -   [Inner 36.5] cost=970.00 no_imp=8/20 (còn 1169s)
2026-04-04 09:37:12,606 -   [Inner 36.6] cost=970.00 no_imp=10/20 (còn 1169s)
2026-04-04 09:37:12,692 -   [Inner 36.7] cost=970.00 no_imp=12/20 (còn 1169s)
2026-04-04 09:37:12,778 -   [Inner 36.8] cost=970.00 no_imp=14/20 (còn 1169s)
2026-04-04 09:37:12,865 -   [Inner 36.9] cost=970.00 no_imp=16/20 (còn 1169s)
2026-04-04 09:37:12,950 -   [Inner 36.10] cost=970.00 no_imp=18/20 (còn 1169s)
2026-04-04 09:37:13,036 -   [Outer 36] Chạy Pairwise MaxSAT...
2026-04-04 09:37:13,036 -   [Outer] Không cải thiện (streak=35)
2026-04-04 09:37:13,037 - === OUTER 37 | cost=970.00 no_imp_streak=35 (còn 1169s) ===
2026-04-04 09:37:13,037 -   [Inner 37.1] cost=970.00 no_imp=0/20 (còn 1169s)
2026-04-04 09:37:13,123 -   [Inner 37.2] cost=970.00 no_imp=2/20 (còn 1169s)
2026-04-04 09:37:13,210 -   [Inner 37.3] cost=970.00 no_imp=4/20 (còn 1168s)
2026-04-04 09:37:13,297 -   [Inner 37.4] cost=970.00 no_imp=6/20 (còn 1168s)
2026-04-04 09:37:13,383 -   [Inner 37.5] cost=970.00 no_imp=8/20 (còn 1168s)
2026-04-04 09:37:13,470 -   [Inner 37.6] cost=970.00 no_imp=10/20 (còn 1168s)
2026-04-04 09:37:13,556 -   [Inner 37.7] cost=970.00 no_imp=12/20 (còn 1168s)
2026-04-04 09:37:13,643 -   [Inner 37.8] cost=970.00 no_imp=14/20 (còn 1168s)
2026-04-04 09:37:13,729 -   [Inner 37.9] cost=970.00 no_imp=16/20 (còn 1168s)
2026-04-04 09:37:13,816 -   [Inner 37.10] cost=970.00 no_imp=18/20 (còn 1168s)
2026-04-04 09:37:13,902 -   [Outer 37] Chạy Pairwise MaxSAT...
2026-04-04 09:37:13,903 -   [Outer] Không cải thiện (streak=36)
2026-04-04 09:37:13,903 - === OUTER 38 | cost=970.00 no_imp_streak=36 (còn 1168s) ===
2026-04-04 09:37:13,903 -   [Inner 38.1] cost=970.00 no_imp=0/20 (còn 1168s)
2026-04-04 09:37:13,989 -   [Inner 38.2] cost=970.00 no_imp=2/20 (còn 1168s)
2026-04-04 09:37:14,077 -   [Inner 38.3] cost=970.00 no_imp=4/20 (còn 1168s)
2026-04-04 09:37:14,164 -   [Inner 38.4] cost=970.00 no_imp=6/20 (còn 1167s)
2026-04-04 09:37:14,250 -   [Inner 38.5] cost=970.00 no_imp=8/20 (còn 1167s)
2026-04-04 09:37:14,337 -   [Inner 38.6] cost=970.00 no_imp=10/20 (còn 1167s)
2026-04-04 09:37:14,424 -   [Inner 38.7] cost=970.00 no_imp=12/20 (còn 1167s)
2026-04-04 09:37:14,510 -   [Inner 38.8] cost=970.00 no_imp=14/20 (còn 1167s)
2026-04-04 09:37:14,596 -   [Inner 38.9] cost=970.00 no_imp=16/20 (còn 1167s)
2026-04-04 09:37:14,683 -   [Inner 38.10] cost=970.00 no_imp=18/20 (còn 1167s)
2026-04-04 09:37:14,769 -   [Outer 38] Chạy Pairwise MaxSAT...
2026-04-04 09:37:14,769 -   [Outer] Không cải thiện (streak=37)
2026-04-04 09:37:14,770 - === OUTER 39 | cost=970.00 no_imp_streak=37 (còn 1167s) ===
2026-04-04 09:37:14,770 -   [Inner 39.1] cost=970.00 no_imp=0/20 (còn 1167s)
2026-04-04 09:37:14,856 -   [Inner 39.2] cost=970.00 no_imp=2/20 (còn 1167s)
2026-04-04 09:37:14,943 -   [Inner 39.3] cost=970.00 no_imp=4/20 (còn 1167s)
2026-04-04 09:37:15,031 -   [Inner 39.4] cost=970.00 no_imp=6/20 (còn 1167s)
2026-04-04 09:37:15,117 -   [Inner 39.5] cost=970.00 no_imp=8/20 (còn 1167s)
2026-04-04 09:37:15,202 -   [Inner 39.6] cost=970.00 no_imp=10/20 (còn 1166s)
2026-04-04 09:37:15,289 -   [Inner 39.7] cost=970.00 no_imp=12/20 (còn 1166s)
2026-04-04 09:37:15,375 -   [Inner 39.8] cost=970.00 no_imp=14/20 (còn 1166s)
2026-04-04 09:37:15,462 -   [Inner 39.9] cost=970.00 no_imp=16/20 (còn 1166s)
2026-04-04 09:37:15,549 -   [Inner 39.10] cost=970.00 no_imp=18/20 (còn 1166s)
2026-04-04 09:37:15,634 -   [Outer 39] Chạy Pairwise MaxSAT...
2026-04-04 09:37:15,635 -   [Outer] Không cải thiện (streak=38)
2026-04-04 09:37:15,635 - === OUTER 40 | cost=970.00 no_imp_streak=38 (còn 1166s) ===
2026-04-04 09:37:15,635 -   [Inner 40.1] cost=970.00 no_imp=0/20 (còn 1166s)
2026-04-04 09:37:15,721 -   [Inner 40.2] cost=970.00 no_imp=2/20 (còn 1166s)
2026-04-04 09:37:15,807 -   [Inner 40.3] cost=970.00 no_imp=4/20 (còn 1166s)
2026-04-04 09:37:15,893 -   [Inner 40.4] cost=970.00 no_imp=6/20 (còn 1166s)
2026-04-04 09:37:15,979 -   [Inner 40.5] cost=970.00 no_imp=8/20 (còn 1166s)
2026-04-04 09:37:16,066 -   [Inner 40.6] cost=970.00 no_imp=10/20 (còn 1166s)
2026-04-04 09:37:16,154 -   [Inner 40.7] cost=970.00 no_imp=12/20 (còn 1166s)
2026-04-04 09:37:16,240 -   [Inner 40.8] cost=970.00 no_imp=14/20 (còn 1165s)
2026-04-04 09:37:16,326 -   [Inner 40.9] cost=970.00 no_imp=16/20 (còn 1165s)
2026-04-04 09:37:16,413 -   [Inner 40.10] cost=970.00 no_imp=18/20 (còn 1165s)
2026-04-04 09:37:16,549 -   [Outer 40] Chạy Pairwise MaxSAT...
2026-04-04 09:37:16,549 -   [Outer] Không cải thiện (streak=39)
2026-04-04 09:37:16,549 - === OUTER 41 | cost=970.00 no_imp_streak=39 (còn 1165s) ===
2026-04-04 09:37:16,549 -   [Inner 41.1] cost=970.00 no_imp=0/20 (còn 1165s)
2026-04-04 09:37:16,635 -   [Inner 41.2] cost=970.00 no_imp=2/20 (còn 1165s)
2026-04-04 09:37:16,721 -   [Inner 41.3] cost=970.00 no_imp=4/20 (còn 1165s)
2026-04-04 09:37:16,808 -   [Inner 41.4] cost=970.00 no_imp=6/20 (còn 1165s)
2026-04-04 09:37:16,894 -   [Inner 41.5] cost=970.00 no_imp=8/20 (còn 1165s)
2026-04-04 09:37:16,980 -   [Inner 41.6] cost=970.00 no_imp=10/20 (còn 1165s)
2026-04-04 09:37:17,067 -   [Inner 41.7] cost=970.00 no_imp=12/20 (còn 1165s)
2026-04-04 09:37:17,153 -   [Inner 41.8] cost=970.00 no_imp=14/20 (còn 1165s)
2026-04-04 09:37:17,239 -   [Inner 41.9] cost=970.00 no_imp=16/20 (còn 1164s)
2026-04-04 09:37:17,326 -   [Inner 41.10] cost=970.00 no_imp=18/20 (còn 1164s)
2026-04-04 09:37:17,414 -   [Outer 41] Chạy Pairwise MaxSAT...
2026-04-04 09:37:17,414 -   [Outer] Không cải thiện (streak=40)
2026-04-04 09:37:17,414 - === OUTER 42 | cost=970.00 no_imp_streak=40 (còn 1164s) ===
2026-04-04 09:37:17,414 -   [Inner 42.1] cost=970.00 no_imp=0/20 (còn 1164s)
2026-04-04 09:37:17,504 -   [Inner 42.2] cost=970.00 no_imp=2/20 (còn 1164s)
2026-04-04 09:37:17,590 -   [Inner 42.3] cost=970.00 no_imp=4/20 (còn 1164s)
2026-04-04 09:37:17,676 -   [Inner 42.4] cost=970.00 no_imp=6/20 (còn 1164s)
2026-04-04 09:37:17,762 -   [Inner 42.5] cost=970.00 no_imp=8/20 (còn 1164s)
2026-04-04 09:37:17,849 -   [Inner 42.6] cost=970.00 no_imp=10/20 (còn 1164s)
2026-04-04 09:37:17,935 -   [Inner 42.7] cost=970.00 no_imp=12/20 (còn 1164s)
2026-04-04 09:37:18,021 -   [Inner 42.8] cost=970.00 no_imp=14/20 (còn 1164s)
2026-04-04 09:37:18,107 -   [Inner 42.9] cost=970.00 no_imp=16/20 (còn 1164s)
2026-04-04 09:37:18,196 -   [Inner 42.10] cost=970.00 no_imp=18/20 (còn 1163s)
2026-04-04 09:37:18,285 -   [Outer 42] Chạy Pairwise MaxSAT...
2026-04-04 09:37:18,285 -   [Outer] Không cải thiện (streak=41)
2026-04-04 09:37:18,285 - === OUTER 43 | cost=970.00 no_imp_streak=41 (còn 1163s) ===
2026-04-04 09:37:18,286 -   [Inner 43.1] cost=970.00 no_imp=0/20 (còn 1163s)
2026-04-04 09:37:18,372 -   [Inner 43.2] cost=970.00 no_imp=2/20 (còn 1163s)
2026-04-04 09:37:18,458 -   [Inner 43.3] cost=970.00 no_imp=4/20 (còn 1163s)
2026-04-04 09:37:18,545 -   [Inner 43.4] cost=970.00 no_imp=6/20 (còn 1163s)
2026-04-04 09:37:18,631 -   [Inner 43.5] cost=970.00 no_imp=8/20 (còn 1163s)
2026-04-04 09:37:18,717 -   [Inner 43.6] cost=970.00 no_imp=10/20 (còn 1163s)
2026-04-04 09:37:18,803 -   [Inner 43.7] cost=970.00 no_imp=12/20 (còn 1163s)
2026-04-04 09:37:18,889 -   [Inner 43.8] cost=970.00 no_imp=14/20 (còn 1163s)
2026-04-04 09:37:18,975 -   [Inner 43.9] cost=970.00 no_imp=16/20 (còn 1163s)
2026-04-04 09:37:19,061 -   [Inner 43.10] cost=970.00 no_imp=18/20 (còn 1163s)
2026-04-04 09:37:19,148 -   [Outer 43] Chạy Pairwise MaxSAT...
2026-04-04 09:37:19,148 -   [Outer] Không cải thiện (streak=42)
2026-04-04 09:37:19,148 - === OUTER 44 | cost=970.00 no_imp_streak=42 (còn 1163s) ===
2026-04-04 09:37:19,148 -   [Inner 44.1] cost=970.00 no_imp=0/20 (còn 1163s)
2026-04-04 09:37:19,236 -   [Inner 44.2] cost=970.00 no_imp=2/20 (còn 1162s)
2026-04-04 09:37:19,321 -   [Inner 44.3] cost=970.00 no_imp=4/20 (còn 1162s)
2026-04-04 09:37:19,408 -   [Inner 44.4] cost=970.00 no_imp=6/20 (còn 1162s)
2026-04-04 09:37:19,495 -   [Inner 44.5] cost=970.00 no_imp=8/20 (còn 1162s)
2026-04-04 09:37:19,581 -   [Inner 44.6] cost=970.00 no_imp=10/20 (còn 1162s)
2026-04-04 09:37:19,667 -   [Inner 44.7] cost=970.00 no_imp=12/20 (còn 1162s)
2026-04-04 09:37:19,754 -   [Inner 44.8] cost=970.00 no_imp=14/20 (còn 1162s)
2026-04-04 09:37:19,840 -   [Inner 44.9] cost=970.00 no_imp=16/20 (còn 1162s)
2026-04-04 09:37:19,926 -   [Inner 44.10] cost=970.00 no_imp=18/20 (còn 1162s)
2026-04-04 09:37:20,014 -   [Outer 44] Chạy Pairwise MaxSAT...
2026-04-04 09:37:20,016 -   [Outer] Không cải thiện (streak=43)
2026-04-04 09:37:20,017 - === OUTER 45 | cost=970.00 no_imp_streak=43 (còn 1162s) ===
2026-04-04 09:37:20,017 -   [Inner 45.1] cost=970.00 no_imp=0/20 (còn 1162s)
2026-04-04 09:37:20,104 -   [Inner 45.2] cost=970.00 no_imp=2/20 (còn 1162s)
2026-04-04 09:37:20,191 -   [Inner 45.3] cost=970.00 no_imp=4/20 (còn 1161s)
2026-04-04 09:37:20,279 -   [Inner 45.4] cost=970.00 no_imp=6/20 (còn 1161s)
2026-04-04 09:37:20,366 -   [Inner 45.5] cost=970.00 no_imp=8/20 (còn 1161s)
2026-04-04 09:37:20,452 -   [Inner 45.6] cost=970.00 no_imp=10/20 (còn 1161s)
2026-04-04 09:37:20,538 -   [Inner 45.7] cost=970.00 no_imp=12/20 (còn 1161s)
2026-04-04 09:37:20,624 -   [Inner 45.8] cost=970.00 no_imp=14/20 (còn 1161s)
2026-04-04 09:37:20,711 -   [Inner 45.9] cost=970.00 no_imp=16/20 (còn 1161s)
2026-04-04 09:37:20,797 -   [Inner 45.10] cost=970.00 no_imp=18/20 (còn 1161s)
2026-04-04 09:37:20,884 -   [Outer 45] Chạy Pairwise MaxSAT...
2026-04-04 09:37:20,884 -   [Outer] Không cải thiện (streak=44)
2026-04-04 09:37:20,884 - === OUTER 46 | cost=970.00 no_imp_streak=44 (còn 1161s) ===
2026-04-04 09:37:20,884 -   [Inner 46.1] cost=970.00 no_imp=0/20 (còn 1161s)
2026-04-04 09:37:20,971 -   [Inner 46.2] cost=970.00 no_imp=2/20 (còn 1161s)
2026-04-04 09:37:21,057 -   [Inner 46.3] cost=970.00 no_imp=4/20 (còn 1161s)
2026-04-04 09:37:21,143 -   [Inner 46.4] cost=970.00 no_imp=6/20 (còn 1161s)
2026-04-04 09:37:21,231 -   [Inner 46.5] cost=970.00 no_imp=8/20 (còn 1160s)
2026-04-04 09:37:21,317 -   [Inner 46.6] cost=970.00 no_imp=10/20 (còn 1160s)
2026-04-04 09:37:21,402 -   [Inner 46.7] cost=970.00 no_imp=12/20 (còn 1160s)
2026-04-04 09:37:21,489 -   [Inner 46.8] cost=970.00 no_imp=14/20 (còn 1160s)
2026-04-04 09:37:21,576 -   [Inner 46.9] cost=970.00 no_imp=16/20 (còn 1160s)
2026-04-04 09:37:21,662 -   [Inner 46.10] cost=970.00 no_imp=18/20 (còn 1160s)
2026-04-04 09:37:21,749 -   [Outer 46] Chạy Pairwise MaxSAT...
2026-04-04 09:37:21,749 -   [Outer] Không cải thiện (streak=45)
2026-04-04 09:37:21,749 - === OUTER 47 | cost=970.00 no_imp_streak=45 (còn 1160s) ===
2026-04-04 09:37:21,749 -   [Inner 47.1] cost=970.00 no_imp=0/20 (còn 1160s)
2026-04-04 09:37:21,835 -   [Inner 47.2] cost=970.00 no_imp=2/20 (còn 1160s)
2026-04-04 09:37:21,921 -   [Inner 47.3] cost=970.00 no_imp=4/20 (còn 1160s)
2026-04-04 09:37:22,007 -   [Inner 47.4] cost=970.00 no_imp=6/20 (còn 1160s)
2026-04-04 09:37:22,094 -   [Inner 47.5] cost=970.00 no_imp=8/20 (còn 1160s)
2026-04-04 09:37:22,182 -   [Inner 47.6] cost=970.00 no_imp=10/20 (còn 1159s)
2026-04-04 09:37:22,271 -   [Inner 47.7] cost=970.00 no_imp=12/20 (còn 1159s)
2026-04-04 09:37:22,357 -   [Inner 47.8] cost=970.00 no_imp=14/20 (còn 1159s)
2026-04-04 09:37:22,442 -   [Inner 47.9] cost=970.00 no_imp=16/20 (còn 1159s)
2026-04-04 09:37:22,528 -   [Inner 47.10] cost=970.00 no_imp=18/20 (còn 1159s)
2026-04-04 09:37:22,615 -   [Outer 47] Chạy Pairwise MaxSAT...
2026-04-04 09:37:22,615 -   [Outer] Không cải thiện (streak=46)
2026-04-04 09:37:22,615 - === OUTER 48 | cost=970.00 no_imp_streak=46 (còn 1159s) ===
2026-04-04 09:37:22,615 -   [Inner 48.1] cost=970.00 no_imp=0/20 (còn 1159s)
2026-04-04 09:37:22,701 -   [Inner 48.2] cost=970.00 no_imp=2/20 (còn 1159s)
2026-04-04 09:37:22,789 -   [Inner 48.3] cost=970.00 no_imp=4/20 (còn 1159s)
2026-04-04 09:37:22,876 -   [Inner 48.4] cost=970.00 no_imp=6/20 (còn 1159s)
2026-04-04 09:37:22,962 -   [Inner 48.5] cost=970.00 no_imp=8/20 (còn 1159s)
2026-04-04 09:37:23,049 -   [Inner 48.6] cost=970.00 no_imp=10/20 (còn 1159s)
2026-04-04 09:37:23,135 -   [Inner 48.7] cost=970.00 no_imp=12/20 (còn 1159s)
2026-04-04 09:37:23,222 -   [Inner 48.8] cost=970.00 no_imp=14/20 (còn 1158s)
2026-04-04 09:37:23,309 -   [Inner 48.9] cost=970.00 no_imp=16/20 (còn 1158s)
2026-04-04 09:37:23,396 -   [Inner 48.10] cost=970.00 no_imp=18/20 (còn 1158s)
2026-04-04 09:37:23,483 -   [Outer 48] Chạy Pairwise MaxSAT...
2026-04-04 09:37:23,483 -   [Outer] Không cải thiện (streak=47)
2026-04-04 09:37:23,483 - === OUTER 49 | cost=970.00 no_imp_streak=47 (còn 1158s) ===
2026-04-04 09:37:23,483 -   [Inner 49.1] cost=970.00 no_imp=0/20 (còn 1158s)
2026-04-04 09:37:23,570 -   [Inner 49.2] cost=970.00 no_imp=2/20 (còn 1158s)
2026-04-04 09:37:23,656 -   [Inner 49.3] cost=970.00 no_imp=4/20 (còn 1158s)
2026-04-04 09:37:23,743 -   [Inner 49.4] cost=970.00 no_imp=6/20 (còn 1158s)
2026-04-04 09:37:23,829 -   [Inner 49.5] cost=970.00 no_imp=8/20 (còn 1158s)
2026-04-04 09:37:23,914 -   [Inner 49.6] cost=970.00 no_imp=10/20 (còn 1158s)
2026-04-04 09:37:24,001 -   [Inner 49.7] cost=970.00 no_imp=12/20 (còn 1158s)
2026-04-04 09:37:24,086 -   [Inner 49.8] cost=970.00 no_imp=14/20 (còn 1158s)
2026-04-04 09:37:24,173 -   [Inner 49.9] cost=970.00 no_imp=16/20 (còn 1157s)
2026-04-04 09:37:24,263 -   [Inner 49.10] cost=970.00 no_imp=18/20 (còn 1157s)
2026-04-04 09:37:24,349 -   [Outer 49] Chạy Pairwise MaxSAT...
2026-04-04 09:37:24,350 -   [Outer] Không cải thiện (streak=48)
2026-04-04 09:37:24,350 - === OUTER 50 | cost=970.00 no_imp_streak=48 (còn 1157s) ===
2026-04-04 09:37:24,350 -   [Inner 50.1] cost=970.00 no_imp=0/20 (còn 1157s)
2026-04-04 09:37:24,435 -   [Inner 50.2] cost=970.00 no_imp=2/20 (còn 1157s)
2026-04-04 09:37:24,521 -   [Inner 50.3] cost=970.00 no_imp=4/20 (còn 1157s)
2026-04-04 09:37:24,607 -   [Inner 50.4] cost=970.00 no_imp=6/20 (còn 1157s)
2026-04-04 09:37:24,694 -   [Inner 50.5] cost=970.00 no_imp=8/20 (còn 1157s)
2026-04-04 09:37:24,781 -   [Inner 50.6] cost=970.00 no_imp=10/20 (còn 1157s)
2026-04-04 09:37:24,867 -   [Inner 50.7] cost=970.00 no_imp=12/20 (còn 1157s)
2026-04-04 09:37:24,954 -   [Inner 50.8] cost=970.00 no_imp=14/20 (còn 1157s)
2026-04-04 09:37:25,040 -   [Inner 50.9] cost=970.00 no_imp=16/20 (còn 1157s)
2026-04-04 09:37:25,126 -   [Inner 50.10] cost=970.00 no_imp=18/20 (còn 1157s)
2026-04-04 09:37:25,213 -   [Outer 50] Chạy Pairwise MaxSAT...
2026-04-04 09:37:25,213 -   [Outer] Không cải thiện (streak=49)
2026-04-04 09:37:25,214 - === OUTER 51 | cost=970.00 no_imp_streak=49 (còn 1156s) ===
2026-04-04 09:37:25,214 -   [Inner 51.1] cost=970.00 no_imp=0/20 (còn 1156s)
2026-04-04 09:37:25,300 -   [Inner 51.2] cost=970.00 no_imp=2/20 (còn 1156s)
2026-04-04 09:37:25,386 -   [Inner 51.3] cost=970.00 no_imp=4/20 (còn 1156s)
2026-04-04 09:37:25,472 -   [Inner 51.4] cost=970.00 no_imp=6/20 (còn 1156s)
2026-04-04 09:37:25,559 -   [Inner 51.5] cost=970.00 no_imp=8/20 (còn 1156s)
2026-04-04 09:37:25,645 -   [Inner 51.6] cost=970.00 no_imp=10/20 (còn 1156s)
2026-04-04 09:37:25,732 -   [Inner 51.7] cost=970.00 no_imp=12/20 (còn 1156s)
2026-04-04 09:37:25,819 -   [Inner 51.8] cost=970.00 no_imp=14/20 (còn 1156s)
2026-04-04 09:37:25,906 -   [Inner 51.9] cost=970.00 no_imp=16/20 (còn 1156s)
2026-04-04 09:37:25,992 -   [Inner 51.10] cost=970.00 no_imp=18/20 (còn 1156s)
2026-04-04 09:37:26,079 -   [Outer 51] Chạy Pairwise MaxSAT...
2026-04-04 09:37:26,079 -   [Outer] Không cải thiện (streak=50)
2026-04-04 09:37:26,079 - === OUTER 52 | cost=970.00 no_imp_streak=50 (còn 1156s) ===
2026-04-04 09:37:26,079 -   [Inner 52.1] cost=970.00 no_imp=0/20 (còn 1156s)
2026-04-04 09:37:26,166 -   [Inner 52.2] cost=970.00 no_imp=2/20 (còn 1155s)
2026-04-04 09:37:26,254 -   [Inner 52.3] cost=970.00 no_imp=4/20 (còn 1155s)
2026-04-04 09:37:26,340 -   [Inner 52.4] cost=970.00 no_imp=6/20 (còn 1155s)
2026-04-04 09:37:26,427 -   [Inner 52.5] cost=970.00 no_imp=8/20 (còn 1155s)
2026-04-04 09:37:26,513 -   [Inner 52.6] cost=970.00 no_imp=10/20 (còn 1155s)
2026-04-04 09:37:26,600 -   [Inner 52.7] cost=970.00 no_imp=12/20 (còn 1155s)
2026-04-04 09:37:26,686 -   [Inner 52.8] cost=970.00 no_imp=14/20 (còn 1155s)
2026-04-04 09:37:26,773 -   [Inner 52.9] cost=970.00 no_imp=16/20 (còn 1155s)
2026-04-04 09:37:26,859 -   [Inner 52.10] cost=970.00 no_imp=18/20 (còn 1155s)
2026-04-04 09:37:26,946 -   [Outer 52] Chạy Pairwise MaxSAT...
2026-04-04 09:37:26,946 -   [Outer] Không cải thiện (streak=51)
2026-04-04 09:37:26,946 - === OUTER 53 | cost=970.00 no_imp_streak=51 (còn 1155s) ===
2026-04-04 09:37:26,947 -   [Inner 53.1] cost=970.00 no_imp=0/20 (còn 1155s)
2026-04-04 09:37:27,034 -   [Inner 53.2] cost=970.00 no_imp=2/20 (còn 1155s)
2026-04-04 09:37:27,119 -   [Inner 53.3] cost=970.00 no_imp=4/20 (còn 1155s)
2026-04-04 09:37:27,205 -   [Inner 53.4] cost=970.00 no_imp=6/20 (còn 1154s)
2026-04-04 09:37:27,292 -   [Inner 53.5] cost=970.00 no_imp=8/20 (còn 1154s)
2026-04-04 09:37:27,378 -   [Inner 53.6] cost=970.00 no_imp=10/20 (còn 1154s)
2026-04-04 09:37:27,463 -   [Inner 53.7] cost=970.00 no_imp=12/20 (còn 1154s)
2026-04-04 09:37:27,550 -   [Inner 53.8] cost=970.00 no_imp=14/20 (còn 1154s)
2026-04-04 09:37:27,637 -   [Inner 53.9] cost=970.00 no_imp=16/20 (còn 1154s)
2026-04-04 09:37:27,724 -   [Inner 53.10] cost=970.00 no_imp=18/20 (còn 1154s)
2026-04-04 09:37:27,811 -   [Outer 53] Chạy Pairwise MaxSAT...
2026-04-04 09:37:27,812 -   [Outer] Không cải thiện (streak=52)
2026-04-04 09:37:27,812 - === OUTER 54 | cost=970.00 no_imp_streak=52 (còn 1154s) ===
2026-04-04 09:37:27,812 -   [Inner 54.1] cost=970.00 no_imp=0/20 (còn 1154s)
2026-04-04 09:37:27,899 -   [Inner 54.2] cost=970.00 no_imp=2/20 (còn 1154s)
2026-04-04 09:37:27,983 -   [Inner 54.3] cost=970.00 no_imp=4/20 (còn 1154s)
2026-04-04 09:37:28,071 -   [Inner 54.4] cost=970.00 no_imp=6/20 (còn 1154s)
2026-04-04 09:37:28,158 -   [Inner 54.5] cost=970.00 no_imp=8/20 (còn 1154s)
2026-04-04 09:37:28,245 -   [Inner 54.6] cost=970.00 no_imp=10/20 (còn 1153s)
2026-04-04 09:37:28,334 -   [Inner 54.7] cost=970.00 no_imp=12/20 (còn 1153s)
2026-04-04 09:37:28,420 -   [Inner 54.8] cost=970.00 no_imp=14/20 (còn 1153s)
2026-04-04 09:37:28,506 -   [Inner 54.9] cost=970.00 no_imp=16/20 (còn 1153s)
2026-04-04 09:37:28,591 -   [Inner 54.10] cost=970.00 no_imp=18/20 (còn 1153s)
2026-04-04 09:37:28,677 -   [Outer 54] Chạy Pairwise MaxSAT...
2026-04-04 09:37:28,678 -   [Outer] Không cải thiện (streak=53)
2026-04-04 09:37:28,678 - === OUTER 55 | cost=970.00 no_imp_streak=53 (còn 1153s) ===
2026-04-04 09:37:28,678 -   [Inner 55.1] cost=970.00 no_imp=0/20 (còn 1153s)
2026-04-04 09:37:28,766 -   [Inner 55.2] cost=970.00 no_imp=2/20 (còn 1153s)
2026-04-04 09:37:28,851 -   [Inner 55.3] cost=970.00 no_imp=4/20 (còn 1153s)
2026-04-04 09:37:28,938 -   [Inner 55.4] cost=970.00 no_imp=6/20 (còn 1153s)
2026-04-04 09:37:29,024 -   [Inner 55.5] cost=970.00 no_imp=8/20 (còn 1153s)
2026-04-04 09:37:29,110 -   [Inner 55.6] cost=970.00 no_imp=10/20 (còn 1153s)
2026-04-04 09:37:29,195 -   [Inner 55.7] cost=970.00 no_imp=12/20 (còn 1152s)
2026-04-04 09:37:29,282 -   [Inner 55.8] cost=970.00 no_imp=14/20 (còn 1152s)
2026-04-04 09:37:29,370 -   [Inner 55.9] cost=970.00 no_imp=16/20 (còn 1152s)
2026-04-04 09:37:29,456 -   [Inner 55.10] cost=970.00 no_imp=18/20 (còn 1152s)
2026-04-04 09:37:29,541 -   [Outer 55] Chạy Pairwise MaxSAT...
2026-04-04 09:37:29,542 -   [Outer] Không cải thiện (streak=54)
2026-04-04 09:37:29,542 - === OUTER 56 | cost=970.00 no_imp_streak=54 (còn 1152s) ===
2026-04-04 09:37:29,542 -   [Inner 56.1] cost=970.00 no_imp=0/20 (còn 1152s)
2026-04-04 09:37:29,628 -   [Inner 56.2] cost=970.00 no_imp=2/20 (còn 1152s)
2026-04-04 09:37:29,714 -   [Inner 56.3] cost=970.00 no_imp=4/20 (còn 1152s)
2026-04-04 09:37:29,801 -   [Inner 56.4] cost=970.00 no_imp=6/20 (còn 1152s)
2026-04-04 09:37:29,888 -   [Inner 56.5] cost=970.00 no_imp=8/20 (còn 1152s)
2026-04-04 09:37:29,974 -   [Inner 56.6] cost=970.00 no_imp=10/20 (còn 1152s)
2026-04-04 09:37:30,062 -   [Inner 56.7] cost=970.00 no_imp=12/20 (còn 1152s)
2026-04-04 09:37:30,148 -   [Inner 56.8] cost=970.00 no_imp=14/20 (còn 1152s)
2026-04-04 09:37:30,234 -   [Inner 56.9] cost=970.00 no_imp=16/20 (còn 1151s)
2026-04-04 09:37:30,322 -   [Inner 56.10] cost=970.00 no_imp=18/20 (còn 1151s)
2026-04-04 09:37:30,409 -   [Outer 56] Chạy Pairwise MaxSAT...
2026-04-04 09:37:30,410 -   [Outer] Không cải thiện (streak=55)
2026-04-04 09:37:30,410 - === OUTER 57 | cost=970.00 no_imp_streak=55 (còn 1151s) ===
2026-04-04 09:37:30,410 -   [Inner 57.1] cost=970.00 no_imp=0/20 (còn 1151s)
2026-04-04 09:37:30,495 -   [Inner 57.2] cost=970.00 no_imp=2/20 (còn 1151s)
2026-04-04 09:37:30,588 -   [Inner 57.3] cost=970.00 no_imp=4/20 (còn 1151s)
2026-04-04 09:37:30,691 -   [Inner 57.4] cost=970.00 no_imp=6/20 (còn 1151s)
2026-04-04 09:37:30,778 -   [Inner 57.5] cost=970.00 no_imp=8/20 (còn 1151s)
2026-04-04 09:37:30,865 -   [Inner 57.6] cost=970.00 no_imp=10/20 (còn 1151s)
2026-04-04 09:37:30,952 -   [Inner 57.7] cost=970.00 no_imp=12/20 (còn 1151s)
2026-04-04 09:37:31,039 -   [Inner 57.8] cost=970.00 no_imp=14/20 (còn 1151s)
2026-04-04 09:37:31,125 -   [Inner 57.9] cost=970.00 no_imp=16/20 (còn 1151s)
2026-04-04 09:37:31,212 -   [Inner 57.10] cost=970.00 no_imp=18/20 (còn 1150s)
2026-04-04 09:37:31,299 -   [Outer 57] Chạy Pairwise MaxSAT...
2026-04-04 09:37:31,299 -   [Outer] Không cải thiện (streak=56)
2026-04-04 09:37:31,299 - === OUTER 58 | cost=970.00 no_imp_streak=56 (còn 1150s) ===
2026-04-04 09:37:31,299 -   [Inner 58.1] cost=970.00 no_imp=0/20 (còn 1150s)
2026-04-04 09:37:31,385 -   [Inner 58.2] cost=970.00 no_imp=2/20 (còn 1150s)
2026-04-04 09:37:31,470 -   [Inner 58.3] cost=970.00 no_imp=4/20 (còn 1150s)
2026-04-04 09:37:31,556 -   [Inner 58.4] cost=970.00 no_imp=6/20 (còn 1150s)
2026-04-04 09:37:31,643 -   [Inner 58.5] cost=970.00 no_imp=8/20 (còn 1150s)
2026-04-04 09:37:31,735 -   [Inner 58.6] cost=970.00 no_imp=10/20 (còn 1150s)
2026-04-04 09:37:31,822 -   [Inner 58.7] cost=970.00 no_imp=12/20 (còn 1150s)
2026-04-04 09:37:31,910 -   [Inner 58.8] cost=970.00 no_imp=14/20 (còn 1150s)
2026-04-04 09:37:31,996 -   [Inner 58.9] cost=970.00 no_imp=16/20 (còn 1150s)
2026-04-04 09:37:32,083 -   [Inner 58.10] cost=970.00 no_imp=18/20 (còn 1150s)
2026-04-04 09:37:32,169 -   [Outer 58] Chạy Pairwise MaxSAT...
2026-04-04 09:37:32,169 -   [Outer] Không cải thiện (streak=57)
2026-04-04 09:37:32,169 - === OUTER 59 | cost=970.00 no_imp_streak=57 (còn 1149s) ===
2026-04-04 09:37:32,170 -   [Inner 59.1] cost=970.00 no_imp=0/20 (còn 1149s)
2026-04-04 09:37:32,256 -   [Inner 59.2] cost=970.00 no_imp=2/20 (còn 1149s)
2026-04-04 09:37:32,346 -   [Inner 59.3] cost=970.00 no_imp=4/20 (còn 1149s)
2026-04-04 09:37:32,432 -   [Inner 59.4] cost=970.00 no_imp=6/20 (còn 1149s)
2026-04-04 09:37:32,519 -   [Inner 59.5] cost=970.00 no_imp=8/20 (còn 1149s)
2026-04-04 09:37:32,604 -   [Inner 59.6] cost=970.00 no_imp=10/20 (còn 1149s)
2026-04-04 09:37:32,737 -   [Inner 59.7] cost=970.00 no_imp=12/20 (còn 1149s)
2026-04-04 09:37:32,822 -   [Inner 59.8] cost=970.00 no_imp=14/20 (còn 1149s)
2026-04-04 09:37:32,909 -   [Inner 59.9] cost=970.00 no_imp=16/20 (còn 1149s)
2026-04-04 09:37:32,997 -   [Inner 59.10] cost=970.00 no_imp=18/20 (còn 1149s)
2026-04-04 09:37:33,084 -   [Outer 59] Chạy Pairwise MaxSAT...
2026-04-04 09:37:33,084 -   [Outer] Không cải thiện (streak=58)
2026-04-04 09:37:33,084 - === OUTER 60 | cost=970.00 no_imp_streak=58 (còn 1149s) ===
2026-04-04 09:37:33,084 -   [Inner 60.1] cost=970.00 no_imp=0/20 (còn 1149s)
2026-04-04 09:37:33,170 -   [Inner 60.2] cost=970.00 no_imp=2/20 (còn 1148s)
2026-04-04 09:37:33,257 -   [Inner 60.3] cost=970.00 no_imp=4/20 (còn 1148s)
2026-04-04 09:37:33,343 -   [Inner 60.4] cost=970.00 no_imp=6/20 (còn 1148s)
2026-04-04 09:37:33,430 -   [Inner 60.5] cost=970.00 no_imp=8/20 (còn 1148s)
2026-04-04 09:37:33,516 -   [Inner 60.6] cost=970.00 no_imp=10/20 (còn 1148s)
2026-04-04 09:37:33,602 -   [Inner 60.7] cost=970.00 no_imp=12/20 (còn 1148s)
2026-04-04 09:37:33,695 -   [Inner 60.8] cost=970.00 no_imp=14/20 (còn 1148s)
2026-04-04 09:37:33,782 -   [Inner 60.9] cost=970.00 no_imp=16/20 (còn 1148s)
2026-04-04 09:37:33,868 -   [Inner 60.10] cost=970.00 no_imp=18/20 (còn 1148s)
2026-04-04 09:37:33,956 -   [Outer 60] Chạy Pairwise MaxSAT...
2026-04-04 09:37:33,956 -   [Outer] Không cải thiện (streak=59)
2026-04-04 09:37:33,956 - === OUTER 61 | cost=970.00 no_imp_streak=59 (còn 1148s) ===
2026-04-04 09:37:33,956 -   [Inner 61.1] cost=970.00 no_imp=0/20 (còn 1148s)
2026-04-04 09:37:34,042 -   [Inner 61.2] cost=970.00 no_imp=2/20 (còn 1148s)
2026-04-04 09:37:34,128 -   [Inner 61.3] cost=970.00 no_imp=4/20 (còn 1148s)
2026-04-04 09:37:34,216 -   [Inner 61.4] cost=970.00 no_imp=6/20 (còn 1147s)
2026-04-04 09:37:34,302 -   [Inner 61.5] cost=970.00 no_imp=8/20 (còn 1147s)
2026-04-04 09:37:34,389 -   [Inner 61.6] cost=970.00 no_imp=10/20 (còn 1147s)
2026-04-04 09:37:34,474 -   [Inner 61.7] cost=970.00 no_imp=12/20 (còn 1147s)
2026-04-04 09:37:34,561 -   [Inner 61.8] cost=970.00 no_imp=14/20 (còn 1147s)
2026-04-04 09:37:34,647 -   [Inner 61.9] cost=970.00 no_imp=16/20 (còn 1147s)
2026-04-04 09:37:34,733 -   [Inner 61.10] cost=970.00 no_imp=18/20 (còn 1147s)
2026-04-04 09:37:34,822 -   [Outer 61] Chạy Pairwise MaxSAT...
2026-04-04 09:37:34,822 -   [Outer] Không cải thiện (streak=60)
2026-04-04 09:37:34,822 - === OUTER 62 | cost=970.00 no_imp_streak=60 (còn 1147s) ===
2026-04-04 09:37:34,822 -   [Inner 62.1] cost=970.00 no_imp=0/20 (còn 1147s)
2026-04-04 09:37:34,909 -   [Inner 62.2] cost=970.00 no_imp=2/20 (còn 1147s)
2026-04-04 09:37:34,996 -   [Inner 62.3] cost=970.00 no_imp=4/20 (còn 1147s)
2026-04-04 09:37:35,083 -   [Inner 62.4] cost=970.00 no_imp=6/20 (còn 1147s)
2026-04-04 09:37:35,170 -   [Inner 62.5] cost=970.00 no_imp=8/20 (còn 1146s)
2026-04-04 09:37:35,257 -   [Inner 62.6] cost=970.00 no_imp=10/20 (còn 1146s)
2026-04-04 09:37:35,343 -   [Inner 62.7] cost=970.00 no_imp=12/20 (còn 1146s)
2026-04-04 09:37:35,429 -   [Inner 62.8] cost=970.00 no_imp=14/20 (còn 1146s)
2026-04-04 09:37:35,516 -   [Inner 62.9] cost=970.00 no_imp=16/20 (còn 1146s)
2026-04-04 09:37:35,602 -   [Inner 62.10] cost=970.00 no_imp=18/20 (còn 1146s)
2026-04-04 09:37:35,688 -   [Outer 62] Chạy Pairwise MaxSAT...
2026-04-04 09:37:35,688 -   [Outer] Không cải thiện (streak=61)
2026-04-04 09:37:35,688 - === OUTER 63 | cost=970.00 no_imp_streak=61 (còn 1146s) ===
2026-04-04 09:37:35,688 -   [Inner 63.1] cost=970.00 no_imp=0/20 (còn 1146s)
2026-04-04 09:37:35,775 -   [Inner 63.2] cost=970.00 no_imp=2/20 (còn 1146s)
2026-04-04 09:37:35,862 -   [Inner 63.3] cost=970.00 no_imp=4/20 (còn 1146s)
2026-04-04 09:37:35,949 -   [Inner 63.4] cost=970.00 no_imp=6/20 (còn 1146s)
2026-04-04 09:37:36,036 -   [Inner 63.5] cost=970.00 no_imp=8/20 (còn 1146s)
2026-04-04 09:37:36,122 -   [Inner 63.6] cost=970.00 no_imp=10/20 (còn 1146s)
2026-04-04 09:37:36,207 -   [Inner 63.7] cost=970.00 no_imp=12/20 (còn 1145s)
2026-04-04 09:37:36,294 -   [Inner 63.8] cost=970.00 no_imp=14/20 (còn 1145s)
2026-04-04 09:37:36,382 -   [Inner 63.9] cost=970.00 no_imp=16/20 (còn 1145s)
2026-04-04 09:37:36,468 -   [Inner 63.10] cost=970.00 no_imp=18/20 (còn 1145s)
2026-04-04 09:37:36,555 -   [Outer 63] Chạy Pairwise MaxSAT...
2026-04-04 09:37:36,555 -   [Outer] Không cải thiện (streak=62)
2026-04-04 09:37:36,555 - === OUTER 64 | cost=970.00 no_imp_streak=62 (còn 1145s) ===
2026-04-04 09:37:36,556 -   [Inner 64.1] cost=970.00 no_imp=0/20 (còn 1145s)
2026-04-04 09:37:36,642 -   [Inner 64.2] cost=970.00 no_imp=2/20 (còn 1145s)
2026-04-04 09:37:36,728 -   [Inner 64.3] cost=970.00 no_imp=4/20 (còn 1145s)
2026-04-04 09:37:36,816 -   [Inner 64.4] cost=970.00 no_imp=6/20 (còn 1145s)
2026-04-04 09:37:36,903 -   [Inner 64.5] cost=970.00 no_imp=8/20 (còn 1145s)
2026-04-04 09:37:36,989 -   [Inner 64.6] cost=970.00 no_imp=10/20 (còn 1145s)
2026-04-04 09:37:37,076 -   [Inner 64.7] cost=970.00 no_imp=12/20 (còn 1145s)
2026-04-04 09:37:37,162 -   [Inner 64.8] cost=970.00 no_imp=14/20 (còn 1144s)
2026-04-04 09:37:37,250 -   [Inner 64.9] cost=970.00 no_imp=16/20 (còn 1144s)
2026-04-04 09:37:37,336 -   [Inner 64.10] cost=970.00 no_imp=18/20 (còn 1144s)
2026-04-04 09:37:37,422 -   [Outer 64] Chạy Pairwise MaxSAT...
2026-04-04 09:37:37,422 -   [Outer] Không cải thiện (streak=63)
2026-04-04 09:37:37,422 - === OUTER 65 | cost=970.00 no_imp_streak=63 (còn 1144s) ===
2026-04-04 09:37:37,423 -   [Inner 65.1] cost=970.00 no_imp=0/20 (còn 1144s)
2026-04-04 09:37:37,509 -   [Inner 65.2] cost=970.00 no_imp=2/20 (còn 1144s)
2026-04-04 09:37:37,595 -   [Inner 65.3] cost=970.00 no_imp=4/20 (còn 1144s)
2026-04-04 09:37:37,681 -   [Inner 65.4] cost=970.00 no_imp=6/20 (còn 1144s)
2026-04-04 09:37:37,768 -   [Inner 65.5] cost=970.00 no_imp=8/20 (còn 1144s)
2026-04-04 09:37:37,855 -   [Inner 65.6] cost=970.00 no_imp=10/20 (còn 1144s)
2026-04-04 09:37:37,941 -   [Inner 65.7] cost=970.00 no_imp=12/20 (còn 1144s)
2026-04-04 09:37:38,027 -   [Inner 65.8] cost=970.00 no_imp=14/20 (còn 1144s)
2026-04-04 09:37:38,114 -   [Inner 65.9] cost=970.00 no_imp=16/20 (còn 1144s)
2026-04-04 09:37:38,200 -   [Inner 65.10] cost=970.00 no_imp=18/20 (còn 1143s)
2026-04-04 09:37:38,287 -   [Outer 65] Chạy Pairwise MaxSAT...
2026-04-04 09:37:38,288 -   [Outer] Không cải thiện (streak=64)
2026-04-04 09:37:38,288 - === OUTER 66 | cost=970.00 no_imp_streak=64 (còn 1143s) ===
2026-04-04 09:37:38,288 -   [Inner 66.1] cost=970.00 no_imp=0/20 (còn 1143s)
2026-04-04 09:37:38,374 -   [Inner 66.2] cost=970.00 no_imp=2/20 (còn 1143s)
2026-04-04 09:37:38,463 -   [Inner 66.3] cost=970.00 no_imp=4/20 (còn 1143s)
2026-04-04 09:37:38,549 -   [Inner 66.4] cost=970.00 no_imp=6/20 (còn 1143s)
2026-04-04 09:37:38,635 -   [Inner 66.5] cost=970.00 no_imp=8/20 (còn 1143s)
2026-04-04 09:37:38,721 -   [Inner 66.6] cost=970.00 no_imp=10/20 (còn 1143s)
2026-04-04 09:37:38,808 -   [Inner 66.7] cost=970.00 no_imp=12/20 (còn 1143s)
2026-04-04 09:37:38,894 -   [Inner 66.8] cost=970.00 no_imp=14/20 (còn 1143s)
2026-04-04 09:37:38,981 -   [Inner 66.9] cost=970.00 no_imp=16/20 (còn 1143s)
2026-04-04 09:37:39,068 -   [Inner 66.10] cost=970.00 no_imp=18/20 (còn 1143s)
2026-04-04 09:37:39,154 -   [Outer 66] Chạy Pairwise MaxSAT...
2026-04-04 09:37:39,154 -   [Outer] Không cải thiện (streak=65)
2026-04-04 09:37:39,154 - === OUTER 67 | cost=970.00 no_imp_streak=65 (còn 1143s) ===
2026-04-04 09:37:39,154 -   [Inner 67.1] cost=970.00 no_imp=0/20 (còn 1143s)
2026-04-04 09:37:39,241 -   [Inner 67.2] cost=970.00 no_imp=2/20 (còn 1142s)
2026-04-04 09:37:39,328 -   [Inner 67.3] cost=970.00 no_imp=4/20 (còn 1142s)
2026-04-04 09:37:39,414 -   [Inner 67.4] cost=970.00 no_imp=6/20 (còn 1142s)
2026-04-04 09:37:39,499 -   [Inner 67.5] cost=970.00 no_imp=8/20 (còn 1142s)
2026-04-04 09:37:39,587 -   [Inner 67.6] cost=970.00 no_imp=10/20 (còn 1142s)
2026-04-04 09:37:39,673 -   [Inner 67.7] cost=970.00 no_imp=12/20 (còn 1142s)
2026-04-04 09:37:39,760 -   [Inner 67.8] cost=970.00 no_imp=14/20 (còn 1142s)
2026-04-04 09:37:39,847 -   [Inner 67.9] cost=970.00 no_imp=16/20 (còn 1142s)
2026-04-04 09:37:39,933 -   [Inner 67.10] cost=970.00 no_imp=18/20 (còn 1142s)
2026-04-04 09:37:40,019 -   [Outer 67] Chạy Pairwise MaxSAT...
2026-04-04 09:37:40,019 -   [Outer] Không cải thiện (streak=66)
2026-04-04 09:37:40,019 - === OUTER 68 | cost=970.00 no_imp_streak=66 (còn 1142s) ===
2026-04-04 09:37:40,019 -   [Inner 68.1] cost=970.00 no_imp=0/20 (còn 1142s)
2026-04-04 09:37:40,105 -   [Inner 68.2] cost=970.00 no_imp=2/20 (còn 1142s)
2026-04-04 09:37:40,192 -   [Inner 68.3] cost=970.00 no_imp=4/20 (còn 1141s)
2026-04-04 09:37:40,279 -   [Inner 68.4] cost=970.00 no_imp=6/20 (còn 1141s)
2026-04-04 09:37:40,366 -   [Inner 68.5] cost=970.00 no_imp=8/20 (còn 1141s)
2026-04-04 09:37:40,454 -   [Inner 68.6] cost=970.00 no_imp=10/20 (còn 1141s)
2026-04-04 09:37:40,540 -   [Inner 68.7] cost=970.00 no_imp=12/20 (còn 1141s)
2026-04-04 09:37:40,626 -   [Inner 68.8] cost=970.00 no_imp=14/20 (còn 1141s)
2026-04-04 09:37:40,714 -   [Inner 68.9] cost=970.00 no_imp=16/20 (còn 1141s)
2026-04-04 09:37:40,801 -   [Inner 68.10] cost=970.00 no_imp=18/20 (còn 1141s)
2026-04-04 09:37:40,887 -   [Outer 68] Chạy Pairwise MaxSAT...
2026-04-04 09:37:40,887 -   [Outer] Không cải thiện (streak=67)
2026-04-04 09:37:40,888 - === OUTER 69 | cost=970.00 no_imp_streak=67 (còn 1141s) ===
2026-04-04 09:37:40,888 -   [Inner 69.1] cost=970.00 no_imp=0/20 (còn 1141s)
2026-04-04 09:37:40,974 -   [Inner 69.2] cost=970.00 no_imp=2/20 (còn 1141s)
2026-04-04 09:37:41,061 -   [Inner 69.3] cost=970.00 no_imp=4/20 (còn 1141s)
2026-04-04 09:37:41,147 -   [Inner 69.4] cost=970.00 no_imp=6/20 (còn 1141s)
2026-04-04 09:37:41,233 -   [Inner 69.5] cost=970.00 no_imp=8/20 (còn 1140s)
2026-04-04 09:37:41,320 -   [Inner 69.6] cost=970.00 no_imp=10/20 (còn 1140s)
2026-04-04 09:37:41,406 -   [Inner 69.7] cost=970.00 no_imp=12/20 (còn 1140s)
2026-04-04 09:37:41,492 -   [Inner 69.8] cost=970.00 no_imp=14/20 (còn 1140s)
2026-04-04 09:37:41,579 -   [Inner 69.9] cost=970.00 no_imp=16/20 (còn 1140s)
2026-04-04 09:37:41,665 -   [Inner 69.10] cost=970.00 no_imp=18/20 (còn 1140s)
2026-04-04 09:37:41,751 -   [Outer 69] Chạy Pairwise MaxSAT...
2026-04-04 09:37:41,751 -   [Outer] Không cải thiện (streak=68)
2026-04-04 09:37:41,752 - === OUTER 70 | cost=970.00 no_imp_streak=68 (còn 1140s) ===
2026-04-04 09:37:41,752 -   [Inner 70.1] cost=970.00 no_imp=0/20 (còn 1140s)
2026-04-04 09:37:41,838 -   [Inner 70.2] cost=970.00 no_imp=2/20 (còn 1140s)
2026-04-04 09:37:41,924 -   [Inner 70.3] cost=970.00 no_imp=4/20 (còn 1140s)
2026-04-04 09:37:42,011 -   [Inner 70.4] cost=970.00 no_imp=6/20 (còn 1140s)
2026-04-04 09:37:42,098 -   [Inner 70.5] cost=970.00 no_imp=8/20 (còn 1140s)
2026-04-04 09:37:42,185 -   [Inner 70.6] cost=970.00 no_imp=10/20 (còn 1139s)
2026-04-04 09:37:42,271 -   [Inner 70.7] cost=970.00 no_imp=12/20 (còn 1139s)
2026-04-04 09:37:42,357 -   [Inner 70.8] cost=970.00 no_imp=14/20 (còn 1139s)
2026-04-04 09:37:42,444 -   [Inner 70.9] cost=970.00 no_imp=16/20 (còn 1139s)
2026-04-04 09:37:42,532 -   [Inner 70.10] cost=970.00 no_imp=18/20 (còn 1139s)
2026-04-04 09:37:42,619 -   [Outer 70] Chạy Pairwise MaxSAT...
2026-04-04 09:37:42,620 -   [Outer] Không cải thiện (streak=69)
2026-04-04 09:37:42,620 - === OUTER 71 | cost=970.00 no_imp_streak=69 (còn 1139s) ===
2026-04-04 09:37:42,620 -   [Inner 71.1] cost=970.00 no_imp=0/20 (còn 1139s)
2026-04-04 09:37:42,705 -   [Inner 71.2] cost=970.00 no_imp=2/20 (còn 1139s)
2026-04-04 09:37:42,792 -   [Inner 71.3] cost=970.00 no_imp=4/20 (còn 1139s)
2026-04-04 09:37:42,879 -   [Inner 71.4] cost=970.00 no_imp=6/20 (còn 1139s)
2026-04-04 09:37:42,966 -   [Inner 71.5] cost=970.00 no_imp=8/20 (còn 1139s)
2026-04-04 09:37:43,054 -   [Inner 71.6] cost=970.00 no_imp=10/20 (còn 1139s)
2026-04-04 09:37:43,140 -   [Inner 71.7] cost=970.00 no_imp=12/20 (còn 1139s)
2026-04-04 09:37:43,228 -   [Inner 71.8] cost=970.00 no_imp=14/20 (còn 1138s)
2026-04-04 09:37:43,316 -   [Inner 71.9] cost=970.00 no_imp=16/20 (còn 1138s)
2026-04-04 09:37:43,400 -   [Inner 71.10] cost=970.00 no_imp=18/20 (còn 1138s)
2026-04-04 09:37:43,487 -   [Outer 71] Chạy Pairwise MaxSAT...
2026-04-04 09:37:43,487 -   [Outer] Không cải thiện (streak=70)
2026-04-04 09:37:43,487 - === OUTER 72 | cost=970.00 no_imp_streak=70 (còn 1138s) ===
2026-04-04 09:37:43,487 -   [Inner 72.1] cost=970.00 no_imp=0/20 (còn 1138s)
2026-04-04 09:37:43,573 -   [Inner 72.2] cost=970.00 no_imp=2/20 (còn 1138s)
2026-04-04 09:37:43,659 -   [Inner 72.3] cost=970.00 no_imp=4/20 (còn 1138s)
2026-04-04 09:37:43,746 -   [Inner 72.4] cost=970.00 no_imp=6/20 (còn 1138s)
2026-04-04 09:37:43,832 -   [Inner 72.5] cost=970.00 no_imp=8/20 (còn 1138s)
2026-04-04 09:37:43,919 -   [Inner 72.6] cost=970.00 no_imp=10/20 (còn 1138s)
2026-04-04 09:37:44,006 -   [Inner 72.7] cost=970.00 no_imp=12/20 (còn 1138s)
2026-04-04 09:37:44,092 -   [Inner 72.8] cost=970.00 no_imp=14/20 (còn 1138s)
2026-04-04 09:37:44,178 -   [Inner 72.9] cost=970.00 no_imp=16/20 (còn 1137s)
2026-04-04 09:37:44,265 -   [Inner 72.10] cost=970.00 no_imp=18/20 (còn 1137s)
2026-04-04 09:37:44,352 -   [Outer 72] Chạy Pairwise MaxSAT...
2026-04-04 09:37:44,352 -   [Outer] Không cải thiện (streak=71)
2026-04-04 09:37:44,352 - === OUTER 73 | cost=970.00 no_imp_streak=71 (còn 1137s) ===
2026-04-04 09:37:44,352 -   [Inner 73.1] cost=970.00 no_imp=0/20 (còn 1137s)
2026-04-04 09:37:44,438 -   [Inner 73.2] cost=970.00 no_imp=2/20 (còn 1137s)
2026-04-04 09:37:44,526 -   [Inner 73.3] cost=970.00 no_imp=4/20 (còn 1137s)
2026-04-04 09:37:44,613 -   [Inner 73.4] cost=970.00 no_imp=6/20 (còn 1137s)
2026-04-04 09:37:44,699 -   [Inner 73.5] cost=970.00 no_imp=8/20 (còn 1137s)
2026-04-04 09:37:44,785 -   [Inner 73.6] cost=970.00 no_imp=10/20 (còn 1137s)
2026-04-04 09:37:44,871 -   [Inner 73.7] cost=970.00 no_imp=12/20 (còn 1137s)
2026-04-04 09:37:44,957 -   [Inner 73.8] cost=970.00 no_imp=14/20 (còn 1137s)
2026-04-04 09:37:45,043 -   [Inner 73.9] cost=970.00 no_imp=16/20 (còn 1137s)
2026-04-04 09:37:45,129 -   [Inner 73.10] cost=970.00 no_imp=18/20 (còn 1137s)
2026-04-04 09:37:45,216 -   [Outer 73] Chạy Pairwise MaxSAT...
2026-04-04 09:37:45,216 -   [Outer] Không cải thiện (streak=72)
2026-04-04 09:37:45,217 - === OUTER 74 | cost=970.00 no_imp_streak=72 (còn 1136s) ===
2026-04-04 09:37:45,217 -   [Inner 74.1] cost=970.00 no_imp=0/20 (còn 1136s)
2026-04-04 09:37:45,303 -   [Inner 74.2] cost=970.00 no_imp=2/20 (còn 1136s)
2026-04-04 09:37:45,388 -   [Inner 74.3] cost=970.00 no_imp=4/20 (còn 1136s)
2026-04-04 09:37:45,474 -   [Inner 74.4] cost=970.00 no_imp=6/20 (còn 1136s)
2026-04-04 09:37:45,561 -   [Inner 74.5] cost=970.00 no_imp=8/20 (còn 1136s)
2026-04-04 09:37:45,647 -   [Inner 74.6] cost=970.00 no_imp=10/20 (còn 1136s)
2026-04-04 09:37:45,733 -   [Inner 74.7] cost=970.00 no_imp=12/20 (còn 1136s)
2026-04-04 09:37:45,820 -   [Inner 74.8] cost=970.00 no_imp=14/20 (còn 1136s)
2026-04-04 09:37:45,906 -   [Inner 74.9] cost=970.00 no_imp=16/20 (còn 1136s)
2026-04-04 09:37:45,993 -   [Inner 74.10] cost=970.00 no_imp=18/20 (còn 1136s)
2026-04-04 09:37:46,079 -   [Outer 74] Chạy Pairwise MaxSAT...
2026-04-04 09:37:46,079 -   [Outer] Không cải thiện (streak=73)
2026-04-04 09:37:46,079 - === OUTER 75 | cost=970.00 no_imp_streak=73 (còn 1136s) ===
2026-04-04 09:37:46,079 -   [Inner 75.1] cost=970.00 no_imp=0/20 (còn 1136s)
2026-04-04 09:37:46,166 -   [Inner 75.2] cost=970.00 no_imp=2/20 (còn 1135s)
2026-04-04 09:37:46,252 -   [Inner 75.3] cost=970.00 no_imp=4/20 (còn 1135s)
2026-04-04 09:37:46,338 -   [Inner 75.4] cost=970.00 no_imp=6/20 (còn 1135s)
2026-04-04 09:37:46,424 -   [Inner 75.5] cost=970.00 no_imp=8/20 (còn 1135s)
2026-04-04 09:37:46,511 -   [Inner 75.6] cost=970.00 no_imp=10/20 (còn 1135s)
2026-04-04 09:37:46,598 -   [Inner 75.7] cost=970.00 no_imp=12/20 (còn 1135s)
2026-04-04 09:37:46,685 -   [Inner 75.8] cost=970.00 no_imp=14/20 (còn 1135s)
2026-04-04 09:37:46,771 -   [Inner 75.9] cost=970.00 no_imp=16/20 (còn 1135s)
2026-04-04 09:37:46,857 -   [Inner 75.10] cost=970.00 no_imp=18/20 (còn 1135s)
2026-04-04 09:37:46,943 -   [Outer 75] Chạy Pairwise MaxSAT...
2026-04-04 09:37:46,943 -   [Outer] Không cải thiện (streak=74)
2026-04-04 09:37:46,947 - === OUTER 76 | cost=970.00 no_imp_streak=74 (còn 1135s) ===
2026-04-04 09:37:46,947 -   [Inner 76.1] cost=970.00 no_imp=0/20 (còn 1135s)
2026-04-04 09:37:47,034 -   [Inner 76.2] cost=970.00 no_imp=2/20 (còn 1135s)
2026-04-04 09:37:47,120 -   [Inner 76.3] cost=970.00 no_imp=4/20 (còn 1135s)
2026-04-04 09:37:47,205 -   [Inner 76.4] cost=970.00 no_imp=6/20 (còn 1134s)
2026-04-04 09:37:47,293 -   [Inner 76.5] cost=970.00 no_imp=8/20 (còn 1134s)
2026-04-04 09:37:47,378 -   [Inner 76.6] cost=970.00 no_imp=10/20 (còn 1134s)
2026-04-04 09:37:47,464 -   [Inner 76.7] cost=970.00 no_imp=12/20 (còn 1134s)
2026-04-04 09:37:47,550 -   [Inner 76.8] cost=970.00 no_imp=14/20 (còn 1134s)
2026-04-04 09:37:47,636 -   [Inner 76.9] cost=970.00 no_imp=16/20 (còn 1134s)
2026-04-04 09:37:47,724 -   [Inner 76.10] cost=970.00 no_imp=18/20 (còn 1134s)
2026-04-04 09:37:47,811 -   [Outer 76] Chạy Pairwise MaxSAT...
2026-04-04 09:37:47,812 -   [Outer] Không cải thiện (streak=75)
2026-04-04 09:37:47,812 - === OUTER 77 | cost=970.00 no_imp_streak=75 (còn 1134s) ===
2026-04-04 09:37:47,812 -   [Inner 77.1] cost=970.00 no_imp=0/20 (còn 1134s)
2026-04-04 09:37:47,899 -   [Inner 77.2] cost=970.00 no_imp=2/20 (còn 1134s)
2026-04-04 09:37:47,985 -   [Inner 77.3] cost=970.00 no_imp=4/20 (còn 1134s)
2026-04-04 09:37:48,072 -   [Inner 77.4] cost=970.00 no_imp=6/20 (còn 1134s)
2026-04-04 09:37:48,157 -   [Inner 77.5] cost=970.00 no_imp=8/20 (còn 1134s)
2026-04-04 09:37:48,244 -   [Inner 77.6] cost=970.00 no_imp=10/20 (còn 1133s)
2026-04-04 09:37:48,332 -   [Inner 77.7] cost=970.00 no_imp=12/20 (còn 1133s)
2026-04-04 09:37:48,417 -   [Inner 77.8] cost=970.00 no_imp=14/20 (còn 1133s)
2026-04-04 09:37:48,503 -   [Inner 77.9] cost=970.00 no_imp=16/20 (còn 1133s)
2026-04-04 09:37:48,591 -   [Inner 77.10] cost=970.00 no_imp=18/20 (còn 1133s)
2026-04-04 09:37:48,677 -   [Outer 77] Chạy Pairwise MaxSAT...
2026-04-04 09:37:48,677 -   [Outer] Không cải thiện (streak=76)
2026-04-04 09:37:48,677 - === OUTER 78 | cost=970.00 no_imp_streak=76 (còn 1133s) ===
2026-04-04 09:37:48,677 -   [Inner 78.1] cost=970.00 no_imp=0/20 (còn 1133s)
2026-04-04 09:37:48,763 -   [Inner 78.2] cost=970.00 no_imp=2/20 (còn 1133s)
2026-04-04 09:37:48,850 -   [Inner 78.3] cost=970.00 no_imp=4/20 (còn 1133s)
2026-04-04 09:37:48,936 -   [Inner 78.4] cost=970.00 no_imp=6/20 (còn 1133s)
2026-04-04 09:37:49,022 -   [Inner 78.5] cost=970.00 no_imp=8/20 (còn 1133s)
2026-04-04 09:37:49,108 -   [Inner 78.6] cost=970.00 no_imp=10/20 (còn 1133s)
2026-04-04 09:37:49,195 -   [Inner 78.7] cost=970.00 no_imp=12/20 (còn 1132s)
2026-04-04 09:37:49,282 -   [Inner 78.8] cost=970.00 no_imp=14/20 (còn 1132s)
2026-04-04 09:37:49,370 -   [Inner 78.9] cost=970.00 no_imp=16/20 (còn 1132s)
2026-04-04 09:37:49,455 -   [Inner 78.10] cost=970.00 no_imp=18/20 (còn 1132s)
2026-04-04 09:37:49,542 -   [Outer 78] Chạy Pairwise MaxSAT...
2026-04-04 09:37:49,542 -   [Outer] Không cải thiện (streak=77)
2026-04-04 09:37:49,542 - === OUTER 79 | cost=970.00 no_imp_streak=77 (còn 1132s) ===
2026-04-04 09:37:49,542 -   [Inner 79.1] cost=970.00 no_imp=0/20 (còn 1132s)
2026-04-04 09:37:49,628 -   [Inner 79.2] cost=970.00 no_imp=2/20 (còn 1132s)
2026-04-04 09:37:49,716 -   [Inner 79.3] cost=970.00 no_imp=4/20 (còn 1132s)
2026-04-04 09:37:49,803 -   [Inner 79.4] cost=970.00 no_imp=6/20 (còn 1132s)
2026-04-04 09:37:49,890 -   [Inner 79.5] cost=970.00 no_imp=8/20 (còn 1132s)
2026-04-04 09:37:49,976 -   [Inner 79.6] cost=970.00 no_imp=10/20 (còn 1132s)
2026-04-04 09:37:50,063 -   [Inner 79.7] cost=970.00 no_imp=12/20 (còn 1132s)
2026-04-04 09:37:50,150 -   [Inner 79.8] cost=970.00 no_imp=14/20 (còn 1132s)
2026-04-04 09:37:50,237 -   [Inner 79.9] cost=970.00 no_imp=16/20 (còn 1131s)
2026-04-04 09:37:50,324 -   [Inner 79.10] cost=970.00 no_imp=18/20 (còn 1131s)
2026-04-04 09:37:50,440 -   [Outer 79] Chạy Pairwise MaxSAT...
2026-04-04 09:37:50,440 -   [Outer] Không cải thiện (streak=78)
2026-04-04 09:37:50,440 - === OUTER 80 | cost=970.00 no_imp_streak=78 (còn 1131s) ===
2026-04-04 09:37:50,440 -   [Inner 80.1] cost=970.00 no_imp=0/20 (còn 1131s)
2026-04-04 09:37:50,530 -   [Inner 80.2] cost=970.00 no_imp=2/20 (còn 1131s)
2026-04-04 09:37:50,621 -   [Inner 80.3] cost=970.00 no_imp=4/20 (còn 1131s)
2026-04-04 09:37:50,707 -   [Inner 80.4] cost=970.00 no_imp=6/20 (còn 1131s)
2026-04-04 09:37:50,792 -   [Inner 80.5] cost=970.00 no_imp=8/20 (còn 1131s)
2026-04-04 09:37:50,878 -   [Inner 80.6] cost=970.00 no_imp=10/20 (còn 1131s)
2026-04-04 09:37:50,964 -   [Inner 80.7] cost=970.00 no_imp=12/20 (còn 1131s)
2026-04-04 09:37:51,051 -   [Inner 80.8] cost=970.00 no_imp=14/20 (còn 1131s)
2026-04-04 09:37:51,138 -   [Inner 80.9] cost=970.00 no_imp=16/20 (còn 1131s)
2026-04-04 09:37:51,226 -   [Inner 80.10] cost=970.00 no_imp=18/20 (còn 1130s)
2026-04-04 09:37:51,313 -   [Outer 80] Chạy Pairwise MaxSAT...
2026-04-04 09:37:51,314 -   [Outer] Không cải thiện (streak=79)
2026-04-04 09:37:51,314 - === OUTER 81 | cost=970.00 no_imp_streak=79 (còn 1130s) ===
2026-04-04 09:37:51,314 -   [Inner 81.1] cost=970.00 no_imp=0/20 (còn 1130s)
2026-04-04 09:37:51,400 -   [Inner 81.2] cost=970.00 no_imp=2/20 (còn 1130s)
2026-04-04 09:37:51,486 -   [Inner 81.3] cost=970.00 no_imp=4/20 (còn 1130s)
2026-04-04 09:37:51,572 -   [Inner 81.4] cost=970.00 no_imp=6/20 (còn 1130s)
2026-04-04 09:37:51,659 -   [Inner 81.5] cost=970.00 no_imp=8/20 (còn 1130s)
2026-04-04 09:37:51,745 -   [Inner 81.6] cost=970.00 no_imp=10/20 (còn 1130s)
2026-04-04 09:37:51,831 -   [Inner 81.7] cost=970.00 no_imp=12/20 (còn 1130s)
2026-04-04 09:37:51,917 -   [Inner 81.8] cost=970.00 no_imp=14/20 (còn 1130s)
2026-04-04 09:37:52,003 -   [Inner 81.9] cost=970.00 no_imp=16/20 (còn 1130s)
2026-04-04 09:37:52,089 -   [Inner 81.10] cost=970.00 no_imp=18/20 (còn 1130s)
2026-04-04 09:37:52,176 -   [Outer 81] Chạy Pairwise MaxSAT...
2026-04-04 09:37:52,176 -   [Outer] Không cải thiện (streak=80)
2026-04-04 09:37:52,177 - === OUTER 82 | cost=970.00 no_imp_streak=80 (còn 1129s) ===
2026-04-04 09:37:52,177 -   [Inner 82.1] cost=970.00 no_imp=0/20 (còn 1129s)
2026-04-04 09:37:52,262 -   [Inner 82.2] cost=970.00 no_imp=2/20 (còn 1129s)
2026-04-04 09:37:52,348 -   [Inner 82.3] cost=970.00 no_imp=4/20 (còn 1129s)
2026-04-04 09:37:52,435 -   [Inner 82.4] cost=970.00 no_imp=6/20 (còn 1129s)
2026-04-04 09:37:52,521 -   [Inner 82.5] cost=970.00 no_imp=8/20 (còn 1129s)
2026-04-04 09:37:52,610 -   [Inner 82.6] cost=970.00 no_imp=10/20 (còn 1129s)
2026-04-04 09:37:52,696 -   [Inner 82.7] cost=970.00 no_imp=12/20 (còn 1129s)
2026-04-04 09:37:52,784 -   [Inner 82.8] cost=970.00 no_imp=14/20 (còn 1129s)
2026-04-04 09:37:52,870 -   [Inner 82.9] cost=970.00 no_imp=16/20 (còn 1129s)
2026-04-04 09:37:52,956 -   [Inner 82.10] cost=970.00 no_imp=18/20 (còn 1129s)
2026-04-04 09:37:53,042 -   [Outer 82] Chạy Pairwise MaxSAT...
2026-04-04 09:37:53,043 -   [Outer] Không cải thiện (streak=81)
2026-04-04 09:37:53,043 - === OUTER 83 | cost=970.00 no_imp_streak=81 (còn 1129s) ===
2026-04-04 09:37:53,043 -   [Inner 83.1] cost=970.00 no_imp=0/20 (còn 1129s)
2026-04-04 09:37:53,130 -   [Inner 83.2] cost=970.00 no_imp=2/20 (còn 1129s)
2026-04-04 09:37:53,216 -   [Inner 83.3] cost=970.00 no_imp=4/20 (còn 1128s)
2026-04-04 09:37:53,303 -   [Inner 83.4] cost=970.00 no_imp=6/20 (còn 1128s)
2026-04-04 09:37:53,389 -   [Inner 83.5] cost=970.00 no_imp=8/20 (còn 1128s)
2026-04-04 09:37:53,476 -   [Inner 83.6] cost=970.00 no_imp=10/20 (còn 1128s)
2026-04-04 09:37:53,562 -   [Inner 83.7] cost=970.00 no_imp=12/20 (còn 1128s)
2026-04-04 09:37:53,648 -   [Inner 83.8] cost=970.00 no_imp=14/20 (còn 1128s)
2026-04-04 09:37:53,735 -   [Inner 83.9] cost=970.00 no_imp=16/20 (còn 1128s)
2026-04-04 09:37:53,821 -   [Inner 83.10] cost=970.00 no_imp=18/20 (còn 1128s)
2026-04-04 09:37:53,907 -   [Outer 83] Chạy Pairwise MaxSAT...
2026-04-04 09:37:53,908 -   [Outer] Không cải thiện (streak=82)
2026-04-04 09:37:53,908 - === OUTER 84 | cost=970.00 no_imp_streak=82 (còn 1128s) ===
2026-04-04 09:37:53,908 -   [Inner 84.1] cost=970.00 no_imp=0/20 (còn 1128s)
2026-04-04 09:37:53,995 -   [Inner 84.2] cost=970.00 no_imp=2/20 (còn 1128s)
2026-04-04 09:37:54,082 -   [Inner 84.3] cost=970.00 no_imp=4/20 (còn 1128s)
2026-04-04 09:37:54,168 -   [Inner 84.4] cost=970.00 no_imp=6/20 (còn 1127s)
2026-04-04 09:37:54,255 -   [Inner 84.5] cost=970.00 no_imp=8/20 (còn 1127s)
2026-04-04 09:37:54,342 -   [Inner 84.6] cost=970.00 no_imp=10/20 (còn 1127s)
2026-04-04 09:37:54,428 -   [Inner 84.7] cost=970.00 no_imp=12/20 (còn 1127s)
2026-04-04 09:37:54,514 -   [Inner 84.8] cost=970.00 no_imp=14/20 (còn 1127s)
2026-04-04 09:37:54,600 -   [Inner 84.9] cost=970.00 no_imp=16/20 (còn 1127s)
2026-04-04 09:37:54,690 -   [Inner 84.10] cost=970.00 no_imp=18/20 (còn 1127s)
2026-04-04 09:37:54,776 -   [Outer 84] Chạy Pairwise MaxSAT...
2026-04-04 09:37:54,777 -   [Outer] Không cải thiện (streak=83)
2026-04-04 09:37:54,777 - === OUTER 85 | cost=970.00 no_imp_streak=83 (còn 1127s) ===
2026-04-04 09:37:54,777 -   [Inner 85.1] cost=970.00 no_imp=0/20 (còn 1127s)
2026-04-04 09:37:54,862 -   [Inner 85.2] cost=970.00 no_imp=2/20 (còn 1127s)
2026-04-04 09:37:54,948 -   [Inner 85.3] cost=970.00 no_imp=4/20 (còn 1127s)
2026-04-04 09:37:55,034 -   [Inner 85.4] cost=970.00 no_imp=6/20 (còn 1127s)
2026-04-04 09:37:55,120 -   [Inner 85.5] cost=970.00 no_imp=8/20 (còn 1127s)
2026-04-04 09:37:55,207 -   [Inner 85.6] cost=970.00 no_imp=10/20 (còn 1126s)
2026-04-04 09:37:55,293 -   [Inner 85.7] cost=970.00 no_imp=12/20 (còn 1126s)
2026-04-04 09:37:55,380 -   [Inner 85.8] cost=970.00 no_imp=14/20 (còn 1126s)
2026-04-04 09:37:55,465 -   [Inner 85.9] cost=970.00 no_imp=16/20 (còn 1126s)
2026-04-04 09:37:55,551 -   [Inner 85.10] cost=970.00 no_imp=18/20 (còn 1126s)
2026-04-04 09:37:55,638 -   [Outer 85] Chạy Pairwise MaxSAT...
2026-04-04 09:37:55,638 -   [Outer] Không cải thiện (streak=84)
2026-04-04 09:37:55,639 - === OUTER 86 | cost=970.00 no_imp_streak=84 (còn 1126s) ===
2026-04-04 09:37:55,639 -   [Inner 86.1] cost=970.00 no_imp=0/20 (còn 1126s)
2026-04-04 09:37:55,724 -   [Inner 86.2] cost=970.00 no_imp=2/20 (còn 1126s)
2026-04-04 09:37:55,813 -   [Inner 86.3] cost=970.00 no_imp=4/20 (còn 1126s)
2026-04-04 09:37:55,898 -   [Inner 86.4] cost=970.00 no_imp=6/20 (còn 1126s)
2026-04-04 09:37:55,984 -   [Inner 86.5] cost=970.00 no_imp=8/20 (còn 1126s)
2026-04-04 09:37:56,070 -   [Inner 86.6] cost=970.00 no_imp=10/20 (còn 1126s)
2026-04-04 09:37:56,157 -   [Inner 86.7] cost=970.00 no_imp=12/20 (còn 1126s)
2026-04-04 09:37:56,243 -   [Inner 86.8] cost=970.00 no_imp=14/20 (còn 1125s)
2026-04-04 09:37:56,329 -   [Inner 86.9] cost=970.00 no_imp=16/20 (còn 1125s)
2026-04-04 09:37:56,416 -   [Inner 86.10] cost=970.00 no_imp=18/20 (còn 1125s)
2026-04-04 09:37:56,503 -   [Outer 86] Chạy Pairwise MaxSAT...
2026-04-04 09:37:56,503 -   [Outer] Không cải thiện (streak=85)
2026-04-04 09:37:56,503 - === OUTER 87 | cost=970.00 no_imp_streak=85 (còn 1125s) ===
2026-04-04 09:37:56,503 -   [Inner 87.1] cost=970.00 no_imp=0/20 (còn 1125s)
2026-04-04 09:37:56,590 -   [Inner 87.2] cost=970.00 no_imp=2/20 (còn 1125s)
2026-04-04 09:37:56,677 -   [Inner 87.3] cost=970.00 no_imp=4/20 (còn 1125s)
2026-04-04 09:37:56,763 -   [Inner 87.4] cost=970.00 no_imp=6/20 (còn 1125s)
2026-04-04 09:37:56,850 -   [Inner 87.5] cost=970.00 no_imp=8/20 (còn 1125s)
2026-04-04 09:37:56,936 -   [Inner 87.6] cost=970.00 no_imp=10/20 (còn 1125s)
2026-04-04 09:37:57,022 -   [Inner 87.7] cost=970.00 no_imp=12/20 (còn 1125s)
2026-04-04 09:37:57,108 -   [Inner 87.8] cost=970.00 no_imp=14/20 (còn 1125s)
2026-04-04 09:37:57,195 -   [Inner 87.9] cost=970.00 no_imp=16/20 (còn 1124s)
2026-04-04 09:37:57,280 -   [Inner 87.10] cost=970.00 no_imp=18/20 (còn 1124s)
2026-04-04 09:37:57,367 -   [Outer 87] Chạy Pairwise MaxSAT...
2026-04-04 09:37:57,368 -   [Outer] Không cải thiện (streak=86)
2026-04-04 09:37:57,368 - === OUTER 88 | cost=970.00 no_imp_streak=86 (còn 1124s) ===
2026-04-04 09:37:57,368 -   [Inner 88.1] cost=970.00 no_imp=0/20 (còn 1124s)
2026-04-04 09:37:57,454 -   [Inner 88.2] cost=970.00 no_imp=2/20 (còn 1124s)
2026-04-04 09:37:57,541 -   [Inner 88.3] cost=970.00 no_imp=4/20 (còn 1124s)
2026-04-04 09:37:57,628 -   [Inner 88.4] cost=970.00 no_imp=6/20 (còn 1124s)
2026-04-04 09:37:57,714 -   [Inner 88.5] cost=970.00 no_imp=8/20 (còn 1124s)
2026-04-04 09:37:57,800 -   [Inner 88.6] cost=970.00 no_imp=10/20 (còn 1124s)
2026-04-04 09:37:57,887 -   [Inner 88.7] cost=970.00 no_imp=12/20 (còn 1124s)
2026-04-04 09:37:57,973 -   [Inner 88.8] cost=970.00 no_imp=14/20 (còn 1124s)
2026-04-04 09:37:58,060 -   [Inner 88.9] cost=970.00 no_imp=16/20 (còn 1124s)
2026-04-04 09:37:58,146 -   [Inner 88.10] cost=970.00 no_imp=18/20 (còn 1124s)
2026-04-04 09:37:58,233 -   [Outer 88] Chạy Pairwise MaxSAT...
2026-04-04 09:37:58,234 -   [Outer] Không cải thiện (streak=87)
2026-04-04 09:37:58,234 - === OUTER 89 | cost=970.00 no_imp_streak=87 (còn 1123s) ===
2026-04-04 09:37:58,234 -   [Inner 89.1] cost=970.00 no_imp=0/20 (còn 1123s)
2026-04-04 09:37:58,321 -   [Inner 89.2] cost=970.00 no_imp=2/20 (còn 1123s)
2026-04-04 09:37:58,408 -   [Inner 89.3] cost=970.00 no_imp=4/20 (còn 1123s)
2026-04-04 09:37:58,494 -   [Inner 89.4] cost=970.00 no_imp=6/20 (còn 1123s)
2026-04-04 09:37:58,580 -   [Inner 89.5] cost=970.00 no_imp=8/20 (còn 1123s)
2026-04-04 09:37:58,667 -   [Inner 89.6] cost=970.00 no_imp=10/20 (còn 1123s)
2026-04-04 09:37:58,756 -   [Inner 89.7] cost=970.00 no_imp=12/20 (còn 1123s)
2026-04-04 09:37:58,842 -   [Inner 89.8] cost=970.00 no_imp=14/20 (còn 1123s)
2026-04-04 09:37:58,928 -   [Inner 89.9] cost=970.00 no_imp=16/20 (còn 1123s)
2026-04-04 09:37:59,014 -   [Inner 89.10] cost=970.00 no_imp=18/20 (còn 1123s)
2026-04-04 09:37:59,101 -   [Outer 89] Chạy Pairwise MaxSAT...
2026-04-04 09:37:59,101 -   [Outer] Không cải thiện (streak=88)
2026-04-04 09:37:59,101 - === OUTER 90 | cost=970.00 no_imp_streak=88 (còn 1123s) ===
2026-04-04 09:37:59,101 -   [Inner 90.1] cost=970.00 no_imp=0/20 (còn 1123s)
2026-04-04 09:37:59,187 -   [Inner 90.2] cost=970.00 no_imp=2/20 (còn 1122s)
2026-04-04 09:37:59,273 -   [Inner 90.3] cost=970.00 no_imp=4/20 (còn 1122s)
2026-04-04 09:37:59,360 -   [Inner 90.4] cost=970.00 no_imp=6/20 (còn 1122s)
2026-04-04 09:37:59,446 -   [Inner 90.5] cost=970.00 no_imp=8/20 (còn 1122s)
2026-04-04 09:37:59,532 -   [Inner 90.6] cost=970.00 no_imp=10/20 (còn 1122s)
2026-04-04 09:37:59,618 -   [Inner 90.7] cost=970.00 no_imp=12/20 (còn 1122s)
2026-04-04 09:37:59,704 -   [Inner 90.8] cost=970.00 no_imp=14/20 (còn 1122s)
2026-04-04 09:37:59,790 -   [Inner 90.9] cost=970.00 no_imp=16/20 (còn 1122s)
2026-04-04 09:37:59,876 -   [Inner 90.10] cost=970.00 no_imp=18/20 (còn 1122s)
2026-04-04 09:37:59,963 -   [Outer 90] Chạy Pairwise MaxSAT...
2026-04-04 09:37:59,963 -   [Outer] Không cải thiện (streak=89)
2026-04-04 09:37:59,964 - === OUTER 91 | cost=970.00 no_imp_streak=89 (còn 1122s) ===
2026-04-04 09:37:59,964 -   [Inner 91.1] cost=970.00 no_imp=0/20 (còn 1122s)
2026-04-04 09:38:00,051 -   [Inner 91.2] cost=970.00 no_imp=2/20 (còn 1122s)
2026-04-04 09:38:00,137 -   [Inner 91.3] cost=970.00 no_imp=4/20 (còn 1122s)
2026-04-04 09:38:00,224 -   [Inner 91.4] cost=970.00 no_imp=6/20 (còn 1121s)
2026-04-04 09:38:00,310 -   [Inner 91.5] cost=970.00 no_imp=8/20 (còn 1121s)
2026-04-04 09:38:00,396 -   [Inner 91.6] cost=970.00 no_imp=10/20 (còn 1121s)
2026-04-04 09:38:00,482 -   [Inner 91.7] cost=970.00 no_imp=12/20 (còn 1121s)
2026-04-04 09:38:00,569 -   [Inner 91.8] cost=970.00 no_imp=14/20 (còn 1121s)
2026-04-04 09:38:00,655 -   [Inner 91.9] cost=970.00 no_imp=16/20 (còn 1121s)
2026-04-04 09:38:00,743 -   [Inner 91.10] cost=970.00 no_imp=18/20 (còn 1121s)
2026-04-04 09:38:00,830 -   [Outer 91] Chạy Pairwise MaxSAT...
2026-04-04 09:38:00,830 -   [Outer] Không cải thiện (streak=90)
2026-04-04 09:38:00,830 - === OUTER 92 | cost=970.00 no_imp_streak=90 (còn 1121s) ===
2026-04-04 09:38:00,830 -   [Inner 92.1] cost=970.00 no_imp=0/20 (còn 1121s)
2026-04-04 09:38:00,918 -   [Inner 92.2] cost=970.00 no_imp=2/20 (còn 1121s)
2026-04-04 09:38:01,004 -   [Inner 92.3] cost=970.00 no_imp=4/20 (còn 1121s)
2026-04-04 09:38:01,091 -   [Inner 92.4] cost=970.00 no_imp=6/20 (còn 1121s)
2026-04-04 09:38:01,177 -   [Inner 92.5] cost=970.00 no_imp=8/20 (còn 1120s)
2026-04-04 09:38:01,263 -   [Inner 92.6] cost=970.00 no_imp=10/20 (còn 1120s)
2026-04-04 09:38:01,349 -   [Inner 92.7] cost=970.00 no_imp=12/20 (còn 1120s)
2026-04-04 09:38:01,434 -   [Inner 92.8] cost=970.00 no_imp=14/20 (còn 1120s)
2026-04-04 09:38:01,519 -   [Inner 92.9] cost=970.00 no_imp=16/20 (còn 1120s)
2026-04-04 09:38:01,606 -   [Inner 92.10] cost=970.00 no_imp=18/20 (còn 1120s)
2026-04-04 09:38:01,696 -   [Outer 92] Chạy Pairwise MaxSAT...
2026-04-04 09:38:01,696 -   [Outer] Không cải thiện (streak=91)
2026-04-04 09:38:01,697 - === OUTER 93 | cost=970.00 no_imp_streak=91 (còn 1120s) ===
2026-04-04 09:38:01,697 -   [Inner 93.1] cost=970.00 no_imp=0/20 (còn 1120s)
2026-04-04 09:38:01,786 -   [Inner 93.2] cost=970.00 no_imp=2/20 (còn 1120s)
2026-04-04 09:38:01,872 -   [Inner 93.3] cost=970.00 no_imp=4/20 (còn 1120s)
2026-04-04 09:38:01,959 -   [Inner 93.4] cost=970.00 no_imp=6/20 (còn 1120s)
2026-04-04 09:38:02,045 -   [Inner 93.5] cost=970.00 no_imp=8/20 (còn 1120s)
2026-04-04 09:38:02,132 -   [Inner 93.6] cost=970.00 no_imp=10/20 (còn 1120s)
2026-04-04 09:38:02,218 -   [Inner 93.7] cost=970.00 no_imp=12/20 (còn 1119s)
2026-04-04 09:38:02,304 -   [Inner 93.8] cost=970.00 no_imp=14/20 (còn 1119s)
2026-04-04 09:38:02,391 -   [Inner 93.9] cost=970.00 no_imp=16/20 (còn 1119s)
2026-04-04 09:38:02,477 -   [Inner 93.10] cost=970.00 no_imp=18/20 (còn 1119s)
2026-04-04 09:38:02,563 -   [Outer 93] Chạy Pairwise MaxSAT...
2026-04-04 09:38:02,564 -   [Outer] Không cải thiện (streak=92)
2026-04-04 09:38:02,564 - === OUTER 94 | cost=970.00 no_imp_streak=92 (còn 1119s) ===
2026-04-04 09:38:02,564 -   [Inner 94.1] cost=970.00 no_imp=0/20 (còn 1119s)
2026-04-04 09:38:02,650 -   [Inner 94.2] cost=970.00 no_imp=2/20 (còn 1119s)
2026-04-04 09:38:02,738 -   [Inner 94.3] cost=970.00 no_imp=4/20 (còn 1119s)
2026-04-04 09:38:02,825 -   [Inner 94.4] cost=970.00 no_imp=6/20 (còn 1119s)
2026-04-04 09:38:02,911 -   [Inner 94.5] cost=970.00 no_imp=8/20 (còn 1119s)
2026-04-04 09:38:02,997 -   [Inner 94.6] cost=970.00 no_imp=10/20 (còn 1119s)
2026-04-04 09:38:03,083 -   [Inner 94.7] cost=970.00 no_imp=12/20 (còn 1119s)
2026-04-04 09:38:03,170 -   [Inner 94.8] cost=970.00 no_imp=14/20 (còn 1118s)
2026-04-04 09:38:03,256 -   [Inner 94.9] cost=970.00 no_imp=16/20 (còn 1118s)
2026-04-04 09:38:03,343 -   [Inner 94.10] cost=970.00 no_imp=18/20 (còn 1118s)
2026-04-04 09:38:03,429 -   [Outer 94] Chạy Pairwise MaxSAT...
2026-04-04 09:38:03,429 -   [Outer] Không cải thiện (streak=93)
2026-04-04 09:38:03,429 - === OUTER 95 | cost=970.00 no_imp_streak=93 (còn 1118s) ===
2026-04-04 09:38:03,429 -   [Inner 95.1] cost=970.00 no_imp=0/20 (còn 1118s)
2026-04-04 09:38:03,515 -   [Inner 95.2] cost=970.00 no_imp=2/20 (còn 1118s)
2026-04-04 09:38:03,602 -   [Inner 95.3] cost=970.00 no_imp=4/20 (còn 1118s)
2026-04-04 09:38:03,688 -   [Inner 95.4] cost=970.00 no_imp=6/20 (còn 1118s)
2026-04-04 09:38:03,775 -   [Inner 95.5] cost=970.00 no_imp=8/20 (còn 1118s)
2026-04-04 09:38:03,861 -   [Inner 95.6] cost=970.00 no_imp=10/20 (còn 1118s)
2026-04-04 09:38:03,947 -   [Inner 95.7] cost=970.00 no_imp=12/20 (còn 1118s)
2026-04-04 09:38:04,033 -   [Inner 95.8] cost=970.00 no_imp=14/20 (còn 1118s)
2026-04-04 09:38:04,118 -   [Inner 95.9] cost=970.00 no_imp=16/20 (còn 1118s)
2026-04-04 09:38:04,204 -   [Inner 95.10] cost=970.00 no_imp=18/20 (còn 1117s)
2026-04-04 09:38:04,292 -   [Outer 95] Chạy Pairwise MaxSAT...
2026-04-04 09:38:04,292 -   [Outer] Không cải thiện (streak=94)
2026-04-04 09:38:04,292 - === OUTER 96 | cost=970.00 no_imp_streak=94 (còn 1117s) ===
2026-04-04 09:38:04,292 -   [Inner 96.1] cost=970.00 no_imp=0/20 (còn 1117s)
2026-04-04 09:38:04,378 -   [Inner 96.2] cost=970.00 no_imp=2/20 (còn 1117s)
2026-04-04 09:38:04,464 -   [Inner 96.3] cost=970.00 no_imp=4/20 (còn 1117s)
2026-04-04 09:38:04,550 -   [Inner 96.4] cost=970.00 no_imp=6/20 (còn 1117s)
2026-04-04 09:38:04,636 -   [Inner 96.5] cost=970.00 no_imp=8/20 (còn 1117s)
2026-04-04 09:38:04,722 -   [Inner 96.6] cost=970.00 no_imp=10/20 (còn 1117s)
2026-04-04 09:38:04,810 -   [Inner 96.7] cost=970.00 no_imp=12/20 (còn 1117s)
2026-04-04 09:38:04,895 -   [Inner 96.8] cost=970.00 no_imp=14/20 (còn 1117s)
2026-04-04 09:38:04,982 -   [Inner 96.9] cost=970.00 no_imp=16/20 (còn 1117s)
2026-04-04 09:38:05,068 -   [Inner 96.10] cost=970.00 no_imp=18/20 (còn 1117s)
2026-04-04 09:38:05,155 -   [Outer 96] Chạy Pairwise MaxSAT...
2026-04-04 09:38:05,156 -   [Outer] Không cải thiện (streak=95)
2026-04-04 09:38:05,156 - === OUTER 97 | cost=970.00 no_imp_streak=95 (còn 1117s) ===
2026-04-04 09:38:05,156 -   [Inner 97.1] cost=970.00 no_imp=0/20 (còn 1117s)
2026-04-04 09:38:05,243 -   [Inner 97.2] cost=970.00 no_imp=2/20 (còn 1116s)
2026-04-04 09:38:05,329 -   [Inner 97.3] cost=970.00 no_imp=4/20 (còn 1116s)
2026-04-04 09:38:05,416 -   [Inner 97.4] cost=970.00 no_imp=6/20 (còn 1116s)
2026-04-04 09:38:05,501 -   [Inner 97.5] cost=970.00 no_imp=8/20 (còn 1116s)
2026-04-04 09:38:05,588 -   [Inner 97.6] cost=970.00 no_imp=10/20 (còn 1116s)
2026-04-04 09:38:05,675 -   [Inner 97.7] cost=970.00 no_imp=12/20 (còn 1116s)
2026-04-04 09:38:05,761 -   [Inner 97.8] cost=970.00 no_imp=14/20 (còn 1116s)
2026-04-04 09:38:05,848 -   [Inner 97.9] cost=970.00 no_imp=16/20 (còn 1116s)
2026-04-04 09:38:05,935 -   [Inner 97.10] cost=970.00 no_imp=18/20 (còn 1116s)
2026-04-04 09:38:06,022 -   [Outer 97] Chạy Pairwise MaxSAT...
2026-04-04 09:38:06,023 -   [Outer] Không cải thiện (streak=96)
2026-04-04 09:38:06,023 - === OUTER 98 | cost=970.00 no_imp_streak=96 (còn 1116s) ===
2026-04-04 09:38:06,023 -   [Inner 98.1] cost=970.00 no_imp=0/20 (còn 1116s)
2026-04-04 09:38:06,109 -   [Inner 98.2] cost=970.00 no_imp=2/20 (còn 1116s)
2026-04-04 09:38:06,195 -   [Inner 98.3] cost=970.00 no_imp=4/20 (còn 1115s)
2026-04-04 09:38:06,281 -   [Inner 98.4] cost=970.00 no_imp=6/20 (còn 1115s)
2026-04-04 09:38:06,368 -   [Inner 98.5] cost=970.00 no_imp=8/20 (còn 1115s)
2026-04-04 09:38:06,458 -   [Inner 98.6] cost=970.00 no_imp=10/20 (còn 1115s)
2026-04-04 09:38:06,546 -   [Inner 98.7] cost=970.00 no_imp=12/20 (còn 1115s)
2026-04-04 09:38:06,633 -   [Inner 98.8] cost=970.00 no_imp=14/20 (còn 1115s)
2026-04-04 09:38:06,719 -   [Inner 98.9] cost=970.00 no_imp=16/20 (còn 1115s)
2026-04-04 09:38:06,809 -   [Inner 98.10] cost=970.00 no_imp=18/20 (còn 1115s)
2026-04-04 09:38:06,895 -   [Outer 98] Chạy Pairwise MaxSAT...
2026-04-04 09:38:06,896 -   [Outer] Không cải thiện (streak=97)
2026-04-04 09:38:06,896 - === OUTER 99 | cost=970.00 no_imp_streak=97 (còn 1115s) ===
2026-04-04 09:38:06,896 -   [Inner 99.1] cost=970.00 no_imp=0/20 (còn 1115s)
2026-04-04 09:38:06,983 -   [Inner 99.2] cost=970.00 no_imp=2/20 (còn 1115s)
2026-04-04 09:38:07,070 -   [Inner 99.3] cost=970.00 no_imp=4/20 (còn 1115s)
2026-04-04 09:38:07,155 -   [Inner 99.4] cost=970.00 no_imp=6/20 (còn 1115s)
2026-04-04 09:38:07,243 -   [Inner 99.5] cost=970.00 no_imp=8/20 (còn 1114s)
2026-04-04 09:38:07,328 -   [Inner 99.6] cost=970.00 no_imp=10/20 (còn 1114s)
2026-04-04 09:38:07,413 -   [Inner 99.7] cost=970.00 no_imp=12/20 (còn 1114s)
2026-04-04 09:38:07,500 -   [Inner 99.8] cost=970.00 no_imp=14/20 (còn 1114s)
2026-04-04 09:38:07,585 -   [Inner 99.9] cost=970.00 no_imp=16/20 (còn 1114s)
2026-04-04 09:38:07,671 -   [Inner 99.10] cost=970.00 no_imp=18/20 (còn 1114s)
2026-04-04 09:38:07,758 -   [Outer 99] Chạy Pairwise MaxSAT...
2026-04-04 09:38:07,759 -   [Outer] Không cải thiện (streak=98)
2026-04-04 09:38:07,759 - === OUTER 100 | cost=970.00 no_imp_streak=98 (còn 1114s) ===
2026-04-04 09:38:07,759 -   [Inner 100.1] cost=970.00 no_imp=0/20 (còn 1114s)
2026-04-04 09:38:07,845 -   [Inner 100.2] cost=970.00 no_imp=2/20 (còn 1114s)
2026-04-04 09:38:07,931 -   [Inner 100.3] cost=970.00 no_imp=4/20 (còn 1114s)
2026-04-04 09:38:08,017 -   [Inner 100.4] cost=970.00 no_imp=6/20 (còn 1114s)
2026-04-04 09:38:08,154 -   [Inner 100.5] cost=970.00 no_imp=8/20 (còn 1114s)
2026-04-04 09:38:08,240 -   [Inner 100.6] cost=970.00 no_imp=10/20 (còn 1113s)
2026-04-04 09:38:08,326 -   [Inner 100.7] cost=970.00 no_imp=12/20 (còn 1113s)
2026-04-04 09:38:08,414 -   [Inner 100.8] cost=970.00 no_imp=14/20 (còn 1113s)
2026-04-04 09:38:08,500 -   [Inner 100.9] cost=970.00 no_imp=16/20 (còn 1113s)
2026-04-04 09:38:08,587 -   [Inner 100.10] cost=970.00 no_imp=18/20 (còn 1113s)
2026-04-04 09:38:08,673 -   [Outer 100] Chạy Pairwise MaxSAT...
2026-04-04 09:38:08,673 -   [Outer] Không cải thiện (streak=99)
2026-04-04 09:38:08,673 - === OUTER 101 | cost=970.00 no_imp_streak=99 (còn 1113s) ===
2026-04-04 09:38:08,673 -   [Inner 101.1] cost=970.00 no_imp=0/20 (còn 1113s)
2026-04-04 09:38:08,760 -   [Inner 101.2] cost=970.00 no_imp=2/20 (còn 1113s)
2026-04-04 09:38:08,848 -   [Inner 101.3] cost=970.00 no_imp=4/20 (còn 1113s)
2026-04-04 09:38:08,935 -   [Inner 101.4] cost=970.00 no_imp=6/20 (còn 1113s)
2026-04-04 09:38:09,022 -   [Inner 101.5] cost=970.00 no_imp=8/20 (còn 1113s)
2026-04-04 09:38:09,108 -   [Inner 101.6] cost=970.00 no_imp=10/20 (còn 1113s)
2026-04-04 09:38:09,193 -   [Inner 101.7] cost=970.00 no_imp=12/20 (còn 1112s)
2026-04-04 09:38:09,280 -   [Inner 101.8] cost=970.00 no_imp=14/20 (còn 1112s)
2026-04-04 09:38:09,366 -   [Inner 101.9] cost=970.00 no_imp=16/20 (còn 1112s)
2026-04-04 09:38:09,451 -   [Inner 101.10] cost=970.00 no_imp=18/20 (còn 1112s)
2026-04-04 09:38:09,537 -   [Outer 101] Chạy Pairwise MaxSAT...
2026-04-04 09:38:09,537 -   [Outer] Không cải thiện (streak=100)
2026-04-04 09:38:09,538 - === OUTER 102 | cost=970.00 no_imp_streak=100 (còn 1112s) ===
2026-04-04 09:38:09,538 -   [Inner 102.1] cost=970.00 no_imp=0/20 (còn 1112s)
2026-04-04 09:38:09,625 -   [Inner 102.2] cost=970.00 no_imp=2/20 (còn 1112s)
2026-04-04 09:38:09,711 -   [Inner 102.3] cost=970.00 no_imp=4/20 (còn 1112s)
2026-04-04 09:38:09,798 -   [Inner 102.4] cost=970.00 no_imp=6/20 (còn 1112s)
2026-04-04 09:38:09,884 -   [Inner 102.5] cost=970.00 no_imp=8/20 (còn 1112s)
2026-04-04 09:38:09,970 -   [Inner 102.6] cost=970.00 no_imp=10/20 (còn 1112s)
2026-04-04 09:38:10,056 -   [Inner 102.7] cost=970.00 no_imp=12/20 (còn 1112s)
2026-04-04 09:38:10,143 -   [Inner 102.8] cost=970.00 no_imp=14/20 (còn 1112s)
2026-04-04 09:38:10,229 -   [Inner 102.9] cost=970.00 no_imp=16/20 (còn 1111s)
2026-04-04 09:38:10,317 -   [Inner 102.10] cost=970.00 no_imp=18/20 (còn 1111s)
2026-04-04 09:38:10,403 -   [Outer 102] Chạy Pairwise MaxSAT...
2026-04-04 09:38:10,403 -   [Outer] Không cải thiện (streak=101)
2026-04-04 09:38:10,403 - === OUTER 103 | cost=970.00 no_imp_streak=101 (còn 1111s) ===
2026-04-04 09:38:10,403 -   [Inner 103.1] cost=970.00 no_imp=0/20 (còn 1111s)
2026-04-04 09:38:10,490 -   [Inner 103.2] cost=970.00 no_imp=2/20 (còn 1111s)
2026-04-04 09:38:10,577 -   [Inner 103.3] cost=970.00 no_imp=4/20 (còn 1111s)
2026-04-04 09:38:10,664 -   [Inner 103.4] cost=970.00 no_imp=6/20 (còn 1111s)
2026-04-04 09:38:10,751 -   [Inner 103.5] cost=970.00 no_imp=8/20 (còn 1111s)
2026-04-04 09:38:10,838 -   [Inner 103.6] cost=970.00 no_imp=10/20 (còn 1111s)
2026-04-04 09:38:10,926 -   [Inner 103.7] cost=970.00 no_imp=12/20 (còn 1111s)
2026-04-04 09:38:11,012 -   [Inner 103.8] cost=970.00 no_imp=14/20 (còn 1111s)
2026-04-04 09:38:11,099 -   [Inner 103.9] cost=970.00 no_imp=16/20 (còn 1111s)
2026-04-04 09:38:11,184 -   [Inner 103.10] cost=970.00 no_imp=18/20 (còn 1110s)
2026-04-04 09:38:11,271 -   [Outer 103] Chạy Pairwise MaxSAT...
2026-04-04 09:38:11,271 -   [Outer] Không cải thiện (streak=102)
2026-04-04 09:38:11,271 - === OUTER 104 | cost=970.00 no_imp_streak=102 (còn 1110s) ===
2026-04-04 09:38:11,271 -   [Inner 104.1] cost=970.00 no_imp=0/20 (còn 1110s)
2026-04-04 09:38:11,358 -   [Inner 104.2] cost=970.00 no_imp=2/20 (còn 1110s)
2026-04-04 09:38:11,445 -   [Inner 104.3] cost=970.00 no_imp=4/20 (còn 1110s)
2026-04-04 09:38:11,531 -   [Inner 104.4] cost=970.00 no_imp=6/20 (còn 1110s)
2026-04-04 09:38:11,616 -   [Inner 104.5] cost=970.00 no_imp=8/20 (còn 1110s)
2026-04-04 09:38:11,701 -   [Inner 104.6] cost=970.00 no_imp=10/20 (còn 1110s)
2026-04-04 09:38:11,788 -   [Inner 104.7] cost=970.00 no_imp=12/20 (còn 1110s)
2026-04-04 09:38:11,875 -   [Inner 104.8] cost=970.00 no_imp=14/20 (còn 1110s)
2026-04-04 09:38:11,961 -   [Inner 104.9] cost=970.00 no_imp=16/20 (còn 1110s)
2026-04-04 09:38:12,048 -   [Inner 104.10] cost=970.00 no_imp=18/20 (còn 1110s)
2026-04-04 09:38:12,134 -   [Outer 104] Chạy Pairwise MaxSAT...
2026-04-04 09:38:12,135 -   [Outer] Không cải thiện (streak=103)
2026-04-04 09:38:12,135 - === OUTER 105 | cost=970.00 no_imp_streak=103 (còn 1110s) ===
2026-04-04 09:38:12,135 -   [Inner 105.1] cost=970.00 no_imp=0/20 (còn 1110s)
2026-04-04 09:38:12,221 -   [Inner 105.2] cost=970.00 no_imp=2/20 (còn 1109s)
2026-04-04 09:38:12,308 -   [Inner 105.3] cost=970.00 no_imp=4/20 (còn 1109s)
2026-04-04 09:38:12,394 -   [Inner 105.4] cost=970.00 no_imp=6/20 (còn 1109s)
2026-04-04 09:38:12,480 -   [Inner 105.5] cost=970.00 no_imp=8/20 (còn 1109s)
2026-04-04 09:38:12,566 -   [Inner 105.6] cost=970.00 no_imp=10/20 (còn 1109s)
2026-04-04 09:38:12,651 -   [Inner 105.7] cost=970.00 no_imp=12/20 (còn 1109s)
2026-04-04 09:38:12,737 -   [Inner 105.8] cost=970.00 no_imp=14/20 (còn 1109s)
2026-04-04 09:38:12,824 -   [Inner 105.9] cost=970.00 no_imp=16/20 (còn 1109s)
2026-04-04 09:38:12,913 -   [Inner 105.10] cost=970.00 no_imp=18/20 (còn 1109s)
2026-04-04 09:38:12,998 -   [Outer 105] Chạy Pairwise MaxSAT...
2026-04-04 09:38:12,999 -   [Outer] Không cải thiện (streak=104)
2026-04-04 09:38:12,999 - === OUTER 106 | cost=970.00 no_imp_streak=104 (còn 1109s) ===
2026-04-04 09:38:12,999 -   [Inner 106.1] cost=970.00 no_imp=0/20 (còn 1109s)
2026-04-04 09:38:13,085 -   [Inner 106.2] cost=970.00 no_imp=2/20 (còn 1109s)
2026-04-04 09:38:13,170 -   [Inner 106.3] cost=970.00 no_imp=4/20 (còn 1108s)
2026-04-04 09:38:13,257 -   [Inner 106.4] cost=970.00 no_imp=6/20 (còn 1108s)
2026-04-04 09:38:13,344 -   [Inner 106.5] cost=970.00 no_imp=8/20 (còn 1108s)
2026-04-04 09:38:13,430 -   [Inner 106.6] cost=970.00 no_imp=10/20 (còn 1108s)
2026-04-04 09:38:13,515 -   [Inner 106.7] cost=970.00 no_imp=12/20 (còn 1108s)
2026-04-04 09:38:13,601 -   [Inner 106.8] cost=970.00 no_imp=14/20 (còn 1108s)
2026-04-04 09:38:13,687 -   [Inner 106.9] cost=970.00 no_imp=16/20 (còn 1108s)
2026-04-04 09:38:13,774 -   [Inner 106.10] cost=970.00 no_imp=18/20 (còn 1108s)
2026-04-04 09:38:13,860 -   [Outer 106] Chạy Pairwise MaxSAT...
2026-04-04 09:38:13,860 -   [Outer] Không cải thiện (streak=105)
2026-04-04 09:38:13,861 - === OUTER 107 | cost=970.00 no_imp_streak=105 (còn 1108s) ===
2026-04-04 09:38:13,861 -   [Inner 107.1] cost=970.00 no_imp=0/20 (còn 1108s)
2026-04-04 09:38:13,947 -   [Inner 107.2] cost=970.00 no_imp=2/20 (còn 1108s)
2026-04-04 09:38:14,033 -   [Inner 107.3] cost=970.00 no_imp=4/20 (còn 1108s)
2026-04-04 09:38:14,118 -   [Inner 107.4] cost=970.00 no_imp=6/20 (còn 1108s)
2026-04-04 09:38:14,205 -   [Inner 107.5] cost=970.00 no_imp=8/20 (còn 1107s)
2026-04-04 09:38:14,292 -   [Inner 107.6] cost=970.00 no_imp=10/20 (còn 1107s)
2026-04-04 09:38:14,379 -   [Inner 107.7] cost=970.00 no_imp=12/20 (còn 1107s)
2026-04-04 09:38:14,464 -   [Inner 107.8] cost=970.00 no_imp=14/20 (còn 1107s)
2026-04-04 09:38:14,551 -   [Inner 107.9] cost=970.00 no_imp=16/20 (còn 1107s)
2026-04-04 09:38:14,637 -   [Inner 107.10] cost=970.00 no_imp=18/20 (còn 1107s)
2026-04-04 09:38:14,722 -   [Outer 107] Chạy Pairwise MaxSAT...
2026-04-04 09:38:14,723 -   [Outer] Không cải thiện (streak=106)
2026-04-04 09:38:14,723 - === OUTER 108 | cost=970.00 no_imp_streak=106 (còn 1107s) ===
2026-04-04 09:38:14,723 -   [Inner 108.1] cost=970.00 no_imp=0/20 (còn 1107s)
2026-04-04 09:38:14,810 -   [Inner 108.2] cost=970.00 no_imp=2/20 (còn 1107s)
2026-04-04 09:38:14,896 -   [Inner 108.3] cost=970.00 no_imp=4/20 (còn 1107s)
2026-04-04 09:38:14,984 -   [Inner 108.4] cost=970.00 no_imp=6/20 (còn 1107s)
2026-04-04 09:38:15,071 -   [Inner 108.5] cost=970.00 no_imp=8/20 (còn 1107s)
2026-04-04 09:38:15,156 -   [Inner 108.6] cost=970.00 no_imp=10/20 (còn 1107s)
2026-04-04 09:38:15,242 -   [Inner 108.7] cost=970.00 no_imp=12/20 (còn 1106s)
2026-04-04 09:38:15,329 -   [Inner 108.8] cost=970.00 no_imp=14/20 (còn 1106s)
2026-04-04 09:38:15,415 -   [Inner 108.9] cost=970.00 no_imp=16/20 (còn 1106s)
2026-04-04 09:38:15,501 -   [Inner 108.10] cost=970.00 no_imp=18/20 (còn 1106s)
2026-04-04 09:38:15,587 -   [Outer 108] Chạy Pairwise MaxSAT...
2026-04-04 09:38:15,588 -   [Outer] Không cải thiện (streak=107)
2026-04-04 09:38:15,588 - === OUTER 109 | cost=970.00 no_imp_streak=107 (còn 1106s) ===
2026-04-04 09:38:15,588 -   [Inner 109.1] cost=970.00 no_imp=0/20 (còn 1106s)
2026-04-04 09:38:15,674 -   [Inner 109.2] cost=970.00 no_imp=2/20 (còn 1106s)
2026-04-04 09:38:15,760 -   [Inner 109.3] cost=970.00 no_imp=4/20 (còn 1106s)
2026-04-04 09:38:15,846 -   [Inner 109.4] cost=970.00 no_imp=6/20 (còn 1106s)
2026-04-04 09:38:15,932 -   [Inner 109.5] cost=970.00 no_imp=8/20 (còn 1106s)
2026-04-04 09:38:16,018 -   [Inner 109.6] cost=970.00 no_imp=10/20 (còn 1106s)
2026-04-04 09:38:16,105 -   [Inner 109.7] cost=970.00 no_imp=12/20 (còn 1106s)
2026-04-04 09:38:16,192 -   [Inner 109.8] cost=970.00 no_imp=14/20 (còn 1105s)
2026-04-04 09:38:16,325 -   [Inner 109.9] cost=970.00 no_imp=16/20 (còn 1105s)
2026-04-04 09:38:16,413 -   [Inner 109.10] cost=970.00 no_imp=18/20 (còn 1105s)
2026-04-04 09:38:16,499 -   [Outer 109] Chạy Pairwise MaxSAT...
2026-04-04 09:38:16,500 -   [Outer] Không cải thiện (streak=108)
2026-04-04 09:38:16,500 - === OUTER 110 | cost=970.00 no_imp_streak=108 (còn 1105s) ===
2026-04-04 09:38:16,500 -   [Inner 110.1] cost=970.00 no_imp=0/20 (còn 1105s)
2026-04-04 09:38:16,585 -   [Inner 110.2] cost=970.00 no_imp=2/20 (còn 1105s)
2026-04-04 09:38:16,675 -   [Inner 110.3] cost=970.00 no_imp=4/20 (còn 1105s)
2026-04-04 09:38:16,762 -   [Inner 110.4] cost=970.00 no_imp=6/20 (còn 1105s)
2026-04-04 09:38:16,847 -   [Inner 110.5] cost=970.00 no_imp=8/20 (còn 1105s)
2026-04-04 09:38:16,935 -   [Inner 110.6] cost=970.00 no_imp=10/20 (còn 1105s)
2026-04-04 09:38:17,053 -   [Inner 110.7] cost=970.00 no_imp=12/20 (còn 1105s)
2026-04-04 09:38:17,140 -   [Inner 110.8] cost=970.00 no_imp=14/20 (còn 1105s)
2026-04-04 09:38:17,226 -   [Inner 110.9] cost=970.00 no_imp=16/20 (còn 1104s)
2026-04-04 09:38:17,312 -   [Inner 110.10] cost=970.00 no_imp=18/20 (còn 1104s)
2026-04-04 09:38:17,400 -   [Outer 110] Chạy Pairwise MaxSAT...
2026-04-04 09:38:17,400 -   [Outer] Không cải thiện (streak=109)
2026-04-04 09:38:17,401 - === OUTER 111 | cost=970.00 no_imp_streak=109 (còn 1104s) ===
2026-04-04 09:38:17,401 -   [Inner 111.1] cost=970.00 no_imp=0/20 (còn 1104s)
2026-04-04 09:38:17,487 -   [Inner 111.2] cost=970.00 no_imp=2/20 (còn 1104s)
2026-04-04 09:38:17,573 -   [Inner 111.3] cost=970.00 no_imp=4/20 (còn 1104s)
2026-04-04 09:38:17,658 -   [Inner 111.4] cost=970.00 no_imp=6/20 (còn 1104s)
2026-04-04 09:38:17,745 -   [Inner 111.5] cost=970.00 no_imp=8/20 (còn 1104s)
2026-04-04 09:38:17,832 -   [Inner 111.6] cost=970.00 no_imp=10/20 (còn 1104s)
2026-04-04 09:38:17,918 -   [Inner 111.7] cost=970.00 no_imp=12/20 (còn 1104s)
2026-04-04 09:38:18,006 -   [Inner 111.8] cost=970.00 no_imp=14/20 (còn 1104s)
2026-04-04 09:38:18,092 -   [Inner 111.9] cost=970.00 no_imp=16/20 (còn 1104s)
2026-04-04 09:38:18,177 -   [Inner 111.10] cost=970.00 no_imp=18/20 (còn 1103s)
2026-04-04 09:38:18,264 -   [Outer 111] Chạy Pairwise MaxSAT...
2026-04-04 09:38:18,265 -   [Outer] Không cải thiện (streak=110)
2026-04-04 09:38:18,265 - === OUTER 112 | cost=970.00 no_imp_streak=110 (còn 1103s) ===
2026-04-04 09:38:18,265 -   [Inner 112.1] cost=970.00 no_imp=0/20 (còn 1103s)
2026-04-04 09:38:18,352 -   [Inner 112.2] cost=970.00 no_imp=2/20 (còn 1103s)
2026-04-04 09:38:18,438 -   [Inner 112.3] cost=970.00 no_imp=4/20 (còn 1103s)
2026-04-04 09:38:18,524 -   [Inner 112.4] cost=970.00 no_imp=6/20 (còn 1103s)
2026-04-04 09:38:18,611 -   [Inner 112.5] cost=970.00 no_imp=8/20 (còn 1103s)
2026-04-04 09:38:18,697 -   [Inner 112.6] cost=970.00 no_imp=10/20 (còn 1103s)
2026-04-04 09:38:18,783 -   [Inner 112.7] cost=970.00 no_imp=12/20 (còn 1103s)
2026-04-04 09:38:18,870 -   [Inner 112.8] cost=970.00 no_imp=14/20 (còn 1103s)
2026-04-04 09:38:18,958 -   [Inner 112.9] cost=970.00 no_imp=16/20 (còn 1103s)
2026-04-04 09:38:19,046 -   [Inner 112.10] cost=970.00 no_imp=18/20 (còn 1103s)
2026-04-04 09:38:19,133 -   [Outer 112] Chạy Pairwise MaxSAT...
2026-04-04 09:38:19,133 -   [Outer] Không cải thiện (streak=111)
2026-04-04 09:38:19,133 - === OUTER 113 | cost=970.00 no_imp_streak=111 (còn 1103s) ===
2026-04-04 09:38:19,133 -   [Inner 113.1] cost=970.00 no_imp=0/20 (còn 1103s)
2026-04-04 09:38:19,220 -   [Inner 113.2] cost=970.00 no_imp=2/20 (còn 1102s)
2026-04-04 09:38:19,307 -   [Inner 113.3] cost=970.00 no_imp=4/20 (còn 1102s)
2026-04-04 09:38:19,394 -   [Inner 113.4] cost=970.00 no_imp=6/20 (còn 1102s)
2026-04-04 09:38:19,479 -   [Inner 113.5] cost=970.00 no_imp=8/20 (còn 1102s)
2026-04-04 09:38:19,566 -   [Inner 113.6] cost=970.00 no_imp=10/20 (còn 1102s)
2026-04-04 09:38:19,652 -   [Inner 113.7] cost=970.00 no_imp=12/20 (còn 1102s)
2026-04-04 09:38:19,737 -   [Inner 113.8] cost=970.00 no_imp=14/20 (còn 1102s)
2026-04-04 09:38:19,824 -   [Inner 113.9] cost=970.00 no_imp=16/20 (còn 1102s)
2026-04-04 09:38:19,909 -   [Inner 113.10] cost=970.00 no_imp=18/20 (còn 1102s)
2026-04-04 09:38:19,995 -   [Outer 113] Chạy Pairwise MaxSAT...
2026-04-04 09:38:19,995 -   [Outer] Không cải thiện (streak=112)
2026-04-04 09:38:19,995 - === OUTER 114 | cost=970.00 no_imp_streak=112 (còn 1102s) ===
2026-04-04 09:38:19,995 -   [Inner 114.1] cost=970.00 no_imp=0/20 (còn 1102s)
2026-04-04 09:38:20,084 -   [Inner 114.2] cost=970.00 no_imp=2/20 (còn 1102s)
2026-04-04 09:38:20,170 -   [Inner 114.3] cost=970.00 no_imp=4/20 (còn 1101s)
2026-04-04 09:38:20,258 -   [Inner 114.4] cost=970.00 no_imp=6/20 (còn 1101s)
2026-04-04 09:38:20,345 -   [Inner 114.5] cost=970.00 no_imp=8/20 (còn 1101s)
2026-04-04 09:38:20,430 -   [Inner 114.6] cost=970.00 no_imp=10/20 (còn 1101s)
2026-04-04 09:38:20,516 -   [Inner 114.7] cost=970.00 no_imp=12/20 (còn 1101s)
2026-04-04 09:38:20,602 -   [Inner 114.8] cost=970.00 no_imp=14/20 (còn 1101s)
2026-04-04 09:38:20,688 -   [Inner 114.9] cost=970.00 no_imp=16/20 (còn 1101s)
2026-04-04 09:38:20,774 -   [Inner 114.10] cost=970.00 no_imp=18/20 (còn 1101s)
2026-04-04 09:38:20,861 -   [Outer 114] Chạy Pairwise MaxSAT...
2026-04-04 09:38:20,861 -   [Outer] Không cải thiện (streak=113)
2026-04-04 09:38:20,862 - === OUTER 115 | cost=970.00 no_imp_streak=113 (còn 1101s) ===
2026-04-04 09:38:20,862 -   [Inner 115.1] cost=970.00 no_imp=0/20 (còn 1101s)
2026-04-04 09:38:20,948 -   [Inner 115.2] cost=970.00 no_imp=2/20 (còn 1101s)
2026-04-04 09:38:21,036 -   [Inner 115.3] cost=970.00 no_imp=4/20 (còn 1101s)
2026-04-04 09:38:21,121 -   [Inner 115.4] cost=970.00 no_imp=6/20 (còn 1101s)
2026-04-04 09:38:21,208 -   [Inner 115.5] cost=970.00 no_imp=8/20 (còn 1100s)
2026-04-04 09:38:21,294 -   [Inner 115.6] cost=970.00 no_imp=10/20 (còn 1100s)
2026-04-04 09:38:21,379 -   [Inner 115.7] cost=970.00 no_imp=12/20 (còn 1100s)
2026-04-04 09:38:21,466 -   [Inner 115.8] cost=970.00 no_imp=14/20 (còn 1100s)
2026-04-04 09:38:21,552 -   [Inner 115.9] cost=970.00 no_imp=16/20 (còn 1100s)
2026-04-04 09:38:21,640 -   [Inner 115.10] cost=970.00 no_imp=18/20 (còn 1100s)
2026-04-04 09:38:21,727 -   [Outer 115] Chạy Pairwise MaxSAT...
2026-04-04 09:38:21,727 -   [Outer] Không cải thiện (streak=114)
2026-04-04 09:38:21,727 - === OUTER 116 | cost=970.00 no_imp_streak=114 (còn 1100s) ===
2026-04-04 09:38:21,727 -   [Inner 116.1] cost=970.00 no_imp=0/20 (còn 1100s)
2026-04-04 09:38:21,814 -   [Inner 116.2] cost=970.00 no_imp=2/20 (còn 1100s)
2026-04-04 09:38:21,900 -   [Inner 116.3] cost=970.00 no_imp=4/20 (còn 1100s)
2026-04-04 09:38:21,986 -   [Inner 116.4] cost=970.00 no_imp=6/20 (còn 1100s)
2026-04-04 09:38:22,073 -   [Inner 116.5] cost=970.00 no_imp=8/20 (còn 1100s)
2026-04-04 09:38:22,159 -   [Inner 116.6] cost=970.00 no_imp=10/20 (còn 1100s)
2026-04-04 09:38:22,246 -   [Inner 116.7] cost=970.00 no_imp=12/20 (còn 1099s)
2026-04-04 09:38:22,333 -   [Inner 116.8] cost=970.00 no_imp=14/20 (còn 1099s)
2026-04-04 09:38:22,418 -   [Inner 116.9] cost=970.00 no_imp=16/20 (còn 1099s)
2026-04-04 09:38:22,504 -   [Inner 116.10] cost=970.00 no_imp=18/20 (còn 1099s)
2026-04-04 09:38:22,590 -   [Outer 116] Chạy Pairwise MaxSAT...
2026-04-04 09:38:22,590 -   [Outer] Không cải thiện (streak=115)
2026-04-04 09:38:22,590 - === OUTER 117 | cost=970.00 no_imp_streak=115 (còn 1099s) ===
2026-04-04 09:38:22,590 -   [Inner 117.1] cost=970.00 no_imp=0/20 (còn 1099s)
2026-04-04 09:38:22,676 -   [Inner 117.2] cost=970.00 no_imp=2/20 (còn 1099s)
2026-04-04 09:38:22,763 -   [Inner 117.3] cost=970.00 no_imp=4/20 (còn 1099s)
2026-04-04 09:38:22,850 -   [Inner 117.4] cost=970.00 no_imp=6/20 (còn 1099s)
2026-04-04 09:38:22,936 -   [Inner 117.5] cost=970.00 no_imp=8/20 (còn 1099s)
2026-04-04 09:38:23,025 -   [Inner 117.6] cost=970.00 no_imp=10/20 (còn 1099s)
2026-04-04 09:38:23,112 -   [Inner 117.7] cost=970.00 no_imp=12/20 (còn 1099s)
2026-04-04 09:38:23,198 -   [Inner 117.8] cost=970.00 no_imp=14/20 (còn 1098s)
2026-04-04 09:38:23,286 -   [Inner 117.9] cost=970.00 no_imp=16/20 (còn 1098s)
2026-04-04 09:38:23,372 -   [Inner 117.10] cost=970.00 no_imp=18/20 (còn 1098s)
2026-04-04 09:38:23,459 -   [Outer 117] Chạy Pairwise MaxSAT...
2026-04-04 09:38:23,459 -   [Outer] Không cải thiện (streak=116)
2026-04-04 09:38:23,459 - === OUTER 118 | cost=970.00 no_imp_streak=116 (còn 1098s) ===
2026-04-04 09:38:23,459 -   [Inner 118.1] cost=970.00 no_imp=0/20 (còn 1098s)
2026-04-04 09:38:23,547 -   [Inner 118.2] cost=970.00 no_imp=2/20 (còn 1098s)
2026-04-04 09:38:23,633 -   [Inner 118.3] cost=970.00 no_imp=4/20 (còn 1098s)
2026-04-04 09:38:23,719 -   [Inner 118.4] cost=970.00 no_imp=6/20 (còn 1098s)
2026-04-04 09:38:23,805 -   [Inner 118.5] cost=970.00 no_imp=8/20 (còn 1098s)
2026-04-04 09:38:23,891 -   [Inner 118.6] cost=970.00 no_imp=10/20 (còn 1098s)
2026-04-04 09:38:23,977 -   [Inner 118.7] cost=970.00 no_imp=12/20 (còn 1098s)
2026-04-04 09:38:24,064 -   [Inner 118.8] cost=970.00 no_imp=14/20 (còn 1098s)
2026-04-04 09:38:24,150 -   [Inner 118.9] cost=970.00 no_imp=16/20 (còn 1098s)
2026-04-04 09:38:24,236 -   [Inner 118.10] cost=970.00 no_imp=18/20 (còn 1097s)
2026-04-04 09:38:24,324 -   [Outer 118] Chạy Pairwise MaxSAT...
2026-04-04 09:38:24,324 -   [Outer] Không cải thiện (streak=117)
2026-04-04 09:38:24,324 - === OUTER 119 | cost=970.00 no_imp_streak=117 (còn 1097s) ===
2026-04-04 09:38:24,324 -   [Inner 119.1] cost=970.00 no_imp=0/20 (còn 1097s)
2026-04-04 09:38:24,409 -   [Inner 119.2] cost=970.00 no_imp=2/20 (còn 1097s)
2026-04-04 09:38:24,495 -   [Inner 119.3] cost=970.00 no_imp=4/20 (còn 1097s)
2026-04-04 09:38:24,582 -   [Inner 119.4] cost=970.00 no_imp=6/20 (còn 1097s)
2026-04-04 09:38:24,668 -   [Inner 119.5] cost=970.00 no_imp=8/20 (còn 1097s)
2026-04-04 09:38:24,753 -   [Inner 119.6] cost=970.00 no_imp=10/20 (còn 1097s)
2026-04-04 09:38:24,839 -   [Inner 119.7] cost=970.00 no_imp=12/20 (còn 1097s)
2026-04-04 09:38:24,925 -   [Inner 119.8] cost=970.00 no_imp=14/20 (còn 1097s)
2026-04-04 09:38:25,012 -   [Inner 119.9] cost=970.00 no_imp=16/20 (còn 1097s)
2026-04-04 09:38:25,100 -   [Inner 119.10] cost=970.00 no_imp=18/20 (còn 1097s)
2026-04-04 09:38:25,186 -   [Outer 119] Chạy Pairwise MaxSAT...
2026-04-04 09:38:25,186 -   [Outer] Không cải thiện (streak=118)
2026-04-04 09:38:25,186 - === OUTER 120 | cost=970.00 no_imp_streak=118 (còn 1096s) ===
2026-04-04 09:38:25,186 -   [Inner 120.1] cost=970.00 no_imp=0/20 (còn 1096s)
2026-04-04 09:38:25,272 -   [Inner 120.2] cost=970.00 no_imp=2/20 (còn 1096s)
2026-04-04 09:38:25,359 -   [Inner 120.3] cost=970.00 no_imp=4/20 (còn 1096s)
2026-04-04 09:38:25,444 -   [Inner 120.4] cost=970.00 no_imp=6/20 (còn 1096s)
2026-04-04 09:38:25,530 -   [Inner 120.5] cost=970.00 no_imp=8/20 (còn 1096s)
2026-04-04 09:38:25,617 -   [Inner 120.6] cost=970.00 no_imp=10/20 (còn 1096s)
2026-04-04 09:38:25,703 -   [Inner 120.7] cost=970.00 no_imp=12/20 (còn 1096s)
2026-04-04 09:38:25,790 -   [Inner 120.8] cost=970.00 no_imp=14/20 (còn 1096s)
2026-04-04 09:38:25,876 -   [Inner 120.9] cost=970.00 no_imp=16/20 (còn 1096s)
2026-04-04 09:38:25,963 -   [Inner 120.10] cost=970.00 no_imp=18/20 (còn 1096s)
2026-04-04 09:38:26,049 -   [Outer 120] Chạy Pairwise MaxSAT...
2026-04-04 09:38:26,049 -   [Outer] Không cải thiện (streak=119)
2026-04-04 09:38:26,049 - === OUTER 121 | cost=970.00 no_imp_streak=119 (còn 1096s) ===
2026-04-04 09:38:26,049 -   [Inner 121.1] cost=970.00 no_imp=0/20 (còn 1096s)
2026-04-04 09:38:26,134 -   [Inner 121.2] cost=970.00 no_imp=2/20 (còn 1096s)
2026-04-04 09:38:26,221 -   [Inner 121.3] cost=970.00 no_imp=4/20 (còn 1095s)
2026-04-04 09:38:26,308 -   [Inner 121.4] cost=970.00 no_imp=6/20 (còn 1095s)
2026-04-04 09:38:26,395 -   [Inner 121.5] cost=970.00 no_imp=8/20 (còn 1095s)
2026-04-04 09:38:26,480 -   [Inner 121.6] cost=970.00 no_imp=10/20 (còn 1095s)
2026-04-04 09:38:26,567 -   [Inner 121.7] cost=970.00 no_imp=12/20 (còn 1095s)
2026-04-04 09:38:26,653 -   [Inner 121.8] cost=970.00 no_imp=14/20 (còn 1095s)
2026-04-04 09:38:26,738 -   [Inner 121.9] cost=970.00 no_imp=16/20 (còn 1095s)
2026-04-04 09:38:26,825 -   [Inner 121.10] cost=970.00 no_imp=18/20 (còn 1095s)
2026-04-04 09:38:26,911 -   [Outer 121] Chạy Pairwise MaxSAT...
2026-04-04 09:38:26,911 -   [Outer] Không cải thiện (streak=120)
2026-04-04 09:38:26,911 - === OUTER 122 | cost=970.00 no_imp_streak=120 (còn 1095s) ===
2026-04-04 09:38:26,911 -   [Inner 122.1] cost=970.00 no_imp=0/20 (còn 1095s)
2026-04-04 09:38:26,999 -   [Inner 122.2] cost=970.00 no_imp=2/20 (còn 1095s)
2026-04-04 09:38:27,090 -   [Inner 122.3] cost=970.00 no_imp=4/20 (còn 1095s)
2026-04-04 09:38:27,176 -   [Inner 122.4] cost=970.00 no_imp=6/20 (còn 1094s)
2026-04-04 09:38:27,262 -   [Inner 122.5] cost=970.00 no_imp=8/20 (còn 1094s)
2026-04-04 09:38:27,349 -   [Inner 122.6] cost=970.00 no_imp=10/20 (còn 1094s)
2026-04-04 09:38:27,435 -   [Inner 122.7] cost=970.00 no_imp=12/20 (còn 1094s)
2026-04-04 09:38:27,521 -   [Inner 122.8] cost=970.00 no_imp=14/20 (còn 1094s)
2026-04-04 09:38:27,607 -   [Inner 122.9] cost=970.00 no_imp=16/20 (còn 1094s)
2026-04-04 09:38:27,693 -   [Inner 122.10] cost=970.00 no_imp=18/20 (còn 1094s)
2026-04-04 09:38:27,780 -   [Outer 122] Chạy Pairwise MaxSAT...
2026-04-04 09:38:27,780 -   [Outer] Không cải thiện (streak=121)
2026-04-04 09:38:27,780 - === OUTER 123 | cost=970.00 no_imp_streak=121 (còn 1094s) ===
2026-04-04 09:38:27,780 -   [Inner 123.1] cost=970.00 no_imp=0/20 (còn 1094s)
2026-04-04 09:38:27,866 -   [Inner 123.2] cost=970.00 no_imp=2/20 (còn 1094s)
2026-04-04 09:38:27,952 -   [Inner 123.3] cost=970.00 no_imp=4/20 (còn 1094s)
2026-04-04 09:38:28,038 -   [Inner 123.4] cost=970.00 no_imp=6/20 (còn 1094s)
2026-04-04 09:38:28,125 -   [Inner 123.5] cost=970.00 no_imp=8/20 (còn 1094s)
2026-04-04 09:38:28,212 -   [Inner 123.6] cost=970.00 no_imp=10/20 (còn 1093s)
2026-04-04 09:38:28,299 -   [Inner 123.7] cost=970.00 no_imp=12/20 (còn 1093s)
2026-04-04 09:38:28,386 -   [Inner 123.8] cost=970.00 no_imp=14/20 (còn 1093s)
2026-04-04 09:38:28,472 -   [Inner 123.9] cost=970.00 no_imp=16/20 (còn 1093s)
2026-04-04 09:38:28,558 -   [Inner 123.10] cost=970.00 no_imp=18/20 (còn 1093s)
2026-04-04 09:38:28,644 -   [Outer 123] Chạy Pairwise MaxSAT...
2026-04-04 09:38:28,644 -   [Outer] Không cải thiện (streak=122)
2026-04-04 09:38:28,645 - === OUTER 124 | cost=970.00 no_imp_streak=122 (còn 1093s) ===
2026-04-04 09:38:28,645 -   [Inner 124.1] cost=970.00 no_imp=0/20 (còn 1093s)
2026-04-04 09:38:28,731 -   [Inner 124.2] cost=970.00 no_imp=2/20 (còn 1093s)
2026-04-04 09:38:28,818 -   [Inner 124.3] cost=970.00 no_imp=4/20 (còn 1093s)
2026-04-04 09:38:28,904 -   [Inner 124.4] cost=970.00 no_imp=6/20 (còn 1093s)
2026-04-04 09:38:28,990 -   [Inner 124.5] cost=970.00 no_imp=8/20 (còn 1093s)
2026-04-04 09:38:29,076 -   [Inner 124.6] cost=970.00 no_imp=10/20 (còn 1093s)
2026-04-04 09:38:29,165 -   [Inner 124.7] cost=970.00 no_imp=12/20 (còn 1092s)
2026-04-04 09:38:29,251 -   [Inner 124.8] cost=970.00 no_imp=14/20 (còn 1092s)
2026-04-04 09:38:29,339 -   [Inner 124.9] cost=970.00 no_imp=16/20 (còn 1092s)
2026-04-04 09:38:29,425 -   [Inner 124.10] cost=970.00 no_imp=18/20 (còn 1092s)
2026-04-04 09:38:29,511 -   [Outer 124] Chạy Pairwise MaxSAT...
2026-04-04 09:38:29,512 -   [Outer] Không cải thiện (streak=123)
2026-04-04 09:38:29,512 - === OUTER 125 | cost=970.00 no_imp_streak=123 (còn 1092s) ===
2026-04-04 09:38:29,512 -   [Inner 125.1] cost=970.00 no_imp=0/20 (còn 1092s)
2026-04-04 09:38:29,597 -   [Inner 125.2] cost=970.00 no_imp=2/20 (còn 1092s)
2026-04-04 09:38:29,684 -   [Inner 125.3] cost=970.00 no_imp=4/20 (còn 1092s)
2026-04-04 09:38:29,770 -   [Inner 125.4] cost=970.00 no_imp=6/20 (còn 1092s)
2026-04-04 09:38:29,857 -   [Inner 125.5] cost=970.00 no_imp=8/20 (còn 1092s)
2026-04-04 09:38:29,943 -   [Inner 125.6] cost=970.00 no_imp=10/20 (còn 1092s)
2026-04-04 09:38:30,030 -   [Inner 125.7] cost=970.00 no_imp=12/20 (còn 1092s)
2026-04-04 09:38:30,116 -   [Inner 125.8] cost=970.00 no_imp=14/20 (còn 1092s)
2026-04-04 09:38:30,201 -   [Inner 125.9] cost=970.00 no_imp=16/20 (còn 1091s)
2026-04-04 09:38:30,288 -   [Inner 125.10] cost=970.00 no_imp=18/20 (còn 1091s)
2026-04-04 09:38:30,375 -   [Outer 125] Chạy Pairwise MaxSAT...
2026-04-04 09:38:30,375 -   [Outer] Không cải thiện (streak=124)
2026-04-04 09:38:30,375 - === OUTER 126 | cost=970.00 no_imp_streak=124 (còn 1091s) ===
2026-04-04 09:38:30,375 -   [Inner 126.1] cost=970.00 no_imp=0/20 (còn 1091s)
2026-04-04 09:38:30,461 -   [Inner 126.2] cost=970.00 no_imp=2/20 (còn 1091s)
2026-04-04 09:38:30,548 -   [Inner 126.3] cost=970.00 no_imp=4/20 (còn 1091s)
2026-04-04 09:38:30,635 -   [Inner 126.4] cost=970.00 no_imp=6/20 (còn 1091s)
2026-04-04 09:38:30,720 -   [Inner 126.5] cost=970.00 no_imp=8/20 (còn 1091s)
2026-04-04 09:38:30,806 -   [Inner 126.6] cost=970.00 no_imp=10/20 (còn 1091s)
2026-04-04 09:38:30,892 -   [Inner 126.7] cost=970.00 no_imp=12/20 (còn 1091s)
2026-04-04 09:38:30,978 -   [Inner 126.8] cost=970.00 no_imp=14/20 (còn 1091s)
2026-04-04 09:38:31,065 -   [Inner 126.9] cost=970.00 no_imp=16/20 (còn 1091s)
2026-04-04 09:38:31,155 -   [Inner 126.10] cost=970.00 no_imp=18/20 (còn 1091s)
2026-04-04 09:38:31,241 -   [Outer 126] Chạy Pairwise MaxSAT...
2026-04-04 09:38:31,242 -   [Outer] Không cải thiện (streak=125)
2026-04-04 09:38:31,242 - === OUTER 127 | cost=970.00 no_imp_streak=125 (còn 1090s) ===
2026-04-04 09:38:31,242 -   [Inner 127.1] cost=970.00 no_imp=0/20 (còn 1090s)
2026-04-04 09:38:31,328 -   [Inner 127.2] cost=970.00 no_imp=2/20 (còn 1090s)
2026-04-04 09:38:31,415 -   [Inner 127.3] cost=970.00 no_imp=4/20 (còn 1090s)
2026-04-04 09:38:31,501 -   [Inner 127.4] cost=970.00 no_imp=6/20 (còn 1090s)
2026-04-04 09:38:31,587 -   [Inner 127.5] cost=970.00 no_imp=8/20 (còn 1090s)
2026-04-04 09:38:31,673 -   [Inner 127.6] cost=970.00 no_imp=10/20 (còn 1090s)
2026-04-04 09:38:31,766 -   [Inner 127.7] cost=970.00 no_imp=12/20 (còn 1090s)
2026-04-04 09:38:31,852 -   [Inner 127.8] cost=970.00 no_imp=14/20 (còn 1090s)
2026-04-04 09:38:31,940 -   [Inner 127.9] cost=970.00 no_imp=16/20 (còn 1090s)
2026-04-04 09:38:32,026 -   [Inner 127.10] cost=970.00 no_imp=18/20 (còn 1090s)
2026-04-04 09:38:32,113 -   [Outer 127] Chạy Pairwise MaxSAT...
2026-04-04 09:38:32,113 -   [Outer] Không cải thiện (streak=126)
2026-04-04 09:38:32,113 - === OUTER 128 | cost=970.00 no_imp_streak=126 (còn 1090s) ===
2026-04-04 09:38:32,113 -   [Inner 128.1] cost=970.00 no_imp=0/20 (còn 1090s)
2026-04-04 09:38:32,200 -   [Inner 128.2] cost=970.00 no_imp=2/20 (còn 1089s)
2026-04-04 09:38:32,285 -   [Inner 128.3] cost=970.00 no_imp=4/20 (còn 1089s)
2026-04-04 09:38:32,374 -   [Inner 128.4] cost=970.00 no_imp=6/20 (còn 1089s)
2026-04-04 09:38:32,460 -   [Inner 128.5] cost=970.00 no_imp=8/20 (còn 1089s)
2026-04-04 09:38:32,545 -   [Inner 128.6] cost=970.00 no_imp=10/20 (còn 1089s)
2026-04-04 09:38:32,633 -   [Inner 128.7] cost=970.00 no_imp=12/20 (còn 1089s)
2026-04-04 09:38:32,718 -   [Inner 128.8] cost=970.00 no_imp=14/20 (còn 1089s)
2026-04-04 09:38:32,804 -   [Inner 128.9] cost=970.00 no_imp=16/20 (còn 1089s)
2026-04-04 09:38:32,890 -   [Inner 128.10] cost=970.00 no_imp=18/20 (còn 1089s)
2026-04-04 09:38:32,978 -   [Outer 128] Chạy Pairwise MaxSAT...
2026-04-04 09:38:32,979 -   [Outer] Không cải thiện (streak=127)
2026-04-04 09:38:32,979 - === OUTER 129 | cost=970.00 no_imp_streak=127 (còn 1089s) ===
2026-04-04 09:38:32,979 -   [Inner 129.1] cost=970.00 no_imp=0/20 (còn 1089s)
2026-04-04 09:38:33,066 -   [Inner 129.2] cost=970.00 no_imp=2/20 (còn 1089s)
2026-04-04 09:38:33,153 -   [Inner 129.3] cost=970.00 no_imp=4/20 (còn 1089s)
2026-04-04 09:38:33,240 -   [Inner 129.4] cost=970.00 no_imp=6/20 (còn 1088s)
2026-04-04 09:38:33,328 -   [Inner 129.5] cost=970.00 no_imp=8/20 (còn 1088s)
2026-04-04 09:38:33,414 -   [Inner 129.6] cost=970.00 no_imp=10/20 (còn 1088s)
2026-04-04 09:38:33,500 -   [Inner 129.7] cost=970.00 no_imp=12/20 (còn 1088s)
2026-04-04 09:38:33,587 -   [Inner 129.8] cost=970.00 no_imp=14/20 (còn 1088s)
2026-04-04 09:38:33,673 -   [Inner 129.9] cost=970.00 no_imp=16/20 (còn 1088s)
2026-04-04 09:38:33,759 -   [Inner 129.10] cost=970.00 no_imp=18/20 (còn 1088s)
2026-04-04 09:38:33,845 -   [Outer 129] Chạy Pairwise MaxSAT...
2026-04-04 09:38:33,845 -   [Outer] Không cải thiện (streak=128)
2026-04-04 09:38:33,845 - === OUTER 130 | cost=970.00 no_imp_streak=128 (còn 1088s) ===
2026-04-04 09:38:33,846 -   [Inner 130.1] cost=970.00 no_imp=0/20 (còn 1088s)
2026-04-04 09:38:33,931 -   [Inner 130.2] cost=970.00 no_imp=2/20 (còn 1088s)
2026-04-04 09:38:34,018 -   [Inner 130.3] cost=970.00 no_imp=4/20 (còn 1088s)
2026-04-04 09:38:34,104 -   [Inner 130.4] cost=970.00 no_imp=6/20 (còn 1088s)
2026-04-04 09:38:34,190 -   [Inner 130.5] cost=970.00 no_imp=8/20 (còn 1087s)
2026-04-04 09:38:34,276 -   [Inner 130.6] cost=970.00 no_imp=10/20 (còn 1087s)
2026-04-04 09:38:34,362 -   [Inner 130.7] cost=970.00 no_imp=12/20 (còn 1087s)
2026-04-04 09:38:34,449 -   [Inner 130.8] cost=970.00 no_imp=14/20 (còn 1087s)
2026-04-04 09:38:34,535 -   [Inner 130.9] cost=970.00 no_imp=16/20 (còn 1087s)
2026-04-04 09:38:34,621 -   [Inner 130.10] cost=970.00 no_imp=18/20 (còn 1087s)
2026-04-04 09:38:34,755 -   [Outer 130] Chạy Pairwise MaxSAT...
2026-04-04 09:38:34,755 -   [Outer] Không cải thiện (streak=129)
2026-04-04 09:38:34,755 - === OUTER 131 | cost=970.00 no_imp_streak=129 (còn 1087s) ===
2026-04-04 09:38:34,755 -   [Inner 131.1] cost=970.00 no_imp=0/20 (còn 1087s)
2026-04-04 09:38:34,841 -   [Inner 131.2] cost=970.00 no_imp=2/20 (còn 1087s)
2026-04-04 09:38:34,928 -   [Inner 131.3] cost=970.00 no_imp=4/20 (còn 1087s)
2026-04-04 09:38:35,015 -   [Inner 131.4] cost=970.00 no_imp=6/20 (còn 1087s)
2026-04-04 09:38:35,102 -   [Inner 131.5] cost=970.00 no_imp=8/20 (còn 1087s)
2026-04-04 09:38:35,189 -   [Inner 131.6] cost=970.00 no_imp=10/20 (còn 1086s)
2026-04-04 09:38:35,276 -   [Inner 131.7] cost=970.00 no_imp=12/20 (còn 1086s)
2026-04-04 09:38:35,362 -   [Inner 131.8] cost=970.00 no_imp=14/20 (còn 1086s)
2026-04-04 09:38:35,449 -   [Inner 131.9] cost=970.00 no_imp=16/20 (còn 1086s)
2026-04-04 09:38:35,534 -   [Inner 131.10] cost=970.00 no_imp=18/20 (còn 1086s)
2026-04-04 09:38:35,621 -   [Outer 131] Chạy Pairwise MaxSAT...
2026-04-04 09:38:35,622 -   [Outer] Không cải thiện (streak=130)
2026-04-04 09:38:35,622 - === OUTER 132 | cost=970.00 no_imp_streak=130 (còn 1086s) ===
2026-04-04 09:38:35,622 -   [Inner 132.1] cost=970.00 no_imp=0/20 (còn 1086s)
2026-04-04 09:38:35,707 -   [Inner 132.2] cost=970.00 no_imp=2/20 (còn 1086s)
2026-04-04 09:38:35,794 -   [Inner 132.3] cost=970.00 no_imp=4/20 (còn 1086s)
2026-04-04 09:38:35,880 -   [Inner 132.4] cost=970.00 no_imp=6/20 (còn 1086s)
2026-04-04 09:38:35,968 -   [Inner 132.5] cost=970.00 no_imp=8/20 (còn 1086s)
2026-04-04 09:38:36,055 -   [Inner 132.6] cost=970.00 no_imp=10/20 (còn 1086s)
2026-04-04 09:38:36,141 -   [Inner 132.7] cost=970.00 no_imp=12/20 (còn 1086s)
2026-04-04 09:38:36,227 -   [Inner 132.8] cost=970.00 no_imp=14/20 (còn 1085s)
2026-04-04 09:38:36,314 -   [Inner 132.9] cost=970.00 no_imp=16/20 (còn 1085s)
2026-04-04 09:38:36,400 -   [Inner 132.10] cost=970.00 no_imp=18/20 (còn 1085s)
2026-04-04 09:38:36,485 -   [Outer 132] Chạy Pairwise MaxSAT...
2026-04-04 09:38:36,486 -   [Outer] Không cải thiện (streak=131)
2026-04-04 09:38:36,486 - === OUTER 133 | cost=970.00 no_imp_streak=131 (còn 1085s) ===
2026-04-04 09:38:36,486 -   [Inner 133.1] cost=970.00 no_imp=0/20 (còn 1085s)
2026-04-04 09:38:36,572 -   [Inner 133.2] cost=970.00 no_imp=2/20 (còn 1085s)
2026-04-04 09:38:36,659 -   [Inner 133.3] cost=970.00 no_imp=4/20 (còn 1085s)
2026-04-04 09:38:36,744 -   [Inner 133.4] cost=970.00 no_imp=6/20 (còn 1085s)
2026-04-04 09:38:36,832 -   [Inner 133.5] cost=970.00 no_imp=8/20 (còn 1085s)
2026-04-04 09:38:36,918 -   [Inner 133.6] cost=970.00 no_imp=10/20 (còn 1085s)
2026-04-04 09:38:37,004 -   [Inner 133.7] cost=970.00 no_imp=12/20 (còn 1085s)
2026-04-04 09:38:37,091 -   [Inner 133.8] cost=970.00 no_imp=14/20 (còn 1085s)
2026-04-04 09:38:37,178 -   [Inner 133.9] cost=970.00 no_imp=16/20 (còn 1084s)
2026-04-04 09:38:37,268 -   [Inner 133.10] cost=970.00 no_imp=18/20 (còn 1084s)
2026-04-04 09:38:37,354 -   [Outer 133] Chạy Pairwise MaxSAT...
2026-04-04 09:38:37,354 -   [Outer] Không cải thiện (streak=132)
2026-04-04 09:38:37,354 - === OUTER 134 | cost=970.00 no_imp_streak=132 (còn 1084s) ===
2026-04-04 09:38:37,354 -   [Inner 134.1] cost=970.00 no_imp=0/20 (còn 1084s)
2026-04-04 09:38:37,441 -   [Inner 134.2] cost=970.00 no_imp=2/20 (còn 1084s)
2026-04-04 09:38:37,528 -   [Inner 134.3] cost=970.00 no_imp=4/20 (còn 1084s)
2026-04-04 09:38:37,615 -   [Inner 134.4] cost=970.00 no_imp=6/20 (còn 1084s)
2026-04-04 09:38:37,701 -   [Inner 134.5] cost=970.00 no_imp=8/20 (còn 1084s)
2026-04-04 09:38:37,788 -   [Inner 134.6] cost=970.00 no_imp=10/20 (còn 1084s)
2026-04-04 09:38:37,875 -   [Inner 134.7] cost=970.00 no_imp=12/20 (còn 1084s)
2026-04-04 09:38:37,960 -   [Inner 134.8] cost=970.00 no_imp=14/20 (còn 1084s)
2026-04-04 09:38:38,048 -   [Inner 134.9] cost=970.00 no_imp=16/20 (còn 1084s)
2026-04-04 09:38:38,134 -   [Inner 134.10] cost=970.00 no_imp=18/20 (còn 1084s)
2026-04-04 09:38:38,220 -   [Outer 134] Chạy Pairwise MaxSAT...
2026-04-04 09:38:38,221 -   [Outer] Không cải thiện (streak=133)
2026-04-04 09:38:38,221 - === OUTER 135 | cost=970.00 no_imp_streak=133 (còn 1083s) ===
2026-04-04 09:38:38,221 -   [Inner 135.1] cost=970.00 no_imp=0/20 (còn 1083s)
2026-04-04 09:38:38,308 -   [Inner 135.2] cost=970.00 no_imp=2/20 (còn 1083s)
2026-04-04 09:38:38,396 -   [Inner 135.3] cost=970.00 no_imp=4/20 (còn 1083s)
2026-04-04 09:38:38,482 -   [Inner 135.4] cost=970.00 no_imp=6/20 (còn 1083s)
2026-04-04 09:38:38,568 -   [Inner 135.5] cost=970.00 no_imp=8/20 (còn 1083s)
2026-04-04 09:38:38,654 -   [Inner 135.6] cost=970.00 no_imp=10/20 (còn 1083s)
2026-04-04 09:38:38,741 -   [Inner 135.7] cost=970.00 no_imp=12/20 (còn 1083s)
2026-04-04 09:38:38,828 -   [Inner 135.8] cost=970.00 no_imp=14/20 (còn 1083s)
2026-04-04 09:38:38,914 -   [Inner 135.9] cost=970.00 no_imp=16/20 (còn 1083s)
2026-04-04 09:38:39,001 -   [Inner 135.10] cost=970.00 no_imp=18/20 (còn 1083s)
2026-04-04 09:38:39,088 -   [Outer 135] Chạy Pairwise MaxSAT...
2026-04-04 09:38:39,088 -   [Outer] Không cải thiện (streak=134)
2026-04-04 09:38:39,089 - === OUTER 136 | cost=970.00 no_imp_streak=134 (còn 1083s) ===
2026-04-04 09:38:39,089 -   [Inner 136.1] cost=970.00 no_imp=0/20 (còn 1083s)
2026-04-04 09:38:39,175 -   [Inner 136.2] cost=970.00 no_imp=2/20 (còn 1082s)
2026-04-04 09:38:39,263 -   [Inner 136.3] cost=970.00 no_imp=4/20 (còn 1082s)
2026-04-04 09:38:39,350 -   [Inner 136.4] cost=970.00 no_imp=6/20 (còn 1082s)
2026-04-04 09:38:39,436 -   [Inner 136.5] cost=970.00 no_imp=8/20 (còn 1082s)
2026-04-04 09:38:39,522 -   [Inner 136.6] cost=970.00 no_imp=10/20 (còn 1082s)
2026-04-04 09:38:39,608 -   [Inner 136.7] cost=970.00 no_imp=12/20 (còn 1082s)
2026-04-04 09:38:39,695 -   [Inner 136.8] cost=970.00 no_imp=14/20 (còn 1082s)
2026-04-04 09:38:39,781 -   [Inner 136.9] cost=970.00 no_imp=16/20 (còn 1082s)
2026-04-04 09:38:39,867 -   [Inner 136.10] cost=970.00 no_imp=18/20 (còn 1082s)
2026-04-04 09:38:39,953 -   [Outer 136] Chạy Pairwise MaxSAT...
2026-04-04 09:38:39,954 -   [Outer] Không cải thiện (streak=135)
2026-04-04 09:38:39,954 - === OUTER 137 | cost=970.00 no_imp_streak=135 (còn 1082s) ===
2026-04-04 09:38:39,954 -   [Inner 137.1] cost=970.00 no_imp=0/20 (còn 1082s)
2026-04-04 09:38:40,041 -   [Inner 137.2] cost=970.00 no_imp=2/20 (còn 1082s)
2026-04-04 09:38:40,127 -   [Inner 137.3] cost=970.00 no_imp=4/20 (còn 1082s)
2026-04-04 09:38:40,215 -   [Inner 137.4] cost=970.00 no_imp=6/20 (còn 1081s)
2026-04-04 09:38:40,302 -   [Inner 137.5] cost=970.00 no_imp=8/20 (còn 1081s)
2026-04-04 09:38:40,388 -   [Inner 137.6] cost=970.00 no_imp=10/20 (còn 1081s)
2026-04-04 09:38:40,474 -   [Inner 137.7] cost=970.00 no_imp=12/20 (còn 1081s)
2026-04-04 09:38:40,560 -   [Inner 137.8] cost=970.00 no_imp=14/20 (còn 1081s)
2026-04-04 09:38:40,647 -   [Inner 137.9] cost=970.00 no_imp=16/20 (còn 1081s)
2026-04-04 09:38:40,733 -   [Inner 137.10] cost=970.00 no_imp=18/20 (còn 1081s)
2026-04-04 09:38:40,820 -   [Outer 137] Chạy Pairwise MaxSAT...
2026-04-04 09:38:40,821 -   [Outer] Không cải thiện (streak=136)
2026-04-04 09:38:40,821 - === OUTER 138 | cost=970.00 no_imp_streak=136 (còn 1081s) ===
2026-04-04 09:38:40,821 -   [Inner 138.1] cost=970.00 no_imp=0/20 (còn 1081s)
2026-04-04 09:38:40,907 -   [Inner 138.2] cost=970.00 no_imp=2/20 (còn 1081s)
2026-04-04 09:38:40,993 -   [Inner 138.3] cost=970.00 no_imp=4/20 (còn 1081s)
2026-04-04 09:38:41,079 -   [Inner 138.4] cost=970.00 no_imp=6/20 (còn 1081s)
2026-04-04 09:38:41,166 -   [Inner 138.5] cost=970.00 no_imp=8/20 (còn 1080s)
2026-04-04 09:38:41,253 -   [Inner 138.6] cost=970.00 no_imp=10/20 (còn 1080s)
2026-04-04 09:38:41,341 -   [Inner 138.7] cost=970.00 no_imp=12/20 (còn 1080s)
2026-04-04 09:38:41,427 -   [Inner 138.8] cost=970.00 no_imp=14/20 (còn 1080s)
2026-04-04 09:38:41,513 -   [Inner 138.9] cost=970.00 no_imp=16/20 (còn 1080s)
2026-04-04 09:38:41,600 -   [Inner 138.10] cost=970.00 no_imp=18/20 (còn 1080s)
2026-04-04 09:38:41,686 -   [Outer 138] Chạy Pairwise MaxSAT...
2026-04-04 09:38:41,686 -   [Outer] Không cải thiện (streak=137)
2026-04-04 09:38:41,687 - === OUTER 139 | cost=970.00 no_imp_streak=137 (còn 1080s) ===
2026-04-04 09:38:41,687 -   [Inner 139.1] cost=970.00 no_imp=0/20 (còn 1080s)
2026-04-04 09:38:41,773 -   [Inner 139.2] cost=970.00 no_imp=2/20 (còn 1080s)
2026-04-04 09:38:41,859 -   [Inner 139.3] cost=970.00 no_imp=4/20 (còn 1080s)
2026-04-04 09:38:41,945 -   [Inner 139.4] cost=970.00 no_imp=6/20 (còn 1080s)
2026-04-04 09:38:42,032 -   [Inner 139.5] cost=970.00 no_imp=8/20 (còn 1080s)
2026-04-04 09:38:42,118 -   [Inner 139.6] cost=970.00 no_imp=10/20 (còn 1080s)
2026-04-04 09:38:42,204 -   [Inner 139.7] cost=970.00 no_imp=12/20 (còn 1079s)
2026-04-04 09:38:42,289 -   [Inner 139.8] cost=970.00 no_imp=14/20 (còn 1079s)
2026-04-04 09:38:42,375 -   [Inner 139.9] cost=970.00 no_imp=16/20 (còn 1079s)
2026-04-04 09:38:42,461 -   [Inner 139.10] cost=970.00 no_imp=18/20 (còn 1079s)
2026-04-04 09:38:42,548 -   [Outer 139] Chạy Pairwise MaxSAT...
2026-04-04 09:38:42,548 -   [Outer] Không cải thiện (streak=138)
2026-04-04 09:38:42,548 - === OUTER 140 | cost=970.00 no_imp_streak=138 (còn 1079s) ===
2026-04-04 09:38:42,549 -   [Inner 140.1] cost=970.00 no_imp=0/20 (còn 1079s)
2026-04-04 09:38:42,635 -   [Inner 140.2] cost=970.00 no_imp=2/20 (còn 1079s)
2026-04-04 09:38:42,721 -   [Inner 140.3] cost=970.00 no_imp=4/20 (còn 1079s)
2026-04-04 09:38:42,808 -   [Inner 140.4] cost=970.00 no_imp=6/20 (còn 1079s)
2026-04-04 09:38:42,894 -   [Inner 140.5] cost=970.00 no_imp=8/20 (còn 1079s)
2026-04-04 09:38:42,979 -   [Inner 140.6] cost=970.00 no_imp=10/20 (còn 1079s)
2026-04-04 09:38:43,066 -   [Inner 140.7] cost=970.00 no_imp=12/20 (còn 1079s)
2026-04-04 09:38:43,152 -   [Inner 140.8] cost=970.00 no_imp=14/20 (còn 1079s)
2026-04-04 09:38:43,239 -   [Inner 140.9] cost=970.00 no_imp=16/20 (còn 1078s)
2026-04-04 09:38:43,329 -   [Inner 140.10] cost=970.00 no_imp=18/20 (còn 1078s)
2026-04-04 09:38:43,416 -   [Outer 140] Chạy Pairwise MaxSAT...
2026-04-04 09:38:43,417 -   [Outer] Không cải thiện (streak=139)
2026-04-04 09:38:43,417 - === OUTER 141 | cost=970.00 no_imp_streak=139 (còn 1078s) ===
2026-04-04 09:38:43,417 -   [Inner 141.1] cost=970.00 no_imp=0/20 (còn 1078s)
2026-04-04 09:38:43,502 -   [Inner 141.2] cost=970.00 no_imp=2/20 (còn 1078s)
2026-04-04 09:38:43,589 -   [Inner 141.3] cost=970.00 no_imp=4/20 (còn 1078s)
2026-04-04 09:38:43,676 -   [Inner 141.4] cost=970.00 no_imp=6/20 (còn 1078s)
2026-04-04 09:38:43,763 -   [Inner 141.5] cost=970.00 no_imp=8/20 (còn 1078s)
2026-04-04 09:38:43,850 -   [Inner 141.6] cost=970.00 no_imp=10/20 (còn 1078s)
2026-04-04 09:38:43,935 -   [Inner 141.7] cost=970.00 no_imp=12/20 (còn 1078s)
2026-04-04 09:38:44,022 -   [Inner 141.8] cost=970.00 no_imp=14/20 (còn 1078s)
2026-04-04 09:38:44,109 -   [Inner 141.9] cost=970.00 no_imp=16/20 (còn 1078s)
2026-04-04 09:38:44,195 -   [Inner 141.10] cost=970.00 no_imp=18/20 (còn 1077s)
2026-04-04 09:38:44,282 -   [Outer 141] Chạy Pairwise MaxSAT...
2026-04-04 09:38:44,282 -   [Outer] Không cải thiện (streak=140)
2026-04-04 09:38:44,282 - === OUTER 142 | cost=970.00 no_imp_streak=140 (còn 1077s) ===
2026-04-04 09:38:44,282 -   [Inner 142.1] cost=970.00 no_imp=0/20 (còn 1077s)
2026-04-04 09:38:44,369 -   [Inner 142.2] cost=970.00 no_imp=2/20 (còn 1077s)
2026-04-04 09:38:44,454 -   [Inner 142.3] cost=970.00 no_imp=4/20 (còn 1077s)
2026-04-04 09:38:44,539 -   [Inner 142.4] cost=970.00 no_imp=6/20 (còn 1077s)
2026-04-04 09:38:44,626 -   [Inner 142.5] cost=970.00 no_imp=8/20 (còn 1077s)
2026-04-04 09:38:44,712 -   [Inner 142.6] cost=970.00 no_imp=10/20 (còn 1077s)
2026-04-04 09:38:44,799 -   [Inner 142.7] cost=970.00 no_imp=12/20 (còn 1077s)
2026-04-04 09:38:44,885 -   [Inner 142.8] cost=970.00 no_imp=14/20 (còn 1077s)
2026-04-04 09:38:44,972 -   [Inner 142.9] cost=970.00 no_imp=16/20 (còn 1077s)
2026-04-04 09:38:45,058 -   [Inner 142.10] cost=970.00 no_imp=18/20 (còn 1077s)
2026-04-04 09:38:45,144 -   [Outer 142] Chạy Pairwise MaxSAT...
2026-04-04 09:38:45,145 -   [Outer] Không cải thiện (streak=141)
2026-04-04 09:38:45,145 - === OUTER 143 | cost=970.00 no_imp_streak=141 (còn 1077s) ===
2026-04-04 09:38:45,145 -   [Inner 143.1] cost=970.00 no_imp=0/20 (còn 1077s)
2026-04-04 09:38:45,231 -   [Inner 143.2] cost=970.00 no_imp=2/20 (còn 1076s)
2026-04-04 09:38:45,320 -   [Inner 143.3] cost=970.00 no_imp=4/20 (còn 1076s)
2026-04-04 09:38:45,405 -   [Inner 143.4] cost=970.00 no_imp=6/20 (còn 1076s)
2026-04-04 09:38:45,491 -   [Inner 143.5] cost=970.00 no_imp=8/20 (còn 1076s)
2026-04-04 09:38:45,577 -   [Inner 143.6] cost=970.00 no_imp=10/20 (còn 1076s)
2026-04-04 09:38:45,664 -   [Inner 143.7] cost=970.00 no_imp=12/20 (còn 1076s)
2026-04-04 09:38:45,751 -   [Inner 143.8] cost=970.00 no_imp=14/20 (còn 1076s)
2026-04-04 09:38:45,840 -   [Inner 143.9] cost=970.00 no_imp=16/20 (còn 1076s)
2026-04-04 09:38:45,926 -   [Inner 143.10] cost=970.00 no_imp=18/20 (còn 1076s)
2026-04-04 09:38:46,013 -   [Outer 143] Chạy Pairwise MaxSAT...
2026-04-04 09:38:46,013 -   [Outer] Không cải thiện (streak=142)
2026-04-04 09:38:46,014 - === OUTER 144 | cost=970.00 no_imp_streak=142 (còn 1076s) ===
2026-04-04 09:38:46,014 -   [Inner 144.1] cost=970.00 no_imp=0/20 (còn 1076s)
2026-04-04 09:38:46,100 -   [Inner 144.2] cost=970.00 no_imp=2/20 (còn 1076s)
2026-04-04 09:38:46,186 -   [Inner 144.3] cost=970.00 no_imp=4/20 (còn 1075s)
2026-04-04 09:38:46,273 -   [Inner 144.4] cost=970.00 no_imp=6/20 (còn 1075s)
2026-04-04 09:38:46,359 -   [Inner 144.5] cost=970.00 no_imp=8/20 (còn 1075s)
2026-04-04 09:38:46,446 -   [Inner 144.6] cost=970.00 no_imp=10/20 (còn 1075s)
2026-04-04 09:38:46,531 -   [Inner 144.7] cost=970.00 no_imp=12/20 (còn 1075s)
2026-04-04 09:38:46,618 -   [Inner 144.8] cost=970.00 no_imp=14/20 (còn 1075s)
2026-04-04 09:38:46,704 -   [Inner 144.9] cost=970.00 no_imp=16/20 (còn 1075s)
2026-04-04 09:38:46,792 -   [Inner 144.10] cost=970.00 no_imp=18/20 (còn 1075s)
2026-04-04 09:38:46,878 -   [Outer 144] Chạy Pairwise MaxSAT...
2026-04-04 09:38:46,879 -   [Outer] Không cải thiện (streak=143)
2026-04-04 09:38:46,879 - === OUTER 145 | cost=970.00 no_imp_streak=143 (còn 1075s) ===
2026-04-04 09:38:46,879 -   [Inner 145.1] cost=970.00 no_imp=0/20 (còn 1075s)
2026-04-04 09:38:46,965 -   [Inner 145.2] cost=970.00 no_imp=2/20 (còn 1075s)
2026-04-04 09:38:47,052 -   [Inner 145.3] cost=970.00 no_imp=4/20 (còn 1075s)
2026-04-04 09:38:47,138 -   [Inner 145.4] cost=970.00 no_imp=6/20 (còn 1075s)
2026-04-04 09:38:47,225 -   [Inner 145.5] cost=970.00 no_imp=8/20 (còn 1074s)
2026-04-04 09:38:47,311 -   [Inner 145.6] cost=970.00 no_imp=10/20 (còn 1074s)
2026-04-04 09:38:47,399 -   [Inner 145.7] cost=970.00 no_imp=12/20 (còn 1074s)
2026-04-04 09:38:47,485 -   [Inner 145.8] cost=970.00 no_imp=14/20 (còn 1074s)
2026-04-04 09:38:47,571 -   [Inner 145.9] cost=970.00 no_imp=16/20 (còn 1074s)
2026-04-04 09:38:47,657 -   [Inner 145.10] cost=970.00 no_imp=18/20 (còn 1074s)
2026-04-04 09:38:47,745 -   [Outer 145] Chạy Pairwise MaxSAT...
2026-04-04 09:38:47,746 -   [Outer] Không cải thiện (streak=144)
2026-04-04 09:38:47,746 - === OUTER 146 | cost=970.00 no_imp_streak=144 (còn 1074s) ===
2026-04-04 09:38:47,746 -   [Inner 146.1] cost=970.00 no_imp=0/20 (còn 1074s)
2026-04-04 09:38:47,832 -   [Inner 146.2] cost=970.00 no_imp=2/20 (còn 1074s)
2026-04-04 09:38:47,918 -   [Inner 146.3] cost=970.00 no_imp=4/20 (còn 1074s)
2026-04-04 09:38:48,005 -   [Inner 146.4] cost=970.00 no_imp=6/20 (còn 1074s)
2026-04-04 09:38:48,091 -   [Inner 146.5] cost=970.00 no_imp=8/20 (còn 1074s)
2026-04-04 09:38:48,177 -   [Inner 146.6] cost=970.00 no_imp=10/20 (còn 1073s)
2026-04-04 09:38:48,265 -   [Inner 146.7] cost=970.00 no_imp=12/20 (còn 1073s)
2026-04-04 09:38:48,352 -   [Inner 146.8] cost=970.00 no_imp=14/20 (còn 1073s)
2026-04-04 09:38:48,438 -   [Inner 146.9] cost=970.00 no_imp=16/20 (còn 1073s)
2026-04-04 09:38:48,524 -   [Inner 146.10] cost=970.00 no_imp=18/20 (còn 1073s)
2026-04-04 09:38:48,610 -   [Outer 146] Chạy Pairwise MaxSAT...
2026-04-04 09:38:48,611 -   [Outer] Không cải thiện (streak=145)
2026-04-04 09:38:48,611 - === OUTER 147 | cost=970.00 no_imp_streak=145 (còn 1073s) ===
2026-04-04 09:38:48,611 -   [Inner 147.1] cost=970.00 no_imp=0/20 (còn 1073s)
2026-04-04 09:38:48,698 -   [Inner 147.2] cost=970.00 no_imp=2/20 (còn 1073s)
2026-04-04 09:38:48,785 -   [Inner 147.3] cost=970.00 no_imp=4/20 (còn 1073s)
2026-04-04 09:38:48,871 -   [Inner 147.4] cost=970.00 no_imp=6/20 (còn 1073s)
2026-04-04 09:38:48,957 -   [Inner 147.5] cost=970.00 no_imp=8/20 (còn 1073s)
2026-04-04 09:38:49,044 -   [Inner 147.6] cost=970.00 no_imp=10/20 (còn 1073s)
2026-04-04 09:38:49,130 -   [Inner 147.7] cost=970.00 no_imp=12/20 (còn 1073s)
2026-04-04 09:38:49,217 -   [Inner 147.8] cost=970.00 no_imp=14/20 (còn 1072s)
2026-04-04 09:38:49,304 -   [Inner 147.9] cost=970.00 no_imp=16/20 (còn 1072s)
2026-04-04 09:38:49,393 -   [Inner 147.10] cost=970.00 no_imp=18/20 (còn 1072s)
2026-04-04 09:38:49,478 -   [Outer 147] Chạy Pairwise MaxSAT...
2026-04-04 09:38:49,479 -   [Outer] Không cải thiện (streak=146)
2026-04-04 09:38:49,479 - === OUTER 148 | cost=970.00 no_imp_streak=146 (còn 1072s) ===
2026-04-04 09:38:49,479 -   [Inner 148.1] cost=970.00 no_imp=0/20 (còn 1072s)
2026-04-04 09:38:49,565 -   [Inner 148.2] cost=970.00 no_imp=2/20 (còn 1072s)
2026-04-04 09:38:49,651 -   [Inner 148.3] cost=970.00 no_imp=4/20 (còn 1072s)
2026-04-04 09:38:49,738 -   [Inner 148.4] cost=970.00 no_imp=6/20 (còn 1072s)
2026-04-04 09:38:49,825 -   [Inner 148.5] cost=970.00 no_imp=8/20 (còn 1072s)
2026-04-04 09:38:49,911 -   [Inner 148.6] cost=970.00 no_imp=10/20 (còn 1072s)
2026-04-04 09:38:49,997 -   [Inner 148.7] cost=970.00 no_imp=12/20 (còn 1072s)
2026-04-04 09:38:50,085 -   [Inner 148.8] cost=970.00 no_imp=14/20 (còn 1072s)
2026-04-04 09:38:50,170 -   [Inner 148.9] cost=970.00 no_imp=16/20 (còn 1071s)
2026-04-04 09:38:50,258 -   [Inner 148.10] cost=970.00 no_imp=18/20 (còn 1071s)
2026-04-04 09:38:50,345 -   [Outer 148] Chạy Pairwise MaxSAT...
2026-04-04 09:38:50,345 -   [Outer] Không cải thiện (streak=147)
2026-04-04 09:38:50,345 - === OUTER 149 | cost=970.00 no_imp_streak=147 (còn 1071s) ===
2026-04-04 09:38:50,345 -   [Inner 149.1] cost=970.00 no_imp=0/20 (còn 1071s)
2026-04-04 09:38:50,432 -   [Inner 149.2] cost=970.00 no_imp=2/20 (còn 1071s)
2026-04-04 09:38:50,518 -   [Inner 149.3] cost=970.00 no_imp=4/20 (còn 1071s)
2026-04-04 09:38:50,604 -   [Inner 149.4] cost=970.00 no_imp=6/20 (còn 1071s)
2026-04-04 09:38:50,690 -   [Inner 149.5] cost=970.00 no_imp=8/20 (còn 1071s)
2026-04-04 09:38:50,775 -   [Inner 149.6] cost=970.00 no_imp=10/20 (còn 1071s)
2026-04-04 09:38:50,862 -   [Inner 149.7] cost=970.00 no_imp=12/20 (còn 1071s)
2026-04-04 09:38:50,948 -   [Inner 149.8] cost=970.00 no_imp=14/20 (còn 1071s)
2026-04-04 09:38:51,035 -   [Inner 149.9] cost=970.00 no_imp=16/20 (còn 1071s)
2026-04-04 09:38:51,121 -   [Inner 149.10] cost=970.00 no_imp=18/20 (còn 1071s)
2026-04-04 09:38:51,212 -   [Outer 149] Chạy Pairwise MaxSAT...
2026-04-04 09:38:51,212 -   [Outer] Không cải thiện (streak=148)
2026-04-04 09:38:51,212 - === OUTER 150 | cost=970.00 no_imp_streak=148 (còn 1070s) ===
2026-04-04 09:38:51,213 -   [Inner 150.1] cost=970.00 no_imp=0/20 (còn 1070s)
2026-04-04 09:38:51,300 -   [Inner 150.2] cost=970.00 no_imp=2/20 (còn 1070s)
2026-04-04 09:38:51,387 -   [Inner 150.3] cost=970.00 no_imp=4/20 (còn 1070s)
2026-04-04 09:38:51,476 -   [Inner 150.4] cost=970.00 no_imp=6/20 (còn 1070s)
2026-04-04 09:38:51,563 -   [Inner 150.5] cost=970.00 no_imp=8/20 (còn 1070s)
2026-04-04 09:38:51,649 -   [Inner 150.6] cost=970.00 no_imp=10/20 (còn 1070s)
2026-04-04 09:38:51,736 -   [Inner 150.7] cost=970.00 no_imp=12/20 (còn 1070s)
2026-04-04 09:38:51,822 -   [Inner 150.8] cost=970.00 no_imp=14/20 (còn 1070s)
2026-04-04 09:38:51,908 -   [Inner 150.9] cost=970.00 no_imp=16/20 (còn 1070s)
2026-04-04 09:38:51,994 -   [Inner 150.10] cost=970.00 no_imp=18/20 (còn 1070s)
2026-04-04 09:38:52,081 -   [Outer 150] Chạy Pairwise MaxSAT...
2026-04-04 09:38:52,082 -   [Outer] Không cải thiện (streak=149)
2026-04-04 09:38:52,082 - Hoàn thành. cost=970.00 | time=130.4s | s_imp=1 s_to=0 | p_imp=0 p_to=0
2026-04-04 09:38:52,082 - ======================================================================
2026-04-04 09:38:52,082 - CW=1016 → 2opt=973 → MaxSAT=970
2026-04-04 09:38:52,082 - Cải thiện so CW: 46
2026-04-04 09:38:52,082 - Total time: 130.4s
2026-04-04 09:38:52,082 - Verified cost: 970
2026-04-04 09:38:52,083 - ======================================================================
2026-04-04 09:38:52,084 - FILE: B-n38-k6.vrp
2026-04-04 09:38:52,084 - ======================================================================
2026-04-04 09:38:52,086 - Dim=38 K=6 Cap=100
2026-04-04 09:38:52,086 - --- Clarke-Wright ---
2026-04-04 09:38:52,087 -   cost=961 time=0.00s
2026-04-04 09:38:52,087 - --- Two-Opt ---
2026-04-04 09:38:52,089 -   cost=912 time=0.00s
2026-04-04 09:38:52,089 - --- MaxSAT (2-tầng) ---
2026-04-04 09:38:52,089 - =========================================
2026-04-04 09:38:52,089 - BẮT ĐẦU OPTIMIZE (MaxSAT-RC2, 2-tầng)
2026-04-04 09:38:52,089 -   max_single=8  s_to=40.0s
2026-04-04 09:38:52,089 -   max_pair=8  p_to=30.0s
2026-04-04 09:38:52,089 -   n_pairs=3
2026-04-04 09:38:52,089 -   inner_patience=20  outer_patience=999
2026-04-04 09:38:52,089 -   global_timeout=1200.0s
2026-04-04 09:38:52,089 -   start_cost=912.00
2026-04-04 09:38:52,089 - =========================================
2026-04-04 09:38:52,089 - === OUTER 1 | cost=912.00 no_imp_streak=0 (còn 1200s) ===
2026-04-04 09:38:52,089 -   [Inner 1.1] cost=912.00 no_imp=0/20 (còn 1200s)
2026-04-04 09:38:52,095 -     [P1] Relocate → 900.00
2026-04-04 09:38:52,101 -     [P2] Exchange → 886.00
2026-04-04 09:38:52,247 -     → INNER BEST = 886.00
2026-04-04 09:38:52,247 -   [Inner 1.2] cost=886.00 no_imp=0/20 (còn 1200s)
2026-04-04 09:38:52,252 -     [P1] Relocate → 881.00
2026-04-04 09:38:52,256 -     [P2] Exchange → 877.00
2026-04-04 09:38:52,346 -     [P3] Single +3
2026-04-04 09:38:52,347 -     → INNER BEST = 874.00
2026-04-04 09:38:52,347 -   [Inner 1.3] cost=874.00 no_imp=0/20 (còn 1200s)
2026-04-04 09:38:52,352 -     [P1] Relocate → 870.00
2026-04-04 09:38:52,446 -     → INNER BEST = 870.00
2026-04-04 09:38:52,447 -   [Inner 1.4] cost=870.00 no_imp=0/20 (còn 1200s)
2026-04-04 09:38:52,451 -     [P1] Relocate → 867.00
2026-04-04 09:38:52,549 -     → INNER BEST = 867.00
2026-04-04 09:38:52,549 -   [Inner 1.5] cost=867.00 no_imp=0/20 (còn 1200s)
2026-04-04 09:38:52,553 -     [P1] Relocate → 865.00
2026-04-04 09:38:52,651 -     → INNER BEST = 865.00
2026-04-04 09:38:52,652 -   [Inner 1.6] cost=865.00 no_imp=0/20 (còn 1199s)
2026-04-04 09:38:52,754 -   [Inner 1.7] cost=865.00 no_imp=2/20 (còn 1199s)
2026-04-04 09:38:52,858 -   [Inner 1.8] cost=865.00 no_imp=4/20 (còn 1199s)
2026-04-04 09:38:52,959 -   [Inner 1.9] cost=865.00 no_imp=6/20 (còn 1199s)
2026-04-04 09:38:53,061 -   [Inner 1.10] cost=865.00 no_imp=8/20 (còn 1199s)
2026-04-04 09:38:53,166 -   [Inner 1.11] cost=865.00 no_imp=10/20 (còn 1199s)
2026-04-04 09:38:53,269 -   [Inner 1.12] cost=865.00 no_imp=12/20 (còn 1199s)
2026-04-04 09:38:53,373 -   [Inner 1.13] cost=865.00 no_imp=14/20 (còn 1199s)
2026-04-04 09:38:53,478 -   [Inner 1.14] cost=865.00 no_imp=16/20 (còn 1199s)
2026-04-04 09:38:53,580 -   [Inner 1.15] cost=865.00 no_imp=18/20 (còn 1199s)
2026-04-04 09:38:53,683 -   [Outer] Inner cải thiện → best=865.00
2026-04-04 09:38:53,683 -   [Outer 1] Chạy Pairwise MaxSAT...
2026-04-04 09:38:53,683 - === OUTER 2 | cost=865.00 no_imp_streak=0 (còn 1198s) ===
2026-04-04 09:38:53,683 -   [Inner 2.1] cost=865.00 no_imp=0/20 (còn 1198s)
2026-04-04 09:38:53,785 -   [Inner 2.2] cost=865.00 no_imp=2/20 (còn 1198s)
2026-04-04 09:38:53,889 -   [Inner 2.3] cost=865.00 no_imp=4/20 (còn 1198s)
2026-04-04 09:38:53,991 -   [Inner 2.4] cost=865.00 no_imp=6/20 (còn 1198s)
2026-04-04 09:38:54,094 -   [Inner 2.5] cost=865.00 no_imp=8/20 (còn 1198s)
2026-04-04 09:38:54,197 -   [Inner 2.6] cost=865.00 no_imp=10/20 (còn 1198s)
2026-04-04 09:38:54,300 -   [Inner 2.7] cost=865.00 no_imp=12/20 (còn 1198s)
2026-04-04 09:38:54,402 -   [Inner 2.8] cost=865.00 no_imp=14/20 (còn 1198s)
2026-04-04 09:38:54,504 -   [Inner 2.9] cost=865.00 no_imp=16/20 (còn 1198s)
2026-04-04 09:38:54,607 -   [Inner 2.10] cost=865.00 no_imp=18/20 (còn 1197s)
2026-04-04 09:38:54,709 -   [Outer 2] Chạy Pairwise MaxSAT...
2026-04-04 09:38:54,710 -   [Outer] Không cải thiện (streak=1)
2026-04-04 09:38:54,710 - === OUTER 3 | cost=865.00 no_imp_streak=1 (còn 1197s) ===
2026-04-04 09:38:54,710 -   [Inner 3.1] cost=865.00 no_imp=0/20 (còn 1197s)
2026-04-04 09:38:54,813 -   [Inner 3.2] cost=865.00 no_imp=2/20 (còn 1197s)
2026-04-04 09:38:54,916 -   [Inner 3.3] cost=865.00 no_imp=4/20 (còn 1197s)
2026-04-04 09:38:55,018 -   [Inner 3.4] cost=865.00 no_imp=6/20 (còn 1197s)
2026-04-04 09:38:55,120 -   [Inner 3.5] cost=865.00 no_imp=8/20 (còn 1197s)
2026-04-04 09:38:55,223 -   [Inner 3.6] cost=865.00 no_imp=10/20 (còn 1197s)
2026-04-04 09:38:55,326 -   [Inner 3.7] cost=865.00 no_imp=12/20 (còn 1197s)
2026-04-04 09:38:55,428 -   [Inner 3.8] cost=865.00 no_imp=14/20 (còn 1197s)
2026-04-04 09:38:55,532 -   [Inner 3.9] cost=865.00 no_imp=16/20 (còn 1197s)
2026-04-04 09:38:55,635 -   [Inner 3.10] cost=865.00 no_imp=18/20 (còn 1196s)
2026-04-04 09:38:55,738 -   [Outer 3] Chạy Pairwise MaxSAT...
2026-04-04 09:38:55,738 -   [Outer] Không cải thiện (streak=2)
2026-04-04 09:38:55,738 - === OUTER 4 | cost=865.00 no_imp_streak=2 (còn 1196s) ===
2026-04-04 09:38:55,738 -   [Inner 4.1] cost=865.00 no_imp=0/20 (còn 1196s)
2026-04-04 09:38:55,841 -   [Inner 4.2] cost=865.00 no_imp=2/20 (còn 1196s)
2026-04-04 09:38:55,943 -   [Inner 4.3] cost=865.00 no_imp=4/20 (còn 1196s)
2026-04-04 09:38:56,045 -   [Inner 4.4] cost=865.00 no_imp=6/20 (còn 1196s)
2026-04-04 09:38:56,148 -   [Inner 4.5] cost=865.00 no_imp=8/20 (còn 1196s)
2026-04-04 09:38:56,250 -   [Inner 4.6] cost=865.00 no_imp=10/20 (còn 1196s)
2026-04-04 09:38:56,353 -   [Inner 4.7] cost=865.00 no_imp=12/20 (còn 1196s)
2026-04-04 09:38:56,455 -   [Inner 4.8] cost=865.00 no_imp=14/20 (còn 1196s)
2026-04-04 09:38:56,558 -   [Inner 4.9] cost=865.00 no_imp=16/20 (còn 1196s)
2026-04-04 09:38:56,660 -   [Inner 4.10] cost=865.00 no_imp=18/20 (còn 1195s)
2026-04-04 09:38:56,762 -   [Outer 4] Chạy Pairwise MaxSAT...
2026-04-04 09:38:56,762 -   [Outer] Không cải thiện (streak=3)
2026-04-04 09:38:56,763 - === OUTER 5 | cost=865.00 no_imp_streak=3 (còn 1195s) ===
2026-04-04 09:38:56,763 -   [Inner 5.1] cost=865.00 no_imp=0/20 (còn 1195s)
2026-04-04 09:38:56,866 -   [Inner 5.2] cost=865.00 no_imp=2/20 (còn 1195s)
2026-04-04 09:38:56,969 -   [Inner 5.3] cost=865.00 no_imp=4/20 (còn 1195s)
2026-04-04 09:38:57,071 -   [Inner 5.4] cost=865.00 no_imp=6/20 (còn 1195s)
2026-04-04 09:38:57,173 -   [Inner 5.5] cost=865.00 no_imp=8/20 (còn 1195s)
2026-04-04 09:38:57,276 -   [Inner 5.6] cost=865.00 no_imp=10/20 (còn 1195s)
2026-04-04 09:38:57,378 -   [Inner 5.7] cost=865.00 no_imp=12/20 (còn 1195s)
2026-04-04 09:38:57,482 -   [Inner 5.8] cost=865.00 no_imp=14/20 (còn 1195s)
2026-04-04 09:38:57,585 -   [Inner 5.9] cost=865.00 no_imp=16/20 (còn 1195s)
2026-04-04 09:38:57,688 -   [Inner 5.10] cost=865.00 no_imp=18/20 (còn 1194s)
2026-04-04 09:38:57,791 -   [Outer 5] Chạy Pairwise MaxSAT...
2026-04-04 09:38:57,791 -   [Outer] Không cải thiện (streak=4)
2026-04-04 09:38:57,791 - === OUTER 6 | cost=865.00 no_imp_streak=4 (còn 1194s) ===
2026-04-04 09:38:57,791 -   [Inner 6.1] cost=865.00 no_imp=0/20 (còn 1194s)
2026-04-04 09:38:57,894 -   [Inner 6.2] cost=865.00 no_imp=2/20 (còn 1194s)
2026-04-04 09:38:57,996 -   [Inner 6.3] cost=865.00 no_imp=4/20 (còn 1194s)
2026-04-04 09:38:58,100 -   [Inner 6.4] cost=865.00 no_imp=6/20 (còn 1194s)
2026-04-04 09:38:58,204 -   [Inner 6.5] cost=865.00 no_imp=8/20 (còn 1194s)
2026-04-04 09:38:58,307 -   [Inner 6.6] cost=865.00 no_imp=10/20 (còn 1194s)
2026-04-04 09:38:58,409 -   [Inner 6.7] cost=865.00 no_imp=12/20 (còn 1194s)
2026-04-04 09:38:58,511 -   [Inner 6.8] cost=865.00 no_imp=14/20 (còn 1194s)
2026-04-04 09:38:58,613 -   [Inner 6.9] cost=865.00 no_imp=16/20 (còn 1193s)
2026-04-04 09:38:58,716 -   [Inner 6.10] cost=865.00 no_imp=18/20 (còn 1193s)
2026-04-04 09:38:58,819 -   [Outer 6] Chạy Pairwise MaxSAT...
2026-04-04 09:38:58,819 -   [Outer] Không cải thiện (streak=5)
2026-04-04 09:38:58,819 - === OUTER 7 | cost=865.00 no_imp_streak=5 (còn 1193s) ===
2026-04-04 09:38:58,820 -   [Inner 7.1] cost=865.00 no_imp=0/20 (còn 1193s)
2026-04-04 09:38:58,922 -   [Inner 7.2] cost=865.00 no_imp=2/20 (còn 1193s)
2026-04-04 09:38:59,024 -   [Inner 7.3] cost=865.00 no_imp=4/20 (còn 1193s)
2026-04-04 09:38:59,127 -   [Inner 7.4] cost=865.00 no_imp=6/20 (còn 1193s)
2026-04-04 09:38:59,229 -   [Inner 7.5] cost=865.00 no_imp=8/20 (còn 1193s)
2026-04-04 09:38:59,332 -   [Inner 7.6] cost=865.00 no_imp=10/20 (còn 1193s)
2026-04-04 09:38:59,435 -   [Inner 7.7] cost=865.00 no_imp=12/20 (còn 1193s)
2026-04-04 09:38:59,539 -   [Inner 7.8] cost=865.00 no_imp=14/20 (còn 1193s)
2026-04-04 09:38:59,641 -   [Inner 7.9] cost=865.00 no_imp=16/20 (còn 1192s)
2026-04-04 09:38:59,743 -   [Inner 7.10] cost=865.00 no_imp=18/20 (còn 1192s)
2026-04-04 09:38:59,846 -   [Outer 7] Chạy Pairwise MaxSAT...
2026-04-04 09:38:59,846 -   [Outer] Không cải thiện (streak=6)
2026-04-04 09:38:59,846 - === OUTER 8 | cost=865.00 no_imp_streak=6 (còn 1192s) ===
2026-04-04 09:38:59,846 -   [Inner 8.1] cost=865.00 no_imp=0/20 (còn 1192s)
2026-04-04 09:38:59,949 -   [Inner 8.2] cost=865.00 no_imp=2/20 (còn 1192s)
2026-04-04 09:39:00,057 -   [Inner 8.3] cost=865.00 no_imp=4/20 (còn 1192s)
2026-04-04 09:39:00,159 -   [Inner 8.4] cost=865.00 no_imp=6/20 (còn 1192s)
2026-04-04 09:39:00,263 -   [Inner 8.5] cost=865.00 no_imp=8/20 (còn 1192s)
2026-04-04 09:39:00,365 -   [Inner 8.6] cost=865.00 no_imp=10/20 (còn 1192s)
2026-04-04 09:39:00,467 -   [Inner 8.7] cost=865.00 no_imp=12/20 (còn 1192s)
2026-04-04 09:39:00,570 -   [Inner 8.8] cost=865.00 no_imp=14/20 (còn 1192s)
2026-04-04 09:39:00,672 -   [Inner 8.9] cost=865.00 no_imp=16/20 (còn 1191s)
2026-04-04 09:39:00,774 -   [Inner 8.10] cost=865.00 no_imp=18/20 (còn 1191s)
2026-04-04 09:39:00,876 -   [Outer 8] Chạy Pairwise MaxSAT...
2026-04-04 09:39:00,876 -   [Outer] Không cải thiện (streak=7)
2026-04-04 09:39:00,877 - === OUTER 9 | cost=865.00 no_imp_streak=7 (còn 1191s) ===
2026-04-04 09:39:00,877 -   [Inner 9.1] cost=865.00 no_imp=0/20 (còn 1191s)
2026-04-04 09:39:00,977 -   [Inner 9.2] cost=865.00 no_imp=2/20 (còn 1191s)
2026-04-04 09:39:01,080 -   [Inner 9.3] cost=865.00 no_imp=4/20 (còn 1191s)
2026-04-04 09:39:01,183 -   [Inner 9.4] cost=865.00 no_imp=6/20 (còn 1191s)
2026-04-04 09:39:01,285 -   [Inner 9.5] cost=865.00 no_imp=8/20 (còn 1191s)
2026-04-04 09:39:01,387 -   [Inner 9.6] cost=865.00 no_imp=10/20 (còn 1191s)
2026-04-04 09:39:01,489 -   [Inner 9.7] cost=865.00 no_imp=12/20 (còn 1191s)
2026-04-04 09:39:01,593 -   [Inner 9.8] cost=865.00 no_imp=14/20 (còn 1190s)
2026-04-04 09:39:01,697 -   [Inner 9.9] cost=865.00 no_imp=16/20 (còn 1190s)
2026-04-04 09:39:01,804 -   [Inner 9.10] cost=865.00 no_imp=18/20 (còn 1190s)
2026-04-04 09:39:01,907 -   [Outer 9] Chạy Pairwise MaxSAT...
2026-04-04 09:39:01,908 -   [Outer] Không cải thiện (streak=8)
2026-04-04 09:39:01,908 - === OUTER 10 | cost=865.00 no_imp_streak=8 (còn 1190s) ===
2026-04-04 09:39:01,908 -   [Inner 10.1] cost=865.00 no_imp=0/20 (còn 1190s)
2026-04-04 09:39:02,010 -   [Inner 10.2] cost=865.00 no_imp=2/20 (còn 1190s)
2026-04-04 09:39:02,114 -   [Inner 10.3] cost=865.00 no_imp=4/20 (còn 1190s)
2026-04-04 09:39:02,216 -   [Inner 10.4] cost=865.00 no_imp=6/20 (còn 1190s)
2026-04-04 09:39:02,319 -   [Inner 10.5] cost=865.00 no_imp=8/20 (còn 1190s)
2026-04-04 09:39:02,422 -   [Inner 10.6] cost=865.00 no_imp=10/20 (còn 1190s)
2026-04-04 09:39:02,525 -   [Inner 10.7] cost=865.00 no_imp=12/20 (còn 1190s)
2026-04-04 09:39:02,626 -   [Inner 10.8] cost=865.00 no_imp=14/20 (còn 1189s)
2026-04-04 09:39:02,732 -   [Inner 10.9] cost=865.00 no_imp=16/20 (còn 1189s)
2026-04-04 09:39:02,834 -   [Inner 10.10] cost=865.00 no_imp=18/20 (còn 1189s)
2026-04-04 09:39:02,937 -   [Outer 10] Chạy Pairwise MaxSAT...
2026-04-04 09:39:02,937 -   [Outer] Không cải thiện (streak=9)
2026-04-04 09:39:02,938 - === OUTER 11 | cost=865.00 no_imp_streak=9 (còn 1189s) ===
2026-04-04 09:39:02,938 -   [Inner 11.1] cost=865.00 no_imp=0/20 (còn 1189s)
2026-04-04 09:39:03,041 -   [Inner 11.2] cost=865.00 no_imp=2/20 (còn 1189s)
2026-04-04 09:39:03,144 -   [Inner 11.3] cost=865.00 no_imp=4/20 (còn 1189s)
2026-04-04 09:39:03,246 -   [Inner 11.4] cost=865.00 no_imp=6/20 (còn 1189s)
2026-04-04 09:39:03,349 -   [Inner 11.5] cost=865.00 no_imp=8/20 (còn 1189s)
2026-04-04 09:39:03,450 -   [Inner 11.6] cost=865.00 no_imp=10/20 (còn 1189s)
2026-04-04 09:39:03,552 -   [Inner 11.7] cost=865.00 no_imp=12/20 (còn 1189s)
2026-04-04 09:39:03,656 -   [Inner 11.8] cost=865.00 no_imp=14/20 (còn 1188s)
2026-04-04 09:39:03,759 -   [Inner 11.9] cost=865.00 no_imp=16/20 (còn 1188s)
2026-04-04 09:39:03,862 -   [Inner 11.10] cost=865.00 no_imp=18/20 (còn 1188s)
2026-04-04 09:39:03,963 -   [Outer 11] Chạy Pairwise MaxSAT...
2026-04-04 09:39:03,963 -   [Outer] Không cải thiện (streak=10)
2026-04-04 09:39:03,964 - === OUTER 12 | cost=865.00 no_imp_streak=10 (còn 1188s) ===
2026-04-04 09:39:03,964 -   [Inner 12.1] cost=865.00 no_imp=0/20 (còn 1188s)
2026-04-04 09:39:04,066 -   [Inner 12.2] cost=865.00 no_imp=2/20 (còn 1188s)
2026-04-04 09:39:04,169 -   [Inner 12.3] cost=865.00 no_imp=4/20 (còn 1188s)
2026-04-04 09:39:04,272 -   [Inner 12.4] cost=865.00 no_imp=6/20 (còn 1188s)
2026-04-04 09:39:04,374 -   [Inner 12.5] cost=865.00 no_imp=8/20 (còn 1188s)
2026-04-04 09:39:04,475 -   [Inner 12.6] cost=865.00 no_imp=10/20 (còn 1188s)
2026-04-04 09:39:04,577 -   [Inner 12.7] cost=865.00 no_imp=12/20 (còn 1188s)
2026-04-04 09:39:04,679 -   [Inner 12.8] cost=865.00 no_imp=14/20 (còn 1187s)
2026-04-04 09:39:04,781 -   [Inner 12.9] cost=865.00 no_imp=16/20 (còn 1187s)
2026-04-04 09:39:04,883 -   [Inner 12.10] cost=865.00 no_imp=18/20 (còn 1187s)
2026-04-04 09:39:04,985 -   [Outer 12] Chạy Pairwise MaxSAT...
2026-04-04 09:39:04,986 -   [Outer] Không cải thiện (streak=11)
2026-04-04 09:39:04,986 - === OUTER 13 | cost=865.00 no_imp_streak=11 (còn 1187s) ===
2026-04-04 09:39:04,986 -   [Inner 13.1] cost=865.00 no_imp=0/20 (còn 1187s)
2026-04-04 09:39:05,090 -   [Inner 13.2] cost=865.00 no_imp=2/20 (còn 1187s)
2026-04-04 09:39:05,192 -   [Inner 13.3] cost=865.00 no_imp=4/20 (còn 1187s)
2026-04-04 09:39:05,295 -   [Inner 13.4] cost=865.00 no_imp=6/20 (còn 1187s)
2026-04-04 09:39:05,398 -   [Inner 13.5] cost=865.00 no_imp=8/20 (còn 1187s)
2026-04-04 09:39:05,499 -   [Inner 13.6] cost=865.00 no_imp=10/20 (còn 1187s)
2026-04-04 09:39:05,605 -   [Inner 13.7] cost=865.00 no_imp=12/20 (còn 1186s)
2026-04-04 09:39:05,707 -   [Inner 13.8] cost=865.00 no_imp=14/20 (còn 1186s)
2026-04-04 09:39:05,810 -   [Inner 13.9] cost=865.00 no_imp=16/20 (còn 1186s)
2026-04-04 09:39:05,912 -   [Inner 13.10] cost=865.00 no_imp=18/20 (còn 1186s)
2026-04-04 09:39:06,015 -   [Outer 13] Chạy Pairwise MaxSAT...
2026-04-04 09:39:06,016 -   [Outer] Không cải thiện (streak=12)
2026-04-04 09:39:06,016 - === OUTER 14 | cost=865.00 no_imp_streak=12 (còn 1186s) ===
2026-04-04 09:39:06,016 -   [Inner 14.1] cost=865.00 no_imp=0/20 (còn 1186s)
2026-04-04 09:39:06,119 -   [Inner 14.2] cost=865.00 no_imp=2/20 (còn 1186s)
2026-04-04 09:39:06,221 -   [Inner 14.3] cost=865.00 no_imp=4/20 (còn 1186s)
2026-04-04 09:39:06,323 -   [Inner 14.4] cost=865.00 no_imp=6/20 (còn 1186s)
2026-04-04 09:39:06,426 -   [Inner 14.5] cost=865.00 no_imp=8/20 (còn 1186s)
2026-04-04 09:39:06,527 -   [Inner 14.6] cost=865.00 no_imp=10/20 (còn 1186s)
2026-04-04 09:39:06,630 -   [Inner 14.7] cost=865.00 no_imp=12/20 (còn 1185s)
2026-04-04 09:39:06,733 -   [Inner 14.8] cost=865.00 no_imp=14/20 (còn 1185s)
2026-04-04 09:39:06,835 -   [Inner 14.9] cost=865.00 no_imp=16/20 (còn 1185s)
2026-04-04 09:39:06,937 -   [Inner 14.10] cost=865.00 no_imp=18/20 (còn 1185s)
2026-04-04 09:39:07,040 -   [Outer 14] Chạy Pairwise MaxSAT...
2026-04-04 09:39:07,040 -   [Outer] Không cải thiện (streak=13)
2026-04-04 09:39:07,040 - === OUTER 15 | cost=865.00 no_imp_streak=13 (còn 1185s) ===
2026-04-04 09:39:07,040 -   [Inner 15.1] cost=865.00 no_imp=0/20 (còn 1185s)
2026-04-04 09:39:07,143 -   [Inner 15.2] cost=865.00 no_imp=2/20 (còn 1185s)
2026-04-04 09:39:07,246 -   [Inner 15.3] cost=865.00 no_imp=4/20 (còn 1185s)
2026-04-04 09:39:07,348 -   [Inner 15.4] cost=865.00 no_imp=6/20 (còn 1185s)
2026-04-04 09:39:07,452 -   [Inner 15.5] cost=865.00 no_imp=8/20 (còn 1185s)
2026-04-04 09:39:07,554 -   [Inner 15.6] cost=865.00 no_imp=10/20 (còn 1185s)
2026-04-04 09:39:07,659 -   [Inner 15.7] cost=865.00 no_imp=12/20 (còn 1184s)
2026-04-04 09:39:07,761 -   [Inner 15.8] cost=865.00 no_imp=14/20 (còn 1184s)
2026-04-04 09:39:07,863 -   [Inner 15.9] cost=865.00 no_imp=16/20 (còn 1184s)
2026-04-04 09:39:07,966 -   [Inner 15.10] cost=865.00 no_imp=18/20 (còn 1184s)
2026-04-04 09:39:08,069 -   [Outer 15] Chạy Pairwise MaxSAT...
2026-04-04 09:39:08,069 -   [Outer] Không cải thiện (streak=14)
2026-04-04 09:39:08,069 - === OUTER 16 | cost=865.00 no_imp_streak=14 (còn 1184s) ===
2026-04-04 09:39:08,069 -   [Inner 16.1] cost=865.00 no_imp=0/20 (còn 1184s)
2026-04-04 09:39:08,173 -   [Inner 16.2] cost=865.00 no_imp=2/20 (còn 1184s)
2026-04-04 09:39:08,276 -   [Inner 16.3] cost=865.00 no_imp=4/20 (còn 1184s)
2026-04-04 09:39:08,380 -   [Inner 16.4] cost=865.00 no_imp=6/20 (còn 1184s)
2026-04-04 09:39:08,481 -   [Inner 16.5] cost=865.00 no_imp=8/20 (còn 1184s)
2026-04-04 09:39:08,582 -   [Inner 16.6] cost=865.00 no_imp=10/20 (còn 1184s)
2026-04-04 09:39:08,685 -   [Inner 16.7] cost=865.00 no_imp=12/20 (còn 1183s)
2026-04-04 09:39:08,787 -   [Inner 16.8] cost=865.00 no_imp=14/20 (còn 1183s)
2026-04-04 09:39:08,889 -   [Inner 16.9] cost=865.00 no_imp=16/20 (còn 1183s)
2026-04-04 09:39:08,991 -   [Inner 16.10] cost=865.00 no_imp=18/20 (còn 1183s)
2026-04-04 09:39:09,094 -   [Outer 16] Chạy Pairwise MaxSAT...
2026-04-04 09:39:09,094 -   [Outer] Không cải thiện (streak=15)
2026-04-04 09:39:09,094 - === OUTER 17 | cost=865.00 no_imp_streak=15 (còn 1183s) ===
2026-04-04 09:39:09,094 -   [Inner 17.1] cost=865.00 no_imp=0/20 (còn 1183s)
2026-04-04 09:39:09,196 -   [Inner 17.2] cost=865.00 no_imp=2/20 (còn 1183s)
2026-04-04 09:39:09,300 -   [Inner 17.3] cost=865.00 no_imp=4/20 (còn 1183s)
2026-04-04 09:39:09,403 -   [Inner 17.4] cost=865.00 no_imp=6/20 (còn 1183s)
2026-04-04 09:39:09,504 -   [Inner 17.5] cost=865.00 no_imp=8/20 (còn 1183s)
2026-04-04 09:39:09,607 -   [Inner 17.6] cost=865.00 no_imp=10/20 (còn 1182s)
2026-04-04 09:39:09,711 -   [Inner 17.7] cost=865.00 no_imp=12/20 (còn 1182s)
2026-04-04 09:39:09,814 -   [Inner 17.8] cost=865.00 no_imp=14/20 (còn 1182s)
2026-04-04 09:39:09,916 -   [Inner 17.9] cost=865.00 no_imp=16/20 (còn 1182s)
2026-04-04 09:39:10,018 -   [Inner 17.10] cost=865.00 no_imp=18/20 (còn 1182s)
2026-04-04 09:39:10,120 -   [Outer 17] Chạy Pairwise MaxSAT...
2026-04-04 09:39:10,121 -   [Outer] Không cải thiện (streak=16)
2026-04-04 09:39:10,121 - === OUTER 18 | cost=865.00 no_imp_streak=16 (còn 1182s) ===
2026-04-04 09:39:10,121 -   [Inner 18.1] cost=865.00 no_imp=0/20 (còn 1182s)
2026-04-04 09:39:10,224 -   [Inner 18.2] cost=865.00 no_imp=2/20 (còn 1182s)
2026-04-04 09:39:10,326 -   [Inner 18.3] cost=865.00 no_imp=4/20 (còn 1182s)
2026-04-04 09:39:10,428 -   [Inner 18.4] cost=865.00 no_imp=6/20 (còn 1182s)
2026-04-04 09:39:10,530 -   [Inner 18.5] cost=865.00 no_imp=8/20 (còn 1182s)
2026-04-04 09:39:10,633 -   [Inner 18.6] cost=865.00 no_imp=10/20 (còn 1181s)
2026-04-04 09:39:10,743 -   [Inner 18.7] cost=865.00 no_imp=12/20 (còn 1181s)
2026-04-04 09:39:10,848 -   [Inner 18.8] cost=865.00 no_imp=14/20 (còn 1181s)
2026-04-04 09:39:10,949 -   [Inner 18.9] cost=865.00 no_imp=16/20 (còn 1181s)
2026-04-04 09:39:11,052 -   [Inner 18.10] cost=865.00 no_imp=18/20 (còn 1181s)
2026-04-04 09:39:11,155 -   [Outer 18] Chạy Pairwise MaxSAT...
2026-04-04 09:39:11,155 -   [Outer] Không cải thiện (streak=17)
2026-04-04 09:39:11,155 - === OUTER 19 | cost=865.00 no_imp_streak=17 (còn 1181s) ===
2026-04-04 09:39:11,156 -   [Inner 19.1] cost=865.00 no_imp=0/20 (còn 1181s)
2026-04-04 09:39:11,258 -   [Inner 19.2] cost=865.00 no_imp=2/20 (còn 1181s)
2026-04-04 09:39:11,361 -   [Inner 19.3] cost=865.00 no_imp=4/20 (còn 1181s)
2026-04-04 09:39:11,464 -   [Inner 19.4] cost=865.00 no_imp=6/20 (còn 1181s)
2026-04-04 09:39:11,566 -   [Inner 19.5] cost=865.00 no_imp=8/20 (còn 1181s)
2026-04-04 09:39:11,671 -   [Inner 19.6] cost=865.00 no_imp=10/20 (còn 1180s)
2026-04-04 09:39:11,773 -   [Inner 19.7] cost=865.00 no_imp=12/20 (còn 1180s)
2026-04-04 09:39:11,876 -   [Inner 19.8] cost=865.00 no_imp=14/20 (còn 1180s)
2026-04-04 09:39:11,978 -   [Inner 19.9] cost=865.00 no_imp=16/20 (còn 1180s)
2026-04-04 09:39:12,080 -   [Inner 19.10] cost=865.00 no_imp=18/20 (còn 1180s)
2026-04-04 09:39:12,182 -   [Outer 19] Chạy Pairwise MaxSAT...
2026-04-04 09:39:12,183 -   [Outer] Không cải thiện (streak=18)
2026-04-04 09:39:12,183 - === OUTER 20 | cost=865.00 no_imp_streak=18 (còn 1180s) ===
2026-04-04 09:39:12,183 -   [Inner 20.1] cost=865.00 no_imp=0/20 (còn 1180s)
2026-04-04 09:39:12,285 -   [Inner 20.2] cost=865.00 no_imp=2/20 (còn 1180s)
2026-04-04 09:39:12,387 -   [Inner 20.3] cost=865.00 no_imp=4/20 (còn 1180s)
2026-04-04 09:39:12,490 -   [Inner 20.4] cost=865.00 no_imp=6/20 (còn 1180s)
2026-04-04 09:39:12,592 -   [Inner 20.5] cost=865.00 no_imp=8/20 (còn 1179s)
2026-04-04 09:39:12,740 -   [Inner 20.6] cost=865.00 no_imp=10/20 (còn 1179s)
2026-04-04 09:39:12,842 -   [Inner 20.7] cost=865.00 no_imp=12/20 (còn 1179s)
2026-04-04 09:39:12,943 -   [Inner 20.8] cost=865.00 no_imp=14/20 (còn 1179s)
2026-04-04 09:39:13,045 -   [Inner 20.9] cost=865.00 no_imp=16/20 (còn 1179s)
2026-04-04 09:39:13,147 -   [Inner 20.10] cost=865.00 no_imp=18/20 (còn 1179s)
2026-04-04 09:39:13,250 -   [Outer 20] Chạy Pairwise MaxSAT...
2026-04-04 09:39:13,250 -   [Outer] Không cải thiện (streak=19)
2026-04-04 09:39:13,250 - === OUTER 21 | cost=865.00 no_imp_streak=19 (còn 1179s) ===
2026-04-04 09:39:13,250 -   [Inner 21.1] cost=865.00 no_imp=0/20 (còn 1179s)
2026-04-04 09:39:13,354 -   [Inner 21.2] cost=865.00 no_imp=2/20 (còn 1179s)
2026-04-04 09:39:13,455 -   [Inner 21.3] cost=865.00 no_imp=4/20 (còn 1179s)
2026-04-04 09:39:13,558 -   [Inner 21.4] cost=865.00 no_imp=6/20 (còn 1179s)
2026-04-04 09:39:13,659 -   [Inner 21.5] cost=865.00 no_imp=8/20 (còn 1178s)
2026-04-04 09:39:13,763 -   [Inner 21.6] cost=865.00 no_imp=10/20 (còn 1178s)
2026-04-04 09:39:13,865 -   [Inner 21.7] cost=865.00 no_imp=12/20 (còn 1178s)
2026-04-04 09:39:13,966 -   [Inner 21.8] cost=865.00 no_imp=14/20 (còn 1178s)
2026-04-04 09:39:14,069 -   [Inner 21.9] cost=865.00 no_imp=16/20 (còn 1178s)
2026-04-04 09:39:14,171 -   [Inner 21.10] cost=865.00 no_imp=18/20 (còn 1178s)
2026-04-04 09:39:14,273 -   [Outer 21] Chạy Pairwise MaxSAT...
2026-04-04 09:39:14,274 -   [Outer] Không cải thiện (streak=20)
2026-04-04 09:39:14,274 - === OUTER 22 | cost=865.00 no_imp_streak=20 (còn 1178s) ===
2026-04-04 09:39:14,274 -   [Inner 22.1] cost=865.00 no_imp=0/20 (còn 1178s)
2026-04-04 09:39:14,377 -   [Inner 22.2] cost=865.00 no_imp=2/20 (còn 1178s)
2026-04-04 09:39:14,478 -   [Inner 22.3] cost=865.00 no_imp=4/20 (còn 1178s)
2026-04-04 09:39:14,580 -   [Inner 22.4] cost=865.00 no_imp=6/20 (còn 1178s)
2026-04-04 09:39:14,682 -   [Inner 22.5] cost=865.00 no_imp=8/20 (còn 1177s)
2026-04-04 09:39:14,783 -   [Inner 22.6] cost=865.00 no_imp=10/20 (còn 1177s)
2026-04-04 09:39:14,887 -   [Inner 22.7] cost=865.00 no_imp=12/20 (còn 1177s)
2026-04-04 09:39:14,990 -   [Inner 22.8] cost=865.00 no_imp=14/20 (còn 1177s)
2026-04-04 09:39:15,092 -   [Inner 22.9] cost=865.00 no_imp=16/20 (còn 1177s)
2026-04-04 09:39:15,193 -   [Inner 22.10] cost=865.00 no_imp=18/20 (còn 1177s)
2026-04-04 09:39:15,295 -   [Outer 22] Chạy Pairwise MaxSAT...
2026-04-04 09:39:15,296 -   [Outer] Không cải thiện (streak=21)
2026-04-04 09:39:15,296 - === OUTER 23 | cost=865.00 no_imp_streak=21 (còn 1177s) ===
2026-04-04 09:39:15,296 -   [Inner 23.1] cost=865.00 no_imp=0/20 (còn 1177s)
2026-04-04 09:39:15,398 -   [Inner 23.2] cost=865.00 no_imp=2/20 (còn 1177s)
2026-04-04 09:39:15,499 -   [Inner 23.3] cost=865.00 no_imp=4/20 (còn 1177s)
2026-04-04 09:39:15,601 -   [Inner 23.4] cost=865.00 no_imp=6/20 (còn 1176s)
2026-04-04 09:39:15,704 -   [Inner 23.5] cost=865.00 no_imp=8/20 (còn 1176s)
2026-04-04 09:39:15,808 -   [Inner 23.6] cost=865.00 no_imp=10/20 (còn 1176s)
2026-04-04 09:39:15,910 -   [Inner 23.7] cost=865.00 no_imp=12/20 (còn 1176s)
2026-04-04 09:39:16,012 -   [Inner 23.8] cost=865.00 no_imp=14/20 (còn 1176s)
2026-04-04 09:39:16,113 -   [Inner 23.9] cost=865.00 no_imp=16/20 (còn 1176s)
2026-04-04 09:39:16,215 -   [Inner 23.10] cost=865.00 no_imp=18/20 (còn 1176s)
2026-04-04 09:39:16,317 -   [Outer 23] Chạy Pairwise MaxSAT...
2026-04-04 09:39:16,317 -   [Outer] Không cải thiện (streak=22)
2026-04-04 09:39:16,317 - === OUTER 24 | cost=865.00 no_imp_streak=22 (còn 1176s) ===
2026-04-04 09:39:16,317 -   [Inner 24.1] cost=865.00 no_imp=0/20 (còn 1176s)
2026-04-04 09:39:16,420 -   [Inner 24.2] cost=865.00 no_imp=2/20 (còn 1176s)
2026-04-04 09:39:16,521 -   [Inner 24.3] cost=865.00 no_imp=4/20 (còn 1176s)
2026-04-04 09:39:16,623 -   [Inner 24.4] cost=865.00 no_imp=6/20 (còn 1175s)
2026-04-04 09:39:16,724 -   [Inner 24.5] cost=865.00 no_imp=8/20 (còn 1175s)
2026-04-04 09:39:16,827 -   [Inner 24.6] cost=865.00 no_imp=10/20 (còn 1175s)
2026-04-04 09:39:16,931 -   [Inner 24.7] cost=865.00 no_imp=12/20 (còn 1175s)
2026-04-04 09:39:17,033 -   [Inner 24.8] cost=865.00 no_imp=14/20 (còn 1175s)
2026-04-04 09:39:17,136 -   [Inner 24.9] cost=865.00 no_imp=16/20 (còn 1175s)
2026-04-04 09:39:17,239 -   [Inner 24.10] cost=865.00 no_imp=18/20 (còn 1175s)
2026-04-04 09:39:17,344 -   [Outer 24] Chạy Pairwise MaxSAT...
2026-04-04 09:39:17,344 -   [Outer] Không cải thiện (streak=23)
2026-04-04 09:39:17,344 - === OUTER 25 | cost=865.00 no_imp_streak=23 (còn 1175s) ===
2026-04-04 09:39:17,344 -   [Inner 25.1] cost=865.00 no_imp=0/20 (còn 1175s)
2026-04-04 09:39:17,446 -   [Inner 25.2] cost=865.00 no_imp=2/20 (còn 1175s)
2026-04-04 09:39:17,548 -   [Inner 25.3] cost=865.00 no_imp=4/20 (còn 1175s)
2026-04-04 09:39:17,650 -   [Inner 25.4] cost=865.00 no_imp=6/20 (còn 1174s)
2026-04-04 09:39:17,755 -   [Inner 25.5] cost=865.00 no_imp=8/20 (còn 1174s)
2026-04-04 09:39:17,858 -   [Inner 25.6] cost=865.00 no_imp=10/20 (còn 1174s)
2026-04-04 09:39:17,961 -   [Inner 25.7] cost=865.00 no_imp=12/20 (còn 1174s)
2026-04-04 09:39:18,063 -   [Inner 25.8] cost=865.00 no_imp=14/20 (còn 1174s)
2026-04-04 09:39:18,166 -   [Inner 25.9] cost=865.00 no_imp=16/20 (còn 1174s)
2026-04-04 09:39:18,267 -   [Inner 25.10] cost=865.00 no_imp=18/20 (còn 1174s)
2026-04-04 09:39:18,371 -   [Outer 25] Chạy Pairwise MaxSAT...
2026-04-04 09:39:18,371 -   [Outer] Không cải thiện (streak=24)
2026-04-04 09:39:18,372 - === OUTER 26 | cost=865.00 no_imp_streak=24 (còn 1174s) ===
2026-04-04 09:39:18,372 -   [Inner 26.1] cost=865.00 no_imp=0/20 (còn 1174s)
2026-04-04 09:39:18,474 -   [Inner 26.2] cost=865.00 no_imp=2/20 (còn 1174s)
2026-04-04 09:39:18,575 -   [Inner 26.3] cost=865.00 no_imp=4/20 (còn 1174s)
2026-04-04 09:39:18,677 -   [Inner 26.4] cost=865.00 no_imp=6/20 (còn 1173s)
2026-04-04 09:39:18,779 -   [Inner 26.5] cost=865.00 no_imp=8/20 (còn 1173s)
2026-04-04 09:39:18,886 -   [Inner 26.6] cost=865.00 no_imp=10/20 (còn 1173s)
2026-04-04 09:39:18,988 -   [Inner 26.7] cost=865.00 no_imp=12/20 (còn 1173s)
2026-04-04 09:39:19,091 -   [Inner 26.8] cost=865.00 no_imp=14/20 (còn 1173s)
2026-04-04 09:39:19,193 -   [Inner 26.9] cost=865.00 no_imp=16/20 (còn 1173s)
2026-04-04 09:39:19,295 -   [Inner 26.10] cost=865.00 no_imp=18/20 (còn 1173s)
2026-04-04 09:39:19,399 -   [Outer 26] Chạy Pairwise MaxSAT...
2026-04-04 09:39:19,400 -   [Outer] Không cải thiện (streak=25)
2026-04-04 09:39:19,400 - === OUTER 27 | cost=865.00 no_imp_streak=25 (còn 1173s) ===
2026-04-04 09:39:19,400 -   [Inner 27.1] cost=865.00 no_imp=0/20 (còn 1173s)
2026-04-04 09:39:19,500 -   [Inner 27.2] cost=865.00 no_imp=2/20 (còn 1173s)
2026-04-04 09:39:19,602 -   [Inner 27.3] cost=865.00 no_imp=4/20 (còn 1172s)
2026-04-04 09:39:19,704 -   [Inner 27.4] cost=865.00 no_imp=6/20 (còn 1172s)
2026-04-04 09:39:19,811 -   [Inner 27.5] cost=865.00 no_imp=8/20 (còn 1172s)
2026-04-04 09:39:19,912 -   [Inner 27.6] cost=865.00 no_imp=10/20 (còn 1172s)
2026-04-04 09:39:20,014 -   [Inner 27.7] cost=865.00 no_imp=12/20 (còn 1172s)
2026-04-04 09:39:20,118 -   [Inner 27.8] cost=865.00 no_imp=14/20 (còn 1172s)
2026-04-04 09:39:20,221 -   [Inner 27.9] cost=865.00 no_imp=16/20 (còn 1172s)
2026-04-04 09:39:20,323 -   [Inner 27.10] cost=865.00 no_imp=18/20 (còn 1172s)
2026-04-04 09:39:20,427 -   [Outer 27] Chạy Pairwise MaxSAT...
2026-04-04 09:39:20,427 -   [Outer] Không cải thiện (streak=26)
2026-04-04 09:39:20,427 - === OUTER 28 | cost=865.00 no_imp_streak=26 (còn 1172s) ===
2026-04-04 09:39:20,428 -   [Inner 28.1] cost=865.00 no_imp=0/20 (còn 1172s)
2026-04-04 09:39:20,529 -   [Inner 28.2] cost=865.00 no_imp=2/20 (còn 1172s)
2026-04-04 09:39:20,631 -   [Inner 28.3] cost=865.00 no_imp=4/20 (còn 1171s)
2026-04-04 09:39:20,733 -   [Inner 28.4] cost=865.00 no_imp=6/20 (còn 1171s)
2026-04-04 09:39:20,836 -   [Inner 28.5] cost=865.00 no_imp=8/20 (còn 1171s)
2026-04-04 09:39:20,938 -   [Inner 28.6] cost=865.00 no_imp=10/20 (còn 1171s)
2026-04-04 09:39:21,040 -   [Inner 28.7] cost=865.00 no_imp=12/20 (còn 1171s)
2026-04-04 09:39:21,142 -   [Inner 28.8] cost=865.00 no_imp=14/20 (còn 1171s)
2026-04-04 09:39:21,245 -   [Inner 28.9] cost=865.00 no_imp=16/20 (còn 1171s)
2026-04-04 09:39:21,347 -   [Inner 28.10] cost=865.00 no_imp=18/20 (còn 1171s)
2026-04-04 09:39:21,449 -   [Outer 28] Chạy Pairwise MaxSAT...
2026-04-04 09:39:21,450 -   [Outer] Không cải thiện (streak=27)
2026-04-04 09:39:21,450 - === OUTER 29 | cost=865.00 no_imp_streak=27 (còn 1171s) ===
2026-04-04 09:39:21,450 -   [Inner 29.1] cost=865.00 no_imp=0/20 (còn 1171s)
2026-04-04 09:39:21,553 -   [Inner 29.2] cost=865.00 no_imp=2/20 (còn 1171s)
2026-04-04 09:39:21,656 -   [Inner 29.3] cost=865.00 no_imp=4/20 (còn 1170s)
2026-04-04 09:39:21,757 -   [Inner 29.4] cost=865.00 no_imp=6/20 (còn 1170s)
2026-04-04 09:39:21,861 -   [Inner 29.5] cost=865.00 no_imp=8/20 (còn 1170s)
2026-04-04 09:39:21,964 -   [Inner 29.6] cost=865.00 no_imp=10/20 (còn 1170s)
2026-04-04 09:39:22,067 -   [Inner 29.7] cost=865.00 no_imp=12/20 (còn 1170s)
2026-04-04 09:39:22,170 -   [Inner 29.8] cost=865.00 no_imp=14/20 (còn 1170s)
2026-04-04 09:39:22,273 -   [Inner 29.9] cost=865.00 no_imp=16/20 (còn 1170s)
2026-04-04 09:39:22,375 -   [Inner 29.10] cost=865.00 no_imp=18/20 (còn 1170s)
2026-04-04 09:39:22,478 -   [Outer 29] Chạy Pairwise MaxSAT...
2026-04-04 09:39:22,478 -   [Outer] Không cải thiện (streak=28)
2026-04-04 09:39:22,478 - === OUTER 30 | cost=865.00 no_imp_streak=28 (còn 1170s) ===
2026-04-04 09:39:22,478 -   [Inner 30.1] cost=865.00 no_imp=0/20 (còn 1170s)
2026-04-04 09:39:22,580 -   [Inner 30.2] cost=865.00 no_imp=2/20 (còn 1170s)
2026-04-04 09:39:22,683 -   [Inner 30.3] cost=865.00 no_imp=4/20 (còn 1169s)
2026-04-04 09:39:22,786 -   [Inner 30.4] cost=865.00 no_imp=6/20 (còn 1169s)
2026-04-04 09:39:22,889 -   [Inner 30.5] cost=865.00 no_imp=8/20 (còn 1169s)
2026-04-04 09:39:22,990 -   [Inner 30.6] cost=865.00 no_imp=10/20 (còn 1169s)
2026-04-04 09:39:23,092 -   [Inner 30.7] cost=865.00 no_imp=12/20 (còn 1169s)
2026-04-04 09:39:23,195 -   [Inner 30.8] cost=865.00 no_imp=14/20 (còn 1169s)
2026-04-04 09:39:23,298 -   [Inner 30.9] cost=865.00 no_imp=16/20 (còn 1169s)
2026-04-04 09:39:23,402 -   [Inner 30.10] cost=865.00 no_imp=18/20 (còn 1169s)
2026-04-04 09:39:23,505 -   [Outer 30] Chạy Pairwise MaxSAT...
2026-04-04 09:39:23,506 -   [Outer] Không cải thiện (streak=29)
2026-04-04 09:39:23,506 - === OUTER 31 | cost=865.00 no_imp_streak=29 (còn 1169s) ===
2026-04-04 09:39:23,506 -   [Inner 31.1] cost=865.00 no_imp=0/20 (còn 1169s)
2026-04-04 09:39:23,608 -   [Inner 31.2] cost=865.00 no_imp=2/20 (còn 1168s)
2026-04-04 09:39:23,710 -   [Inner 31.3] cost=865.00 no_imp=4/20 (còn 1168s)
2026-04-04 09:39:23,814 -   [Inner 31.4] cost=865.00 no_imp=6/20 (còn 1168s)
2026-04-04 09:39:23,920 -   [Inner 31.5] cost=865.00 no_imp=8/20 (còn 1168s)
2026-04-04 09:39:24,024 -   [Inner 31.6] cost=865.00 no_imp=10/20 (còn 1168s)
2026-04-04 09:39:24,127 -   [Inner 31.7] cost=865.00 no_imp=12/20 (còn 1168s)
2026-04-04 09:39:24,228 -   [Inner 31.8] cost=865.00 no_imp=14/20 (còn 1168s)
2026-04-04 09:39:24,330 -   [Inner 31.9] cost=865.00 no_imp=16/20 (còn 1168s)
2026-04-04 09:39:24,432 -   [Inner 31.10] cost=865.00 no_imp=18/20 (còn 1168s)
2026-04-04 09:39:24,534 -   [Outer 31] Chạy Pairwise MaxSAT...
2026-04-04 09:39:24,535 -   [Outer] Không cải thiện (streak=30)
2026-04-04 09:39:24,535 - === OUTER 32 | cost=865.00 no_imp_streak=30 (còn 1168s) ===
2026-04-04 09:39:24,535 -   [Inner 32.1] cost=865.00 no_imp=0/20 (còn 1168s)
2026-04-04 09:39:24,638 -   [Inner 32.2] cost=865.00 no_imp=2/20 (còn 1167s)
2026-04-04 09:39:24,740 -   [Inner 32.3] cost=865.00 no_imp=4/20 (còn 1167s)
2026-04-04 09:39:24,842 -   [Inner 32.4] cost=865.00 no_imp=6/20 (còn 1167s)
2026-04-04 09:39:24,943 -   [Inner 32.5] cost=865.00 no_imp=8/20 (còn 1167s)
2026-04-04 09:39:25,045 -   [Inner 32.6] cost=865.00 no_imp=10/20 (còn 1167s)
2026-04-04 09:39:25,148 -   [Inner 32.7] cost=865.00 no_imp=12/20 (còn 1167s)
2026-04-04 09:39:25,250 -   [Inner 32.8] cost=865.00 no_imp=14/20 (còn 1167s)
2026-04-04 09:39:25,354 -   [Inner 32.9] cost=865.00 no_imp=16/20 (còn 1167s)
2026-04-04 09:39:25,457 -   [Inner 32.10] cost=865.00 no_imp=18/20 (còn 1167s)
2026-04-04 09:39:25,560 -   [Outer 32] Chạy Pairwise MaxSAT...
2026-04-04 09:39:25,560 -   [Outer] Không cải thiện (streak=31)
2026-04-04 09:39:25,560 - === OUTER 33 | cost=865.00 no_imp_streak=31 (còn 1167s) ===
2026-04-04 09:39:25,560 -   [Inner 33.1] cost=865.00 no_imp=0/20 (còn 1167s)
2026-04-04 09:39:25,662 -   [Inner 33.2] cost=865.00 no_imp=2/20 (còn 1166s)
2026-04-04 09:39:25,764 -   [Inner 33.3] cost=865.00 no_imp=4/20 (còn 1166s)
2026-04-04 09:39:25,869 -   [Inner 33.4] cost=865.00 no_imp=6/20 (còn 1166s)
2026-04-04 09:39:25,971 -   [Inner 33.5] cost=865.00 no_imp=8/20 (còn 1166s)
2026-04-04 09:39:26,074 -   [Inner 33.6] cost=865.00 no_imp=10/20 (còn 1166s)
2026-04-04 09:39:26,177 -   [Inner 33.7] cost=865.00 no_imp=12/20 (còn 1166s)
2026-04-04 09:39:26,278 -   [Inner 33.8] cost=865.00 no_imp=14/20 (còn 1166s)
2026-04-04 09:39:26,381 -   [Inner 33.9] cost=865.00 no_imp=16/20 (còn 1166s)
2026-04-04 09:39:26,483 -   [Inner 33.10] cost=865.00 no_imp=18/20 (còn 1166s)
2026-04-04 09:39:26,586 -   [Outer 33] Chạy Pairwise MaxSAT...
2026-04-04 09:39:26,587 -   [Outer] Không cải thiện (streak=32)
2026-04-04 09:39:26,587 - === OUTER 34 | cost=865.00 no_imp_streak=32 (còn 1166s) ===
2026-04-04 09:39:26,587 -   [Inner 34.1] cost=865.00 no_imp=0/20 (còn 1166s)
2026-04-04 09:39:26,689 -   [Inner 34.2] cost=865.00 no_imp=2/20 (còn 1165s)
2026-04-04 09:39:26,791 -   [Inner 34.3] cost=865.00 no_imp=4/20 (còn 1165s)
2026-04-04 09:39:26,894 -   [Inner 34.4] cost=865.00 no_imp=6/20 (còn 1165s)
2026-04-04 09:39:26,996 -   [Inner 34.5] cost=865.00 no_imp=8/20 (còn 1165s)
2026-04-04 09:39:27,098 -   [Inner 34.6] cost=865.00 no_imp=10/20 (còn 1165s)
2026-04-04 09:39:27,201 -   [Inner 34.7] cost=865.00 no_imp=12/20 (còn 1165s)
2026-04-04 09:39:27,304 -   [Inner 34.8] cost=865.00 no_imp=14/20 (còn 1165s)
2026-04-04 09:39:27,407 -   [Inner 34.9] cost=865.00 no_imp=16/20 (còn 1165s)
2026-04-04 09:39:27,509 -   [Inner 34.10] cost=865.00 no_imp=18/20 (còn 1165s)
2026-04-04 09:39:27,612 -   [Outer 34] Chạy Pairwise MaxSAT...
2026-04-04 09:39:27,613 -   [Outer] Không cải thiện (streak=33)
2026-04-04 09:39:27,613 - === OUTER 35 | cost=865.00 no_imp_streak=33 (còn 1164s) ===
2026-04-04 09:39:27,613 -   [Inner 35.1] cost=865.00 no_imp=0/20 (còn 1164s)
2026-04-04 09:39:27,714 -   [Inner 35.2] cost=865.00 no_imp=2/20 (còn 1164s)
2026-04-04 09:39:27,817 -   [Inner 35.3] cost=865.00 no_imp=4/20 (còn 1164s)
2026-04-04 09:39:27,921 -   [Inner 35.4] cost=865.00 no_imp=6/20 (còn 1164s)
2026-04-04 09:39:28,025 -   [Inner 35.5] cost=865.00 no_imp=8/20 (còn 1164s)
2026-04-04 09:39:28,127 -   [Inner 35.6] cost=865.00 no_imp=10/20 (còn 1164s)
2026-04-04 09:39:28,229 -   [Inner 35.7] cost=865.00 no_imp=12/20 (còn 1164s)
2026-04-04 09:39:28,332 -   [Inner 35.8] cost=865.00 no_imp=14/20 (còn 1164s)
2026-04-04 09:39:28,435 -   [Inner 35.9] cost=865.00 no_imp=16/20 (còn 1164s)
2026-04-04 09:39:28,536 -   [Inner 35.10] cost=865.00 no_imp=18/20 (còn 1164s)
2026-04-04 09:39:28,639 -   [Outer 35] Chạy Pairwise MaxSAT...
2026-04-04 09:39:28,639 -   [Outer] Không cải thiện (streak=34)
2026-04-04 09:39:28,640 - === OUTER 36 | cost=865.00 no_imp_streak=34 (còn 1163s) ===
2026-04-04 09:39:28,640 -   [Inner 36.1] cost=865.00 no_imp=0/20 (còn 1163s)
2026-04-04 09:39:28,742 -   [Inner 36.2] cost=865.00 no_imp=2/20 (còn 1163s)
2026-04-04 09:39:28,844 -   [Inner 36.3] cost=865.00 no_imp=4/20 (còn 1163s)
2026-04-04 09:39:28,945 -   [Inner 36.4] cost=865.00 no_imp=6/20 (còn 1163s)
2026-04-04 09:39:29,050 -   [Inner 36.5] cost=865.00 no_imp=8/20 (còn 1163s)
2026-04-04 09:39:29,152 -   [Inner 36.6] cost=865.00 no_imp=10/20 (còn 1163s)
2026-04-04 09:39:29,254 -   [Inner 36.7] cost=865.00 no_imp=12/20 (còn 1163s)
2026-04-04 09:39:29,357 -   [Inner 36.8] cost=865.00 no_imp=14/20 (còn 1163s)
2026-04-04 09:39:29,459 -   [Inner 36.9] cost=865.00 no_imp=16/20 (còn 1163s)
2026-04-04 09:39:29,561 -   [Inner 36.10] cost=865.00 no_imp=18/20 (còn 1163s)
2026-04-04 09:39:29,663 -   [Outer 36] Chạy Pairwise MaxSAT...
2026-04-04 09:39:29,663 -   [Outer] Không cải thiện (streak=35)
2026-04-04 09:39:29,663 - === OUTER 37 | cost=865.00 no_imp_streak=35 (còn 1162s) ===
2026-04-04 09:39:29,664 -   [Inner 37.1] cost=865.00 no_imp=0/20 (còn 1162s)
2026-04-04 09:39:29,766 -   [Inner 37.2] cost=865.00 no_imp=2/20 (còn 1162s)
2026-04-04 09:39:29,869 -   [Inner 37.3] cost=865.00 no_imp=4/20 (còn 1162s)
2026-04-04 09:39:29,975 -   [Inner 37.4] cost=865.00 no_imp=6/20 (còn 1162s)
2026-04-04 09:39:30,078 -   [Inner 37.5] cost=865.00 no_imp=8/20 (còn 1162s)
2026-04-04 09:39:30,180 -   [Inner 37.6] cost=865.00 no_imp=10/20 (còn 1162s)
2026-04-04 09:39:30,282 -   [Inner 37.7] cost=865.00 no_imp=12/20 (còn 1162s)
2026-04-04 09:39:30,385 -   [Inner 37.8] cost=865.00 no_imp=14/20 (còn 1162s)
2026-04-04 09:39:30,487 -   [Inner 37.9] cost=865.00 no_imp=16/20 (còn 1162s)
2026-04-04 09:39:30,589 -   [Inner 37.10] cost=865.00 no_imp=18/20 (còn 1161s)
2026-04-04 09:39:30,691 -   [Outer 37] Chạy Pairwise MaxSAT...
2026-04-04 09:39:30,692 -   [Outer] Không cải thiện (streak=36)
2026-04-04 09:39:30,692 - === OUTER 38 | cost=865.00 no_imp_streak=36 (còn 1161s) ===
2026-04-04 09:39:30,692 -   [Inner 38.1] cost=865.00 no_imp=0/20 (còn 1161s)
2026-04-04 09:39:30,794 -   [Inner 38.2] cost=865.00 no_imp=2/20 (còn 1161s)
2026-04-04 09:39:30,897 -   [Inner 38.3] cost=865.00 no_imp=4/20 (còn 1161s)
2026-04-04 09:39:30,999 -   [Inner 38.4] cost=865.00 no_imp=6/20 (còn 1161s)
2026-04-04 09:39:31,102 -   [Inner 38.5] cost=865.00 no_imp=8/20 (còn 1161s)
2026-04-04 09:39:31,204 -   [Inner 38.6] cost=865.00 no_imp=10/20 (còn 1161s)
2026-04-04 09:39:31,306 -   [Inner 38.7] cost=865.00 no_imp=12/20 (còn 1161s)
2026-04-04 09:39:31,409 -   [Inner 38.8] cost=865.00 no_imp=14/20 (còn 1161s)
2026-04-04 09:39:31,511 -   [Inner 38.9] cost=865.00 no_imp=16/20 (còn 1161s)
2026-04-04 09:39:31,613 -   [Inner 38.10] cost=865.00 no_imp=18/20 (còn 1160s)
2026-04-04 09:39:31,720 -   [Outer 38] Chạy Pairwise MaxSAT...
2026-04-04 09:39:31,721 -   [Outer] Không cải thiện (streak=37)
2026-04-04 09:39:31,721 - === OUTER 39 | cost=865.00 no_imp_streak=37 (còn 1160s) ===
2026-04-04 09:39:31,721 -   [Inner 39.1] cost=865.00 no_imp=0/20 (còn 1160s)
2026-04-04 09:39:31,824 -   [Inner 39.2] cost=865.00 no_imp=2/20 (còn 1160s)
2026-04-04 09:39:31,928 -   [Inner 39.3] cost=865.00 no_imp=4/20 (còn 1160s)
2026-04-04 09:39:32,036 -   [Inner 39.4] cost=865.00 no_imp=6/20 (còn 1160s)
2026-04-04 09:39:32,138 -   [Inner 39.5] cost=865.00 no_imp=8/20 (còn 1160s)
2026-04-04 09:39:32,240 -   [Inner 39.6] cost=865.00 no_imp=10/20 (còn 1160s)
2026-04-04 09:39:32,343 -   [Inner 39.7] cost=865.00 no_imp=12/20 (còn 1160s)
2026-04-04 09:39:32,445 -   [Inner 39.8] cost=865.00 no_imp=14/20 (còn 1160s)
2026-04-04 09:39:32,547 -   [Inner 39.9] cost=865.00 no_imp=16/20 (còn 1160s)
2026-04-04 09:39:32,650 -   [Inner 39.10] cost=865.00 no_imp=18/20 (còn 1159s)
2026-04-04 09:39:32,752 -   [Outer 39] Chạy Pairwise MaxSAT...
2026-04-04 09:39:32,752 -   [Outer] Không cải thiện (streak=38)
2026-04-04 09:39:32,752 - === OUTER 40 | cost=865.00 no_imp_streak=38 (còn 1159s) ===
2026-04-04 09:39:32,752 -   [Inner 40.1] cost=865.00 no_imp=0/20 (còn 1159s)
2026-04-04 09:39:32,855 -   [Inner 40.2] cost=865.00 no_imp=2/20 (còn 1159s)
2026-04-04 09:39:32,958 -   [Inner 40.3] cost=865.00 no_imp=4/20 (còn 1159s)
2026-04-04 09:39:33,061 -   [Inner 40.4] cost=865.00 no_imp=6/20 (còn 1159s)
2026-04-04 09:39:33,162 -   [Inner 40.5] cost=865.00 no_imp=8/20 (còn 1159s)
2026-04-04 09:39:33,264 -   [Inner 40.6] cost=865.00 no_imp=10/20 (còn 1159s)
2026-04-04 09:39:33,368 -   [Inner 40.7] cost=865.00 no_imp=12/20 (còn 1159s)
2026-04-04 09:39:33,470 -   [Inner 40.8] cost=865.00 no_imp=14/20 (còn 1159s)
2026-04-04 09:39:33,573 -   [Inner 40.9] cost=865.00 no_imp=16/20 (còn 1159s)
2026-04-04 09:39:33,675 -   [Inner 40.10] cost=865.00 no_imp=18/20 (còn 1158s)
2026-04-04 09:39:33,778 -   [Outer 40] Chạy Pairwise MaxSAT...
2026-04-04 09:39:33,779 -   [Outer] Không cải thiện (streak=39)
2026-04-04 09:39:33,779 - === OUTER 41 | cost=865.00 no_imp_streak=39 (còn 1158s) ===
2026-04-04 09:39:33,779 -   [Inner 41.1] cost=865.00 no_imp=0/20 (còn 1158s)
2026-04-04 09:39:33,882 -   [Inner 41.2] cost=865.00 no_imp=2/20 (còn 1158s)
2026-04-04 09:39:34,032 -   [Inner 41.3] cost=865.00 no_imp=4/20 (còn 1158s)
2026-04-04 09:39:34,134 -   [Inner 41.4] cost=865.00 no_imp=6/20 (còn 1158s)
2026-04-04 09:39:34,237 -   [Inner 41.5] cost=865.00 no_imp=8/20 (còn 1158s)
2026-04-04 09:39:34,339 -   [Inner 41.6] cost=865.00 no_imp=10/20 (còn 1158s)
2026-04-04 09:39:34,441 -   [Inner 41.7] cost=865.00 no_imp=12/20 (còn 1158s)
2026-04-04 09:39:34,542 -   [Inner 41.8] cost=865.00 no_imp=14/20 (còn 1158s)
2026-04-04 09:39:34,644 -   [Inner 41.9] cost=865.00 no_imp=16/20 (còn 1157s)
2026-04-04 09:39:34,747 -   [Inner 41.10] cost=865.00 no_imp=18/20 (còn 1157s)
2026-04-04 09:39:34,849 -   [Outer 41] Chạy Pairwise MaxSAT...
2026-04-04 09:39:34,849 -   [Outer] Không cải thiện (streak=40)
2026-04-04 09:39:34,849 - === OUTER 42 | cost=865.00 no_imp_streak=40 (còn 1157s) ===
2026-04-04 09:39:34,849 -   [Inner 42.1] cost=865.00 no_imp=0/20 (còn 1157s)
2026-04-04 09:39:34,952 -   [Inner 42.2] cost=865.00 no_imp=2/20 (còn 1157s)
2026-04-04 09:39:35,055 -   [Inner 42.3] cost=865.00 no_imp=4/20 (còn 1157s)
2026-04-04 09:39:35,158 -   [Inner 42.4] cost=865.00 no_imp=6/20 (còn 1157s)
2026-04-04 09:39:35,261 -   [Inner 42.5] cost=865.00 no_imp=8/20 (còn 1157s)
2026-04-04 09:39:35,363 -   [Inner 42.6] cost=865.00 no_imp=10/20 (còn 1157s)
2026-04-04 09:39:35,464 -   [Inner 42.7] cost=865.00 no_imp=12/20 (còn 1157s)
2026-04-04 09:39:35,567 -   [Inner 42.8] cost=865.00 no_imp=14/20 (còn 1157s)
2026-04-04 09:39:35,669 -   [Inner 42.9] cost=865.00 no_imp=16/20 (còn 1156s)
2026-04-04 09:39:35,772 -   [Inner 42.10] cost=865.00 no_imp=18/20 (còn 1156s)
2026-04-04 09:39:35,875 -   [Outer 42] Chạy Pairwise MaxSAT...
2026-04-04 09:39:35,875 -   [Outer] Không cải thiện (streak=41)
2026-04-04 09:39:35,875 - === OUTER 43 | cost=865.00 no_imp_streak=41 (còn 1156s) ===
2026-04-04 09:39:35,876 -   [Inner 43.1] cost=865.00 no_imp=0/20 (còn 1156s)
2026-04-04 09:39:35,978 -   [Inner 43.2] cost=865.00 no_imp=2/20 (còn 1156s)
2026-04-04 09:39:36,083 -   [Inner 43.3] cost=865.00 no_imp=4/20 (còn 1156s)
2026-04-04 09:39:36,186 -   [Inner 43.4] cost=865.00 no_imp=6/20 (còn 1156s)
2026-04-04 09:39:36,289 -   [Inner 43.5] cost=865.00 no_imp=8/20 (còn 1156s)
2026-04-04 09:39:36,391 -   [Inner 43.6] cost=865.00 no_imp=10/20 (còn 1156s)
2026-04-04 09:39:36,494 -   [Inner 43.7] cost=865.00 no_imp=12/20 (còn 1156s)
2026-04-04 09:39:36,595 -   [Inner 43.8] cost=865.00 no_imp=14/20 (còn 1155s)
2026-04-04 09:39:36,697 -   [Inner 43.9] cost=865.00 no_imp=16/20 (còn 1155s)
2026-04-04 09:39:36,799 -   [Inner 43.10] cost=865.00 no_imp=18/20 (còn 1155s)
2026-04-04 09:39:36,902 -   [Outer 43] Chạy Pairwise MaxSAT...
2026-04-04 09:39:36,903 -   [Outer] Không cải thiện (streak=42)
2026-04-04 09:39:36,903 - === OUTER 44 | cost=865.00 no_imp_streak=42 (còn 1155s) ===
2026-04-04 09:39:36,903 -   [Inner 44.1] cost=865.00 no_imp=0/20 (còn 1155s)
2026-04-04 09:39:37,005 -   [Inner 44.2] cost=865.00 no_imp=2/20 (còn 1155s)
2026-04-04 09:39:37,109 -   [Inner 44.3] cost=865.00 no_imp=4/20 (còn 1155s)
2026-04-04 09:39:37,212 -   [Inner 44.4] cost=865.00 no_imp=6/20 (còn 1155s)
2026-04-04 09:39:37,315 -   [Inner 44.5] cost=865.00 no_imp=8/20 (còn 1155s)
2026-04-04 09:39:37,417 -   [Inner 44.6] cost=865.00 no_imp=10/20 (còn 1155s)
2026-04-04 09:39:37,519 -   [Inner 44.7] cost=865.00 no_imp=12/20 (còn 1155s)
2026-04-04 09:39:37,622 -   [Inner 44.8] cost=865.00 no_imp=14/20 (còn 1154s)
2026-04-04 09:39:37,723 -   [Inner 44.9] cost=865.00 no_imp=16/20 (còn 1154s)
2026-04-04 09:39:37,827 -   [Inner 44.10] cost=865.00 no_imp=18/20 (còn 1154s)
2026-04-04 09:39:37,928 -   [Outer 44] Chạy Pairwise MaxSAT...
2026-04-04 09:39:37,929 -   [Outer] Không cải thiện (streak=43)
2026-04-04 09:39:37,929 - === OUTER 45 | cost=865.00 no_imp_streak=43 (còn 1154s) ===
2026-04-04 09:39:37,929 -   [Inner 45.1] cost=865.00 no_imp=0/20 (còn 1154s)
2026-04-04 09:39:38,032 -   [Inner 45.2] cost=865.00 no_imp=2/20 (còn 1154s)
2026-04-04 09:39:38,137 -   [Inner 45.3] cost=865.00 no_imp=4/20 (còn 1154s)
2026-04-04 09:39:38,239 -   [Inner 45.4] cost=865.00 no_imp=6/20 (còn 1154s)
2026-04-04 09:39:38,343 -   [Inner 45.5] cost=865.00 no_imp=8/20 (còn 1154s)
2026-04-04 09:39:38,445 -   [Inner 45.6] cost=865.00 no_imp=10/20 (còn 1154s)
2026-04-04 09:39:38,546 -   [Inner 45.7] cost=865.00 no_imp=12/20 (còn 1154s)
2026-04-04 09:39:38,648 -   [Inner 45.8] cost=865.00 no_imp=14/20 (còn 1153s)
2026-04-04 09:39:38,752 -   [Inner 45.9] cost=865.00 no_imp=16/20 (còn 1153s)
2026-04-04 09:39:38,856 -   [Inner 45.10] cost=865.00 no_imp=18/20 (còn 1153s)
2026-04-04 09:39:38,958 -   [Outer 45] Chạy Pairwise MaxSAT...
2026-04-04 09:39:38,958 -   [Outer] Không cải thiện (streak=44)
2026-04-04 09:39:38,958 - === OUTER 46 | cost=865.00 no_imp_streak=44 (còn 1153s) ===
2026-04-04 09:39:38,959 -   [Inner 46.1] cost=865.00 no_imp=0/20 (còn 1153s)
2026-04-04 09:39:39,061 -   [Inner 46.2] cost=865.00 no_imp=2/20 (còn 1153s)
2026-04-04 09:39:39,162 -   [Inner 46.3] cost=865.00 no_imp=4/20 (còn 1153s)
2026-04-04 09:39:39,265 -   [Inner 46.4] cost=865.00 no_imp=6/20 (còn 1153s)
2026-04-04 09:39:39,368 -   [Inner 46.5] cost=865.00 no_imp=8/20 (còn 1153s)
2026-04-04 09:39:39,471 -   [Inner 46.6] cost=865.00 no_imp=10/20 (còn 1153s)
2026-04-04 09:39:39,573 -   [Inner 46.7] cost=865.00 no_imp=12/20 (còn 1153s)
2026-04-04 09:39:39,675 -   [Inner 46.8] cost=865.00 no_imp=14/20 (còn 1152s)
2026-04-04 09:39:39,777 -   [Inner 46.9] cost=865.00 no_imp=16/20 (còn 1152s)
2026-04-04 09:39:39,879 -   [Inner 46.10] cost=865.00 no_imp=18/20 (còn 1152s)
2026-04-04 09:39:39,982 -   [Outer 46] Chạy Pairwise MaxSAT...
2026-04-04 09:39:39,982 -   [Outer] Không cải thiện (streak=45)
2026-04-04 09:39:39,982 - === OUTER 47 | cost=865.00 no_imp_streak=45 (còn 1152s) ===
2026-04-04 09:39:39,982 -   [Inner 47.1] cost=865.00 no_imp=0/20 (còn 1152s)
2026-04-04 09:39:40,088 -   [Inner 47.2] cost=865.00 no_imp=2/20 (còn 1152s)
2026-04-04 09:39:40,191 -   [Inner 47.3] cost=865.00 no_imp=4/20 (còn 1152s)
2026-04-04 09:39:40,294 -   [Inner 47.4] cost=865.00 no_imp=6/20 (còn 1152s)
2026-04-04 09:39:40,396 -   [Inner 47.5] cost=865.00 no_imp=8/20 (còn 1152s)
2026-04-04 09:39:40,499 -   [Inner 47.6] cost=865.00 no_imp=10/20 (còn 1152s)
2026-04-04 09:39:40,601 -   [Inner 47.7] cost=865.00 no_imp=12/20 (còn 1151s)
2026-04-04 09:39:40,704 -   [Inner 47.8] cost=865.00 no_imp=14/20 (còn 1151s)
2026-04-04 09:39:40,807 -   [Inner 47.9] cost=865.00 no_imp=16/20 (còn 1151s)
2026-04-04 09:39:40,909 -   [Inner 47.10] cost=865.00 no_imp=18/20 (còn 1151s)
2026-04-04 09:39:41,011 -   [Outer 47] Chạy Pairwise MaxSAT...
2026-04-04 09:39:41,012 -   [Outer] Không cải thiện (streak=46)
2026-04-04 09:39:41,012 - === OUTER 48 | cost=865.00 no_imp_streak=46 (còn 1151s) ===
2026-04-04 09:39:41,012 -   [Inner 48.1] cost=865.00 no_imp=0/20 (còn 1151s)
2026-04-04 09:39:41,115 -   [Inner 48.2] cost=865.00 no_imp=2/20 (còn 1151s)
2026-04-04 09:39:41,217 -   [Inner 48.3] cost=865.00 no_imp=4/20 (còn 1151s)
2026-04-04 09:39:41,319 -   [Inner 48.4] cost=865.00 no_imp=6/20 (còn 1151s)
2026-04-04 09:39:41,423 -   [Inner 48.5] cost=865.00 no_imp=8/20 (còn 1151s)
2026-04-04 09:39:41,524 -   [Inner 48.6] cost=865.00 no_imp=10/20 (còn 1151s)
2026-04-04 09:39:41,626 -   [Inner 48.7] cost=865.00 no_imp=12/20 (còn 1150s)
2026-04-04 09:39:41,727 -   [Inner 48.8] cost=865.00 no_imp=14/20 (còn 1150s)
2026-04-04 09:39:41,829 -   [Inner 48.9] cost=865.00 no_imp=16/20 (còn 1150s)
2026-04-04 09:39:41,932 -   [Inner 48.10] cost=865.00 no_imp=18/20 (còn 1150s)
2026-04-04 09:39:42,035 -   [Outer 48] Chạy Pairwise MaxSAT...
2026-04-04 09:39:42,035 -   [Outer] Không cải thiện (streak=47)
2026-04-04 09:39:42,035 - === OUTER 49 | cost=865.00 no_imp_streak=47 (còn 1150s) ===
2026-04-04 09:39:42,035 -   [Inner 49.1] cost=865.00 no_imp=0/20 (còn 1150s)
2026-04-04 09:39:42,140 -   [Inner 49.2] cost=865.00 no_imp=2/20 (còn 1150s)
2026-04-04 09:39:42,243 -   [Inner 49.3] cost=865.00 no_imp=4/20 (còn 1150s)
2026-04-04 09:39:42,346 -   [Inner 49.4] cost=865.00 no_imp=6/20 (còn 1150s)
2026-04-04 09:39:42,448 -   [Inner 49.5] cost=865.00 no_imp=8/20 (còn 1150s)
2026-04-04 09:39:42,550 -   [Inner 49.6] cost=865.00 no_imp=10/20 (còn 1150s)
2026-04-04 09:39:42,652 -   [Inner 49.7] cost=865.00 no_imp=12/20 (còn 1149s)
2026-04-04 09:39:42,755 -   [Inner 49.8] cost=865.00 no_imp=14/20 (còn 1149s)
2026-04-04 09:39:42,857 -   [Inner 49.9] cost=865.00 no_imp=16/20 (còn 1149s)
2026-04-04 09:39:42,957 -   [Inner 49.10] cost=865.00 no_imp=18/20 (còn 1149s)
2026-04-04 09:39:43,059 -   [Outer 49] Chạy Pairwise MaxSAT...
2026-04-04 09:39:43,059 -   [Outer] Không cải thiện (streak=48)
2026-04-04 09:39:43,059 - === OUTER 50 | cost=865.00 no_imp_streak=48 (còn 1149s) ===
2026-04-04 09:39:43,059 -   [Inner 50.1] cost=865.00 no_imp=0/20 (còn 1149s)
2026-04-04 09:39:43,162 -   [Inner 50.2] cost=865.00 no_imp=2/20 (còn 1149s)
2026-04-04 09:39:43,264 -   [Inner 50.3] cost=865.00 no_imp=4/20 (còn 1149s)
2026-04-04 09:39:43,368 -   [Inner 50.4] cost=865.00 no_imp=6/20 (còn 1149s)
2026-04-04 09:39:43,470 -   [Inner 50.5] cost=865.00 no_imp=8/20 (còn 1149s)
2026-04-04 09:39:43,571 -   [Inner 50.6] cost=865.00 no_imp=10/20 (còn 1149s)
2026-04-04 09:39:43,674 -   [Inner 50.7] cost=865.00 no_imp=12/20 (còn 1148s)
2026-04-04 09:39:43,776 -   [Inner 50.8] cost=865.00 no_imp=14/20 (còn 1148s)
2026-04-04 09:39:43,879 -   [Inner 50.9] cost=865.00 no_imp=16/20 (còn 1148s)
2026-04-04 09:39:43,982 -   [Inner 50.10] cost=865.00 no_imp=18/20 (còn 1148s)
2026-04-04 09:39:44,084 -   [Outer 50] Chạy Pairwise MaxSAT...
2026-04-04 09:39:44,084 -   [Outer] Không cải thiện (streak=49)
2026-04-04 09:39:44,084 - === OUTER 51 | cost=865.00 no_imp_streak=49 (còn 1148s) ===
2026-04-04 09:39:44,084 -   [Inner 51.1] cost=865.00 no_imp=0/20 (còn 1148s)
2026-04-04 09:39:44,188 -   [Inner 51.2] cost=865.00 no_imp=2/20 (còn 1148s)
2026-04-04 09:39:44,291 -   [Inner 51.3] cost=865.00 no_imp=4/20 (còn 1148s)
2026-04-04 09:39:44,395 -   [Inner 51.4] cost=865.00 no_imp=6/20 (còn 1148s)
2026-04-04 09:39:44,497 -   [Inner 51.5] cost=865.00 no_imp=8/20 (còn 1148s)
2026-04-04 09:39:44,600 -   [Inner 51.6] cost=865.00 no_imp=10/20 (còn 1147s)
2026-04-04 09:39:44,702 -   [Inner 51.7] cost=865.00 no_imp=12/20 (còn 1147s)
2026-04-04 09:39:44,805 -   [Inner 51.8] cost=865.00 no_imp=14/20 (còn 1147s)
2026-04-04 09:39:44,906 -   [Inner 51.9] cost=865.00 no_imp=16/20 (còn 1147s)
2026-04-04 09:39:45,009 -   [Inner 51.10] cost=865.00 no_imp=18/20 (còn 1147s)
2026-04-04 09:39:45,112 -   [Outer 51] Chạy Pairwise MaxSAT...
2026-04-04 09:39:45,112 -   [Outer] Không cải thiện (streak=50)
2026-04-04 09:39:45,113 - === OUTER 52 | cost=865.00 no_imp_streak=50 (còn 1147s) ===
2026-04-04 09:39:45,113 -   [Inner 52.1] cost=865.00 no_imp=0/20 (còn 1147s)
2026-04-04 09:39:45,216 -   [Inner 52.2] cost=865.00 no_imp=2/20 (còn 1147s)
2026-04-04 09:39:45,318 -   [Inner 52.3] cost=865.00 no_imp=4/20 (còn 1147s)
2026-04-04 09:39:45,421 -   [Inner 52.4] cost=865.00 no_imp=6/20 (còn 1147s)
2026-04-04 09:39:45,522 -   [Inner 52.5] cost=865.00 no_imp=8/20 (còn 1147s)
2026-04-04 09:39:45,625 -   [Inner 52.6] cost=865.00 no_imp=10/20 (còn 1146s)
2026-04-04 09:39:45,727 -   [Inner 52.7] cost=865.00 no_imp=12/20 (còn 1146s)
2026-04-04 09:39:45,830 -   [Inner 52.8] cost=865.00 no_imp=14/20 (còn 1146s)
2026-04-04 09:39:45,932 -   [Inner 52.9] cost=865.00 no_imp=16/20 (còn 1146s)
2026-04-04 09:39:46,036 -   [Inner 52.10] cost=865.00 no_imp=18/20 (còn 1146s)
2026-04-04 09:39:46,139 -   [Outer 52] Chạy Pairwise MaxSAT...
2026-04-04 09:39:46,140 -   [Outer] Không cải thiện (streak=51)
2026-04-04 09:39:46,140 - === OUTER 53 | cost=865.00 no_imp_streak=51 (còn 1146s) ===
2026-04-04 09:39:46,140 -   [Inner 53.1] cost=865.00 no_imp=0/20 (còn 1146s)
2026-04-04 09:39:46,243 -   [Inner 53.2] cost=865.00 no_imp=2/20 (còn 1146s)
2026-04-04 09:39:46,345 -   [Inner 53.3] cost=865.00 no_imp=4/20 (còn 1146s)
2026-04-04 09:39:46,448 -   [Inner 53.4] cost=865.00 no_imp=6/20 (còn 1146s)
2026-04-04 09:39:46,551 -   [Inner 53.5] cost=865.00 no_imp=8/20 (còn 1146s)
2026-04-04 09:39:46,654 -   [Inner 53.6] cost=865.00 no_imp=10/20 (còn 1145s)
2026-04-04 09:39:46,757 -   [Inner 53.7] cost=865.00 no_imp=12/20 (còn 1145s)
2026-04-04 09:39:46,859 -   [Inner 53.8] cost=865.00 no_imp=14/20 (còn 1145s)
2026-04-04 09:39:46,960 -   [Inner 53.9] cost=865.00 no_imp=16/20 (còn 1145s)
2026-04-04 09:39:47,063 -   [Inner 53.10] cost=865.00 no_imp=18/20 (còn 1145s)
2026-04-04 09:39:47,165 -   [Outer 53] Chạy Pairwise MaxSAT...
2026-04-04 09:39:47,166 -   [Outer] Không cải thiện (streak=52)
2026-04-04 09:39:47,166 - === OUTER 54 | cost=865.00 no_imp_streak=52 (còn 1145s) ===
2026-04-04 09:39:47,166 -   [Inner 54.1] cost=865.00 no_imp=0/20 (còn 1145s)
2026-04-04 09:39:47,268 -   [Inner 54.2] cost=865.00 no_imp=2/20 (còn 1145s)
2026-04-04 09:39:47,371 -   [Inner 54.3] cost=865.00 no_imp=4/20 (còn 1145s)
2026-04-04 09:39:47,473 -   [Inner 54.4] cost=865.00 no_imp=6/20 (còn 1145s)
2026-04-04 09:39:47,576 -   [Inner 54.5] cost=865.00 no_imp=8/20 (còn 1145s)
2026-04-04 09:39:47,678 -   [Inner 54.6] cost=865.00 no_imp=10/20 (còn 1144s)
2026-04-04 09:39:47,781 -   [Inner 54.7] cost=865.00 no_imp=12/20 (còn 1144s)
2026-04-04 09:39:47,883 -   [Inner 54.8] cost=865.00 no_imp=14/20 (còn 1144s)
2026-04-04 09:39:47,986 -   [Inner 54.9] cost=865.00 no_imp=16/20 (còn 1144s)
2026-04-04 09:39:48,088 -   [Inner 54.10] cost=865.00 no_imp=18/20 (còn 1144s)
2026-04-04 09:39:48,192 -   [Outer 54] Chạy Pairwise MaxSAT...
2026-04-04 09:39:48,193 -   [Outer] Không cải thiện (streak=53)
2026-04-04 09:39:48,193 - === OUTER 55 | cost=865.00 no_imp_streak=53 (còn 1144s) ===
2026-04-04 09:39:48,193 -   [Inner 55.1] cost=865.00 no_imp=0/20 (còn 1144s)
2026-04-04 09:39:48,296 -   [Inner 55.2] cost=865.00 no_imp=2/20 (còn 1144s)
2026-04-04 09:39:48,399 -   [Inner 55.3] cost=865.00 no_imp=4/20 (còn 1144s)
2026-04-04 09:39:48,501 -   [Inner 55.4] cost=865.00 no_imp=6/20 (còn 1144s)
2026-04-04 09:39:48,604 -   [Inner 55.5] cost=865.00 no_imp=8/20 (còn 1143s)
2026-04-04 09:39:48,706 -   [Inner 55.6] cost=865.00 no_imp=10/20 (còn 1143s)
2026-04-04 09:39:48,808 -   [Inner 55.7] cost=865.00 no_imp=12/20 (còn 1143s)
2026-04-04 09:39:48,910 -   [Inner 55.8] cost=865.00 no_imp=14/20 (còn 1143s)
2026-04-04 09:39:49,012 -   [Inner 55.9] cost=865.00 no_imp=16/20 (còn 1143s)
2026-04-04 09:39:49,113 -   [Inner 55.10] cost=865.00 no_imp=18/20 (còn 1143s)
2026-04-04 09:39:49,216 -   [Outer 55] Chạy Pairwise MaxSAT...
2026-04-04 09:39:49,216 -   [Outer] Không cải thiện (streak=54)
2026-04-04 09:39:49,217 - === OUTER 56 | cost=865.00 no_imp_streak=54 (còn 1143s) ===
2026-04-04 09:39:49,217 -   [Inner 56.1] cost=865.00 no_imp=0/20 (còn 1143s)
2026-04-04 09:39:49,319 -   [Inner 56.2] cost=865.00 no_imp=2/20 (còn 1143s)
2026-04-04 09:39:49,422 -   [Inner 56.3] cost=865.00 no_imp=4/20 (còn 1143s)
2026-04-04 09:39:49,524 -   [Inner 56.4] cost=865.00 no_imp=6/20 (còn 1143s)
2026-04-04 09:39:49,626 -   [Inner 56.5] cost=865.00 no_imp=8/20 (còn 1142s)
2026-04-04 09:39:49,728 -   [Inner 56.6] cost=865.00 no_imp=10/20 (còn 1142s)
2026-04-04 09:39:49,832 -   [Inner 56.7] cost=865.00 no_imp=12/20 (còn 1142s)
2026-04-04 09:39:49,933 -   [Inner 56.8] cost=865.00 no_imp=14/20 (còn 1142s)
2026-04-04 09:39:50,037 -   [Inner 56.9] cost=865.00 no_imp=16/20 (còn 1142s)
2026-04-04 09:39:50,139 -   [Inner 56.10] cost=865.00 no_imp=18/20 (còn 1142s)
2026-04-04 09:39:50,244 -   [Outer 56] Chạy Pairwise MaxSAT...
2026-04-04 09:39:50,244 -   [Outer] Không cải thiện (streak=55)
2026-04-04 09:39:50,245 - === OUTER 57 | cost=865.00 no_imp_streak=55 (còn 1142s) ===
2026-04-04 09:39:50,245 -   [Inner 57.1] cost=865.00 no_imp=0/20 (còn 1142s)
2026-04-04 09:39:50,347 -   [Inner 57.2] cost=865.00 no_imp=2/20 (còn 1142s)
2026-04-04 09:39:50,450 -   [Inner 57.3] cost=865.00 no_imp=4/20 (còn 1142s)
2026-04-04 09:39:50,552 -   [Inner 57.4] cost=865.00 no_imp=6/20 (còn 1142s)
2026-04-04 09:39:50,654 -   [Inner 57.5] cost=865.00 no_imp=8/20 (còn 1141s)
2026-04-04 09:39:50,757 -   [Inner 57.6] cost=865.00 no_imp=10/20 (còn 1141s)
2026-04-04 09:39:50,859 -   [Inner 57.7] cost=865.00 no_imp=12/20 (còn 1141s)
2026-04-04 09:39:50,961 -   [Inner 57.8] cost=865.00 no_imp=14/20 (còn 1141s)
2026-04-04 09:39:51,063 -   [Inner 57.9] cost=865.00 no_imp=16/20 (còn 1141s)
2026-04-04 09:39:51,166 -   [Inner 57.10] cost=865.00 no_imp=18/20 (còn 1141s)
2026-04-04 09:39:51,271 -   [Outer 57] Chạy Pairwise MaxSAT...
2026-04-04 09:39:51,271 -   [Outer] Không cải thiện (streak=56)
2026-04-04 09:39:51,272 - === OUTER 58 | cost=865.00 no_imp_streak=56 (còn 1141s) ===
2026-04-04 09:39:51,272 -   [Inner 58.1] cost=865.00 no_imp=0/20 (còn 1141s)
2026-04-04 09:39:51,375 -   [Inner 58.2] cost=865.00 no_imp=2/20 (còn 1141s)
2026-04-04 09:39:51,477 -   [Inner 58.3] cost=865.00 no_imp=4/20 (còn 1141s)
2026-04-04 09:39:51,580 -   [Inner 58.4] cost=865.00 no_imp=6/20 (còn 1141s)
2026-04-04 09:39:51,683 -   [Inner 58.5] cost=865.00 no_imp=8/20 (còn 1140s)
2026-04-04 09:39:51,784 -   [Inner 58.6] cost=865.00 no_imp=10/20 (còn 1140s)
2026-04-04 09:39:51,887 -   [Inner 58.7] cost=865.00 no_imp=12/20 (còn 1140s)
2026-04-04 09:39:51,989 -   [Inner 58.8] cost=865.00 no_imp=14/20 (còn 1140s)
2026-04-04 09:39:52,091 -   [Inner 58.9] cost=865.00 no_imp=16/20 (còn 1140s)
2026-04-04 09:39:52,193 -   [Inner 58.10] cost=865.00 no_imp=18/20 (còn 1140s)
2026-04-04 09:39:52,298 -   [Outer 58] Chạy Pairwise MaxSAT...
2026-04-04 09:39:52,298 -   [Outer] Không cải thiện (streak=57)
2026-04-04 09:39:52,298 - === OUTER 59 | cost=865.00 no_imp_streak=57 (còn 1140s) ===
2026-04-04 09:39:52,298 -   [Inner 59.1] cost=865.00 no_imp=0/20 (còn 1140s)
2026-04-04 09:39:52,400 -   [Inner 59.2] cost=865.00 no_imp=2/20 (còn 1140s)
2026-04-04 09:39:52,501 -   [Inner 59.3] cost=865.00 no_imp=4/20 (còn 1140s)
2026-04-04 09:39:52,603 -   [Inner 59.4] cost=865.00 no_imp=6/20 (còn 1139s)
2026-04-04 09:39:52,705 -   [Inner 59.5] cost=865.00 no_imp=8/20 (còn 1139s)
2026-04-04 09:39:52,807 -   [Inner 59.6] cost=865.00 no_imp=10/20 (còn 1139s)
2026-04-04 09:39:52,910 -   [Inner 59.7] cost=865.00 no_imp=12/20 (còn 1139s)
2026-04-04 09:39:53,012 -   [Inner 59.8] cost=865.00 no_imp=14/20 (còn 1139s)
2026-04-04 09:39:53,114 -   [Inner 59.9] cost=865.00 no_imp=16/20 (còn 1139s)
2026-04-04 09:39:53,216 -   [Inner 59.10] cost=865.00 no_imp=18/20 (còn 1139s)
2026-04-04 09:39:53,320 -   [Outer 59] Chạy Pairwise MaxSAT...
2026-04-04 09:39:53,321 -   [Outer] Không cải thiện (streak=58)
2026-04-04 09:39:53,321 - === OUTER 60 | cost=865.00 no_imp_streak=58 (còn 1139s) ===
2026-04-04 09:39:53,321 -   [Inner 60.1] cost=865.00 no_imp=0/20 (còn 1139s)
2026-04-04 09:39:53,424 -   [Inner 60.2] cost=865.00 no_imp=2/20 (còn 1139s)
2026-04-04 09:39:53,525 -   [Inner 60.3] cost=865.00 no_imp=4/20 (còn 1139s)
2026-04-04 09:39:53,628 -   [Inner 60.4] cost=865.00 no_imp=6/20 (còn 1138s)
2026-04-04 09:39:53,729 -   [Inner 60.5] cost=865.00 no_imp=8/20 (còn 1138s)
2026-04-04 09:39:53,832 -   [Inner 60.6] cost=865.00 no_imp=10/20 (còn 1138s)
2026-04-04 09:39:53,934 -   [Inner 60.7] cost=865.00 no_imp=12/20 (còn 1138s)
2026-04-04 09:39:54,036 -   [Inner 60.8] cost=865.00 no_imp=14/20 (còn 1138s)
2026-04-04 09:39:54,138 -   [Inner 60.9] cost=865.00 no_imp=16/20 (còn 1138s)
2026-04-04 09:39:54,241 -   [Inner 60.10] cost=865.00 no_imp=18/20 (còn 1138s)
2026-04-04 09:39:54,347 -   [Outer 60] Chạy Pairwise MaxSAT...
2026-04-04 09:39:54,348 -   [Outer] Không cải thiện (streak=59)
2026-04-04 09:39:54,348 - === OUTER 61 | cost=865.00 no_imp_streak=59 (còn 1138s) ===
2026-04-04 09:39:54,348 -   [Inner 61.1] cost=865.00 no_imp=0/20 (còn 1138s)
2026-04-04 09:39:54,451 -   [Inner 61.2] cost=865.00 no_imp=2/20 (còn 1138s)
2026-04-04 09:39:54,554 -   [Inner 61.3] cost=865.00 no_imp=4/20 (còn 1138s)
2026-04-04 09:39:54,656 -   [Inner 61.4] cost=865.00 no_imp=6/20 (còn 1137s)
2026-04-04 09:39:54,760 -   [Inner 61.5] cost=865.00 no_imp=8/20 (còn 1137s)
2026-04-04 09:39:54,862 -   [Inner 61.6] cost=865.00 no_imp=10/20 (còn 1137s)
2026-04-04 09:39:55,013 -   [Inner 61.7] cost=865.00 no_imp=12/20 (còn 1137s)
2026-04-04 09:39:55,114 -   [Inner 61.8] cost=865.00 no_imp=14/20 (còn 1137s)
2026-04-04 09:39:55,216 -   [Inner 61.9] cost=865.00 no_imp=16/20 (còn 1137s)
2026-04-04 09:39:55,322 -   [Inner 61.10] cost=865.00 no_imp=18/20 (còn 1137s)
2026-04-04 09:39:55,424 -   [Outer 61] Chạy Pairwise MaxSAT...
2026-04-04 09:39:55,425 -   [Outer] Không cải thiện (streak=60)
2026-04-04 09:39:55,425 - === OUTER 62 | cost=865.00 no_imp_streak=60 (còn 1137s) ===
2026-04-04 09:39:55,425 -   [Inner 62.1] cost=865.00 no_imp=0/20 (còn 1137s)
2026-04-04 09:39:55,526 -   [Inner 62.2] cost=865.00 no_imp=2/20 (còn 1137s)
2026-04-04 09:39:55,628 -   [Inner 62.3] cost=865.00 no_imp=4/20 (còn 1136s)
2026-04-04 09:39:55,730 -   [Inner 62.4] cost=865.00 no_imp=6/20 (còn 1136s)
2026-04-04 09:39:55,834 -   [Inner 62.5] cost=865.00 no_imp=8/20 (còn 1136s)
2026-04-04 09:39:55,935 -   [Inner 62.6] cost=865.00 no_imp=10/20 (còn 1136s)
2026-04-04 09:39:56,037 -   [Inner 62.7] cost=865.00 no_imp=12/20 (còn 1136s)
2026-04-04 09:39:56,139 -   [Inner 62.8] cost=865.00 no_imp=14/20 (còn 1136s)
2026-04-04 09:39:56,241 -   [Inner 62.9] cost=865.00 no_imp=16/20 (còn 1136s)
2026-04-04 09:39:56,346 -   [Inner 62.10] cost=865.00 no_imp=18/20 (còn 1136s)
2026-04-04 09:39:56,449 -   [Outer 62] Chạy Pairwise MaxSAT...
2026-04-04 09:39:56,449 -   [Outer] Không cải thiện (streak=61)
2026-04-04 09:39:56,449 - === OUTER 63 | cost=865.00 no_imp_streak=61 (còn 1136s) ===
2026-04-04 09:39:56,450 -   [Inner 63.1] cost=865.00 no_imp=0/20 (còn 1136s)
2026-04-04 09:39:56,552 -   [Inner 63.2] cost=865.00 no_imp=2/20 (còn 1136s)
2026-04-04 09:39:56,653 -   [Inner 63.3] cost=865.00 no_imp=4/20 (còn 1135s)
2026-04-04 09:39:56,757 -   [Inner 63.4] cost=865.00 no_imp=6/20 (còn 1135s)
2026-04-04 09:39:56,859 -   [Inner 63.5] cost=865.00 no_imp=8/20 (còn 1135s)
2026-04-04 09:39:56,961 -   [Inner 63.6] cost=865.00 no_imp=10/20 (còn 1135s)
2026-04-04 09:39:57,064 -   [Inner 63.7] cost=865.00 no_imp=12/20 (còn 1135s)
2026-04-04 09:39:57,167 -   [Inner 63.8] cost=865.00 no_imp=14/20 (còn 1135s)
2026-04-04 09:39:57,270 -   [Inner 63.9] cost=865.00 no_imp=16/20 (còn 1135s)
2026-04-04 09:39:57,373 -   [Inner 63.10] cost=865.00 no_imp=18/20 (còn 1135s)
2026-04-04 09:39:57,475 -   [Outer 63] Chạy Pairwise MaxSAT...
2026-04-04 09:39:57,475 -   [Outer] Không cải thiện (streak=62)
2026-04-04 09:39:57,476 - === OUTER 64 | cost=865.00 no_imp_streak=62 (còn 1135s) ===
2026-04-04 09:39:57,476 -   [Inner 64.1] cost=865.00 no_imp=0/20 (còn 1135s)
2026-04-04 09:39:57,578 -   [Inner 64.2] cost=865.00 no_imp=2/20 (còn 1135s)
2026-04-04 09:39:57,681 -   [Inner 64.3] cost=865.00 no_imp=4/20 (còn 1134s)
2026-04-04 09:39:57,783 -   [Inner 64.4] cost=865.00 no_imp=6/20 (còn 1134s)
2026-04-04 09:39:57,886 -   [Inner 64.5] cost=865.00 no_imp=8/20 (còn 1134s)
2026-04-04 09:39:57,988 -   [Inner 64.6] cost=865.00 no_imp=10/20 (còn 1134s)
2026-04-04 09:39:58,090 -   [Inner 64.7] cost=865.00 no_imp=12/20 (còn 1134s)
2026-04-04 09:39:58,192 -   [Inner 64.8] cost=865.00 no_imp=14/20 (còn 1134s)
2026-04-04 09:39:58,295 -   [Inner 64.9] cost=865.00 no_imp=16/20 (còn 1134s)
2026-04-04 09:39:58,401 -   [Inner 64.10] cost=865.00 no_imp=18/20 (còn 1134s)
2026-04-04 09:39:58,503 -   [Outer 64] Chạy Pairwise MaxSAT...
2026-04-04 09:39:58,504 -   [Outer] Không cải thiện (streak=63)
2026-04-04 09:39:58,504 - === OUTER 65 | cost=865.00 no_imp_streak=63 (còn 1134s) ===
2026-04-04 09:39:58,504 -   [Inner 65.1] cost=865.00 no_imp=0/20 (còn 1134s)
2026-04-04 09:39:58,606 -   [Inner 65.2] cost=865.00 no_imp=2/20 (còn 1133s)
2026-04-04 09:39:58,710 -   [Inner 65.3] cost=865.00 no_imp=4/20 (còn 1133s)
2026-04-04 09:39:58,813 -   [Inner 65.4] cost=865.00 no_imp=6/20 (còn 1133s)
2026-04-04 09:39:58,915 -   [Inner 65.5] cost=865.00 no_imp=8/20 (còn 1133s)
2026-04-04 09:39:59,017 -   [Inner 65.6] cost=865.00 no_imp=10/20 (còn 1133s)
2026-04-04 09:39:59,120 -   [Inner 65.7] cost=865.00 no_imp=12/20 (còn 1133s)
2026-04-04 09:39:59,222 -   [Inner 65.8] cost=865.00 no_imp=14/20 (còn 1133s)
2026-04-04 09:39:59,325 -   [Inner 65.9] cost=865.00 no_imp=16/20 (còn 1133s)
2026-04-04 09:39:59,429 -   [Inner 65.10] cost=865.00 no_imp=18/20 (còn 1133s)
2026-04-04 09:39:59,531 -   [Outer 65] Chạy Pairwise MaxSAT...
2026-04-04 09:39:59,531 -   [Outer] Không cải thiện (streak=64)
2026-04-04 09:39:59,531 - === OUTER 66 | cost=865.00 no_imp_streak=64 (còn 1133s) ===
2026-04-04 09:39:59,531 -   [Inner 66.1] cost=865.00 no_imp=0/20 (còn 1133s)
2026-04-04 09:39:59,634 -   [Inner 66.2] cost=865.00 no_imp=2/20 (còn 1132s)
2026-04-04 09:39:59,737 -   [Inner 66.3] cost=865.00 no_imp=4/20 (còn 1132s)
2026-04-04 09:39:59,839 -   [Inner 66.4] cost=865.00 no_imp=6/20 (còn 1132s)
2026-04-04 09:39:59,942 -   [Inner 66.5] cost=865.00 no_imp=8/20 (còn 1132s)
2026-04-04 09:40:00,047 -   [Inner 66.6] cost=865.00 no_imp=10/20 (còn 1132s)
2026-04-04 09:40:00,149 -   [Inner 66.7] cost=865.00 no_imp=12/20 (còn 1132s)
2026-04-04 09:40:00,252 -   [Inner 66.8] cost=865.00 no_imp=14/20 (còn 1132s)
2026-04-04 09:40:00,356 -   [Inner 66.9] cost=865.00 no_imp=16/20 (còn 1132s)
2026-04-04 09:40:00,459 -   [Inner 66.10] cost=865.00 no_imp=18/20 (còn 1132s)
2026-04-04 09:40:00,561 -   [Outer 66] Chạy Pairwise MaxSAT...
2026-04-04 09:40:00,561 -   [Outer] Không cải thiện (streak=65)
2026-04-04 09:40:00,561 - === OUTER 67 | cost=865.00 no_imp_streak=65 (còn 1132s) ===
2026-04-04 09:40:00,561 -   [Inner 67.1] cost=865.00 no_imp=0/20 (còn 1132s)
2026-04-04 09:40:00,663 -   [Inner 67.2] cost=865.00 no_imp=2/20 (còn 1131s)
2026-04-04 09:40:00,764 -   [Inner 67.3] cost=865.00 no_imp=4/20 (còn 1131s)
2026-04-04 09:40:00,867 -   [Inner 67.4] cost=865.00 no_imp=6/20 (còn 1131s)
2026-04-04 09:40:00,969 -   [Inner 67.5] cost=865.00 no_imp=8/20 (còn 1131s)
2026-04-04 09:40:01,072 -   [Inner 67.6] cost=865.00 no_imp=10/20 (còn 1131s)
2026-04-04 09:40:01,174 -   [Inner 67.7] cost=865.00 no_imp=12/20 (còn 1131s)
2026-04-04 09:40:01,277 -   [Inner 67.8] cost=865.00 no_imp=14/20 (còn 1131s)
2026-04-04 09:40:01,379 -   [Inner 67.9] cost=865.00 no_imp=16/20 (còn 1131s)
2026-04-04 09:40:01,482 -   [Inner 67.10] cost=865.00 no_imp=18/20 (còn 1131s)
2026-04-04 09:40:01,583 -   [Outer 67] Chạy Pairwise MaxSAT...
2026-04-04 09:40:01,584 -   [Outer] Không cải thiện (streak=66)
2026-04-04 09:40:01,584 - === OUTER 68 | cost=865.00 no_imp_streak=66 (còn 1131s) ===
2026-04-04 09:40:01,584 -   [Inner 68.1] cost=865.00 no_imp=0/20 (còn 1131s)
2026-04-04 09:40:01,686 -   [Inner 68.2] cost=865.00 no_imp=2/20 (còn 1130s)
2026-04-04 09:40:01,793 -   [Inner 68.3] cost=865.00 no_imp=4/20 (còn 1130s)
2026-04-04 09:40:01,894 -   [Inner 68.4] cost=865.00 no_imp=6/20 (còn 1130s)
2026-04-04 09:40:01,997 -   [Inner 68.5] cost=865.00 no_imp=8/20 (còn 1130s)
2026-04-04 09:40:02,099 -   [Inner 68.6] cost=865.00 no_imp=10/20 (còn 1130s)
2026-04-04 09:40:02,202 -   [Inner 68.7] cost=865.00 no_imp=12/20 (còn 1130s)
2026-04-04 09:40:02,305 -   [Inner 68.8] cost=865.00 no_imp=14/20 (còn 1130s)
2026-04-04 09:40:02,410 -   [Inner 68.9] cost=865.00 no_imp=16/20 (còn 1130s)
2026-04-04 09:40:02,512 -   [Inner 68.10] cost=865.00 no_imp=18/20 (còn 1130s)
2026-04-04 09:40:02,614 -   [Outer 68] Chạy Pairwise MaxSAT...
2026-04-04 09:40:02,614 -   [Outer] Không cải thiện (streak=67)
2026-04-04 09:40:02,614 - === OUTER 69 | cost=865.00 no_imp_streak=67 (còn 1129s) ===
2026-04-04 09:40:02,615 -   [Inner 69.1] cost=865.00 no_imp=0/20 (còn 1129s)
2026-04-04 09:40:02,716 -   [Inner 69.2] cost=865.00 no_imp=2/20 (còn 1129s)
2026-04-04 09:40:02,819 -   [Inner 69.3] cost=865.00 no_imp=4/20 (còn 1129s)
2026-04-04 09:40:02,921 -   [Inner 69.4] cost=865.00 no_imp=6/20 (còn 1129s)
2026-04-04 09:40:03,024 -   [Inner 69.5] cost=865.00 no_imp=8/20 (còn 1129s)
2026-04-04 09:40:03,126 -   [Inner 69.6] cost=865.00 no_imp=10/20 (còn 1129s)
2026-04-04 09:40:03,228 -   [Inner 69.7] cost=865.00 no_imp=12/20 (còn 1129s)
2026-04-04 09:40:03,332 -   [Inner 69.8] cost=865.00 no_imp=14/20 (còn 1129s)
2026-04-04 09:40:03,434 -   [Inner 69.9] cost=865.00 no_imp=16/20 (còn 1129s)
2026-04-04 09:40:03,536 -   [Inner 69.10] cost=865.00 no_imp=18/20 (còn 1129s)
2026-04-04 09:40:03,637 -   [Outer 69] Chạy Pairwise MaxSAT...
2026-04-04 09:40:03,638 -   [Outer] Không cải thiện (streak=68)
2026-04-04 09:40:03,638 - === OUTER 70 | cost=865.00 no_imp_streak=68 (còn 1128s) ===
2026-04-04 09:40:03,638 -   [Inner 70.1] cost=865.00 no_imp=0/20 (còn 1128s)
2026-04-04 09:40:03,741 -   [Inner 70.2] cost=865.00 no_imp=2/20 (còn 1128s)
2026-04-04 09:40:03,843 -   [Inner 70.3] cost=865.00 no_imp=4/20 (còn 1128s)
2026-04-04 09:40:03,946 -   [Inner 70.4] cost=865.00 no_imp=6/20 (còn 1128s)
2026-04-04 09:40:04,048 -   [Inner 70.5] cost=865.00 no_imp=8/20 (còn 1128s)
2026-04-04 09:40:04,150 -   [Inner 70.6] cost=865.00 no_imp=10/20 (còn 1128s)
2026-04-04 09:40:04,252 -   [Inner 70.7] cost=865.00 no_imp=12/20 (còn 1128s)
2026-04-04 09:40:04,354 -   [Inner 70.8] cost=865.00 no_imp=14/20 (còn 1128s)
2026-04-04 09:40:04,458 -   [Inner 70.9] cost=865.00 no_imp=16/20 (còn 1128s)
2026-04-04 09:40:04,560 -   [Inner 70.10] cost=865.00 no_imp=18/20 (còn 1128s)
2026-04-04 09:40:04,661 -   [Outer 70] Chạy Pairwise MaxSAT...
2026-04-04 09:40:04,661 -   [Outer] Không cải thiện (streak=69)
2026-04-04 09:40:04,662 - === OUTER 71 | cost=865.00 no_imp_streak=69 (còn 1127s) ===
2026-04-04 09:40:04,662 -   [Inner 71.1] cost=865.00 no_imp=0/20 (còn 1127s)
2026-04-04 09:40:04,764 -   [Inner 71.2] cost=865.00 no_imp=2/20 (còn 1127s)
2026-04-04 09:40:04,867 -   [Inner 71.3] cost=865.00 no_imp=4/20 (còn 1127s)
2026-04-04 09:40:04,970 -   [Inner 71.4] cost=865.00 no_imp=6/20 (còn 1127s)
2026-04-04 09:40:05,073 -   [Inner 71.5] cost=865.00 no_imp=8/20 (còn 1127s)
2026-04-04 09:40:05,176 -   [Inner 71.6] cost=865.00 no_imp=10/20 (còn 1127s)
2026-04-04 09:40:05,279 -   [Inner 71.7] cost=865.00 no_imp=12/20 (còn 1127s)
2026-04-04 09:40:05,381 -   [Inner 71.8] cost=865.00 no_imp=14/20 (còn 1127s)
2026-04-04 09:40:05,483 -   [Inner 71.9] cost=865.00 no_imp=16/20 (còn 1127s)
2026-04-04 09:40:05,586 -   [Inner 71.10] cost=865.00 no_imp=18/20 (còn 1127s)
2026-04-04 09:40:05,688 -   [Outer 71] Chạy Pairwise MaxSAT...
2026-04-04 09:40:05,688 -   [Outer] Không cải thiện (streak=70)
2026-04-04 09:40:05,689 - === OUTER 72 | cost=865.00 no_imp_streak=70 (còn 1126s) ===
2026-04-04 09:40:05,689 -   [Inner 72.1] cost=865.00 no_imp=0/20 (còn 1126s)
2026-04-04 09:40:05,791 -   [Inner 72.2] cost=865.00 no_imp=2/20 (còn 1126s)
2026-04-04 09:40:05,893 -   [Inner 72.3] cost=865.00 no_imp=4/20 (còn 1126s)
2026-04-04 09:40:05,996 -   [Inner 72.4] cost=865.00 no_imp=6/20 (còn 1126s)
2026-04-04 09:40:06,099 -   [Inner 72.5] cost=865.00 no_imp=8/20 (còn 1126s)
2026-04-04 09:40:06,201 -   [Inner 72.6] cost=865.00 no_imp=10/20 (còn 1126s)
2026-04-04 09:40:06,304 -   [Inner 72.7] cost=865.00 no_imp=12/20 (còn 1126s)
2026-04-04 09:40:06,406 -   [Inner 72.8] cost=865.00 no_imp=14/20 (còn 1126s)
2026-04-04 09:40:06,509 -   [Inner 72.9] cost=865.00 no_imp=16/20 (còn 1126s)
2026-04-04 09:40:06,613 -   [Inner 72.10] cost=865.00 no_imp=18/20 (còn 1125s)
2026-04-04 09:40:06,715 -   [Outer 72] Chạy Pairwise MaxSAT...
2026-04-04 09:40:06,716 -   [Outer] Không cải thiện (streak=71)
2026-04-04 09:40:06,716 - === OUTER 73 | cost=865.00 no_imp_streak=71 (còn 1125s) ===
2026-04-04 09:40:06,716 -   [Inner 73.1] cost=865.00 no_imp=0/20 (còn 1125s)
2026-04-04 09:40:06,818 -   [Inner 73.2] cost=865.00 no_imp=2/20 (còn 1125s)
2026-04-04 09:40:06,921 -   [Inner 73.3] cost=865.00 no_imp=4/20 (còn 1125s)
2026-04-04 09:40:07,023 -   [Inner 73.4] cost=865.00 no_imp=6/20 (còn 1125s)
2026-04-04 09:40:07,125 -   [Inner 73.5] cost=865.00 no_imp=8/20 (còn 1125s)
2026-04-04 09:40:07,227 -   [Inner 73.6] cost=865.00 no_imp=10/20 (còn 1125s)
2026-04-04 09:40:07,329 -   [Inner 73.7] cost=865.00 no_imp=12/20 (còn 1125s)
2026-04-04 09:40:07,431 -   [Inner 73.8] cost=865.00 no_imp=14/20 (còn 1125s)
2026-04-04 09:40:07,532 -   [Inner 73.9] cost=865.00 no_imp=16/20 (còn 1125s)
2026-04-04 09:40:07,636 -   [Inner 73.10] cost=865.00 no_imp=18/20 (còn 1124s)
2026-04-04 09:40:07,738 -   [Outer 73] Chạy Pairwise MaxSAT...
2026-04-04 09:40:07,739 -   [Outer] Không cải thiện (streak=72)
2026-04-04 09:40:07,739 - === OUTER 74 | cost=865.00 no_imp_streak=72 (còn 1124s) ===
2026-04-04 09:40:07,739 -   [Inner 74.1] cost=865.00 no_imp=0/20 (còn 1124s)
2026-04-04 09:40:07,842 -   [Inner 74.2] cost=865.00 no_imp=2/20 (còn 1124s)
2026-04-04 09:40:07,944 -   [Inner 74.3] cost=865.00 no_imp=4/20 (còn 1124s)
2026-04-04 09:40:08,047 -   [Inner 74.4] cost=865.00 no_imp=6/20 (còn 1124s)
2026-04-04 09:40:08,150 -   [Inner 74.5] cost=865.00 no_imp=8/20 (còn 1124s)
2026-04-04 09:40:08,252 -   [Inner 74.6] cost=865.00 no_imp=10/20 (còn 1124s)
2026-04-04 09:40:08,355 -   [Inner 74.7] cost=865.00 no_imp=12/20 (còn 1124s)
2026-04-04 09:40:08,460 -   [Inner 74.8] cost=865.00 no_imp=14/20 (còn 1124s)
2026-04-04 09:40:08,561 -   [Inner 74.9] cost=865.00 no_imp=16/20 (còn 1124s)
2026-04-04 09:40:08,663 -   [Inner 74.10] cost=865.00 no_imp=18/20 (còn 1123s)
2026-04-04 09:40:08,765 -   [Outer 74] Chạy Pairwise MaxSAT...
2026-04-04 09:40:08,766 -   [Outer] Không cải thiện (streak=73)
2026-04-04 09:40:08,766 - === OUTER 75 | cost=865.00 no_imp_streak=73 (còn 1123s) ===
2026-04-04 09:40:08,766 -   [Inner 75.1] cost=865.00 no_imp=0/20 (còn 1123s)
2026-04-04 09:40:08,868 -   [Inner 75.2] cost=865.00 no_imp=2/20 (còn 1123s)
2026-04-04 09:40:08,970 -   [Inner 75.3] cost=865.00 no_imp=4/20 (còn 1123s)
2026-04-04 09:40:09,073 -   [Inner 75.4] cost=865.00 no_imp=6/20 (còn 1123s)
2026-04-04 09:40:09,176 -   [Inner 75.5] cost=865.00 no_imp=8/20 (còn 1123s)
2026-04-04 09:40:09,279 -   [Inner 75.6] cost=865.00 no_imp=10/20 (còn 1123s)
2026-04-04 09:40:09,381 -   [Inner 75.7] cost=865.00 no_imp=12/20 (còn 1123s)
2026-04-04 09:40:09,483 -   [Inner 75.8] cost=865.00 no_imp=14/20 (còn 1123s)
2026-04-04 09:40:09,584 -   [Inner 75.9] cost=865.00 no_imp=16/20 (còn 1123s)
2026-04-04 09:40:09,687 -   [Inner 75.10] cost=865.00 no_imp=18/20 (còn 1122s)
2026-04-04 09:40:09,789 -   [Outer 75] Chạy Pairwise MaxSAT...
2026-04-04 09:40:09,790 -   [Outer] Không cải thiện (streak=74)
2026-04-04 09:40:09,790 - === OUTER 76 | cost=865.00 no_imp_streak=74 (còn 1122s) ===
2026-04-04 09:40:09,790 -   [Inner 76.1] cost=865.00 no_imp=0/20 (còn 1122s)
2026-04-04 09:40:09,894 -   [Inner 76.2] cost=865.00 no_imp=2/20 (còn 1122s)
2026-04-04 09:40:09,995 -   [Inner 76.3] cost=865.00 no_imp=4/20 (còn 1122s)
2026-04-04 09:40:10,098 -   [Inner 76.4] cost=865.00 no_imp=6/20 (còn 1122s)
2026-04-04 09:40:10,202 -   [Inner 76.5] cost=865.00 no_imp=8/20 (còn 1122s)
2026-04-04 09:40:10,305 -   [Inner 76.6] cost=865.00 no_imp=10/20 (còn 1122s)
2026-04-04 09:40:10,407 -   [Inner 76.7] cost=865.00 no_imp=12/20 (còn 1122s)
2026-04-04 09:40:10,511 -   [Inner 76.8] cost=865.00 no_imp=14/20 (còn 1122s)
2026-04-04 09:40:10,614 -   [Inner 76.9] cost=865.00 no_imp=16/20 (còn 1121s)
2026-04-04 09:40:10,716 -   [Inner 76.10] cost=865.00 no_imp=18/20 (còn 1121s)
2026-04-04 09:40:10,818 -   [Outer 76] Chạy Pairwise MaxSAT...
2026-04-04 09:40:10,818 -   [Outer] Không cải thiện (streak=75)
2026-04-04 09:40:10,819 - === OUTER 77 | cost=865.00 no_imp_streak=75 (còn 1121s) ===
2026-04-04 09:40:10,819 -   [Inner 77.1] cost=865.00 no_imp=0/20 (còn 1121s)
2026-04-04 09:40:10,920 -   [Inner 77.2] cost=865.00 no_imp=2/20 (còn 1121s)
2026-04-04 09:40:11,022 -   [Inner 77.3] cost=865.00 no_imp=4/20 (còn 1121s)
2026-04-04 09:40:11,124 -   [Inner 77.4] cost=865.00 no_imp=6/20 (còn 1121s)
2026-04-04 09:40:11,226 -   [Inner 77.5] cost=865.00 no_imp=8/20 (còn 1121s)
2026-04-04 09:40:11,329 -   [Inner 77.6] cost=865.00 no_imp=10/20 (còn 1121s)
2026-04-04 09:40:11,432 -   [Inner 77.7] cost=865.00 no_imp=12/20 (còn 1121s)
2026-04-04 09:40:11,534 -   [Inner 77.8] cost=865.00 no_imp=14/20 (còn 1121s)
2026-04-04 09:40:11,637 -   [Inner 77.9] cost=865.00 no_imp=16/20 (còn 1120s)
2026-04-04 09:40:11,740 -   [Inner 77.10] cost=865.00 no_imp=18/20 (còn 1120s)
2026-04-04 09:40:11,841 -   [Outer 77] Chạy Pairwise MaxSAT...
2026-04-04 09:40:11,842 -   [Outer] Không cải thiện (streak=76)
2026-04-04 09:40:11,842 - === OUTER 78 | cost=865.00 no_imp_streak=76 (còn 1120s) ===
2026-04-04 09:40:11,842 -   [Inner 78.1] cost=865.00 no_imp=0/20 (còn 1120s)
2026-04-04 09:40:11,944 -   [Inner 78.2] cost=865.00 no_imp=2/20 (còn 1120s)
2026-04-04 09:40:12,046 -   [Inner 78.3] cost=865.00 no_imp=4/20 (còn 1120s)
2026-04-04 09:40:12,149 -   [Inner 78.4] cost=865.00 no_imp=6/20 (còn 1120s)
2026-04-04 09:40:12,251 -   [Inner 78.5] cost=865.00 no_imp=8/20 (còn 1120s)
2026-04-04 09:40:12,353 -   [Inner 78.6] cost=865.00 no_imp=10/20 (còn 1120s)
2026-04-04 09:40:12,456 -   [Inner 78.7] cost=865.00 no_imp=12/20 (còn 1120s)
2026-04-04 09:40:12,561 -   [Inner 78.8] cost=865.00 no_imp=14/20 (còn 1120s)
2026-04-04 09:40:12,662 -   [Inner 78.9] cost=865.00 no_imp=16/20 (còn 1119s)
2026-04-04 09:40:12,764 -   [Inner 78.10] cost=865.00 no_imp=18/20 (còn 1119s)
2026-04-04 09:40:12,866 -   [Outer 78] Chạy Pairwise MaxSAT...
2026-04-04 09:40:12,867 -   [Outer] Không cải thiện (streak=77)
2026-04-04 09:40:12,867 - === OUTER 79 | cost=865.00 no_imp_streak=77 (còn 1119s) ===
2026-04-04 09:40:12,867 -   [Inner 79.1] cost=865.00 no_imp=0/20 (còn 1119s)
2026-04-04 09:40:12,968 -   [Inner 79.2] cost=865.00 no_imp=2/20 (còn 1119s)
2026-04-04 09:40:13,070 -   [Inner 79.3] cost=865.00 no_imp=4/20 (còn 1119s)
2026-04-04 09:40:13,174 -   [Inner 79.4] cost=865.00 no_imp=6/20 (còn 1119s)
2026-04-04 09:40:13,279 -   [Inner 79.5] cost=865.00 no_imp=8/20 (còn 1119s)
2026-04-04 09:40:13,382 -   [Inner 79.6] cost=865.00 no_imp=10/20 (còn 1119s)
2026-04-04 09:40:13,485 -   [Inner 79.7] cost=865.00 no_imp=12/20 (còn 1119s)
2026-04-04 09:40:13,588 -   [Inner 79.8] cost=865.00 no_imp=14/20 (còn 1119s)
2026-04-04 09:40:13,690 -   [Inner 79.9] cost=865.00 no_imp=16/20 (còn 1118s)
2026-04-04 09:40:13,793 -   [Inner 79.10] cost=865.00 no_imp=18/20 (còn 1118s)
2026-04-04 09:40:13,896 -   [Outer 79] Chạy Pairwise MaxSAT...
2026-04-04 09:40:13,896 -   [Outer] Không cải thiện (streak=78)
2026-04-04 09:40:13,896 - === OUTER 80 | cost=865.00 no_imp_streak=78 (còn 1118s) ===
2026-04-04 09:40:13,896 -   [Inner 80.1] cost=865.00 no_imp=0/20 (còn 1118s)
2026-04-04 09:40:13,996 -   [Inner 80.2] cost=865.00 no_imp=2/20 (còn 1118s)
2026-04-04 09:40:14,099 -   [Inner 80.3] cost=865.00 no_imp=4/20 (còn 1118s)
2026-04-04 09:40:14,201 -   [Inner 80.4] cost=865.00 no_imp=6/20 (còn 1118s)
2026-04-04 09:40:14,304 -   [Inner 80.5] cost=865.00 no_imp=8/20 (còn 1118s)
2026-04-04 09:40:14,407 -   [Inner 80.6] cost=865.00 no_imp=10/20 (còn 1118s)
2026-04-04 09:40:14,510 -   [Inner 80.7] cost=865.00 no_imp=12/20 (còn 1118s)
2026-04-04 09:40:14,614 -   [Inner 80.8] cost=865.00 no_imp=14/20 (còn 1117s)
2026-04-04 09:40:14,716 -   [Inner 80.9] cost=865.00 no_imp=16/20 (còn 1117s)
2026-04-04 09:40:14,818 -   [Inner 80.10] cost=865.00 no_imp=18/20 (còn 1117s)
2026-04-04 09:40:14,921 -   [Outer 80] Chạy Pairwise MaxSAT...
2026-04-04 09:40:14,921 -   [Outer] Không cải thiện (streak=79)
2026-04-04 09:40:14,922 - === OUTER 81 | cost=865.00 no_imp_streak=79 (còn 1117s) ===
2026-04-04 09:40:14,922 -   [Inner 81.1] cost=865.00 no_imp=0/20 (còn 1117s)
2026-04-04 09:40:15,024 -   [Inner 81.2] cost=865.00 no_imp=2/20 (còn 1117s)
2026-04-04 09:40:15,126 -   [Inner 81.3] cost=865.00 no_imp=4/20 (còn 1117s)
2026-04-04 09:40:15,228 -   [Inner 81.4] cost=865.00 no_imp=6/20 (còn 1117s)
2026-04-04 09:40:15,333 -   [Inner 81.5] cost=865.00 no_imp=8/20 (còn 1117s)
2026-04-04 09:40:15,440 -   [Inner 81.6] cost=865.00 no_imp=10/20 (còn 1117s)
2026-04-04 09:40:15,543 -   [Inner 81.7] cost=865.00 no_imp=12/20 (còn 1117s)
2026-04-04 09:40:15,645 -   [Inner 81.8] cost=865.00 no_imp=14/20 (còn 1116s)
2026-04-04 09:40:15,793 -   [Inner 81.9] cost=865.00 no_imp=16/20 (còn 1116s)
2026-04-04 09:40:15,895 -   [Inner 81.10] cost=865.00 no_imp=18/20 (còn 1116s)
2026-04-04 09:40:15,997 -   [Outer 81] Chạy Pairwise MaxSAT...
2026-04-04 09:40:15,997 -   [Outer] Không cải thiện (streak=80)
2026-04-04 09:40:15,997 - === OUTER 82 | cost=865.00 no_imp_streak=80 (còn 1116s) ===
2026-04-04 09:40:15,997 -   [Inner 82.1] cost=865.00 no_imp=0/20 (còn 1116s)
2026-04-04 09:40:16,099 -   [Inner 82.2] cost=865.00 no_imp=2/20 (còn 1116s)
2026-04-04 09:40:16,202 -   [Inner 82.3] cost=865.00 no_imp=4/20 (còn 1116s)
2026-04-04 09:40:16,304 -   [Inner 82.4] cost=865.00 no_imp=6/20 (còn 1116s)
2026-04-04 09:40:16,407 -   [Inner 82.5] cost=865.00 no_imp=8/20 (còn 1116s)
2026-04-04 09:40:16,508 -   [Inner 82.6] cost=865.00 no_imp=10/20 (còn 1116s)
2026-04-04 09:40:16,612 -   [Inner 82.7] cost=865.00 no_imp=12/20 (còn 1115s)
2026-04-04 09:40:16,714 -   [Inner 82.8] cost=865.00 no_imp=14/20 (còn 1115s)
2026-04-04 09:40:16,818 -   [Inner 82.9] cost=865.00 no_imp=16/20 (còn 1115s)
2026-04-04 09:40:16,922 -   [Inner 82.10] cost=865.00 no_imp=18/20 (còn 1115s)
2026-04-04 09:40:17,024 -   [Outer 82] Chạy Pairwise MaxSAT...
2026-04-04 09:40:17,025 -   [Outer] Không cải thiện (streak=81)
2026-04-04 09:40:17,025 - === OUTER 83 | cost=865.00 no_imp_streak=81 (còn 1115s) ===
2026-04-04 09:40:17,025 -   [Inner 83.1] cost=865.00 no_imp=0/20 (còn 1115s)
2026-04-04 09:40:17,127 -   [Inner 83.2] cost=865.00 no_imp=2/20 (còn 1115s)
2026-04-04 09:40:17,229 -   [Inner 83.3] cost=865.00 no_imp=4/20 (còn 1115s)
2026-04-04 09:40:17,332 -   [Inner 83.4] cost=865.00 no_imp=6/20 (còn 1115s)
2026-04-04 09:40:17,435 -   [Inner 83.5] cost=865.00 no_imp=8/20 (còn 1115s)
2026-04-04 09:40:17,537 -   [Inner 83.6] cost=865.00 no_imp=10/20 (còn 1115s)
2026-04-04 09:40:17,639 -   [Inner 83.7] cost=865.00 no_imp=12/20 (còn 1114s)
2026-04-04 09:40:17,742 -   [Inner 83.8] cost=865.00 no_imp=14/20 (còn 1114s)
2026-04-04 09:40:17,845 -   [Inner 83.9] cost=865.00 no_imp=16/20 (còn 1114s)
2026-04-04 09:40:17,947 -   [Inner 83.10] cost=865.00 no_imp=18/20 (còn 1114s)
2026-04-04 09:40:18,049 -   [Outer 83] Chạy Pairwise MaxSAT...
2026-04-04 09:40:18,049 -   [Outer] Không cải thiện (streak=82)
2026-04-04 09:40:18,049 - === OUTER 84 | cost=865.00 no_imp_streak=82 (còn 1114s) ===
2026-04-04 09:40:18,050 -   [Inner 84.1] cost=865.00 no_imp=0/20 (còn 1114s)
2026-04-04 09:40:18,152 -   [Inner 84.2] cost=865.00 no_imp=2/20 (còn 1114s)
2026-04-04 09:40:18,254 -   [Inner 84.3] cost=865.00 no_imp=4/20 (còn 1114s)
2026-04-04 09:40:18,357 -   [Inner 84.4] cost=865.00 no_imp=6/20 (còn 1114s)
2026-04-04 09:40:18,459 -   [Inner 84.5] cost=865.00 no_imp=8/20 (còn 1114s)
2026-04-04 09:40:18,562 -   [Inner 84.6] cost=865.00 no_imp=10/20 (còn 1114s)
2026-04-04 09:40:18,666 -   [Inner 84.7] cost=865.00 no_imp=12/20 (còn 1113s)
2026-04-04 09:40:18,768 -   [Inner 84.8] cost=865.00 no_imp=14/20 (còn 1113s)
2026-04-04 09:40:18,873 -   [Inner 84.9] cost=865.00 no_imp=16/20 (còn 1113s)
2026-04-04 09:40:18,975 -   [Inner 84.10] cost=865.00 no_imp=18/20 (còn 1113s)
2026-04-04 09:40:19,077 -   [Outer 84] Chạy Pairwise MaxSAT...
2026-04-04 09:40:19,078 -   [Outer] Không cải thiện (streak=83)
2026-04-04 09:40:19,078 - === OUTER 85 | cost=865.00 no_imp_streak=83 (còn 1113s) ===
2026-04-04 09:40:19,078 -   [Inner 85.1] cost=865.00 no_imp=0/20 (còn 1113s)
2026-04-04 09:40:19,181 -   [Inner 85.2] cost=865.00 no_imp=2/20 (còn 1113s)
2026-04-04 09:40:19,284 -   [Inner 85.3] cost=865.00 no_imp=4/20 (còn 1113s)
2026-04-04 09:40:19,387 -   [Inner 85.4] cost=865.00 no_imp=6/20 (còn 1113s)
2026-04-04 09:40:19,490 -   [Inner 85.5] cost=865.00 no_imp=8/20 (còn 1113s)
2026-04-04 09:40:19,593 -   [Inner 85.6] cost=865.00 no_imp=10/20 (còn 1112s)
2026-04-04 09:40:19,695 -   [Inner 85.7] cost=865.00 no_imp=12/20 (còn 1112s)
2026-04-04 09:40:19,798 -   [Inner 85.8] cost=865.00 no_imp=14/20 (còn 1112s)
2026-04-04 09:40:19,901 -   [Inner 85.9] cost=865.00 no_imp=16/20 (còn 1112s)
2026-04-04 09:40:20,003 -   [Inner 85.10] cost=865.00 no_imp=18/20 (còn 1112s)
2026-04-04 09:40:20,107 -   [Outer 85] Chạy Pairwise MaxSAT...
2026-04-04 09:40:20,108 -   [Outer] Không cải thiện (streak=84)
2026-04-04 09:40:20,108 - === OUTER 86 | cost=865.00 no_imp_streak=84 (còn 1112s) ===
2026-04-04 09:40:20,108 -   [Inner 86.1] cost=865.00 no_imp=0/20 (còn 1112s)
2026-04-04 09:40:20,211 -   [Inner 86.2] cost=865.00 no_imp=2/20 (còn 1112s)
2026-04-04 09:40:20,314 -   [Inner 86.3] cost=865.00 no_imp=4/20 (còn 1112s)
2026-04-04 09:40:20,416 -   [Inner 86.4] cost=865.00 no_imp=6/20 (còn 1112s)
2026-04-04 09:40:20,517 -   [Inner 86.5] cost=865.00 no_imp=8/20 (còn 1112s)
2026-04-04 09:40:20,620 -   [Inner 86.6] cost=865.00 no_imp=10/20 (còn 1111s)
2026-04-04 09:40:20,724 -   [Inner 86.7] cost=865.00 no_imp=12/20 (còn 1111s)
2026-04-04 09:40:20,827 -   [Inner 86.8] cost=865.00 no_imp=14/20 (còn 1111s)
2026-04-04 09:40:20,930 -   [Inner 86.9] cost=865.00 no_imp=16/20 (còn 1111s)
2026-04-04 09:40:21,033 -   [Inner 86.10] cost=865.00 no_imp=18/20 (còn 1111s)
2026-04-04 09:40:21,136 -   [Outer 86] Chạy Pairwise MaxSAT...
2026-04-04 09:40:21,136 -   [Outer] Không cải thiện (streak=85)
2026-04-04 09:40:21,136 - === OUTER 87 | cost=865.00 no_imp_streak=85 (còn 1111s) ===
2026-04-04 09:40:21,136 -   [Inner 87.1] cost=865.00 no_imp=0/20 (còn 1111s)
2026-04-04 09:40:21,239 -   [Inner 87.2] cost=865.00 no_imp=2/20 (còn 1111s)
2026-04-04 09:40:21,342 -   [Inner 87.3] cost=865.00 no_imp=4/20 (còn 1111s)
2026-04-04 09:40:21,445 -   [Inner 87.4] cost=865.00 no_imp=6/20 (còn 1111s)
2026-04-04 09:40:21,548 -   [Inner 87.5] cost=865.00 no_imp=8/20 (còn 1111s)
2026-04-04 09:40:21,650 -   [Inner 87.6] cost=865.00 no_imp=10/20 (còn 1110s)
2026-04-04 09:40:21,751 -   [Inner 87.7] cost=865.00 no_imp=12/20 (còn 1110s)
2026-04-04 09:40:21,856 -   [Inner 87.8] cost=865.00 no_imp=14/20 (còn 1110s)
2026-04-04 09:40:21,957 -   [Inner 87.9] cost=865.00 no_imp=16/20 (còn 1110s)
2026-04-04 09:40:22,060 -   [Inner 87.10] cost=865.00 no_imp=18/20 (còn 1110s)
2026-04-04 09:40:22,164 -   [Outer 87] Chạy Pairwise MaxSAT...
2026-04-04 09:40:22,164 -   [Outer] Không cải thiện (streak=86)
2026-04-04 09:40:22,164 - === OUTER 88 | cost=865.00 no_imp_streak=86 (còn 1110s) ===
2026-04-04 09:40:22,164 -   [Inner 88.1] cost=865.00 no_imp=0/20 (còn 1110s)
2026-04-04 09:40:22,266 -   [Inner 88.2] cost=865.00 no_imp=2/20 (còn 1110s)
2026-04-04 09:40:22,370 -   [Inner 88.3] cost=865.00 no_imp=4/20 (còn 1110s)
2026-04-04 09:40:22,472 -   [Inner 88.4] cost=865.00 no_imp=6/20 (còn 1110s)
2026-04-04 09:40:22,574 -   [Inner 88.5] cost=865.00 no_imp=8/20 (còn 1110s)
2026-04-04 09:40:22,678 -   [Inner 88.6] cost=865.00 no_imp=10/20 (còn 1109s)
2026-04-04 09:40:22,781 -   [Inner 88.7] cost=865.00 no_imp=12/20 (còn 1109s)
2026-04-04 09:40:22,884 -   [Inner 88.8] cost=865.00 no_imp=14/20 (còn 1109s)
2026-04-04 09:40:22,987 -   [Inner 88.9] cost=865.00 no_imp=16/20 (còn 1109s)
2026-04-04 09:40:23,089 -   [Inner 88.10] cost=865.00 no_imp=18/20 (còn 1109s)
2026-04-04 09:40:23,191 -   [Outer 88] Chạy Pairwise MaxSAT...
2026-04-04 09:40:23,192 -   [Outer] Không cải thiện (streak=87)
2026-04-04 09:40:23,192 - === OUTER 89 | cost=865.00 no_imp_streak=87 (còn 1109s) ===
2026-04-04 09:40:23,192 -   [Inner 89.1] cost=865.00 no_imp=0/20 (còn 1109s)
2026-04-04 09:40:23,294 -   [Inner 89.2] cost=865.00 no_imp=2/20 (còn 1109s)
2026-04-04 09:40:23,398 -   [Inner 89.3] cost=865.00 no_imp=4/20 (còn 1109s)
2026-04-04 09:40:23,500 -   [Inner 89.4] cost=865.00 no_imp=6/20 (còn 1109s)
2026-04-04 09:40:23,603 -   [Inner 89.5] cost=865.00 no_imp=8/20 (còn 1108s)
2026-04-04 09:40:23,705 -   [Inner 89.6] cost=865.00 no_imp=10/20 (còn 1108s)
2026-04-04 09:40:23,806 -   [Inner 89.7] cost=865.00 no_imp=12/20 (còn 1108s)
2026-04-04 09:40:23,909 -   [Inner 89.8] cost=865.00 no_imp=14/20 (còn 1108s)
2026-04-04 09:40:24,012 -   [Inner 89.9] cost=865.00 no_imp=16/20 (còn 1108s)
2026-04-04 09:40:24,114 -   [Inner 89.10] cost=865.00 no_imp=18/20 (còn 1108s)
2026-04-04 09:40:24,216 -   [Outer 89] Chạy Pairwise MaxSAT...
2026-04-04 09:40:24,216 -   [Outer] Không cải thiện (streak=88)
2026-04-04 09:40:24,217 - === OUTER 90 | cost=865.00 no_imp_streak=88 (còn 1108s) ===
2026-04-04 09:40:24,217 -   [Inner 90.1] cost=865.00 no_imp=0/20 (còn 1108s)
2026-04-04 09:40:24,321 -   [Inner 90.2] cost=865.00 no_imp=2/20 (còn 1108s)
2026-04-04 09:40:24,423 -   [Inner 90.3] cost=865.00 no_imp=4/20 (còn 1108s)
2026-04-04 09:40:24,525 -   [Inner 90.4] cost=865.00 no_imp=6/20 (còn 1108s)
2026-04-04 09:40:24,628 -   [Inner 90.5] cost=865.00 no_imp=8/20 (còn 1107s)
2026-04-04 09:40:24,732 -   [Inner 90.6] cost=865.00 no_imp=10/20 (còn 1107s)
2026-04-04 09:40:24,834 -   [Inner 90.7] cost=865.00 no_imp=12/20 (còn 1107s)
2026-04-04 09:40:24,937 -   [Inner 90.8] cost=865.00 no_imp=14/20 (còn 1107s)
2026-04-04 09:40:25,039 -   [Inner 90.9] cost=865.00 no_imp=16/20 (còn 1107s)
2026-04-04 09:40:25,141 -   [Inner 90.10] cost=865.00 no_imp=18/20 (còn 1107s)
2026-04-04 09:40:25,243 -   [Outer 90] Chạy Pairwise MaxSAT...
2026-04-04 09:40:25,244 -   [Outer] Không cải thiện (streak=89)
2026-04-04 09:40:25,244 - === OUTER 91 | cost=865.00 no_imp_streak=89 (còn 1107s) ===
2026-04-04 09:40:25,244 -   [Inner 91.1] cost=865.00 no_imp=0/20 (còn 1107s)
2026-04-04 09:40:25,347 -   [Inner 91.2] cost=865.00 no_imp=2/20 (còn 1107s)
2026-04-04 09:40:25,450 -   [Inner 91.3] cost=865.00 no_imp=4/20 (còn 1107s)
2026-04-04 09:40:25,551 -   [Inner 91.4] cost=865.00 no_imp=6/20 (còn 1107s)
2026-04-04 09:40:25,654 -   [Inner 91.5] cost=865.00 no_imp=8/20 (còn 1106s)
2026-04-04 09:40:25,756 -   [Inner 91.6] cost=865.00 no_imp=10/20 (còn 1106s)
2026-04-04 09:40:25,859 -   [Inner 91.7] cost=865.00 no_imp=12/20 (còn 1106s)
2026-04-04 09:40:25,962 -   [Inner 91.8] cost=865.00 no_imp=14/20 (còn 1106s)
2026-04-04 09:40:26,064 -   [Inner 91.9] cost=865.00 no_imp=16/20 (còn 1106s)
2026-04-04 09:40:26,166 -   [Inner 91.10] cost=865.00 no_imp=18/20 (còn 1106s)
2026-04-04 09:40:26,268 -   [Outer 91] Chạy Pairwise MaxSAT...
2026-04-04 09:40:26,269 -   [Outer] Không cải thiện (streak=90)
2026-04-04 09:40:26,269 - === OUTER 92 | cost=865.00 no_imp_streak=90 (còn 1106s) ===
2026-04-04 09:40:26,269 -   [Inner 92.1] cost=865.00 no_imp=0/20 (còn 1106s)
2026-04-04 09:40:26,372 -   [Inner 92.2] cost=865.00 no_imp=2/20 (còn 1106s)
2026-04-04 09:40:26,474 -   [Inner 92.3] cost=865.00 no_imp=4/20 (còn 1106s)
2026-04-04 09:40:26,576 -   [Inner 92.4] cost=865.00 no_imp=6/20 (còn 1106s)
2026-04-04 09:40:26,678 -   [Inner 92.5] cost=865.00 no_imp=8/20 (còn 1105s)
2026-04-04 09:40:26,783 -   [Inner 92.6] cost=865.00 no_imp=10/20 (còn 1105s)
2026-04-04 09:40:26,885 -   [Inner 92.7] cost=865.00 no_imp=12/20 (còn 1105s)
2026-04-04 09:40:26,987 -   [Inner 92.8] cost=865.00 no_imp=14/20 (còn 1105s)
2026-04-04 09:40:27,090 -   [Inner 92.9] cost=865.00 no_imp=16/20 (còn 1105s)
2026-04-04 09:40:27,194 -   [Inner 92.10] cost=865.00 no_imp=18/20 (còn 1105s)
2026-04-04 09:40:27,295 -   [Outer 92] Chạy Pairwise MaxSAT...
2026-04-04 09:40:27,296 -   [Outer] Không cải thiện (streak=91)
2026-04-04 09:40:27,296 - === OUTER 93 | cost=865.00 no_imp_streak=91 (còn 1105s) ===
2026-04-04 09:40:27,296 -   [Inner 93.1] cost=865.00 no_imp=0/20 (còn 1105s)
2026-04-04 09:40:27,397 -   [Inner 93.2] cost=865.00 no_imp=2/20 (còn 1105s)
2026-04-04 09:40:27,499 -   [Inner 93.3] cost=865.00 no_imp=4/20 (còn 1105s)
2026-04-04 09:40:27,602 -   [Inner 93.4] cost=865.00 no_imp=6/20 (còn 1104s)
2026-04-04 09:40:27,704 -   [Inner 93.5] cost=865.00 no_imp=8/20 (còn 1104s)
2026-04-04 09:40:27,806 -   [Inner 93.6] cost=865.00 no_imp=10/20 (còn 1104s)
2026-04-04 09:40:27,909 -   [Inner 93.7] cost=865.00 no_imp=12/20 (còn 1104s)
2026-04-04 09:40:28,011 -   [Inner 93.8] cost=865.00 no_imp=14/20 (còn 1104s)
2026-04-04 09:40:28,113 -   [Inner 93.9] cost=865.00 no_imp=16/20 (còn 1104s)
2026-04-04 09:40:28,216 -   [Inner 93.10] cost=865.00 no_imp=18/20 (còn 1104s)
2026-04-04 09:40:28,320 -   [Outer 93] Chạy Pairwise MaxSAT...
2026-04-04 09:40:28,320 -   [Outer] Không cải thiện (streak=92)
2026-04-04 09:40:28,320 - === OUTER 94 | cost=865.00 no_imp_streak=92 (còn 1104s) ===
2026-04-04 09:40:28,320 -   [Inner 94.1] cost=865.00 no_imp=0/20 (còn 1104s)
2026-04-04 09:40:28,422 -   [Inner 94.2] cost=865.00 no_imp=2/20 (còn 1104s)
2026-04-04 09:40:28,524 -   [Inner 94.3] cost=865.00 no_imp=4/20 (còn 1104s)
2026-04-04 09:40:28,626 -   [Inner 94.4] cost=865.00 no_imp=6/20 (còn 1103s)
2026-04-04 09:40:28,729 -   [Inner 94.5] cost=865.00 no_imp=8/20 (còn 1103s)
2026-04-04 09:40:28,833 -   [Inner 94.6] cost=865.00 no_imp=10/20 (còn 1103s)
2026-04-04 09:40:28,934 -   [Inner 94.7] cost=865.00 no_imp=12/20 (còn 1103s)
2026-04-04 09:40:29,037 -   [Inner 94.8] cost=865.00 no_imp=14/20 (còn 1103s)
2026-04-04 09:40:29,140 -   [Inner 94.9] cost=865.00 no_imp=16/20 (còn 1103s)
2026-04-04 09:40:29,241 -   [Inner 94.10] cost=865.00 no_imp=18/20 (còn 1103s)
2026-04-04 09:40:29,344 -   [Outer 94] Chạy Pairwise MaxSAT...
2026-04-04 09:40:29,345 -   [Outer] Không cải thiện (streak=93)
2026-04-04 09:40:29,345 - === OUTER 95 | cost=865.00 no_imp_streak=93 (còn 1103s) ===
2026-04-04 09:40:29,345 -   [Inner 95.1] cost=865.00 no_imp=0/20 (còn 1103s)
2026-04-04 09:40:29,446 -   [Inner 95.2] cost=865.00 no_imp=2/20 (còn 1103s)
2026-04-04 09:40:29,547 -   [Inner 95.3] cost=865.00 no_imp=4/20 (còn 1103s)
2026-04-04 09:40:29,649 -   [Inner 95.4] cost=865.00 no_imp=6/20 (còn 1102s)
2026-04-04 09:40:29,753 -   [Inner 95.5] cost=865.00 no_imp=8/20 (còn 1102s)
2026-04-04 09:40:29,855 -   [Inner 95.6] cost=865.00 no_imp=10/20 (còn 1102s)
2026-04-04 09:40:29,958 -   [Inner 95.7] cost=865.00 no_imp=12/20 (còn 1102s)
2026-04-04 09:40:30,060 -   [Inner 95.8] cost=865.00 no_imp=14/20 (còn 1102s)
2026-04-04 09:40:30,162 -   [Inner 95.9] cost=865.00 no_imp=16/20 (còn 1102s)
2026-04-04 09:40:30,264 -   [Inner 95.10] cost=865.00 no_imp=18/20 (còn 1102s)
2026-04-04 09:40:30,368 -   [Outer 95] Chạy Pairwise MaxSAT...
2026-04-04 09:40:30,368 -   [Outer] Không cải thiện (streak=94)
2026-04-04 09:40:30,368 - === OUTER 96 | cost=865.00 no_imp_streak=94 (còn 1102s) ===
2026-04-04 09:40:30,368 -   [Inner 96.1] cost=865.00 no_imp=0/20 (còn 1102s)
2026-04-04 09:40:30,471 -   [Inner 96.2] cost=865.00 no_imp=2/20 (còn 1102s)
2026-04-04 09:40:30,573 -   [Inner 96.3] cost=865.00 no_imp=4/20 (còn 1102s)
2026-04-04 09:40:30,675 -   [Inner 96.4] cost=865.00 no_imp=6/20 (còn 1101s)
2026-04-04 09:40:30,779 -   [Inner 96.5] cost=865.00 no_imp=8/20 (còn 1101s)
2026-04-04 09:40:30,882 -   [Inner 96.6] cost=865.00 no_imp=10/20 (còn 1101s)
2026-04-04 09:40:30,984 -   [Inner 96.7] cost=865.00 no_imp=12/20 (còn 1101s)
2026-04-04 09:40:31,087 -   [Inner 96.8] cost=865.00 no_imp=14/20 (còn 1101s)
2026-04-04 09:40:31,190 -   [Inner 96.9] cost=865.00 no_imp=16/20 (còn 1101s)
2026-04-04 09:40:31,293 -   [Inner 96.10] cost=865.00 no_imp=18/20 (còn 1101s)
2026-04-04 09:40:31,395 -   [Outer 96] Chạy Pairwise MaxSAT...
2026-04-04 09:40:31,396 -   [Outer] Không cải thiện (streak=95)
2026-04-04 09:40:31,396 - === OUTER 97 | cost=865.00 no_imp_streak=95 (còn 1101s) ===
2026-04-04 09:40:31,396 -   [Inner 97.1] cost=865.00 no_imp=0/20 (còn 1101s)
2026-04-04 09:40:31,497 -   [Inner 97.2] cost=865.00 no_imp=2/20 (còn 1101s)
2026-04-04 09:40:31,598 -   [Inner 97.3] cost=865.00 no_imp=4/20 (còn 1100s)
2026-04-04 09:40:31,703 -   [Inner 97.4] cost=865.00 no_imp=6/20 (còn 1100s)
2026-04-04 09:40:31,810 -   [Inner 97.5] cost=865.00 no_imp=8/20 (còn 1100s)
2026-04-04 09:40:31,913 -   [Inner 97.6] cost=865.00 no_imp=10/20 (còn 1100s)
2026-04-04 09:40:32,016 -   [Inner 97.7] cost=865.00 no_imp=12/20 (còn 1100s)
2026-04-04 09:40:32,119 -   [Inner 97.8] cost=865.00 no_imp=14/20 (còn 1100s)
2026-04-04 09:40:32,222 -   [Inner 97.9] cost=865.00 no_imp=16/20 (còn 1100s)
2026-04-04 09:40:32,325 -   [Inner 97.10] cost=865.00 no_imp=18/20 (còn 1100s)
2026-04-04 09:40:32,428 -   [Outer 97] Chạy Pairwise MaxSAT...
2026-04-04 09:40:32,428 -   [Outer] Không cải thiện (streak=96)
2026-04-04 09:40:32,429 - === OUTER 98 | cost=865.00 no_imp_streak=96 (còn 1100s) ===
2026-04-04 09:40:32,429 -   [Inner 98.1] cost=865.00 no_imp=0/20 (còn 1100s)
2026-04-04 09:40:32,530 -   [Inner 98.2] cost=865.00 no_imp=2/20 (còn 1100s)
2026-04-04 09:40:32,632 -   [Inner 98.3] cost=865.00 no_imp=4/20 (còn 1099s)
2026-04-04 09:40:32,735 -   [Inner 98.4] cost=865.00 no_imp=6/20 (còn 1099s)
2026-04-04 09:40:32,840 -   [Inner 98.5] cost=865.00 no_imp=8/20 (còn 1099s)
2026-04-04 09:40:32,944 -   [Inner 98.6] cost=865.00 no_imp=10/20 (còn 1099s)
2026-04-04 09:40:33,047 -   [Inner 98.7] cost=865.00 no_imp=12/20 (còn 1099s)
2026-04-04 09:40:33,149 -   [Inner 98.8] cost=865.00 no_imp=14/20 (còn 1099s)
2026-04-04 09:40:33,251 -   [Inner 98.9] cost=865.00 no_imp=16/20 (còn 1099s)
2026-04-04 09:40:33,354 -   [Inner 98.10] cost=865.00 no_imp=18/20 (còn 1099s)
2026-04-04 09:40:33,457 -   [Outer 98] Chạy Pairwise MaxSAT...
2026-04-04 09:40:33,457 -   [Outer] Không cải thiện (streak=97)
2026-04-04 09:40:33,457 - === OUTER 99 | cost=865.00 no_imp_streak=97 (còn 1099s) ===
2026-04-04 09:40:33,458 -   [Inner 99.1] cost=865.00 no_imp=0/20 (còn 1099s)
2026-04-04 09:40:33,560 -   [Inner 99.2] cost=865.00 no_imp=2/20 (còn 1099s)
2026-04-04 09:40:33,662 -   [Inner 99.3] cost=865.00 no_imp=4/20 (còn 1098s)
2026-04-04 09:40:33,764 -   [Inner 99.4] cost=865.00 no_imp=6/20 (còn 1098s)
2026-04-04 09:40:33,867 -   [Inner 99.5] cost=865.00 no_imp=8/20 (còn 1098s)
2026-04-04 09:40:33,971 -   [Inner 99.6] cost=865.00 no_imp=10/20 (còn 1098s)
2026-04-04 09:40:34,073 -   [Inner 99.7] cost=865.00 no_imp=12/20 (còn 1098s)
2026-04-04 09:40:34,176 -   [Inner 99.8] cost=865.00 no_imp=14/20 (còn 1098s)
2026-04-04 09:40:34,278 -   [Inner 99.9] cost=865.00 no_imp=16/20 (còn 1098s)
2026-04-04 09:40:34,381 -   [Inner 99.10] cost=865.00 no_imp=18/20 (còn 1098s)
2026-04-04 09:40:34,483 -   [Outer 99] Chạy Pairwise MaxSAT...
2026-04-04 09:40:34,483 -   [Outer] Không cải thiện (streak=98)
2026-04-04 09:40:34,484 - === OUTER 100 | cost=865.00 no_imp_streak=98 (còn 1098s) ===
2026-04-04 09:40:34,484 -   [Inner 100.1] cost=865.00 no_imp=0/20 (còn 1098s)
2026-04-04 09:40:34,584 -   [Inner 100.2] cost=865.00 no_imp=2/20 (còn 1098s)
2026-04-04 09:40:34,686 -   [Inner 100.3] cost=865.00 no_imp=4/20 (còn 1097s)
2026-04-04 09:40:34,788 -   [Inner 100.4] cost=865.00 no_imp=6/20 (còn 1097s)
2026-04-04 09:40:34,895 -   [Inner 100.5] cost=865.00 no_imp=8/20 (còn 1097s)
2026-04-04 09:40:34,998 -   [Inner 100.6] cost=865.00 no_imp=10/20 (còn 1097s)
2026-04-04 09:40:35,106 -   [Inner 100.7] cost=865.00 no_imp=12/20 (còn 1097s)
2026-04-04 09:40:35,211 -   [Inner 100.8] cost=865.00 no_imp=14/20 (còn 1097s)
2026-04-04 09:40:35,314 -   [Inner 100.9] cost=865.00 no_imp=16/20 (còn 1097s)
2026-04-04 09:40:35,419 -   [Inner 100.10] cost=865.00 no_imp=18/20 (còn 1097s)
2026-04-04 09:40:35,527 -   [Outer 100] Chạy Pairwise MaxSAT...
2026-04-04 09:40:35,528 -   [Outer] Không cải thiện (streak=99)
2026-04-04 09:40:35,528 - === OUTER 101 | cost=865.00 no_imp_streak=99 (còn 1097s) ===
2026-04-04 09:40:35,528 -   [Inner 101.1] cost=865.00 no_imp=0/20 (còn 1097s)
2026-04-04 09:40:35,631 -   [Inner 101.2] cost=865.00 no_imp=2/20 (còn 1096s)
2026-04-04 09:40:35,737 -   [Inner 101.3] cost=865.00 no_imp=4/20 (còn 1096s)
2026-04-04 09:40:35,841 -   [Inner 101.4] cost=865.00 no_imp=6/20 (còn 1096s)
2026-04-04 09:40:35,946 -   [Inner 101.5] cost=865.00 no_imp=8/20 (còn 1096s)
2026-04-04 09:40:36,048 -   [Inner 101.6] cost=865.00 no_imp=10/20 (còn 1096s)
2026-04-04 09:40:36,152 -   [Inner 101.7] cost=865.00 no_imp=12/20 (còn 1096s)
2026-04-04 09:40:36,255 -   [Inner 101.8] cost=865.00 no_imp=14/20 (còn 1096s)
2026-04-04 09:40:36,410 -   [Inner 101.9] cost=865.00 no_imp=16/20 (còn 1096s)
2026-04-04 09:40:36,512 -   [Inner 101.10] cost=865.00 no_imp=18/20 (còn 1096s)
2026-04-04 09:40:36,614 -   [Outer 101] Chạy Pairwise MaxSAT...
2026-04-04 09:40:36,614 -   [Outer] Không cải thiện (streak=100)
2026-04-04 09:40:36,614 - === OUTER 102 | cost=865.00 no_imp_streak=100 (còn 1095s) ===
2026-04-04 09:40:36,614 -   [Inner 102.1] cost=865.00 no_imp=0/20 (còn 1095s)
2026-04-04 09:40:36,718 -   [Inner 102.2] cost=865.00 no_imp=2/20 (còn 1095s)
2026-04-04 09:40:36,823 -   [Inner 102.3] cost=865.00 no_imp=4/20 (còn 1095s)
2026-04-04 09:40:36,928 -   [Inner 102.4] cost=865.00 no_imp=6/20 (còn 1095s)
2026-04-04 09:40:37,031 -   [Inner 102.5] cost=865.00 no_imp=8/20 (còn 1095s)
2026-04-04 09:40:37,136 -   [Inner 102.6] cost=865.00 no_imp=10/20 (còn 1095s)
2026-04-04 09:40:37,241 -   [Inner 102.7] cost=865.00 no_imp=12/20 (còn 1095s)
2026-04-04 09:40:37,344 -   [Inner 102.8] cost=865.00 no_imp=14/20 (còn 1095s)
2026-04-04 09:40:37,447 -   [Inner 102.9] cost=865.00 no_imp=16/20 (còn 1095s)
2026-04-04 09:40:37,551 -   [Inner 102.10] cost=865.00 no_imp=18/20 (còn 1095s)
2026-04-04 09:40:37,656 -   [Outer 102] Chạy Pairwise MaxSAT...
2026-04-04 09:40:37,656 -   [Outer] Không cải thiện (streak=101)
2026-04-04 09:40:37,656 - === OUTER 103 | cost=865.00 no_imp_streak=101 (còn 1094s) ===
2026-04-04 09:40:37,656 -   [Inner 103.1] cost=865.00 no_imp=0/20 (còn 1094s)
2026-04-04 09:40:37,761 -   [Inner 103.2] cost=865.00 no_imp=2/20 (còn 1094s)
2026-04-04 09:40:37,867 -   [Inner 103.3] cost=865.00 no_imp=4/20 (còn 1094s)
2026-04-04 09:40:37,971 -   [Inner 103.4] cost=865.00 no_imp=6/20 (còn 1094s)
2026-04-04 09:40:38,073 -   [Inner 103.5] cost=865.00 no_imp=8/20 (còn 1094s)
2026-04-04 09:40:38,176 -   [Inner 103.6] cost=865.00 no_imp=10/20 (còn 1094s)
2026-04-04 09:40:38,279 -   [Inner 103.7] cost=865.00 no_imp=12/20 (còn 1094s)
2026-04-04 09:40:38,382 -   [Inner 103.8] cost=865.00 no_imp=14/20 (còn 1094s)
2026-04-04 09:40:38,484 -   [Inner 103.9] cost=865.00 no_imp=16/20 (còn 1094s)
2026-04-04 09:40:38,587 -   [Inner 103.10] cost=865.00 no_imp=18/20 (còn 1094s)
2026-04-04 09:40:38,689 -   [Outer 103] Chạy Pairwise MaxSAT...
2026-04-04 09:40:38,689 -   [Outer] Không cải thiện (streak=102)
2026-04-04 09:40:38,689 - === OUTER 104 | cost=865.00 no_imp_streak=102 (còn 1093s) ===
2026-04-04 09:40:38,689 -   [Inner 104.1] cost=865.00 no_imp=0/20 (còn 1093s)
2026-04-04 09:40:38,793 -   [Inner 104.2] cost=865.00 no_imp=2/20 (còn 1093s)
2026-04-04 09:40:38,899 -   [Inner 104.3] cost=865.00 no_imp=4/20 (còn 1093s)
2026-04-04 09:40:39,005 -   [Inner 104.4] cost=865.00 no_imp=6/20 (còn 1093s)
2026-04-04 09:40:39,109 -   [Inner 104.5] cost=865.00 no_imp=8/20 (còn 1093s)
2026-04-04 09:40:39,211 -   [Inner 104.6] cost=865.00 no_imp=10/20 (còn 1093s)
2026-04-04 09:40:39,313 -   [Inner 104.7] cost=865.00 no_imp=12/20 (còn 1093s)
2026-04-04 09:40:39,416 -   [Inner 104.8] cost=865.00 no_imp=14/20 (còn 1093s)
2026-04-04 09:40:39,518 -   [Inner 104.9] cost=865.00 no_imp=16/20 (còn 1093s)
2026-04-04 09:40:39,621 -   [Inner 104.10] cost=865.00 no_imp=18/20 (còn 1092s)
2026-04-04 09:40:39,724 -   [Outer 104] Chạy Pairwise MaxSAT...
2026-04-04 09:40:39,724 -   [Outer] Không cải thiện (streak=103)
2026-04-04 09:40:39,724 - === OUTER 105 | cost=865.00 no_imp_streak=103 (còn 1092s) ===
2026-04-04 09:40:39,724 -   [Inner 105.1] cost=865.00 no_imp=0/20 (còn 1092s)
2026-04-04 09:40:39,828 -   [Inner 105.2] cost=865.00 no_imp=2/20 (còn 1092s)
2026-04-04 09:40:39,930 -   [Inner 105.3] cost=865.00 no_imp=4/20 (còn 1092s)
2026-04-04 09:40:40,031 -   [Inner 105.4] cost=865.00 no_imp=6/20 (còn 1092s)
2026-04-04 09:40:40,133 -   [Inner 105.5] cost=865.00 no_imp=8/20 (còn 1092s)
2026-04-04 09:40:40,235 -   [Inner 105.6] cost=865.00 no_imp=10/20 (còn 1092s)
2026-04-04 09:40:40,337 -   [Inner 105.7] cost=865.00 no_imp=12/20 (còn 1092s)
2026-04-04 09:40:40,439 -   [Inner 105.8] cost=865.00 no_imp=14/20 (còn 1092s)
2026-04-04 09:40:40,542 -   [Inner 105.9] cost=865.00 no_imp=16/20 (còn 1092s)
2026-04-04 09:40:40,644 -   [Inner 105.10] cost=865.00 no_imp=18/20 (còn 1091s)
2026-04-04 09:40:40,746 -   [Outer 105] Chạy Pairwise MaxSAT...
2026-04-04 09:40:40,747 -   [Outer] Không cải thiện (streak=104)
2026-04-04 09:40:40,747 - === OUTER 106 | cost=865.00 no_imp_streak=104 (còn 1091s) ===
2026-04-04 09:40:40,747 -   [Inner 106.1] cost=865.00 no_imp=0/20 (còn 1091s)
2026-04-04 09:40:40,849 -   [Inner 106.2] cost=865.00 no_imp=2/20 (còn 1091s)
2026-04-04 09:40:40,955 -   [Inner 106.3] cost=865.00 no_imp=4/20 (còn 1091s)
2026-04-04 09:40:41,058 -   [Inner 106.4] cost=865.00 no_imp=6/20 (còn 1091s)
2026-04-04 09:40:41,160 -   [Inner 106.5] cost=865.00 no_imp=8/20 (còn 1091s)
2026-04-04 09:40:41,263 -   [Inner 106.6] cost=865.00 no_imp=10/20 (còn 1091s)
2026-04-04 09:40:41,364 -   [Inner 106.7] cost=865.00 no_imp=12/20 (còn 1091s)
2026-04-04 09:40:41,467 -   [Inner 106.8] cost=865.00 no_imp=14/20 (còn 1091s)
2026-04-04 09:40:41,569 -   [Inner 106.9] cost=865.00 no_imp=16/20 (còn 1091s)
2026-04-04 09:40:41,672 -   [Inner 106.10] cost=865.00 no_imp=18/20 (còn 1090s)
2026-04-04 09:40:41,774 -   [Outer 106] Chạy Pairwise MaxSAT...
2026-04-04 09:40:41,774 -   [Outer] Không cải thiện (streak=105)
2026-04-04 09:40:41,775 - === OUTER 107 | cost=865.00 no_imp_streak=105 (còn 1090s) ===
2026-04-04 09:40:41,775 -   [Inner 107.1] cost=865.00 no_imp=0/20 (còn 1090s)
2026-04-04 09:40:41,877 -   [Inner 107.2] cost=865.00 no_imp=2/20 (còn 1090s)
2026-04-04 09:40:41,980 -   [Inner 107.3] cost=865.00 no_imp=4/20 (còn 1090s)
2026-04-04 09:40:42,083 -   [Inner 107.4] cost=865.00 no_imp=6/20 (còn 1090s)
2026-04-04 09:40:42,185 -   [Inner 107.5] cost=865.00 no_imp=8/20 (còn 1090s)
2026-04-04 09:40:42,287 -   [Inner 107.6] cost=865.00 no_imp=10/20 (còn 1090s)
2026-04-04 09:40:42,391 -   [Inner 107.7] cost=865.00 no_imp=12/20 (còn 1090s)
2026-04-04 09:40:42,492 -   [Inner 107.8] cost=865.00 no_imp=14/20 (còn 1090s)
2026-04-04 09:40:42,594 -   [Inner 107.9] cost=865.00 no_imp=16/20 (còn 1089s)
2026-04-04 09:40:42,697 -   [Inner 107.10] cost=865.00 no_imp=18/20 (còn 1089s)
2026-04-04 09:40:42,800 -   [Outer 107] Chạy Pairwise MaxSAT...
2026-04-04 09:40:42,800 -   [Outer] Không cải thiện (streak=106)
2026-04-04 09:40:42,800 - === OUTER 108 | cost=865.00 no_imp_streak=106 (còn 1089s) ===
2026-04-04 09:40:42,801 -   [Inner 108.1] cost=865.00 no_imp=0/20 (còn 1089s)
2026-04-04 09:40:42,902 -   [Inner 108.2] cost=865.00 no_imp=2/20 (còn 1089s)
2026-04-04 09:40:43,007 -   [Inner 108.3] cost=865.00 no_imp=4/20 (còn 1089s)
2026-04-04 09:40:43,108 -   [Inner 108.4] cost=865.00 no_imp=6/20 (còn 1089s)
2026-04-04 09:40:43,210 -   [Inner 108.5] cost=865.00 no_imp=8/20 (còn 1089s)
2026-04-04 09:40:43,313 -   [Inner 108.6] cost=865.00 no_imp=10/20 (còn 1089s)
2026-04-04 09:40:43,416 -   [Inner 108.7] cost=865.00 no_imp=12/20 (còn 1089s)
2026-04-04 09:40:43,518 -   [Inner 108.8] cost=865.00 no_imp=14/20 (còn 1089s)
2026-04-04 09:40:43,621 -   [Inner 108.9] cost=865.00 no_imp=16/20 (còn 1088s)
2026-04-04 09:40:43,723 -   [Inner 108.10] cost=865.00 no_imp=18/20 (còn 1088s)
2026-04-04 09:40:43,826 -   [Outer 108] Chạy Pairwise MaxSAT...
2026-04-04 09:40:43,827 -   [Outer] Không cải thiện (streak=107)
2026-04-04 09:40:43,827 - === OUTER 109 | cost=865.00 no_imp_streak=107 (còn 1088s) ===
2026-04-04 09:40:43,827 -   [Inner 109.1] cost=865.00 no_imp=0/20 (còn 1088s)
2026-04-04 09:40:43,929 -   [Inner 109.2] cost=865.00 no_imp=2/20 (còn 1088s)
2026-04-04 09:40:44,032 -   [Inner 109.3] cost=865.00 no_imp=4/20 (còn 1088s)
2026-04-04 09:40:44,133 -   [Inner 109.4] cost=865.00 no_imp=6/20 (còn 1088s)
2026-04-04 09:40:44,236 -   [Inner 109.5] cost=865.00 no_imp=8/20 (còn 1088s)
2026-04-04 09:40:44,338 -   [Inner 109.6] cost=865.00 no_imp=10/20 (còn 1088s)
2026-04-04 09:40:44,441 -   [Inner 109.7] cost=865.00 no_imp=12/20 (còn 1088s)
2026-04-04 09:40:44,545 -   [Inner 109.8] cost=865.00 no_imp=14/20 (còn 1088s)
2026-04-04 09:40:44,646 -   [Inner 109.9] cost=865.00 no_imp=16/20 (còn 1087s)
2026-04-04 09:40:44,749 -   [Inner 109.10] cost=865.00 no_imp=18/20 (còn 1087s)
2026-04-04 09:40:44,851 -   [Outer 109] Chạy Pairwise MaxSAT...
2026-04-04 09:40:44,851 -   [Outer] Không cải thiện (streak=108)
2026-04-04 09:40:44,852 - === OUTER 110 | cost=865.00 no_imp_streak=108 (còn 1087s) ===
2026-04-04 09:40:44,852 -   [Inner 110.1] cost=865.00 no_imp=0/20 (còn 1087s)
2026-04-04 09:40:44,956 -   [Inner 110.2] cost=865.00 no_imp=2/20 (còn 1087s)
2026-04-04 09:40:45,058 -   [Inner 110.3] cost=865.00 no_imp=4/20 (còn 1087s)
2026-04-04 09:40:45,160 -   [Inner 110.4] cost=865.00 no_imp=6/20 (còn 1087s)
2026-04-04 09:40:45,263 -   [Inner 110.5] cost=865.00 no_imp=8/20 (còn 1087s)
2026-04-04 09:40:45,364 -   [Inner 110.6] cost=865.00 no_imp=10/20 (còn 1087s)
2026-04-04 09:40:45,467 -   [Inner 110.7] cost=865.00 no_imp=12/20 (còn 1087s)
2026-04-04 09:40:45,570 -   [Inner 110.8] cost=865.00 no_imp=14/20 (còn 1087s)
2026-04-04 09:40:45,673 -   [Inner 110.9] cost=865.00 no_imp=16/20 (còn 1086s)
2026-04-04 09:40:45,775 -   [Inner 110.10] cost=865.00 no_imp=18/20 (còn 1086s)
2026-04-04 09:40:45,877 -   [Outer 110] Chạy Pairwise MaxSAT...
2026-04-04 09:40:45,878 -   [Outer] Không cải thiện (streak=109)
2026-04-04 09:40:45,878 - === OUTER 111 | cost=865.00 no_imp_streak=109 (còn 1086s) ===
2026-04-04 09:40:45,878 -   [Inner 111.1] cost=865.00 no_imp=0/20 (còn 1086s)
2026-04-04 09:40:45,980 -   [Inner 111.2] cost=865.00 no_imp=2/20 (còn 1086s)
2026-04-04 09:40:46,082 -   [Inner 111.3] cost=865.00 no_imp=4/20 (còn 1086s)
2026-04-04 09:40:46,185 -   [Inner 111.4] cost=865.00 no_imp=6/20 (còn 1086s)
2026-04-04 09:40:46,287 -   [Inner 111.5] cost=865.00 no_imp=8/20 (còn 1086s)
2026-04-04 09:40:46,389 -   [Inner 111.6] cost=865.00 no_imp=10/20 (còn 1086s)
2026-04-04 09:40:46,491 -   [Inner 111.7] cost=865.00 no_imp=12/20 (còn 1086s)
2026-04-04 09:40:46,593 -   [Inner 111.8] cost=865.00 no_imp=14/20 (còn 1085s)
2026-04-04 09:40:46,695 -   [Inner 111.9] cost=865.00 no_imp=16/20 (còn 1085s)
2026-04-04 09:40:46,798 -   [Inner 111.10] cost=865.00 no_imp=18/20 (còn 1085s)
2026-04-04 09:40:46,899 -   [Outer 111] Chạy Pairwise MaxSAT...
2026-04-04 09:40:46,899 -   [Outer] Không cải thiện (streak=110)
2026-04-04 09:40:46,899 - === OUTER 112 | cost=865.00 no_imp_streak=110 (còn 1085s) ===
2026-04-04 09:40:46,899 -   [Inner 112.1] cost=865.00 no_imp=0/20 (còn 1085s)
2026-04-04 09:40:47,004 -   [Inner 112.2] cost=865.00 no_imp=2/20 (còn 1085s)
2026-04-04 09:40:47,105 -   [Inner 112.3] cost=865.00 no_imp=4/20 (còn 1085s)
2026-04-04 09:40:47,207 -   [Inner 112.4] cost=865.00 no_imp=6/20 (còn 1085s)
2026-04-04 09:40:47,309 -   [Inner 112.5] cost=865.00 no_imp=8/20 (còn 1085s)
2026-04-04 09:40:47,412 -   [Inner 112.6] cost=865.00 no_imp=10/20 (còn 1085s)
2026-04-04 09:40:47,513 -   [Inner 112.7] cost=865.00 no_imp=12/20 (còn 1085s)
2026-04-04 09:40:47,615 -   [Inner 112.8] cost=865.00 no_imp=14/20 (còn 1084s)
2026-04-04 09:40:47,718 -   [Inner 112.9] cost=865.00 no_imp=16/20 (còn 1084s)
2026-04-04 09:40:47,820 -   [Inner 112.10] cost=865.00 no_imp=18/20 (còn 1084s)
2026-04-04 09:40:47,922 -   [Outer 112] Chạy Pairwise MaxSAT...
2026-04-04 09:40:47,923 -   [Outer] Không cải thiện (streak=111)
2026-04-04 09:40:47,923 - === OUTER 113 | cost=865.00 no_imp_streak=111 (còn 1084s) ===
2026-04-04 09:40:47,923 -   [Inner 113.1] cost=865.00 no_imp=0/20 (còn 1084s)
2026-04-04 09:40:48,025 -   [Inner 113.2] cost=865.00 no_imp=2/20 (còn 1084s)
2026-04-04 09:40:48,127 -   [Inner 113.3] cost=865.00 no_imp=4/20 (còn 1084s)
2026-04-04 09:40:48,230 -   [Inner 113.4] cost=865.00 no_imp=6/20 (còn 1084s)
2026-04-04 09:40:48,332 -   [Inner 113.5] cost=865.00 no_imp=8/20 (còn 1084s)
2026-04-04 09:40:48,435 -   [Inner 113.6] cost=865.00 no_imp=10/20 (còn 1084s)
2026-04-04 09:40:48,538 -   [Inner 113.7] cost=865.00 no_imp=12/20 (còn 1084s)
2026-04-04 09:40:48,641 -   [Inner 113.8] cost=865.00 no_imp=14/20 (còn 1083s)
2026-04-04 09:40:48,744 -   [Inner 113.9] cost=865.00 no_imp=16/20 (còn 1083s)
2026-04-04 09:40:48,846 -   [Inner 113.10] cost=865.00 no_imp=18/20 (còn 1083s)
2026-04-04 09:40:48,948 -   [Outer 113] Chạy Pairwise MaxSAT...
2026-04-04 09:40:48,949 -   [Outer] Không cải thiện (streak=112)
2026-04-04 09:40:48,949 - === OUTER 114 | cost=865.00 no_imp_streak=112 (còn 1083s) ===
2026-04-04 09:40:48,949 -   [Inner 114.1] cost=865.00 no_imp=0/20 (còn 1083s)
2026-04-04 09:40:49,055 -   [Inner 114.2] cost=865.00 no_imp=2/20 (còn 1083s)
2026-04-04 09:40:49,158 -   [Inner 114.3] cost=865.00 no_imp=4/20 (còn 1083s)
2026-04-04 09:40:49,260 -   [Inner 114.4] cost=865.00 no_imp=6/20 (còn 1083s)
2026-04-04 09:40:49,362 -   [Inner 114.5] cost=865.00 no_imp=8/20 (còn 1083s)
2026-04-04 09:40:49,465 -   [Inner 114.6] cost=865.00 no_imp=10/20 (còn 1083s)
2026-04-04 09:40:49,567 -   [Inner 114.7] cost=865.00 no_imp=12/20 (còn 1083s)
2026-04-04 09:40:49,669 -   [Inner 114.8] cost=865.00 no_imp=14/20 (còn 1082s)
2026-04-04 09:40:49,773 -   [Inner 114.9] cost=865.00 no_imp=16/20 (còn 1082s)
2026-04-04 09:40:49,875 -   [Inner 114.10] cost=865.00 no_imp=18/20 (còn 1082s)
2026-04-04 09:40:49,978 -   [Outer 114] Chạy Pairwise MaxSAT...
2026-04-04 09:40:49,979 -   [Outer] Không cải thiện (streak=113)
2026-04-04 09:40:49,979 - === OUTER 115 | cost=865.00 no_imp_streak=113 (còn 1082s) ===
2026-04-04 09:40:49,979 -   [Inner 115.1] cost=865.00 no_imp=0/20 (còn 1082s)
2026-04-04 09:40:50,082 -   [Inner 115.2] cost=865.00 no_imp=2/20 (còn 1082s)
2026-04-04 09:40:50,185 -   [Inner 115.3] cost=865.00 no_imp=4/20 (còn 1082s)
2026-04-04 09:40:50,288 -   [Inner 115.4] cost=865.00 no_imp=6/20 (còn 1082s)
2026-04-04 09:40:50,391 -   [Inner 115.5] cost=865.00 no_imp=8/20 (còn 1082s)
2026-04-04 09:40:50,493 -   [Inner 115.6] cost=865.00 no_imp=10/20 (còn 1082s)
2026-04-04 09:40:50,595 -   [Inner 115.7] cost=865.00 no_imp=12/20 (còn 1081s)
2026-04-04 09:40:50,697 -   [Inner 115.8] cost=865.00 no_imp=14/20 (còn 1081s)
2026-04-04 09:40:50,800 -   [Inner 115.9] cost=865.00 no_imp=16/20 (còn 1081s)
2026-04-04 09:40:50,901 -   [Inner 115.10] cost=865.00 no_imp=18/20 (còn 1081s)
2026-04-04 09:40:51,004 -   [Outer 115] Chạy Pairwise MaxSAT...
2026-04-04 09:40:51,005 -   [Outer] Không cải thiện (streak=114)
2026-04-04 09:40:51,005 - === OUTER 116 | cost=865.00 no_imp_streak=114 (còn 1081s) ===
2026-04-04 09:40:51,005 -   [Inner 116.1] cost=865.00 no_imp=0/20 (còn 1081s)
2026-04-04 09:40:51,109 -   [Inner 116.2] cost=865.00 no_imp=2/20 (còn 1081s)
2026-04-04 09:40:51,211 -   [Inner 116.3] cost=865.00 no_imp=4/20 (còn 1081s)
2026-04-04 09:40:51,315 -   [Inner 116.4] cost=865.00 no_imp=6/20 (còn 1081s)
2026-04-04 09:40:51,418 -   [Inner 116.5] cost=865.00 no_imp=8/20 (còn 1081s)
2026-04-04 09:40:51,521 -   [Inner 116.6] cost=865.00 no_imp=10/20 (còn 1081s)
2026-04-04 09:40:51,623 -   [Inner 116.7] cost=865.00 no_imp=12/20 (còn 1080s)
2026-04-04 09:40:51,725 -   [Inner 116.8] cost=865.00 no_imp=14/20 (còn 1080s)
2026-04-04 09:40:51,828 -   [Inner 116.9] cost=865.00 no_imp=16/20 (còn 1080s)
2026-04-04 09:40:51,930 -   [Inner 116.10] cost=865.00 no_imp=18/20 (còn 1080s)
2026-04-04 09:40:52,033 -   [Outer 116] Chạy Pairwise MaxSAT...
2026-04-04 09:40:52,033 -   [Outer] Không cải thiện (streak=115)
2026-04-04 09:40:52,033 - === OUTER 117 | cost=865.00 no_imp_streak=115 (còn 1080s) ===
2026-04-04 09:40:52,033 -   [Inner 117.1] cost=865.00 no_imp=0/20 (còn 1080s)
2026-04-04 09:40:52,136 -   [Inner 117.2] cost=865.00 no_imp=2/20 (còn 1080s)
2026-04-04 09:40:52,239 -   [Inner 117.3] cost=865.00 no_imp=4/20 (còn 1080s)
2026-04-04 09:40:52,342 -   [Inner 117.4] cost=865.00 no_imp=6/20 (còn 1080s)
2026-04-04 09:40:52,444 -   [Inner 117.5] cost=865.00 no_imp=8/20 (còn 1080s)
2026-04-04 09:40:52,546 -   [Inner 117.6] cost=865.00 no_imp=10/20 (còn 1080s)
2026-04-04 09:40:52,648 -   [Inner 117.7] cost=865.00 no_imp=12/20 (còn 1079s)
2026-04-04 09:40:52,751 -   [Inner 117.8] cost=865.00 no_imp=14/20 (còn 1079s)
2026-04-04 09:40:52,854 -   [Inner 117.9] cost=865.00 no_imp=16/20 (còn 1079s)
2026-04-04 09:40:52,955 -   [Inner 117.10] cost=865.00 no_imp=18/20 (còn 1079s)
2026-04-04 09:40:53,059 -   [Outer 117] Chạy Pairwise MaxSAT...
2026-04-04 09:40:53,060 -   [Outer] Không cải thiện (streak=116)
2026-04-04 09:40:53,060 - === OUTER 118 | cost=865.00 no_imp_streak=116 (còn 1079s) ===
2026-04-04 09:40:53,060 -   [Inner 118.1] cost=865.00 no_imp=0/20 (còn 1079s)
2026-04-04 09:40:53,162 -   [Inner 118.2] cost=865.00 no_imp=2/20 (còn 1079s)
2026-04-04 09:40:53,265 -   [Inner 118.3] cost=865.00 no_imp=4/20 (còn 1079s)
2026-04-04 09:40:53,369 -   [Inner 118.4] cost=865.00 no_imp=6/20 (còn 1079s)
2026-04-04 09:40:53,471 -   [Inner 118.5] cost=865.00 no_imp=8/20 (còn 1079s)
2026-04-04 09:40:53,574 -   [Inner 118.6] cost=865.00 no_imp=10/20 (còn 1079s)
2026-04-04 09:40:53,676 -   [Inner 118.7] cost=865.00 no_imp=12/20 (còn 1078s)
2026-04-04 09:40:53,779 -   [Inner 118.8] cost=865.00 no_imp=14/20 (còn 1078s)
2026-04-04 09:40:53,881 -   [Inner 118.9] cost=865.00 no_imp=16/20 (còn 1078s)
2026-04-04 09:40:53,984 -   [Inner 118.10] cost=865.00 no_imp=18/20 (còn 1078s)
2026-04-04 09:40:54,087 -   [Outer 118] Chạy Pairwise MaxSAT...
2026-04-04 09:40:54,088 -   [Outer] Không cải thiện (streak=117)
2026-04-04 09:40:54,088 - === OUTER 119 | cost=865.00 no_imp_streak=117 (còn 1078s) ===
2026-04-04 09:40:54,088 -   [Inner 119.1] cost=865.00 no_imp=0/20 (còn 1078s)
2026-04-04 09:40:54,190 -   [Inner 119.2] cost=865.00 no_imp=2/20 (còn 1078s)
2026-04-04 09:40:54,294 -   [Inner 119.3] cost=865.00 no_imp=4/20 (còn 1078s)
2026-04-04 09:40:54,395 -   [Inner 119.4] cost=865.00 no_imp=6/20 (còn 1078s)
2026-04-04 09:40:54,497 -   [Inner 119.5] cost=865.00 no_imp=8/20 (còn 1078s)
2026-04-04 09:40:54,601 -   [Inner 119.6] cost=865.00 no_imp=10/20 (còn 1077s)
2026-04-04 09:40:54,705 -   [Inner 119.7] cost=865.00 no_imp=12/20 (còn 1077s)
2026-04-04 09:40:54,807 -   [Inner 119.8] cost=865.00 no_imp=14/20 (còn 1077s)
2026-04-04 09:40:54,909 -   [Inner 119.9] cost=865.00 no_imp=16/20 (còn 1077s)
2026-04-04 09:40:55,012 -   [Inner 119.10] cost=865.00 no_imp=18/20 (còn 1077s)
2026-04-04 09:40:55,117 -   [Outer 119] Chạy Pairwise MaxSAT...
2026-04-04 09:40:55,117 -   [Outer] Không cải thiện (streak=118)
2026-04-04 09:40:55,118 - === OUTER 120 | cost=865.00 no_imp_streak=118 (còn 1077s) ===
2026-04-04 09:40:55,118 -   [Inner 120.1] cost=865.00 no_imp=0/20 (còn 1077s)
2026-04-04 09:40:55,220 -   [Inner 120.2] cost=865.00 no_imp=2/20 (còn 1077s)
2026-04-04 09:40:55,324 -   [Inner 120.3] cost=865.00 no_imp=4/20 (còn 1077s)
2026-04-04 09:40:55,425 -   [Inner 120.4] cost=865.00 no_imp=6/20 (còn 1077s)
2026-04-04 09:40:55,527 -   [Inner 120.5] cost=865.00 no_imp=8/20 (còn 1077s)
2026-04-04 09:40:55,629 -   [Inner 120.6] cost=865.00 no_imp=10/20 (còn 1076s)
2026-04-04 09:40:55,731 -   [Inner 120.7] cost=865.00 no_imp=12/20 (còn 1076s)
2026-04-04 09:40:55,833 -   [Inner 120.8] cost=865.00 no_imp=14/20 (còn 1076s)
2026-04-04 09:40:55,934 -   [Inner 120.9] cost=865.00 no_imp=16/20 (còn 1076s)
2026-04-04 09:40:56,038 -   [Inner 120.10] cost=865.00 no_imp=18/20 (còn 1076s)
2026-04-04 09:40:56,140 -   [Outer 120] Chạy Pairwise MaxSAT...
2026-04-04 09:40:56,140 -   [Outer] Không cải thiện (streak=119)
2026-04-04 09:40:56,140 - === OUTER 121 | cost=865.00 no_imp_streak=119 (còn 1076s) ===
2026-04-04 09:40:56,140 -   [Inner 121.1] cost=865.00 no_imp=0/20 (còn 1076s)
2026-04-04 09:40:56,248 -   [Inner 121.2] cost=865.00 no_imp=2/20 (còn 1076s)
2026-04-04 09:40:56,351 -   [Inner 121.3] cost=865.00 no_imp=4/20 (còn 1076s)
2026-04-04 09:40:56,454 -   [Inner 121.4] cost=865.00 no_imp=6/20 (còn 1076s)
2026-04-04 09:40:56,557 -   [Inner 121.5] cost=865.00 no_imp=8/20 (còn 1076s)
2026-04-04 09:40:56,660 -   [Inner 121.6] cost=865.00 no_imp=10/20 (còn 1075s)
2026-04-04 09:40:56,762 -   [Inner 121.7] cost=865.00 no_imp=12/20 (còn 1075s)
2026-04-04 09:40:56,864 -   [Inner 121.8] cost=865.00 no_imp=14/20 (còn 1075s)
2026-04-04 09:40:56,966 -   [Inner 121.9] cost=865.00 no_imp=16/20 (còn 1075s)
2026-04-04 09:40:57,069 -   [Inner 121.10] cost=865.00 no_imp=18/20 (còn 1075s)
2026-04-04 09:40:57,173 -   [Outer 121] Chạy Pairwise MaxSAT...
2026-04-04 09:40:57,174 -   [Outer] Không cải thiện (streak=120)
2026-04-04 09:40:57,174 - === OUTER 122 | cost=865.00 no_imp_streak=120 (còn 1075s) ===
2026-04-04 09:40:57,174 -   [Inner 122.1] cost=865.00 no_imp=0/20 (còn 1075s)
2026-04-04 09:40:57,277 -   [Inner 122.2] cost=865.00 no_imp=2/20 (còn 1075s)
2026-04-04 09:40:57,379 -   [Inner 122.3] cost=865.00 no_imp=4/20 (còn 1075s)
2026-04-04 09:40:57,481 -   [Inner 122.4] cost=865.00 no_imp=6/20 (còn 1075s)
2026-04-04 09:40:57,602 -   [Inner 122.5] cost=865.00 no_imp=8/20 (còn 1074s)
2026-04-04 09:40:57,705 -   [Inner 122.6] cost=865.00 no_imp=10/20 (còn 1074s)
2026-04-04 09:40:57,808 -   [Inner 122.7] cost=865.00 no_imp=12/20 (còn 1074s)
2026-04-04 09:40:57,911 -   [Inner 122.8] cost=865.00 no_imp=14/20 (còn 1074s)
2026-04-04 09:40:58,014 -   [Inner 122.9] cost=865.00 no_imp=16/20 (còn 1074s)
2026-04-04 09:40:58,116 -   [Inner 122.10] cost=865.00 no_imp=18/20 (còn 1074s)
2026-04-04 09:40:58,219 -   [Outer 122] Chạy Pairwise MaxSAT...
2026-04-04 09:40:58,219 -   [Outer] Không cải thiện (streak=121)
2026-04-04 09:40:58,219 - === OUTER 123 | cost=865.00 no_imp_streak=121 (còn 1074s) ===
2026-04-04 09:40:58,219 -   [Inner 123.1] cost=865.00 no_imp=0/20 (còn 1074s)
2026-04-04 09:40:58,322 -   [Inner 123.2] cost=865.00 no_imp=2/20 (còn 1074s)
2026-04-04 09:40:58,424 -   [Inner 123.3] cost=865.00 no_imp=4/20 (còn 1074s)
2026-04-04 09:40:58,526 -   [Inner 123.4] cost=865.00 no_imp=6/20 (còn 1074s)
2026-04-04 09:40:58,628 -   [Inner 123.5] cost=865.00 no_imp=8/20 (còn 1073s)
2026-04-04 09:40:58,731 -   [Inner 123.6] cost=865.00 no_imp=10/20 (còn 1073s)
2026-04-04 09:40:58,834 -   [Inner 123.7] cost=865.00 no_imp=12/20 (còn 1073s)
2026-04-04 09:40:58,937 -   [Inner 123.8] cost=865.00 no_imp=14/20 (còn 1073s)
2026-04-04 09:40:59,038 -   [Inner 123.9] cost=865.00 no_imp=16/20 (còn 1073s)
2026-04-04 09:40:59,141 -   [Inner 123.10] cost=865.00 no_imp=18/20 (còn 1073s)
2026-04-04 09:40:59,245 -   [Outer 123] Chạy Pairwise MaxSAT...
2026-04-04 09:40:59,246 -   [Outer] Không cải thiện (streak=122)
2026-04-04 09:40:59,246 - === OUTER 124 | cost=865.00 no_imp_streak=122 (còn 1073s) ===
2026-04-04 09:40:59,246 -   [Inner 124.1] cost=865.00 no_imp=0/20 (còn 1073s)
2026-04-04 09:40:59,349 -   [Inner 124.2] cost=865.00 no_imp=2/20 (còn 1073s)
2026-04-04 09:40:59,452 -   [Inner 124.3] cost=865.00 no_imp=4/20 (còn 1073s)
2026-04-04 09:40:59,554 -   [Inner 124.4] cost=865.00 no_imp=6/20 (còn 1073s)
2026-04-04 09:40:59,656 -   [Inner 124.5] cost=865.00 no_imp=8/20 (còn 1072s)
2026-04-04 09:40:59,759 -   [Inner 124.6] cost=865.00 no_imp=10/20 (còn 1072s)
2026-04-04 09:40:59,862 -   [Inner 124.7] cost=865.00 no_imp=12/20 (còn 1072s)
2026-04-04 09:40:59,964 -   [Inner 124.8] cost=865.00 no_imp=14/20 (còn 1072s)
2026-04-04 09:41:00,070 -   [Inner 124.9] cost=865.00 no_imp=16/20 (còn 1072s)
2026-04-04 09:41:00,173 -   [Inner 124.10] cost=865.00 no_imp=18/20 (còn 1072s)
2026-04-04 09:41:00,276 -   [Outer 124] Chạy Pairwise MaxSAT...
2026-04-04 09:41:00,277 -   [Outer] Không cải thiện (streak=123)
2026-04-04 09:41:00,277 - === OUTER 125 | cost=865.00 no_imp_streak=123 (còn 1072s) ===
2026-04-04 09:41:00,277 -   [Inner 125.1] cost=865.00 no_imp=0/20 (còn 1072s)
2026-04-04 09:41:00,379 -   [Inner 125.2] cost=865.00 no_imp=2/20 (còn 1072s)
2026-04-04 09:41:00,480 -   [Inner 125.3] cost=865.00 no_imp=4/20 (còn 1072s)
2026-04-04 09:41:00,583 -   [Inner 125.4] cost=865.00 no_imp=6/20 (còn 1072s)
2026-04-04 09:41:00,685 -   [Inner 125.5] cost=865.00 no_imp=8/20 (còn 1071s)
2026-04-04 09:41:00,788 -   [Inner 125.6] cost=865.00 no_imp=10/20 (còn 1071s)
2026-04-04 09:41:00,890 -   [Inner 125.7] cost=865.00 no_imp=12/20 (còn 1071s)
2026-04-04 09:41:00,992 -   [Inner 125.8] cost=865.00 no_imp=14/20 (còn 1071s)
2026-04-04 09:41:01,094 -   [Inner 125.9] cost=865.00 no_imp=16/20 (còn 1071s)
2026-04-04 09:41:01,199 -   [Inner 125.10] cost=865.00 no_imp=18/20 (còn 1071s)
2026-04-04 09:41:01,302 -   [Outer 125] Chạy Pairwise MaxSAT...
2026-04-04 09:41:01,303 -   [Outer] Không cải thiện (streak=124)
2026-04-04 09:41:01,303 - === OUTER 126 | cost=865.00 no_imp_streak=124 (còn 1071s) ===
2026-04-04 09:41:01,303 -   [Inner 126.1] cost=865.00 no_imp=0/20 (còn 1071s)
2026-04-04 09:41:01,405 -   [Inner 126.2] cost=865.00 no_imp=2/20 (còn 1071s)
2026-04-04 09:41:01,507 -   [Inner 126.3] cost=865.00 no_imp=4/20 (còn 1071s)
2026-04-04 09:41:01,610 -   [Inner 126.4] cost=865.00 no_imp=6/20 (còn 1070s)
2026-04-04 09:41:01,713 -   [Inner 126.5] cost=865.00 no_imp=8/20 (còn 1070s)
2026-04-04 09:41:01,819 -   [Inner 126.6] cost=865.00 no_imp=10/20 (còn 1070s)
2026-04-04 09:41:01,922 -   [Inner 126.7] cost=865.00 no_imp=12/20 (còn 1070s)
2026-04-04 09:41:02,025 -   [Inner 126.8] cost=865.00 no_imp=14/20 (còn 1070s)
2026-04-04 09:41:02,127 -   [Inner 126.9] cost=865.00 no_imp=16/20 (còn 1070s)
2026-04-04 09:41:02,230 -   [Inner 126.10] cost=865.00 no_imp=18/20 (còn 1070s)
2026-04-04 09:41:02,332 -   [Outer 126] Chạy Pairwise MaxSAT...
2026-04-04 09:41:02,333 -   [Outer] Không cải thiện (streak=125)
2026-04-04 09:41:02,333 - === OUTER 127 | cost=865.00 no_imp_streak=125 (còn 1070s) ===
2026-04-04 09:41:02,333 -   [Inner 127.1] cost=865.00 no_imp=0/20 (còn 1070s)
2026-04-04 09:41:02,435 -   [Inner 127.2] cost=865.00 no_imp=2/20 (còn 1070s)
2026-04-04 09:41:02,537 -   [Inner 127.3] cost=865.00 no_imp=4/20 (còn 1070s)
2026-04-04 09:41:02,639 -   [Inner 127.4] cost=865.00 no_imp=6/20 (còn 1069s)
2026-04-04 09:41:02,743 -   [Inner 127.5] cost=865.00 no_imp=8/20 (còn 1069s)
2026-04-04 09:41:02,845 -   [Inner 127.6] cost=865.00 no_imp=10/20 (còn 1069s)
2026-04-04 09:41:02,947 -   [Inner 127.7] cost=865.00 no_imp=12/20 (còn 1069s)
2026-04-04 09:41:03,050 -   [Inner 127.8] cost=865.00 no_imp=14/20 (còn 1069s)
2026-04-04 09:41:03,153 -   [Inner 127.9] cost=865.00 no_imp=16/20 (còn 1069s)
2026-04-04 09:41:03,257 -   [Inner 127.10] cost=865.00 no_imp=18/20 (còn 1069s)
2026-04-04 09:41:03,360 -   [Outer 127] Chạy Pairwise MaxSAT...
2026-04-04 09:41:03,360 -   [Outer] Không cải thiện (streak=126)
2026-04-04 09:41:03,360 - === OUTER 128 | cost=865.00 no_imp_streak=126 (còn 1069s) ===
2026-04-04 09:41:03,361 -   [Inner 128.1] cost=865.00 no_imp=0/20 (còn 1069s)
2026-04-04 09:41:03,463 -   [Inner 128.2] cost=865.00 no_imp=2/20 (còn 1069s)
2026-04-04 09:41:03,566 -   [Inner 128.3] cost=865.00 no_imp=4/20 (còn 1069s)
2026-04-04 09:41:03,667 -   [Inner 128.4] cost=865.00 no_imp=6/20 (còn 1068s)
2026-04-04 09:41:03,771 -   [Inner 128.5] cost=865.00 no_imp=8/20 (còn 1068s)
2026-04-04 09:41:03,874 -   [Inner 128.6] cost=865.00 no_imp=10/20 (còn 1068s)
2026-04-04 09:41:03,975 -   [Inner 128.7] cost=865.00 no_imp=12/20 (còn 1068s)
2026-04-04 09:41:04,076 -   [Inner 128.8] cost=865.00 no_imp=14/20 (còn 1068s)
2026-04-04 09:41:04,179 -   [Inner 128.9] cost=865.00 no_imp=16/20 (còn 1068s)
2026-04-04 09:41:04,282 -   [Inner 128.10] cost=865.00 no_imp=18/20 (còn 1068s)
2026-04-04 09:41:04,384 -   [Outer 128] Chạy Pairwise MaxSAT...
2026-04-04 09:41:04,384 -   [Outer] Không cải thiện (streak=127)
2026-04-04 09:41:04,384 - === OUTER 129 | cost=865.00 no_imp_streak=127 (còn 1068s) ===
2026-04-04 09:41:04,384 -   [Inner 129.1] cost=865.00 no_imp=0/20 (còn 1068s)
2026-04-04 09:41:04,487 -   [Inner 129.2] cost=865.00 no_imp=2/20 (còn 1068s)
2026-04-04 09:41:04,589 -   [Inner 129.3] cost=865.00 no_imp=4/20 (còn 1067s)
2026-04-04 09:41:04,692 -   [Inner 129.4] cost=865.00 no_imp=6/20 (còn 1067s)
2026-04-04 09:41:04,795 -   [Inner 129.5] cost=865.00 no_imp=8/20 (còn 1067s)
2026-04-04 09:41:04,898 -   [Inner 129.6] cost=865.00 no_imp=10/20 (còn 1067s)
2026-04-04 09:41:05,000 -   [Inner 129.7] cost=865.00 no_imp=12/20 (còn 1067s)
2026-04-04 09:41:05,102 -   [Inner 129.8] cost=865.00 no_imp=14/20 (còn 1067s)
2026-04-04 09:41:05,206 -   [Inner 129.9] cost=865.00 no_imp=16/20 (còn 1067s)
2026-04-04 09:41:05,312 -   [Inner 129.10] cost=865.00 no_imp=18/20 (còn 1067s)
2026-04-04 09:41:05,414 -   [Outer 129] Chạy Pairwise MaxSAT...
2026-04-04 09:41:05,415 -   [Outer] Không cải thiện (streak=128)
2026-04-04 09:41:05,415 - === OUTER 130 | cost=865.00 no_imp_streak=128 (còn 1067s) ===
2026-04-04 09:41:05,415 -   [Inner 130.1] cost=865.00 no_imp=0/20 (còn 1067s)
2026-04-04 09:41:05,516 -   [Inner 130.2] cost=865.00 no_imp=2/20 (còn 1067s)
2026-04-04 09:41:05,618 -   [Inner 130.3] cost=865.00 no_imp=4/20 (còn 1066s)
2026-04-04 09:41:05,720 -   [Inner 130.4] cost=865.00 no_imp=6/20 (còn 1066s)
2026-04-04 09:41:05,822 -   [Inner 130.5] cost=865.00 no_imp=8/20 (còn 1066s)
2026-04-04 09:41:05,926 -   [Inner 130.6] cost=865.00 no_imp=10/20 (còn 1066s)
2026-04-04 09:41:06,029 -   [Inner 130.7] cost=865.00 no_imp=12/20 (còn 1066s)
2026-04-04 09:41:06,130 -   [Inner 130.8] cost=865.00 no_imp=14/20 (còn 1066s)
2026-04-04 09:41:06,233 -   [Inner 130.9] cost=865.00 no_imp=16/20 (còn 1066s)
2026-04-04 09:41:06,336 -   [Inner 130.10] cost=865.00 no_imp=18/20 (còn 1066s)
2026-04-04 09:41:06,438 -   [Outer 130] Chạy Pairwise MaxSAT...
2026-04-04 09:41:06,438 -   [Outer] Không cải thiện (streak=129)
2026-04-04 09:41:06,438 - === OUTER 131 | cost=865.00 no_imp_streak=129 (còn 1066s) ===
2026-04-04 09:41:06,438 -   [Inner 131.1] cost=865.00 no_imp=0/20 (còn 1066s)
2026-04-04 09:41:06,541 -   [Inner 131.2] cost=865.00 no_imp=2/20 (còn 1066s)
2026-04-04 09:41:06,642 -   [Inner 131.3] cost=865.00 no_imp=4/20 (còn 1065s)
2026-04-04 09:41:06,744 -   [Inner 131.4] cost=865.00 no_imp=6/20 (còn 1065s)
2026-04-04 09:41:06,847 -   [Inner 131.5] cost=865.00 no_imp=8/20 (còn 1065s)
2026-04-04 09:41:06,950 -   [Inner 131.6] cost=865.00 no_imp=10/20 (còn 1065s)
2026-04-04 09:41:07,053 -   [Inner 131.7] cost=865.00 no_imp=12/20 (còn 1065s)
2026-04-04 09:41:07,156 -   [Inner 131.8] cost=865.00 no_imp=14/20 (còn 1065s)
2026-04-04 09:41:07,261 -   [Inner 131.9] cost=865.00 no_imp=16/20 (còn 1065s)
2026-04-04 09:41:07,363 -   [Inner 131.10] cost=865.00 no_imp=18/20 (còn 1065s)
2026-04-04 09:41:07,465 -   [Outer 131] Chạy Pairwise MaxSAT...
2026-04-04 09:41:07,465 -   [Outer] Không cải thiện (streak=130)
2026-04-04 09:41:07,465 - === OUTER 132 | cost=865.00 no_imp_streak=130 (còn 1065s) ===
2026-04-04 09:41:07,465 -   [Inner 132.1] cost=865.00 no_imp=0/20 (còn 1065s)
2026-04-04 09:41:07,567 -   [Inner 132.2] cost=865.00 no_imp=2/20 (còn 1065s)
2026-04-04 09:41:07,670 -   [Inner 132.3] cost=865.00 no_imp=4/20 (còn 1064s)
2026-04-04 09:41:07,773 -   [Inner 132.4] cost=865.00 no_imp=6/20 (còn 1064s)
2026-04-04 09:41:07,875 -   [Inner 132.5] cost=865.00 no_imp=8/20 (còn 1064s)
2026-04-04 09:41:07,978 -   [Inner 132.6] cost=865.00 no_imp=10/20 (còn 1064s)
2026-04-04 09:41:08,080 -   [Inner 132.7] cost=865.00 no_imp=12/20 (còn 1064s)
2026-04-04 09:41:08,182 -   [Inner 132.8] cost=865.00 no_imp=14/20 (còn 1064s)
2026-04-04 09:41:08,285 -   [Inner 132.9] cost=865.00 no_imp=16/20 (còn 1064s)
2026-04-04 09:41:08,390 -   [Inner 132.10] cost=865.00 no_imp=18/20 (còn 1064s)
2026-04-04 09:41:08,492 -   [Outer 132] Chạy Pairwise MaxSAT...
2026-04-04 09:41:08,493 -   [Outer] Không cải thiện (streak=131)
2026-04-04 09:41:08,493 - === OUTER 133 | cost=865.00 no_imp_streak=131 (còn 1064s) ===
2026-04-04 09:41:08,493 -   [Inner 133.1] cost=865.00 no_imp=0/20 (còn 1064s)
2026-04-04 09:41:08,594 -   [Inner 133.2] cost=865.00 no_imp=2/20 (còn 1063s)
2026-04-04 09:41:08,696 -   [Inner 133.3] cost=865.00 no_imp=4/20 (còn 1063s)
2026-04-04 09:41:08,798 -   [Inner 133.4] cost=865.00 no_imp=6/20 (còn 1063s)
2026-04-04 09:41:08,900 -   [Inner 133.5] cost=865.00 no_imp=8/20 (còn 1063s)
2026-04-04 09:41:09,004 -   [Inner 133.6] cost=865.00 no_imp=10/20 (còn 1063s)
2026-04-04 09:41:09,106 -   [Inner 133.7] cost=865.00 no_imp=12/20 (còn 1063s)
2026-04-04 09:41:09,208 -   [Inner 133.8] cost=865.00 no_imp=14/20 (còn 1063s)
2026-04-04 09:41:09,314 -   [Inner 133.9] cost=865.00 no_imp=16/20 (còn 1063s)
2026-04-04 09:41:09,416 -   [Inner 133.10] cost=865.00 no_imp=18/20 (còn 1063s)
2026-04-04 09:41:09,518 -   [Outer 133] Chạy Pairwise MaxSAT...
2026-04-04 09:41:09,519 -   [Outer] Không cải thiện (streak=132)
2026-04-04 09:41:09,519 - === OUTER 134 | cost=865.00 no_imp_streak=132 (còn 1063s) ===
2026-04-04 09:41:09,519 -   [Inner 134.1] cost=865.00 no_imp=0/20 (còn 1063s)
2026-04-04 09:41:09,622 -   [Inner 134.2] cost=865.00 no_imp=2/20 (còn 1062s)
2026-04-04 09:41:09,724 -   [Inner 134.3] cost=865.00 no_imp=4/20 (còn 1062s)
2026-04-04 09:41:09,827 -   [Inner 134.4] cost=865.00 no_imp=6/20 (còn 1062s)
2026-04-04 09:41:09,929 -   [Inner 134.5] cost=865.00 no_imp=8/20 (còn 1062s)
2026-04-04 09:41:10,032 -   [Inner 134.6] cost=865.00 no_imp=10/20 (còn 1062s)
2026-04-04 09:41:10,134 -   [Inner 134.7] cost=865.00 no_imp=12/20 (còn 1062s)
2026-04-04 09:41:10,236 -   [Inner 134.8] cost=865.00 no_imp=14/20 (còn 1062s)
2026-04-04 09:41:10,340 -   [Inner 134.9] cost=865.00 no_imp=16/20 (còn 1062s)
2026-04-04 09:41:10,442 -   [Inner 134.10] cost=865.00 no_imp=18/20 (còn 1062s)
2026-04-04 09:41:10,543 -   [Outer 134] Chạy Pairwise MaxSAT...
2026-04-04 09:41:10,544 -   [Outer] Không cải thiện (streak=133)
2026-04-04 09:41:10,544 - === OUTER 135 | cost=865.00 no_imp_streak=133 (còn 1062s) ===
2026-04-04 09:41:10,544 -   [Inner 135.1] cost=865.00 no_imp=0/20 (còn 1062s)
2026-04-04 09:41:10,646 -   [Inner 135.2] cost=865.00 no_imp=2/20 (còn 1061s)
2026-04-04 09:41:10,748 -   [Inner 135.3] cost=865.00 no_imp=4/20 (còn 1061s)
2026-04-04 09:41:10,851 -   [Inner 135.4] cost=865.00 no_imp=6/20 (còn 1061s)
2026-04-04 09:41:10,953 -   [Inner 135.5] cost=865.00 no_imp=8/20 (còn 1061s)
2026-04-04 09:41:11,055 -   [Inner 135.6] cost=865.00 no_imp=10/20 (còn 1061s)
2026-04-04 09:41:11,157 -   [Inner 135.7] cost=865.00 no_imp=12/20 (còn 1061s)
2026-04-04 09:41:11,259 -   [Inner 135.8] cost=865.00 no_imp=14/20 (còn 1061s)
2026-04-04 09:41:11,364 -   [Inner 135.9] cost=865.00 no_imp=16/20 (còn 1061s)
2026-04-04 09:41:11,467 -   [Inner 135.10] cost=865.00 no_imp=18/20 (còn 1061s)
2026-04-04 09:41:11,569 -   [Outer 135] Chạy Pairwise MaxSAT...
2026-04-04 09:41:11,569 -   [Outer] Không cải thiện (streak=134)
2026-04-04 09:41:11,569 - === OUTER 136 | cost=865.00 no_imp_streak=134 (còn 1061s) ===
2026-04-04 09:41:11,569 -   [Inner 136.1] cost=865.00 no_imp=0/20 (còn 1061s)
2026-04-04 09:41:11,671 -   [Inner 136.2] cost=865.00 no_imp=2/20 (còn 1060s)
2026-04-04 09:41:11,774 -   [Inner 136.3] cost=865.00 no_imp=4/20 (còn 1060s)
2026-04-04 09:41:11,876 -   [Inner 136.4] cost=865.00 no_imp=6/20 (còn 1060s)
2026-04-04 09:41:11,980 -   [Inner 136.5] cost=865.00 no_imp=8/20 (còn 1060s)
2026-04-04 09:41:12,083 -   [Inner 136.6] cost=865.00 no_imp=10/20 (còn 1060s)
2026-04-04 09:41:12,185 -   [Inner 136.7] cost=865.00 no_imp=12/20 (còn 1060s)
2026-04-04 09:41:12,288 -   [Inner 136.8] cost=865.00 no_imp=14/20 (còn 1060s)
2026-04-04 09:41:12,391 -   [Inner 136.9] cost=865.00 no_imp=16/20 (còn 1060s)
2026-04-04 09:41:12,493 -   [Inner 136.10] cost=865.00 no_imp=18/20 (còn 1060s)
2026-04-04 09:41:12,595 -   [Outer 136] Chạy Pairwise MaxSAT...
2026-04-04 09:41:12,595 -   [Outer] Không cải thiện (streak=135)
2026-04-04 09:41:12,595 - === OUTER 137 | cost=865.00 no_imp_streak=135 (còn 1059s) ===
2026-04-04 09:41:12,595 -   [Inner 137.1] cost=865.00 no_imp=0/20 (còn 1059s)
2026-04-04 09:41:12,696 -   [Inner 137.2] cost=865.00 no_imp=2/20 (còn 1059s)
2026-04-04 09:41:12,797 -   [Inner 137.3] cost=865.00 no_imp=4/20 (còn 1059s)
2026-04-04 09:41:12,899 -   [Inner 137.4] cost=865.00 no_imp=6/20 (còn 1059s)
2026-04-04 09:41:13,002 -   [Inner 137.5] cost=865.00 no_imp=8/20 (còn 1059s)
2026-04-04 09:41:13,104 -   [Inner 137.6] cost=865.00 no_imp=10/20 (còn 1059s)
2026-04-04 09:41:13,206 -   [Inner 137.7] cost=865.00 no_imp=12/20 (còn 1059s)
2026-04-04 09:41:13,310 -   [Inner 137.8] cost=865.00 no_imp=14/20 (còn 1059s)
2026-04-04 09:41:13,417 -   [Inner 137.9] cost=865.00 no_imp=16/20 (còn 1059s)
2026-04-04 09:41:13,518 -   [Inner 137.10] cost=865.00 no_imp=18/20 (còn 1059s)
2026-04-04 09:41:13,621 -   [Outer 137] Chạy Pairwise MaxSAT...
2026-04-04 09:41:13,621 -   [Outer] Không cải thiện (streak=136)
2026-04-04 09:41:13,621 - === OUTER 138 | cost=865.00 no_imp_streak=136 (còn 1058s) ===
2026-04-04 09:41:13,621 -   [Inner 138.1] cost=865.00 no_imp=0/20 (còn 1058s)
2026-04-04 09:41:13,723 -   [Inner 138.2] cost=865.00 no_imp=2/20 (còn 1058s)
2026-04-04 09:41:13,827 -   [Inner 138.3] cost=865.00 no_imp=4/20 (còn 1058s)
2026-04-04 09:41:13,930 -   [Inner 138.4] cost=865.00 no_imp=6/20 (còn 1058s)
2026-04-04 09:41:14,032 -   [Inner 138.5] cost=865.00 no_imp=8/20 (còn 1058s)
2026-04-04 09:41:14,135 -   [Inner 138.6] cost=865.00 no_imp=10/20 (còn 1058s)
2026-04-04 09:41:14,238 -   [Inner 138.7] cost=865.00 no_imp=12/20 (còn 1058s)
2026-04-04 09:41:14,341 -   [Inner 138.8] cost=865.00 no_imp=14/20 (còn 1058s)
2026-04-04 09:41:14,443 -   [Inner 138.9] cost=865.00 no_imp=16/20 (còn 1058s)
2026-04-04 09:41:14,546 -   [Inner 138.10] cost=865.00 no_imp=18/20 (còn 1058s)
2026-04-04 09:41:14,647 -   [Outer 138] Chạy Pairwise MaxSAT...
2026-04-04 09:41:14,648 -   [Outer] Không cải thiện (streak=137)
2026-04-04 09:41:14,648 - === OUTER 139 | cost=865.00 no_imp_streak=137 (còn 1057s) ===
2026-04-04 09:41:14,648 -   [Inner 139.1] cost=865.00 no_imp=0/20 (còn 1057s)
2026-04-04 09:41:14,750 -   [Inner 139.2] cost=865.00 no_imp=2/20 (còn 1057s)
2026-04-04 09:41:14,852 -   [Inner 139.3] cost=865.00 no_imp=4/20 (còn 1057s)
2026-04-04 09:41:14,955 -   [Inner 139.4] cost=865.00 no_imp=6/20 (còn 1057s)
2026-04-04 09:41:15,056 -   [Inner 139.5] cost=865.00 no_imp=8/20 (còn 1057s)
2026-04-04 09:41:15,158 -   [Inner 139.6] cost=865.00 no_imp=10/20 (còn 1057s)
2026-04-04 09:41:15,260 -   [Inner 139.7] cost=865.00 no_imp=12/20 (còn 1057s)
2026-04-04 09:41:15,364 -   [Inner 139.8] cost=865.00 no_imp=14/20 (còn 1057s)
2026-04-04 09:41:15,466 -   [Inner 139.9] cost=865.00 no_imp=16/20 (còn 1057s)
2026-04-04 09:41:15,568 -   [Inner 139.10] cost=865.00 no_imp=18/20 (còn 1057s)
2026-04-04 09:41:15,669 -   [Outer 139] Chạy Pairwise MaxSAT...
2026-04-04 09:41:15,670 -   [Outer] Không cải thiện (streak=138)
2026-04-04 09:41:15,670 - === OUTER 140 | cost=865.00 no_imp_streak=138 (còn 1056s) ===
2026-04-04 09:41:15,670 -   [Inner 140.1] cost=865.00 no_imp=0/20 (còn 1056s)
2026-04-04 09:41:15,772 -   [Inner 140.2] cost=865.00 no_imp=2/20 (còn 1056s)
2026-04-04 09:41:15,875 -   [Inner 140.3] cost=865.00 no_imp=4/20 (còn 1056s)
2026-04-04 09:41:15,977 -   [Inner 140.4] cost=865.00 no_imp=6/20 (còn 1056s)
2026-04-04 09:41:16,079 -   [Inner 140.5] cost=865.00 no_imp=8/20 (còn 1056s)
2026-04-04 09:41:16,181 -   [Inner 140.6] cost=865.00 no_imp=10/20 (còn 1056s)
2026-04-04 09:41:16,284 -   [Inner 140.7] cost=865.00 no_imp=12/20 (còn 1056s)
2026-04-04 09:41:16,386 -   [Inner 140.8] cost=865.00 no_imp=14/20 (còn 1056s)
2026-04-04 09:41:16,488 -   [Inner 140.9] cost=865.00 no_imp=16/20 (còn 1056s)
2026-04-04 09:41:16,590 -   [Inner 140.10] cost=865.00 no_imp=18/20 (còn 1055s)
2026-04-04 09:41:16,692 -   [Outer 140] Chạy Pairwise MaxSAT...
2026-04-04 09:41:16,693 -   [Outer] Không cải thiện (streak=139)
2026-04-04 09:41:16,693 - === OUTER 141 | cost=865.00 no_imp_streak=139 (còn 1055s) ===
2026-04-04 09:41:16,693 -   [Inner 141.1] cost=865.00 no_imp=0/20 (còn 1055s)
2026-04-04 09:41:16,795 -   [Inner 141.2] cost=865.00 no_imp=2/20 (còn 1055s)
2026-04-04 09:41:16,897 -   [Inner 141.3] cost=865.00 no_imp=4/20 (còn 1055s)
2026-04-04 09:41:16,999 -   [Inner 141.4] cost=865.00 no_imp=6/20 (còn 1055s)
2026-04-04 09:41:17,100 -   [Inner 141.5] cost=865.00 no_imp=8/20 (còn 1055s)
2026-04-04 09:41:17,203 -   [Inner 141.6] cost=865.00 no_imp=10/20 (còn 1055s)
2026-04-04 09:41:17,305 -   [Inner 141.7] cost=865.00 no_imp=12/20 (còn 1055s)
2026-04-04 09:41:17,410 -   [Inner 141.8] cost=865.00 no_imp=14/20 (còn 1055s)
2026-04-04 09:41:17,512 -   [Inner 141.9] cost=865.00 no_imp=16/20 (còn 1055s)
2026-04-04 09:41:17,614 -   [Inner 141.10] cost=865.00 no_imp=18/20 (còn 1054s)
2026-04-04 09:41:17,716 -   [Outer 141] Chạy Pairwise MaxSAT...
2026-04-04 09:41:17,716 -   [Outer] Không cải thiện (streak=140)
2026-04-04 09:41:17,716 - === OUTER 142 | cost=865.00 no_imp_streak=140 (còn 1054s) ===
2026-04-04 09:41:17,716 -   [Inner 142.1] cost=865.00 no_imp=0/20 (còn 1054s)
2026-04-04 09:41:17,818 -   [Inner 142.2] cost=865.00 no_imp=2/20 (còn 1054s)
2026-04-04 09:41:17,921 -   [Inner 142.3] cost=865.00 no_imp=4/20 (còn 1054s)
2026-04-04 09:41:18,024 -   [Inner 142.4] cost=865.00 no_imp=6/20 (còn 1054s)
2026-04-04 09:41:18,126 -   [Inner 142.5] cost=865.00 no_imp=8/20 (còn 1054s)
2026-04-04 09:41:18,229 -   [Inner 142.6] cost=865.00 no_imp=10/20 (còn 1054s)
2026-04-04 09:41:18,360 -   [Inner 142.7] cost=865.00 no_imp=12/20 (còn 1054s)
2026-04-04 09:41:18,464 -   [Inner 142.8] cost=865.00 no_imp=14/20 (còn 1054s)
2026-04-04 09:41:18,567 -   [Inner 142.9] cost=865.00 no_imp=16/20 (còn 1054s)
2026-04-04 09:41:18,669 -   [Inner 142.10] cost=865.00 no_imp=18/20 (còn 1053s)
2026-04-04 09:41:18,771 -   [Outer 142] Chạy Pairwise MaxSAT...
2026-04-04 09:41:18,772 -   [Outer] Không cải thiện (streak=141)
2026-04-04 09:41:18,772 - === OUTER 143 | cost=865.00 no_imp_streak=141 (còn 1053s) ===
2026-04-04 09:41:18,772 -   [Inner 143.1] cost=865.00 no_imp=0/20 (còn 1053s)
2026-04-04 09:41:18,875 -   [Inner 143.2] cost=865.00 no_imp=2/20 (còn 1053s)
2026-04-04 09:41:18,976 -   [Inner 143.3] cost=865.00 no_imp=4/20 (còn 1053s)
2026-04-04 09:41:19,079 -   [Inner 143.4] cost=865.00 no_imp=6/20 (còn 1053s)
2026-04-04 09:41:19,182 -   [Inner 143.5] cost=865.00 no_imp=8/20 (còn 1053s)
2026-04-04 09:41:19,285 -   [Inner 143.6] cost=865.00 no_imp=10/20 (còn 1053s)
2026-04-04 09:41:19,387 -   [Inner 143.7] cost=865.00 no_imp=12/20 (còn 1053s)
2026-04-04 09:41:19,494 -   [Inner 143.8] cost=865.00 no_imp=14/20 (còn 1053s)
2026-04-04 09:41:19,598 -   [Inner 143.9] cost=865.00 no_imp=16/20 (còn 1052s)
2026-04-04 09:41:19,701 -   [Inner 143.10] cost=865.00 no_imp=18/20 (còn 1052s)
2026-04-04 09:41:19,803 -   [Outer 143] Chạy Pairwise MaxSAT...
2026-04-04 09:41:19,804 -   [Outer] Không cải thiện (streak=142)
2026-04-04 09:41:19,804 - === OUTER 144 | cost=865.00 no_imp_streak=142 (còn 1052s) ===
2026-04-04 09:41:19,804 -   [Inner 144.1] cost=865.00 no_imp=0/20 (còn 1052s)
2026-04-04 09:41:19,906 -   [Inner 144.2] cost=865.00 no_imp=2/20 (còn 1052s)
2026-04-04 09:41:20,008 -   [Inner 144.3] cost=865.00 no_imp=4/20 (còn 1052s)
2026-04-04 09:41:20,117 -   [Inner 144.4] cost=865.00 no_imp=6/20 (còn 1052s)
2026-04-04 09:41:20,230 -   [Inner 144.5] cost=865.00 no_imp=8/20 (còn 1052s)
2026-04-04 09:41:20,333 -   [Inner 144.6] cost=865.00 no_imp=10/20 (còn 1052s)
2026-04-04 09:41:20,437 -   [Inner 144.7] cost=865.00 no_imp=12/20 (còn 1052s)
2026-04-04 09:41:20,538 -   [Inner 144.8] cost=865.00 no_imp=14/20 (còn 1052s)
2026-04-04 09:41:20,641 -   [Inner 144.9] cost=865.00 no_imp=16/20 (còn 1051s)
2026-04-04 09:41:20,744 -   [Inner 144.10] cost=865.00 no_imp=18/20 (còn 1051s)
2026-04-04 09:41:20,846 -   [Outer 144] Chạy Pairwise MaxSAT...
2026-04-04 09:41:20,847 -   [Outer] Không cải thiện (streak=143)
2026-04-04 09:41:20,847 - === OUTER 145 | cost=865.00 no_imp_streak=143 (còn 1051s) ===
2026-04-04 09:41:20,847 -   [Inner 145.1] cost=865.00 no_imp=0/20 (còn 1051s)
2026-04-04 09:41:20,949 -   [Inner 145.2] cost=865.00 no_imp=2/20 (còn 1051s)
2026-04-04 09:41:21,052 -   [Inner 145.3] cost=865.00 no_imp=4/20 (còn 1051s)
2026-04-04 09:41:21,155 -   [Inner 145.4] cost=865.00 no_imp=6/20 (còn 1051s)
2026-04-04 09:41:21,257 -   [Inner 145.5] cost=865.00 no_imp=8/20 (còn 1051s)
2026-04-04 09:41:21,361 -   [Inner 145.6] cost=865.00 no_imp=10/20 (còn 1051s)
2026-04-04 09:41:21,466 -   [Inner 145.7] cost=865.00 no_imp=12/20 (còn 1051s)
2026-04-04 09:41:21,569 -   [Inner 145.8] cost=865.00 no_imp=14/20 (còn 1051s)
2026-04-04 09:41:21,670 -   [Inner 145.9] cost=865.00 no_imp=16/20 (còn 1050s)
2026-04-04 09:41:21,773 -   [Inner 145.10] cost=865.00 no_imp=18/20 (còn 1050s)
2026-04-04 09:41:21,876 -   [Outer 145] Chạy Pairwise MaxSAT...
2026-04-04 09:41:21,877 -   [Outer] Không cải thiện (streak=144)
2026-04-04 09:41:21,877 - === OUTER 146 | cost=865.00 no_imp_streak=144 (còn 1050s) ===
2026-04-04 09:41:21,877 -   [Inner 146.1] cost=865.00 no_imp=0/20 (còn 1050s)
2026-04-04 09:41:21,980 -   [Inner 146.2] cost=865.00 no_imp=2/20 (còn 1050s)
2026-04-04 09:41:22,082 -   [Inner 146.3] cost=865.00 no_imp=4/20 (còn 1050s)
2026-04-04 09:41:22,184 -   [Inner 146.4] cost=865.00 no_imp=6/20 (còn 1050s)
2026-04-04 09:41:22,287 -   [Inner 146.5] cost=865.00 no_imp=8/20 (còn 1050s)
2026-04-04 09:41:22,390 -   [Inner 146.6] cost=865.00 no_imp=10/20 (còn 1050s)
2026-04-04 09:41:22,493 -   [Inner 146.7] cost=865.00 no_imp=12/20 (còn 1050s)
2026-04-04 09:41:22,596 -   [Inner 146.8] cost=865.00 no_imp=14/20 (còn 1049s)
2026-04-04 09:41:22,697 -   [Inner 146.9] cost=865.00 no_imp=16/20 (còn 1049s)
2026-04-04 09:41:22,801 -   [Inner 146.10] cost=865.00 no_imp=18/20 (còn 1049s)
2026-04-04 09:41:22,904 -   [Outer 146] Chạy Pairwise MaxSAT...
2026-04-04 09:41:22,904 -   [Outer] Không cải thiện (streak=145)
2026-04-04 09:41:22,904 - === OUTER 147 | cost=865.00 no_imp_streak=145 (còn 1049s) ===
2026-04-04 09:41:22,904 -   [Inner 147.1] cost=865.00 no_imp=0/20 (còn 1049s)
2026-04-04 09:41:23,007 -   [Inner 147.2] cost=865.00 no_imp=2/20 (còn 1049s)
2026-04-04 09:41:23,112 -   [Inner 147.3] cost=865.00 no_imp=4/20 (còn 1049s)
2026-04-04 09:41:23,215 -   [Inner 147.4] cost=865.00 no_imp=6/20 (còn 1049s)
2026-04-04 09:41:23,318 -   [Inner 147.5] cost=865.00 no_imp=8/20 (còn 1049s)
2026-04-04 09:41:23,421 -   [Inner 147.6] cost=865.00 no_imp=10/20 (còn 1049s)
2026-04-04 09:41:23,525 -   [Inner 147.7] cost=865.00 no_imp=12/20 (còn 1049s)
2026-04-04 09:41:23,629 -   [Inner 147.8] cost=865.00 no_imp=14/20 (còn 1048s)
2026-04-04 09:41:23,732 -   [Inner 147.9] cost=865.00 no_imp=16/20 (còn 1048s)
2026-04-04 09:41:23,834 -   [Inner 147.10] cost=865.00 no_imp=18/20 (còn 1048s)
2026-04-04 09:41:23,938 -   [Outer 147] Chạy Pairwise MaxSAT...
2026-04-04 09:41:23,939 -   [Outer] Không cải thiện (streak=146)
2026-04-04 09:41:23,939 - === OUTER 148 | cost=865.00 no_imp_streak=146 (còn 1048s) ===
2026-04-04 09:41:23,939 -   [Inner 148.1] cost=865.00 no_imp=0/20 (còn 1048s)
2026-04-04 09:41:24,041 -   [Inner 148.2] cost=865.00 no_imp=2/20 (còn 1048s)
2026-04-04 09:41:24,144 -   [Inner 148.3] cost=865.00 no_imp=4/20 (còn 1048s)
2026-04-04 09:41:24,247 -   [Inner 148.4] cost=865.00 no_imp=6/20 (còn 1048s)
2026-04-04 09:41:24,352 -   [Inner 148.5] cost=865.00 no_imp=8/20 (còn 1048s)
2026-04-04 09:41:24,458 -   [Inner 148.6] cost=865.00 no_imp=10/20 (còn 1048s)
2026-04-04 09:41:24,562 -   [Inner 148.7] cost=865.00 no_imp=12/20 (còn 1048s)
2026-04-04 09:41:24,665 -   [Inner 148.8] cost=865.00 no_imp=14/20 (còn 1047s)
2026-04-04 09:41:24,771 -   [Inner 148.9] cost=865.00 no_imp=16/20 (còn 1047s)
2026-04-04 09:41:24,874 -   [Inner 148.10] cost=865.00 no_imp=18/20 (còn 1047s)
2026-04-04 09:41:24,977 -   [Outer 148] Chạy Pairwise MaxSAT...
2026-04-04 09:41:24,978 -   [Outer] Không cải thiện (streak=147)
2026-04-04 09:41:24,978 - === OUTER 149 | cost=865.00 no_imp_streak=147 (còn 1047s) ===
2026-04-04 09:41:24,978 -   [Inner 149.1] cost=865.00 no_imp=0/20 (còn 1047s)
2026-04-04 09:41:25,080 -   [Inner 149.2] cost=865.00 no_imp=2/20 (còn 1047s)
2026-04-04 09:41:25,182 -   [Inner 149.3] cost=865.00 no_imp=4/20 (còn 1047s)
2026-04-04 09:41:25,288 -   [Inner 149.4] cost=865.00 no_imp=6/20 (còn 1047s)
2026-04-04 09:41:25,391 -   [Inner 149.5] cost=865.00 no_imp=8/20 (còn 1047s)
2026-04-04 09:41:25,494 -   [Inner 149.6] cost=865.00 no_imp=10/20 (còn 1047s)
2026-04-04 09:41:25,597 -   [Inner 149.7] cost=865.00 no_imp=12/20 (còn 1046s)
2026-04-04 09:41:25,699 -   [Inner 149.8] cost=865.00 no_imp=14/20 (còn 1046s)
2026-04-04 09:41:25,802 -   [Inner 149.9] cost=865.00 no_imp=16/20 (còn 1046s)
2026-04-04 09:41:25,905 -   [Inner 149.10] cost=865.00 no_imp=18/20 (còn 1046s)
2026-04-04 09:41:26,008 -   [Outer 149] Chạy Pairwise MaxSAT...
2026-04-04 09:41:26,009 -   [Outer] Không cải thiện (streak=148)
2026-04-04 09:41:26,009 - === OUTER 150 | cost=865.00 no_imp_streak=148 (còn 1046s) ===
2026-04-04 09:41:26,009 -   [Inner 150.1] cost=865.00 no_imp=0/20 (còn 1046s)
2026-04-04 09:41:26,111 -   [Inner 150.2] cost=865.00 no_imp=2/20 (còn 1046s)
2026-04-04 09:41:26,213 -   [Inner 150.3] cost=865.00 no_imp=4/20 (còn 1046s)
2026-04-04 09:41:26,316 -   [Inner 150.4] cost=865.00 no_imp=6/20 (còn 1046s)
2026-04-04 09:41:26,419 -   [Inner 150.5] cost=865.00 no_imp=8/20 (còn 1046s)
2026-04-04 09:41:26,521 -   [Inner 150.6] cost=865.00 no_imp=10/20 (còn 1046s)
2026-04-04 09:41:26,623 -   [Inner 150.7] cost=865.00 no_imp=12/20 (còn 1045s)
2026-04-04 09:41:26,725 -   [Inner 150.8] cost=865.00 no_imp=14/20 (còn 1045s)
2026-04-04 09:41:26,828 -   [Inner 150.9] cost=865.00 no_imp=16/20 (còn 1045s)
2026-04-04 09:41:26,931 -   [Inner 150.10] cost=865.00 no_imp=18/20 (còn 1045s)
2026-04-04 09:41:27,035 -   [Outer 150] Chạy Pairwise MaxSAT...
2026-04-04 09:41:27,036 -   [Outer] Không cải thiện (streak=149)
2026-04-04 09:41:27,036 - Hoàn thành. cost=865.00 | time=154.9s | s_imp=2 s_to=0 | p_imp=0 p_to=0
2026-04-04 09:41:27,036 - ======================================================================
2026-04-04 09:41:27,036 - CW=961 → 2opt=912 → MaxSAT=865
2026-04-04 09:41:27,036 - Cải thiện so CW: 96
2026-04-04 09:41:27,036 - Total time: 154.9s
2026-04-04 09:41:27,036 - Verified cost: 865
2026-04-04 09:41:27,037 - ======================================================================
2026-04-04 09:41:27,037 - FILE: B-n39-k5.vrp
2026-04-04 09:41:27,038 - ======================================================================
2026-04-04 09:41:27,040 - Dim=39 K=5 Cap=100
2026-04-04 09:41:27,040 - --- Clarke-Wright ---
2026-04-04 09:41:27,041 -   cost=695 time=0.00s
2026-04-04 09:41:27,041 - --- Two-Opt ---
2026-04-04 09:41:27,043 -   cost=660 time=0.00s
2026-04-04 09:41:27,043 - --- MaxSAT (2-tầng) ---
2026-04-04 09:41:27,043 - =========================================
2026-04-04 09:41:27,043 - BẮT ĐẦU OPTIMIZE (MaxSAT-RC2, 2-tầng)
2026-04-04 09:41:27,043 -   max_single=8  s_to=40.0s
2026-04-04 09:41:27,043 -   max_pair=9  p_to=31.2s
2026-04-04 09:41:27,043 -   n_pairs=3
2026-04-04 09:41:27,043 -   inner_patience=20  outer_patience=999
2026-04-04 09:41:27,043 -   global_timeout=1200.0s
2026-04-04 09:41:27,044 -   start_cost=660.00
2026-04-04 09:41:27,044 - =========================================
2026-04-04 09:41:27,044 - === OUTER 1 | cost=660.00 no_imp_streak=0 (còn 1200s) ===
2026-04-04 09:41:27,044 -   [Inner 1.1] cost=660.00 no_imp=0/20 (còn 1200s)
2026-04-04 09:41:27,051 -     [P1] Relocate → 651.00
2026-04-04 09:41:27,057 -     [P2] Exchange → 650.00
2026-04-04 09:41:27,903 -     [P3] Single +3
2026-04-04 09:41:27,903 -     → INNER BEST = 647.00
2026-04-04 09:41:27,903 -   [Inner 1.2] cost=647.00 no_imp=0/20 (còn 1199s)
2026-04-04 09:41:27,908 -     [P1] Relocate → 637.00
2026-04-04 09:41:28,727 -     → INNER BEST = 637.00
2026-04-04 09:41:28,727 -   [Inner 1.3] cost=637.00 no_imp=0/20 (còn 1198s)
2026-04-04 09:41:28,733 -     [P1] Relocate → 634.00
2026-04-04 09:41:29,608 -     → INNER BEST = 634.00
2026-04-04 09:41:29,608 -   [Inner 1.4] cost=634.00 no_imp=0/20 (còn 1197s)
2026-04-04 09:41:29,613 -     [P1] Relocate → 631.00
2026-04-04 09:41:30,468 -     → INNER BEST = 631.00
2026-04-04 09:41:30,468 -   [Inner 1.5] cost=631.00 no_imp=0/20 (còn 1197s)
2026-04-04 09:41:31,323 -   [Inner 1.6] cost=631.00 no_imp=2/20 (còn 1196s)
2026-04-04 09:41:32,191 -   [Inner 1.7] cost=631.00 no_imp=4/20 (còn 1195s)
2026-04-04 09:41:33,055 -   [Inner 1.8] cost=631.00 no_imp=6/20 (còn 1194s)
2026-04-04 09:41:33,919 -   [Inner 1.9] cost=631.00 no_imp=8/20 (còn 1193s)
2026-04-04 09:41:34,776 -   [Inner 1.10] cost=631.00 no_imp=10/20 (còn 1192s)
2026-04-04 09:41:35,636 -   [Inner 1.11] cost=631.00 no_imp=12/20 (còn 1191s)
2026-04-04 09:41:36,485 -   [Inner 1.12] cost=631.00 no_imp=14/20 (còn 1191s)
2026-04-04 09:41:37,337 -   [Inner 1.13] cost=631.00 no_imp=16/20 (còn 1190s)
2026-04-04 09:41:38,196 -   [Inner 1.14] cost=631.00 no_imp=18/20 (còn 1189s)
2026-04-04 09:41:39,057 -   [Outer] Inner cải thiện → best=631.00
2026-04-04 09:41:39,057 -   [Outer 1] Chạy Pairwise MaxSAT...
2026-04-04 09:41:39,057 - === OUTER 2 | cost=631.00 no_imp_streak=0 (còn 1188s) ===
2026-04-04 09:41:39,057 -   [Inner 2.1] cost=631.00 no_imp=0/20 (còn 1188s)
2026-04-04 09:41:39,919 -   [Inner 2.2] cost=631.00 no_imp=2/20 (còn 1187s)
2026-04-04 09:41:40,770 -   [Inner 2.3] cost=631.00 no_imp=4/20 (còn 1186s)
2026-04-04 09:41:41,624 -   [Inner 2.4] cost=631.00 no_imp=6/20 (còn 1185s)
2026-04-04 09:41:42,481 -   [Inner 2.5] cost=631.00 no_imp=8/20 (còn 1185s)
2026-04-04 09:41:43,334 -   [Inner 2.6] cost=631.00 no_imp=10/20 (còn 1184s)
2026-04-04 09:41:44,183 -   [Inner 2.7] cost=631.00 no_imp=12/20 (còn 1183s)
2026-04-04 09:41:45,040 -   [Inner 2.8] cost=631.00 no_imp=14/20 (còn 1182s)
2026-04-04 09:41:45,893 -   [Inner 2.9] cost=631.00 no_imp=16/20 (còn 1181s)
2026-04-04 09:41:46,738 -   [Inner 2.10] cost=631.00 no_imp=18/20 (còn 1180s)
2026-04-04 09:41:47,586 -   [Outer 2] Chạy Pairwise MaxSAT...
2026-04-04 09:41:47,587 -   [Outer] Không cải thiện (streak=1)
2026-04-04 09:41:47,587 - === OUTER 3 | cost=631.00 no_imp_streak=1 (còn 1179s) ===
2026-04-04 09:41:47,587 -   [Inner 3.1] cost=631.00 no_imp=0/20 (còn 1179s)
2026-04-04 09:41:48,451 -   [Inner 3.2] cost=631.00 no_imp=2/20 (còn 1179s)
2026-04-04 09:41:49,307 -   [Inner 3.3] cost=631.00 no_imp=4/20 (còn 1178s)
2026-04-04 09:41:50,164 -   [Inner 3.4] cost=631.00 no_imp=6/20 (còn 1177s)
2026-04-04 09:41:51,014 -   [Inner 3.5] cost=631.00 no_imp=8/20 (còn 1176s)
2026-04-04 09:41:51,887 -   [Inner 3.6] cost=631.00 no_imp=10/20 (còn 1175s)
2026-04-04 09:41:52,733 -   [Inner 3.7] cost=631.00 no_imp=12/20 (còn 1174s)
2026-04-04 09:41:53,585 -   [Inner 3.8] cost=631.00 no_imp=14/20 (còn 1173s)
2026-04-04 09:41:54,443 -   [Inner 3.9] cost=631.00 no_imp=16/20 (còn 1173s)
2026-04-04 09:41:55,293 -   [Inner 3.10] cost=631.00 no_imp=18/20 (còn 1172s)
2026-04-04 09:41:56,152 -   [Outer 3] Chạy Pairwise MaxSAT...
2026-04-04 09:41:56,153 -   [Outer] Không cải thiện (streak=2)
2026-04-04 09:41:56,153 - === OUTER 4 | cost=631.00 no_imp_streak=2 (còn 1171s) ===
2026-04-04 09:41:56,153 -   [Inner 4.1] cost=631.00 no_imp=0/20 (còn 1171s)
2026-04-04 09:41:57,005 -   [Inner 4.2] cost=631.00 no_imp=2/20 (còn 1170s)
2026-04-04 09:41:57,863 -   [Inner 4.3] cost=631.00 no_imp=4/20 (còn 1169s)
2026-04-04 09:41:58,721 -   [Inner 4.4] cost=631.00 no_imp=6/20 (còn 1168s)
2026-04-04 09:41:59,578 -   [Inner 4.5] cost=631.00 no_imp=8/20 (còn 1167s)
2026-04-04 09:42:00,446 -   [Inner 4.6] cost=631.00 no_imp=10/20 (còn 1167s)
2026-04-04 09:42:01,305 -   [Inner 4.7] cost=631.00 no_imp=12/20 (còn 1166s)
2026-04-04 09:42:02,178 -   [Inner 4.8] cost=631.00 no_imp=14/20 (còn 1165s)
2026-04-04 09:42:03,036 -   [Inner 4.9] cost=631.00 no_imp=16/20 (còn 1164s)
2026-04-04 09:42:03,894 -   [Inner 4.10] cost=631.00 no_imp=18/20 (còn 1163s)
2026-04-04 09:42:04,767 -   [Outer 4] Chạy Pairwise MaxSAT...
2026-04-04 09:42:04,767 -   [Outer] Không cải thiện (streak=3)
2026-04-04 09:42:04,767 - === OUTER 5 | cost=631.00 no_imp_streak=3 (còn 1162s) ===
2026-04-04 09:42:04,768 -   [Inner 5.1] cost=631.00 no_imp=0/20 (còn 1162s)
2026-04-04 09:42:05,629 -   [Inner 5.2] cost=631.00 no_imp=2/20 (còn 1161s)
2026-04-04 09:42:06,502 -   [Inner 5.3] cost=631.00 no_imp=4/20 (còn 1161s)
2026-04-04 09:42:07,361 -   [Inner 5.4] cost=631.00 no_imp=6/20 (còn 1160s)
2026-04-04 09:42:08,218 -   [Inner 5.5] cost=631.00 no_imp=8/20 (còn 1159s)
2026-04-04 09:42:09,080 -   [Inner 5.6] cost=631.00 no_imp=10/20 (còn 1158s)
2026-04-04 09:42:09,936 -   [Inner 5.7] cost=631.00 no_imp=12/20 (còn 1157s)
2026-04-04 09:42:10,795 -   [Inner 5.8] cost=631.00 no_imp=14/20 (còn 1156s)
2026-04-04 09:42:11,649 -   [Inner 5.9] cost=631.00 no_imp=16/20 (còn 1155s)
2026-04-04 09:42:12,509 -   [Inner 5.10] cost=631.00 no_imp=18/20 (còn 1155s)
2026-04-04 09:42:13,368 -   [Outer 5] Chạy Pairwise MaxSAT...
2026-04-04 09:42:13,368 -   [Outer] Không cải thiện (streak=4)
2026-04-04 09:42:13,368 - === OUTER 6 | cost=631.00 no_imp_streak=4 (còn 1154s) ===
2026-04-04 09:42:13,369 -   [Inner 6.1] cost=631.00 no_imp=0/20 (còn 1154s)
2026-04-04 09:42:14,219 -   [Inner 6.2] cost=631.00 no_imp=2/20 (còn 1153s)
2026-04-04 09:42:15,068 -   [Inner 6.3] cost=631.00 no_imp=4/20 (còn 1152s)
2026-04-04 09:42:15,917 -   [Inner 6.4] cost=631.00 no_imp=6/20 (còn 1151s)
2026-04-04 09:42:16,778 -   [Inner 6.5] cost=631.00 no_imp=8/20 (còn 1150s)
2026-04-04 09:42:17,636 -   [Inner 6.6] cost=631.00 no_imp=10/20 (còn 1149s)
2026-04-04 09:42:18,500 -   [Inner 6.7] cost=631.00 no_imp=12/20 (còn 1149s)
2026-04-04 09:42:19,361 -   [Inner 6.8] cost=631.00 no_imp=14/20 (còn 1148s)
2026-04-04 09:42:20,226 -   [Inner 6.9] cost=631.00 no_imp=16/20 (còn 1147s)
2026-04-04 09:42:21,085 -   [Inner 6.10] cost=631.00 no_imp=18/20 (còn 1146s)
2026-04-04 09:42:21,943 -   [Outer 6] Chạy Pairwise MaxSAT...
2026-04-04 09:42:21,944 -   [Outer] Không cải thiện (streak=5)
2026-04-04 09:42:21,944 - === OUTER 7 | cost=631.00 no_imp_streak=5 (còn 1145s) ===
2026-04-04 09:42:21,944 -   [Inner 7.1] cost=631.00 no_imp=0/20 (còn 1145s)
2026-04-04 09:42:22,808 -   [Inner 7.2] cost=631.00 no_imp=2/20 (còn 1144s)
2026-04-04 09:42:23,663 -   [Inner 7.3] cost=631.00 no_imp=4/20 (còn 1143s)
2026-04-04 09:42:24,520 -   [Inner 7.4] cost=631.00 no_imp=6/20 (còn 1143s)
2026-04-04 09:42:25,396 -   [Inner 7.5] cost=631.00 no_imp=8/20 (còn 1142s)
2026-04-04 09:42:26,246 -   [Inner 7.6] cost=631.00 no_imp=10/20 (còn 1141s)
2026-04-04 09:42:27,105 -   [Inner 7.7] cost=631.00 no_imp=12/20 (còn 1140s)
2026-04-04 09:42:27,972 -   [Inner 7.8] cost=631.00 no_imp=14/20 (còn 1139s)
2026-04-04 09:42:28,836 -   [Inner 7.9] cost=631.00 no_imp=16/20 (còn 1138s)
2026-04-04 09:42:29,698 -   [Inner 7.10] cost=631.00 no_imp=18/20 (còn 1137s)
2026-04-04 09:42:30,562 -   [Outer 7] Chạy Pairwise MaxSAT...
2026-04-04 09:42:30,563 -   [Outer] Không cải thiện (streak=6)
2026-04-04 09:42:30,563 - === OUTER 8 | cost=631.00 no_imp_streak=6 (còn 1136s) ===
2026-04-04 09:42:30,563 -   [Inner 8.1] cost=631.00 no_imp=0/20 (còn 1136s)
2026-04-04 09:42:31,450 -   [Inner 8.2] cost=631.00 no_imp=2/20 (còn 1136s)
2026-04-04 09:42:32,313 -   [Inner 8.3] cost=631.00 no_imp=4/20 (còn 1135s)
2026-04-04 09:42:33,182 -   [Inner 8.4] cost=631.00 no_imp=6/20 (còn 1134s)
2026-04-04 09:42:34,057 -   [Inner 8.5] cost=631.00 no_imp=8/20 (còn 1133s)
2026-04-04 09:42:34,922 -   [Inner 8.6] cost=631.00 no_imp=10/20 (còn 1132s)
2026-04-04 09:42:35,783 -   [Inner 8.7] cost=631.00 no_imp=12/20 (còn 1131s)
2026-04-04 09:42:36,656 -   [Inner 8.8] cost=631.00 no_imp=14/20 (còn 1130s)
2026-04-04 09:42:37,511 -   [Inner 8.9] cost=631.00 no_imp=16/20 (còn 1130s)
2026-04-04 09:42:38,376 -   [Inner 8.10] cost=631.00 no_imp=18/20 (còn 1129s)
2026-04-04 09:42:39,240 -   [Outer 8] Chạy Pairwise MaxSAT...
2026-04-04 09:42:39,241 -   [Outer] Không cải thiện (streak=7)
2026-04-04 09:42:39,241 - === OUTER 9 | cost=631.00 no_imp_streak=7 (còn 1128s) ===
2026-04-04 09:42:39,241 -   [Inner 9.1] cost=631.00 no_imp=0/20 (còn 1128s)
2026-04-04 09:42:40,096 -   [Inner 9.2] cost=631.00 no_imp=2/20 (còn 1127s)
2026-04-04 09:42:40,962 -   [Inner 9.3] cost=631.00 no_imp=4/20 (còn 1126s)
2026-04-04 09:42:41,820 -   [Inner 9.4] cost=631.00 no_imp=6/20 (còn 1125s)
2026-04-04 09:42:42,676 -   [Inner 9.5] cost=631.00 no_imp=8/20 (còn 1124s)
2026-04-04 09:42:43,528 -   [Inner 9.6] cost=631.00 no_imp=10/20 (còn 1124s)
2026-04-04 09:42:44,382 -   [Inner 9.7] cost=631.00 no_imp=12/20 (còn 1123s)
2026-04-04 09:42:45,249 -   [Inner 9.8] cost=631.00 no_imp=14/20 (còn 1122s)
2026-04-04 09:42:46,108 -   [Inner 9.9] cost=631.00 no_imp=16/20 (còn 1121s)
2026-04-04 09:42:46,978 -   [Inner 9.10] cost=631.00 no_imp=18/20 (còn 1120s)
2026-04-04 09:42:47,831 -   [Outer 9] Chạy Pairwise MaxSAT...
2026-04-04 09:42:47,831 -   [Outer] Không cải thiện (streak=8)
2026-04-04 09:42:47,832 - === OUTER 10 | cost=631.00 no_imp_streak=8 (còn 1119s) ===
2026-04-04 09:42:47,832 -   [Inner 10.1] cost=631.00 no_imp=0/20 (còn 1119s)
2026-04-04 09:42:48,689 -   [Inner 10.2] cost=631.00 no_imp=2/20 (còn 1118s)
2026-04-04 09:42:49,534 -   [Inner 10.3] cost=631.00 no_imp=4/20 (còn 1118s)
2026-04-04 09:42:50,392 -   [Inner 10.4] cost=631.00 no_imp=6/20 (còn 1117s)
2026-04-04 09:42:51,249 -   [Inner 10.5] cost=631.00 no_imp=8/20 (còn 1116s)
2026-04-04 09:42:52,118 -   [Inner 10.6] cost=631.00 no_imp=10/20 (còn 1115s)
2026-04-04 09:42:52,978 -   [Inner 10.7] cost=631.00 no_imp=12/20 (còn 1114s)
2026-04-04 09:42:53,840 -   [Inner 10.8] cost=631.00 no_imp=14/20 (còn 1113s)
2026-04-04 09:42:54,704 -   [Inner 10.9] cost=631.00 no_imp=16/20 (còn 1112s)
2026-04-04 09:42:55,561 -   [Inner 10.10] cost=631.00 no_imp=18/20 (còn 1111s)
2026-04-04 09:42:56,418 -   [Outer 10] Chạy Pairwise MaxSAT...
2026-04-04 09:42:56,418 -   [Outer] Không cải thiện (streak=9)
2026-04-04 09:42:56,418 - === OUTER 11 | cost=631.00 no_imp_streak=9 (còn 1111s) ===
2026-04-04 09:42:56,418 -   [Inner 11.1] cost=631.00 no_imp=0/20 (còn 1111s)
2026-04-04 09:42:57,288 -   [Inner 11.2] cost=631.00 no_imp=2/20 (còn 1110s)
2026-04-04 09:42:58,146 -   [Inner 11.3] cost=631.00 no_imp=4/20 (còn 1109s)
2026-04-04 09:42:59,005 -   [Inner 11.4] cost=631.00 no_imp=6/20 (còn 1108s)
2026-04-04 09:42:59,857 -   [Inner 11.5] cost=631.00 no_imp=8/20 (còn 1107s)
2026-04-04 09:43:00,717 -   [Inner 11.6] cost=631.00 no_imp=10/20 (còn 1106s)
2026-04-04 09:43:01,579 -   [Inner 11.7] cost=631.00 no_imp=12/20 (còn 1105s)
2026-04-04 09:43:02,451 -   [Inner 11.8] cost=631.00 no_imp=14/20 (còn 1105s)
2026-04-04 09:43:03,317 -   [Inner 11.9] cost=631.00 no_imp=16/20 (còn 1104s)
2026-04-04 09:43:04,178 -   [Inner 11.10] cost=631.00 no_imp=18/20 (còn 1103s)
2026-04-04 09:43:05,051 -   [Outer 11] Chạy Pairwise MaxSAT...
2026-04-04 09:43:05,052 -   [Outer] Không cải thiện (streak=10)
2026-04-04 09:43:05,052 - === OUTER 12 | cost=631.00 no_imp_streak=10 (còn 1102s) ===
2026-04-04 09:43:05,052 -   [Inner 12.1] cost=631.00 no_imp=0/20 (còn 1102s)
2026-04-04 09:43:05,916 -   [Inner 12.2] cost=631.00 no_imp=2/20 (còn 1101s)
2026-04-04 09:43:06,774 -   [Inner 12.3] cost=631.00 no_imp=4/20 (còn 1100s)
2026-04-04 09:43:07,640 -   [Inner 12.4] cost=631.00 no_imp=6/20 (còn 1099s)
2026-04-04 09:43:08,502 -   [Inner 12.5] cost=631.00 no_imp=8/20 (còn 1099s)
2026-04-04 09:43:09,371 -   [Inner 12.6] cost=631.00 no_imp=10/20 (còn 1098s)
2026-04-04 09:43:10,227 -   [Inner 12.7] cost=631.00 no_imp=12/20 (còn 1097s)
2026-04-04 09:43:11,089 -   [Inner 12.8] cost=631.00 no_imp=14/20 (còn 1096s)
2026-04-04 09:43:11,946 -   [Inner 12.9] cost=631.00 no_imp=16/20 (còn 1095s)
2026-04-04 09:43:12,797 -   [Inner 12.10] cost=631.00 no_imp=18/20 (còn 1094s)
2026-04-04 09:43:13,659 -   [Outer 12] Chạy Pairwise MaxSAT...
2026-04-04 09:43:13,659 -   [Outer] Không cải thiện (streak=11)
2026-04-04 09:43:13,660 - === OUTER 13 | cost=631.00 no_imp_streak=11 (còn 1093s) ===
2026-04-04 09:43:13,660 -   [Inner 13.1] cost=631.00 no_imp=0/20 (còn 1093s)
2026-04-04 09:43:14,518 -   [Inner 13.2] cost=631.00 no_imp=2/20 (còn 1093s)
2026-04-04 09:43:15,380 -   [Inner 13.3] cost=631.00 no_imp=4/20 (còn 1092s)
2026-04-04 09:43:16,240 -   [Inner 13.4] cost=631.00 no_imp=6/20 (còn 1091s)
2026-04-04 09:43:17,104 -   [Inner 13.5] cost=631.00 no_imp=8/20 (còn 1090s)
2026-04-04 09:43:17,965 -   [Inner 13.6] cost=631.00 no_imp=10/20 (còn 1089s)
2026-04-04 09:43:18,822 -   [Inner 13.7] cost=631.00 no_imp=12/20 (còn 1088s)
2026-04-04 09:43:19,684 -   [Inner 13.8] cost=631.00 no_imp=14/20 (còn 1087s)
2026-04-04 09:43:20,557 -   [Inner 13.9] cost=631.00 no_imp=16/20 (còn 1086s)
2026-04-04 09:43:21,420 -   [Inner 13.10] cost=631.00 no_imp=18/20 (còn 1086s)
2026-04-04 09:43:22,277 -   [Outer 13] Chạy Pairwise MaxSAT...
2026-04-04 09:43:22,277 -   [Outer] Không cải thiện (streak=12)
2026-04-04 09:43:22,278 - === OUTER 14 | cost=631.00 no_imp_streak=12 (còn 1085s) ===
2026-04-04 09:43:22,278 -   [Inner 14.1] cost=631.00 no_imp=0/20 (còn 1085s)
2026-04-04 09:43:23,138 -   [Inner 14.2] cost=631.00 no_imp=2/20 (còn 1084s)
2026-04-04 09:43:23,998 -   [Inner 14.3] cost=631.00 no_imp=4/20 (còn 1083s)
2026-04-04 09:43:24,854 -   [Inner 14.4] cost=631.00 no_imp=6/20 (còn 1082s)
2026-04-04 09:43:25,716 -   [Inner 14.5] cost=631.00 no_imp=8/20 (còn 1081s)
2026-04-04 09:43:26,580 -   [Inner 14.6] cost=631.00 no_imp=10/20 (còn 1080s)
2026-04-04 09:43:27,444 -   [Inner 14.7] cost=631.00 no_imp=12/20 (còn 1080s)
2026-04-04 09:43:28,301 -   [Inner 14.8] cost=631.00 no_imp=14/20 (còn 1079s)
2026-04-04 09:43:29,162 -   [Inner 14.9] cost=631.00 no_imp=16/20 (còn 1078s)
2026-04-04 09:43:30,028 -   [Inner 14.10] cost=631.00 no_imp=18/20 (còn 1077s)
2026-04-04 09:43:30,897 -   [Outer 14] Chạy Pairwise MaxSAT...
2026-04-04 09:43:30,897 -   [Outer] Không cải thiện (streak=13)
2026-04-04 09:43:30,898 - === OUTER 15 | cost=631.00 no_imp_streak=13 (còn 1076s) ===
2026-04-04 09:43:30,898 -   [Inner 15.1] cost=631.00 no_imp=0/20 (còn 1076s)
2026-04-04 09:43:31,767 -   [Inner 15.2] cost=631.00 no_imp=2/20 (còn 1075s)
2026-04-04 09:43:32,628 -   [Inner 15.3] cost=631.00 no_imp=4/20 (còn 1074s)
2026-04-04 09:43:33,498 -   [Inner 15.4] cost=631.00 no_imp=6/20 (còn 1074s)
2026-04-04 09:43:34,362 -   [Inner 15.5] cost=631.00 no_imp=8/20 (còn 1073s)
2026-04-04 09:43:35,233 -   [Inner 15.6] cost=631.00 no_imp=10/20 (còn 1072s)
2026-04-04 09:43:36,095 -   [Inner 15.7] cost=631.00 no_imp=12/20 (còn 1071s)
2026-04-04 09:43:36,950 -   [Inner 15.8] cost=631.00 no_imp=14/20 (còn 1070s)
2026-04-04 09:43:37,817 -   [Inner 15.9] cost=631.00 no_imp=16/20 (còn 1069s)
2026-04-04 09:43:38,673 -   [Inner 15.10] cost=631.00 no_imp=18/20 (còn 1068s)
2026-04-04 09:43:39,544 -   [Outer 15] Chạy Pairwise MaxSAT...
2026-04-04 09:43:39,544 -   [Outer] Không cải thiện (streak=14)
2026-04-04 09:43:39,544 - === OUTER 16 | cost=631.00 no_imp_streak=14 (còn 1067s) ===
2026-04-04 09:43:39,544 -   [Inner 16.1] cost=631.00 no_imp=0/20 (còn 1067s)
2026-04-04 09:43:40,403 -   [Inner 16.2] cost=631.00 no_imp=2/20 (còn 1067s)
2026-04-04 09:43:41,255 -   [Inner 16.3] cost=631.00 no_imp=4/20 (còn 1066s)
2026-04-04 09:43:42,117 -   [Inner 16.4] cost=631.00 no_imp=6/20 (còn 1065s)
2026-04-04 09:43:42,972 -   [Inner 16.5] cost=631.00 no_imp=8/20 (còn 1064s)
2026-04-04 09:43:43,839 -   [Inner 16.6] cost=631.00 no_imp=10/20 (còn 1063s)
2026-04-04 09:43:44,697 -   [Inner 16.7] cost=631.00 no_imp=12/20 (còn 1062s)
2026-04-04 09:43:45,561 -   [Inner 16.8] cost=631.00 no_imp=14/20 (còn 1061s)
2026-04-04 09:43:46,424 -   [Inner 16.9] cost=631.00 no_imp=16/20 (còn 1061s)
2026-04-04 09:43:47,282 -   [Inner 16.10] cost=631.00 no_imp=18/20 (còn 1060s)
2026-04-04 09:43:48,146 -   [Outer 16] Chạy Pairwise MaxSAT...
2026-04-04 09:43:48,147 -   [Outer] Không cải thiện (streak=15)
2026-04-04 09:43:48,147 - === OUTER 17 | cost=631.00 no_imp_streak=15 (còn 1059s) ===
2026-04-04 09:43:48,147 -   [Inner 17.1] cost=631.00 no_imp=0/20 (còn 1059s)
2026-04-04 09:43:48,997 -   [Inner 17.2] cost=631.00 no_imp=2/20 (còn 1058s)
2026-04-04 09:43:49,855 -   [Inner 17.3] cost=631.00 no_imp=4/20 (còn 1057s)
2026-04-04 09:43:50,713 -   [Inner 17.4] cost=631.00 no_imp=6/20 (còn 1056s)
2026-04-04 09:43:51,580 -   [Inner 17.5] cost=631.00 no_imp=8/20 (còn 1055s)
2026-04-04 09:43:52,450 -   [Inner 17.6] cost=631.00 no_imp=10/20 (còn 1055s)
2026-04-04 09:43:53,308 -   [Inner 17.7] cost=631.00 no_imp=12/20 (còn 1054s)
2026-04-04 09:43:54,173 -   [Inner 17.8] cost=631.00 no_imp=14/20 (còn 1053s)
2026-04-04 09:43:55,033 -   [Inner 17.9] cost=631.00 no_imp=16/20 (còn 1052s)
2026-04-04 09:43:55,895 -   [Inner 17.10] cost=631.00 no_imp=18/20 (còn 1051s)
2026-04-04 09:43:56,747 -   [Outer 17] Chạy Pairwise MaxSAT...
2026-04-04 09:43:56,747 -   [Outer] Không cải thiện (streak=16)
2026-04-04 09:43:56,747 - === OUTER 18 | cost=631.00 no_imp_streak=16 (còn 1050s) ===
2026-04-04 09:43:56,747 -   [Inner 18.1] cost=631.00 no_imp=0/20 (còn 1050s)
2026-04-04 09:43:57,612 -   [Inner 18.2] cost=631.00 no_imp=2/20 (còn 1049s)
2026-04-04 09:43:58,468 -   [Inner 18.3] cost=631.00 no_imp=4/20 (còn 1049s)
2026-04-04 09:43:59,325 -   [Inner 18.4] cost=631.00 no_imp=6/20 (còn 1048s)
2026-04-04 09:44:00,188 -   [Inner 18.5] cost=631.00 no_imp=8/20 (còn 1047s)
2026-04-04 09:44:01,045 -   [Inner 18.6] cost=631.00 no_imp=10/20 (còn 1046s)
2026-04-04 09:44:01,919 -   [Inner 18.7] cost=631.00 no_imp=12/20 (còn 1045s)
2026-04-04 09:44:02,782 -   [Inner 18.8] cost=631.00 no_imp=14/20 (còn 1044s)
2026-04-04 09:44:03,654 -   [Inner 18.9] cost=631.00 no_imp=16/20 (còn 1043s)
2026-04-04 09:44:04,511 -   [Inner 18.10] cost=631.00 no_imp=18/20 (còn 1043s)
2026-04-04 09:44:05,376 -   [Outer 18] Chạy Pairwise MaxSAT...
2026-04-04 09:44:05,376 -   [Outer] Không cải thiện (streak=17)
2026-04-04 09:44:05,377 - === OUTER 19 | cost=631.00 no_imp_streak=17 (còn 1042s) ===
2026-04-04 09:44:05,377 -   [Inner 19.1] cost=631.00 no_imp=0/20 (còn 1042s)
2026-04-04 09:44:06,246 -   [Inner 19.2] cost=631.00 no_imp=2/20 (còn 1041s)
2026-04-04 09:44:07,106 -   [Inner 19.3] cost=631.00 no_imp=4/20 (còn 1040s)
2026-04-04 09:44:07,969 -   [Inner 19.4] cost=631.00 no_imp=6/20 (còn 1039s)
2026-04-04 09:44:08,826 -   [Inner 19.5] cost=631.00 no_imp=8/20 (còn 1038s)
2026-04-04 09:44:09,689 -   [Inner 19.6] cost=631.00 no_imp=10/20 (còn 1037s)
2026-04-04 09:44:10,551 -   [Inner 19.7] cost=631.00 no_imp=12/20 (còn 1036s)
2026-04-04 09:44:11,406 -   [Inner 19.8] cost=631.00 no_imp=14/20 (còn 1036s)
2026-04-04 09:44:12,269 -   [Inner 19.9] cost=631.00 no_imp=16/20 (còn 1035s)
2026-04-04 09:44:13,123 -   [Inner 19.10] cost=631.00 no_imp=18/20 (còn 1034s)
2026-04-04 09:44:13,989 -   [Outer 19] Chạy Pairwise MaxSAT...
2026-04-04 09:44:13,990 -   [Outer] Không cải thiện (streak=18)
2026-04-04 09:44:13,990 - === OUTER 20 | cost=631.00 no_imp_streak=18 (còn 1033s) ===
2026-04-04 09:44:13,990 -   [Inner 20.1] cost=631.00 no_imp=0/20 (còn 1033s)
2026-04-04 09:44:14,843 -   [Inner 20.2] cost=631.00 no_imp=2/20 (còn 1032s)
2026-04-04 09:44:15,700 -   [Inner 20.3] cost=631.00 no_imp=4/20 (còn 1031s)
2026-04-04 09:44:16,563 -   [Inner 20.4] cost=631.00 no_imp=6/20 (còn 1030s)
2026-04-04 09:44:17,422 -   [Inner 20.5] cost=631.00 no_imp=8/20 (còn 1030s)
2026-04-04 09:44:18,282 -   [Inner 20.6] cost=631.00 no_imp=10/20 (còn 1029s)
2026-04-04 09:44:19,134 -   [Inner 20.7] cost=631.00 no_imp=12/20 (còn 1028s)
2026-04-04 09:44:19,990 -   [Inner 20.8] cost=631.00 no_imp=14/20 (còn 1027s)
2026-04-04 09:44:20,853 -   [Inner 20.9] cost=631.00 no_imp=16/20 (còn 1026s)
2026-04-04 09:44:21,707 -   [Inner 20.10] cost=631.00 no_imp=18/20 (còn 1025s)
2026-04-04 09:44:22,570 -   [Outer 20] Chạy Pairwise MaxSAT...
2026-04-04 09:44:22,571 -   [Outer] Không cải thiện (streak=19)
2026-04-04 09:44:22,571 - === OUTER 21 | cost=631.00 no_imp_streak=19 (còn 1024s) ===
2026-04-04 09:44:22,571 -   [Inner 21.1] cost=631.00 no_imp=0/20 (còn 1024s)
2026-04-04 09:44:23,429 -   [Inner 21.2] cost=631.00 no_imp=2/20 (còn 1024s)
2026-04-04 09:44:24,291 -   [Inner 21.3] cost=631.00 no_imp=4/20 (còn 1023s)
2026-04-04 09:44:25,149 -   [Inner 21.4] cost=631.00 no_imp=6/20 (còn 1022s)
2026-04-04 09:44:26,013 -   [Inner 21.5] cost=631.00 no_imp=8/20 (còn 1021s)
2026-04-04 09:44:26,867 -   [Inner 21.6] cost=631.00 no_imp=10/20 (còn 1020s)
2026-04-04 09:44:27,718 -   [Inner 21.7] cost=631.00 no_imp=12/20 (còn 1019s)
2026-04-04 09:44:28,573 -   [Inner 21.8] cost=631.00 no_imp=14/20 (còn 1018s)
2026-04-04 09:44:29,422 -   [Inner 21.9] cost=631.00 no_imp=16/20 (còn 1018s)
2026-04-04 09:44:30,284 -   [Inner 21.10] cost=631.00 no_imp=18/20 (còn 1017s)
2026-04-04 09:44:31,145 -   [Outer 21] Chạy Pairwise MaxSAT...
2026-04-04 09:44:31,145 -   [Outer] Không cải thiện (streak=20)
2026-04-04 09:44:31,145 - === OUTER 22 | cost=631.00 no_imp_streak=20 (còn 1016s) ===
2026-04-04 09:44:31,145 -   [Inner 22.1] cost=631.00 no_imp=0/20 (còn 1016s)
2026-04-04 09:44:32,024 -   [Inner 22.2] cost=631.00 no_imp=2/20 (còn 1015s)
2026-04-04 09:44:32,875 -   [Inner 22.3] cost=631.00 no_imp=4/20 (còn 1014s)
2026-04-04 09:44:33,732 -   [Inner 22.4] cost=631.00 no_imp=6/20 (còn 1013s)
2026-04-04 09:44:34,603 -   [Inner 22.5] cost=631.00 no_imp=8/20 (còn 1012s)
2026-04-04 09:44:35,479 -   [Inner 22.6] cost=631.00 no_imp=10/20 (còn 1012s)
2026-04-04 09:44:36,339 -   [Inner 22.7] cost=631.00 no_imp=12/20 (còn 1011s)
2026-04-04 09:44:37,192 -   [Inner 22.8] cost=631.00 no_imp=14/20 (còn 1010s)
2026-04-04 09:44:38,055 -   [Inner 22.9] cost=631.00 no_imp=16/20 (còn 1009s)
2026-04-04 09:44:38,917 -   [Inner 22.10] cost=631.00 no_imp=18/20 (còn 1008s)
2026-04-04 09:44:39,781 -   [Outer 22] Chạy Pairwise MaxSAT...
2026-04-04 09:44:39,782 -   [Outer] Không cải thiện (streak=21)
2026-04-04 09:44:39,782 - === OUTER 23 | cost=631.00 no_imp_streak=21 (còn 1007s) ===
2026-04-04 09:44:39,782 -   [Inner 23.1] cost=631.00 no_imp=0/20 (còn 1007s)
2026-04-04 09:44:40,644 -   [Inner 23.2] cost=631.00 no_imp=2/20 (còn 1006s)
2026-04-04 09:44:41,497 -   [Inner 23.3] cost=631.00 no_imp=4/20 (còn 1006s)
2026-04-04 09:44:42,359 -   [Inner 23.4] cost=631.00 no_imp=6/20 (còn 1005s)
2026-04-04 09:44:43,216 -   [Inner 23.5] cost=631.00 no_imp=8/20 (còn 1004s)
2026-04-04 09:44:44,069 -   [Inner 23.6] cost=631.00 no_imp=10/20 (còn 1003s)
2026-04-04 09:44:44,926 -   [Inner 23.7] cost=631.00 no_imp=12/20 (còn 1002s)
2026-04-04 09:44:45,776 -   [Inner 23.8] cost=631.00 no_imp=14/20 (còn 1001s)
2026-04-04 09:44:46,643 -   [Inner 23.9] cost=631.00 no_imp=16/20 (còn 1000s)
2026-04-04 09:44:47,501 -   [Inner 23.10] cost=631.00 no_imp=18/20 (còn 1000s)
2026-04-04 09:44:48,361 -   [Outer 23] Chạy Pairwise MaxSAT...
2026-04-04 09:44:48,361 -   [Outer] Không cải thiện (streak=22)
2026-04-04 09:44:48,362 - === OUTER 24 | cost=631.00 no_imp_streak=22 (còn 999s) ===
2026-04-04 09:44:48,362 -   [Inner 24.1] cost=631.00 no_imp=0/20 (còn 999s)
2026-04-04 09:44:49,214 -   [Inner 24.2] cost=631.00 no_imp=2/20 (còn 998s)
2026-04-04 09:44:50,069 -   [Inner 24.3] cost=631.00 no_imp=4/20 (còn 997s)
2026-04-04 09:44:50,931 -   [Inner 24.4] cost=631.00 no_imp=6/20 (còn 996s)
2026-04-04 09:44:51,804 -   [Inner 24.5] cost=631.00 no_imp=8/20 (còn 995s)
2026-04-04 09:44:52,675 -   [Inner 24.6] cost=631.00 no_imp=10/20 (còn 994s)
2026-04-04 09:44:53,533 -   [Inner 24.7] cost=631.00 no_imp=12/20 (còn 994s)
2026-04-04 09:44:54,393 -   [Inner 24.8] cost=631.00 no_imp=14/20 (còn 993s)
2026-04-04 09:44:55,246 -   [Inner 24.9] cost=631.00 no_imp=16/20 (còn 992s)
2026-04-04 09:44:56,102 -   [Inner 24.10] cost=631.00 no_imp=18/20 (còn 991s)
2026-04-04 09:44:56,964 -   [Outer 24] Chạy Pairwise MaxSAT...
2026-04-04 09:44:56,964 -   [Outer] Không cải thiện (streak=23)
2026-04-04 09:44:56,964 - === OUTER 25 | cost=631.00 no_imp_streak=23 (còn 990s) ===
2026-04-04 09:44:56,964 -   [Inner 25.1] cost=631.00 no_imp=0/20 (còn 990s)
2026-04-04 09:44:57,817 -   [Inner 25.2] cost=631.00 no_imp=2/20 (còn 989s)
2026-04-04 09:44:58,678 -   [Inner 25.3] cost=631.00 no_imp=4/20 (còn 988s)
2026-04-04 09:44:59,535 -   [Inner 25.4] cost=631.00 no_imp=6/20 (còn 988s)
2026-04-04 09:45:00,405 -   [Inner 25.5] cost=631.00 no_imp=8/20 (còn 987s)
2026-04-04 09:45:01,264 -   [Inner 25.6] cost=631.00 no_imp=10/20 (còn 986s)
2026-04-04 09:45:02,137 -   [Inner 25.7] cost=631.00 no_imp=12/20 (còn 985s)
2026-04-04 09:45:02,999 -   [Inner 25.8] cost=631.00 no_imp=14/20 (còn 984s)
2026-04-04 09:45:03,851 -   [Inner 25.9] cost=631.00 no_imp=16/20 (còn 983s)
2026-04-04 09:45:04,712 -   [Inner 25.10] cost=631.00 no_imp=18/20 (còn 982s)
2026-04-04 09:45:05,575 -   [Outer 25] Chạy Pairwise MaxSAT...
2026-04-04 09:45:05,575 -   [Outer] Không cải thiện (streak=24)
2026-04-04 09:45:05,575 - === OUTER 26 | cost=631.00 no_imp_streak=24 (còn 981s) ===
2026-04-04 09:45:05,575 -   [Inner 26.1] cost=631.00 no_imp=0/20 (còn 981s)
2026-04-04 09:45:06,438 -   [Inner 26.2] cost=631.00 no_imp=2/20 (còn 981s)
2026-04-04 09:45:07,301 -   [Inner 26.3] cost=631.00 no_imp=4/20 (còn 980s)
2026-04-04 09:45:08,155 -   [Inner 26.4] cost=631.00 no_imp=6/20 (còn 979s)
2026-04-04 09:45:09,029 -   [Inner 26.5] cost=631.00 no_imp=8/20 (còn 978s)
2026-04-04 09:45:09,885 -   [Inner 26.6] cost=631.00 no_imp=10/20 (còn 977s)
2026-04-04 09:45:10,750 -   [Inner 26.7] cost=631.00 no_imp=12/20 (còn 976s)
2026-04-04 09:45:11,611 -   [Inner 26.8] cost=631.00 no_imp=14/20 (còn 975s)
2026-04-04 09:45:12,462 -   [Inner 26.9] cost=631.00 no_imp=16/20 (còn 975s)
2026-04-04 09:45:13,320 -   [Inner 26.10] cost=631.00 no_imp=18/20 (còn 974s)
2026-04-04 09:45:14,176 -   [Outer 26] Chạy Pairwise MaxSAT...
2026-04-04 09:45:14,177 -   [Outer] Không cải thiện (streak=25)
2026-04-04 09:45:14,177 - === OUTER 27 | cost=631.00 no_imp_streak=25 (còn 973s) ===
2026-04-04 09:45:14,177 -   [Inner 27.1] cost=631.00 no_imp=0/20 (còn 973s)
2026-04-04 09:45:15,042 -   [Inner 27.2] cost=631.00 no_imp=2/20 (còn 972s)
2026-04-04 09:45:15,893 -   [Inner 27.3] cost=631.00 no_imp=4/20 (còn 971s)
2026-04-04 09:45:16,755 -   [Inner 27.4] cost=631.00 no_imp=6/20 (còn 970s)
2026-04-04 09:45:17,620 -   [Inner 27.5] cost=631.00 no_imp=8/20 (còn 969s)
2026-04-04 09:45:18,481 -   [Inner 27.6] cost=631.00 no_imp=10/20 (còn 969s)
2026-04-04 09:45:19,353 -   [Inner 27.7] cost=631.00 no_imp=12/20 (còn 968s)
2026-04-04 09:45:20,207 -   [Inner 27.8] cost=631.00 no_imp=14/20 (còn 967s)
2026-04-04 09:45:21,071 -   [Inner 27.9] cost=631.00 no_imp=16/20 (còn 966s)
2026-04-04 09:45:21,938 -   [Inner 27.10] cost=631.00 no_imp=18/20 (còn 965s)
2026-04-04 09:45:22,800 -   [Outer 27] Chạy Pairwise MaxSAT...
2026-04-04 09:45:22,800 -   [Outer] Không cải thiện (streak=26)
2026-04-04 09:45:22,800 - === OUTER 28 | cost=631.00 no_imp_streak=26 (còn 964s) ===
2026-04-04 09:45:22,800 -   [Inner 28.1] cost=631.00 no_imp=0/20 (còn 964s)
2026-04-04 09:45:23,660 -   [Inner 28.2] cost=631.00 no_imp=2/20 (còn 963s)
2026-04-04 09:45:24,513 -   [Inner 28.3] cost=631.00 no_imp=4/20 (còn 963s)
2026-04-04 09:45:25,374 -   [Inner 28.4] cost=631.00 no_imp=6/20 (còn 962s)
2026-04-04 09:45:26,237 -   [Inner 28.5] cost=631.00 no_imp=8/20 (còn 961s)
2026-04-04 09:45:27,107 -   [Inner 28.6] cost=631.00 no_imp=10/20 (còn 960s)
2026-04-04 09:45:27,968 -   [Inner 28.7] cost=631.00 no_imp=12/20 (còn 959s)
2026-04-04 09:45:28,828 -   [Inner 28.8] cost=631.00 no_imp=14/20 (còn 958s)
2026-04-04 09:45:29,686 -   [Inner 28.9] cost=631.00 no_imp=16/20 (còn 957s)
2026-04-04 09:45:30,547 -   [Inner 28.10] cost=631.00 no_imp=18/20 (còn 956s)
2026-04-04 09:45:31,409 -   [Outer 28] Chạy Pairwise MaxSAT...
2026-04-04 09:45:31,410 -   [Outer] Không cải thiện (streak=27)
2026-04-04 09:45:31,410 - === OUTER 29 | cost=631.00 no_imp_streak=27 (còn 956s) ===
2026-04-04 09:45:31,410 -   [Inner 29.1] cost=631.00 no_imp=0/20 (còn 956s)
2026-04-04 09:45:32,279 -   [Inner 29.2] cost=631.00 no_imp=2/20 (còn 955s)
2026-04-04 09:45:33,148 -   [Inner 29.3] cost=631.00 no_imp=4/20 (còn 954s)
2026-04-04 09:45:34,000 -   [Inner 29.4] cost=631.00 no_imp=6/20 (còn 953s)
2026-04-04 09:45:34,855 -   [Inner 29.5] cost=631.00 no_imp=8/20 (còn 952s)
2026-04-04 09:45:35,765 -   [Inner 29.6] cost=631.00 no_imp=10/20 (còn 951s)
2026-04-04 09:45:36,630 -   [Inner 29.7] cost=631.00 no_imp=12/20 (còn 950s)
2026-04-04 09:45:37,539 -   [Inner 29.8] cost=631.00 no_imp=14/20 (còn 950s)
2026-04-04 09:45:38,418 -   [Inner 29.9] cost=631.00 no_imp=16/20 (còn 949s)
2026-04-04 09:45:39,279 -   [Inner 29.10] cost=631.00 no_imp=18/20 (còn 948s)
2026-04-04 09:45:40,159 -   [Outer 29] Chạy Pairwise MaxSAT...
2026-04-04 09:45:40,160 -   [Outer] Không cải thiện (streak=28)
2026-04-04 09:45:40,160 - === OUTER 30 | cost=631.00 no_imp_streak=28 (còn 947s) ===
2026-04-04 09:45:40,160 -   [Inner 30.1] cost=631.00 no_imp=0/20 (còn 947s)
2026-04-04 09:45:41,013 -   [Inner 30.2] cost=631.00 no_imp=2/20 (còn 946s)
2026-04-04 09:45:41,869 -   [Inner 30.3] cost=631.00 no_imp=4/20 (còn 945s)
2026-04-04 09:45:42,720 -   [Inner 30.4] cost=631.00 no_imp=6/20 (còn 944s)
2026-04-04 09:45:43,576 -   [Inner 30.5] cost=631.00 no_imp=8/20 (còn 943s)
2026-04-04 09:45:44,437 -   [Inner 30.6] cost=631.00 no_imp=10/20 (còn 943s)
2026-04-04 09:45:45,295 -   [Inner 30.7] cost=631.00 no_imp=12/20 (còn 942s)
2026-04-04 09:45:46,150 -   [Inner 30.8] cost=631.00 no_imp=14/20 (còn 941s)
2026-04-04 09:45:47,016 -   [Inner 30.9] cost=631.00 no_imp=16/20 (còn 940s)
2026-04-04 09:45:47,870 -   [Inner 30.10] cost=631.00 no_imp=18/20 (còn 939s)
2026-04-04 09:45:48,735 -   [Outer 30] Chạy Pairwise MaxSAT...
2026-04-04 09:45:48,735 -   [Outer] Không cải thiện (streak=29)
2026-04-04 09:45:48,735 - === OUTER 31 | cost=631.00 no_imp_streak=29 (còn 938s) ===
2026-04-04 09:45:48,735 -   [Inner 31.1] cost=631.00 no_imp=0/20 (còn 938s)
2026-04-04 09:45:49,593 -   [Inner 31.2] cost=631.00 no_imp=2/20 (còn 937s)
2026-04-04 09:45:50,460 -   [Inner 31.3] cost=631.00 no_imp=4/20 (còn 937s)
2026-04-04 09:45:51,320 -   [Inner 31.4] cost=631.00 no_imp=6/20 (còn 936s)
2026-04-04 09:45:52,196 -   [Inner 31.5] cost=631.00 no_imp=8/20 (còn 935s)
2026-04-04 09:45:53,054 -   [Inner 31.6] cost=631.00 no_imp=10/20 (còn 934s)
2026-04-04 09:45:53,912 -   [Inner 31.7] cost=631.00 no_imp=12/20 (còn 933s)
2026-04-04 09:45:54,766 -   [Inner 31.8] cost=631.00 no_imp=14/20 (còn 932s)
2026-04-04 09:45:55,629 -   [Inner 31.9] cost=631.00 no_imp=16/20 (còn 931s)
2026-04-04 09:45:56,489 -   [Inner 31.10] cost=631.00 no_imp=18/20 (còn 931s)
2026-04-04 09:45:57,353 -   [Outer 31] Chạy Pairwise MaxSAT...
2026-04-04 09:45:57,353 -   [Outer] Không cải thiện (streak=30)
2026-04-04 09:45:57,353 - === OUTER 32 | cost=631.00 no_imp_streak=30 (còn 930s) ===
2026-04-04 09:45:57,353 -   [Inner 32.1] cost=631.00 no_imp=0/20 (còn 930s)
2026-04-04 09:45:58,213 -   [Inner 32.2] cost=631.00 no_imp=2/20 (còn 929s)
2026-04-04 09:45:59,083 -   [Inner 32.3] cost=631.00 no_imp=4/20 (còn 928s)
2026-04-04 09:45:59,937 -   [Inner 32.4] cost=631.00 no_imp=6/20 (còn 927s)
2026-04-04 09:46:00,805 -   [Inner 32.5] cost=631.00 no_imp=8/20 (còn 926s)
2026-04-04 09:46:01,666 -   [Inner 32.6] cost=631.00 no_imp=10/20 (còn 925s)
2026-04-04 09:46:02,537 -   [Inner 32.7] cost=631.00 no_imp=12/20 (còn 925s)
2026-04-04 09:46:03,397 -   [Inner 32.8] cost=631.00 no_imp=14/20 (còn 924s)
2026-04-04 09:46:04,255 -   [Inner 32.9] cost=631.00 no_imp=16/20 (còn 923s)
2026-04-04 09:46:05,114 -   [Inner 32.10] cost=631.00 no_imp=18/20 (còn 922s)
2026-04-04 09:46:05,978 -   [Outer 32] Chạy Pairwise MaxSAT...
2026-04-04 09:46:05,978 -   [Outer] Không cải thiện (streak=31)
2026-04-04 09:46:05,978 - === OUTER 33 | cost=631.00 no_imp_streak=31 (còn 921s) ===
2026-04-04 09:46:05,979 -   [Inner 33.1] cost=631.00 no_imp=0/20 (còn 921s)
2026-04-04 09:46:06,837 -   [Inner 33.2] cost=631.00 no_imp=2/20 (còn 920s)
2026-04-04 09:46:07,702 -   [Inner 33.3] cost=631.00 no_imp=4/20 (còn 919s)
2026-04-04 09:46:08,562 -   [Inner 33.4] cost=631.00 no_imp=6/20 (còn 918s)
2026-04-04 09:46:09,427 -   [Inner 33.5] cost=631.00 no_imp=8/20 (còn 918s)
2026-04-04 09:46:10,282 -   [Inner 33.6] cost=631.00 no_imp=10/20 (còn 917s)
2026-04-04 09:46:11,131 -   [Inner 33.7] cost=631.00 no_imp=12/20 (còn 916s)
2026-04-04 09:46:11,991 -   [Inner 33.8] cost=631.00 no_imp=14/20 (còn 915s)
2026-04-04 09:46:12,841 -   [Inner 33.9] cost=631.00 no_imp=16/20 (còn 914s)
2026-04-04 09:46:13,696 -   [Inner 33.10] cost=631.00 no_imp=18/20 (còn 913s)
2026-04-04 09:46:14,560 -   [Outer 33] Chạy Pairwise MaxSAT...
2026-04-04 09:46:14,560 -   [Outer] Không cải thiện (streak=32)
2026-04-04 09:46:14,560 - === OUTER 34 | cost=631.00 no_imp_streak=32 (còn 912s) ===
2026-04-04 09:46:14,560 -   [Inner 34.1] cost=631.00 no_imp=0/20 (còn 912s)
2026-04-04 09:46:15,421 -   [Inner 34.2] cost=631.00 no_imp=2/20 (còn 912s)
2026-04-04 09:46:16,273 -   [Inner 34.3] cost=631.00 no_imp=4/20 (còn 911s)
2026-04-04 09:46:17,130 -   [Inner 34.4] cost=631.00 no_imp=6/20 (còn 910s)
2026-04-04 09:46:17,996 -   [Inner 34.5] cost=631.00 no_imp=8/20 (còn 909s)
2026-04-04 09:46:18,854 -   [Inner 34.6] cost=631.00 no_imp=10/20 (còn 908s)
2026-04-04 09:46:19,717 -   [Inner 34.7] cost=631.00 no_imp=12/20 (còn 907s)
2026-04-04 09:46:20,580 -   [Inner 34.8] cost=631.00 no_imp=14/20 (còn 906s)
2026-04-04 09:46:21,441 -   [Inner 34.9] cost=631.00 no_imp=16/20 (còn 906s)
2026-04-04 09:46:22,301 -   [Inner 34.10] cost=631.00 no_imp=18/20 (còn 905s)
2026-04-04 09:46:23,154 -   [Outer 34] Chạy Pairwise MaxSAT...
2026-04-04 09:46:23,155 -   [Outer] Không cải thiện (streak=33)
2026-04-04 09:46:23,155 - === OUTER 35 | cost=631.00 no_imp_streak=33 (còn 904s) ===
2026-04-04 09:46:23,155 -   [Inner 35.1] cost=631.00 no_imp=0/20 (còn 904s)
2026-04-04 09:46:24,019 -   [Inner 35.2] cost=631.00 no_imp=2/20 (còn 903s)
2026-04-04 09:46:24,872 -   [Inner 35.3] cost=631.00 no_imp=4/20 (còn 902s)
2026-04-04 09:46:25,734 -   [Inner 35.4] cost=631.00 no_imp=6/20 (còn 901s)
2026-04-04 09:46:26,596 -   [Inner 35.5] cost=631.00 no_imp=8/20 (còn 900s)
2026-04-04 09:46:27,452 -   [Inner 35.6] cost=631.00 no_imp=10/20 (còn 900s)
2026-04-04 09:46:28,313 -   [Inner 35.7] cost=631.00 no_imp=12/20 (còn 899s)
2026-04-04 09:46:29,165 -   [Inner 35.8] cost=631.00 no_imp=14/20 (còn 898s)
2026-04-04 09:46:30,025 -   [Inner 35.9] cost=631.00 no_imp=16/20 (còn 897s)
2026-04-04 09:46:30,876 -   [Inner 35.10] cost=631.00 no_imp=18/20 (còn 896s)
2026-04-04 09:46:31,741 -   [Outer 35] Chạy Pairwise MaxSAT...
2026-04-04 09:46:31,742 -   [Outer] Không cải thiện (streak=34)
2026-04-04 09:46:31,742 - === OUTER 36 | cost=631.00 no_imp_streak=34 (còn 895s) ===
2026-04-04 09:46:31,742 -   [Inner 36.1] cost=631.00 no_imp=0/20 (còn 895s)
2026-04-04 09:46:32,610 -   [Inner 36.2] cost=631.00 no_imp=2/20 (còn 894s)
2026-04-04 09:46:33,468 -   [Inner 36.3] cost=631.00 no_imp=4/20 (còn 894s)
2026-04-04 09:46:34,330 -   [Inner 36.4] cost=631.00 no_imp=6/20 (còn 893s)
2026-04-04 09:46:35,183 -   [Inner 36.5] cost=631.00 no_imp=8/20 (còn 892s)
2026-04-04 09:46:36,049 -   [Inner 36.6] cost=631.00 no_imp=10/20 (còn 891s)
2026-04-04 09:46:36,900 -   [Inner 36.7] cost=631.00 no_imp=12/20 (còn 890s)
2026-04-04 09:46:37,761 -   [Inner 36.8] cost=631.00 no_imp=14/20 (còn 889s)
2026-04-04 09:46:38,617 -   [Inner 36.9] cost=631.00 no_imp=16/20 (còn 888s)
2026-04-04 09:46:39,472 -   [Inner 36.10] cost=631.00 no_imp=18/20 (còn 888s)
2026-04-04 09:46:40,335 -   [Outer 36] Chạy Pairwise MaxSAT...
2026-04-04 09:46:40,336 -   [Outer] Không cải thiện (streak=35)
2026-04-04 09:46:40,336 - === OUTER 37 | cost=631.00 no_imp_streak=35 (còn 887s) ===
2026-04-04 09:46:40,336 -   [Inner 37.1] cost=631.00 no_imp=0/20 (còn 887s)
2026-04-04 09:46:41,191 -   [Inner 37.2] cost=631.00 no_imp=2/20 (còn 886s)
2026-04-04 09:46:42,055 -   [Inner 37.3] cost=631.00 no_imp=4/20 (còn 885s)
2026-04-04 09:46:42,910 -   [Inner 37.4] cost=631.00 no_imp=6/20 (còn 884s)
2026-04-04 09:46:43,776 -   [Inner 37.5] cost=631.00 no_imp=8/20 (còn 883s)
2026-04-04 09:46:44,642 -   [Inner 37.6] cost=631.00 no_imp=10/20 (còn 882s)
2026-04-04 09:46:45,495 -   [Inner 37.7] cost=631.00 no_imp=12/20 (còn 882s)
2026-04-04 09:46:46,358 -   [Inner 37.8] cost=631.00 no_imp=14/20 (còn 881s)
2026-04-04 09:46:47,215 -   [Inner 37.9] cost=631.00 no_imp=16/20 (còn 880s)
2026-04-04 09:46:48,082 -   [Inner 37.10] cost=631.00 no_imp=18/20 (còn 879s)
2026-04-04 09:46:48,939 -   [Outer 37] Chạy Pairwise MaxSAT...
2026-04-04 09:46:48,940 -   [Outer] Không cải thiện (streak=36)
2026-04-04 09:46:48,940 - === OUTER 38 | cost=631.00 no_imp_streak=36 (còn 878s) ===
2026-04-04 09:46:48,940 -   [Inner 38.1] cost=631.00 no_imp=0/20 (còn 878s)
2026-04-04 09:46:49,804 -   [Inner 38.2] cost=631.00 no_imp=2/20 (còn 877s)
2026-04-04 09:46:50,666 -   [Inner 38.3] cost=631.00 no_imp=4/20 (còn 876s)
2026-04-04 09:46:51,524 -   [Inner 38.4] cost=631.00 no_imp=6/20 (còn 876s)
2026-04-04 09:46:52,397 -   [Inner 38.5] cost=631.00 no_imp=8/20 (còn 875s)
2026-04-04 09:46:53,252 -   [Inner 38.6] cost=631.00 no_imp=10/20 (còn 874s)
2026-04-04 09:46:54,117 -   [Inner 38.7] cost=631.00 no_imp=12/20 (còn 873s)
2026-04-04 09:46:54,975 -   [Inner 38.8] cost=631.00 no_imp=14/20 (còn 872s)
2026-04-04 09:46:55,830 -   [Inner 38.9] cost=631.00 no_imp=16/20 (còn 871s)
2026-04-04 09:46:56,681 -   [Inner 38.10] cost=631.00 no_imp=18/20 (còn 870s)
2026-04-04 09:46:57,535 -   [Outer 38] Chạy Pairwise MaxSAT...
2026-04-04 09:46:57,536 -   [Outer] Không cải thiện (streak=37)
2026-04-04 09:46:57,536 - === OUTER 39 | cost=631.00 no_imp_streak=37 (còn 870s) ===
2026-04-04 09:46:57,536 -   [Inner 39.1] cost=631.00 no_imp=0/20 (còn 870s)
2026-04-04 09:46:58,399 -   [Inner 39.2] cost=631.00 no_imp=2/20 (còn 869s)
2026-04-04 09:46:59,256 -   [Inner 39.3] cost=631.00 no_imp=4/20 (còn 868s)
2026-04-04 09:47:00,119 -   [Inner 39.4] cost=631.00 no_imp=6/20 (còn 867s)
2026-04-04 09:47:00,970 -   [Inner 39.5] cost=631.00 no_imp=8/20 (còn 866s)
2026-04-04 09:47:01,837 -   [Inner 39.6] cost=631.00 no_imp=10/20 (còn 865s)
2026-04-04 09:47:02,692 -   [Inner 39.7] cost=631.00 no_imp=12/20 (còn 864s)
2026-04-04 09:47:03,548 -   [Inner 39.8] cost=631.00 no_imp=14/20 (còn 863s)
2026-04-04 09:47:04,406 -   [Inner 39.9] cost=631.00 no_imp=16/20 (còn 863s)
2026-04-04 09:47:05,264 -   [Inner 39.10] cost=631.00 no_imp=18/20 (còn 862s)
2026-04-04 09:47:06,125 -   [Outer 39] Chạy Pairwise MaxSAT...
2026-04-04 09:47:06,126 -   [Outer] Không cải thiện (streak=38)
2026-04-04 09:47:06,126 - === OUTER 40 | cost=631.00 no_imp_streak=38 (còn 861s) ===
2026-04-04 09:47:06,126 -   [Inner 40.1] cost=631.00 no_imp=0/20 (còn 861s)
2026-04-04 09:47:06,986 -   [Inner 40.2] cost=631.00 no_imp=2/20 (còn 860s)
2026-04-04 09:47:07,845 -   [Inner 40.3] cost=631.00 no_imp=4/20 (còn 859s)
2026-04-04 09:47:08,706 -   [Inner 40.4] cost=631.00 no_imp=6/20 (còn 858s)
2026-04-04 09:47:09,560 -   [Inner 40.5] cost=631.00 no_imp=8/20 (còn 857s)
2026-04-04 09:47:10,419 -   [Inner 40.6] cost=631.00 no_imp=10/20 (còn 857s)
2026-04-04 09:47:11,280 -   [Inner 40.7] cost=631.00 no_imp=12/20 (còn 856s)
2026-04-04 09:47:12,142 -   [Inner 40.8] cost=631.00 no_imp=14/20 (còn 855s)
2026-04-04 09:47:12,990 -   [Inner 40.9] cost=631.00 no_imp=16/20 (còn 854s)
2026-04-04 09:47:13,843 -   [Inner 40.10] cost=631.00 no_imp=18/20 (còn 853s)
2026-04-04 09:47:14,701 -   [Outer 40] Chạy Pairwise MaxSAT...
2026-04-04 09:47:14,701 -   [Outer] Không cải thiện (streak=39)
2026-04-04 09:47:14,701 - === OUTER 41 | cost=631.00 no_imp_streak=39 (còn 852s) ===
2026-04-04 09:47:14,701 -   [Inner 41.1] cost=631.00 no_imp=0/20 (còn 852s)
2026-04-04 09:47:15,558 -   [Inner 41.2] cost=631.00 no_imp=2/20 (còn 851s)
2026-04-04 09:47:16,422 -   [Inner 41.3] cost=631.00 no_imp=4/20 (còn 851s)
2026-04-04 09:47:17,279 -   [Inner 41.4] cost=631.00 no_imp=6/20 (còn 850s)
2026-04-04 09:47:18,140 -   [Inner 41.5] cost=631.00 no_imp=8/20 (còn 849s)
2026-04-04 09:47:18,995 -   [Inner 41.6] cost=631.00 no_imp=10/20 (còn 848s)
2026-04-04 09:47:19,852 -   [Inner 41.7] cost=631.00 no_imp=12/20 (còn 847s)
2026-04-04 09:47:20,712 -   [Inner 41.8] cost=631.00 no_imp=14/20 (còn 846s)
2026-04-04 09:47:21,572 -   [Inner 41.9] cost=631.00 no_imp=16/20 (còn 845s)
2026-04-04 09:47:22,441 -   [Inner 41.10] cost=631.00 no_imp=18/20 (còn 845s)
2026-04-04 09:47:23,299 -   [Outer 41] Chạy Pairwise MaxSAT...
2026-04-04 09:47:23,299 -   [Outer] Không cải thiện (streak=40)
2026-04-04 09:47:23,299 - === OUTER 42 | cost=631.00 no_imp_streak=40 (còn 844s) ===
2026-04-04 09:47:23,300 -   [Inner 42.1] cost=631.00 no_imp=0/20 (còn 844s)
2026-04-04 09:47:24,161 -   [Inner 42.2] cost=631.00 no_imp=2/20 (còn 843s)
2026-04-04 09:47:25,020 -   [Inner 42.3] cost=631.00 no_imp=4/20 (còn 842s)
2026-04-04 09:47:25,880 -   [Inner 42.4] cost=631.00 no_imp=6/20 (còn 841s)
2026-04-04 09:47:26,748 -   [Inner 42.5] cost=631.00 no_imp=8/20 (còn 840s)
2026-04-04 09:47:27,612 -   [Inner 42.6] cost=631.00 no_imp=10/20 (còn 839s)
2026-04-04 09:47:28,468 -   [Inner 42.7] cost=631.00 no_imp=12/20 (còn 839s)
2026-04-04 09:47:29,326 -   [Inner 42.8] cost=631.00 no_imp=14/20 (còn 838s)
2026-04-04 09:47:30,186 -   [Inner 42.9] cost=631.00 no_imp=16/20 (còn 837s)
2026-04-04 09:47:31,045 -   [Inner 42.10] cost=631.00 no_imp=18/20 (còn 836s)
2026-04-04 09:47:31,946 -   [Outer 42] Chạy Pairwise MaxSAT...
2026-04-04 09:47:31,947 -   [Outer] Không cải thiện (streak=41)
2026-04-04 09:47:31,947 - === OUTER 43 | cost=631.00 no_imp_streak=41 (còn 835s) ===
2026-04-04 09:47:31,947 -   [Inner 43.1] cost=631.00 no_imp=0/20 (còn 835s)
2026-04-04 09:47:32,815 -   [Inner 43.2] cost=631.00 no_imp=2/20 (còn 834s)
2026-04-04 09:47:33,679 -   [Inner 43.3] cost=631.00 no_imp=4/20 (còn 833s)
2026-04-04 09:47:34,555 -   [Inner 43.4] cost=631.00 no_imp=6/20 (còn 832s)
2026-04-04 09:47:35,416 -   [Inner 43.5] cost=631.00 no_imp=8/20 (còn 832s)
2026-04-04 09:47:36,275 -   [Inner 43.6] cost=631.00 no_imp=10/20 (còn 831s)
2026-04-04 09:47:37,140 -   [Inner 43.7] cost=631.00 no_imp=12/20 (còn 830s)
2026-04-04 09:47:37,990 -   [Inner 43.8] cost=631.00 no_imp=14/20 (còn 829s)
2026-04-04 09:47:38,856 -   [Inner 43.9] cost=631.00 no_imp=16/20 (còn 828s)
2026-04-04 09:47:39,709 -   [Inner 43.10] cost=631.00 no_imp=18/20 (còn 827s)
2026-04-04 09:47:40,571 -   [Outer 43] Chạy Pairwise MaxSAT...
2026-04-04 09:47:40,571 -   [Outer] Không cải thiện (streak=42)
2026-04-04 09:47:40,571 - === OUTER 44 | cost=631.00 no_imp_streak=42 (còn 826s) ===
2026-04-04 09:47:40,572 -   [Inner 44.1] cost=631.00 no_imp=0/20 (còn 826s)
2026-04-04 09:47:41,428 -   [Inner 44.2] cost=631.00 no_imp=2/20 (còn 826s)
2026-04-04 09:47:42,286 -   [Inner 44.3] cost=631.00 no_imp=4/20 (còn 825s)
2026-04-04 09:47:43,150 -   [Inner 44.4] cost=631.00 no_imp=6/20 (còn 824s)
2026-04-04 09:47:44,005 -   [Inner 44.5] cost=631.00 no_imp=8/20 (còn 823s)
2026-04-04 09:47:44,869 -   [Inner 44.6] cost=631.00 no_imp=10/20 (còn 822s)
2026-04-04 09:47:45,722 -   [Inner 44.7] cost=631.00 no_imp=12/20 (còn 821s)
2026-04-04 09:47:46,583 -   [Inner 44.8] cost=631.00 no_imp=14/20 (còn 820s)
2026-04-04 09:47:47,431 -   [Inner 44.9] cost=631.00 no_imp=16/20 (còn 820s)
2026-04-04 09:47:48,307 -   [Inner 44.10] cost=631.00 no_imp=18/20 (còn 819s)
2026-04-04 09:47:49,170 -   [Outer 44] Chạy Pairwise MaxSAT...
2026-04-04 09:47:49,170 -   [Outer] Không cải thiện (streak=43)
2026-04-04 09:47:49,170 - === OUTER 45 | cost=631.00 no_imp_streak=43 (còn 818s) ===
2026-04-04 09:47:49,170 -   [Inner 45.1] cost=631.00 no_imp=0/20 (còn 818s)
2026-04-04 09:47:50,037 -   [Inner 45.2] cost=631.00 no_imp=2/20 (còn 817s)
2026-04-04 09:47:50,904 -   [Inner 45.3] cost=631.00 no_imp=4/20 (còn 816s)
2026-04-04 09:47:51,760 -   [Inner 45.4] cost=631.00 no_imp=6/20 (còn 815s)
2026-04-04 09:47:52,646 -   [Inner 45.5] cost=631.00 no_imp=8/20 (còn 814s)
2026-04-04 09:47:53,496 -   [Inner 45.6] cost=631.00 no_imp=10/20 (còn 814s)
2026-04-04 09:47:54,348 -   [Inner 45.7] cost=631.00 no_imp=12/20 (còn 813s)
2026-04-04 09:47:55,206 -   [Inner 45.8] cost=631.00 no_imp=14/20 (còn 812s)
2026-04-04 09:47:56,062 -   [Inner 45.9] cost=631.00 no_imp=16/20 (còn 811s)
2026-04-04 09:47:56,928 -   [Inner 45.10] cost=631.00 no_imp=18/20 (còn 810s)
2026-04-04 09:47:57,785 -   [Outer 45] Chạy Pairwise MaxSAT...
2026-04-04 09:47:57,785 -   [Outer] Không cải thiện (streak=44)
2026-04-04 09:47:57,786 - === OUTER 46 | cost=631.00 no_imp_streak=44 (còn 809s) ===
2026-04-04 09:47:57,786 -   [Inner 46.1] cost=631.00 no_imp=0/20 (còn 809s)
2026-04-04 09:47:58,640 -   [Inner 46.2] cost=631.00 no_imp=2/20 (còn 808s)
2026-04-04 09:47:59,498 -   [Inner 46.3] cost=631.00 no_imp=4/20 (còn 808s)
2026-04-04 09:48:00,357 -   [Inner 46.4] cost=631.00 no_imp=6/20 (còn 807s)
2026-04-04 09:48:01,209 -   [Inner 46.5] cost=631.00 no_imp=8/20 (còn 806s)
2026-04-04 09:48:02,078 -   [Inner 46.6] cost=631.00 no_imp=10/20 (còn 805s)
2026-04-04 09:48:02,938 -   [Inner 46.7] cost=631.00 no_imp=12/20 (còn 804s)
2026-04-04 09:48:03,796 -   [Inner 46.8] cost=631.00 no_imp=14/20 (còn 803s)
2026-04-04 09:48:04,652 -   [Inner 46.9] cost=631.00 no_imp=16/20 (còn 802s)
2026-04-04 09:48:05,515 -   [Inner 46.10] cost=631.00 no_imp=18/20 (còn 802s)
2026-04-04 09:48:06,371 -   [Outer 46] Chạy Pairwise MaxSAT...
2026-04-04 09:48:06,372 -   [Outer] Không cải thiện (streak=45)
2026-04-04 09:48:06,372 - === OUTER 47 | cost=631.00 no_imp_streak=45 (còn 801s) ===
2026-04-04 09:48:06,372 -   [Inner 47.1] cost=631.00 no_imp=0/20 (còn 801s)
2026-04-04 09:48:07,240 -   [Inner 47.2] cost=631.00 no_imp=2/20 (còn 800s)
2026-04-04 09:48:08,089 -   [Inner 47.3] cost=631.00 no_imp=4/20 (còn 799s)
2026-04-04 09:48:08,948 -   [Inner 47.4] cost=631.00 no_imp=6/20 (còn 798s)
2026-04-04 09:48:09,801 -   [Inner 47.5] cost=631.00 no_imp=8/20 (còn 797s)
2026-04-04 09:48:10,661 -   [Inner 47.6] cost=631.00 no_imp=10/20 (còn 796s)
2026-04-04 09:48:11,518 -   [Inner 47.7] cost=631.00 no_imp=12/20 (còn 796s)
2026-04-04 09:48:12,372 -   [Inner 47.8] cost=631.00 no_imp=14/20 (còn 795s)
2026-04-04 09:48:13,228 -   [Inner 47.9] cost=631.00 no_imp=16/20 (còn 794s)
2026-04-04 09:48:14,083 -   [Inner 47.10] cost=631.00 no_imp=18/20 (còn 793s)
2026-04-04 09:48:14,942 -   [Outer 47] Chạy Pairwise MaxSAT...
2026-04-04 09:48:14,943 -   [Outer] Không cải thiện (streak=46)
2026-04-04 09:48:14,943 - === OUTER 48 | cost=631.00 no_imp_streak=46 (còn 792s) ===
2026-04-04 09:48:14,943 -   [Inner 48.1] cost=631.00 no_imp=0/20 (còn 792s)
2026-04-04 09:48:15,798 -   [Inner 48.2] cost=631.00 no_imp=2/20 (còn 791s)
2026-04-04 09:48:16,653 -   [Inner 48.3] cost=631.00 no_imp=4/20 (còn 790s)
2026-04-04 09:48:17,506 -   [Inner 48.4] cost=631.00 no_imp=6/20 (còn 790s)
2026-04-04 09:48:18,365 -   [Inner 48.5] cost=631.00 no_imp=8/20 (còn 789s)
2026-04-04 09:48:19,234 -   [Inner 48.6] cost=631.00 no_imp=10/20 (còn 788s)
2026-04-04 09:48:20,091 -   [Inner 48.7] cost=631.00 no_imp=12/20 (còn 787s)
2026-04-04 09:48:20,949 -   [Inner 48.8] cost=631.00 no_imp=14/20 (còn 786s)
2026-04-04 09:48:21,814 -   [Inner 48.9] cost=631.00 no_imp=16/20 (còn 785s)
2026-04-04 09:48:22,672 -   [Inner 48.10] cost=631.00 no_imp=18/20 (còn 784s)
2026-04-04 09:48:23,535 -   [Outer 48] Chạy Pairwise MaxSAT...
2026-04-04 09:48:23,536 -   [Outer] Không cải thiện (streak=47)
2026-04-04 09:48:23,536 - === OUTER 49 | cost=631.00 no_imp_streak=47 (còn 784s) ===
2026-04-04 09:48:23,536 -   [Inner 49.1] cost=631.00 no_imp=0/20 (còn 784s)
2026-04-04 09:48:24,395 -   [Inner 49.2] cost=631.00 no_imp=2/20 (còn 783s)
2026-04-04 09:48:25,253 -   [Inner 49.3] cost=631.00 no_imp=4/20 (còn 782s)
2026-04-04 09:48:26,105 -   [Inner 49.4] cost=631.00 no_imp=6/20 (còn 781s)
2026-04-04 09:48:26,964 -   [Inner 49.5] cost=631.00 no_imp=8/20 (còn 780s)
2026-04-04 09:48:27,829 -   [Inner 49.6] cost=631.00 no_imp=10/20 (còn 779s)
2026-04-04 09:48:28,684 -   [Inner 49.7] cost=631.00 no_imp=12/20 (còn 778s)
2026-04-04 09:48:29,550 -   [Inner 49.8] cost=631.00 no_imp=14/20 (còn 777s)
2026-04-04 09:48:30,407 -   [Inner 49.9] cost=631.00 no_imp=16/20 (còn 777s)
2026-04-04 09:48:31,266 -   [Inner 49.10] cost=631.00 no_imp=18/20 (còn 776s)
2026-04-04 09:48:32,129 -   [Outer 49] Chạy Pairwise MaxSAT...
2026-04-04 09:48:32,129 -   [Outer] Không cải thiện (streak=48)
2026-04-04 09:48:32,130 - === OUTER 50 | cost=631.00 no_imp_streak=48 (còn 775s) ===
2026-04-04 09:48:32,130 -   [Inner 50.1] cost=631.00 no_imp=0/20 (còn 775s)
2026-04-04 09:48:32,990 -   [Inner 50.2] cost=631.00 no_imp=2/20 (còn 774s)
2026-04-04 09:48:33,878 -   [Inner 50.3] cost=631.00 no_imp=4/20 (còn 773s)
2026-04-04 09:48:34,735 -   [Inner 50.4] cost=631.00 no_imp=6/20 (còn 772s)
2026-04-04 09:48:35,603 -   [Inner 50.5] cost=631.00 no_imp=8/20 (còn 771s)
2026-04-04 09:48:36,461 -   [Inner 50.6] cost=631.00 no_imp=10/20 (còn 771s)
2026-04-04 09:48:37,330 -   [Inner 50.7] cost=631.00 no_imp=12/20 (còn 770s)
2026-04-04 09:48:38,186 -   [Inner 50.8] cost=631.00 no_imp=14/20 (còn 769s)
2026-04-04 09:48:39,044 -   [Inner 50.9] cost=631.00 no_imp=16/20 (còn 768s)
2026-04-04 09:48:39,899 -   [Inner 50.10] cost=631.00 no_imp=18/20 (còn 767s)
2026-04-04 09:48:40,756 -   [Outer 50] Chạy Pairwise MaxSAT...
2026-04-04 09:48:40,756 -   [Outer] Không cải thiện (streak=49)
2026-04-04 09:48:40,757 - === OUTER 51 | cost=631.00 no_imp_streak=49 (còn 766s) ===
2026-04-04 09:48:40,757 -   [Inner 51.1] cost=631.00 no_imp=0/20 (còn 766s)
2026-04-04 09:48:41,620 -   [Inner 51.2] cost=631.00 no_imp=2/20 (còn 765s)
2026-04-04 09:48:42,475 -   [Inner 51.3] cost=631.00 no_imp=4/20 (còn 765s)
2026-04-04 09:48:43,342 -   [Inner 51.4] cost=631.00 no_imp=6/20 (còn 764s)
2026-04-04 09:48:44,191 -   [Inner 51.5] cost=631.00 no_imp=8/20 (còn 763s)
2026-04-04 09:48:45,046 -   [Inner 51.6] cost=631.00 no_imp=10/20 (còn 762s)
2026-04-04 09:48:45,903 -   [Inner 51.7] cost=631.00 no_imp=12/20 (còn 761s)
2026-04-04 09:48:46,757 -   [Inner 51.8] cost=631.00 no_imp=14/20 (còn 760s)
2026-04-04 09:48:47,615 -   [Inner 51.9] cost=631.00 no_imp=16/20 (còn 759s)
2026-04-04 09:48:48,468 -   [Inner 51.10] cost=631.00 no_imp=18/20 (còn 759s)
2026-04-04 09:48:49,330 -   [Outer 51] Chạy Pairwise MaxSAT...
2026-04-04 09:48:49,331 -   [Outer] Không cải thiện (streak=50)
2026-04-04 09:48:49,331 - === OUTER 52 | cost=631.00 no_imp_streak=50 (còn 758s) ===
2026-04-04 09:48:49,331 -   [Inner 52.1] cost=631.00 no_imp=0/20 (còn 758s)
2026-04-04 09:48:50,186 -   [Inner 52.2] cost=631.00 no_imp=2/20 (còn 757s)
2026-04-04 09:48:51,046 -   [Inner 52.3] cost=631.00 no_imp=4/20 (còn 756s)
2026-04-04 09:48:51,912 -   [Inner 52.4] cost=631.00 no_imp=6/20 (còn 755s)
2026-04-04 09:48:52,799 -   [Inner 52.5] cost=631.00 no_imp=8/20 (còn 754s)
2026-04-04 09:48:53,663 -   [Inner 52.6] cost=631.00 no_imp=10/20 (còn 753s)
2026-04-04 09:48:54,524 -   [Inner 52.7] cost=631.00 no_imp=12/20 (còn 753s)
2026-04-04 09:48:55,375 -   [Inner 52.8] cost=631.00 no_imp=14/20 (còn 752s)
2026-04-04 09:48:56,235 -   [Inner 52.9] cost=631.00 no_imp=16/20 (còn 751s)
2026-04-04 09:48:57,096 -   [Inner 52.10] cost=631.00 no_imp=18/20 (còn 750s)
2026-04-04 09:48:57,958 -   [Outer 52] Chạy Pairwise MaxSAT...
2026-04-04 09:48:57,958 -   [Outer] Không cải thiện (streak=51)
2026-04-04 09:48:57,958 - === OUTER 53 | cost=631.00 no_imp_streak=51 (còn 749s) ===
2026-04-04 09:48:57,958 -   [Inner 53.1] cost=631.00 no_imp=0/20 (còn 749s)
2026-04-04 09:48:58,818 -   [Inner 53.2] cost=631.00 no_imp=2/20 (còn 748s)
2026-04-04 09:48:59,679 -   [Inner 53.3] cost=631.00 no_imp=4/20 (còn 747s)
2026-04-04 09:49:00,546 -   [Inner 53.4] cost=631.00 no_imp=6/20 (còn 746s)
2026-04-04 09:49:01,397 -   [Inner 53.5] cost=631.00 no_imp=8/20 (còn 746s)
2026-04-04 09:49:02,277 -   [Inner 53.6] cost=631.00 no_imp=10/20 (còn 745s)
2026-04-04 09:49:03,136 -   [Inner 53.7] cost=631.00 no_imp=12/20 (còn 744s)
2026-04-04 09:49:04,000 -   [Inner 53.8] cost=631.00 no_imp=14/20 (còn 743s)
2026-04-04 09:49:04,855 -   [Inner 53.9] cost=631.00 no_imp=16/20 (còn 742s)
2026-04-04 09:49:05,715 -   [Inner 53.10] cost=631.00 no_imp=18/20 (còn 741s)
2026-04-04 09:49:06,574 -   [Outer 53] Chạy Pairwise MaxSAT...
2026-04-04 09:49:06,574 -   [Outer] Không cải thiện (streak=52)
2026-04-04 09:49:06,574 - === OUTER 54 | cost=631.00 no_imp_streak=52 (còn 740s) ===
2026-04-04 09:49:06,575 -   [Inner 54.1] cost=631.00 no_imp=0/20 (còn 740s)
2026-04-04 09:49:07,433 -   [Inner 54.2] cost=631.00 no_imp=2/20 (còn 740s)
2026-04-04 09:49:08,287 -   [Inner 54.3] cost=631.00 no_imp=4/20 (còn 739s)
2026-04-04 09:49:09,144 -   [Inner 54.4] cost=631.00 no_imp=6/20 (còn 738s)
2026-04-04 09:49:10,000 -   [Inner 54.5] cost=631.00 no_imp=8/20 (còn 737s)
2026-04-04 09:49:10,855 -   [Inner 54.6] cost=631.00 no_imp=10/20 (còn 736s)
2026-04-04 09:49:11,711 -   [Inner 54.7] cost=631.00 no_imp=12/20 (còn 735s)
2026-04-04 09:49:12,566 -   [Inner 54.8] cost=631.00 no_imp=14/20 (còn 734s)
2026-04-04 09:49:13,420 -   [Inner 54.9] cost=631.00 no_imp=16/20 (còn 734s)
2026-04-04 09:49:14,276 -   [Inner 54.10] cost=631.00 no_imp=18/20 (còn 733s)
2026-04-04 09:49:15,134 -   [Outer 54] Chạy Pairwise MaxSAT...
2026-04-04 09:49:15,135 -   [Outer] Không cải thiện (streak=53)
2026-04-04 09:49:15,135 - === OUTER 55 | cost=631.00 no_imp_streak=53 (còn 732s) ===
2026-04-04 09:49:15,135 -   [Inner 55.1] cost=631.00 no_imp=0/20 (còn 732s)
2026-04-04 09:49:15,997 -   [Inner 55.2] cost=631.00 no_imp=2/20 (còn 731s)
2026-04-04 09:49:16,850 -   [Inner 55.3] cost=631.00 no_imp=4/20 (còn 730s)
2026-04-04 09:49:17,700 -   [Inner 55.4] cost=631.00 no_imp=6/20 (còn 729s)
2026-04-04 09:49:18,563 -   [Inner 55.5] cost=631.00 no_imp=8/20 (còn 728s)
2026-04-04 09:49:19,426 -   [Inner 55.6] cost=631.00 no_imp=10/20 (còn 728s)
2026-04-04 09:49:20,295 -   [Inner 55.7] cost=631.00 no_imp=12/20 (còn 727s)
2026-04-04 09:49:21,152 -   [Inner 55.8] cost=631.00 no_imp=14/20 (còn 726s)
2026-04-04 09:49:22,014 -   [Inner 55.9] cost=631.00 no_imp=16/20 (còn 725s)
2026-04-04 09:49:22,881 -   [Inner 55.10] cost=631.00 no_imp=18/20 (còn 724s)
2026-04-04 09:49:23,748 -   [Outer 55] Chạy Pairwise MaxSAT...
2026-04-04 09:49:23,748 -   [Outer] Không cải thiện (streak=54)
2026-04-04 09:49:23,749 - === OUTER 56 | cost=631.00 no_imp_streak=54 (còn 723s) ===
2026-04-04 09:49:23,749 -   [Inner 56.1] cost=631.00 no_imp=0/20 (còn 723s)
2026-04-04 09:49:24,607 -   [Inner 56.2] cost=631.00 no_imp=2/20 (còn 722s)
2026-04-04 09:49:25,459 -   [Inner 56.3] cost=631.00 no_imp=4/20 (còn 722s)
2026-04-04 09:49:26,316 -   [Inner 56.4] cost=631.00 no_imp=6/20 (còn 721s)
2026-04-04 09:49:27,171 -   [Inner 56.5] cost=631.00 no_imp=8/20 (còn 720s)
2026-04-04 09:49:28,033 -   [Inner 56.6] cost=631.00 no_imp=10/20 (còn 719s)
2026-04-04 09:49:28,883 -   [Inner 56.7] cost=631.00 no_imp=12/20 (còn 718s)
2026-04-04 09:49:29,741 -   [Inner 56.8] cost=631.00 no_imp=14/20 (còn 717s)
2026-04-04 09:49:30,610 -   [Inner 56.9] cost=631.00 no_imp=16/20 (còn 716s)
2026-04-04 09:49:31,462 -   [Inner 56.10] cost=631.00 no_imp=18/20 (còn 716s)
2026-04-04 09:49:32,334 -   [Outer 56] Chạy Pairwise MaxSAT...
2026-04-04 09:49:32,335 -   [Outer] Không cải thiện (streak=55)
2026-04-04 09:49:32,335 - === OUTER 57 | cost=631.00 no_imp_streak=55 (còn 715s) ===
2026-04-04 09:49:32,335 -   [Inner 57.1] cost=631.00 no_imp=0/20 (còn 715s)
2026-04-04 09:49:33,193 -   [Inner 57.2] cost=631.00 no_imp=2/20 (còn 714s)
2026-04-04 09:49:34,057 -   [Inner 57.3] cost=631.00 no_imp=4/20 (còn 713s)
2026-04-04 09:49:34,904 -   [Inner 57.4] cost=631.00 no_imp=6/20 (còn 712s)
2026-04-04 09:49:35,759 -   [Inner 57.5] cost=631.00 no_imp=8/20 (còn 711s)
2026-04-04 09:49:36,624 -   [Inner 57.6] cost=631.00 no_imp=10/20 (còn 710s)
2026-04-04 09:49:37,477 -   [Inner 57.7] cost=631.00 no_imp=12/20 (còn 710s)
2026-04-04 09:49:38,345 -   [Inner 57.8] cost=631.00 no_imp=14/20 (còn 709s)
2026-04-04 09:49:39,205 -   [Inner 57.9] cost=631.00 no_imp=16/20 (còn 708s)
2026-04-04 09:49:40,066 -   [Inner 57.10] cost=631.00 no_imp=18/20 (còn 707s)
2026-04-04 09:49:40,924 -   [Outer 57] Chạy Pairwise MaxSAT...
2026-04-04 09:49:40,925 -   [Outer] Không cải thiện (streak=56)
2026-04-04 09:49:40,925 - === OUTER 58 | cost=631.00 no_imp_streak=56 (còn 706s) ===
2026-04-04 09:49:40,925 -   [Inner 58.1] cost=631.00 no_imp=0/20 (còn 706s)
2026-04-04 09:49:41,780 -   [Inner 58.2] cost=631.00 no_imp=2/20 (còn 705s)
2026-04-04 09:49:42,648 -   [Inner 58.3] cost=631.00 no_imp=4/20 (còn 704s)
2026-04-04 09:49:43,507 -   [Inner 58.4] cost=631.00 no_imp=6/20 (còn 704s)
2026-04-04 09:49:44,371 -   [Inner 58.5] cost=631.00 no_imp=8/20 (còn 703s)
2026-04-04 09:49:45,221 -   [Inner 58.6] cost=631.00 no_imp=10/20 (còn 702s)
2026-04-04 09:49:46,080 -   [Inner 58.7] cost=631.00 no_imp=12/20 (còn 701s)
2026-04-04 09:49:46,942 -   [Inner 58.8] cost=631.00 no_imp=14/20 (còn 700s)
2026-04-04 09:49:47,799 -   [Inner 58.9] cost=631.00 no_imp=16/20 (còn 699s)
2026-04-04 09:49:48,664 -   [Inner 58.10] cost=631.00 no_imp=18/20 (còn 698s)
2026-04-04 09:49:49,521 -   [Outer 58] Chạy Pairwise MaxSAT...
2026-04-04 09:49:49,521 -   [Outer] Không cải thiện (streak=57)
2026-04-04 09:49:49,521 - === OUTER 59 | cost=631.00 no_imp_streak=57 (còn 698s) ===
2026-04-04 09:49:49,521 -   [Inner 59.1] cost=631.00 no_imp=0/20 (còn 698s)
2026-04-04 09:49:50,387 -   [Inner 59.2] cost=631.00 no_imp=2/20 (còn 697s)
2026-04-04 09:49:51,242 -   [Inner 59.3] cost=631.00 no_imp=4/20 (còn 696s)
2026-04-04 09:49:52,113 -   [Inner 59.4] cost=631.00 no_imp=6/20 (còn 695s)
2026-04-04 09:49:52,984 -   [Inner 59.5] cost=631.00 no_imp=8/20 (còn 694s)
2026-04-04 09:49:53,841 -   [Inner 59.6] cost=631.00 no_imp=10/20 (còn 693s)
2026-04-04 09:49:54,703 -   [Inner 59.7] cost=631.00 no_imp=12/20 (còn 692s)
2026-04-04 09:49:55,556 -   [Inner 59.8] cost=631.00 no_imp=14/20 (còn 691s)
2026-04-04 09:49:56,419 -   [Inner 59.9] cost=631.00 no_imp=16/20 (còn 691s)
2026-04-04 09:49:57,279 -   [Inner 59.10] cost=631.00 no_imp=18/20 (còn 690s)
2026-04-04 09:49:58,151 -   [Outer 59] Chạy Pairwise MaxSAT...
2026-04-04 09:49:58,151 -   [Outer] Không cải thiện (streak=58)
2026-04-04 09:49:58,151 - === OUTER 60 | cost=631.00 no_imp_streak=58 (còn 689s) ===
2026-04-04 09:49:58,151 -   [Inner 60.1] cost=631.00 no_imp=0/20 (còn 689s)
2026-04-04 09:49:59,014 -   [Inner 60.2] cost=631.00 no_imp=2/20 (còn 688s)
2026-04-04 09:49:59,869 -   [Inner 60.3] cost=631.00 no_imp=4/20 (còn 687s)
2026-04-04 09:50:00,750 -   [Inner 60.4] cost=631.00 no_imp=6/20 (còn 686s)
2026-04-04 09:50:01,609 -   [Inner 60.5] cost=631.00 no_imp=8/20 (còn 685s)
2026-04-04 09:50:02,489 -   [Inner 60.6] cost=631.00 no_imp=10/20 (còn 685s)
2026-04-04 09:50:03,344 -   [Inner 60.7] cost=631.00 no_imp=12/20 (còn 684s)
2026-04-04 09:50:04,204 -   [Inner 60.8] cost=631.00 no_imp=14/20 (còn 683s)
2026-04-04 09:50:05,063 -   [Inner 60.9] cost=631.00 no_imp=16/20 (còn 682s)
2026-04-04 09:50:05,919 -   [Inner 60.10] cost=631.00 no_imp=18/20 (còn 681s)
2026-04-04 09:50:06,783 -   [Outer 60] Chạy Pairwise MaxSAT...
2026-04-04 09:50:06,784 -   [Outer] Không cải thiện (streak=59)
2026-04-04 09:50:06,784 - === OUTER 61 | cost=631.00 no_imp_streak=59 (còn 680s) ===
2026-04-04 09:50:06,784 -   [Inner 61.1] cost=631.00 no_imp=0/20 (còn 680s)
2026-04-04 09:50:07,633 -   [Inner 61.2] cost=631.00 no_imp=2/20 (còn 679s)
2026-04-04 09:50:08,495 -   [Inner 61.3] cost=631.00 no_imp=4/20 (còn 679s)
2026-04-04 09:50:09,350 -   [Inner 61.4] cost=631.00 no_imp=6/20 (còn 678s)
2026-04-04 09:50:10,211 -   [Inner 61.5] cost=631.00 no_imp=8/20 (còn 677s)
2026-04-04 09:50:11,075 -   [Inner 61.6] cost=631.00 no_imp=10/20 (còn 676s)
2026-04-04 09:50:11,929 -   [Inner 61.7] cost=631.00 no_imp=12/20 (còn 675s)
2026-04-04 09:50:12,783 -   [Inner 61.8] cost=631.00 no_imp=14/20 (còn 674s)
2026-04-04 09:50:13,638 -   [Inner 61.9] cost=631.00 no_imp=16/20 (còn 673s)
2026-04-04 09:50:14,502 -   [Inner 61.10] cost=631.00 no_imp=18/20 (còn 673s)
2026-04-04 09:50:15,356 -   [Outer 61] Chạy Pairwise MaxSAT...
2026-04-04 09:50:15,356 -   [Outer] Không cải thiện (streak=60)
2026-04-04 09:50:15,356 - === OUTER 62 | cost=631.00 no_imp_streak=60 (còn 672s) ===
2026-04-04 09:50:15,356 -   [Inner 62.1] cost=631.00 no_imp=0/20 (còn 672s)
2026-04-04 09:50:16,212 -   [Inner 62.2] cost=631.00 no_imp=2/20 (còn 671s)
2026-04-04 09:50:17,084 -   [Inner 62.3] cost=631.00 no_imp=4/20 (còn 670s)
2026-04-04 09:50:17,937 -   [Inner 62.4] cost=631.00 no_imp=6/20 (còn 669s)
2026-04-04 09:50:18,797 -   [Inner 62.5] cost=631.00 no_imp=8/20 (còn 668s)
2026-04-04 09:50:19,662 -   [Inner 62.6] cost=631.00 no_imp=10/20 (còn 667s)
2026-04-04 09:50:20,522 -   [Inner 62.7] cost=631.00 no_imp=12/20 (còn 667s)
2026-04-04 09:50:21,387 -   [Inner 62.8] cost=631.00 no_imp=14/20 (còn 666s)
2026-04-04 09:50:22,247 -   [Inner 62.9] cost=631.00 no_imp=16/20 (còn 665s)
2026-04-04 09:50:23,106 -   [Inner 62.10] cost=631.00 no_imp=18/20 (còn 664s)
2026-04-04 09:50:23,960 -   [Outer 62] Chạy Pairwise MaxSAT...
2026-04-04 09:50:23,960 -   [Outer] Không cải thiện (streak=61)
2026-04-04 09:50:23,960 - === OUTER 63 | cost=631.00 no_imp_streak=61 (còn 663s) ===
2026-04-04 09:50:23,961 -   [Inner 63.1] cost=631.00 no_imp=0/20 (còn 663s)
2026-04-04 09:50:24,826 -   [Inner 63.2] cost=631.00 no_imp=2/20 (còn 662s)
2026-04-04 09:50:25,683 -   [Inner 63.3] cost=631.00 no_imp=4/20 (còn 661s)
2026-04-04 09:50:26,542 -   [Inner 63.4] cost=631.00 no_imp=6/20 (còn 661s)
2026-04-04 09:50:27,414 -   [Inner 63.5] cost=631.00 no_imp=8/20 (còn 660s)
2026-04-04 09:50:28,281 -   [Inner 63.6] cost=631.00 no_imp=10/20 (còn 659s)
2026-04-04 09:50:29,143 -   [Inner 63.7] cost=631.00 no_imp=12/20 (còn 658s)
2026-04-04 09:50:30,000 -   [Inner 63.8] cost=631.00 no_imp=14/20 (còn 657s)
2026-04-04 09:50:30,858 -   [Inner 63.9] cost=631.00 no_imp=16/20 (còn 656s)
2026-04-04 09:50:31,716 -   [Inner 63.10] cost=631.00 no_imp=18/20 (còn 655s)
2026-04-04 09:50:32,571 -   [Outer 63] Chạy Pairwise MaxSAT...
2026-04-04 09:50:32,572 -   [Outer] Không cải thiện (streak=62)
2026-04-04 09:50:32,572 - === OUTER 64 | cost=631.00 no_imp_streak=62 (còn 654s) ===
2026-04-04 09:50:32,572 -   [Inner 64.1] cost=631.00 no_imp=0/20 (còn 654s)
2026-04-04 09:50:33,442 -   [Inner 64.2] cost=631.00 no_imp=2/20 (còn 654s)
2026-04-04 09:50:34,299 -   [Inner 64.3] cost=631.00 no_imp=4/20 (còn 653s)
2026-04-04 09:50:35,162 -   [Inner 64.4] cost=631.00 no_imp=6/20 (còn 652s)
2026-04-04 09:50:36,069 -   [Inner 64.5] cost=631.00 no_imp=8/20 (còn 651s)
2026-04-04 09:50:36,940 -   [Inner 64.6] cost=631.00 no_imp=10/20 (còn 650s)
2026-04-04 09:50:37,848 -   [Inner 64.7] cost=631.00 no_imp=12/20 (còn 649s)
2026-04-04 09:50:38,707 -   [Inner 64.8] cost=631.00 no_imp=14/20 (còn 648s)
2026-04-04 09:50:39,575 -   [Inner 64.9] cost=631.00 no_imp=16/20 (còn 647s)
2026-04-04 09:50:40,429 -   [Inner 64.10] cost=631.00 no_imp=18/20 (còn 647s)
2026-04-04 09:50:41,283 -   [Outer 64] Chạy Pairwise MaxSAT...
2026-04-04 09:50:41,284 -   [Outer] Không cải thiện (streak=63)
2026-04-04 09:50:41,284 - === OUTER 65 | cost=631.00 no_imp_streak=63 (còn 646s) ===
2026-04-04 09:50:41,284 -   [Inner 65.1] cost=631.00 no_imp=0/20 (còn 646s)
2026-04-04 09:50:42,137 -   [Inner 65.2] cost=631.00 no_imp=2/20 (còn 645s)
2026-04-04 09:50:42,994 -   [Inner 65.3] cost=631.00 no_imp=4/20 (còn 644s)
2026-04-04 09:50:43,846 -   [Inner 65.4] cost=631.00 no_imp=6/20 (còn 643s)
2026-04-04 09:50:44,699 -   [Inner 65.5] cost=631.00 no_imp=8/20 (còn 642s)
2026-04-04 09:50:45,560 -   [Inner 65.6] cost=631.00 no_imp=10/20 (còn 641s)
2026-04-04 09:50:46,414 -   [Inner 65.7] cost=631.00 no_imp=12/20 (còn 641s)
2026-04-04 09:50:47,274 -   [Inner 65.8] cost=631.00 no_imp=14/20 (còn 640s)
2026-04-04 09:50:48,138 -   [Inner 65.9] cost=631.00 no_imp=16/20 (còn 639s)
2026-04-04 09:50:48,999 -   [Inner 65.10] cost=631.00 no_imp=18/20 (còn 638s)
2026-04-04 09:50:49,859 -   [Outer 65] Chạy Pairwise MaxSAT...
2026-04-04 09:50:49,859 -   [Outer] Không cải thiện (streak=64)
2026-04-04 09:50:49,859 - === OUTER 66 | cost=631.00 no_imp_streak=64 (còn 637s) ===
2026-04-04 09:50:49,859 -   [Inner 66.1] cost=631.00 no_imp=0/20 (còn 637s)
2026-04-04 09:50:50,715 -   [Inner 66.2] cost=631.00 no_imp=2/20 (còn 636s)
2026-04-04 09:50:51,572 -   [Inner 66.3] cost=631.00 no_imp=4/20 (còn 635s)
2026-04-04 09:50:52,445 -   [Inner 66.4] cost=631.00 no_imp=6/20 (còn 635s)
2026-04-04 09:50:53,307 -   [Inner 66.5] cost=631.00 no_imp=8/20 (còn 634s)
2026-04-04 09:50:54,162 -   [Inner 66.6] cost=631.00 no_imp=10/20 (còn 633s)
2026-04-04 09:50:55,021 -   [Inner 66.7] cost=631.00 no_imp=12/20 (còn 632s)
2026-04-04 09:50:55,878 -   [Inner 66.8] cost=631.00 no_imp=14/20 (còn 631s)
2026-04-04 09:50:56,738 -   [Inner 66.9] cost=631.00 no_imp=16/20 (còn 630s)
2026-04-04 09:50:57,600 -   [Inner 66.10] cost=631.00 no_imp=18/20 (còn 629s)
2026-04-04 09:50:58,451 -   [Outer 66] Chạy Pairwise MaxSAT...
2026-04-04 09:50:58,452 -   [Outer] Không cải thiện (streak=65)
2026-04-04 09:50:58,452 - === OUTER 67 | cost=631.00 no_imp_streak=65 (còn 629s) ===
2026-04-04 09:50:58,452 -   [Inner 67.1] cost=631.00 no_imp=0/20 (còn 629s)
2026-04-04 09:50:59,315 -   [Inner 67.2] cost=631.00 no_imp=2/20 (còn 628s)
2026-04-04 09:51:00,172 -   [Inner 67.3] cost=631.00 no_imp=4/20 (còn 627s)
2026-04-04 09:51:01,046 -   [Inner 67.4] cost=631.00 no_imp=6/20 (còn 626s)
2026-04-04 09:51:01,906 -   [Inner 67.5] cost=631.00 no_imp=8/20 (còn 625s)
2026-04-04 09:51:02,790 -   [Inner 67.6] cost=631.00 no_imp=10/20 (còn 624s)
2026-04-04 09:51:03,652 -   [Inner 67.7] cost=631.00 no_imp=12/20 (còn 623s)
2026-04-04 09:51:04,506 -   [Inner 67.8] cost=631.00 no_imp=14/20 (còn 623s)
2026-04-04 09:51:05,375 -   [Inner 67.9] cost=631.00 no_imp=16/20 (còn 622s)
2026-04-04 09:51:06,235 -   [Inner 67.10] cost=631.00 no_imp=18/20 (còn 621s)
2026-04-04 09:51:07,104 -   [Outer 67] Chạy Pairwise MaxSAT...
2026-04-04 09:51:07,105 -   [Outer] Không cải thiện (streak=66)
2026-04-04 09:51:07,105 - === OUTER 68 | cost=631.00 no_imp_streak=66 (còn 620s) ===
2026-04-04 09:51:07,105 -   [Inner 68.1] cost=631.00 no_imp=0/20 (còn 620s)
2026-04-04 09:51:07,963 -   [Inner 68.2] cost=631.00 no_imp=2/20 (còn 619s)
2026-04-04 09:51:08,825 -   [Inner 68.3] cost=631.00 no_imp=4/20 (còn 618s)
2026-04-04 09:51:09,693 -   [Inner 68.4] cost=631.00 no_imp=6/20 (còn 617s)
2026-04-04 09:51:10,553 -   [Inner 68.5] cost=631.00 no_imp=8/20 (còn 616s)
2026-04-04 09:51:11,423 -   [Inner 68.6] cost=631.00 no_imp=10/20 (còn 616s)
2026-04-04 09:51:12,279 -   [Inner 68.7] cost=631.00 no_imp=12/20 (còn 615s)
2026-04-04 09:51:13,130 -   [Inner 68.8] cost=631.00 no_imp=14/20 (còn 614s)
2026-04-04 09:51:13,994 -   [Inner 68.9] cost=631.00 no_imp=16/20 (còn 613s)
2026-04-04 09:51:14,846 -   [Inner 68.10] cost=631.00 no_imp=18/20 (còn 612s)
2026-04-04 09:51:15,705 -   [Outer 68] Chạy Pairwise MaxSAT...
2026-04-04 09:51:15,705 -   [Outer] Không cải thiện (streak=67)
2026-04-04 09:51:15,705 - === OUTER 69 | cost=631.00 no_imp_streak=67 (còn 611s) ===
2026-04-04 09:51:15,705 -   [Inner 69.1] cost=631.00 no_imp=0/20 (còn 611s)
2026-04-04 09:51:16,561 -   [Inner 69.2] cost=631.00 no_imp=2/20 (còn 610s)
2026-04-04 09:51:17,422 -   [Inner 69.3] cost=631.00 no_imp=4/20 (còn 610s)
2026-04-04 09:51:18,280 -   [Inner 69.4] cost=631.00 no_imp=6/20 (còn 609s)
2026-04-04 09:51:19,136 -   [Inner 69.5] cost=631.00 no_imp=8/20 (còn 608s)
2026-04-04 09:51:19,998 -   [Inner 69.6] cost=631.00 no_imp=10/20 (còn 607s)
2026-04-04 09:51:20,857 -   [Inner 69.7] cost=631.00 no_imp=12/20 (còn 606s)
2026-04-04 09:51:21,723 -   [Inner 69.8] cost=631.00 no_imp=14/20 (còn 605s)
2026-04-04 09:51:22,575 -   [Inner 69.9] cost=631.00 no_imp=16/20 (còn 604s)
2026-04-04 09:51:23,443 -   [Inner 69.10] cost=631.00 no_imp=18/20 (còn 604s)
2026-04-04 09:51:24,297 -   [Outer 69] Chạy Pairwise MaxSAT...
2026-04-04 09:51:24,298 -   [Outer] Không cải thiện (streak=68)
2026-04-04 09:51:24,298 - === OUTER 70 | cost=631.00 no_imp_streak=68 (còn 603s) ===
2026-04-04 09:51:24,298 -   [Inner 70.1] cost=631.00 no_imp=0/20 (còn 603s)
2026-04-04 09:51:25,158 -   [Inner 70.2] cost=631.00 no_imp=2/20 (còn 602s)
2026-04-04 09:51:26,018 -   [Inner 70.3] cost=631.00 no_imp=4/20 (còn 601s)
2026-04-04 09:51:26,875 -   [Inner 70.4] cost=631.00 no_imp=6/20 (còn 600s)
2026-04-04 09:51:27,738 -   [Inner 70.5] cost=631.00 no_imp=8/20 (còn 599s)
2026-04-04 09:51:28,594 -   [Inner 70.6] cost=631.00 no_imp=10/20 (còn 598s)
2026-04-04 09:51:29,454 -   [Inner 70.7] cost=631.00 no_imp=12/20 (còn 598s)
2026-04-04 09:51:30,313 -   [Inner 70.8] cost=631.00 no_imp=14/20 (còn 597s)
2026-04-04 09:51:31,168 -   [Inner 70.9] cost=631.00 no_imp=16/20 (còn 596s)
2026-04-04 09:51:32,031 -   [Inner 70.10] cost=631.00 no_imp=18/20 (còn 595s)
2026-04-04 09:51:32,885 -   [Outer 70] Chạy Pairwise MaxSAT...
2026-04-04 09:51:32,885 -   [Outer] Không cải thiện (streak=69)
2026-04-04 09:51:32,885 - === OUTER 71 | cost=631.00 no_imp_streak=69 (còn 594s) ===
2026-04-04 09:51:32,885 -   [Inner 71.1] cost=631.00 no_imp=0/20 (còn 594s)
2026-04-04 09:51:33,754 -   [Inner 71.2] cost=631.00 no_imp=2/20 (còn 593s)
2026-04-04 09:51:34,616 -   [Inner 71.3] cost=631.00 no_imp=4/20 (còn 592s)
2026-04-04 09:51:35,483 -   [Inner 71.4] cost=631.00 no_imp=6/20 (còn 592s)
2026-04-04 09:51:36,352 -   [Inner 71.5] cost=631.00 no_imp=8/20 (còn 591s)
2026-04-04 09:51:37,215 -   [Inner 71.6] cost=631.00 no_imp=10/20 (còn 590s)
2026-04-04 09:51:38,078 -   [Inner 71.7] cost=631.00 no_imp=12/20 (còn 589s)
2026-04-04 09:51:38,940 -   [Inner 71.8] cost=631.00 no_imp=14/20 (còn 588s)
2026-04-04 09:51:39,808 -   [Inner 71.9] cost=631.00 no_imp=16/20 (còn 587s)
2026-04-04 09:51:40,660 -   [Inner 71.10] cost=631.00 no_imp=18/20 (còn 586s)
2026-04-04 09:51:41,512 -   [Outer 71] Chạy Pairwise MaxSAT...
2026-04-04 09:51:41,513 -   [Outer] Không cải thiện (streak=70)
2026-04-04 09:51:41,513 - === OUTER 72 | cost=631.00 no_imp_streak=70 (còn 586s) ===
2026-04-04 09:51:41,513 -   [Inner 72.1] cost=631.00 no_imp=0/20 (còn 586s)
2026-04-04 09:51:42,379 -   [Inner 72.2] cost=631.00 no_imp=2/20 (còn 585s)
2026-04-04 09:51:43,238 -   [Inner 72.3] cost=631.00 no_imp=4/20 (còn 584s)
2026-04-04 09:51:44,102 -   [Inner 72.4] cost=631.00 no_imp=6/20 (còn 583s)
2026-04-04 09:51:44,963 -   [Inner 72.5] cost=631.00 no_imp=8/20 (còn 582s)
2026-04-04 09:51:45,825 -   [Inner 72.6] cost=631.00 no_imp=10/20 (còn 581s)
2026-04-04 09:51:46,680 -   [Inner 72.7] cost=631.00 no_imp=12/20 (còn 580s)
2026-04-04 09:51:47,537 -   [Inner 72.8] cost=631.00 no_imp=14/20 (còn 580s)
2026-04-04 09:51:48,402 -   [Inner 72.9] cost=631.00 no_imp=16/20 (còn 579s)
2026-04-04 09:51:49,257 -   [Inner 72.10] cost=631.00 no_imp=18/20 (còn 578s)
2026-04-04 09:51:50,121 -   [Outer 72] Chạy Pairwise MaxSAT...
2026-04-04 09:51:50,121 -   [Outer] Không cải thiện (streak=71)
2026-04-04 09:51:50,122 - === OUTER 73 | cost=631.00 no_imp_streak=71 (còn 577s) ===
2026-04-04 09:51:50,122 -   [Inner 73.1] cost=631.00 no_imp=0/20 (còn 577s)
2026-04-04 09:51:50,979 -   [Inner 73.2] cost=631.00 no_imp=2/20 (còn 576s)
2026-04-04 09:51:51,852 -   [Inner 73.3] cost=631.00 no_imp=4/20 (còn 575s)
2026-04-04 09:51:52,723 -   [Inner 73.4] cost=631.00 no_imp=6/20 (còn 574s)
2026-04-04 09:51:53,586 -   [Inner 73.5] cost=631.00 no_imp=8/20 (còn 573s)
2026-04-04 09:51:54,451 -   [Inner 73.6] cost=631.00 no_imp=10/20 (còn 573s)
2026-04-04 09:51:55,304 -   [Inner 73.7] cost=631.00 no_imp=12/20 (còn 572s)
2026-04-04 09:51:56,161 -   [Inner 73.8] cost=631.00 no_imp=14/20 (còn 571s)
2026-04-04 09:51:57,009 -   [Inner 73.9] cost=631.00 no_imp=16/20 (còn 570s)
2026-04-04 09:51:57,864 -   [Inner 73.10] cost=631.00 no_imp=18/20 (còn 569s)
2026-04-04 09:51:58,719 -   [Outer 73] Chạy Pairwise MaxSAT...
2026-04-04 09:51:58,719 -   [Outer] Không cải thiện (streak=72)
2026-04-04 09:51:58,719 - === OUTER 74 | cost=631.00 no_imp_streak=72 (còn 568s) ===
2026-04-04 09:51:58,719 -   [Inner 74.1] cost=631.00 no_imp=0/20 (còn 568s)
2026-04-04 09:51:59,575 -   [Inner 74.2] cost=631.00 no_imp=2/20 (còn 567s)
2026-04-04 09:52:00,445 -   [Inner 74.3] cost=631.00 no_imp=4/20 (còn 567s)
2026-04-04 09:52:01,304 -   [Inner 74.4] cost=631.00 no_imp=6/20 (còn 566s)
2026-04-04 09:52:02,181 -   [Inner 74.5] cost=631.00 no_imp=8/20 (còn 565s)
2026-04-04 09:52:03,039 -   [Inner 74.6] cost=631.00 no_imp=10/20 (còn 564s)
2026-04-04 09:52:03,899 -   [Inner 74.7] cost=631.00 no_imp=12/20 (còn 563s)
2026-04-04 09:52:04,756 -   [Inner 74.8] cost=631.00 no_imp=14/20 (còn 562s)
2026-04-04 09:52:05,616 -   [Inner 74.9] cost=631.00 no_imp=16/20 (còn 561s)
2026-04-04 09:52:06,477 -   [Inner 74.10] cost=631.00 no_imp=18/20 (còn 561s)
2026-04-04 09:52:07,350 -   [Outer 74] Chạy Pairwise MaxSAT...
2026-04-04 09:52:07,351 -   [Outer] Không cải thiện (streak=73)
2026-04-04 09:52:07,351 - === OUTER 75 | cost=631.00 no_imp_streak=73 (còn 560s) ===
2026-04-04 09:52:07,351 -   [Inner 75.1] cost=631.00 no_imp=0/20 (còn 560s)
2026-04-04 09:52:08,211 -   [Inner 75.2] cost=631.00 no_imp=2/20 (còn 559s)
2026-04-04 09:52:09,072 -   [Inner 75.3] cost=631.00 no_imp=4/20 (còn 558s)
2026-04-04 09:52:09,927 -   [Inner 75.4] cost=631.00 no_imp=6/20 (còn 557s)
2026-04-04 09:52:10,793 -   [Inner 75.5] cost=631.00 no_imp=8/20 (còn 556s)
2026-04-04 09:52:11,650 -   [Inner 75.6] cost=631.00 no_imp=10/20 (còn 555s)
2026-04-04 09:52:12,514 -   [Inner 75.7] cost=631.00 no_imp=12/20 (còn 555s)
2026-04-04 09:52:13,368 -   [Inner 75.8] cost=631.00 no_imp=14/20 (còn 554s)
2026-04-04 09:52:14,227 -   [Inner 75.9] cost=631.00 no_imp=16/20 (còn 553s)
2026-04-04 09:52:15,084 -   [Inner 75.10] cost=631.00 no_imp=18/20 (còn 552s)
2026-04-04 09:52:15,940 -   [Outer 75] Chạy Pairwise MaxSAT...
2026-04-04 09:52:15,940 -   [Outer] Không cải thiện (streak=74)
2026-04-04 09:52:15,940 - === OUTER 76 | cost=631.00 no_imp_streak=74 (còn 551s) ===
2026-04-04 09:52:15,941 -   [Inner 76.1] cost=631.00 no_imp=0/20 (còn 551s)
2026-04-04 09:52:16,809 -   [Inner 76.2] cost=631.00 no_imp=2/20 (còn 550s)
2026-04-04 09:52:17,658 -   [Inner 76.3] cost=631.00 no_imp=4/20 (còn 549s)
2026-04-04 09:52:18,520 -   [Inner 76.4] cost=631.00 no_imp=6/20 (còn 549s)
2026-04-04 09:52:19,374 -   [Inner 76.5] cost=631.00 no_imp=8/20 (còn 548s)
2026-04-04 09:52:20,247 -   [Inner 76.6] cost=631.00 no_imp=10/20 (còn 547s)
2026-04-04 09:52:21,104 -   [Inner 76.7] cost=631.00 no_imp=12/20 (còn 546s)
2026-04-04 09:52:21,955 -   [Inner 76.8] cost=631.00 no_imp=14/20 (còn 545s)
2026-04-04 09:52:22,813 -   [Inner 76.9] cost=631.00 no_imp=16/20 (còn 544s)
2026-04-04 09:52:23,671 -   [Inner 76.10] cost=631.00 no_imp=18/20 (còn 543s)
2026-04-04 09:52:24,528 -   [Outer 76] Chạy Pairwise MaxSAT...
2026-04-04 09:52:24,528 -   [Outer] Không cải thiện (streak=75)
2026-04-04 09:52:24,528 - === OUTER 77 | cost=631.00 no_imp_streak=75 (còn 543s) ===
2026-04-04 09:52:24,529 -   [Inner 77.1] cost=631.00 no_imp=0/20 (còn 543s)
2026-04-04 09:52:25,384 -   [Inner 77.2] cost=631.00 no_imp=2/20 (còn 542s)
2026-04-04 09:52:26,247 -   [Inner 77.3] cost=631.00 no_imp=4/20 (còn 541s)
2026-04-04 09:52:27,110 -   [Inner 77.4] cost=631.00 no_imp=6/20 (còn 540s)
2026-04-04 09:52:27,966 -   [Inner 77.5] cost=631.00 no_imp=8/20 (còn 539s)
2026-04-04 09:52:28,837 -   [Inner 77.6] cost=631.00 no_imp=10/20 (còn 538s)
2026-04-04 09:52:29,690 -   [Inner 77.7] cost=631.00 no_imp=12/20 (còn 537s)
2026-04-04 09:52:30,551 -   [Inner 77.8] cost=631.00 no_imp=14/20 (còn 536s)
2026-04-04 09:52:31,411 -   [Inner 77.9] cost=631.00 no_imp=16/20 (còn 536s)
2026-04-04 09:52:32,311 -   [Inner 77.10] cost=631.00 no_imp=18/20 (còn 535s)
2026-04-04 09:52:33,168 -   [Outer 77] Chạy Pairwise MaxSAT...
2026-04-04 09:52:33,169 -   [Outer] Không cải thiện (streak=76)
2026-04-04 09:52:33,169 - === OUTER 78 | cost=631.00 no_imp_streak=76 (còn 534s) ===
2026-04-04 09:52:33,169 -   [Inner 78.1] cost=631.00 no_imp=0/20 (còn 534s)
2026-04-04 09:52:34,028 -   [Inner 78.2] cost=631.00 no_imp=2/20 (còn 533s)
2026-04-04 09:52:34,907 -   [Inner 78.3] cost=631.00 no_imp=4/20 (còn 532s)
2026-04-04 09:52:35,773 -   [Inner 78.4] cost=631.00 no_imp=6/20 (còn 531s)
2026-04-04 09:52:36,636 -   [Inner 78.5] cost=631.00 no_imp=8/20 (còn 530s)
2026-04-04 09:52:37,495 -   [Inner 78.6] cost=631.00 no_imp=10/20 (còn 530s)
2026-04-04 09:52:38,352 -   [Inner 78.7] cost=631.00 no_imp=12/20 (còn 529s)
2026-04-04 09:52:39,217 -   [Inner 78.8] cost=631.00 no_imp=14/20 (còn 528s)
2026-04-04 09:52:40,076 -   [Inner 78.9] cost=631.00 no_imp=16/20 (còn 527s)
2026-04-04 09:52:40,940 -   [Inner 78.10] cost=631.00 no_imp=18/20 (còn 526s)
2026-04-04 09:52:41,800 -   [Outer 78] Chạy Pairwise MaxSAT...
2026-04-04 09:52:41,800 -   [Outer] Không cải thiện (streak=77)
2026-04-04 09:52:41,801 - === OUTER 79 | cost=631.00 no_imp_streak=77 (còn 525s) ===
2026-04-04 09:52:41,801 -   [Inner 79.1] cost=631.00 no_imp=0/20 (còn 525s)
2026-04-04 09:52:42,666 -   [Inner 79.2] cost=631.00 no_imp=2/20 (còn 524s)
2026-04-04 09:52:43,529 -   [Inner 79.3] cost=631.00 no_imp=4/20 (còn 524s)
2026-04-04 09:52:44,384 -   [Inner 79.4] cost=631.00 no_imp=6/20 (còn 523s)
2026-04-04 09:52:45,239 -   [Inner 79.5] cost=631.00 no_imp=8/20 (còn 522s)
2026-04-04 09:52:46,101 -   [Inner 79.6] cost=631.00 no_imp=10/20 (còn 521s)
2026-04-04 09:52:46,965 -   [Inner 79.7] cost=631.00 no_imp=12/20 (còn 520s)
2026-04-04 09:52:47,821 -   [Inner 79.8] cost=631.00 no_imp=14/20 (còn 519s)
2026-04-04 09:52:48,683 -   [Inner 79.9] cost=631.00 no_imp=16/20 (còn 518s)
2026-04-04 09:52:49,542 -   [Inner 79.10] cost=631.00 no_imp=18/20 (còn 518s)
2026-04-04 09:52:50,398 -   [Outer 79] Chạy Pairwise MaxSAT...
2026-04-04 09:52:50,398 -   [Outer] Không cải thiện (streak=78)
2026-04-04 09:52:50,398 - === OUTER 80 | cost=631.00 no_imp_streak=78 (còn 517s) ===
2026-04-04 09:52:50,398 -   [Inner 80.1] cost=631.00 no_imp=0/20 (còn 517s)
2026-04-04 09:52:51,268 -   [Inner 80.2] cost=631.00 no_imp=2/20 (còn 516s)
2026-04-04 09:52:52,131 -   [Inner 80.3] cost=631.00 no_imp=4/20 (còn 515s)
2026-04-04 09:52:52,999 -   [Inner 80.4] cost=631.00 no_imp=6/20 (còn 514s)
2026-04-04 09:52:53,860 -   [Inner 80.5] cost=631.00 no_imp=8/20 (còn 513s)
2026-04-04 09:52:54,724 -   [Inner 80.6] cost=631.00 no_imp=10/20 (còn 512s)
2026-04-04 09:52:55,583 -   [Inner 80.7] cost=631.00 no_imp=12/20 (còn 511s)
2026-04-04 09:52:56,441 -   [Inner 80.8] cost=631.00 no_imp=14/20 (còn 511s)
2026-04-04 09:52:57,301 -   [Inner 80.9] cost=631.00 no_imp=16/20 (còn 510s)
2026-04-04 09:52:58,163 -   [Inner 80.10] cost=631.00 no_imp=18/20 (còn 509s)
2026-04-04 09:52:59,036 -   [Outer 80] Chạy Pairwise MaxSAT...
2026-04-04 09:52:59,036 -   [Outer] Không cải thiện (streak=79)
2026-04-04 09:52:59,037 - === OUTER 81 | cost=631.00 no_imp_streak=79 (còn 508s) ===
2026-04-04 09:52:59,037 -   [Inner 81.1] cost=631.00 no_imp=0/20 (còn 508s)
2026-04-04 09:52:59,900 -   [Inner 81.2] cost=631.00 no_imp=2/20 (còn 507s)
2026-04-04 09:53:00,770 -   [Inner 81.3] cost=631.00 no_imp=4/20 (còn 506s)
2026-04-04 09:53:01,629 -   [Inner 81.4] cost=631.00 no_imp=6/20 (còn 505s)
2026-04-04 09:53:02,499 -   [Inner 81.5] cost=631.00 no_imp=8/20 (còn 505s)
2026-04-04 09:53:03,364 -   [Inner 81.6] cost=631.00 no_imp=10/20 (còn 504s)
2026-04-04 09:53:04,221 -   [Inner 81.7] cost=631.00 no_imp=12/20 (còn 503s)
2026-04-04 09:53:05,081 -   [Inner 81.8] cost=631.00 no_imp=14/20 (còn 502s)
2026-04-04 09:53:05,938 -   [Inner 81.9] cost=631.00 no_imp=16/20 (còn 501s)
2026-04-04 09:53:06,808 -   [Inner 81.10] cost=631.00 no_imp=18/20 (còn 500s)
2026-04-04 09:53:07,662 -   [Outer 81] Chạy Pairwise MaxSAT...
2026-04-04 09:53:07,662 -   [Outer] Không cải thiện (streak=80)
2026-04-04 09:53:07,662 - === OUTER 82 | cost=631.00 no_imp_streak=80 (còn 499s) ===
2026-04-04 09:53:07,662 -   [Inner 82.1] cost=631.00 no_imp=0/20 (còn 499s)
2026-04-04 09:53:08,524 -   [Inner 82.2] cost=631.00 no_imp=2/20 (còn 499s)
2026-04-04 09:53:09,393 -   [Inner 82.3] cost=631.00 no_imp=4/20 (còn 498s)
2026-04-04 09:53:10,255 -   [Inner 82.4] cost=631.00 no_imp=6/20 (còn 497s)
2026-04-04 09:53:11,130 -   [Inner 82.5] cost=631.00 no_imp=8/20 (còn 496s)
2026-04-04 09:53:11,990 -   [Inner 82.6] cost=631.00 no_imp=10/20 (còn 495s)
2026-04-04 09:53:12,847 -   [Inner 82.7] cost=631.00 no_imp=12/20 (còn 494s)
2026-04-04 09:53:13,702 -   [Inner 82.8] cost=631.00 no_imp=14/20 (còn 493s)
2026-04-04 09:53:14,552 -   [Inner 82.9] cost=631.00 no_imp=16/20 (còn 492s)
2026-04-04 09:53:15,414 -   [Inner 82.10] cost=631.00 no_imp=18/20 (còn 492s)
2026-04-04 09:53:16,276 -   [Outer 82] Chạy Pairwise MaxSAT...
2026-04-04 09:53:16,276 -   [Outer] Không cải thiện (streak=81)
2026-04-04 09:53:16,276 - === OUTER 83 | cost=631.00 no_imp_streak=81 (còn 491s) ===
2026-04-04 09:53:16,276 -   [Inner 83.1] cost=631.00 no_imp=0/20 (còn 491s)
2026-04-04 09:53:17,136 -   [Inner 83.2] cost=631.00 no_imp=2/20 (còn 490s)
2026-04-04 09:53:17,992 -   [Inner 83.3] cost=631.00 no_imp=4/20 (còn 489s)
2026-04-04 09:53:18,854 -   [Inner 83.4] cost=631.00 no_imp=6/20 (còn 488s)
2026-04-04 09:53:19,723 -   [Inner 83.5] cost=631.00 no_imp=8/20 (còn 487s)
2026-04-04 09:53:20,590 -   [Inner 83.6] cost=631.00 no_imp=10/20 (còn 486s)
2026-04-04 09:53:21,458 -   [Inner 83.7] cost=631.00 no_imp=12/20 (còn 486s)
2026-04-04 09:53:22,314 -   [Inner 83.8] cost=631.00 no_imp=14/20 (còn 485s)
2026-04-04 09:53:23,166 -   [Inner 83.9] cost=631.00 no_imp=16/20 (còn 484s)
2026-04-04 09:53:24,029 -   [Inner 83.10] cost=631.00 no_imp=18/20 (còn 483s)
2026-04-04 09:53:24,875 -   [Outer 83] Chạy Pairwise MaxSAT...
2026-04-04 09:53:24,876 -   [Outer] Không cải thiện (streak=82)
2026-04-04 09:53:24,876 - === OUTER 84 | cost=631.00 no_imp_streak=82 (còn 482s) ===
2026-04-04 09:53:24,876 -   [Inner 84.1] cost=631.00 no_imp=0/20 (còn 482s)
2026-04-04 09:53:25,750 -   [Inner 84.2] cost=631.00 no_imp=2/20 (còn 481s)
2026-04-04 09:53:26,604 -   [Inner 84.3] cost=631.00 no_imp=4/20 (còn 480s)
2026-04-04 09:53:27,467 -   [Inner 84.4] cost=631.00 no_imp=6/20 (còn 480s)
2026-04-04 09:53:28,324 -   [Inner 84.5] cost=631.00 no_imp=8/20 (còn 479s)
2026-04-04 09:53:29,183 -   [Inner 84.6] cost=631.00 no_imp=10/20 (còn 478s)
2026-04-04 09:53:30,037 -   [Inner 84.7] cost=631.00 no_imp=12/20 (còn 477s)
2026-04-04 09:53:30,882 -   [Inner 84.8] cost=631.00 no_imp=14/20 (còn 476s)
2026-04-04 09:53:31,744 -   [Inner 84.9] cost=631.00 no_imp=16/20 (còn 475s)
2026-04-04 09:53:32,603 -   [Inner 84.10] cost=631.00 no_imp=18/20 (còn 474s)
2026-04-04 09:53:33,469 -   [Outer 84] Chạy Pairwise MaxSAT...
2026-04-04 09:53:33,469 -   [Outer] Không cải thiện (streak=83)
2026-04-04 09:53:33,470 - === OUTER 85 | cost=631.00 no_imp_streak=83 (còn 474s) ===
2026-04-04 09:53:33,470 -   [Inner 85.1] cost=631.00 no_imp=0/20 (còn 474s)
2026-04-04 09:53:34,324 -   [Inner 85.2] cost=631.00 no_imp=2/20 (còn 473s)
2026-04-04 09:53:35,186 -   [Inner 85.3] cost=631.00 no_imp=4/20 (còn 472s)
2026-04-04 09:53:36,041 -   [Inner 85.4] cost=631.00 no_imp=6/20 (còn 471s)
2026-04-04 09:53:36,897 -   [Inner 85.5] cost=631.00 no_imp=8/20 (còn 470s)
2026-04-04 09:53:37,765 -   [Inner 85.6] cost=631.00 no_imp=10/20 (còn 469s)
2026-04-04 09:53:38,624 -   [Inner 85.7] cost=631.00 no_imp=12/20 (còn 468s)
2026-04-04 09:53:39,480 -   [Inner 85.8] cost=631.00 no_imp=14/20 (còn 468s)
2026-04-04 09:53:40,335 -   [Inner 85.9] cost=631.00 no_imp=16/20 (còn 467s)
2026-04-04 09:53:41,180 -   [Inner 85.10] cost=631.00 no_imp=18/20 (còn 466s)
2026-04-04 09:53:42,039 -   [Outer 85] Chạy Pairwise MaxSAT...
2026-04-04 09:53:42,040 -   [Outer] Không cải thiện (streak=84)
2026-04-04 09:53:42,043 - === OUTER 86 | cost=631.00 no_imp_streak=84 (còn 465s) ===
2026-04-04 09:53:42,043 -   [Inner 86.1] cost=631.00 no_imp=0/20 (còn 465s)
2026-04-04 09:53:42,900 -   [Inner 86.2] cost=631.00 no_imp=2/20 (còn 464s)
2026-04-04 09:53:43,757 -   [Inner 86.3] cost=631.00 no_imp=4/20 (còn 463s)
2026-04-04 09:53:44,608 -   [Inner 86.4] cost=631.00 no_imp=6/20 (còn 462s)
2026-04-04 09:53:45,461 -   [Inner 86.5] cost=631.00 no_imp=8/20 (còn 462s)
2026-04-04 09:53:46,317 -   [Inner 86.6] cost=631.00 no_imp=10/20 (còn 461s)
2026-04-04 09:53:47,171 -   [Inner 86.7] cost=631.00 no_imp=12/20 (còn 460s)
2026-04-04 09:53:48,030 -   [Inner 86.8] cost=631.00 no_imp=14/20 (còn 459s)
2026-04-04 09:53:48,876 -   [Inner 86.9] cost=631.00 no_imp=16/20 (còn 458s)
2026-04-04 09:53:49,737 -   [Inner 86.10] cost=631.00 no_imp=18/20 (còn 457s)
2026-04-04 09:53:50,595 -   [Outer 86] Chạy Pairwise MaxSAT...
2026-04-04 09:53:50,596 -   [Outer] Không cải thiện (streak=85)
2026-04-04 09:53:50,596 - === OUTER 87 | cost=631.00 no_imp_streak=85 (còn 456s) ===
2026-04-04 09:53:50,596 -   [Inner 87.1] cost=631.00 no_imp=0/20 (còn 456s)
2026-04-04 09:53:51,457 -   [Inner 87.2] cost=631.00 no_imp=2/20 (còn 456s)
2026-04-04 09:53:52,326 -   [Inner 87.3] cost=631.00 no_imp=4/20 (còn 455s)
2026-04-04 09:53:53,181 -   [Inner 87.4] cost=631.00 no_imp=6/20 (còn 454s)
2026-04-04 09:53:54,041 -   [Inner 87.5] cost=631.00 no_imp=8/20 (còn 453s)
2026-04-04 09:53:54,895 -   [Inner 87.6] cost=631.00 no_imp=10/20 (còn 452s)
2026-04-04 09:53:55,753 -   [Inner 87.7] cost=631.00 no_imp=12/20 (còn 451s)
2026-04-04 09:53:56,613 -   [Inner 87.8] cost=631.00 no_imp=14/20 (còn 450s)
2026-04-04 09:53:57,472 -   [Inner 87.9] cost=631.00 no_imp=16/20 (còn 450s)
2026-04-04 09:53:58,330 -   [Inner 87.10] cost=631.00 no_imp=18/20 (còn 449s)
2026-04-04 09:53:59,183 -   [Outer 87] Chạy Pairwise MaxSAT...
2026-04-04 09:53:59,184 -   [Outer] Không cải thiện (streak=86)
2026-04-04 09:53:59,184 - === OUTER 88 | cost=631.00 no_imp_streak=86 (còn 448s) ===
2026-04-04 09:53:59,184 -   [Inner 88.1] cost=631.00 no_imp=0/20 (còn 448s)
2026-04-04 09:54:00,044 -   [Inner 88.2] cost=631.00 no_imp=2/20 (còn 447s)
2026-04-04 09:54:00,903 -   [Inner 88.3] cost=631.00 no_imp=4/20 (còn 446s)
2026-04-04 09:54:01,766 -   [Inner 88.4] cost=631.00 no_imp=6/20 (còn 445s)
2026-04-04 09:54:02,634 -   [Inner 88.5] cost=631.00 no_imp=8/20 (còn 444s)
2026-04-04 09:54:03,494 -   [Inner 88.6] cost=631.00 no_imp=10/20 (còn 444s)
2026-04-04 09:54:04,377 -   [Inner 88.7] cost=631.00 no_imp=12/20 (còn 443s)
2026-04-04 09:54:05,235 -   [Inner 88.8] cost=631.00 no_imp=14/20 (còn 442s)
2026-04-04 09:54:06,096 -   [Inner 88.9] cost=631.00 no_imp=16/20 (còn 441s)
2026-04-04 09:54:06,958 -   [Inner 88.10] cost=631.00 no_imp=18/20 (còn 440s)
2026-04-04 09:54:07,825 -   [Outer 88] Chạy Pairwise MaxSAT...
2026-04-04 09:54:07,825 -   [Outer] Không cải thiện (streak=87)
2026-04-04 09:54:07,826 - === OUTER 89 | cost=631.00 no_imp_streak=87 (còn 439s) ===
2026-04-04 09:54:07,826 -   [Inner 89.1] cost=631.00 no_imp=0/20 (còn 439s)
2026-04-04 09:54:08,679 -   [Inner 89.2] cost=631.00 no_imp=2/20 (còn 438s)
2026-04-04 09:54:09,535 -   [Inner 89.3] cost=631.00 no_imp=4/20 (còn 438s)
2026-04-04 09:54:10,398 -   [Inner 89.4] cost=631.00 no_imp=6/20 (còn 437s)
2026-04-04 09:54:11,253 -   [Inner 89.5] cost=631.00 no_imp=8/20 (còn 436s)
2026-04-04 09:54:12,115 -   [Inner 89.6] cost=631.00 no_imp=10/20 (còn 435s)
2026-04-04 09:54:12,970 -   [Inner 89.7] cost=631.00 no_imp=12/20 (còn 434s)
2026-04-04 09:54:13,832 -   [Inner 89.8] cost=631.00 no_imp=14/20 (còn 433s)
2026-04-04 09:54:14,682 -   [Inner 89.9] cost=631.00 no_imp=16/20 (còn 432s)
2026-04-04 09:54:15,555 -   [Inner 89.10] cost=631.00 no_imp=18/20 (còn 431s)
2026-04-04 09:54:16,422 -   [Outer 89] Chạy Pairwise MaxSAT...
2026-04-04 09:54:16,422 -   [Outer] Không cải thiện (streak=88)
2026-04-04 09:54:16,422 - === OUTER 90 | cost=631.00 no_imp_streak=88 (còn 431s) ===
2026-04-04 09:54:16,423 -   [Inner 90.1] cost=631.00 no_imp=0/20 (còn 431s)
2026-04-04 09:54:17,275 -   [Inner 90.2] cost=631.00 no_imp=2/20 (còn 430s)
2026-04-04 09:54:18,134 -   [Inner 90.3] cost=631.00 no_imp=4/20 (còn 429s)
2026-04-04 09:54:18,989 -   [Inner 90.4] cost=631.00 no_imp=6/20 (còn 428s)
2026-04-04 09:54:19,851 -   [Inner 90.5] cost=631.00 no_imp=8/20 (còn 427s)
2026-04-04 09:54:20,709 -   [Inner 90.6] cost=631.00 no_imp=10/20 (còn 426s)
2026-04-04 09:54:21,566 -   [Inner 90.7] cost=631.00 no_imp=12/20 (còn 425s)
2026-04-04 09:54:22,430 -   [Inner 90.8] cost=631.00 no_imp=14/20 (còn 425s)
2026-04-04 09:54:23,286 -   [Inner 90.9] cost=631.00 no_imp=16/20 (còn 424s)
2026-04-04 09:54:24,152 -   [Inner 90.10] cost=631.00 no_imp=18/20 (còn 423s)
2026-04-04 09:54:25,002 -   [Outer 90] Chạy Pairwise MaxSAT...
2026-04-04 09:54:25,002 -   [Outer] Không cải thiện (streak=89)
2026-04-04 09:54:25,002 - === OUTER 91 | cost=631.00 no_imp_streak=89 (còn 422s) ===
2026-04-04 09:54:25,003 -   [Inner 91.1] cost=631.00 no_imp=0/20 (còn 422s)
2026-04-04 09:54:25,864 -   [Inner 91.2] cost=631.00 no_imp=2/20 (còn 421s)
2026-04-04 09:54:26,718 -   [Inner 91.3] cost=631.00 no_imp=4/20 (còn 420s)
2026-04-04 09:54:27,571 -   [Inner 91.4] cost=631.00 no_imp=6/20 (còn 419s)
2026-04-04 09:54:28,436 -   [Inner 91.5] cost=631.00 no_imp=8/20 (còn 419s)
2026-04-04 09:54:29,293 -   [Inner 91.6] cost=631.00 no_imp=10/20 (còn 418s)
2026-04-04 09:54:30,162 -   [Inner 91.7] cost=631.00 no_imp=12/20 (còn 417s)
2026-04-04 09:54:31,023 -   [Inner 91.8] cost=631.00 no_imp=14/20 (còn 416s)
2026-04-04 09:54:31,878 -   [Inner 91.9] cost=631.00 no_imp=16/20 (còn 415s)
2026-04-04 09:54:32,748 -   [Inner 91.10] cost=631.00 no_imp=18/20 (còn 414s)
2026-04-04 09:54:33,616 -   [Outer 91] Chạy Pairwise MaxSAT...
2026-04-04 09:54:33,616 -   [Outer] Không cải thiện (streak=90)
2026-04-04 09:54:33,617 - === OUTER 92 | cost=631.00 no_imp_streak=90 (còn 413s) ===
2026-04-04 09:54:33,617 -   [Inner 92.1] cost=631.00 no_imp=0/20 (còn 413s)
2026-04-04 09:54:34,482 -   [Inner 92.2] cost=631.00 no_imp=2/20 (còn 413s)
2026-04-04 09:54:35,340 -   [Inner 92.3] cost=631.00 no_imp=4/20 (còn 412s)
2026-04-04 09:54:36,205 -   [Inner 92.4] cost=631.00 no_imp=6/20 (còn 411s)
2026-04-04 09:54:37,073 -   [Inner 92.5] cost=631.00 no_imp=8/20 (còn 410s)
2026-04-04 09:54:37,929 -   [Inner 92.6] cost=631.00 no_imp=10/20 (còn 409s)
2026-04-04 09:54:38,795 -   [Inner 92.7] cost=631.00 no_imp=12/20 (còn 408s)
2026-04-04 09:54:39,652 -   [Inner 92.8] cost=631.00 no_imp=14/20 (còn 407s)
2026-04-04 09:54:40,512 -   [Inner 92.9] cost=631.00 no_imp=16/20 (còn 407s)
2026-04-04 09:54:41,374 -   [Inner 92.10] cost=631.00 no_imp=18/20 (còn 406s)
2026-04-04 09:54:42,235 -   [Outer 92] Chạy Pairwise MaxSAT...
2026-04-04 09:54:42,236 -   [Outer] Không cải thiện (streak=91)
2026-04-04 09:54:42,236 - === OUTER 93 | cost=631.00 no_imp_streak=91 (còn 405s) ===
2026-04-04 09:54:42,236 -   [Inner 93.1] cost=631.00 no_imp=0/20 (còn 405s)
2026-04-04 09:54:43,089 -   [Inner 93.2] cost=631.00 no_imp=2/20 (còn 404s)
2026-04-04 09:54:43,952 -   [Inner 93.3] cost=631.00 no_imp=4/20 (còn 403s)
2026-04-04 09:54:44,811 -   [Inner 93.4] cost=631.00 no_imp=6/20 (còn 402s)
2026-04-04 09:54:45,666 -   [Inner 93.5] cost=631.00 no_imp=8/20 (còn 401s)
2026-04-04 09:54:46,528 -   [Inner 93.6] cost=631.00 no_imp=10/20 (còn 401s)
2026-04-04 09:54:47,386 -   [Inner 93.7] cost=631.00 no_imp=12/20 (còn 400s)
2026-04-04 09:54:48,250 -   [Inner 93.8] cost=631.00 no_imp=14/20 (còn 399s)
2026-04-04 09:54:49,103 -   [Inner 93.9] cost=631.00 no_imp=16/20 (còn 398s)
2026-04-04 09:54:49,958 -   [Inner 93.10] cost=631.00 no_imp=18/20 (còn 397s)
2026-04-04 09:54:50,826 -   [Outer 93] Chạy Pairwise MaxSAT...
2026-04-04 09:54:50,826 -   [Outer] Không cải thiện (streak=92)
2026-04-04 09:54:50,826 - === OUTER 94 | cost=631.00 no_imp_streak=92 (còn 396s) ===
2026-04-04 09:54:50,826 -   [Inner 94.1] cost=631.00 no_imp=0/20 (còn 396s)
2026-04-04 09:54:51,685 -   [Inner 94.2] cost=631.00 no_imp=2/20 (còn 395s)
2026-04-04 09:54:52,565 -   [Inner 94.3] cost=631.00 no_imp=4/20 (còn 394s)
2026-04-04 09:54:53,416 -   [Inner 94.4] cost=631.00 no_imp=6/20 (còn 394s)
2026-04-04 09:54:54,278 -   [Inner 94.5] cost=631.00 no_imp=8/20 (còn 393s)
2026-04-04 09:54:55,133 -   [Inner 94.6] cost=631.00 no_imp=10/20 (còn 392s)
2026-04-04 09:54:55,990 -   [Inner 94.7] cost=631.00 no_imp=12/20 (còn 391s)
2026-04-04 09:54:56,849 -   [Inner 94.8] cost=631.00 no_imp=14/20 (còn 390s)
2026-04-04 09:54:57,708 -   [Inner 94.9] cost=631.00 no_imp=16/20 (còn 389s)
2026-04-04 09:54:58,570 -   [Inner 94.10] cost=631.00 no_imp=18/20 (còn 388s)
2026-04-04 09:54:59,429 -   [Outer 94] Chạy Pairwise MaxSAT...
2026-04-04 09:54:59,429 -   [Outer] Không cải thiện (streak=93)
2026-04-04 09:54:59,429 - === OUTER 95 | cost=631.00 no_imp_streak=93 (còn 388s) ===
2026-04-04 09:54:59,430 -   [Inner 95.1] cost=631.00 no_imp=0/20 (còn 388s)
2026-04-04 09:55:00,296 -   [Inner 95.2] cost=631.00 no_imp=2/20 (còn 387s)
2026-04-04 09:55:01,224 -   [Inner 95.3] cost=631.00 no_imp=4/20 (còn 386s)
2026-04-04 09:55:02,094 -   [Inner 95.4] cost=631.00 no_imp=6/20 (còn 385s)
2026-04-04 09:55:02,964 -   [Inner 95.5] cost=631.00 no_imp=8/20 (còn 384s)
2026-04-04 09:55:03,819 -   [Inner 95.6] cost=631.00 no_imp=10/20 (còn 383s)
2026-04-04 09:55:04,682 -   [Inner 95.7] cost=631.00 no_imp=12/20 (còn 382s)
2026-04-04 09:55:05,542 -   [Inner 95.8] cost=631.00 no_imp=14/20 (còn 382s)
2026-04-04 09:55:06,400 -   [Inner 95.9] cost=631.00 no_imp=16/20 (còn 381s)
2026-04-04 09:55:07,257 -   [Inner 95.10] cost=631.00 no_imp=18/20 (còn 380s)
2026-04-04 09:55:08,110 -   [Outer 95] Chạy Pairwise MaxSAT...
2026-04-04 09:55:08,111 -   [Outer] Không cải thiện (streak=94)
2026-04-04 09:55:08,111 - === OUTER 96 | cost=631.00 no_imp_streak=94 (còn 379s) ===
2026-04-04 09:55:08,111 -   [Inner 96.1] cost=631.00 no_imp=0/20 (còn 379s)
2026-04-04 09:55:08,977 -   [Inner 96.2] cost=631.00 no_imp=2/20 (còn 378s)
2026-04-04 09:55:09,835 -   [Inner 96.3] cost=631.00 no_imp=4/20 (còn 377s)
2026-04-04 09:55:10,695 -   [Inner 96.4] cost=631.00 no_imp=6/20 (còn 376s)
2026-04-04 09:55:11,561 -   [Inner 96.5] cost=631.00 no_imp=8/20 (còn 375s)
2026-04-04 09:55:12,415 -   [Inner 96.6] cost=631.00 no_imp=10/20 (còn 375s)
2026-04-04 09:55:13,277 -   [Inner 96.7] cost=631.00 no_imp=12/20 (còn 374s)
2026-04-04 09:55:14,133 -   [Inner 96.8] cost=631.00 no_imp=14/20 (còn 373s)
2026-04-04 09:55:14,991 -   [Inner 96.9] cost=631.00 no_imp=16/20 (còn 372s)
2026-04-04 09:55:15,843 -   [Inner 96.10] cost=631.00 no_imp=18/20 (còn 371s)
2026-04-04 09:55:16,699 -   [Outer 96] Chạy Pairwise MaxSAT...
2026-04-04 09:55:16,700 -   [Outer] Không cải thiện (streak=95)
2026-04-04 09:55:16,700 - === OUTER 97 | cost=631.00 no_imp_streak=95 (còn 370s) ===
2026-04-04 09:55:16,700 -   [Inner 97.1] cost=631.00 no_imp=0/20 (còn 370s)
2026-04-04 09:55:17,552 -   [Inner 97.2] cost=631.00 no_imp=2/20 (còn 369s)
2026-04-04 09:55:18,411 -   [Inner 97.3] cost=631.00 no_imp=4/20 (còn 369s)
2026-04-04 09:55:19,283 -   [Inner 97.4] cost=631.00 no_imp=6/20 (còn 368s)
2026-04-04 09:55:20,159 -   [Inner 97.5] cost=631.00 no_imp=8/20 (còn 367s)
2026-04-04 09:55:21,021 -   [Inner 97.6] cost=631.00 no_imp=10/20 (còn 366s)
2026-04-04 09:55:21,884 -   [Inner 97.7] cost=631.00 no_imp=12/20 (còn 365s)
2026-04-04 09:55:22,747 -   [Inner 97.8] cost=631.00 no_imp=14/20 (còn 364s)
2026-04-04 09:55:23,602 -   [Inner 97.9] cost=631.00 no_imp=16/20 (còn 363s)
2026-04-04 09:55:24,477 -   [Inner 97.10] cost=631.00 no_imp=18/20 (còn 363s)
2026-04-04 09:55:25,337 -   [Outer 97] Chạy Pairwise MaxSAT...
2026-04-04 09:55:25,338 -   [Outer] Không cải thiện (streak=96)
2026-04-04 09:55:25,338 - === OUTER 98 | cost=631.00 no_imp_streak=96 (còn 362s) ===
2026-04-04 09:55:25,338 -   [Inner 98.1] cost=631.00 no_imp=0/20 (còn 362s)
2026-04-04 09:55:26,193 -   [Inner 98.2] cost=631.00 no_imp=2/20 (còn 361s)
2026-04-04 09:55:27,068 -   [Inner 98.3] cost=631.00 no_imp=4/20 (còn 360s)
2026-04-04 09:55:27,918 -   [Inner 98.4] cost=631.00 no_imp=6/20 (còn 359s)
2026-04-04 09:55:28,787 -   [Inner 98.5] cost=631.00 no_imp=8/20 (còn 358s)
2026-04-04 09:55:29,647 -   [Inner 98.6] cost=631.00 no_imp=10/20 (còn 357s)
2026-04-04 09:55:30,520 -   [Inner 98.7] cost=631.00 no_imp=12/20 (còn 357s)
2026-04-04 09:55:31,390 -   [Inner 98.8] cost=631.00 no_imp=14/20 (còn 356s)
2026-04-04 09:55:32,259 -   [Inner 98.9] cost=631.00 no_imp=16/20 (còn 355s)
2026-04-04 09:55:33,121 -   [Inner 98.10] cost=631.00 no_imp=18/20 (còn 354s)
2026-04-04 09:55:33,984 -   [Outer 98] Chạy Pairwise MaxSAT...
2026-04-04 09:55:33,985 -   [Outer] Không cải thiện (streak=97)
2026-04-04 09:55:33,985 - === OUTER 99 | cost=631.00 no_imp_streak=97 (còn 353s) ===
2026-04-04 09:55:33,985 -   [Inner 99.1] cost=631.00 no_imp=0/20 (còn 353s)
2026-04-04 09:55:34,849 -   [Inner 99.2] cost=631.00 no_imp=2/20 (còn 352s)
2026-04-04 09:55:35,764 -   [Inner 99.3] cost=631.00 no_imp=4/20 (còn 351s)
2026-04-04 09:55:36,626 -   [Inner 99.4] cost=631.00 no_imp=6/20 (còn 350s)
2026-04-04 09:55:37,533 -   [Inner 99.5] cost=631.00 no_imp=8/20 (còn 350s)
2026-04-04 09:55:38,413 -   [Inner 99.6] cost=631.00 no_imp=10/20 (còn 349s)
2026-04-04 09:55:39,288 -   [Inner 99.7] cost=631.00 no_imp=12/20 (còn 348s)
2026-04-04 09:55:40,147 -   [Inner 99.8] cost=631.00 no_imp=14/20 (còn 347s)
2026-04-04 09:55:41,002 -   [Inner 99.9] cost=631.00 no_imp=16/20 (còn 346s)
2026-04-04 09:55:41,854 -   [Inner 99.10] cost=631.00 no_imp=18/20 (còn 345s)
2026-04-04 09:55:42,707 -   [Outer 99] Chạy Pairwise MaxSAT...
2026-04-04 09:55:42,708 -   [Outer] Không cải thiện (streak=98)
2026-04-04 09:55:42,708 - === OUTER 100 | cost=631.00 no_imp_streak=98 (còn 344s) ===
2026-04-04 09:55:42,708 -   [Inner 100.1] cost=631.00 no_imp=0/20 (còn 344s)
2026-04-04 09:55:43,572 -   [Inner 100.2] cost=631.00 no_imp=2/20 (còn 343s)
2026-04-04 09:55:44,440 -   [Inner 100.3] cost=631.00 no_imp=4/20 (còn 343s)
2026-04-04 09:55:45,298 -   [Inner 100.4] cost=631.00 no_imp=6/20 (còn 342s)
2026-04-04 09:55:46,160 -   [Inner 100.5] cost=631.00 no_imp=8/20 (còn 341s)
2026-04-04 09:55:47,024 -   [Inner 100.6] cost=631.00 no_imp=10/20 (còn 340s)
2026-04-04 09:55:47,885 -   [Inner 100.7] cost=631.00 no_imp=12/20 (còn 339s)
2026-04-04 09:55:48,742 -   [Inner 100.8] cost=631.00 no_imp=14/20 (còn 338s)
2026-04-04 09:55:49,604 -   [Inner 100.9] cost=631.00 no_imp=16/20 (còn 337s)
2026-04-04 09:55:50,469 -   [Inner 100.10] cost=631.00 no_imp=18/20 (còn 337s)
2026-04-04 09:55:51,331 -   [Outer 100] Chạy Pairwise MaxSAT...
2026-04-04 09:55:51,331 -   [Outer] Không cải thiện (streak=99)
2026-04-04 09:55:51,331 - === OUTER 101 | cost=631.00 no_imp_streak=99 (còn 336s) ===
2026-04-04 09:55:51,332 -   [Inner 101.1] cost=631.00 no_imp=0/20 (còn 336s)
2026-04-04 09:55:52,201 -   [Inner 101.2] cost=631.00 no_imp=2/20 (còn 335s)
2026-04-04 09:55:53,068 -   [Inner 101.3] cost=631.00 no_imp=4/20 (còn 334s)
2026-04-04 09:55:53,926 -   [Inner 101.4] cost=631.00 no_imp=6/20 (còn 333s)
2026-04-04 09:55:54,781 -   [Inner 101.5] cost=631.00 no_imp=8/20 (còn 332s)
2026-04-04 09:55:55,641 -   [Inner 101.6] cost=631.00 no_imp=10/20 (còn 331s)
2026-04-04 09:55:56,498 -   [Inner 101.7] cost=631.00 no_imp=12/20 (còn 331s)
2026-04-04 09:55:57,361 -   [Inner 101.8] cost=631.00 no_imp=14/20 (còn 330s)
2026-04-04 09:55:58,220 -   [Inner 101.9] cost=631.00 no_imp=16/20 (còn 329s)
2026-04-04 09:55:59,084 -   [Inner 101.10] cost=631.00 no_imp=18/20 (còn 328s)
2026-04-04 09:55:59,942 -   [Outer 101] Chạy Pairwise MaxSAT...
2026-04-04 09:55:59,942 -   [Outer] Không cải thiện (streak=100)
2026-04-04 09:55:59,942 - === OUTER 102 | cost=631.00 no_imp_streak=100 (còn 327s) ===
2026-04-04 09:55:59,942 -   [Inner 102.1] cost=631.00 no_imp=0/20 (còn 327s)
2026-04-04 09:56:00,802 -   [Inner 102.2] cost=631.00 no_imp=2/20 (còn 326s)
2026-04-04 09:56:01,671 -   [Inner 102.3] cost=631.00 no_imp=4/20 (còn 325s)
2026-04-04 09:56:02,556 -   [Inner 102.4] cost=631.00 no_imp=6/20 (còn 324s)
2026-04-04 09:56:03,422 -   [Inner 102.5] cost=631.00 no_imp=8/20 (còn 324s)
2026-04-04 09:56:04,274 -   [Inner 102.6] cost=631.00 no_imp=10/20 (còn 323s)
2026-04-04 09:56:05,127 -   [Inner 102.7] cost=631.00 no_imp=12/20 (còn 322s)
2026-04-04 09:56:05,995 -   [Inner 102.8] cost=631.00 no_imp=14/20 (còn 321s)
2026-04-04 09:56:06,848 -   [Inner 102.9] cost=631.00 no_imp=16/20 (còn 320s)
2026-04-04 09:56:07,710 -   [Inner 102.10] cost=631.00 no_imp=18/20 (còn 319s)
2026-04-04 09:56:08,573 -   [Outer 102] Chạy Pairwise MaxSAT...
2026-04-04 09:56:08,573 -   [Outer] Không cải thiện (streak=101)
2026-04-04 09:56:08,574 - === OUTER 103 | cost=631.00 no_imp_streak=101 (còn 318s) ===
2026-04-04 09:56:08,574 -   [Inner 103.1] cost=631.00 no_imp=0/20 (còn 318s)
2026-04-04 09:56:09,436 -   [Inner 103.2] cost=631.00 no_imp=2/20 (còn 318s)
2026-04-04 09:56:10,295 -   [Inner 103.3] cost=631.00 no_imp=4/20 (còn 317s)
2026-04-04 09:56:11,148 -   [Inner 103.4] cost=631.00 no_imp=6/20 (còn 316s)
2026-04-04 09:56:12,016 -   [Inner 103.5] cost=631.00 no_imp=8/20 (còn 315s)
2026-04-04 09:56:12,870 -   [Inner 103.6] cost=631.00 no_imp=10/20 (còn 314s)
2026-04-04 09:56:13,733 -   [Inner 103.7] cost=631.00 no_imp=12/20 (còn 313s)
2026-04-04 09:56:14,584 -   [Inner 103.8] cost=631.00 no_imp=14/20 (còn 312s)
2026-04-04 09:56:15,451 -   [Inner 103.9] cost=631.00 no_imp=16/20 (còn 312s)
2026-04-04 09:56:16,308 -   [Inner 103.10] cost=631.00 no_imp=18/20 (còn 311s)
2026-04-04 09:56:17,166 -   [Outer 103] Chạy Pairwise MaxSAT...
2026-04-04 09:56:17,166 -   [Outer] Không cải thiện (streak=102)
2026-04-04 09:56:17,166 - === OUTER 104 | cost=631.00 no_imp_streak=102 (còn 310s) ===
2026-04-04 09:56:17,167 -   [Inner 104.1] cost=631.00 no_imp=0/20 (còn 310s)
2026-04-04 09:56:18,035 -   [Inner 104.2] cost=631.00 no_imp=2/20 (còn 309s)
2026-04-04 09:56:18,887 -   [Inner 104.3] cost=631.00 no_imp=4/20 (còn 308s)
2026-04-04 09:56:19,752 -   [Inner 104.4] cost=631.00 no_imp=6/20 (còn 307s)
2026-04-04 09:56:20,616 -   [Inner 104.5] cost=631.00 no_imp=8/20 (còn 306s)
2026-04-04 09:56:21,478 -   [Inner 104.6] cost=631.00 no_imp=10/20 (còn 306s)
2026-04-04 09:56:22,339 -   [Inner 104.7] cost=631.00 no_imp=12/20 (còn 305s)
2026-04-04 09:56:23,187 -   [Inner 104.8] cost=631.00 no_imp=14/20 (còn 304s)
2026-04-04 09:56:24,051 -   [Inner 104.9] cost=631.00 no_imp=16/20 (còn 303s)
2026-04-04 09:56:24,901 -   [Inner 104.10] cost=631.00 no_imp=18/20 (còn 302s)
2026-04-04 09:56:25,763 -   [Outer 104] Chạy Pairwise MaxSAT...
2026-04-04 09:56:25,763 -   [Outer] Không cải thiện (streak=103)
2026-04-04 09:56:25,763 - === OUTER 105 | cost=631.00 no_imp_streak=103 (còn 301s) ===
2026-04-04 09:56:25,763 -   [Inner 105.1] cost=631.00 no_imp=0/20 (còn 301s)
2026-04-04 09:56:26,621 -   [Inner 105.2] cost=631.00 no_imp=2/20 (còn 300s)
2026-04-04 09:56:27,488 -   [Inner 105.3] cost=631.00 no_imp=4/20 (còn 300s)
2026-04-04 09:56:28,346 -   [Inner 105.4] cost=631.00 no_imp=6/20 (còn 299s)
2026-04-04 09:56:29,199 -   [Inner 105.5] cost=631.00 no_imp=8/20 (còn 298s)
2026-04-04 09:56:30,061 -   [Inner 105.6] cost=631.00 no_imp=10/20 (còn 297s)
2026-04-04 09:56:30,931 -   [Inner 105.7] cost=631.00 no_imp=12/20 (còn 296s)
2026-04-04 09:56:31,813 -   [Inner 105.8] cost=631.00 no_imp=14/20 (còn 295s)
2026-04-04 09:56:32,678 -   [Inner 105.9] cost=631.00 no_imp=16/20 (còn 294s)
2026-04-04 09:56:33,539 -   [Inner 105.10] cost=631.00 no_imp=18/20 (còn 294s)
2026-04-04 09:56:34,407 -   [Outer 105] Chạy Pairwise MaxSAT...
2026-04-04 09:56:34,407 -   [Outer] Không cải thiện (streak=104)
2026-04-04 09:56:34,407 - === OUTER 106 | cost=631.00 no_imp_streak=104 (còn 293s) ===
2026-04-04 09:56:34,407 -   [Inner 106.1] cost=631.00 no_imp=0/20 (còn 293s)
2026-04-04 09:56:35,281 -   [Inner 106.2] cost=631.00 no_imp=2/20 (còn 292s)
2026-04-04 09:56:36,146 -   [Inner 106.3] cost=631.00 no_imp=4/20 (còn 291s)
2026-04-04 09:56:37,002 -   [Inner 106.4] cost=631.00 no_imp=6/20 (còn 290s)
2026-04-04 09:56:37,865 -   [Inner 106.5] cost=631.00 no_imp=8/20 (còn 289s)
2026-04-04 09:56:38,717 -   [Inner 106.6] cost=631.00 no_imp=10/20 (còn 288s)
2026-04-04 09:56:39,575 -   [Inner 106.7] cost=631.00 no_imp=12/20 (còn 287s)
2026-04-04 09:56:40,432 -   [Inner 106.8] cost=631.00 no_imp=14/20 (còn 287s)
2026-04-04 09:56:41,283 -   [Inner 106.9] cost=631.00 no_imp=16/20 (còn 286s)
2026-04-04 09:56:42,144 -   [Inner 106.10] cost=631.00 no_imp=18/20 (còn 285s)
2026-04-04 09:56:42,995 -   [Outer 106] Chạy Pairwise MaxSAT...
2026-04-04 09:56:42,995 -   [Outer] Không cải thiện (streak=105)
2026-04-04 09:56:42,995 - === OUTER 107 | cost=631.00 no_imp_streak=105 (còn 284s) ===
2026-04-04 09:56:42,995 -   [Inner 107.1] cost=631.00 no_imp=0/20 (còn 284s)
2026-04-04 09:56:43,862 -   [Inner 107.2] cost=631.00 no_imp=2/20 (còn 283s)
2026-04-04 09:56:44,718 -   [Inner 107.3] cost=631.00 no_imp=4/20 (còn 282s)
2026-04-04 09:56:45,572 -   [Inner 107.4] cost=631.00 no_imp=6/20 (còn 281s)
2026-04-04 09:56:46,435 -   [Inner 107.5] cost=631.00 no_imp=8/20 (còn 281s)
2026-04-04 09:56:47,286 -   [Inner 107.6] cost=631.00 no_imp=10/20 (còn 280s)
2026-04-04 09:56:48,147 -   [Inner 107.7] cost=631.00 no_imp=12/20 (còn 279s)
2026-04-04 09:56:49,001 -   [Inner 107.8] cost=631.00 no_imp=14/20 (còn 278s)
2026-04-04 09:56:49,860 -   [Inner 107.9] cost=631.00 no_imp=16/20 (còn 277s)
2026-04-04 09:56:50,716 -   [Inner 107.10] cost=631.00 no_imp=18/20 (còn 276s)
2026-04-04 09:56:51,581 -   [Outer 107] Chạy Pairwise MaxSAT...
2026-04-04 09:56:51,582 -   [Outer] Không cải thiện (streak=106)
2026-04-04 09:56:51,582 - === OUTER 108 | cost=631.00 no_imp_streak=106 (còn 275s) ===
2026-04-04 09:56:51,582 -   [Inner 108.1] cost=631.00 no_imp=0/20 (còn 275s)
2026-04-04 09:56:52,461 -   [Inner 108.2] cost=631.00 no_imp=2/20 (còn 275s)
2026-04-04 09:56:53,314 -   [Inner 108.3] cost=631.00 no_imp=4/20 (còn 274s)
2026-04-04 09:56:54,172 -   [Inner 108.4] cost=631.00 no_imp=6/20 (còn 273s)
2026-04-04 09:56:55,027 -   [Inner 108.5] cost=631.00 no_imp=8/20 (còn 272s)
2026-04-04 09:56:55,890 -   [Inner 108.6] cost=631.00 no_imp=10/20 (còn 271s)
2026-04-04 09:56:56,745 -   [Inner 108.7] cost=631.00 no_imp=12/20 (còn 270s)
2026-04-04 09:56:57,606 -   [Inner 108.8] cost=631.00 no_imp=14/20 (còn 269s)
2026-04-04 09:56:58,471 -   [Inner 108.9] cost=631.00 no_imp=16/20 (còn 269s)
2026-04-04 09:56:59,330 -   [Inner 108.10] cost=631.00 no_imp=18/20 (còn 268s)
2026-04-04 09:57:00,201 -   [Outer 108] Chạy Pairwise MaxSAT...
2026-04-04 09:57:00,201 -   [Outer] Không cải thiện (streak=107)
2026-04-04 09:57:00,201 - === OUTER 109 | cost=631.00 no_imp_streak=107 (còn 267s) ===
2026-04-04 09:57:00,201 -   [Inner 109.1] cost=631.00 no_imp=0/20 (còn 267s)
2026-04-04 09:57:01,055 -   [Inner 109.2] cost=631.00 no_imp=2/20 (còn 266s)
2026-04-04 09:57:01,926 -   [Inner 109.3] cost=631.00 no_imp=4/20 (còn 265s)
2026-04-04 09:57:02,798 -   [Inner 109.4] cost=631.00 no_imp=6/20 (còn 264s)
2026-04-04 09:57:03,656 -   [Inner 109.5] cost=631.00 no_imp=8/20 (còn 263s)
2026-04-04 09:57:04,516 -   [Inner 109.6] cost=631.00 no_imp=10/20 (còn 263s)
2026-04-04 09:57:05,379 -   [Inner 109.7] cost=631.00 no_imp=12/20 (còn 262s)
2026-04-04 09:57:06,234 -   [Inner 109.8] cost=631.00 no_imp=14/20 (còn 261s)
2026-04-04 09:57:07,086 -   [Inner 109.9] cost=631.00 no_imp=16/20 (còn 260s)
2026-04-04 09:57:07,962 -   [Inner 109.10] cost=631.00 no_imp=18/20 (còn 259s)
2026-04-04 09:57:08,817 -   [Outer 109] Chạy Pairwise MaxSAT...
2026-04-04 09:57:08,818 -   [Outer] Không cải thiện (streak=108)
2026-04-04 09:57:08,818 - === OUTER 110 | cost=631.00 no_imp_streak=108 (còn 258s) ===
2026-04-04 09:57:08,818 -   [Inner 110.1] cost=631.00 no_imp=0/20 (còn 258s)
2026-04-04 09:57:09,673 -   [Inner 110.2] cost=631.00 no_imp=2/20 (còn 257s)
2026-04-04 09:57:10,535 -   [Inner 110.3] cost=631.00 no_imp=4/20 (còn 257s)
2026-04-04 09:57:11,390 -   [Inner 110.4] cost=631.00 no_imp=6/20 (còn 256s)
2026-04-04 09:57:12,259 -   [Inner 110.5] cost=631.00 no_imp=8/20 (còn 255s)
2026-04-04 09:57:13,105 -   [Inner 110.6] cost=631.00 no_imp=10/20 (còn 254s)
2026-04-04 09:57:13,967 -   [Inner 110.7] cost=631.00 no_imp=12/20 (còn 253s)
2026-04-04 09:57:14,827 -   [Inner 110.8] cost=631.00 no_imp=14/20 (còn 252s)
2026-04-04 09:57:15,683 -   [Inner 110.9] cost=631.00 no_imp=16/20 (còn 251s)
2026-04-04 09:57:16,536 -   [Inner 110.10] cost=631.00 no_imp=18/20 (còn 251s)
2026-04-04 09:57:17,387 -   [Outer 110] Chạy Pairwise MaxSAT...
2026-04-04 09:57:17,388 -   [Outer] Không cải thiện (streak=109)
2026-04-04 09:57:17,391 - === OUTER 111 | cost=631.00 no_imp_streak=109 (còn 250s) ===
2026-04-04 09:57:17,392 -   [Inner 111.1] cost=631.00 no_imp=0/20 (còn 250s)
2026-04-04 09:57:18,245 -   [Inner 111.2] cost=631.00 no_imp=2/20 (còn 249s)
2026-04-04 09:57:19,101 -   [Inner 111.3] cost=631.00 no_imp=4/20 (còn 248s)
2026-04-04 09:57:19,955 -   [Inner 111.4] cost=631.00 no_imp=6/20 (còn 247s)
2026-04-04 09:57:20,823 -   [Inner 111.5] cost=631.00 no_imp=8/20 (còn 246s)
2026-04-04 09:57:21,680 -   [Inner 111.6] cost=631.00 no_imp=10/20 (còn 245s)
2026-04-04 09:57:22,543 -   [Inner 111.7] cost=631.00 no_imp=12/20 (còn 245s)
2026-04-04 09:57:23,392 -   [Inner 111.8] cost=631.00 no_imp=14/20 (còn 244s)
2026-04-04 09:57:24,254 -   [Inner 111.9] cost=631.00 no_imp=16/20 (còn 243s)
2026-04-04 09:57:25,104 -   [Inner 111.10] cost=631.00 no_imp=18/20 (còn 242s)
2026-04-04 09:57:25,960 -   [Outer 111] Chạy Pairwise MaxSAT...
2026-04-04 09:57:25,960 -   [Outer] Không cải thiện (streak=110)
2026-04-04 09:57:25,960 - === OUTER 112 | cost=631.00 no_imp_streak=110 (còn 241s) ===
2026-04-04 09:57:25,960 -   [Inner 112.1] cost=631.00 no_imp=0/20 (còn 241s)
2026-04-04 09:57:26,822 -   [Inner 112.2] cost=631.00 no_imp=2/20 (còn 240s)
2026-04-04 09:57:27,683 -   [Inner 112.3] cost=631.00 no_imp=4/20 (còn 239s)
2026-04-04 09:57:28,541 -   [Inner 112.4] cost=631.00 no_imp=6/20 (còn 239s)
2026-04-04 09:57:29,400 -   [Inner 112.5] cost=631.00 no_imp=8/20 (còn 238s)
2026-04-04 09:57:30,262 -   [Inner 112.6] cost=631.00 no_imp=10/20 (còn 237s)
2026-04-04 09:57:31,115 -   [Inner 112.7] cost=631.00 no_imp=12/20 (còn 236s)
2026-04-04 09:57:31,984 -   [Inner 112.8] cost=631.00 no_imp=14/20 (còn 235s)
2026-04-04 09:57:32,874 -   [Inner 112.9] cost=631.00 no_imp=16/20 (còn 234s)
2026-04-04 09:57:33,734 -   [Inner 112.10] cost=631.00 no_imp=18/20 (còn 233s)
2026-04-04 09:57:34,606 -   [Outer 112] Chạy Pairwise MaxSAT...
2026-04-04 09:57:34,606 -   [Outer] Không cải thiện (streak=111)
2026-04-04 09:57:34,607 - === OUTER 113 | cost=631.00 no_imp_streak=111 (còn 232s) ===
2026-04-04 09:57:34,607 -   [Inner 113.1] cost=631.00 no_imp=0/20 (còn 232s)
2026-04-04 09:57:35,498 -   [Inner 113.2] cost=631.00 no_imp=2/20 (còn 232s)
2026-04-04 09:57:36,363 -   [Inner 113.3] cost=631.00 no_imp=4/20 (còn 231s)
2026-04-04 09:57:37,223 -   [Inner 113.4] cost=631.00 no_imp=6/20 (còn 230s)
2026-04-04 09:57:38,073 -   [Inner 113.5] cost=631.00 no_imp=8/20 (còn 229s)
2026-04-04 09:57:38,932 -   [Inner 113.6] cost=631.00 no_imp=10/20 (còn 228s)
2026-04-04 09:57:39,789 -   [Inner 113.7] cost=631.00 no_imp=12/20 (còn 227s)
2026-04-04 09:57:40,649 -   [Inner 113.8] cost=631.00 no_imp=14/20 (còn 226s)
2026-04-04 09:57:41,501 -   [Inner 113.9] cost=631.00 no_imp=16/20 (còn 226s)
2026-04-04 09:57:42,357 -   [Inner 113.10] cost=631.00 no_imp=18/20 (còn 225s)
2026-04-04 09:57:43,217 -   [Outer 113] Chạy Pairwise MaxSAT...
2026-04-04 09:57:43,217 -   [Outer] Không cải thiện (streak=112)
2026-04-04 09:57:43,218 - === OUTER 114 | cost=631.00 no_imp_streak=112 (còn 224s) ===
2026-04-04 09:57:43,218 -   [Inner 114.1] cost=631.00 no_imp=0/20 (còn 224s)
2026-04-04 09:57:44,075 -   [Inner 114.2] cost=631.00 no_imp=2/20 (còn 223s)
2026-04-04 09:57:44,929 -   [Inner 114.3] cost=631.00 no_imp=4/20 (còn 222s)
2026-04-04 09:57:45,787 -   [Inner 114.4] cost=631.00 no_imp=6/20 (còn 221s)
2026-04-04 09:57:46,648 -   [Inner 114.5] cost=631.00 no_imp=8/20 (còn 220s)
2026-04-04 09:57:47,504 -   [Inner 114.6] cost=631.00 no_imp=10/20 (còn 220s)
2026-04-04 09:57:48,355 -   [Inner 114.7] cost=631.00 no_imp=12/20 (còn 219s)
2026-04-04 09:57:49,218 -   [Inner 114.8] cost=631.00 no_imp=14/20 (còn 218s)
2026-04-04 09:57:50,076 -   [Inner 114.9] cost=631.00 no_imp=16/20 (còn 217s)
2026-04-04 09:57:50,931 -   [Inner 114.10] cost=631.00 no_imp=18/20 (còn 216s)
2026-04-04 09:57:51,784 -   [Outer 114] Chạy Pairwise MaxSAT...
2026-04-04 09:57:51,785 -   [Outer] Không cải thiện (streak=113)
2026-04-04 09:57:51,785 - === OUTER 115 | cost=631.00 no_imp_streak=113 (còn 215s) ===
2026-04-04 09:57:51,785 -   [Inner 115.1] cost=631.00 no_imp=0/20 (còn 215s)
2026-04-04 09:57:52,658 -   [Inner 115.2] cost=631.00 no_imp=2/20 (còn 214s)
2026-04-04 09:57:53,509 -   [Inner 115.3] cost=631.00 no_imp=4/20 (còn 214s)
2026-04-04 09:57:54,363 -   [Inner 115.4] cost=631.00 no_imp=6/20 (còn 213s)
2026-04-04 09:57:55,221 -   [Inner 115.5] cost=631.00 no_imp=8/20 (còn 212s)
2026-04-04 09:57:56,075 -   [Inner 115.6] cost=631.00 no_imp=10/20 (còn 211s)
2026-04-04 09:57:56,931 -   [Inner 115.7] cost=631.00 no_imp=12/20 (còn 210s)
2026-04-04 09:57:57,790 -   [Inner 115.8] cost=631.00 no_imp=14/20 (còn 209s)
2026-04-04 09:57:58,653 -   [Inner 115.9] cost=631.00 no_imp=16/20 (còn 208s)
2026-04-04 09:57:59,508 -   [Inner 115.10] cost=631.00 no_imp=18/20 (còn 208s)
2026-04-04 09:58:00,385 -   [Outer 115] Chạy Pairwise MaxSAT...
2026-04-04 09:58:00,385 -   [Outer] Không cải thiện (streak=114)
2026-04-04 09:58:00,386 - === OUTER 116 | cost=631.00 no_imp_streak=114 (còn 207s) ===
2026-04-04 09:58:00,386 -   [Inner 116.1] cost=631.00 no_imp=0/20 (còn 207s)
2026-04-04 09:58:01,256 -   [Inner 116.2] cost=631.00 no_imp=2/20 (còn 206s)
2026-04-04 09:58:02,116 -   [Inner 116.3] cost=631.00 no_imp=4/20 (còn 205s)
2026-04-04 09:58:02,992 -   [Inner 116.4] cost=631.00 no_imp=6/20 (còn 204s)
2026-04-04 09:58:03,857 -   [Inner 116.5] cost=631.00 no_imp=8/20 (còn 203s)
2026-04-04 09:58:04,718 -   [Inner 116.6] cost=631.00 no_imp=10/20 (còn 202s)
2026-04-04 09:58:05,576 -   [Inner 116.7] cost=631.00 no_imp=12/20 (còn 201s)
2026-04-04 09:58:06,436 -   [Inner 116.8] cost=631.00 no_imp=14/20 (còn 201s)
2026-04-04 09:58:07,304 -   [Inner 116.9] cost=631.00 no_imp=16/20 (còn 200s)
2026-04-04 09:58:08,156 -   [Inner 116.10] cost=631.00 no_imp=18/20 (còn 199s)
2026-04-04 09:58:09,019 -   [Outer 116] Chạy Pairwise MaxSAT...
2026-04-04 09:58:09,019 -   [Outer] Không cải thiện (streak=115)
2026-04-04 09:58:09,019 - === OUTER 117 | cost=631.00 no_imp_streak=115 (còn 198s) ===
2026-04-04 09:58:09,019 -   [Inner 117.1] cost=631.00 no_imp=0/20 (còn 198s)
2026-04-04 09:58:09,874 -   [Inner 117.2] cost=631.00 no_imp=2/20 (còn 197s)
2026-04-04 09:58:10,726 -   [Inner 117.3] cost=631.00 no_imp=4/20 (còn 196s)
2026-04-04 09:58:11,590 -   [Inner 117.4] cost=631.00 no_imp=6/20 (còn 195s)
2026-04-04 09:58:12,440 -   [Inner 117.5] cost=631.00 no_imp=8/20 (còn 195s)
2026-04-04 09:58:13,297 -   [Inner 117.6] cost=631.00 no_imp=10/20 (còn 194s)
2026-04-04 09:58:14,153 -   [Inner 117.7] cost=631.00 no_imp=12/20 (còn 193s)
2026-04-04 09:58:15,015 -   [Inner 117.8] cost=631.00 no_imp=14/20 (còn 192s)
2026-04-04 09:58:15,866 -   [Inner 117.9] cost=631.00 no_imp=16/20 (còn 191s)
2026-04-04 09:58:16,721 -   [Inner 117.10] cost=631.00 no_imp=18/20 (còn 190s)
2026-04-04 09:58:17,580 -   [Outer 117] Chạy Pairwise MaxSAT...
2026-04-04 09:58:17,580 -   [Outer] Không cải thiện (streak=116)
2026-04-04 09:58:17,584 - === OUTER 118 | cost=631.00 no_imp_streak=116 (còn 189s) ===
2026-04-04 09:58:17,584 -   [Inner 118.1] cost=631.00 no_imp=0/20 (còn 189s)
2026-04-04 09:58:18,437 -   [Inner 118.2] cost=631.00 no_imp=2/20 (còn 189s)
2026-04-04 09:58:19,304 -   [Inner 118.3] cost=631.00 no_imp=4/20 (còn 188s)
2026-04-04 09:58:20,183 -   [Inner 118.4] cost=631.00 no_imp=6/20 (còn 187s)
2026-04-04 09:58:21,050 -   [Inner 118.5] cost=631.00 no_imp=8/20 (còn 186s)
2026-04-04 09:58:21,901 -   [Inner 118.6] cost=631.00 no_imp=10/20 (còn 185s)
2026-04-04 09:58:22,762 -   [Inner 118.7] cost=631.00 no_imp=12/20 (còn 184s)
2026-04-04 09:58:23,621 -   [Inner 118.8] cost=631.00 no_imp=14/20 (còn 183s)
2026-04-04 09:58:24,477 -   [Inner 118.9] cost=631.00 no_imp=16/20 (còn 183s)
2026-04-04 09:58:25,338 -   [Inner 118.10] cost=631.00 no_imp=18/20 (còn 182s)
2026-04-04 09:58:26,191 -   [Outer 118] Chạy Pairwise MaxSAT...
2026-04-04 09:58:26,191 -   [Outer] Không cải thiện (streak=117)
2026-04-04 09:58:26,191 - === OUTER 119 | cost=631.00 no_imp_streak=117 (còn 181s) ===
2026-04-04 09:58:26,191 -   [Inner 119.1] cost=631.00 no_imp=0/20 (còn 181s)
2026-04-04 09:58:27,054 -   [Inner 119.2] cost=631.00 no_imp=2/20 (còn 180s)
2026-04-04 09:58:27,904 -   [Inner 119.3] cost=631.00 no_imp=4/20 (còn 179s)
2026-04-04 09:58:28,761 -   [Inner 119.4] cost=631.00 no_imp=6/20 (còn 178s)
2026-04-04 09:58:29,618 -   [Inner 119.5] cost=631.00 no_imp=8/20 (còn 177s)
2026-04-04 09:58:30,473 -   [Inner 119.6] cost=631.00 no_imp=10/20 (còn 177s)
2026-04-04 09:58:31,335 -   [Inner 119.7] cost=631.00 no_imp=12/20 (còn 176s)
2026-04-04 09:58:32,192 -   [Inner 119.8] cost=631.00 no_imp=14/20 (còn 175s)
2026-04-04 09:58:33,076 -   [Inner 119.9] cost=631.00 no_imp=16/20 (còn 174s)
2026-04-04 09:58:33,935 -   [Inner 119.10] cost=631.00 no_imp=18/20 (còn 173s)
2026-04-04 09:58:34,793 -   [Outer 119] Chạy Pairwise MaxSAT...
2026-04-04 09:58:34,794 -   [Outer] Không cải thiện (streak=118)
2026-04-04 09:58:34,794 - === OUTER 120 | cost=631.00 no_imp_streak=118 (còn 172s) ===
2026-04-04 09:58:34,794 -   [Inner 120.1] cost=631.00 no_imp=0/20 (còn 172s)
2026-04-04 09:58:35,657 -   [Inner 120.2] cost=631.00 no_imp=2/20 (còn 171s)
2026-04-04 09:58:36,517 -   [Inner 120.3] cost=631.00 no_imp=4/20 (còn 171s)
2026-04-04 09:58:37,396 -   [Inner 120.4] cost=631.00 no_imp=6/20 (còn 170s)
2026-04-04 09:58:38,253 -   [Inner 120.5] cost=631.00 no_imp=8/20 (còn 169s)
2026-04-04 09:58:39,115 -   [Inner 120.6] cost=631.00 no_imp=10/20 (còn 168s)
2026-04-04 09:58:39,977 -   [Inner 120.7] cost=631.00 no_imp=12/20 (còn 167s)
2026-04-04 09:58:40,849 -   [Inner 120.8] cost=631.00 no_imp=14/20 (còn 166s)
2026-04-04 09:58:41,708 -   [Inner 120.9] cost=631.00 no_imp=16/20 (còn 165s)
2026-04-04 09:58:42,569 -   [Inner 120.10] cost=631.00 no_imp=18/20 (còn 164s)
2026-04-04 09:58:43,430 -   [Outer 120] Chạy Pairwise MaxSAT...
2026-04-04 09:58:43,430 -   [Outer] Không cải thiện (streak=119)
2026-04-04 09:58:43,430 - === OUTER 121 | cost=631.00 no_imp_streak=119 (còn 164s) ===
2026-04-04 09:58:43,430 -   [Inner 121.1] cost=631.00 no_imp=0/20 (còn 164s)
2026-04-04 09:58:44,290 -   [Inner 121.2] cost=631.00 no_imp=2/20 (còn 163s)
2026-04-04 09:58:45,145 -   [Inner 121.3] cost=631.00 no_imp=4/20 (còn 162s)
2026-04-04 09:58:46,002 -   [Inner 121.4] cost=631.00 no_imp=6/20 (còn 161s)
2026-04-04 09:58:46,853 -   [Inner 121.5] cost=631.00 no_imp=8/20 (còn 160s)
2026-04-04 09:58:47,714 -   [Inner 121.6] cost=631.00 no_imp=10/20 (còn 159s)
2026-04-04 09:58:48,570 -   [Inner 121.7] cost=631.00 no_imp=12/20 (còn 158s)
2026-04-04 09:58:49,432 -   [Inner 121.8] cost=631.00 no_imp=14/20 (còn 158s)
2026-04-04 09:58:50,294 -   [Inner 121.9] cost=631.00 no_imp=16/20 (còn 157s)
2026-04-04 09:58:51,151 -   [Inner 121.10] cost=631.00 no_imp=18/20 (còn 156s)
2026-04-04 09:58:52,014 -   [Outer 121] Chạy Pairwise MaxSAT...
2026-04-04 09:58:52,014 -   [Outer] Không cải thiện (streak=120)
2026-04-04 09:58:52,014 - === OUTER 122 | cost=631.00 no_imp_streak=120 (còn 155s) ===
2026-04-04 09:58:52,014 -   [Inner 122.1] cost=631.00 no_imp=0/20 (còn 155s)
2026-04-04 09:58:52,890 -   [Inner 122.2] cost=631.00 no_imp=2/20 (còn 154s)
2026-04-04 09:58:53,753 -   [Inner 122.3] cost=631.00 no_imp=4/20 (còn 153s)
2026-04-04 09:58:54,614 -   [Inner 122.4] cost=631.00 no_imp=6/20 (còn 152s)
2026-04-04 09:58:55,471 -   [Inner 122.5] cost=631.00 no_imp=8/20 (còn 152s)
2026-04-04 09:58:56,326 -   [Inner 122.6] cost=631.00 no_imp=10/20 (còn 151s)
2026-04-04 09:58:57,184 -   [Inner 122.7] cost=631.00 no_imp=12/20 (còn 150s)
2026-04-04 09:58:58,049 -   [Inner 122.8] cost=631.00 no_imp=14/20 (còn 149s)
2026-04-04 09:58:58,908 -   [Inner 122.9] cost=631.00 no_imp=16/20 (còn 148s)
2026-04-04 09:58:59,773 -   [Inner 122.10] cost=631.00 no_imp=18/20 (còn 147s)
2026-04-04 09:59:00,636 -   [Outer 122] Chạy Pairwise MaxSAT...
2026-04-04 09:59:00,637 -   [Outer] Không cải thiện (streak=121)
2026-04-04 09:59:00,637 - === OUTER 123 | cost=631.00 no_imp_streak=121 (còn 146s) ===
2026-04-04 09:59:00,637 -   [Inner 123.1] cost=631.00 no_imp=0/20 (còn 146s)
2026-04-04 09:59:01,503 -   [Inner 123.2] cost=631.00 no_imp=2/20 (còn 146s)
2026-04-04 09:59:02,376 -   [Inner 123.3] cost=631.00 no_imp=4/20 (còn 145s)
2026-04-04 09:59:03,229 -   [Inner 123.4] cost=631.00 no_imp=6/20 (còn 144s)
2026-04-04 09:59:04,107 -   [Inner 123.5] cost=631.00 no_imp=8/20 (còn 143s)
2026-04-04 09:59:04,958 -   [Inner 123.6] cost=631.00 no_imp=10/20 (còn 142s)
2026-04-04 09:59:05,818 -   [Inner 123.7] cost=631.00 no_imp=12/20 (còn 141s)
2026-04-04 09:59:06,675 -   [Inner 123.8] cost=631.00 no_imp=14/20 (còn 140s)
2026-04-04 09:59:07,531 -   [Inner 123.9] cost=631.00 no_imp=16/20 (còn 140s)
2026-04-04 09:59:08,384 -   [Inner 123.10] cost=631.00 no_imp=18/20 (còn 139s)
2026-04-04 09:59:09,238 -   [Outer 123] Chạy Pairwise MaxSAT...
2026-04-04 09:59:09,238 -   [Outer] Không cải thiện (streak=122)
2026-04-04 09:59:09,238 - === OUTER 124 | cost=631.00 no_imp_streak=122 (còn 138s) ===
2026-04-04 09:59:09,238 -   [Inner 124.1] cost=631.00 no_imp=0/20 (còn 138s)
2026-04-04 09:59:10,091 -   [Inner 124.2] cost=631.00 no_imp=2/20 (còn 137s)
2026-04-04 09:59:10,946 -   [Inner 124.3] cost=631.00 no_imp=4/20 (còn 136s)
2026-04-04 09:59:11,810 -   [Inner 124.4] cost=631.00 no_imp=6/20 (còn 135s)
2026-04-04 09:59:12,663 -   [Inner 124.5] cost=631.00 no_imp=8/20 (còn 134s)
2026-04-04 09:59:13,522 -   [Inner 124.6] cost=631.00 no_imp=10/20 (còn 134s)
2026-04-04 09:59:14,380 -   [Inner 124.7] cost=631.00 no_imp=12/20 (còn 133s)
2026-04-04 09:59:15,224 -   [Inner 124.8] cost=631.00 no_imp=14/20 (còn 132s)
2026-04-04 09:59:16,101 -   [Inner 124.9] cost=631.00 no_imp=16/20 (còn 131s)
2026-04-04 09:59:16,953 -   [Inner 124.10] cost=631.00 no_imp=18/20 (còn 130s)
2026-04-04 09:59:17,815 -   [Outer 124] Chạy Pairwise MaxSAT...
2026-04-04 09:59:17,815 -   [Outer] Không cải thiện (streak=123)
2026-04-04 09:59:17,815 - === OUTER 125 | cost=631.00 no_imp_streak=123 (còn 129s) ===
2026-04-04 09:59:17,815 -   [Inner 125.1] cost=631.00 no_imp=0/20 (còn 129s)
2026-04-04 09:59:18,673 -   [Inner 125.2] cost=631.00 no_imp=2/20 (còn 128s)
2026-04-04 09:59:19,529 -   [Inner 125.3] cost=631.00 no_imp=4/20 (còn 128s)
2026-04-04 09:59:20,400 -   [Inner 125.4] cost=631.00 no_imp=6/20 (còn 127s)
2026-04-04 09:59:21,254 -   [Inner 125.5] cost=631.00 no_imp=8/20 (còn 126s)
2026-04-04 09:59:22,114 -   [Inner 125.6] cost=631.00 no_imp=10/20 (còn 125s)
2026-04-04 09:59:22,968 -   [Inner 125.7] cost=631.00 no_imp=12/20 (còn 124s)
2026-04-04 09:59:23,830 -   [Inner 125.8] cost=631.00 no_imp=14/20 (còn 123s)
2026-04-04 09:59:24,683 -   [Inner 125.9] cost=631.00 no_imp=16/20 (còn 122s)
2026-04-04 09:59:25,537 -   [Inner 125.10] cost=631.00 no_imp=18/20 (còn 122s)
2026-04-04 09:59:26,399 -   [Outer 125] Chạy Pairwise MaxSAT...
2026-04-04 09:59:26,399 -   [Outer] Không cải thiện (streak=124)
2026-04-04 09:59:26,399 - === OUTER 126 | cost=631.00 no_imp_streak=124 (còn 121s) ===
2026-04-04 09:59:26,399 -   [Inner 126.1] cost=631.00 no_imp=0/20 (còn 121s)
2026-04-04 09:59:27,254 -   [Inner 126.2] cost=631.00 no_imp=2/20 (còn 120s)
2026-04-04 09:59:28,114 -   [Inner 126.3] cost=631.00 no_imp=4/20 (còn 119s)
2026-04-04 09:59:28,969 -   [Inner 126.4] cost=631.00 no_imp=6/20 (còn 118s)
2026-04-04 09:59:29,828 -   [Inner 126.5] cost=631.00 no_imp=8/20 (còn 117s)
2026-04-04 09:59:30,685 -   [Inner 126.6] cost=631.00 no_imp=10/20 (còn 116s)
2026-04-04 09:59:31,541 -   [Inner 126.7] cost=631.00 no_imp=12/20 (còn 116s)
2026-04-04 09:59:32,406 -   [Inner 126.8] cost=631.00 no_imp=14/20 (còn 115s)
2026-04-04 09:59:33,264 -   [Inner 126.9] cost=631.00 no_imp=16/20 (còn 114s)
2026-04-04 09:59:34,133 -   [Inner 126.10] cost=631.00 no_imp=18/20 (còn 113s)
2026-04-04 09:59:34,986 -   [Outer 126] Chạy Pairwise MaxSAT...
2026-04-04 09:59:34,987 -   [Outer] Không cải thiện (streak=125)
2026-04-04 09:59:34,987 - === OUTER 127 | cost=631.00 no_imp_streak=125 (còn 112s) ===
2026-04-04 09:59:34,987 -   [Inner 127.1] cost=631.00 no_imp=0/20 (còn 112s)
2026-04-04 09:59:35,842 -   [Inner 127.2] cost=631.00 no_imp=2/20 (còn 111s)
2026-04-04 09:59:36,702 -   [Inner 127.3] cost=631.00 no_imp=4/20 (còn 110s)
2026-04-04 09:59:37,588 -   [Inner 127.4] cost=631.00 no_imp=6/20 (còn 109s)
2026-04-04 09:59:38,457 -   [Inner 127.5] cost=631.00 no_imp=8/20 (còn 109s)
2026-04-04 09:59:39,324 -   [Inner 127.6] cost=631.00 no_imp=10/20 (còn 108s)
2026-04-04 09:59:40,185 -   [Inner 127.7] cost=631.00 no_imp=12/20 (còn 107s)
2026-04-04 09:59:41,041 -   [Inner 127.8] cost=631.00 no_imp=14/20 (còn 106s)
2026-04-04 09:59:41,893 -   [Inner 127.9] cost=631.00 no_imp=16/20 (còn 105s)
2026-04-04 09:59:42,790 -   [Inner 127.10] cost=631.00 no_imp=18/20 (còn 104s)
2026-04-04 09:59:43,655 -   [Outer 127] Chạy Pairwise MaxSAT...
2026-04-04 09:59:43,656 -   [Outer] Không cải thiện (streak=126)
2026-04-04 09:59:43,656 - === OUTER 128 | cost=631.00 no_imp_streak=126 (còn 103s) ===
2026-04-04 09:59:43,656 -   [Inner 128.1] cost=631.00 no_imp=0/20 (còn 103s)
2026-04-04 09:59:44,515 -   [Inner 128.2] cost=631.00 no_imp=2/20 (còn 103s)
2026-04-04 09:59:45,372 -   [Inner 128.3] cost=631.00 no_imp=4/20 (còn 102s)
2026-04-04 09:59:46,240 -   [Inner 128.4] cost=631.00 no_imp=6/20 (còn 101s)
2026-04-04 09:59:47,098 -   [Inner 128.5] cost=631.00 no_imp=8/20 (còn 100s)
2026-04-04 09:59:47,953 -   [Inner 128.6] cost=631.00 no_imp=10/20 (còn 99s)
2026-04-04 09:59:48,814 -   [Inner 128.7] cost=631.00 no_imp=12/20 (còn 98s)
2026-04-04 09:59:49,673 -   [Inner 128.8] cost=631.00 no_imp=14/20 (còn 97s)
2026-04-04 09:59:50,541 -   [Inner 128.9] cost=631.00 no_imp=16/20 (còn 97s)
2026-04-04 09:59:51,396 -   [Inner 128.10] cost=631.00 no_imp=18/20 (còn 96s)
2026-04-04 09:59:52,264 -   [Outer 128] Chạy Pairwise MaxSAT...
2026-04-04 09:59:52,264 -   [Outer] Không cải thiện (streak=127)
2026-04-04 09:59:52,265 - === OUTER 129 | cost=631.00 no_imp_streak=127 (còn 95s) ===
2026-04-04 09:59:52,265 -   [Inner 129.1] cost=631.00 no_imp=0/20 (còn 95s)
2026-04-04 09:59:53,237 -   [Inner 129.2] cost=631.00 no_imp=2/20 (còn 94s)
2026-04-04 09:59:54,136 -   [Inner 129.3] cost=631.00 no_imp=4/20 (còn 93s)
2026-04-04 09:59:55,016 -   [Inner 129.4] cost=631.00 no_imp=6/20 (còn 92s)
2026-04-04 09:59:55,873 -   [Inner 129.5] cost=631.00 no_imp=8/20 (còn 91s)
2026-04-04 09:59:56,732 -   [Inner 129.6] cost=631.00 no_imp=10/20 (còn 90s)
2026-04-04 09:59:57,587 -   [Inner 129.7] cost=631.00 no_imp=12/20 (còn 89s)
2026-04-04 09:59:58,453 -   [Inner 129.8] cost=631.00 no_imp=14/20 (còn 89s)
2026-04-04 09:59:59,330 -   [Inner 129.9] cost=631.00 no_imp=16/20 (còn 88s)
2026-04-04 10:00:00,207 -   [Inner 129.10] cost=631.00 no_imp=18/20 (còn 87s)
2026-04-04 10:00:01,128 -   [Outer 129] Chạy Pairwise MaxSAT...
2026-04-04 10:00:01,129 -   [Outer] Không cải thiện (streak=128)
2026-04-04 10:00:01,129 - === OUTER 130 | cost=631.00 no_imp_streak=128 (còn 86s) ===
2026-04-04 10:00:01,129 -   [Inner 130.1] cost=631.00 no_imp=0/20 (còn 86s)
