2026-04-04 11:18:48,683 - ======================================================================
2026-04-04 11:18:48,683 - FILE: B-n31-k5.vrp
2026-04-04 11:18:48,683 - ======================================================================
2026-04-04 11:18:48,685 - Dim=31 K=5 Cap=100
2026-04-04 11:18:48,685 - --- Clarke-Wright ---
2026-04-04 11:18:48,686 -   cost=748 time=0.00s
2026-04-04 11:18:48,686 - --- Two-Opt ---
2026-04-04 11:18:48,687 -   cost=730 time=0.00s
2026-04-04 11:18:48,687 - --- MaxSAT (2-tầng) ---
2026-04-04 11:18:48,687 - =========================================
2026-04-04 11:18:48,687 - BẮT ĐẦU OPTIMIZE (MaxSAT-RC2, 2-tầng)
2026-04-04 11:18:48,687 -   max_single=9  s_to=40.0s
2026-04-04 11:18:48,687 -   max_pair=8  p_to=30.0s
2026-04-04 11:18:48,687 -   n_pairs=3
2026-04-04 11:18:48,687 -   inner_patience=20
2026-04-04 11:18:48,687 -   global_timeout=1200.0s
2026-04-04 11:18:48,687 -   start_cost=730.00
2026-04-04 11:18:48,688 - =========================================
2026-04-04 11:18:48,688 - === OUTER 1 | cost=730.00 (còn 1200s) ===
2026-04-04 11:18:48,688 -   [Inner 1.1] cost=730.00 no_imp=0/20 (còn 1200s)
2026-04-04 11:18:48,692 -     [P1] Relocate → 722.00
2026-04-04 11:18:48,696 -     [P2] Exchange → 719.00
2026-04-04 11:18:48,861 -     [P3] Single +2
2026-04-04 11:18:48,861 -     → INNER BEST = 717.00
2026-04-04 11:18:48,861 -   [Inner 1.2] cost=717.00 no_imp=0/20 (còn 1200s)
2026-04-04 11:18:48,865 -     [P1] Relocate → 705.00
2026-04-04 11:18:48,969 -     → INNER BEST = 705.00
2026-04-04 11:18:48,969 -   [Inner 1.3] cost=705.00 no_imp=0/20 (còn 1200s)
2026-04-04 11:18:48,973 -     [P1] Relocate → 703.00
2026-04-04 11:18:49,085 -     → INNER BEST = 703.00
2026-04-04 11:18:49,085 -   [Inner 1.4] cost=703.00 no_imp=0/20 (còn 1200s)
2026-04-04 11:18:49,089 -     [P1] Relocate → 701.00
2026-04-04 11:18:49,210 -     → INNER BEST = 701.00
2026-04-04 11:18:49,210 -   [Inner 1.5] cost=701.00 no_imp=0/20 (còn 1199s)
2026-04-04 11:18:49,335 -   [Inner 1.6] cost=701.00 no_imp=1/20 (còn 1199s)
2026-04-04 11:18:49,464 -   [Inner 1.7] cost=701.00 no_imp=2/20 (còn 1199s)
2026-04-04 11:18:49,595 -   [Inner 1.8] cost=701.00 no_imp=3/20 (còn 1199s)
2026-04-04 11:18:49,727 -   [Inner 1.9] cost=701.00 no_imp=4/20 (còn 1199s)
2026-04-04 11:18:49,859 -   [Inner 1.10] cost=701.00 no_imp=5/20 (còn 1199s)
2026-04-04 11:18:49,989 -   [Inner 1.11] cost=701.00 no_imp=6/20 (còn 1199s)
2026-04-04 11:18:50,121 -   [Inner 1.12] cost=701.00 no_imp=7/20 (còn 1199s)
2026-04-04 11:18:50,252 -   [Inner 1.13] cost=701.00 no_imp=8/20 (còn 1198s)
2026-04-04 11:18:50,379 -   [Inner 1.14] cost=701.00 no_imp=9/20 (còn 1198s)
2026-04-04 11:18:50,506 -   [Inner 1.15] cost=701.00 no_imp=10/20 (còn 1198s)
2026-04-04 11:18:50,634 -   [Inner 1.16] cost=701.00 no_imp=11/20 (còn 1198s)
2026-04-04 11:18:50,757 -   [Inner 1.17] cost=701.00 no_imp=12/20 (còn 1198s)
2026-04-04 11:18:50,880 -   [Inner 1.18] cost=701.00 no_imp=13/20 (còn 1198s)
2026-04-04 11:18:51,004 -   [Inner 1.19] cost=701.00 no_imp=14/20 (còn 1198s)
2026-04-04 11:18:51,128 -   [Inner 1.20] cost=701.00 no_imp=15/20 (còn 1198s)
2026-04-04 11:18:51,251 -   [Inner 1.21] cost=701.00 no_imp=16/20 (còn 1197s)
2026-04-04 11:18:51,374 -   [Inner 1.22] cost=701.00 no_imp=17/20 (còn 1197s)
2026-04-04 11:18:51,497 -   [Inner 1.23] cost=701.00 no_imp=18/20 (còn 1197s)
2026-04-04 11:18:51,621 -   [Inner 1.24] cost=701.00 no_imp=19/20 (còn 1197s)
2026-04-04 11:18:51,746 -   [Outer] Inner cải thiện → best=701.00
2026-04-04 11:18:51,746 -   [Outer 1] Chạy Pairwise MaxSAT...
2026-04-04 11:18:51,746 -   [Outer] Pairwise không cải thiện cặp nào, quay lại inner.
2026-04-04 11:18:51,746 - === OUTER 2 | cost=701.00 (còn 1197s) ===
2026-04-04 11:18:51,746 -   [Inner 2.1] cost=701.00 no_imp=0/20 (còn 1197s)
2026-04-04 11:18:51,872 -   [Inner 2.2] cost=701.00 no_imp=1/20 (còn 1197s)
2026-04-04 11:18:51,994 -   [Inner 2.3] cost=701.00 no_imp=2/20 (còn 1197s)
2026-04-04 11:18:52,121 -   [Inner 2.4] cost=701.00 no_imp=3/20 (còn 1197s)
2026-04-04 11:18:52,243 -   [Inner 2.5] cost=701.00 no_imp=4/20 (còn 1196s)
2026-04-04 11:18:52,365 -   [Inner 2.6] cost=701.00 no_imp=5/20 (còn 1196s)
2026-04-04 11:18:52,491 -   [Inner 2.7] cost=701.00 no_imp=6/20 (còn 1196s)
2026-04-04 11:18:52,617 -   [Inner 2.8] cost=701.00 no_imp=7/20 (còn 1196s)
2026-04-04 11:18:52,740 -   [Inner 2.9] cost=701.00 no_imp=8/20 (còn 1196s)
2026-04-04 11:18:52,862 -   [Inner 2.10] cost=701.00 no_imp=9/20 (còn 1196s)
2026-04-04 11:18:52,983 -   [Inner 2.11] cost=701.00 no_imp=10/20 (còn 1196s)
2026-04-04 11:18:53,109 -   [Inner 2.12] cost=701.00 no_imp=11/20 (còn 1196s)
2026-04-04 11:18:53,231 -   [Inner 2.13] cost=701.00 no_imp=12/20 (còn 1195s)
2026-04-04 11:18:53,354 -   [Inner 2.14] cost=701.00 no_imp=13/20 (còn 1195s)
2026-04-04 11:18:53,477 -   [Inner 2.15] cost=701.00 no_imp=14/20 (còn 1195s)
2026-04-04 11:18:53,601 -   [Inner 2.16] cost=701.00 no_imp=15/20 (còn 1195s)
2026-04-04 11:18:53,725 -   [Inner 2.17] cost=701.00 no_imp=16/20 (còn 1195s)
2026-04-04 11:18:53,850 -   [Inner 2.18] cost=701.00 no_imp=17/20 (còn 1195s)
2026-04-04 11:18:53,973 -   [Inner 2.19] cost=701.00 no_imp=18/20 (còn 1195s)
2026-04-04 11:18:54,095 -   [Inner 2.20] cost=701.00 no_imp=19/20 (còn 1195s)
2026-04-04 11:18:54,221 -   [Outer 2] Chạy Pairwise MaxSAT...
2026-04-04 11:18:54,221 -   [Outer] Pairwise không cải thiện cặp nào, quay lại inner.
2026-04-04 11:18:54,221 - === OUTER 3 | cost=701.00 (còn 1194s) ===
2026-04-04 11:18:54,221 -   [Inner 3.1] cost=701.00 no_imp=0/20 (còn 1194s)
2026-04-04 11:18:54,345 -   [Inner 3.2] cost=701.00 no_imp=1/20 (còn 1194s)
2026-04-04 11:18:54,468 -   [Inner 3.3] cost=701.00 no_imp=2/20 (còn 1194s)
2026-04-04 11:18:54,590 -   [Inner 3.4] cost=701.00 no_imp=3/20 (còn 1194s)
2026-04-04 11:18:54,716 -   [Inner 3.5] cost=701.00 no_imp=4/20 (còn 1194s)
2026-04-04 11:18:54,839 -   [Inner 3.6] cost=701.00 no_imp=5/20 (còn 1194s)
2026-04-04 11:18:54,962 -   [Inner 3.7] cost=701.00 no_imp=6/20 (còn 1194s)
2026-04-04 11:18:55,084 -   [Inner 3.8] cost=701.00 no_imp=7/20 (còn 1194s)
2026-04-04 11:18:55,206 -   [Inner 3.9] cost=701.00 no_imp=8/20 (còn 1193s)
2026-04-04 11:18:55,328 -   [Inner 3.10] cost=701.00 no_imp=9/20 (còn 1193s)
2026-04-04 11:18:55,451 -   [Inner 3.11] cost=701.00 no_imp=10/20 (còn 1193s)
2026-04-04 11:18:55,575 -   [Inner 3.12] cost=701.00 no_imp=11/20 (còn 1193s)
2026-04-04 11:18:55,697 -   [Inner 3.13] cost=701.00 no_imp=12/20 (còn 1193s)
2026-04-04 11:18:55,823 -   [Inner 3.14] cost=701.00 no_imp=13/20 (còn 1193s)
2026-04-04 11:18:55,944 -   [Inner 3.15] cost=701.00 no_imp=14/20 (còn 1193s)
2026-04-04 11:18:56,066 -   [Inner 3.16] cost=701.00 no_imp=15/20 (còn 1193s)
2026-04-04 11:18:56,189 -   [Inner 3.17] cost=701.00 no_imp=16/20 (còn 1192s)
2026-04-04 11:18:56,311 -   [Inner 3.18] cost=701.00 no_imp=17/20 (còn 1192s)
2026-04-04 11:18:56,432 -   [Inner 3.19] cost=701.00 no_imp=18/20 (còn 1192s)
2026-04-04 11:18:56,555 -   [Inner 3.20] cost=701.00 no_imp=19/20 (còn 1192s)
2026-04-04 11:18:56,679 -   [Outer 3] Chạy Pairwise MaxSAT...
2026-04-04 11:18:56,679 -   [Outer] Pairwise không cải thiện cặp nào, quay lại inner.
2026-04-04 11:18:56,679 - === OUTER 4 | cost=701.00 (còn 1192s) ===
2026-04-04 11:18:56,679 -   [Inner 4.1] cost=701.00 no_imp=0/20 (còn 1192s)
2026-04-04 11:18:56,800 -   [Inner 4.2] cost=701.00 no_imp=1/20 (còn 1192s)
2026-04-04 11:18:56,922 -   [Inner 4.3] cost=701.00 no_imp=2/20 (còn 1192s)
2026-04-04 11:18:57,044 -   [Inner 4.4] cost=701.00 no_imp=3/20 (còn 1192s)
2026-04-04 11:18:57,167 -   [Inner 4.5] cost=701.00 no_imp=4/20 (còn 1192s)
2026-04-04 11:18:57,290 -   [Inner 4.6] cost=701.00 no_imp=5/20 (còn 1191s)
2026-04-04 11:18:57,413 -   [Inner 4.7] cost=701.00 no_imp=6/20 (còn 1191s)
2026-04-04 11:18:57,537 -   [Inner 4.8] cost=701.00 no_imp=7/20 (còn 1191s)
2026-04-04 11:18:57,660 -   [Inner 4.9] cost=701.00 no_imp=8/20 (còn 1191s)
2026-04-04 11:18:57,783 -   [Inner 4.10] cost=701.00 no_imp=9/20 (còn 1191s)
2026-04-04 11:18:57,909 -   [Inner 4.11] cost=701.00 no_imp=10/20 (còn 1191s)
2026-04-04 11:18:58,031 -   [Inner 4.12] cost=701.00 no_imp=11/20 (còn 1191s)
2026-04-04 11:18:58,155 -   [Inner 4.13] cost=701.00 no_imp=12/20 (còn 1191s)
2026-04-04 11:18:58,277 -   [Inner 4.14] cost=701.00 no_imp=13/20 (còn 1190s)
2026-04-04 11:18:58,399 -   [Inner 4.15] cost=701.00 no_imp=14/20 (còn 1190s)
2026-04-04 11:18:58,523 -   [Inner 4.16] cost=701.00 no_imp=15/20 (còn 1190s)
2026-04-04 11:18:58,698 -   [Inner 4.17] cost=701.00 no_imp=16/20 (còn 1190s)
2026-04-04 11:18:58,819 -   [Inner 4.18] cost=701.00 no_imp=17/20 (còn 1190s)
2026-04-04 11:18:58,942 -   [Inner 4.19] cost=701.00 no_imp=18/20 (còn 1190s)
2026-04-04 11:18:59,065 -   [Inner 4.20] cost=701.00 no_imp=19/20 (còn 1190s)
2026-04-04 11:18:59,188 -   [Outer 4] Chạy Pairwise MaxSAT...
2026-04-04 11:18:59,189 -   [Outer] Pairwise không cải thiện cặp nào, quay lại inner.
2026-04-04 11:18:59,189 - === OUTER 5 | cost=701.00 (còn 1189s) ===
2026-04-04 11:18:59,189 -   [Inner 5.1] cost=701.00 no_imp=0/20 (còn 1189s)
2026-04-04 11:18:59,312 -   [Inner 5.2] cost=701.00 no_imp=1/20 (còn 1189s)
2026-04-04 11:18:59,434 -   [Inner 5.3] cost=701.00 no_imp=2/20 (còn 1189s)
2026-04-04 11:18:59,560 -   [Inner 5.4] cost=701.00 no_imp=3/20 (còn 1189s)
2026-04-04 11:18:59,687 -   [Inner 5.5] cost=701.00 no_imp=4/20 (còn 1189s)
2026-04-04 11:18:59,811 -   [Inner 5.6] cost=701.00 no_imp=5/20 (còn 1189s)
2026-04-04 11:18:59,937 -   [Inner 5.7] cost=701.00 no_imp=6/20 (còn 1189s)
2026-04-04 11:19:00,061 -   [Inner 5.8] cost=701.00 no_imp=7/20 (còn 1189s)
2026-04-04 11:19:00,182 -   [Inner 5.9] cost=701.00 no_imp=8/20 (còn 1189s)
2026-04-04 11:19:00,307 -   [Inner 5.10] cost=701.00 no_imp=9/20 (còn 1188s)
2026-04-04 11:19:00,430 -   [Inner 5.11] cost=701.00 no_imp=10/20 (còn 1188s)
2026-04-04 11:19:00,553 -   [Inner 5.12] cost=701.00 no_imp=11/20 (còn 1188s)
2026-04-04 11:19:00,675 -   [Inner 5.13] cost=701.00 no_imp=12/20 (còn 1188s)
2026-04-04 11:19:00,797 -   [Inner 5.14] cost=701.00 no_imp=13/20 (còn 1188s)
2026-04-04 11:19:00,919 -   [Inner 5.15] cost=701.00 no_imp=14/20 (còn 1188s)
2026-04-04 11:19:01,043 -   [Inner 5.16] cost=701.00 no_imp=15/20 (còn 1188s)
2026-04-04 11:19:01,164 -   [Inner 5.17] cost=701.00 no_imp=16/20 (còn 1188s)
2026-04-04 11:19:01,288 -   [Inner 5.18] cost=701.00 no_imp=17/20 (còn 1187s)
2026-04-04 11:19:01,410 -   [Inner 5.19] cost=701.00 no_imp=18/20 (còn 1187s)
2026-04-04 11:19:01,534 -   [Inner 5.20] cost=701.00 no_imp=19/20 (còn 1187s)
2026-04-04 11:19:01,659 -   [Outer 5] Chạy Pairwise MaxSAT...
2026-04-04 11:19:01,659 -   [Outer] Pairwise không cải thiện cặp nào, quay lại inner.
2026-04-04 11:19:01,659 - === OUTER 6 | cost=701.00 (còn 1187s) ===
2026-04-04 11:19:01,659 -   [Inner 6.1] cost=701.00 no_imp=0/20 (còn 1187s)
2026-04-04 11:19:01,782 -   [Inner 6.2] cost=701.00 no_imp=1/20 (còn 1187s)
2026-04-04 11:19:01,909 -   [Inner 6.3] cost=701.00 no_imp=2/20 (còn 1187s)
2026-04-04 11:19:02,031 -   [Inner 6.4] cost=701.00 no_imp=3/20 (còn 1187s)
2026-04-04 11:19:02,155 -   [Inner 6.5] cost=701.00 no_imp=4/20 (còn 1187s)
2026-04-04 11:19:02,278 -   [Inner 6.6] cost=701.00 no_imp=5/20 (còn 1186s)
2026-04-04 11:19:02,400 -   [Inner 6.7] cost=701.00 no_imp=6/20 (còn 1186s)
2026-04-04 11:19:02,524 -   [Inner 6.8] cost=701.00 no_imp=7/20 (còn 1186s)
2026-04-04 11:19:02,647 -   [Inner 6.9] cost=701.00 no_imp=8/20 (còn 1186s)
2026-04-04 11:19:02,770 -   [Inner 6.10] cost=701.00 no_imp=9/20 (còn 1186s)
2026-04-04 11:19:02,894 -   [Inner 6.11] cost=701.00 no_imp=10/20 (còn 1186s)
2026-04-04 11:19:03,015 -   [Inner 6.12] cost=701.00 no_imp=11/20 (còn 1186s)
2026-04-04 11:19:03,138 -   [Inner 6.13] cost=701.00 no_imp=12/20 (còn 1186s)
2026-04-04 11:19:03,261 -   [Inner 6.14] cost=701.00 no_imp=13/20 (còn 1185s)
2026-04-04 11:19:03,388 -   [Inner 6.15] cost=701.00 no_imp=14/20 (còn 1185s)
2026-04-04 11:19:03,512 -   [Inner 6.16] cost=701.00 no_imp=15/20 (còn 1185s)
2026-04-04 11:19:03,636 -   [Inner 6.17] cost=701.00 no_imp=16/20 (còn 1185s)
2026-04-04 11:19:03,759 -   [Inner 6.18] cost=701.00 no_imp=17/20 (còn 1185s)
2026-04-04 11:19:03,884 -   [Inner 6.19] cost=701.00 no_imp=18/20 (còn 1185s)
2026-04-04 11:19:04,008 -   [Inner 6.20] cost=701.00 no_imp=19/20 (còn 1185s)
2026-04-04 11:19:04,131 -   [Outer 6] Chạy Pairwise MaxSAT...
2026-04-04 11:19:04,131 -   [Outer] Pairwise không cải thiện cặp nào, quay lại inner.
2026-04-04 11:19:04,131 - === OUTER 7 | cost=701.00 (còn 1185s) ===
2026-04-04 11:19:04,131 -   [Inner 7.1] cost=701.00 no_imp=0/20 (còn 1185s)
2026-04-04 11:19:04,253 -   [Inner 7.2] cost=701.00 no_imp=1/20 (còn 1184s)
2026-04-04 11:19:04,375 -   [Inner 7.3] cost=701.00 no_imp=2/20 (còn 1184s)
2026-04-04 11:19:04,499 -   [Inner 7.4] cost=701.00 no_imp=3/20 (còn 1184s)
2026-04-04 11:19:04,624 -   [Inner 7.5] cost=701.00 no_imp=4/20 (còn 1184s)
2026-04-04 11:19:04,747 -   [Inner 7.6] cost=701.00 no_imp=5/20 (còn 1184s)
2026-04-04 11:19:04,871 -   [Inner 7.7] cost=701.00 no_imp=6/20 (còn 1184s)
2026-04-04 11:19:04,993 -   [Inner 7.8] cost=701.00 no_imp=7/20 (còn 1184s)
2026-04-04 11:19:05,118 -   [Inner 7.9] cost=701.00 no_imp=8/20 (còn 1184s)
2026-04-04 11:19:05,241 -   [Inner 7.10] cost=701.00 no_imp=9/20 (còn 1183s)
2026-04-04 11:19:05,364 -   [Inner 7.11] cost=701.00 no_imp=10/20 (còn 1183s)
2026-04-04 11:19:05,488 -   [Inner 7.12] cost=701.00 no_imp=11/20 (còn 1183s)
2026-04-04 11:19:05,612 -   [Inner 7.13] cost=701.00 no_imp=12/20 (còn 1183s)
2026-04-04 11:19:05,736 -   [Inner 7.14] cost=701.00 no_imp=13/20 (còn 1183s)
2026-04-04 11:19:05,859 -   [Inner 7.15] cost=701.00 no_imp=14/20 (còn 1183s)
2026-04-04 11:19:05,985 -   [Inner 7.16] cost=701.00 no_imp=15/20 (còn 1183s)
2026-04-04 11:19:06,107 -   [Inner 7.17] cost=701.00 no_imp=16/20 (còn 1183s)
2026-04-04 11:19:06,230 -   [Inner 7.18] cost=701.00 no_imp=17/20 (còn 1182s)
2026-04-04 11:19:06,354 -   [Inner 7.19] cost=701.00 no_imp=18/20 (còn 1182s)
2026-04-04 11:19:06,475 -   [Inner 7.20] cost=701.00 no_imp=19/20 (còn 1182s)
2026-04-04 11:19:06,598 -   [Outer 7] Chạy Pairwise MaxSAT...
2026-04-04 11:19:06,599 -   [Outer] Pairwise không cải thiện cặp nào, quay lại inner.
2026-04-04 11:19:06,599 - === OUTER 8 | cost=701.00 (còn 1182s) ===
2026-04-04 11:19:06,599 -   [Inner 8.1] cost=701.00 no_imp=0/20 (còn 1182s)
2026-04-04 11:19:06,722 -   [Inner 8.2] cost=701.00 no_imp=1/20 (còn 1182s)
2026-04-04 11:19:06,844 -   [Inner 8.3] cost=701.00 no_imp=2/20 (còn 1182s)
2026-04-04 11:19:06,968 -   [Inner 8.4] cost=701.00 no_imp=3/20 (còn 1182s)
2026-04-04 11:19:07,092 -   [Inner 8.5] cost=701.00 no_imp=4/20 (còn 1182s)
2026-04-04 11:19:07,214 -   [Inner 8.6] cost=701.00 no_imp=5/20 (còn 1181s)
2026-04-04 11:19:07,337 -   [Inner 8.7] cost=701.00 no_imp=6/20 (còn 1181s)
2026-04-04 11:19:07,458 -   [Inner 8.8] cost=701.00 no_imp=7/20 (còn 1181s)
2026-04-04 11:19:07,581 -   [Inner 8.9] cost=701.00 no_imp=8/20 (còn 1181s)
2026-04-04 11:19:07,705 -   [Inner 8.10] cost=701.00 no_imp=9/20 (còn 1181s)
2026-04-04 11:19:07,828 -   [Inner 8.11] cost=701.00 no_imp=10/20 (còn 1181s)
2026-04-04 11:19:07,950 -   [Inner 8.12] cost=701.00 no_imp=11/20 (còn 1181s)
2026-04-04 11:19:08,079 -   [Inner 8.13] cost=701.00 no_imp=12/20 (còn 1181s)
2026-04-04 11:19:08,205 -   [Inner 8.14] cost=701.00 no_imp=13/20 (còn 1180s)
2026-04-04 11:19:08,330 -   [Inner 8.15] cost=701.00 no_imp=14/20 (còn 1180s)
2026-04-04 11:19:08,451 -   [Inner 8.16] cost=701.00 no_imp=15/20 (còn 1180s)
2026-04-04 11:19:08,575 -   [Inner 8.17] cost=701.00 no_imp=16/20 (còn 1180s)
2026-04-04 11:19:08,698 -   [Inner 8.18] cost=701.00 no_imp=17/20 (còn 1180s)
2026-04-04 11:19:08,821 -   [Inner 8.19] cost=701.00 no_imp=18/20 (còn 1180s)
2026-04-04 11:19:08,943 -   [Inner 8.20] cost=701.00 no_imp=19/20 (còn 1180s)
2026-04-04 11:19:09,065 -   [Outer 8] Chạy Pairwise MaxSAT...
2026-04-04 11:19:09,065 -   [Outer] Pairwise không cải thiện cặp nào, quay lại inner.
2026-04-04 11:19:09,066 - === OUTER 9 | cost=701.00 (còn 1180s) ===
2026-04-04 11:19:09,066 -   [Inner 9.1] cost=701.00 no_imp=0/20 (còn 1180s)
2026-04-04 11:19:09,188 -   [Inner 9.2] cost=701.00 no_imp=1/20 (còn 1179s)
2026-04-04 11:19:09,312 -   [Inner 9.3] cost=701.00 no_imp=2/20 (còn 1179s)
2026-04-04 11:19:09,433 -   [Inner 9.4] cost=701.00 no_imp=3/20 (còn 1179s)
2026-04-04 11:19:09,563 -   [Inner 9.5] cost=701.00 no_imp=4/20 (còn 1179s)
2026-04-04 11:19:09,694 -   [Inner 9.6] cost=701.00 no_imp=5/20 (còn 1179s)
2026-04-04 11:19:09,819 -   [Inner 9.7] cost=701.00 no_imp=6/20 (còn 1179s)
2026-04-04 11:19:09,943 -   [Inner 9.8] cost=701.00 no_imp=7/20 (còn 1179s)
2026-04-04 11:19:10,069 -   [Inner 9.9] cost=701.00 no_imp=8/20 (còn 1179s)
2026-04-04 11:19:10,191 -   [Inner 9.10] cost=701.00 no_imp=9/20 (còn 1178s)
2026-04-04 11:19:10,314 -   [Inner 9.11] cost=701.00 no_imp=10/20 (còn 1178s)
2026-04-04 11:19:10,438 -   [Inner 9.12] cost=701.00 no_imp=11/20 (còn 1178s)
2026-04-04 11:19:10,562 -   [Inner 9.13] cost=701.00 no_imp=12/20 (còn 1178s)
2026-04-04 11:19:10,685 -   [Inner 9.14] cost=701.00 no_imp=13/20 (còn 1178s)
2026-04-04 11:19:10,808 -   [Inner 9.15] cost=701.00 no_imp=14/20 (còn 1178s)
2026-04-04 11:19:10,930 -   [Inner 9.16] cost=701.00 no_imp=15/20 (còn 1178s)
2026-04-04 11:19:11,053 -   [Inner 9.17] cost=701.00 no_imp=16/20 (còn 1178s)
2026-04-04 11:19:11,174 -   [Inner 9.18] cost=701.00 no_imp=17/20 (còn 1178s)
2026-04-04 11:19:11,296 -   [Inner 9.19] cost=701.00 no_imp=18/20 (còn 1177s)
2026-04-04 11:19:11,418 -   [Inner 9.20] cost=701.00 no_imp=19/20 (còn 1177s)
2026-04-04 11:19:11,541 -   [Outer 9] Chạy Pairwise MaxSAT...
2026-04-04 11:19:11,542 -   [Outer] Pairwise không cải thiện cặp nào, quay lại inner.
2026-04-04 11:19:11,542 - === OUTER 10 | cost=701.00 (còn 1177s) ===
2026-04-04 11:19:11,542 -   [Inner 10.1] cost=701.00 no_imp=0/20 (còn 1177s)
2026-04-04 11:19:11,665 -   [Inner 10.2] cost=701.00 no_imp=1/20 (còn 1177s)
2026-04-04 11:19:11,788 -   [Inner 10.3] cost=701.00 no_imp=2/20 (còn 1177s)
2026-04-04 11:19:11,909 -   [Inner 10.4] cost=701.00 no_imp=3/20 (còn 1177s)
2026-04-04 11:19:12,034 -   [Inner 10.5] cost=701.00 no_imp=4/20 (còn 1177s)
2026-04-04 11:19:12,155 -   [Inner 10.6] cost=701.00 no_imp=5/20 (còn 1177s)
2026-04-04 11:19:12,279 -   [Inner 10.7] cost=701.00 no_imp=6/20 (còn 1176s)
2026-04-04 11:19:12,400 -   [Inner 10.8] cost=701.00 no_imp=7/20 (còn 1176s)
2026-04-04 11:19:12,520 -   [Inner 10.9] cost=701.00 no_imp=8/20 (còn 1176s)
2026-04-04 11:19:12,644 -   [Inner 10.10] cost=701.00 no_imp=9/20 (còn 1176s)
2026-04-04 11:19:12,765 -   [Inner 10.11] cost=701.00 no_imp=10/20 (còn 1176s)
2026-04-04 11:19:12,890 -   [Inner 10.12] cost=701.00 no_imp=11/20 (còn 1176s)
2026-04-04 11:19:13,011 -   [Inner 10.13] cost=701.00 no_imp=12/20 (còn 1176s)
2026-04-04 11:19:13,133 -   [Inner 10.14] cost=701.00 no_imp=13/20 (còn 1176s)
2026-04-04 11:19:13,254 -   [Inner 10.15] cost=701.00 no_imp=14/20 (còn 1175s)
2026-04-04 11:19:13,375 -   [Inner 10.16] cost=701.00 no_imp=15/20 (còn 1175s)
2026-04-04 11:19:13,498 -   [Inner 10.17] cost=701.00 no_imp=16/20 (còn 1175s)
2026-04-04 11:19:13,621 -   [Inner 10.18] cost=701.00 no_imp=17/20 (còn 1175s)
2026-04-04 11:19:13,744 -   [Inner 10.19] cost=701.00 no_imp=18/20 (còn 1175s)
2026-04-04 11:19:13,865 -   [Inner 10.20] cost=701.00 no_imp=19/20 (còn 1175s)
2026-04-04 11:19:13,988 -   [Outer 10] Chạy Pairwise MaxSAT...
2026-04-04 11:19:13,988 -   [Outer] Pairwise không cải thiện cặp nào, quay lại inner.
2026-04-04 11:19:13,989 - === OUTER 11 | cost=701.00 (còn 1175s) ===
2026-04-04 11:19:13,989 -   [Inner 11.1] cost=701.00 no_imp=0/20 (còn 1175s)
2026-04-04 11:19:14,117 -   [Inner 11.2] cost=701.00 no_imp=1/20 (còn 1175s)
2026-04-04 11:19:14,245 -   [Inner 11.3] cost=701.00 no_imp=2/20 (còn 1174s)
2026-04-04 11:19:14,368 -   [Inner 11.4] cost=701.00 no_imp=3/20 (còn 1174s)
2026-04-04 11:19:14,489 -   [Inner 11.5] cost=701.00 no_imp=4/20 (còn 1174s)
2026-04-04 11:19:14,613 -   [Inner 11.6] cost=701.00 no_imp=5/20 (còn 1174s)
2026-04-04 11:19:14,738 -   [Inner 11.7] cost=701.00 no_imp=6/20 (còn 1174s)
2026-04-04 11:19:14,860 -   [Inner 11.8] cost=701.00 no_imp=7/20 (còn 1174s)
2026-04-04 11:19:14,981 -   [Inner 11.9] cost=701.00 no_imp=8/20 (còn 1174s)
2026-04-04 11:19:15,104 -   [Inner 11.10] cost=701.00 no_imp=9/20 (còn 1174s)
2026-04-04 11:19:15,225 -   [Inner 11.11] cost=701.00 no_imp=10/20 (còn 1173s)
2026-04-04 11:19:15,348 -   [Inner 11.12] cost=701.00 no_imp=11/20 (còn 1173s)
2026-04-04 11:19:15,470 -   [Inner 11.13] cost=701.00 no_imp=12/20 (còn 1173s)
2026-04-04 11:19:15,592 -   [Inner 11.14] cost=701.00 no_imp=13/20 (còn 1173s)
2026-04-04 11:19:15,715 -   [Inner 11.15] cost=701.00 no_imp=14/20 (còn 1173s)
2026-04-04 11:19:15,839 -   [Inner 11.16] cost=701.00 no_imp=15/20 (còn 1173s)
2026-04-04 11:19:15,963 -   [Inner 11.17] cost=701.00 no_imp=16/20 (còn 1173s)
2026-04-04 11:19:16,088 -   [Inner 11.18] cost=701.00 no_imp=17/20 (còn 1173s)
2026-04-04 11:19:16,209 -   [Inner 11.19] cost=701.00 no_imp=18/20 (còn 1172s)
2026-04-04 11:19:16,332 -   [Inner 11.20] cost=701.00 no_imp=19/20 (còn 1172s)
2026-04-04 11:19:16,454 -   [Outer 11] Chạy Pairwise MaxSAT...
2026-04-04 11:19:16,454 -   [Outer] Pairwise không cải thiện cặp nào, quay lại inner.
2026-04-04 11:19:16,454 - === OUTER 12 | cost=701.00 (còn 1172s) ===
2026-04-04 11:19:16,455 -   [Inner 12.1] cost=701.00 no_imp=0/20 (còn 1172s)
2026-04-04 11:19:16,577 -   [Inner 12.2] cost=701.00 no_imp=1/20 (còn 1172s)
2026-04-04 11:19:16,700 -   [Inner 12.3] cost=701.00 no_imp=2/20 (còn 1172s)
2026-04-04 11:19:16,822 -   [Inner 12.4] cost=701.00 no_imp=3/20 (còn 1172s)
2026-04-04 11:19:16,944 -   [Inner 12.5] cost=701.00 no_imp=4/20 (còn 1172s)
2026-04-04 11:19:17,066 -   [Inner 12.6] cost=701.00 no_imp=5/20 (còn 1172s)
2026-04-04 11:19:17,189 -   [Inner 12.7] cost=701.00 no_imp=6/20 (còn 1171s)
2026-04-04 11:19:17,313 -   [Inner 12.8] cost=701.00 no_imp=7/20 (còn 1171s)
2026-04-04 11:19:17,435 -   [Inner 12.9] cost=701.00 no_imp=8/20 (còn 1171s)
2026-04-04 11:19:17,557 -   [Inner 12.10] cost=701.00 no_imp=9/20 (còn 1171s)
2026-04-04 11:19:17,682 -   [Inner 12.11] cost=701.00 no_imp=10/20 (còn 1171s)
2026-04-04 11:19:17,805 -   [Inner 12.12] cost=701.00 no_imp=11/20 (còn 1171s)
2026-04-04 11:19:17,927 -   [Inner 12.13] cost=701.00 no_imp=12/20 (còn 1171s)
2026-04-04 11:19:18,051 -   [Inner 12.14] cost=701.00 no_imp=13/20 (còn 1171s)
2026-04-04 11:19:18,177 -   [Inner 12.15] cost=701.00 no_imp=14/20 (còn 1171s)
2026-04-04 11:19:18,301 -   [Inner 12.16] cost=701.00 no_imp=15/20 (còn 1170s)
2026-04-04 11:19:18,422 -   [Inner 12.17] cost=701.00 no_imp=16/20 (còn 1170s)
2026-04-04 11:19:18,544 -   [Inner 12.18] cost=701.00 no_imp=17/20 (còn 1170s)
2026-04-04 11:19:18,668 -   [Inner 12.19] cost=701.00 no_imp=18/20 (còn 1170s)
2026-04-04 11:19:18,792 -   [Inner 12.20] cost=701.00 no_imp=19/20 (còn 1170s)
2026-04-04 11:19:18,915 -   [Outer 12] Chạy Pairwise MaxSAT...
2026-04-04 11:19:18,915 -   [Outer] Pairwise không cải thiện cặp nào, quay lại inner.
2026-04-04 11:19:18,915 - === OUTER 13 | cost=701.00 (còn 1170s) ===
2026-04-04 11:19:18,915 -   [Inner 13.1] cost=701.00 no_imp=0/20 (còn 1170s)
2026-04-04 11:19:19,039 -   [Inner 13.2] cost=701.00 no_imp=1/20 (còn 1170s)
2026-04-04 11:19:19,160 -   [Inner 13.3] cost=701.00 no_imp=2/20 (còn 1170s)
2026-04-04 11:19:19,281 -   [Inner 13.4] cost=701.00 no_imp=3/20 (còn 1169s)
2026-04-04 11:19:19,403 -   [Inner 13.5] cost=701.00 no_imp=4/20 (còn 1169s)
2026-04-04 11:19:19,527 -   [Inner 13.6] cost=701.00 no_imp=5/20 (còn 1169s)
2026-04-04 11:19:19,649 -   [Inner 13.7] cost=701.00 no_imp=6/20 (còn 1169s)
2026-04-04 11:19:19,773 -   [Inner 13.8] cost=701.00 no_imp=7/20 (còn 1169s)
2026-04-04 11:19:19,896 -   [Inner 13.9] cost=701.00 no_imp=8/20 (còn 1169s)
2026-04-04 11:19:20,018 -   [Inner 13.10] cost=701.00 no_imp=9/20 (còn 1169s)
2026-04-04 11:19:20,145 -   [Inner 13.11] cost=701.00 no_imp=10/20 (còn 1169s)
2026-04-04 11:19:20,269 -   [Inner 13.12] cost=701.00 no_imp=11/20 (còn 1168s)
2026-04-04 11:19:20,392 -   [Inner 13.13] cost=701.00 no_imp=12/20 (còn 1168s)
2026-04-04 11:19:20,514 -   [Inner 13.14] cost=701.00 no_imp=13/20 (còn 1168s)
2026-04-04 11:19:20,638 -   [Inner 13.15] cost=701.00 no_imp=14/20 (còn 1168s)
2026-04-04 11:19:20,762 -   [Inner 13.16] cost=701.00 no_imp=15/20 (còn 1168s)
2026-04-04 11:19:20,883 -   [Inner 13.17] cost=701.00 no_imp=16/20 (còn 1168s)
2026-04-04 11:19:21,006 -   [Inner 13.18] cost=701.00 no_imp=17/20 (còn 1168s)
2026-04-04 11:19:21,128 -   [Inner 13.19] cost=701.00 no_imp=18/20 (còn 1168s)
2026-04-04 11:19:21,252 -   [Inner 13.20] cost=701.00 no_imp=19/20 (còn 1167s)
2026-04-04 11:19:21,375 -   [Outer 13] Chạy Pairwise MaxSAT...
2026-04-04 11:19:21,375 -   [Outer] Pairwise không cải thiện cặp nào, quay lại inner.
2026-04-04 11:19:21,375 - === OUTER 14 | cost=701.00 (còn 1167s) ===
2026-04-04 11:19:21,375 -   [Inner 14.1] cost=701.00 no_imp=0/20 (còn 1167s)
2026-04-04 11:19:21,499 -   [Inner 14.2] cost=701.00 no_imp=1/20 (còn 1167s)
2026-04-04 11:19:21,621 -   [Inner 14.3] cost=701.00 no_imp=2/20 (còn 1167s)
2026-04-04 11:19:21,743 -   [Inner 14.4] cost=701.00 no_imp=3/20 (còn 1167s)
2026-04-04 11:19:21,866 -   [Inner 14.5] cost=701.00 no_imp=4/20 (còn 1167s)
2026-04-04 11:19:21,987 -   [Inner 14.6] cost=701.00 no_imp=5/20 (còn 1167s)
2026-04-04 11:19:22,113 -   [Inner 14.7] cost=701.00 no_imp=6/20 (còn 1167s)
2026-04-04 11:19:22,239 -   [Inner 14.8] cost=701.00 no_imp=7/20 (còn 1166s)
2026-04-04 11:19:22,387 -   [Inner 14.9] cost=701.00 no_imp=8/20 (còn 1166s)
2026-04-04 11:19:22,510 -   [Inner 14.10] cost=701.00 no_imp=9/20 (còn 1166s)
2026-04-04 11:19:22,633 -   [Inner 14.11] cost=701.00 no_imp=10/20 (còn 1166s)
2026-04-04 11:19:22,756 -   [Inner 14.12] cost=701.00 no_imp=11/20 (còn 1166s)
2026-04-04 11:19:22,880 -   [Inner 14.13] cost=701.00 no_imp=12/20 (còn 1166s)
2026-04-04 11:19:23,002 -   [Inner 14.14] cost=701.00 no_imp=13/20 (còn 1166s)
2026-04-04 11:19:23,126 -   [Inner 14.15] cost=701.00 no_imp=14/20 (còn 1166s)
2026-04-04 11:19:23,248 -   [Inner 14.16] cost=701.00 no_imp=15/20 (còn 1165s)
2026-04-04 11:19:23,372 -   [Inner 14.17] cost=701.00 no_imp=16/20 (còn 1165s)
2026-04-04 11:19:23,494 -   [Inner 14.18] cost=701.00 no_imp=17/20 (còn 1165s)
2026-04-04 11:19:23,616 -   [Inner 14.19] cost=701.00 no_imp=18/20 (còn 1165s)
2026-04-04 11:19:23,738 -   [Inner 14.20] cost=701.00 no_imp=19/20 (còn 1165s)
2026-04-04 11:19:23,861 -   [Outer 14] Chạy Pairwise MaxSAT...
2026-04-04 11:19:23,862 -   [Outer] Pairwise không cải thiện cặp nào, quay lại inner.
2026-04-04 11:19:23,862 - === OUTER 15 | cost=701.00 (còn 1165s) ===
2026-04-04 11:19:23,862 -   [Inner 15.1] cost=701.00 no_imp=0/20 (còn 1165s)
2026-04-04 11:19:23,984 -   [Inner 15.2] cost=701.00 no_imp=1/20 (còn 1165s)
2026-04-04 11:19:24,108 -   [Inner 15.3] cost=701.00 no_imp=2/20 (còn 1165s)
2026-04-04 11:19:24,235 -   [Inner 15.4] cost=701.00 no_imp=3/20 (còn 1164s)
2026-04-04 11:19:24,358 -   [Inner 15.5] cost=701.00 no_imp=4/20 (còn 1164s)
2026-04-04 11:19:24,481 -   [Inner 15.6] cost=701.00 no_imp=5/20 (còn 1164s)
2026-04-04 11:19:24,604 -   [Inner 15.7] cost=701.00 no_imp=6/20 (còn 1164s)
2026-04-04 11:19:24,727 -   [Inner 15.8] cost=701.00 no_imp=7/20 (còn 1164s)
2026-04-04 11:19:24,851 -   [Inner 15.9] cost=701.00 no_imp=8/20 (còn 1164s)
2026-04-04 11:19:24,976 -   [Inner 15.10] cost=701.00 no_imp=9/20 (còn 1164s)
2026-04-04 11:19:25,099 -   [Inner 15.11] cost=701.00 no_imp=10/20 (còn 1164s)
2026-04-04 11:19:25,223 -   [Inner 15.12] cost=701.00 no_imp=11/20 (còn 1163s)
2026-04-04 11:19:25,346 -   [Inner 15.13] cost=701.00 no_imp=12/20 (còn 1163s)
2026-04-04 11:19:25,470 -   [Inner 15.14] cost=701.00 no_imp=13/20 (còn 1163s)
2026-04-04 11:19:25,591 -   [Inner 15.15] cost=701.00 no_imp=14/20 (còn 1163s)
2026-04-04 11:19:25,713 -   [Inner 15.16] cost=701.00 no_imp=15/20 (còn 1163s)
2026-04-04 11:19:25,836 -   [Inner 15.17] cost=701.00 no_imp=16/20 (còn 1163s)
2026-04-04 11:19:25,957 -   [Inner 15.18] cost=701.00 no_imp=17/20 (còn 1163s)
2026-04-04 11:19:26,080 -   [Inner 15.19] cost=701.00 no_imp=18/20 (còn 1163s)
2026-04-04 11:19:26,203 -   [Inner 15.20] cost=701.00 no_imp=19/20 (còn 1162s)
2026-04-04 11:19:26,326 -   [Outer 15] Chạy Pairwise MaxSAT...
2026-04-04 11:19:26,327 -   [Outer] Pairwise không cải thiện cặp nào, quay lại inner.
2026-04-04 11:19:26,327 - === OUTER 16 | cost=701.00 (còn 1162s) ===
2026-04-04 11:19:26,327 -   [Inner 16.1] cost=701.00 no_imp=0/20 (còn 1162s)
2026-04-04 11:19:26,448 -   [Inner 16.2] cost=701.00 no_imp=1/20 (còn 1162s)
2026-04-04 11:19:26,571 -   [Inner 16.3] cost=701.00 no_imp=2/20 (còn 1162s)
2026-04-04 11:19:26,694 -   [Inner 16.4] cost=701.00 no_imp=3/20 (còn 1162s)
2026-04-04 11:19:26,818 -   [Inner 16.5] cost=701.00 no_imp=4/20 (còn 1162s)
2026-04-04 11:19:26,940 -   [Inner 16.6] cost=701.00 no_imp=5/20 (còn 1162s)
2026-04-04 11:19:27,061 -   [Inner 16.7] cost=701.00 no_imp=6/20 (còn 1162s)
2026-04-04 11:19:27,184 -   [Inner 16.8] cost=701.00 no_imp=7/20 (còn 1162s)
2026-04-04 11:19:27,308 -   [Inner 16.9] cost=701.00 no_imp=8/20 (còn 1161s)
2026-04-04 11:19:27,430 -   [Inner 16.10] cost=701.00 no_imp=9/20 (còn 1161s)
2026-04-04 11:19:27,552 -   [Inner 16.11] cost=701.00 no_imp=10/20 (còn 1161s)
2026-04-04 11:19:27,673 -   [Inner 16.12] cost=701.00 no_imp=11/20 (còn 1161s)
2026-04-04 11:19:27,795 -   [Inner 16.13] cost=701.00 no_imp=12/20 (còn 1161s)
2026-04-04 11:19:27,918 -   [Inner 16.14] cost=701.00 no_imp=13/20 (còn 1161s)
2026-04-04 11:19:28,039 -   [Inner 16.15] cost=701.00 no_imp=14/20 (còn 1161s)
2026-04-04 11:19:28,163 -   [Inner 16.16] cost=701.00 no_imp=15/20 (còn 1161s)
2026-04-04 11:19:28,288 -   [Inner 16.17] cost=701.00 no_imp=16/20 (còn 1160s)
2026-04-04 11:19:28,410 -   [Inner 16.18] cost=701.00 no_imp=17/20 (còn 1160s)
2026-04-04 11:19:28,534 -   [Inner 16.19] cost=701.00 no_imp=18/20 (còn 1160s)
2026-04-04 11:19:28,656 -   [Inner 16.20] cost=701.00 no_imp=19/20 (còn 1160s)
2026-04-04 11:19:28,779 -   [Outer 16] Chạy Pairwise MaxSAT...
2026-04-04 11:19:28,779 -   [Outer] Pairwise không cải thiện cặp nào, quay lại inner.
2026-04-04 11:19:28,779 - === OUTER 17 | cost=701.00 (còn 1160s) ===
2026-04-04 11:19:28,780 -   [Inner 17.1] cost=701.00 no_imp=0/20 (còn 1160s)
2026-04-04 11:19:28,902 -   [Inner 17.2] cost=701.00 no_imp=1/20 (còn 1160s)
2026-04-04 11:19:29,026 -   [Inner 17.3] cost=701.00 no_imp=2/20 (còn 1160s)
2026-04-04 11:19:29,149 -   [Inner 17.4] cost=701.00 no_imp=3/20 (còn 1160s)
2026-04-04 11:19:29,272 -   [Inner 17.5] cost=701.00 no_imp=4/20 (còn 1159s)
2026-04-04 11:19:29,394 -   [Inner 17.6] cost=701.00 no_imp=5/20 (còn 1159s)
2026-04-04 11:19:29,516 -   [Inner 17.7] cost=701.00 no_imp=6/20 (còn 1159s)
2026-04-04 11:19:29,638 -   [Inner 17.8] cost=701.00 no_imp=7/20 (còn 1159s)
2026-04-04 11:19:29,760 -   [Inner 17.9] cost=701.00 no_imp=8/20 (còn 1159s)
2026-04-04 11:19:29,889 -   [Inner 17.10] cost=701.00 no_imp=9/20 (còn 1159s)
2026-04-04 11:19:30,013 -   [Inner 17.11] cost=701.00 no_imp=10/20 (còn 1159s)
2026-04-04 11:19:30,135 -   [Inner 17.12] cost=701.00 no_imp=11/20 (còn 1159s)
2026-04-04 11:19:30,258 -   [Inner 17.13] cost=701.00 no_imp=12/20 (còn 1158s)
2026-04-04 11:19:30,382 -   [Inner 17.14] cost=701.00 no_imp=13/20 (còn 1158s)
2026-04-04 11:19:30,504 -   [Inner 17.15] cost=701.00 no_imp=14/20 (còn 1158s)
2026-04-04 11:19:30,627 -   [Inner 17.16] cost=701.00 no_imp=15/20 (còn 1158s)
2026-04-04 11:19:30,749 -   [Inner 17.17] cost=701.00 no_imp=16/20 (còn 1158s)
2026-04-04 11:19:30,873 -   [Inner 17.18] cost=701.00 no_imp=17/20 (còn 1158s)
2026-04-04 11:19:30,994 -   [Inner 17.19] cost=701.00 no_imp=18/20 (còn 1158s)
2026-04-04 11:19:31,118 -   [Inner 17.20] cost=701.00 no_imp=19/20 (còn 1158s)
2026-04-04 11:19:31,240 -   [Outer 17] Chạy Pairwise MaxSAT...
2026-04-04 11:19:31,241 -   [Outer] Pairwise không cải thiện cặp nào, quay lại inner.
2026-04-04 11:19:31,241 - === OUTER 18 | cost=701.00 (còn 1157s) ===
2026-04-04 11:19:31,241 -   [Inner 18.1] cost=701.00 no_imp=0/20 (còn 1157s)
2026-04-04 11:19:31,364 -   [Inner 18.2] cost=701.00 no_imp=1/20 (còn 1157s)
2026-04-04 11:19:31,487 -   [Inner 18.3] cost=701.00 no_imp=2/20 (còn 1157s)
2026-04-04 11:19:31,608 -   [Inner 18.4] cost=701.00 no_imp=3/20 (còn 1157s)
2026-04-04 11:19:31,730 -   [Inner 18.5] cost=701.00 no_imp=4/20 (còn 1157s)
2026-04-04 11:19:31,854 -   [Inner 18.6] cost=701.00 no_imp=5/20 (còn 1157s)
2026-04-04 11:19:31,978 -   [Inner 18.7] cost=701.00 no_imp=6/20 (còn 1157s)
2026-04-04 11:19:32,102 -   [Inner 18.8] cost=701.00 no_imp=7/20 (còn 1157s)
2026-04-04 11:19:32,226 -   [Inner 18.9] cost=701.00 no_imp=8/20 (còn 1156s)
2026-04-04 11:19:32,351 -   [Inner 18.10] cost=701.00 no_imp=9/20 (còn 1156s)
2026-04-04 11:19:32,474 -   [Inner 18.11] cost=701.00 no_imp=10/20 (còn 1156s)
2026-04-04 11:19:32,596 -   [Inner 18.12] cost=701.00 no_imp=11/20 (còn 1156s)
2026-04-04 11:19:32,719 -   [Inner 18.13] cost=701.00 no_imp=12/20 (còn 1156s)
2026-04-04 11:19:32,843 -   [Inner 18.14] cost=701.00 no_imp=13/20 (còn 1156s)
2026-04-04 11:19:32,965 -   [Inner 18.15] cost=701.00 no_imp=14/20 (còn 1156s)
2026-04-04 11:19:33,087 -   [Inner 18.16] cost=701.00 no_imp=15/20 (còn 1156s)
2026-04-04 11:19:33,210 -   [Inner 18.17] cost=701.00 no_imp=16/20 (còn 1155s)
2026-04-04 11:19:33,335 -   [Inner 18.18] cost=701.00 no_imp=17/20 (còn 1155s)
2026-04-04 11:19:33,462 -   [Inner 18.19] cost=701.00 no_imp=18/20 (còn 1155s)
2026-04-04 11:19:33,586 -   [Inner 18.20] cost=701.00 no_imp=19/20 (còn 1155s)
2026-04-04 11:19:33,708 -   [Outer 18] Chạy Pairwise MaxSAT...
2026-04-04 11:19:33,708 -   [Outer] Pairwise không cải thiện cặp nào, quay lại inner.
2026-04-04 11:19:33,709 - === OUTER 19 | cost=701.00 (còn 1155s) ===
2026-04-04 11:19:33,709 -   [Inner 19.1] cost=701.00 no_imp=0/20 (còn 1155s)
2026-04-04 11:19:33,846 -   [Inner 19.2] cost=701.00 no_imp=1/20 (còn 1155s)
2026-04-04 11:19:33,992 -   [Inner 19.3] cost=701.00 no_imp=2/20 (còn 1155s)
2026-04-04 11:19:34,124 -   [Inner 19.4] cost=701.00 no_imp=3/20 (còn 1155s)
2026-04-04 11:19:34,253 -   [Inner 19.5] cost=701.00 no_imp=4/20 (còn 1154s)
2026-04-04 11:19:34,377 -   [Inner 19.6] cost=701.00 no_imp=5/20 (còn 1154s)
2026-04-04 11:19:34,500 -   [Inner 19.7] cost=701.00 no_imp=6/20 (còn 1154s)
2026-04-04 11:19:34,628 -   [Inner 19.8] cost=701.00 no_imp=7/20 (còn 1154s)
2026-04-04 11:19:34,751 -   [Inner 19.9] cost=701.00 no_imp=8/20 (còn 1154s)
2026-04-04 11:19:34,873 -   [Inner 19.10] cost=701.00 no_imp=9/20 (còn 1154s)
2026-04-04 11:19:34,995 -   [Inner 19.11] cost=701.00 no_imp=10/20 (còn 1154s)
2026-04-04 11:19:35,119 -   [Inner 19.12] cost=701.00 no_imp=11/20 (còn 1154s)
2026-04-04 11:19:35,244 -   [Inner 19.13] cost=701.00 no_imp=12/20 (còn 1153s)
2026-04-04 11:19:35,376 -   [Inner 19.14] cost=701.00 no_imp=13/20 (còn 1153s)
2026-04-04 11:19:35,499 -   [Inner 19.15] cost=701.00 no_imp=14/20 (còn 1153s)
2026-04-04 11:19:35,622 -   [Inner 19.16] cost=701.00 no_imp=15/20 (còn 1153s)
2026-04-04 11:19:35,745 -   [Inner 19.17] cost=701.00 no_imp=16/20 (còn 1153s)
2026-04-04 11:19:35,868 -   [Inner 19.18] cost=701.00 no_imp=17/20 (còn 1153s)
2026-04-04 11:19:35,991 -   [Inner 19.19] cost=701.00 no_imp=18/20 (còn 1153s)
2026-04-04 11:19:36,113 -   [Inner 19.20] cost=701.00 no_imp=19/20 (còn 1153s)
2026-04-04 11:19:36,236 -   [Outer 19] Chạy Pairwise MaxSAT...
2026-04-04 11:19:36,236 -   [Outer] Pairwise không cải thiện cặp nào, quay lại inner.
2026-04-04 11:19:36,236 - === OUTER 20 | cost=701.00 (còn 1152s) ===
2026-04-04 11:19:36,237 -   [Inner 20.1] cost=701.00 no_imp=0/20 (còn 1152s)
2026-04-04 11:19:36,364 -   [Inner 20.2] cost=701.00 no_imp=1/20 (còn 1152s)
2026-04-04 11:19:36,486 -   [Inner 20.3] cost=701.00 no_imp=2/20 (còn 1152s)
2026-04-04 11:19:36,610 -   [Inner 20.4] cost=701.00 no_imp=3/20 (còn 1152s)
2026-04-04 11:19:36,733 -   [Inner 20.5] cost=701.00 no_imp=4/20 (còn 1152s)
2026-04-04 11:19:36,855 -   [Inner 20.6] cost=701.00 no_imp=5/20 (còn 1152s)
2026-04-04 11:19:36,978 -   [Inner 20.7] cost=701.00 no_imp=6/20 (còn 1152s)
2026-04-04 11:19:37,102 -   [Inner 20.8] cost=701.00 no_imp=7/20 (còn 1152s)
2026-04-04 11:19:37,224 -   [Inner 20.9] cost=701.00 no_imp=8/20 (còn 1151s)
2026-04-04 11:19:37,348 -   [Inner 20.10] cost=701.00 no_imp=9/20 (còn 1151s)
2026-04-04 11:19:37,471 -   [Inner 20.11] cost=701.00 no_imp=10/20 (còn 1151s)
2026-04-04 11:19:37,594 -   [Inner 20.12] cost=701.00 no_imp=11/20 (còn 1151s)
2026-04-04 11:19:37,717 -   [Inner 20.13] cost=701.00 no_imp=12/20 (còn 1151s)
2026-04-04 11:19:37,839 -   [Inner 20.14] cost=701.00 no_imp=13/20 (còn 1151s)
2026-04-04 11:19:37,962 -   [Inner 20.15] cost=701.00 no_imp=14/20 (còn 1151s)
2026-04-04 11:19:38,086 -   [Inner 20.16] cost=701.00 no_imp=15/20 (còn 1151s)
2026-04-04 11:19:38,207 -   [Inner 20.17] cost=701.00 no_imp=16/20 (còn 1150s)
2026-04-04 11:19:38,329 -   [Inner 20.18] cost=701.00 no_imp=17/20 (còn 1150s)
2026-04-04 11:19:38,453 -   [Inner 20.19] cost=701.00 no_imp=18/20 (còn 1150s)
2026-04-04 11:19:38,575 -   [Inner 20.20] cost=701.00 no_imp=19/20 (còn 1150s)
2026-04-04 11:19:38,700 -   [Outer 20] Chạy Pairwise MaxSAT...
2026-04-04 11:19:38,700 -   [Outer] Pairwise không cải thiện cặp nào, quay lại inner.
2026-04-04 11:19:38,700 - === OUTER 21 | cost=701.00 (còn 1150s) ===
2026-04-04 11:19:38,700 -   [Inner 21.1] cost=701.00 no_imp=0/20 (còn 1150s)
2026-04-04 11:19:38,823 -   [Inner 21.2] cost=701.00 no_imp=1/20 (còn 1150s)
2026-04-04 11:19:38,945 -   [Inner 21.3] cost=701.00 no_imp=2/20 (còn 1150s)
2026-04-04 11:19:39,068 -   [Inner 21.4] cost=701.00 no_imp=3/20 (còn 1150s)
2026-04-04 11:19:39,191 -   [Inner 21.5] cost=701.00 no_imp=4/20 (còn 1149s)
2026-04-04 11:19:39,315 -   [Inner 21.6] cost=701.00 no_imp=5/20 (còn 1149s)
2026-04-04 11:19:39,438 -   [Inner 21.7] cost=701.00 no_imp=6/20 (còn 1149s)
2026-04-04 11:19:39,562 -   [Inner 21.8] cost=701.00 no_imp=7/20 (còn 1149s)
2026-04-04 11:19:39,686 -   [Inner 21.9] cost=701.00 no_imp=8/20 (còn 1149s)
2026-04-04 11:19:39,808 -   [Inner 21.10] cost=701.00 no_imp=9/20 (còn 1149s)
2026-04-04 11:19:39,933 -   [Inner 21.11] cost=701.00 no_imp=10/20 (còn 1149s)
2026-04-04 11:19:40,054 -   [Inner 21.12] cost=701.00 no_imp=11/20 (còn 1149s)
2026-04-04 11:19:40,177 -   [Inner 21.13] cost=701.00 no_imp=12/20 (còn 1149s)
2026-04-04 11:19:40,298 -   [Inner 21.14] cost=701.00 no_imp=13/20 (còn 1148s)
2026-04-04 11:19:40,424 -   [Inner 21.15] cost=701.00 no_imp=14/20 (còn 1148s)
2026-04-04 11:19:40,548 -   [Inner 21.16] cost=701.00 no_imp=15/20 (còn 1148s)
2026-04-04 11:19:40,670 -   [Inner 21.17] cost=701.00 no_imp=16/20 (còn 1148s)
2026-04-04 11:19:40,793 -   [Inner 21.18] cost=701.00 no_imp=17/20 (còn 1148s)
2026-04-04 11:19:40,915 -   [Inner 21.19] cost=701.00 no_imp=18/20 (còn 1148s)
2026-04-04 11:19:41,037 -   [Inner 21.20] cost=701.00 no_imp=19/20 (còn 1148s)
2026-04-04 11:19:41,160 -   [Outer 21] Chạy Pairwise MaxSAT...
2026-04-04 11:19:41,160 -   [Outer] Pairwise không cải thiện cặp nào, quay lại inner.
2026-04-04 11:19:41,160 - === OUTER 22 | cost=701.00 (còn 1148s) ===
2026-04-04 11:19:41,160 -   [Inner 22.1] cost=701.00 no_imp=0/20 (còn 1148s)
2026-04-04 11:19:41,282 -   [Inner 22.2] cost=701.00 no_imp=1/20 (còn 1147s)
2026-04-04 11:19:41,405 -   [Inner 22.3] cost=701.00 no_imp=2/20 (còn 1147s)
2026-04-04 11:19:41,526 -   [Inner 22.4] cost=701.00 no_imp=3/20 (còn 1147s)
2026-04-04 11:19:41,651 -   [Inner 22.5] cost=701.00 no_imp=4/20 (còn 1147s)
2026-04-04 11:19:41,776 -   [Inner 22.6] cost=701.00 no_imp=5/20 (còn 1147s)
2026-04-04 11:19:41,899 -   [Inner 22.7] cost=701.00 no_imp=6/20 (còn 1147s)
2026-04-04 11:19:42,021 -   [Inner 22.8] cost=701.00 no_imp=7/20 (còn 1147s)
2026-04-04 11:19:42,145 -   [Inner 22.9] cost=701.00 no_imp=8/20 (còn 1147s)
2026-04-04 11:19:42,267 -   [Inner 22.10] cost=701.00 no_imp=9/20 (còn 1146s)
2026-04-04 11:19:42,390 -   [Inner 22.11] cost=701.00 no_imp=10/20 (còn 1146s)
2026-04-04 11:19:42,513 -   [Inner 22.12] cost=701.00 no_imp=11/20 (còn 1146s)
2026-04-04 11:19:42,636 -   [Inner 22.13] cost=701.00 no_imp=12/20 (còn 1146s)
2026-04-04 11:19:42,759 -   [Inner 22.14] cost=701.00 no_imp=13/20 (còn 1146s)
2026-04-04 11:19:42,882 -   [Inner 22.15] cost=701.00 no_imp=14/20 (còn 1146s)
2026-04-04 11:19:43,003 -   [Inner 22.16] cost=701.00 no_imp=15/20 (còn 1146s)
2026-04-04 11:19:43,126 -   [Inner 22.17] cost=701.00 no_imp=16/20 (còn 1146s)
2026-04-04 11:19:43,248 -   [Inner 22.18] cost=701.00 no_imp=17/20 (còn 1145s)
2026-04-04 11:19:43,371 -   [Inner 22.19] cost=701.00 no_imp=18/20 (còn 1145s)
2026-04-04 11:19:43,492 -   [Inner 22.20] cost=701.00 no_imp=19/20 (còn 1145s)
2026-04-04 11:19:43,613 -   [Outer 22] Chạy Pairwise MaxSAT...
2026-04-04 11:19:43,614 -   [Outer] Pairwise không cải thiện cặp nào, quay lại inner.
2026-04-04 11:19:43,614 - === OUTER 23 | cost=701.00 (còn 1145s) ===
2026-04-04 11:19:43,614 -   [Inner 23.1] cost=701.00 no_imp=0/20 (còn 1145s)
2026-04-04 11:19:43,736 -   [Inner 23.2] cost=701.00 no_imp=1/20 (còn 1145s)
2026-04-04 11:19:43,859 -   [Inner 23.3] cost=701.00 no_imp=2/20 (còn 1145s)
2026-04-04 11:19:43,981 -   [Inner 23.4] cost=701.00 no_imp=3/20 (còn 1145s)
2026-04-04 11:19:44,104 -   [Inner 23.5] cost=701.00 no_imp=4/20 (còn 1145s)
2026-04-04 11:19:44,227 -   [Inner 23.6] cost=701.00 no_imp=5/20 (còn 1144s)
2026-04-04 11:19:44,349 -   [Inner 23.7] cost=701.00 no_imp=6/20 (còn 1144s)
2026-04-04 11:19:44,474 -   [Inner 23.8] cost=701.00 no_imp=7/20 (còn 1144s)
2026-04-04 11:19:44,597 -   [Inner 23.9] cost=701.00 no_imp=8/20 (còn 1144s)
2026-04-04 11:19:44,721 -   [Inner 23.10] cost=701.00 no_imp=9/20 (còn 1144s)
2026-04-04 11:19:44,844 -   [Inner 23.11] cost=701.00 no_imp=10/20 (còn 1144s)
2026-04-04 11:19:44,966 -   [Inner 23.12] cost=701.00 no_imp=11/20 (còn 1144s)
2026-04-04 11:19:45,089 -   [Inner 23.13] cost=701.00 no_imp=12/20 (còn 1144s)
2026-04-04 11:19:45,212 -   [Inner 23.14] cost=701.00 no_imp=13/20 (còn 1143s)
2026-04-04 11:19:45,334 -   [Inner 23.15] cost=701.00 no_imp=14/20 (còn 1143s)
2026-04-04 11:19:45,457 -   [Inner 23.16] cost=701.00 no_imp=15/20 (còn 1143s)
2026-04-04 11:19:45,579 -   [Inner 23.17] cost=701.00 no_imp=16/20 (còn 1143s)
2026-04-04 11:19:45,702 -   [Inner 23.18] cost=701.00 no_imp=17/20 (còn 1143s)
2026-04-04 11:19:45,826 -   [Inner 23.19] cost=701.00 no_imp=18/20 (còn 1143s)
2026-04-04 11:19:45,949 -   [Inner 23.20] cost=701.00 no_imp=19/20 (còn 1143s)
2026-04-04 11:19:46,107 -   [Outer 23] Chạy Pairwise MaxSAT...
2026-04-04 11:19:46,107 -   [Outer] Pairwise không cải thiện cặp nào, quay lại inner.
2026-04-04 11:19:46,107 - === OUTER 24 | cost=701.00 (còn 1143s) ===
2026-04-04 11:19:46,107 -   [Inner 24.1] cost=701.00 no_imp=0/20 (còn 1143s)
2026-04-04 11:19:46,228 -   [Inner 24.2] cost=701.00 no_imp=1/20 (còn 1142s)
2026-04-04 11:19:46,350 -   [Inner 24.3] cost=701.00 no_imp=2/20 (còn 1142s)
2026-04-04 11:19:46,472 -   [Inner 24.4] cost=701.00 no_imp=3/20 (còn 1142s)
2026-04-04 11:19:46,597 -   [Inner 24.5] cost=701.00 no_imp=4/20 (còn 1142s)
2026-04-04 11:19:46,719 -   [Inner 24.6] cost=701.00 no_imp=5/20 (còn 1142s)
2026-04-04 11:19:46,843 -   [Inner 24.7] cost=701.00 no_imp=6/20 (còn 1142s)
2026-04-04 11:19:46,966 -   [Inner 24.8] cost=701.00 no_imp=7/20 (còn 1142s)
2026-04-04 11:19:47,091 -   [Inner 24.9] cost=701.00 no_imp=8/20 (còn 1142s)
2026-04-04 11:19:47,214 -   [Inner 24.10] cost=701.00 no_imp=9/20 (còn 1141s)
2026-04-04 11:19:47,336 -   [Inner 24.11] cost=701.00 no_imp=10/20 (còn 1141s)
2026-04-04 11:19:47,460 -   [Inner 24.12] cost=701.00 no_imp=11/20 (còn 1141s)
2026-04-04 11:19:47,582 -   [Inner 24.13] cost=701.00 no_imp=12/20 (còn 1141s)
2026-04-04 11:19:47,707 -   [Inner 24.14] cost=701.00 no_imp=13/20 (còn 1141s)
2026-04-04 11:19:47,831 -   [Inner 24.15] cost=701.00 no_imp=14/20 (còn 1141s)
2026-04-04 11:19:47,951 -   [Inner 24.16] cost=701.00 no_imp=15/20 (còn 1141s)
2026-04-04 11:19:48,074 -   [Inner 24.17] cost=701.00 no_imp=16/20 (còn 1141s)
2026-04-04 11:19:48,198 -   [Inner 24.18] cost=701.00 no_imp=17/20 (còn 1140s)
2026-04-04 11:19:48,320 -   [Inner 24.19] cost=701.00 no_imp=18/20 (còn 1140s)
2026-04-04 11:19:48,441 -   [Inner 24.20] cost=701.00 no_imp=19/20 (còn 1140s)
2026-04-04 11:19:48,569 -   [Outer 24] Chạy Pairwise MaxSAT...
2026-04-04 11:19:48,570 -   [Outer] Pairwise không cải thiện cặp nào, quay lại inner.
2026-04-04 11:19:48,570 - === OUTER 25 | cost=701.00 (còn 1140s) ===
2026-04-04 11:19:48,570 -   [Inner 25.1] cost=701.00 no_imp=0/20 (còn 1140s)
2026-04-04 11:19:48,692 -   [Inner 25.2] cost=701.00 no_imp=1/20 (còn 1140s)
2026-04-04 11:19:48,814 -   [Inner 25.3] cost=701.00 no_imp=2/20 (còn 1140s)
2026-04-04 11:19:48,937 -   [Inner 25.4] cost=701.00 no_imp=3/20 (còn 1140s)
2026-04-04 11:19:49,061 -   [Inner 25.5] cost=701.00 no_imp=4/20 (còn 1140s)
2026-04-04 11:19:49,183 -   [Inner 25.6] cost=701.00 no_imp=5/20 (còn 1140s)
2026-04-04 11:19:49,307 -   [Inner 25.7] cost=701.00 no_imp=6/20 (còn 1139s)
2026-04-04 11:19:49,429 -   [Inner 25.8] cost=701.00 no_imp=7/20 (còn 1139s)
2026-04-04 11:19:49,551 -   [Inner 25.9] cost=701.00 no_imp=8/20 (còn 1139s)
2026-04-04 11:19:49,672 -   [Inner 25.10] cost=701.00 no_imp=9/20 (còn 1139s)
2026-04-04 11:19:49,795 -   [Inner 25.11] cost=701.00 no_imp=10/20 (còn 1139s)
2026-04-04 11:19:49,918 -   [Inner 25.12] cost=701.00 no_imp=11/20 (còn 1139s)
2026-04-04 11:19:50,045 -   [Inner 25.13] cost=701.00 no_imp=12/20 (còn 1139s)
2026-04-04 11:19:50,168 -   [Inner 25.14] cost=701.00 no_imp=13/20 (còn 1139s)
2026-04-04 11:19:50,292 -   [Inner 25.15] cost=701.00 no_imp=14/20 (còn 1138s)
2026-04-04 11:19:50,415 -   [Inner 25.16] cost=701.00 no_imp=15/20 (còn 1138s)
2026-04-04 11:19:50,537 -   [Inner 25.17] cost=701.00 no_imp=16/20 (còn 1138s)
2026-04-04 11:19:50,662 -   [Inner 25.18] cost=701.00 no_imp=17/20 (còn 1138s)
2026-04-04 11:19:50,786 -   [Inner 25.19] cost=701.00 no_imp=18/20 (còn 1138s)
2026-04-04 11:19:50,908 -   [Inner 25.20] cost=701.00 no_imp=19/20 (còn 1138s)
2026-04-04 11:19:51,030 -   [Outer 25] Chạy Pairwise MaxSAT...
2026-04-04 11:19:51,030 -   [Outer] Pairwise không cải thiện cặp nào, quay lại inner.
2026-04-04 11:19:51,030 - === OUTER 26 | cost=701.00 (còn 1138s) ===
2026-04-04 11:19:51,030 -   [Inner 26.1] cost=701.00 no_imp=0/20 (còn 1138s)
2026-04-04 11:19:51,152 -   [Inner 26.2] cost=701.00 no_imp=1/20 (còn 1138s)
2026-04-04 11:19:51,277 -   [Inner 26.3] cost=701.00 no_imp=2/20 (còn 1137s)
2026-04-04 11:19:51,399 -   [Inner 26.4] cost=701.00 no_imp=3/20 (còn 1137s)
2026-04-04 11:19:51,521 -   [Inner 26.5] cost=701.00 no_imp=4/20 (còn 1137s)
2026-04-04 11:19:51,643 -   [Inner 26.6] cost=701.00 no_imp=5/20 (còn 1137s)
2026-04-04 11:19:51,766 -   [Inner 26.7] cost=701.00 no_imp=6/20 (còn 1137s)
2026-04-04 11:19:51,891 -   [Inner 26.8] cost=701.00 no_imp=7/20 (còn 1137s)
2026-04-04 11:19:52,013 -   [Inner 26.9] cost=701.00 no_imp=8/20 (còn 1137s)
2026-04-04 11:19:52,137 -   [Inner 26.10] cost=701.00 no_imp=9/20 (còn 1137s)
2026-04-04 11:19:52,261 -   [Inner 26.11] cost=701.00 no_imp=10/20 (còn 1136s)
2026-04-04 11:19:52,386 -   [Inner 26.12] cost=701.00 no_imp=11/20 (còn 1136s)
2026-04-04 11:19:52,507 -   [Inner 26.13] cost=701.00 no_imp=12/20 (còn 1136s)
2026-04-04 11:19:52,632 -   [Inner 26.14] cost=701.00 no_imp=13/20 (còn 1136s)
2026-04-04 11:19:52,754 -   [Inner 26.15] cost=701.00 no_imp=14/20 (còn 1136s)
2026-04-04 11:19:52,878 -   [Inner 26.16] cost=701.00 no_imp=15/20 (còn 1136s)
2026-04-04 11:19:52,999 -   [Inner 26.17] cost=701.00 no_imp=16/20 (còn 1136s)
2026-04-04 11:19:53,121 -   [Inner 26.18] cost=701.00 no_imp=17/20 (còn 1136s)
2026-04-04 11:19:53,244 -   [Inner 26.19] cost=701.00 no_imp=18/20 (còn 1135s)
2026-04-04 11:19:53,368 -   [Inner 26.20] cost=701.00 no_imp=19/20 (còn 1135s)
2026-04-04 11:19:53,490 -   [Outer 26] Chạy Pairwise MaxSAT...
2026-04-04 11:19:53,490 -   [Outer] Pairwise không cải thiện cặp nào, quay lại inner.
2026-04-04 11:19:53,491 - === OUTER 27 | cost=701.00 (còn 1135s) ===
2026-04-04 11:19:53,491 -   [Inner 27.1] cost=701.00 no_imp=0/20 (còn 1135s)
2026-04-04 11:19:53,614 -   [Inner 27.2] cost=701.00 no_imp=1/20 (còn 1135s)
2026-04-04 11:19:53,737 -   [Inner 27.3] cost=701.00 no_imp=2/20 (còn 1135s)
2026-04-04 11:19:53,861 -   [Inner 27.4] cost=701.00 no_imp=3/20 (còn 1135s)
2026-04-04 11:19:53,984 -   [Inner 27.5] cost=701.00 no_imp=4/20 (còn 1135s)
2026-04-04 11:19:54,108 -   [Inner 27.6] cost=701.00 no_imp=5/20 (còn 1135s)
2026-04-04 11:19:54,232 -   [Inner 27.7] cost=701.00 no_imp=6/20 (còn 1134s)
2026-04-04 11:19:54,357 -   [Inner 27.8] cost=701.00 no_imp=7/20 (còn 1134s)
2026-04-04 11:19:54,479 -   [Inner 27.9] cost=701.00 no_imp=8/20 (còn 1134s)
2026-04-04 11:19:54,604 -   [Inner 27.10] cost=701.00 no_imp=9/20 (còn 1134s)
2026-04-04 11:19:54,727 -   [Inner 27.11] cost=701.00 no_imp=10/20 (còn 1134s)
2026-04-04 11:19:54,850 -   [Inner 27.12] cost=701.00 no_imp=11/20 (còn 1134s)
2026-04-04 11:19:54,974 -   [Inner 27.13] cost=701.00 no_imp=12/20 (còn 1134s)
2026-04-04 11:19:55,095 -   [Inner 27.14] cost=701.00 no_imp=13/20 (còn 1134s)
2026-04-04 11:19:55,218 -   [Inner 27.15] cost=701.00 no_imp=14/20 (còn 1133s)
2026-04-04 11:19:55,342 -   [Inner 27.16] cost=701.00 no_imp=15/20 (còn 1133s)
2026-04-04 11:19:55,465 -   [Inner 27.17] cost=701.00 no_imp=16/20 (còn 1133s)
2026-04-04 11:19:55,588 -   [Inner 27.18] cost=701.00 no_imp=17/20 (còn 1133s)
2026-04-04 11:19:55,710 -   [Inner 27.19] cost=701.00 no_imp=18/20 (còn 1133s)
2026-04-04 11:19:55,833 -   [Inner 27.20] cost=701.00 no_imp=19/20 (còn 1133s)
2026-04-04 11:19:55,955 -   [Outer 27] Chạy Pairwise MaxSAT...
2026-04-04 11:19:55,955 -   [Outer] Pairwise không cải thiện cặp nào, quay lại inner.
2026-04-04 11:19:55,955 - === OUTER 28 | cost=701.00 (còn 1133s) ===
2026-04-04 11:19:55,955 -   [Inner 28.1] cost=701.00 no_imp=0/20 (còn 1133s)
2026-04-04 11:19:56,077 -   [Inner 28.2] cost=701.00 no_imp=1/20 (còn 1133s)
2026-04-04 11:19:56,200 -   [Inner 28.3] cost=701.00 no_imp=2/20 (còn 1132s)
2026-04-04 11:19:56,324 -   [Inner 28.4] cost=701.00 no_imp=3/20 (còn 1132s)
2026-04-04 11:19:56,446 -   [Inner 28.5] cost=701.00 no_imp=4/20 (còn 1132s)
2026-04-04 11:19:56,569 -   [Inner 28.6] cost=701.00 no_imp=5/20 (còn 1132s)
2026-04-04 11:19:56,696 -   [Inner 28.7] cost=701.00 no_imp=6/20 (còn 1132s)
2026-04-04 11:19:56,817 -   [Inner 28.8] cost=701.00 no_imp=7/20 (còn 1132s)
2026-04-04 11:19:56,940 -   [Inner 28.9] cost=701.00 no_imp=8/20 (còn 1132s)
2026-04-04 11:19:57,062 -   [Inner 28.10] cost=701.00 no_imp=9/20 (còn 1132s)
2026-04-04 11:19:57,185 -   [Inner 28.11] cost=701.00 no_imp=10/20 (còn 1132s)
2026-04-04 11:19:57,308 -   [Inner 28.12] cost=701.00 no_imp=11/20 (còn 1131s)
2026-04-04 11:19:57,431 -   [Inner 28.13] cost=701.00 no_imp=12/20 (còn 1131s)
2026-04-04 11:19:57,552 -   [Inner 28.14] cost=701.00 no_imp=13/20 (còn 1131s)
2026-04-04 11:19:57,674 -   [Inner 28.15] cost=701.00 no_imp=14/20 (còn 1131s)
2026-04-04 11:19:57,797 -   [Inner 28.16] cost=701.00 no_imp=15/20 (còn 1131s)
2026-04-04 11:19:57,919 -   [Inner 28.17] cost=701.00 no_imp=16/20 (còn 1131s)
2026-04-04 11:19:58,043 -   [Inner 28.18] cost=701.00 no_imp=17/20 (còn 1131s)
2026-04-04 11:19:58,166 -   [Inner 28.19] cost=701.00 no_imp=18/20 (còn 1131s)
2026-04-04 11:19:58,289 -   [Inner 28.20] cost=701.00 no_imp=19/20 (còn 1130s)
2026-04-04 11:19:58,412 -   [Outer 28] Chạy Pairwise MaxSAT...
2026-04-04 11:19:58,412 -   [Outer] Pairwise không cải thiện cặp nào, quay lại inner.
2026-04-04 11:19:58,412 - === OUTER 29 | cost=701.00 (còn 1130s) ===
2026-04-04 11:19:58,412 -   [Inner 29.1] cost=701.00 no_imp=0/20 (còn 1130s)
2026-04-04 11:19:58,535 -   [Inner 29.2] cost=701.00 no_imp=1/20 (còn 1130s)
2026-04-04 11:19:58,660 -   [Inner 29.3] cost=701.00 no_imp=2/20 (còn 1130s)
2026-04-04 11:19:58,782 -   [Inner 29.4] cost=701.00 no_imp=3/20 (còn 1130s)
2026-04-04 11:19:58,905 -   [Inner 29.5] cost=701.00 no_imp=4/20 (còn 1130s)
2026-04-04 11:19:59,030 -   [Inner 29.6] cost=701.00 no_imp=5/20 (còn 1130s)
2026-04-04 11:19:59,152 -   [Inner 29.7] cost=701.00 no_imp=6/20 (còn 1130s)
2026-04-04 11:19:59,274 -   [Inner 29.8] cost=701.00 no_imp=7/20 (còn 1129s)
2026-04-04 11:19:59,397 -   [Inner 29.9] cost=701.00 no_imp=8/20 (còn 1129s)
2026-04-04 11:19:59,519 -   [Inner 29.10] cost=701.00 no_imp=9/20 (còn 1129s)
2026-04-04 11:19:59,644 -   [Inner 29.11] cost=701.00 no_imp=10/20 (còn 1129s)
2026-04-04 11:19:59,770 -   [Inner 29.12] cost=701.00 no_imp=11/20 (còn 1129s)
2026-04-04 11:19:59,894 -   [Inner 29.13] cost=701.00 no_imp=12/20 (còn 1129s)
2026-04-04 11:20:00,019 -   [Inner 29.14] cost=701.00 no_imp=13/20 (còn 1129s)
2026-04-04 11:20:00,145 -   [Inner 29.15] cost=701.00 no_imp=14/20 (còn 1129s)
2026-04-04 11:20:00,270 -   [Inner 29.16] cost=701.00 no_imp=15/20 (còn 1128s)
2026-04-04 11:20:00,392 -   [Inner 29.17] cost=701.00 no_imp=16/20 (còn 1128s)
2026-04-04 11:20:00,514 -   [Inner 29.18] cost=701.00 no_imp=17/20 (còn 1128s)
2026-04-04 11:20:00,637 -   [Inner 29.19] cost=701.00 no_imp=18/20 (còn 1128s)
2026-04-04 11:20:00,763 -   [Inner 29.20] cost=701.00 no_imp=19/20 (còn 1128s)
2026-04-04 11:20:00,887 -   [Outer 29] Chạy Pairwise MaxSAT...
2026-04-04 11:20:00,887 -   [Outer] Pairwise không cải thiện cặp nào, quay lại inner.
2026-04-04 11:20:00,887 - === OUTER 30 | cost=701.00 (còn 1128s) ===
2026-04-04 11:20:00,887 -   [Inner 30.1] cost=701.00 no_imp=0/20 (còn 1128s)
2026-04-04 11:20:01,010 -   [Inner 30.2] cost=701.00 no_imp=1/20 (còn 1128s)
2026-04-04 11:20:01,132 -   [Inner 30.3] cost=701.00 no_imp=2/20 (còn 1128s)
2026-04-04 11:20:01,256 -   [Inner 30.4] cost=701.00 no_imp=3/20 (còn 1127s)
2026-04-04 11:20:01,378 -   [Inner 30.5] cost=701.00 no_imp=4/20 (còn 1127s)
2026-04-04 11:20:01,501 -   [Inner 30.6] cost=701.00 no_imp=5/20 (còn 1127s)
2026-04-04 11:20:01,624 -   [Inner 30.7] cost=701.00 no_imp=6/20 (còn 1127s)
2026-04-04 11:20:01,747 -   [Inner 30.8] cost=701.00 no_imp=7/20 (còn 1127s)
2026-04-04 11:20:01,869 -   [Inner 30.9] cost=701.00 no_imp=8/20 (còn 1127s)
2026-04-04 11:20:01,992 -   [Inner 30.10] cost=701.00 no_imp=9/20 (còn 1127s)
2026-04-04 11:20:02,117 -   [Inner 30.11] cost=701.00 no_imp=10/20 (còn 1127s)
2026-04-04 11:20:02,240 -   [Inner 30.12] cost=701.00 no_imp=11/20 (còn 1126s)
2026-04-04 11:20:02,364 -   [Inner 30.13] cost=701.00 no_imp=12/20 (còn 1126s)
2026-04-04 11:20:02,485 -   [Inner 30.14] cost=701.00 no_imp=13/20 (còn 1126s)
2026-04-04 11:20:02,608 -   [Inner 30.15] cost=701.00 no_imp=14/20 (còn 1126s)
2026-04-04 11:20:02,735 -   [Inner 30.16] cost=701.00 no_imp=15/20 (còn 1126s)
2026-04-04 11:20:02,857 -   [Inner 30.17] cost=701.00 no_imp=16/20 (còn 1126s)
2026-04-04 11:20:02,978 -   [Inner 30.18] cost=701.00 no_imp=17/20 (còn 1126s)
2026-04-04 11:20:03,101 -   [Inner 30.19] cost=701.00 no_imp=18/20 (còn 1126s)
2026-04-04 11:20:03,224 -   [Inner 30.20] cost=701.00 no_imp=19/20 (còn 1125s)
2026-04-04 11:20:03,347 -   [Outer 30] Chạy Pairwise MaxSAT...
2026-04-04 11:20:03,348 -   [Outer] Pairwise không cải thiện cặp nào, quay lại inner.
2026-04-04 11:20:03,348 - === OUTER 31 | cost=701.00 (còn 1125s) ===
2026-04-04 11:20:03,348 -   [Inner 31.1] cost=701.00 no_imp=0/20 (còn 1125s)
2026-04-04 11:20:03,479 -   [Inner 31.2] cost=701.00 no_imp=1/20 (còn 1125s)
2026-04-04 11:20:03,602 -   [Inner 31.3] cost=701.00 no_imp=2/20 (còn 1125s)
2026-04-04 11:20:03,724 -   [Inner 31.4] cost=701.00 no_imp=3/20 (còn 1125s)
2026-04-04 11:20:03,848 -   [Inner 31.5] cost=701.00 no_imp=4/20 (còn 1125s)
2026-04-04 11:20:03,971 -   [Inner 31.6] cost=701.00 no_imp=5/20 (còn 1125s)
2026-04-04 11:20:04,094 -   [Inner 31.7] cost=701.00 no_imp=6/20 (còn 1125s)
2026-04-04 11:20:04,216 -   [Inner 31.8] cost=701.00 no_imp=7/20 (còn 1124s)
2026-04-04 11:20:04,338 -   [Inner 31.9] cost=701.00 no_imp=8/20 (còn 1124s)
2026-04-04 11:20:04,461 -   [Inner 31.10] cost=701.00 no_imp=9/20 (còn 1124s)
2026-04-04 11:20:04,581 -   [Inner 31.11] cost=701.00 no_imp=10/20 (còn 1124s)
2026-04-04 11:20:04,705 -   [Inner 31.12] cost=701.00 no_imp=11/20 (còn 1124s)
2026-04-04 11:20:04,831 -   [Inner 31.13] cost=701.00 no_imp=12/20 (còn 1124s)
2026-04-04 11:20:04,953 -   [Inner 31.14] cost=701.00 no_imp=13/20 (còn 1124s)
2026-04-04 11:20:05,078 -   [Inner 31.15] cost=701.00 no_imp=14/20 (còn 1124s)
2026-04-04 11:20:05,201 -   [Inner 31.16] cost=701.00 no_imp=15/20 (còn 1123s)
2026-04-04 11:20:05,324 -   [Inner 31.17] cost=701.00 no_imp=16/20 (còn 1123s)
2026-04-04 11:20:05,449 -   [Inner 31.18] cost=701.00 no_imp=17/20 (còn 1123s)
2026-04-04 11:20:05,571 -   [Inner 31.19] cost=701.00 no_imp=18/20 (còn 1123s)
2026-04-04 11:20:05,696 -   [Inner 31.20] cost=701.00 no_imp=19/20 (còn 1123s)
2026-04-04 11:20:05,819 -   [Outer 31] Chạy Pairwise MaxSAT...
2026-04-04 11:20:05,820 -   [Outer] Pairwise không cải thiện cặp nào, quay lại inner.
2026-04-04 11:20:05,820 - === OUTER 32 | cost=701.00 (còn 1123s) ===
2026-04-04 11:20:05,820 -   [Inner 32.1] cost=701.00 no_imp=0/20 (còn 1123s)
2026-04-04 11:20:05,942 -   [Inner 32.2] cost=701.00 no_imp=1/20 (còn 1123s)
2026-04-04 11:20:06,102 -   [Inner 32.3] cost=701.00 no_imp=2/20 (còn 1123s)
2026-04-04 11:20:06,225 -   [Inner 32.4] cost=701.00 no_imp=3/20 (còn 1122s)
2026-04-04 11:20:06,348 -   [Inner 32.5] cost=701.00 no_imp=4/20 (còn 1122s)
2026-04-04 11:20:06,471 -   [Inner 32.6] cost=701.00 no_imp=5/20 (còn 1122s)
2026-04-04 11:20:06,594 -   [Inner 32.7] cost=701.00 no_imp=6/20 (còn 1122s)
2026-04-04 11:20:06,716 -   [Inner 32.8] cost=701.00 no_imp=7/20 (còn 1122s)
2026-04-04 11:20:06,842 -   [Inner 32.9] cost=701.00 no_imp=8/20 (còn 1122s)
2026-04-04 11:20:06,966 -   [Inner 32.10] cost=701.00 no_imp=9/20 (còn 1122s)
2026-04-04 11:20:07,089 -   [Inner 32.11] cost=701.00 no_imp=10/20 (còn 1122s)
2026-04-04 11:20:07,211 -   [Inner 32.12] cost=701.00 no_imp=11/20 (còn 1121s)
2026-04-04 11:20:07,334 -   [Inner 32.13] cost=701.00 no_imp=12/20 (còn 1121s)
2026-04-04 11:20:07,457 -   [Inner 32.14] cost=701.00 no_imp=13/20 (còn 1121s)
2026-04-04 11:20:07,579 -   [Inner 32.15] cost=701.00 no_imp=14/20 (còn 1121s)
2026-04-04 11:20:07,702 -   [Inner 32.16] cost=701.00 no_imp=15/20 (còn 1121s)
2026-04-04 11:20:07,825 -   [Inner 32.17] cost=701.00 no_imp=16/20 (còn 1121s)
2026-04-04 11:20:07,948 -   [Inner 32.18] cost=701.00 no_imp=17/20 (còn 1121s)
2026-04-04 11:20:08,072 -   [Inner 32.19] cost=701.00 no_imp=18/20 (còn 1121s)
2026-04-04 11:20:08,197 -   [Inner 32.20] cost=701.00 no_imp=19/20 (còn 1120s)
2026-04-04 11:20:08,319 -   [Outer 32] Chạy Pairwise MaxSAT...
2026-04-04 11:20:08,319 -   [Outer] Pairwise không cải thiện cặp nào, quay lại inner.
2026-04-04 11:20:08,319 - === OUTER 33 | cost=701.00 (còn 1120s) ===
2026-04-04 11:20:08,319 -   [Inner 33.1] cost=701.00 no_imp=0/20 (còn 1120s)
2026-04-04 11:20:08,442 -   [Inner 33.2] cost=701.00 no_imp=1/20 (còn 1120s)
2026-04-04 11:20:08,563 -   [Inner 33.3] cost=701.00 no_imp=2/20 (còn 1120s)
2026-04-04 11:20:08,687 -   [Inner 33.4] cost=701.00 no_imp=3/20 (còn 1120s)
2026-04-04 11:20:08,812 -   [Inner 33.5] cost=701.00 no_imp=4/20 (còn 1120s)
2026-04-04 11:20:08,934 -   [Inner 33.6] cost=701.00 no_imp=5/20 (còn 1120s)
2026-04-04 11:20:09,057 -   [Inner 33.7] cost=701.00 no_imp=6/20 (còn 1120s)
2026-04-04 11:20:09,178 -   [Inner 33.8] cost=701.00 no_imp=7/20 (còn 1120s)
2026-04-04 11:20:09,301 -   [Inner 33.9] cost=701.00 no_imp=8/20 (còn 1119s)
2026-04-04 11:20:09,424 -   [Inner 33.10] cost=701.00 no_imp=9/20 (còn 1119s)
2026-04-04 11:20:09,546 -   [Inner 33.11] cost=701.00 no_imp=10/20 (còn 1119s)
2026-04-04 11:20:09,669 -   [Inner 33.12] cost=701.00 no_imp=11/20 (còn 1119s)
2026-04-04 11:20:09,791 -   [Inner 33.13] cost=701.00 no_imp=12/20 (còn 1119s)
2026-04-04 11:20:09,955 -   [Inner 33.14] cost=701.00 no_imp=13/20 (còn 1119s)
2026-04-04 11:20:10,078 -   [Inner 33.15] cost=701.00 no_imp=14/20 (còn 1119s)
2026-04-04 11:20:10,200 -   [Inner 33.16] cost=701.00 no_imp=15/20 (còn 1118s)
2026-04-04 11:20:10,324 -   [Inner 33.17] cost=701.00 no_imp=16/20 (còn 1118s)
2026-04-04 11:20:10,445 -   [Inner 33.18] cost=701.00 no_imp=17/20 (còn 1118s)
2026-04-04 11:20:10,568 -   [Inner 33.19] cost=701.00 no_imp=18/20 (còn 1118s)
2026-04-04 11:20:10,691 -   [Inner 33.20] cost=701.00 no_imp=19/20 (còn 1118s)
2026-04-04 11:20:10,816 -   [Outer 33] Chạy Pairwise MaxSAT...
2026-04-04 11:20:10,816 -   [Outer] Pairwise không cải thiện cặp nào, quay lại inner.
2026-04-04 11:20:10,817 - === OUTER 34 | cost=701.00 (còn 1118s) ===
2026-04-04 11:20:10,817 -   [Inner 34.1] cost=701.00 no_imp=0/20 (còn 1118s)
2026-04-04 11:20:10,939 -   [Inner 34.2] cost=701.00 no_imp=1/20 (còn 1118s)
2026-04-04 11:20:11,061 -   [Inner 34.3] cost=701.00 no_imp=2/20 (còn 1118s)
2026-04-04 11:20:11,183 -   [Inner 34.4] cost=701.00 no_imp=3/20 (còn 1118s)
2026-04-04 11:20:11,305 -   [Inner 34.5] cost=701.00 no_imp=4/20 (còn 1117s)
2026-04-04 11:20:11,428 -   [Inner 34.6] cost=701.00 no_imp=5/20 (còn 1117s)
2026-04-04 11:20:11,550 -   [Inner 34.7] cost=701.00 no_imp=6/20 (còn 1117s)
2026-04-04 11:20:11,675 -   [Inner 34.8] cost=701.00 no_imp=7/20 (còn 1117s)
2026-04-04 11:20:11,796 -   [Inner 34.9] cost=701.00 no_imp=8/20 (còn 1117s)
2026-04-04 11:20:11,919 -   [Inner 34.10] cost=701.00 no_imp=9/20 (còn 1117s)
2026-04-04 11:20:12,043 -   [Inner 34.11] cost=701.00 no_imp=10/20 (còn 1117s)
2026-04-04 11:20:12,165 -   [Inner 34.12] cost=701.00 no_imp=11/20 (còn 1117s)
2026-04-04 11:20:12,288 -   [Inner 34.13] cost=701.00 no_imp=12/20 (còn 1116s)
2026-04-04 11:20:12,411 -   [Inner 34.14] cost=701.00 no_imp=13/20 (còn 1116s)
2026-04-04 11:20:12,531 -   [Inner 34.15] cost=701.00 no_imp=14/20 (còn 1116s)
2026-04-04 11:20:12,655 -   [Inner 34.16] cost=701.00 no_imp=15/20 (còn 1116s)
2026-04-04 11:20:12,777 -   [Inner 34.17] cost=701.00 no_imp=16/20 (còn 1116s)
2026-04-04 11:20:12,905 -   [Inner 34.18] cost=701.00 no_imp=17/20 (còn 1116s)
2026-04-04 11:20:13,028 -   [Inner 34.19] cost=701.00 no_imp=18/20 (còn 1116s)
2026-04-04 11:20:13,150 -   [Inner 34.20] cost=701.00 no_imp=19/20 (còn 1116s)
2026-04-04 11:20:13,273 -   [Outer 34] Chạy Pairwise MaxSAT...
2026-04-04 11:20:13,273 -   [Outer] Pairwise không cải thiện cặp nào, quay lại inner.
2026-04-04 11:20:13,273 - === OUTER 35 | cost=701.00 (còn 1115s) ===
2026-04-04 11:20:13,273 -   [Inner 35.1] cost=701.00 no_imp=0/20 (còn 1115s)
2026-04-04 11:20:13,395 -   [Inner 35.2] cost=701.00 no_imp=1/20 (còn 1115s)
2026-04-04 11:20:13,517 -   [Inner 35.3] cost=701.00 no_imp=2/20 (còn 1115s)
2026-04-04 11:20:13,640 -   [Inner 35.4] cost=701.00 no_imp=3/20 (còn 1115s)
2026-04-04 11:20:13,762 -   [Inner 35.5] cost=701.00 no_imp=4/20 (còn 1115s)
2026-04-04 11:20:13,884 -   [Inner 35.6] cost=701.00 no_imp=5/20 (còn 1115s)
2026-04-04 11:20:14,006 -   [Inner 35.7] cost=701.00 no_imp=6/20 (còn 1115s)
2026-04-04 11:20:14,129 -   [Inner 35.8] cost=701.00 no_imp=7/20 (còn 1115s)
2026-04-04 11:20:14,251 -   [Inner 35.9] cost=701.00 no_imp=8/20 (còn 1114s)
2026-04-04 11:20:14,379 -   [Inner 35.10] cost=701.00 no_imp=9/20 (còn 1114s)
2026-04-04 11:20:14,506 -   [Inner 35.11] cost=701.00 no_imp=10/20 (còn 1114s)
2026-04-04 11:20:14,629 -   [Inner 35.12] cost=701.00 no_imp=11/20 (còn 1114s)
2026-04-04 11:20:14,753 -   [Inner 35.13] cost=701.00 no_imp=12/20 (còn 1114s)
2026-04-04 11:20:14,877 -   [Inner 35.14] cost=701.00 no_imp=13/20 (còn 1114s)
2026-04-04 11:20:14,998 -   [Inner 35.15] cost=701.00 no_imp=14/20 (còn 1114s)
2026-04-04 11:20:15,122 -   [Inner 35.16] cost=701.00 no_imp=15/20 (còn 1114s)
2026-04-04 11:20:15,244 -   [Inner 35.17] cost=701.00 no_imp=16/20 (còn 1113s)
2026-04-04 11:20:15,367 -   [Inner 35.18] cost=701.00 no_imp=17/20 (còn 1113s)
2026-04-04 11:20:15,488 -   [Inner 35.19] cost=701.00 no_imp=18/20 (còn 1113s)
2026-04-04 11:20:15,611 -   [Inner 35.20] cost=701.00 no_imp=19/20 (còn 1113s)
2026-04-04 11:20:15,733 -   [Outer 35] Chạy Pairwise MaxSAT...
2026-04-04 11:20:15,733 -   [Outer] Pairwise không cải thiện cặp nào, quay lại inner.
2026-04-04 11:20:15,734 - === OUTER 36 | cost=701.00 (còn 1113s) ===
2026-04-04 11:20:15,734 -   [Inner 36.1] cost=701.00 no_imp=0/20 (còn 1113s)
2026-04-04 11:20:15,856 -   [Inner 36.2] cost=701.00 no_imp=1/20 (còn 1113s)
2026-04-04 11:20:15,979 -   [Inner 36.3] cost=701.00 no_imp=2/20 (còn 1113s)
2026-04-04 11:20:16,102 -   [Inner 36.4] cost=701.00 no_imp=3/20 (còn 1113s)
2026-04-04 11:20:16,224 -   [Inner 36.5] cost=701.00 no_imp=4/20 (còn 1112s)
2026-04-04 11:20:16,347 -   [Inner 36.6] cost=701.00 no_imp=5/20 (còn 1112s)
2026-04-04 11:20:16,470 -   [Inner 36.7] cost=701.00 no_imp=6/20 (còn 1112s)
2026-04-04 11:20:16,592 -   [Inner 36.8] cost=701.00 no_imp=7/20 (còn 1112s)
2026-04-04 11:20:16,716 -   [Inner 36.9] cost=701.00 no_imp=8/20 (còn 1112s)
2026-04-04 11:20:16,838 -   [Inner 36.10] cost=701.00 no_imp=9/20 (còn 1112s)
2026-04-04 11:20:16,962 -   [Inner 36.11] cost=701.00 no_imp=10/20 (còn 1112s)
2026-04-04 11:20:17,087 -   [Inner 36.12] cost=701.00 no_imp=11/20 (còn 1112s)
2026-04-04 11:20:17,210 -   [Inner 36.13] cost=701.00 no_imp=12/20 (còn 1111s)
2026-04-04 11:20:17,333 -   [Inner 36.14] cost=701.00 no_imp=13/20 (còn 1111s)
2026-04-04 11:20:17,454 -   [Inner 36.15] cost=701.00 no_imp=14/20 (còn 1111s)
2026-04-04 11:20:17,576 -   [Inner 36.16] cost=701.00 no_imp=15/20 (còn 1111s)
2026-04-04 11:20:17,700 -   [Inner 36.17] cost=701.00 no_imp=16/20 (còn 1111s)
2026-04-04 11:20:17,823 -   [Inner 36.18] cost=701.00 no_imp=17/20 (còn 1111s)
2026-04-04 11:20:17,946 -   [Inner 36.19] cost=701.00 no_imp=18/20 (còn 1111s)
2026-04-04 11:20:18,070 -   [Inner 36.20] cost=701.00 no_imp=19/20 (còn 1111s)
2026-04-04 11:20:18,192 -   [Outer 36] Chạy Pairwise MaxSAT...
2026-04-04 11:20:18,193 -   [Outer] Pairwise không cải thiện cặp nào, quay lại inner.
2026-04-04 11:20:18,193 - === OUTER 37 | cost=701.00 (còn 1110s) ===
2026-04-04 11:20:18,193 -   [Inner 37.1] cost=701.00 no_imp=0/20 (còn 1110s)
2026-04-04 11:20:18,316 -   [Inner 37.2] cost=701.00 no_imp=1/20 (còn 1110s)
2026-04-04 11:20:18,439 -   [Inner 37.3] cost=701.00 no_imp=2/20 (còn 1110s)
2026-04-04 11:20:18,560 -   [Inner 37.4] cost=701.00 no_imp=3/20 (còn 1110s)
2026-04-04 11:20:18,683 -   [Inner 37.5] cost=701.00 no_imp=4/20 (còn 1110s)
2026-04-04 11:20:18,806 -   [Inner 37.6] cost=701.00 no_imp=5/20 (còn 1110s)
2026-04-04 11:20:18,930 -   [Inner 37.7] cost=701.00 no_imp=6/20 (còn 1110s)
2026-04-04 11:20:19,055 -   [Inner 37.8] cost=701.00 no_imp=7/20 (còn 1110s)
2026-04-04 11:20:19,179 -   [Inner 37.9] cost=701.00 no_imp=8/20 (còn 1110s)
2026-04-04 11:20:19,299 -   [Inner 37.10] cost=701.00 no_imp=9/20 (còn 1109s)
2026-04-04 11:20:19,422 -   [Inner 37.11] cost=701.00 no_imp=10/20 (còn 1109s)
2026-04-04 11:20:19,546 -   [Inner 37.12] cost=701.00 no_imp=11/20 (còn 1109s)
2026-04-04 11:20:19,668 -   [Inner 37.13] cost=701.00 no_imp=12/20 (còn 1109s)
2026-04-04 11:20:19,792 -   [Inner 37.14] cost=701.00 no_imp=13/20 (còn 1109s)
2026-04-04 11:20:19,914 -   [Inner 37.15] cost=701.00 no_imp=14/20 (còn 1109s)
2026-04-04 11:20:20,038 -   [Inner 37.16] cost=701.00 no_imp=15/20 (còn 1109s)
2026-04-04 11:20:20,162 -   [Inner 37.17] cost=701.00 no_imp=16/20 (còn 1109s)
2026-04-04 11:20:20,287 -   [Inner 37.18] cost=701.00 no_imp=17/20 (còn 1108s)
2026-04-04 11:20:20,410 -   [Inner 37.19] cost=701.00 no_imp=18/20 (còn 1108s)
2026-04-04 11:20:20,534 -   [Inner 37.20] cost=701.00 no_imp=19/20 (còn 1108s)
2026-04-04 11:20:20,658 -   [Outer 37] Chạy Pairwise MaxSAT...
2026-04-04 11:20:20,658 -   [Outer] Pairwise không cải thiện cặp nào, quay lại inner.
2026-04-04 11:20:20,658 - === OUTER 38 | cost=701.00 (còn 1108s) ===
2026-04-04 11:20:20,658 -   [Inner 38.1] cost=701.00 no_imp=0/20 (còn 1108s)
2026-04-04 11:20:20,781 -   [Inner 38.2] cost=701.00 no_imp=1/20 (còn 1108s)
2026-04-04 11:20:20,904 -   [Inner 38.3] cost=701.00 no_imp=2/20 (còn 1108s)
2026-04-04 11:20:21,031 -   [Inner 38.4] cost=701.00 no_imp=3/20 (còn 1108s)
2026-04-04 11:20:21,153 -   [Inner 38.5] cost=701.00 no_imp=4/20 (còn 1108s)
2026-04-04 11:20:21,276 -   [Inner 38.6] cost=701.00 no_imp=5/20 (còn 1107s)
2026-04-04 11:20:21,399 -   [Inner 38.7] cost=701.00 no_imp=6/20 (còn 1107s)
2026-04-04 11:20:21,522 -   [Inner 38.8] cost=701.00 no_imp=7/20 (còn 1107s)
2026-04-04 11:20:21,644 -   [Inner 38.9] cost=701.00 no_imp=8/20 (còn 1107s)
2026-04-04 11:20:21,766 -   [Inner 38.10] cost=701.00 no_imp=9/20 (còn 1107s)
2026-04-04 11:20:21,890 -   [Inner 38.11] cost=701.00 no_imp=10/20 (còn 1107s)
2026-04-04 11:20:22,012 -   [Inner 38.12] cost=701.00 no_imp=11/20 (còn 1107s)
2026-04-04 11:20:22,134 -   [Inner 38.13] cost=701.00 no_imp=12/20 (còn 1107s)
2026-04-04 11:20:22,258 -   [Inner 38.14] cost=701.00 no_imp=13/20 (còn 1106s)
2026-04-04 11:20:22,382 -   [Inner 38.15] cost=701.00 no_imp=14/20 (còn 1106s)
2026-04-04 11:20:22,505 -   [Inner 38.16] cost=701.00 no_imp=15/20 (còn 1106s)
2026-04-04 11:20:22,628 -   [Inner 38.17] cost=701.00 no_imp=16/20 (còn 1106s)
2026-04-04 11:20:22,750 -   [Inner 38.18] cost=701.00 no_imp=17/20 (còn 1106s)
2026-04-04 11:20:22,873 -   [Inner 38.19] cost=701.00 no_imp=18/20 (còn 1106s)
2026-04-04 11:20:22,997 -   [Inner 38.20] cost=701.00 no_imp=19/20 (còn 1106s)
2026-04-04 11:20:23,121 -   [Outer 38] Chạy Pairwise MaxSAT...
2026-04-04 11:20:23,122 -   [Outer] Pairwise không cải thiện cặp nào, quay lại inner.
2026-04-04 11:20:23,122 - === OUTER 39 | cost=701.00 (còn 1106s) ===
2026-04-04 11:20:23,122 -   [Inner 39.1] cost=701.00 no_imp=0/20 (còn 1106s)
2026-04-04 11:20:23,244 -   [Inner 39.2] cost=701.00 no_imp=1/20 (còn 1105s)
2026-04-04 11:20:23,365 -   [Inner 39.3] cost=701.00 no_imp=2/20 (còn 1105s)
2026-04-04 11:20:23,487 -   [Inner 39.4] cost=701.00 no_imp=3/20 (còn 1105s)
2026-04-04 11:20:23,609 -   [Inner 39.5] cost=701.00 no_imp=4/20 (còn 1105s)
2026-04-04 11:20:23,732 -   [Inner 39.6] cost=701.00 no_imp=5/20 (còn 1105s)
2026-04-04 11:20:23,854 -   [Inner 39.7] cost=701.00 no_imp=6/20 (còn 1105s)
2026-04-04 11:20:23,975 -   [Inner 39.8] cost=701.00 no_imp=7/20 (còn 1105s)
2026-04-04 11:20:24,097 -   [Inner 39.9] cost=701.00 no_imp=8/20 (còn 1105s)
2026-04-04 11:20:24,221 -   [Inner 39.10] cost=701.00 no_imp=9/20 (còn 1104s)
2026-04-04 11:20:24,344 -   [Inner 39.11] cost=701.00 no_imp=10/20 (còn 1104s)
2026-04-04 11:20:24,467 -   [Inner 39.12] cost=701.00 no_imp=11/20 (còn 1104s)
2026-04-04 11:20:24,591 -   [Inner 39.13] cost=701.00 no_imp=12/20 (còn 1104s)
2026-04-04 11:20:24,713 -   [Inner 39.14] cost=701.00 no_imp=13/20 (còn 1104s)
2026-04-04 11:20:24,836 -   [Inner 39.15] cost=701.00 no_imp=14/20 (còn 1104s)
2026-04-04 11:20:24,959 -   [Inner 39.16] cost=701.00 no_imp=15/20 (còn 1104s)
2026-04-04 11:20:25,085 -   [Inner 39.17] cost=701.00 no_imp=16/20 (còn 1104s)
2026-04-04 11:20:25,214 -   [Inner 39.18] cost=701.00 no_imp=17/20 (còn 1103s)
2026-04-04 11:20:25,335 -   [Inner 39.19] cost=701.00 no_imp=18/20 (còn 1103s)
2026-04-04 11:20:25,461 -   [Inner 39.20] cost=701.00 no_imp=19/20 (còn 1103s)
2026-04-04 11:20:25,584 -   [Outer 39] Chạy Pairwise MaxSAT...
2026-04-04 11:20:25,584 -   [Outer] Pairwise không cải thiện cặp nào, quay lại inner.
2026-04-04 11:20:25,584 - === OUTER 40 | cost=701.00 (còn 1103s) ===
2026-04-04 11:20:25,584 -   [Inner 40.1] cost=701.00 no_imp=0/20 (còn 1103s)
2026-04-04 11:20:25,707 -   [Inner 40.2] cost=701.00 no_imp=1/20 (còn 1103s)
2026-04-04 11:20:25,831 -   [Inner 40.3] cost=701.00 no_imp=2/20 (còn 1103s)
2026-04-04 11:20:25,954 -   [Inner 40.4] cost=701.00 no_imp=3/20 (còn 1103s)
2026-04-04 11:20:26,076 -   [Inner 40.5] cost=701.00 no_imp=4/20 (còn 1103s)
2026-04-04 11:20:26,197 -   [Inner 40.6] cost=701.00 no_imp=5/20 (còn 1102s)
2026-04-04 11:20:26,320 -   [Inner 40.7] cost=701.00 no_imp=6/20 (còn 1102s)
2026-04-04 11:20:26,444 -   [Inner 40.8] cost=701.00 no_imp=7/20 (còn 1102s)
2026-04-04 11:20:26,567 -   [Inner 40.9] cost=701.00 no_imp=8/20 (còn 1102s)
2026-04-04 11:20:26,690 -   [Inner 40.10] cost=701.00 no_imp=9/20 (còn 1102s)
2026-04-04 11:20:26,813 -   [Inner 40.11] cost=701.00 no_imp=10/20 (còn 1102s)
2026-04-04 11:20:26,934 -   [Inner 40.12] cost=701.00 no_imp=11/20 (còn 1102s)
2026-04-04 11:20:27,060 -   [Inner 40.13] cost=701.00 no_imp=12/20 (còn 1102s)
2026-04-04 11:20:27,182 -   [Inner 40.14] cost=701.00 no_imp=13/20 (còn 1102s)
2026-04-04 11:20:27,308 -   [Inner 40.15] cost=701.00 no_imp=14/20 (còn 1101s)
2026-04-04 11:20:27,430 -   [Inner 40.16] cost=701.00 no_imp=15/20 (còn 1101s)
2026-04-04 11:20:27,553 -   [Inner 40.17] cost=701.00 no_imp=16/20 (còn 1101s)
2026-04-04 11:20:27,676 -   [Inner 40.18] cost=701.00 no_imp=17/20 (còn 1101s)
2026-04-04 11:20:27,797 -   [Inner 40.19] cost=701.00 no_imp=18/20 (còn 1101s)
2026-04-04 11:20:27,920 -   [Inner 40.20] cost=701.00 no_imp=19/20 (còn 1101s)
2026-04-04 11:20:28,043 -   [Outer 40] Chạy Pairwise MaxSAT...
2026-04-04 11:20:28,043 -   [Outer] Pairwise không cải thiện cặp nào, quay lại inner.
2026-04-04 11:20:28,043 - === OUTER 41 | cost=701.00 (còn 1101s) ===
2026-04-04 11:20:28,043 -   [Inner 41.1] cost=701.00 no_imp=0/20 (còn 1101s)
2026-04-04 11:20:28,164 -   [Inner 41.2] cost=701.00 no_imp=1/20 (còn 1101s)
2026-04-04 11:20:28,290 -   [Inner 41.3] cost=701.00 no_imp=2/20 (còn 1100s)
2026-04-04 11:20:28,412 -   [Inner 41.4] cost=701.00 no_imp=3/20 (còn 1100s)
2026-04-04 11:20:28,536 -   [Inner 41.5] cost=701.00 no_imp=4/20 (còn 1100s)
2026-04-04 11:20:28,659 -   [Inner 41.6] cost=701.00 no_imp=5/20 (còn 1100s)
2026-04-04 11:20:28,781 -   [Inner 41.7] cost=701.00 no_imp=6/20 (còn 1100s)
2026-04-04 11:20:28,902 -   [Inner 41.8] cost=701.00 no_imp=7/20 (còn 1100s)
2026-04-04 11:20:29,024 -   [Inner 41.9] cost=701.00 no_imp=8/20 (còn 1100s)
2026-04-04 11:20:29,149 -   [Inner 41.10] cost=701.00 no_imp=9/20 (còn 1100s)
2026-04-04 11:20:29,272 -   [Inner 41.11] cost=701.00 no_imp=10/20 (còn 1099s)
2026-04-04 11:20:29,395 -   [Inner 41.12] cost=701.00 no_imp=11/20 (còn 1099s)
2026-04-04 11:20:29,518 -   [Inner 41.13] cost=701.00 no_imp=12/20 (còn 1099s)
2026-04-04 11:20:29,640 -   [Inner 41.14] cost=701.00 no_imp=13/20 (còn 1099s)
2026-04-04 11:20:29,763 -   [Inner 41.15] cost=701.00 no_imp=14/20 (còn 1099s)
2026-04-04 11:20:29,886 -   [Inner 41.16] cost=701.00 no_imp=15/20 (còn 1099s)
2026-04-04 11:20:30,009 -   [Inner 41.17] cost=701.00 no_imp=16/20 (còn 1099s)
2026-04-04 11:20:30,131 -   [Inner 41.18] cost=701.00 no_imp=17/20 (còn 1099s)
2026-04-04 11:20:30,254 -   [Inner 41.19] cost=701.00 no_imp=18/20 (còn 1098s)
2026-04-04 11:20:30,379 -   [Inner 41.20] cost=701.00 no_imp=19/20 (còn 1098s)
2026-04-04 11:20:30,502 -   [Outer 41] Chạy Pairwise MaxSAT...
2026-04-04 11:20:30,502 -   [Outer] Pairwise không cải thiện cặp nào, quay lại inner.
2026-04-04 11:20:30,502 - === OUTER 42 | cost=701.00 (còn 1098s) ===
2026-04-04 11:20:30,502 -   [Inner 42.1] cost=701.00 no_imp=0/20 (còn 1098s)
2026-04-04 11:20:30,625 -   [Inner 42.2] cost=701.00 no_imp=1/20 (còn 1098s)
2026-04-04 11:20:30,748 -   [Inner 42.3] cost=701.00 no_imp=2/20 (còn 1098s)
2026-04-04 11:20:30,873 -   [Inner 42.4] cost=701.00 no_imp=3/20 (còn 1098s)
2026-04-04 11:20:30,996 -   [Inner 42.5] cost=701.00 no_imp=4/20 (còn 1098s)
2026-04-04 11:20:31,119 -   [Inner 42.6] cost=701.00 no_imp=5/20 (còn 1098s)
2026-04-04 11:20:31,241 -   [Inner 42.7] cost=701.00 no_imp=6/20 (còn 1097s)
2026-04-04 11:20:31,364 -   [Inner 42.8] cost=701.00 no_imp=7/20 (còn 1097s)
2026-04-04 11:20:31,487 -   [Inner 42.9] cost=701.00 no_imp=8/20 (còn 1097s)
2026-04-04 11:20:31,609 -   [Inner 42.10] cost=701.00 no_imp=9/20 (còn 1097s)
2026-04-04 11:20:31,731 -   [Inner 42.11] cost=701.00 no_imp=10/20 (còn 1097s)
2026-04-04 11:20:31,852 -   [Inner 42.12] cost=701.00 no_imp=11/20 (còn 1097s)
2026-04-04 11:20:31,975 -   [Inner 42.13] cost=701.00 no_imp=12/20 (còn 1097s)
2026-04-04 11:20:32,100 -   [Inner 42.14] cost=701.00 no_imp=13/20 (còn 1097s)
2026-04-04 11:20:32,223 -   [Inner 42.15] cost=701.00 no_imp=14/20 (còn 1096s)
2026-04-04 11:20:32,346 -   [Inner 42.16] cost=701.00 no_imp=15/20 (còn 1096s)
2026-04-04 11:20:32,468 -   [Inner 42.17] cost=701.00 no_imp=16/20 (còn 1096s)
2026-04-04 11:20:32,591 -   [Inner 42.18] cost=701.00 no_imp=17/20 (còn 1096s)
2026-04-04 11:20:32,715 -   [Inner 42.19] cost=701.00 no_imp=18/20 (còn 1096s)
2026-04-04 11:20:32,837 -   [Inner 42.20] cost=701.00 no_imp=19/20 (còn 1096s)
2026-04-04 11:20:32,959 -   [Outer 42] Chạy Pairwise MaxSAT...
2026-04-04 11:20:32,960 -   [Outer] Pairwise không cải thiện cặp nào, quay lại inner.
2026-04-04 11:20:32,960 - === OUTER 43 | cost=701.00 (còn 1096s) ===
2026-04-04 11:20:32,960 -   [Inner 43.1] cost=701.00 no_imp=0/20 (còn 1096s)
2026-04-04 11:20:33,081 -   [Inner 43.2] cost=701.00 no_imp=1/20 (còn 1096s)
2026-04-04 11:20:33,205 -   [Inner 43.3] cost=701.00 no_imp=2/20 (còn 1095s)
2026-04-04 11:20:33,361 -   [Inner 43.4] cost=701.00 no_imp=3/20 (còn 1095s)
2026-04-04 11:20:33,486 -   [Inner 43.5] cost=701.00 no_imp=4/20 (còn 1095s)
2026-04-04 11:20:33,610 -   [Inner 43.6] cost=701.00 no_imp=5/20 (còn 1095s)
2026-04-04 11:20:33,731 -   [Inner 43.7] cost=701.00 no_imp=6/20 (còn 1095s)
2026-04-04 11:20:33,853 -   [Inner 43.8] cost=701.00 no_imp=7/20 (còn 1095s)
2026-04-04 11:20:33,976 -   [Inner 43.9] cost=701.00 no_imp=8/20 (còn 1095s)
2026-04-04 11:20:34,098 -   [Inner 43.10] cost=701.00 no_imp=9/20 (còn 1095s)
2026-04-04 11:20:34,223 -   [Inner 43.11] cost=701.00 no_imp=10/20 (còn 1094s)
2026-04-04 11:20:34,346 -   [Inner 43.12] cost=701.00 no_imp=11/20 (còn 1094s)
2026-04-04 11:20:34,469 -   [Inner 43.13] cost=701.00 no_imp=12/20 (còn 1094s)
2026-04-04 11:20:34,591 -   [Inner 43.14] cost=701.00 no_imp=13/20 (còn 1094s)
2026-04-04 11:20:34,715 -   [Inner 43.15] cost=701.00 no_imp=14/20 (còn 1094s)
2026-04-04 11:20:34,840 -   [Inner 43.16] cost=701.00 no_imp=15/20 (còn 1094s)
2026-04-04 11:20:34,963 -   [Inner 43.17] cost=701.00 no_imp=16/20 (còn 1094s)
2026-04-04 11:20:35,090 -   [Inner 43.18] cost=701.00 no_imp=17/20 (còn 1094s)
2026-04-04 11:20:35,220 -   [Inner 43.19] cost=701.00 no_imp=18/20 (còn 1093s)
2026-04-04 11:20:35,346 -   [Inner 43.20] cost=701.00 no_imp=19/20 (còn 1093s)
2026-04-04 11:20:35,473 -   [Outer 43] Chạy Pairwise MaxSAT...
2026-04-04 11:20:35,473 -   [Outer] Pairwise không cải thiện cặp nào, quay lại inner.
2026-04-04 11:20:35,474 - === OUTER 44 | cost=701.00 (còn 1093s) ===
2026-04-04 11:20:35,474 -   [Inner 44.1] cost=701.00 no_imp=0/20 (còn 1093s)
2026-04-04 11:20:35,601 -   [Inner 44.2] cost=701.00 no_imp=1/20 (còn 1093s)
2026-04-04 11:20:35,727 -   [Inner 44.3] cost=701.00 no_imp=2/20 (còn 1093s)
2026-04-04 11:20:35,853 -   [Inner 44.4] cost=701.00 no_imp=3/20 (còn 1093s)
2026-04-04 11:20:35,978 -   [Inner 44.5] cost=701.00 no_imp=4/20 (còn 1093s)
2026-04-04 11:20:36,099 -   [Inner 44.6] cost=701.00 no_imp=5/20 (còn 1093s)
2026-04-04 11:20:36,222 -   [Inner 44.7] cost=701.00 no_imp=6/20 (còn 1092s)
2026-04-04 11:20:36,345 -   [Inner 44.8] cost=701.00 no_imp=7/20 (còn 1092s)
2026-04-04 11:20:36,468 -   [Inner 44.9] cost=701.00 no_imp=8/20 (còn 1092s)
2026-04-04 11:20:36,590 -   [Inner 44.10] cost=701.00 no_imp=9/20 (còn 1092s)
2026-04-04 11:20:36,714 -   [Inner 44.11] cost=701.00 no_imp=10/20 (còn 1092s)
2026-04-04 11:20:36,839 -   [Inner 44.12] cost=701.00 no_imp=11/20 (còn 1092s)
2026-04-04 11:20:36,963 -   [Inner 44.13] cost=701.00 no_imp=12/20 (còn 1092s)
2026-04-04 11:20:37,089 -   [Inner 44.14] cost=701.00 no_imp=13/20 (còn 1092s)
2026-04-04 11:20:37,216 -   [Inner 44.15] cost=701.00 no_imp=14/20 (còn 1091s)
2026-04-04 11:20:37,341 -   [Inner 44.16] cost=701.00 no_imp=15/20 (còn 1091s)
2026-04-04 11:20:37,466 -   [Inner 44.17] cost=701.00 no_imp=16/20 (còn 1091s)
2026-04-04 11:20:37,592 -   [Inner 44.18] cost=701.00 no_imp=17/20 (còn 1091s)
2026-04-04 11:20:37,718 -   [Inner 44.19] cost=701.00 no_imp=18/20 (còn 1091s)
2026-04-04 11:20:37,849 -   [Inner 44.20] cost=701.00 no_imp=19/20 (còn 1091s)
2026-04-04 11:20:37,974 -   [Outer 44] Chạy Pairwise MaxSAT...
2026-04-04 11:20:37,975 -   [Outer] Pairwise không cải thiện cặp nào, quay lại inner.
2026-04-04 11:20:37,975 - === OUTER 45 | cost=701.00 (còn 1091s) ===
2026-04-04 11:20:37,975 -   [Inner 45.1] cost=701.00 no_imp=0/20 (còn 1091s)
2026-04-04 11:20:38,098 -   [Inner 45.2] cost=701.00 no_imp=1/20 (còn 1091s)
2026-04-04 11:20:38,222 -   [Inner 45.3] cost=701.00 no_imp=2/20 (còn 1090s)
2026-04-04 11:20:38,345 -   [Inner 45.4] cost=701.00 no_imp=3/20 (còn 1090s)
2026-04-04 11:20:38,468 -   [Inner 45.5] cost=701.00 no_imp=4/20 (còn 1090s)
2026-04-04 11:20:38,589 -   [Inner 45.6] cost=701.00 no_imp=5/20 (còn 1090s)
2026-04-04 11:20:38,712 -   [Inner 45.7] cost=701.00 no_imp=6/20 (còn 1090s)
2026-04-04 11:20:38,835 -   [Inner 45.8] cost=701.00 no_imp=7/20 (còn 1090s)
2026-04-04 11:20:38,959 -   [Inner 45.9] cost=701.00 no_imp=8/20 (còn 1090s)
2026-04-04 11:20:39,082 -   [Inner 45.10] cost=701.00 no_imp=9/20 (còn 1090s)
2026-04-04 11:20:39,206 -   [Inner 45.11] cost=701.00 no_imp=10/20 (còn 1089s)
2026-04-04 11:20:39,331 -   [Inner 45.12] cost=701.00 no_imp=11/20 (còn 1089s)
2026-04-04 11:20:39,454 -   [Inner 45.13] cost=701.00 no_imp=12/20 (còn 1089s)
2026-04-04 11:20:39,576 -   [Inner 45.14] cost=701.00 no_imp=13/20 (còn 1089s)
2026-04-04 11:20:39,698 -   [Inner 45.15] cost=701.00 no_imp=14/20 (còn 1089s)
2026-04-04 11:20:39,830 -   [Inner 45.16] cost=701.00 no_imp=15/20 (còn 1089s)
2026-04-04 11:20:39,958 -   [Inner 45.17] cost=701.00 no_imp=16/20 (còn 1089s)
2026-04-04 11:20:40,080 -   [Inner 45.18] cost=701.00 no_imp=17/20 (còn 1089s)
2026-04-04 11:20:40,204 -   [Inner 45.19] cost=701.00 no_imp=18/20 (còn 1088s)
2026-04-04 11:20:40,325 -   [Inner 45.20] cost=701.00 no_imp=19/20 (còn 1088s)
2026-04-04 11:20:40,447 -   [Outer 45] Chạy Pairwise MaxSAT...
2026-04-04 11:20:40,447 -   [Outer] Pairwise không cải thiện cặp nào, quay lại inner.
2026-04-04 11:20:40,447 - === OUTER 46 | cost=701.00 (còn 1088s) ===
2026-04-04 11:20:40,447 -   [Inner 46.1] cost=701.00 no_imp=0/20 (còn 1088s)
2026-04-04 11:20:40,569 -   [Inner 46.2] cost=701.00 no_imp=1/20 (còn 1088s)
2026-04-04 11:20:40,693 -   [Inner 46.3] cost=701.00 no_imp=2/20 (còn 1088s)
2026-04-04 11:20:40,815 -   [Inner 46.4] cost=701.00 no_imp=3/20 (còn 1088s)
2026-04-04 11:20:40,937 -   [Inner 46.5] cost=701.00 no_imp=4/20 (còn 1088s)
2026-04-04 11:20:41,060 -   [Inner 46.6] cost=701.00 no_imp=5/20 (còn 1088s)
2026-04-04 11:20:41,183 -   [Inner 46.7] cost=701.00 no_imp=6/20 (còn 1088s)
2026-04-04 11:20:41,307 -   [Inner 46.8] cost=701.00 no_imp=7/20 (còn 1087s)
2026-04-04 11:20:41,430 -   [Inner 46.9] cost=701.00 no_imp=8/20 (còn 1087s)
2026-04-04 11:20:41,553 -   [Inner 46.10] cost=701.00 no_imp=9/20 (còn 1087s)
2026-04-04 11:20:41,676 -   [Inner 46.11] cost=701.00 no_imp=10/20 (còn 1087s)
2026-04-04 11:20:41,799 -   [Inner 46.12] cost=701.00 no_imp=11/20 (còn 1087s)
2026-04-04 11:20:41,923 -   [Inner 46.13] cost=701.00 no_imp=12/20 (còn 1087s)
2026-04-04 11:20:42,047 -   [Inner 46.14] cost=701.00 no_imp=13/20 (còn 1087s)
2026-04-04 11:20:42,170 -   [Inner 46.15] cost=701.00 no_imp=14/20 (còn 1087s)
2026-04-04 11:20:42,293 -   [Inner 46.16] cost=701.00 no_imp=15/20 (còn 1086s)
2026-04-04 11:20:42,415 -   [Inner 46.17] cost=701.00 no_imp=16/20 (còn 1086s)
2026-04-04 11:20:42,536 -   [Inner 46.18] cost=701.00 no_imp=17/20 (còn 1086s)
2026-04-04 11:20:42,659 -   [Inner 46.19] cost=701.00 no_imp=18/20 (còn 1086s)
2026-04-04 11:20:42,782 -   [Inner 46.20] cost=701.00 no_imp=19/20 (còn 1086s)
2026-04-04 11:20:42,905 -   [Outer 46] Chạy Pairwise MaxSAT...
2026-04-04 11:20:42,905 -   [Outer] Pairwise không cải thiện cặp nào, quay lại inner.
2026-04-04 11:20:42,905 - === OUTER 47 | cost=701.00 (còn 1086s) ===
2026-04-04 11:20:42,905 -   [Inner 47.1] cost=701.00 no_imp=0/20 (còn 1086s)
2026-04-04 11:20:43,028 -   [Inner 47.2] cost=701.00 no_imp=1/20 (còn 1086s)
2026-04-04 11:20:43,151 -   [Inner 47.3] cost=701.00 no_imp=2/20 (còn 1086s)
2026-04-04 11:20:43,275 -   [Inner 47.4] cost=701.00 no_imp=3/20 (còn 1085s)
2026-04-04 11:20:43,398 -   [Inner 47.5] cost=701.00 no_imp=4/20 (còn 1085s)
2026-04-04 11:20:43,521 -   [Inner 47.6] cost=701.00 no_imp=5/20 (còn 1085s)
2026-04-04 11:20:43,644 -   [Inner 47.7] cost=701.00 no_imp=6/20 (còn 1085s)
2026-04-04 11:20:43,767 -   [Inner 47.8] cost=701.00 no_imp=7/20 (còn 1085s)
2026-04-04 11:20:43,891 -   [Inner 47.9] cost=701.00 no_imp=8/20 (còn 1085s)
2026-04-04 11:20:44,019 -   [Inner 47.10] cost=701.00 no_imp=9/20 (còn 1085s)
2026-04-04 11:20:44,144 -   [Inner 47.11] cost=701.00 no_imp=10/20 (còn 1085s)
2026-04-04 11:20:44,265 -   [Inner 47.12] cost=701.00 no_imp=11/20 (còn 1084s)
2026-04-04 11:20:44,387 -   [Inner 47.13] cost=701.00 no_imp=12/20 (còn 1084s)
2026-04-04 11:20:44,508 -   [Inner 47.14] cost=701.00 no_imp=13/20 (còn 1084s)
2026-04-04 11:20:44,631 -   [Inner 47.15] cost=701.00 no_imp=14/20 (còn 1084s)
2026-04-04 11:20:44,756 -   [Inner 47.16] cost=701.00 no_imp=15/20 (còn 1084s)
2026-04-04 11:20:44,879 -   [Inner 47.17] cost=701.00 no_imp=16/20 (còn 1084s)
2026-04-04 11:20:45,003 -   [Inner 47.18] cost=701.00 no_imp=17/20 (còn 1084s)
2026-04-04 11:20:45,126 -   [Inner 47.19] cost=701.00 no_imp=18/20 (còn 1084s)
2026-04-04 11:20:45,248 -   [Inner 47.20] cost=701.00 no_imp=19/20 (còn 1083s)
2026-04-04 11:20:45,375 -   [Outer 47] Chạy Pairwise MaxSAT...
2026-04-04 11:20:45,375 -   [Outer] Pairwise không cải thiện cặp nào, quay lại inner.
2026-04-04 11:20:45,375 - === OUTER 48 | cost=701.00 (còn 1083s) ===
2026-04-04 11:20:45,375 -   [Inner 48.1] cost=701.00 no_imp=0/20 (còn 1083s)
2026-04-04 11:20:45,497 -   [Inner 48.2] cost=701.00 no_imp=1/20 (còn 1083s)
2026-04-04 11:20:45,620 -   [Inner 48.3] cost=701.00 no_imp=2/20 (còn 1083s)
2026-04-04 11:20:45,742 -   [Inner 48.4] cost=701.00 no_imp=3/20 (còn 1083s)
2026-04-04 11:20:45,865 -   [Inner 48.5] cost=701.00 no_imp=4/20 (còn 1083s)
2026-04-04 11:20:45,988 -   [Inner 48.6] cost=701.00 no_imp=5/20 (còn 1083s)
2026-04-04 11:20:46,111 -   [Inner 48.7] cost=701.00 no_imp=6/20 (còn 1083s)
2026-04-04 11:20:46,232 -   [Inner 48.8] cost=701.00 no_imp=7/20 (còn 1082s)
2026-04-04 11:20:46,354 -   [Inner 48.9] cost=701.00 no_imp=8/20 (còn 1082s)
2026-04-04 11:20:46,478 -   [Inner 48.10] cost=701.00 no_imp=9/20 (còn 1082s)
2026-04-04 11:20:46,601 -   [Inner 48.11] cost=701.00 no_imp=10/20 (còn 1082s)
2026-04-04 11:20:46,722 -   [Inner 48.12] cost=701.00 no_imp=11/20 (còn 1082s)
2026-04-04 11:20:46,845 -   [Inner 48.13] cost=701.00 no_imp=12/20 (còn 1082s)
2026-04-04 11:20:46,969 -   [Inner 48.14] cost=701.00 no_imp=13/20 (còn 1082s)
2026-04-04 11:20:47,094 -   [Inner 48.15] cost=701.00 no_imp=14/20 (còn 1082s)
2026-04-04 11:20:47,216 -   [Inner 48.16] cost=701.00 no_imp=15/20 (còn 1081s)
2026-04-04 11:20:47,341 -   [Inner 48.17] cost=701.00 no_imp=16/20 (còn 1081s)
2026-04-04 11:20:47,462 -   [Inner 48.18] cost=701.00 no_imp=17/20 (còn 1081s)
2026-04-04 11:20:47,584 -   [Inner 48.19] cost=701.00 no_imp=18/20 (còn 1081s)
2026-04-04 11:20:47,709 -   [Inner 48.20] cost=701.00 no_imp=19/20 (còn 1081s)
2026-04-04 11:20:47,831 -   [Outer 48] Chạy Pairwise MaxSAT...
2026-04-04 11:20:47,831 -   [Outer] Pairwise không cải thiện cặp nào, quay lại inner.
2026-04-04 11:20:47,832 - === OUTER 49 | cost=701.00 (còn 1081s) ===
2026-04-04 11:20:47,832 -   [Inner 49.1] cost=701.00 no_imp=0/20 (còn 1081s)
2026-04-04 11:20:47,955 -   [Inner 49.2] cost=701.00 no_imp=1/20 (còn 1081s)
2026-04-04 11:20:48,076 -   [Inner 49.3] cost=701.00 no_imp=2/20 (còn 1081s)
2026-04-04 11:20:48,201 -   [Inner 49.4] cost=701.00 no_imp=3/20 (còn 1080s)
2026-04-04 11:20:48,324 -   [Inner 49.5] cost=701.00 no_imp=4/20 (còn 1080s)
2026-04-04 11:20:48,446 -   [Inner 49.6] cost=701.00 no_imp=5/20 (còn 1080s)
2026-04-04 11:20:48,568 -   [Inner 49.7] cost=701.00 no_imp=6/20 (còn 1080s)
2026-04-04 11:20:48,691 -   [Inner 49.8] cost=701.00 no_imp=7/20 (còn 1080s)
2026-04-04 11:20:48,813 -   [Inner 49.9] cost=701.00 no_imp=8/20 (còn 1080s)
2026-04-04 11:20:48,937 -   [Inner 49.10] cost=701.00 no_imp=9/20 (còn 1080s)
2026-04-04 11:20:49,059 -   [Inner 49.11] cost=701.00 no_imp=10/20 (còn 1080s)
2026-04-04 11:20:49,182 -   [Inner 49.12] cost=701.00 no_imp=11/20 (còn 1080s)
2026-04-04 11:20:49,304 -   [Inner 49.13] cost=701.00 no_imp=12/20 (còn 1079s)
2026-04-04 11:20:49,429 -   [Inner 49.14] cost=701.00 no_imp=13/20 (còn 1079s)
2026-04-04 11:20:49,553 -   [Inner 49.15] cost=701.00 no_imp=14/20 (còn 1079s)
2026-04-04 11:20:49,675 -   [Inner 49.16] cost=701.00 no_imp=15/20 (còn 1079s)
2026-04-04 11:20:49,797 -   [Inner 49.17] cost=701.00 no_imp=16/20 (còn 1079s)
2026-04-04 11:20:49,922 -   [Inner 49.18] cost=701.00 no_imp=17/20 (còn 1079s)
2026-04-04 11:20:50,049 -   [Inner 49.19] cost=701.00 no_imp=18/20 (còn 1079s)
2026-04-04 11:20:50,171 -   [Inner 49.20] cost=701.00 no_imp=19/20 (còn 1079s)
2026-04-04 11:20:50,296 -   [Outer 49] Chạy Pairwise MaxSAT...
2026-04-04 11:20:50,296 -   [Outer] Pairwise không cải thiện cặp nào, quay lại inner.
2026-04-04 11:20:50,297 - === OUTER 50 | cost=701.00 (còn 1078s) ===
2026-04-04 11:20:50,297 -   [Inner 50.1] cost=701.00 no_imp=0/20 (còn 1078s)
2026-04-04 11:20:50,419 -   [Inner 50.2] cost=701.00 no_imp=1/20 (còn 1078s)
2026-04-04 11:20:50,542 -   [Inner 50.3] cost=701.00 no_imp=2/20 (còn 1078s)
2026-04-04 11:20:50,665 -   [Inner 50.4] cost=701.00 no_imp=3/20 (còn 1078s)
2026-04-04 11:20:50,787 -   [Inner 50.5] cost=701.00 no_imp=4/20 (còn 1078s)
2026-04-04 11:20:50,909 -   [Inner 50.6] cost=701.00 no_imp=5/20 (còn 1078s)
2026-04-04 11:20:51,031 -   [Inner 50.7] cost=701.00 no_imp=6/20 (còn 1078s)
2026-04-04 11:20:51,153 -   [Inner 50.8] cost=701.00 no_imp=7/20 (còn 1078s)
2026-04-04 11:20:51,277 -   [Inner 50.9] cost=701.00 no_imp=8/20 (còn 1077s)
2026-04-04 11:20:51,401 -   [Inner 50.10] cost=701.00 no_imp=9/20 (còn 1077s)
2026-04-04 11:20:51,522 -   [Inner 50.11] cost=701.00 no_imp=10/20 (còn 1077s)
2026-04-04 11:20:51,645 -   [Inner 50.12] cost=701.00 no_imp=11/20 (còn 1077s)
2026-04-04 11:20:51,766 -   [Inner 50.13] cost=701.00 no_imp=12/20 (còn 1077s)
2026-04-04 11:20:51,890 -   [Inner 50.14] cost=701.00 no_imp=13/20 (còn 1077s)
2026-04-04 11:20:52,014 -   [Inner 50.15] cost=701.00 no_imp=14/20 (còn 1077s)
2026-04-04 11:20:52,136 -   [Inner 50.16] cost=701.00 no_imp=15/20 (còn 1077s)
2026-04-04 11:20:52,259 -   [Inner 50.17] cost=701.00 no_imp=16/20 (còn 1076s)
2026-04-04 11:20:52,381 -   [Inner 50.18] cost=701.00 no_imp=17/20 (còn 1076s)
2026-04-04 11:20:52,503 -   [Inner 50.19] cost=701.00 no_imp=18/20 (còn 1076s)
2026-04-04 11:20:52,626 -   [Inner 50.20] cost=701.00 no_imp=19/20 (còn 1076s)
2026-04-04 11:20:52,749 -   [Outer 50] Chạy Pairwise MaxSAT...
2026-04-04 11:20:52,750 -   [Outer] Pairwise không cải thiện cặp nào, quay lại inner.
2026-04-04 11:20:52,750 - === OUTER 51 | cost=701.00 (còn 1076s) ===
2026-04-04 11:20:52,750 -   [Inner 51.1] cost=701.00 no_imp=0/20 (còn 1076s)
2026-04-04 11:20:52,871 -   [Inner 51.2] cost=701.00 no_imp=1/20 (còn 1076s)
2026-04-04 11:20:52,993 -   [Inner 51.3] cost=701.00 no_imp=2/20 (còn 1076s)
2026-04-04 11:20:53,115 -   [Inner 51.4] cost=701.00 no_imp=3/20 (còn 1076s)
2026-04-04 11:20:53,237 -   [Inner 51.5] cost=701.00 no_imp=4/20 (còn 1075s)
2026-04-04 11:20:53,359 -   [Inner 51.6] cost=701.00 no_imp=5/20 (còn 1075s)
2026-04-04 11:20:53,486 -   [Inner 51.7] cost=701.00 no_imp=6/20 (còn 1075s)
2026-04-04 11:20:53,607 -   [Inner 51.8] cost=701.00 no_imp=7/20 (còn 1075s)
2026-04-04 11:20:53,731 -   [Inner 51.9] cost=701.00 no_imp=8/20 (còn 1075s)
2026-04-04 11:20:53,853 -   [Inner 51.10] cost=701.00 no_imp=9/20 (còn 1075s)
2026-04-04 11:20:53,975 -   [Inner 51.11] cost=701.00 no_imp=10/20 (còn 1075s)
2026-04-04 11:20:54,100 -   [Inner 51.12] cost=701.00 no_imp=11/20 (còn 1075s)
2026-04-04 11:20:54,222 -   [Inner 51.13] cost=701.00 no_imp=12/20 (còn 1074s)
2026-04-04 11:20:54,346 -   [Inner 51.14] cost=701.00 no_imp=13/20 (còn 1074s)
2026-04-04 11:20:54,469 -   [Inner 51.15] cost=701.00 no_imp=14/20 (còn 1074s)
2026-04-04 11:20:54,591 -   [Inner 51.16] cost=701.00 no_imp=15/20 (còn 1074s)
2026-04-04 11:20:54,712 -   [Inner 51.17] cost=701.00 no_imp=16/20 (còn 1074s)
2026-04-04 11:20:54,836 -   [Inner 51.18] cost=701.00 no_imp=17/20 (còn 1074s)
2026-04-04 11:20:54,959 -   [Inner 51.19] cost=701.00 no_imp=18/20 (còn 1074s)
2026-04-04 11:20:55,080 -   [Inner 51.20] cost=701.00 no_imp=19/20 (còn 1074s)
2026-04-04 11:20:55,202 -   [Outer 51] Chạy Pairwise MaxSAT...
2026-04-04 11:20:55,202 -   [Outer] Pairwise không cải thiện cặp nào, quay lại inner.
2026-04-04 11:20:55,203 - === OUTER 52 | cost=701.00 (còn 1073s) ===
2026-04-04 11:20:55,203 -   [Inner 52.1] cost=701.00 no_imp=0/20 (còn 1073s)
2026-04-04 11:20:55,325 -   [Inner 52.2] cost=701.00 no_imp=1/20 (còn 1073s)
2026-04-04 11:20:55,450 -   [Inner 52.3] cost=701.00 no_imp=2/20 (còn 1073s)
2026-04-04 11:20:55,573 -   [Inner 52.4] cost=701.00 no_imp=3/20 (còn 1073s)
2026-04-04 11:20:55,696 -   [Inner 52.5] cost=701.00 no_imp=4/20 (còn 1073s)
2026-04-04 11:20:55,820 -   [Inner 52.6] cost=701.00 no_imp=5/20 (còn 1073s)
2026-04-04 11:20:55,941 -   [Inner 52.7] cost=701.00 no_imp=6/20 (còn 1073s)
2026-04-04 11:20:56,063 -   [Inner 52.8] cost=701.00 no_imp=7/20 (còn 1073s)
2026-04-04 11:20:56,187 -   [Inner 52.9] cost=701.00 no_imp=8/20 (còn 1072s)
2026-04-04 11:20:56,311 -   [Inner 52.10] cost=701.00 no_imp=9/20 (còn 1072s)
2026-04-04 11:20:56,433 -   [Inner 52.11] cost=701.00 no_imp=10/20 (còn 1072s)
2026-04-04 11:20:56,555 -   [Inner 52.12] cost=701.00 no_imp=11/20 (còn 1072s)
2026-04-04 11:20:56,678 -   [Inner 52.13] cost=701.00 no_imp=12/20 (còn 1072s)
2026-04-04 11:20:56,804 -   [Inner 52.14] cost=701.00 no_imp=13/20 (còn 1072s)
2026-04-04 11:20:56,925 -   [Inner 52.15] cost=701.00 no_imp=14/20 (còn 1072s)
2026-04-04 11:20:57,049 -   [Inner 52.16] cost=701.00 no_imp=15/20 (còn 1072s)
2026-04-04 11:20:57,194 -   [Inner 52.17] cost=701.00 no_imp=16/20 (còn 1071s)
2026-04-04 11:20:57,317 -   [Inner 52.18] cost=701.00 no_imp=17/20 (còn 1071s)
2026-04-04 11:20:57,442 -   [Inner 52.19] cost=701.00 no_imp=18/20 (còn 1071s)
2026-04-04 11:20:57,567 -   [Inner 52.20] cost=701.00 no_imp=19/20 (còn 1071s)
2026-04-04 11:20:57,689 -   [Outer 52] Chạy Pairwise MaxSAT...
2026-04-04 11:20:57,689 -   [Outer] Pairwise không cải thiện cặp nào, quay lại inner.
2026-04-04 11:20:57,689 - === OUTER 53 | cost=701.00 (còn 1071s) ===
2026-04-04 11:20:57,689 -   [Inner 53.1] cost=701.00 no_imp=0/20 (còn 1071s)
2026-04-04 11:20:57,812 -   [Inner 53.2] cost=701.00 no_imp=1/20 (còn 1071s)
2026-04-04 11:20:57,937 -   [Inner 53.3] cost=701.00 no_imp=2/20 (còn 1071s)
2026-04-04 11:20:58,062 -   [Inner 53.4] cost=701.00 no_imp=3/20 (còn 1071s)
2026-04-04 11:20:58,183 -   [Inner 53.5] cost=701.00 no_imp=4/20 (còn 1071s)
2026-04-04 11:20:58,308 -   [Inner 53.6] cost=701.00 no_imp=5/20 (còn 1070s)
2026-04-04 11:20:58,431 -   [Inner 53.7] cost=701.00 no_imp=6/20 (còn 1070s)
2026-04-04 11:20:58,554 -   [Inner 53.8] cost=701.00 no_imp=7/20 (còn 1070s)
2026-04-04 11:20:58,675 -   [Inner 53.9] cost=701.00 no_imp=8/20 (còn 1070s)
2026-04-04 11:20:58,798 -   [Inner 53.10] cost=701.00 no_imp=9/20 (còn 1070s)
2026-04-04 11:20:58,921 -   [Inner 53.11] cost=701.00 no_imp=10/20 (còn 1070s)
2026-04-04 11:20:59,044 -   [Inner 53.12] cost=701.00 no_imp=11/20 (còn 1070s)
2026-04-04 11:20:59,167 -   [Inner 53.13] cost=701.00 no_imp=12/20 (còn 1070s)
2026-04-04 11:20:59,290 -   [Inner 53.14] cost=701.00 no_imp=13/20 (còn 1069s)
2026-04-04 11:20:59,413 -   [Inner 53.15] cost=701.00 no_imp=14/20 (còn 1069s)
2026-04-04 11:20:59,539 -   [Inner 53.16] cost=701.00 no_imp=15/20 (còn 1069s)
2026-04-04 11:20:59,660 -   [Inner 53.17] cost=701.00 no_imp=16/20 (còn 1069s)
2026-04-04 11:20:59,783 -   [Inner 53.18] cost=701.00 no_imp=17/20 (còn 1069s)
2026-04-04 11:20:59,910 -   [Inner 53.19] cost=701.00 no_imp=18/20 (còn 1069s)
2026-04-04 11:21:00,036 -   [Inner 53.20] cost=701.00 no_imp=19/20 (còn 1069s)
2026-04-04 11:21:00,158 -   [Outer 53] Chạy Pairwise MaxSAT...
2026-04-04 11:21:00,159 -   [Outer] Pairwise không cải thiện cặp nào, quay lại inner.
2026-04-04 11:21:00,159 - === OUTER 54 | cost=701.00 (còn 1069s) ===
2026-04-04 11:21:00,159 -   [Inner 54.1] cost=701.00 no_imp=0/20 (còn 1069s)
2026-04-04 11:21:00,283 -   [Inner 54.2] cost=701.00 no_imp=1/20 (còn 1068s)
2026-04-04 11:21:00,405 -   [Inner 54.3] cost=701.00 no_imp=2/20 (còn 1068s)
2026-04-04 11:21:00,528 -   [Inner 54.4] cost=701.00 no_imp=3/20 (còn 1068s)
2026-04-04 11:21:00,650 -   [Inner 54.5] cost=701.00 no_imp=4/20 (còn 1068s)
2026-04-04 11:21:00,773 -   [Inner 54.6] cost=701.00 no_imp=5/20 (còn 1068s)
2026-04-04 11:21:00,896 -   [Inner 54.7] cost=701.00 no_imp=6/20 (còn 1068s)
2026-04-04 11:21:01,020 -   [Inner 54.8] cost=701.00 no_imp=7/20 (còn 1068s)
2026-04-04 11:21:01,142 -   [Inner 54.9] cost=701.00 no_imp=8/20 (còn 1068s)
2026-04-04 11:21:01,266 -   [Inner 54.10] cost=701.00 no_imp=9/20 (còn 1067s)
2026-04-04 11:21:01,388 -   [Inner 54.11] cost=701.00 no_imp=10/20 (còn 1067s)
2026-04-04 11:21:01,512 -   [Inner 54.12] cost=701.00 no_imp=11/20 (còn 1067s)
2026-04-04 11:21:01,637 -   [Inner 54.13] cost=701.00 no_imp=12/20 (còn 1067s)
2026-04-04 11:21:01,760 -   [Inner 54.14] cost=701.00 no_imp=13/20 (còn 1067s)
2026-04-04 11:21:01,882 -   [Inner 54.15] cost=701.00 no_imp=14/20 (còn 1067s)
2026-04-04 11:21:02,004 -   [Inner 54.16] cost=701.00 no_imp=15/20 (còn 1067s)
2026-04-04 11:21:02,127 -   [Inner 54.17] cost=701.00 no_imp=16/20 (còn 1067s)
2026-04-04 11:21:02,250 -   [Inner 54.18] cost=701.00 no_imp=17/20 (còn 1066s)
2026-04-04 11:21:02,373 -   [Inner 54.19] cost=701.00 no_imp=18/20 (còn 1066s)
2026-04-04 11:21:02,495 -   [Inner 54.20] cost=701.00 no_imp=19/20 (còn 1066s)
2026-04-04 11:21:02,617 -   [Outer 54] Chạy Pairwise MaxSAT...
2026-04-04 11:21:02,618 -   [Outer] Pairwise không cải thiện cặp nào, quay lại inner.
2026-04-04 11:21:02,618 - === OUTER 55 | cost=701.00 (còn 1066s) ===
2026-04-04 11:21:02,618 -   [Inner 55.1] cost=701.00 no_imp=0/20 (còn 1066s)
2026-04-04 11:21:02,742 -   [Inner 55.2] cost=701.00 no_imp=1/20 (còn 1066s)
2026-04-04 11:21:02,864 -   [Inner 55.3] cost=701.00 no_imp=2/20 (còn 1066s)
2026-04-04 11:21:02,987 -   [Inner 55.4] cost=701.00 no_imp=3/20 (còn 1066s)
2026-04-04 11:21:03,109 -   [Inner 55.5] cost=701.00 no_imp=4/20 (còn 1066s)
2026-04-04 11:21:03,232 -   [Inner 55.6] cost=701.00 no_imp=5/20 (còn 1065s)
2026-04-04 11:21:03,355 -   [Inner 55.7] cost=701.00 no_imp=6/20 (còn 1065s)
2026-04-04 11:21:03,487 -   [Inner 55.8] cost=701.00 no_imp=7/20 (còn 1065s)
2026-04-04 11:21:03,614 -   [Inner 55.9] cost=701.00 no_imp=8/20 (còn 1065s)
2026-04-04 11:21:03,736 -   [Inner 55.10] cost=701.00 no_imp=9/20 (còn 1065s)
2026-04-04 11:21:03,859 -   [Inner 55.11] cost=701.00 no_imp=10/20 (còn 1065s)
2026-04-04 11:21:03,982 -   [Inner 55.12] cost=701.00 no_imp=11/20 (còn 1065s)
2026-04-04 11:21:04,104 -   [Inner 55.13] cost=701.00 no_imp=12/20 (còn 1065s)
2026-04-04 11:21:04,226 -   [Inner 55.14] cost=701.00 no_imp=13/20 (còn 1064s)
2026-04-04 11:21:04,349 -   [Inner 55.15] cost=701.00 no_imp=14/20 (còn 1064s)
2026-04-04 11:21:04,472 -   [Inner 55.16] cost=701.00 no_imp=15/20 (còn 1064s)
2026-04-04 11:21:04,595 -   [Inner 55.17] cost=701.00 no_imp=16/20 (còn 1064s)
2026-04-04 11:21:04,718 -   [Inner 55.18] cost=701.00 no_imp=17/20 (còn 1064s)
2026-04-04 11:21:04,842 -   [Inner 55.19] cost=701.00 no_imp=18/20 (còn 1064s)
2026-04-04 11:21:04,963 -   [Inner 55.20] cost=701.00 no_imp=19/20 (còn 1064s)
2026-04-04 11:21:05,089 -   [Outer 55] Chạy Pairwise MaxSAT...
2026-04-04 11:21:05,089 -   [Outer] Pairwise không cải thiện cặp nào, quay lại inner.
2026-04-04 11:21:05,089 - === OUTER 56 | cost=701.00 (còn 1064s) ===
2026-04-04 11:21:05,089 -   [Inner 56.1] cost=701.00 no_imp=0/20 (còn 1064s)
2026-04-04 11:21:05,211 -   [Inner 56.2] cost=701.00 no_imp=1/20 (còn 1063s)
2026-04-04 11:21:05,334 -   [Inner 56.3] cost=701.00 no_imp=2/20 (còn 1063s)
2026-04-04 11:21:05,457 -   [Inner 56.4] cost=701.00 no_imp=3/20 (còn 1063s)
2026-04-04 11:21:05,583 -   [Inner 56.5] cost=701.00 no_imp=4/20 (còn 1063s)
2026-04-04 11:21:05,706 -   [Inner 56.6] cost=701.00 no_imp=5/20 (còn 1063s)
2026-04-04 11:21:05,830 -   [Inner 56.7] cost=701.00 no_imp=6/20 (còn 1063s)
2026-04-04 11:21:05,954 -   [Inner 56.8] cost=701.00 no_imp=7/20 (còn 1063s)
2026-04-04 11:21:06,077 -   [Inner 56.9] cost=701.00 no_imp=8/20 (còn 1063s)
2026-04-04 11:21:06,200 -   [Inner 56.10] cost=701.00 no_imp=9/20 (còn 1062s)
2026-04-04 11:21:06,323 -   [Inner 56.11] cost=701.00 no_imp=10/20 (còn 1062s)
2026-04-04 11:21:06,445 -   [Inner 56.12] cost=701.00 no_imp=11/20 (còn 1062s)
2026-04-04 11:21:06,566 -   [Inner 56.13] cost=701.00 no_imp=12/20 (còn 1062s)
2026-04-04 11:21:06,691 -   [Inner 56.14] cost=701.00 no_imp=13/20 (còn 1062s)
2026-04-04 11:21:06,814 -   [Inner 56.15] cost=701.00 no_imp=14/20 (còn 1062s)
2026-04-04 11:21:06,937 -   [Inner 56.16] cost=701.00 no_imp=15/20 (còn 1062s)
2026-04-04 11:21:07,059 -   [Inner 56.17] cost=701.00 no_imp=16/20 (còn 1062s)
2026-04-04 11:21:07,181 -   [Inner 56.18] cost=701.00 no_imp=17/20 (còn 1062s)
2026-04-04 11:21:07,303 -   [Inner 56.19] cost=701.00 no_imp=18/20 (còn 1061s)
2026-04-04 11:21:07,424 -   [Inner 56.20] cost=701.00 no_imp=19/20 (còn 1061s)
2026-04-04 11:21:07,548 -   [Outer 56] Chạy Pairwise MaxSAT...
2026-04-04 11:21:07,548 -   [Outer] Pairwise không cải thiện cặp nào, quay lại inner.
2026-04-04 11:21:07,548 - === OUTER 57 | cost=701.00 (còn 1061s) ===
2026-04-04 11:21:07,548 -   [Inner 57.1] cost=701.00 no_imp=0/20 (còn 1061s)
2026-04-04 11:21:07,677 -   [Inner 57.2] cost=701.00 no_imp=1/20 (còn 1061s)
2026-04-04 11:21:07,799 -   [Inner 57.3] cost=701.00 no_imp=2/20 (còn 1061s)
2026-04-04 11:21:07,922 -   [Inner 57.4] cost=701.00 no_imp=3/20 (còn 1061s)
2026-04-04 11:21:08,045 -   [Inner 57.5] cost=701.00 no_imp=4/20 (còn 1061s)
2026-04-04 11:21:08,170 -   [Inner 57.6] cost=701.00 no_imp=5/20 (còn 1061s)
2026-04-04 11:21:08,296 -   [Inner 57.7] cost=701.00 no_imp=6/20 (còn 1060s)
2026-04-04 11:21:08,417 -   [Inner 57.8] cost=701.00 no_imp=7/20 (còn 1060s)
2026-04-04 11:21:08,539 -   [Inner 57.9] cost=701.00 no_imp=8/20 (còn 1060s)
2026-04-04 11:21:08,663 -   [Inner 57.10] cost=701.00 no_imp=9/20 (còn 1060s)
2026-04-04 11:21:08,786 -   [Inner 57.11] cost=701.00 no_imp=10/20 (còn 1060s)
2026-04-04 11:21:08,909 -   [Inner 57.12] cost=701.00 no_imp=11/20 (còn 1060s)
2026-04-04 11:21:09,032 -   [Inner 57.13] cost=701.00 no_imp=12/20 (còn 1060s)
2026-04-04 11:21:09,155 -   [Inner 57.14] cost=701.00 no_imp=13/20 (còn 1060s)
2026-04-04 11:21:09,276 -   [Inner 57.15] cost=701.00 no_imp=14/20 (còn 1059s)
2026-04-04 11:21:09,399 -   [Inner 57.16] cost=701.00 no_imp=15/20 (còn 1059s)
2026-04-04 11:21:09,521 -   [Inner 57.17] cost=701.00 no_imp=16/20 (còn 1059s)
2026-04-04 11:21:09,647 -   [Inner 57.18] cost=701.00 no_imp=17/20 (còn 1059s)
2026-04-04 11:21:09,769 -   [Inner 57.19] cost=701.00 no_imp=18/20 (còn 1059s)
2026-04-04 11:21:09,893 -   [Inner 57.20] cost=701.00 no_imp=19/20 (còn 1059s)
2026-04-04 11:21:10,016 -   [Outer 57] Chạy Pairwise MaxSAT...
2026-04-04 11:21:10,016 -   [Outer] Pairwise không cải thiện cặp nào, quay lại inner.
2026-04-04 11:21:10,016 - === OUTER 58 | cost=701.00 (còn 1059s) ===
2026-04-04 11:21:10,016 -   [Inner 58.1] cost=701.00 no_imp=0/20 (còn 1059s)
2026-04-04 11:21:10,140 -   [Inner 58.2] cost=701.00 no_imp=1/20 (còn 1059s)
2026-04-04 11:21:10,262 -   [Inner 58.3] cost=701.00 no_imp=2/20 (còn 1058s)
2026-04-04 11:21:10,385 -   [Inner 58.4] cost=701.00 no_imp=3/20 (còn 1058s)
2026-04-04 11:21:10,509 -   [Inner 58.5] cost=701.00 no_imp=4/20 (còn 1058s)
2026-04-04 11:21:10,632 -   [Inner 58.6] cost=701.00 no_imp=5/20 (còn 1058s)
2026-04-04 11:21:10,757 -   [Inner 58.7] cost=701.00 no_imp=6/20 (còn 1058s)
2026-04-04 11:21:10,879 -   [Inner 58.8] cost=701.00 no_imp=7/20 (còn 1058s)
2026-04-04 11:21:11,001 -   [Inner 58.9] cost=701.00 no_imp=8/20 (còn 1058s)
2026-04-04 11:21:11,123 -   [Inner 58.10] cost=701.00 no_imp=9/20 (còn 1058s)
2026-04-04 11:21:11,245 -   [Inner 58.11] cost=701.00 no_imp=10/20 (còn 1057s)
2026-04-04 11:21:11,367 -   [Inner 58.12] cost=701.00 no_imp=11/20 (còn 1057s)
2026-04-04 11:21:11,489 -   [Inner 58.13] cost=701.00 no_imp=12/20 (còn 1057s)
2026-04-04 11:21:11,610 -   [Inner 58.14] cost=701.00 no_imp=13/20 (còn 1057s)
2026-04-04 11:21:11,738 -   [Inner 58.15] cost=701.00 no_imp=14/20 (còn 1057s)
2026-04-04 11:21:11,861 -   [Inner 58.16] cost=701.00 no_imp=15/20 (còn 1057s)
2026-04-04 11:21:11,984 -   [Inner 58.17] cost=701.00 no_imp=16/20 (còn 1057s)
2026-04-04 11:21:12,108 -   [Inner 58.18] cost=701.00 no_imp=17/20 (còn 1057s)
2026-04-04 11:21:12,230 -   [Inner 58.19] cost=701.00 no_imp=18/20 (còn 1056s)
2026-04-04 11:21:12,354 -   [Inner 58.20] cost=701.00 no_imp=19/20 (còn 1056s)
2026-04-04 11:21:12,475 -   [Outer 58] Chạy Pairwise MaxSAT...
2026-04-04 11:21:12,476 -   [Outer] Pairwise không cải thiện cặp nào, quay lại inner.
2026-04-04 11:21:12,476 - === OUTER 59 | cost=701.00 (còn 1056s) ===
2026-04-04 11:21:12,476 -   [Inner 59.1] cost=701.00 no_imp=0/20 (còn 1056s)
2026-04-04 11:21:12,598 -   [Inner 59.2] cost=701.00 no_imp=1/20 (còn 1056s)
2026-04-04 11:21:12,723 -   [Inner 59.3] cost=701.00 no_imp=2/20 (còn 1056s)
2026-04-04 11:21:12,846 -   [Inner 59.4] cost=701.00 no_imp=3/20 (còn 1056s)
2026-04-04 11:21:12,969 -   [Inner 59.5] cost=701.00 no_imp=4/20 (còn 1056s)
2026-04-04 11:21:13,092 -   [Inner 59.6] cost=701.00 no_imp=5/20 (còn 1056s)
2026-04-04 11:21:13,215 -   [Inner 59.7] cost=701.00 no_imp=6/20 (còn 1055s)
2026-04-04 11:21:13,336 -   [Inner 59.8] cost=701.00 no_imp=7/20 (còn 1055s)
2026-04-04 11:21:13,458 -   [Inner 59.9] cost=701.00 no_imp=8/20 (còn 1055s)
2026-04-04 11:21:13,581 -   [Inner 59.10] cost=701.00 no_imp=9/20 (còn 1055s)
2026-04-04 11:21:13,709 -   [Inner 59.11] cost=701.00 no_imp=10/20 (còn 1055s)
2026-04-04 11:21:13,832 -   [Inner 59.12] cost=701.00 no_imp=11/20 (còn 1055s)
2026-04-04 11:21:13,954 -   [Inner 59.13] cost=701.00 no_imp=12/20 (còn 1055s)
2026-04-04 11:21:14,076 -   [Inner 59.14] cost=701.00 no_imp=13/20 (còn 1055s)
2026-04-04 11:21:14,199 -   [Inner 59.15] cost=701.00 no_imp=14/20 (còn 1054s)
2026-04-04 11:21:14,320 -   [Inner 59.16] cost=701.00 no_imp=15/20 (còn 1054s)
2026-04-04 11:21:14,442 -   [Inner 59.17] cost=701.00 no_imp=16/20 (còn 1054s)
2026-04-04 11:21:14,566 -   [Inner 59.18] cost=701.00 no_imp=17/20 (còn 1054s)
2026-04-04 11:21:14,690 -   [Inner 59.19] cost=701.00 no_imp=18/20 (còn 1054s)
2026-04-04 11:21:14,813 -   [Inner 59.20] cost=701.00 no_imp=19/20 (còn 1054s)
2026-04-04 11:21:14,937 -   [Outer 59] Chạy Pairwise MaxSAT...
2026-04-04 11:21:14,937 -   [Outer] Pairwise không cải thiện cặp nào, quay lại inner.
2026-04-04 11:21:14,937 - === OUTER 60 | cost=701.00 (còn 1054s) ===
2026-04-04 11:21:14,937 -   [Inner 60.1] cost=701.00 no_imp=0/20 (còn 1054s)
2026-04-04 11:21:15,061 -   [Inner 60.2] cost=701.00 no_imp=1/20 (còn 1054s)
2026-04-04 11:21:15,183 -   [Inner 60.3] cost=701.00 no_imp=2/20 (còn 1054s)
2026-04-04 11:21:15,307 -   [Inner 60.4] cost=701.00 no_imp=3/20 (còn 1053s)
2026-04-04 11:21:15,428 -   [Inner 60.5] cost=701.00 no_imp=4/20 (còn 1053s)
2026-04-04 11:21:15,551 -   [Inner 60.6] cost=701.00 no_imp=5/20 (còn 1053s)
2026-04-04 11:21:15,675 -   [Inner 60.7] cost=701.00 no_imp=6/20 (còn 1053s)
2026-04-04 11:21:15,801 -   [Inner 60.8] cost=701.00 no_imp=7/20 (còn 1053s)
2026-04-04 11:21:15,924 -   [Inner 60.9] cost=701.00 no_imp=8/20 (còn 1053s)
2026-04-04 11:21:16,047 -   [Inner 60.10] cost=701.00 no_imp=9/20 (còn 1053s)
2026-04-04 11:21:16,169 -   [Inner 60.11] cost=701.00 no_imp=10/20 (còn 1053s)
2026-04-04 11:21:16,290 -   [Inner 60.12] cost=701.00 no_imp=11/20 (còn 1052s)
2026-04-04 11:21:16,412 -   [Inner 60.13] cost=701.00 no_imp=12/20 (còn 1052s)
2026-04-04 11:21:16,534 -   [Inner 60.14] cost=701.00 no_imp=13/20 (còn 1052s)
2026-04-04 11:21:16,658 -   [Inner 60.15] cost=701.00 no_imp=14/20 (còn 1052s)
2026-04-04 11:21:16,781 -   [Inner 60.16] cost=701.00 no_imp=15/20 (còn 1052s)
2026-04-04 11:21:16,903 -   [Inner 60.17] cost=701.00 no_imp=16/20 (còn 1052s)
2026-04-04 11:21:17,026 -   [Inner 60.18] cost=701.00 no_imp=17/20 (còn 1052s)
2026-04-04 11:21:17,150 -   [Inner 60.19] cost=701.00 no_imp=18/20 (còn 1052s)
2026-04-04 11:21:17,273 -   [Inner 60.20] cost=701.00 no_imp=19/20 (còn 1051s)
2026-04-04 11:21:17,396 -   [Outer 60] Chạy Pairwise MaxSAT...
2026-04-04 11:21:17,396 -   [Outer] Pairwise không cải thiện cặp nào, quay lại inner.
2026-04-04 11:21:17,396 - === OUTER 61 | cost=701.00 (còn 1051s) ===
2026-04-04 11:21:17,396 -   [Inner 61.1] cost=701.00 no_imp=0/20 (còn 1051s)
2026-04-04 11:21:17,519 -   [Inner 61.2] cost=701.00 no_imp=1/20 (còn 1051s)
2026-04-04 11:21:17,642 -   [Inner 61.3] cost=701.00 no_imp=2/20 (còn 1051s)
2026-04-04 11:21:17,770 -   [Inner 61.4] cost=701.00 no_imp=3/20 (còn 1051s)
2026-04-04 11:21:17,892 -   [Inner 61.5] cost=701.00 no_imp=4/20 (còn 1051s)
2026-04-04 11:21:18,015 -   [Inner 61.6] cost=701.00 no_imp=5/20 (còn 1051s)
2026-04-04 11:21:18,138 -   [Inner 61.7] cost=701.00 no_imp=6/20 (còn 1051s)
2026-04-04 11:21:18,261 -   [Inner 61.8] cost=701.00 no_imp=7/20 (còn 1050s)
2026-04-04 11:21:18,382 -   [Inner 61.9] cost=701.00 no_imp=8/20 (còn 1050s)
2026-04-04 11:21:18,504 -   [Inner 61.10] cost=701.00 no_imp=9/20 (còn 1050s)
2026-04-04 11:21:18,628 -   [Inner 61.11] cost=701.00 no_imp=10/20 (còn 1050s)
2026-04-04 11:21:18,750 -   [Inner 61.12] cost=701.00 no_imp=11/20 (còn 1050s)
2026-04-04 11:21:18,874 -   [Inner 61.13] cost=701.00 no_imp=12/20 (còn 1050s)
2026-04-04 11:21:18,997 -   [Inner 61.14] cost=701.00 no_imp=13/20 (còn 1050s)
2026-04-04 11:21:19,120 -   [Inner 61.15] cost=701.00 no_imp=14/20 (còn 1050s)
2026-04-04 11:21:19,242 -   [Inner 61.16] cost=701.00 no_imp=15/20 (còn 1049s)
2026-04-04 11:21:19,363 -   [Inner 61.17] cost=701.00 no_imp=16/20 (còn 1049s)
2026-04-04 11:21:19,485 -   [Inner 61.18] cost=701.00 no_imp=17/20 (còn 1049s)
2026-04-04 11:21:19,608 -   [Inner 61.19] cost=701.00 no_imp=18/20 (còn 1049s)
2026-04-04 11:21:19,731 -   [Inner 61.20] cost=701.00 no_imp=19/20 (còn 1049s)
2026-04-04 11:21:19,856 -   [Outer 61] Chạy Pairwise MaxSAT...
2026-04-04 11:21:19,856 -   [Outer] Pairwise không cải thiện cặp nào, quay lại inner.
2026-04-04 11:21:19,856 - === OUTER 62 | cost=701.00 (còn 1049s) ===
2026-04-04 11:21:19,856 -   [Inner 62.1] cost=701.00 no_imp=0/20 (còn 1049s)
2026-04-04 11:21:19,980 -   [Inner 62.2] cost=701.00 no_imp=1/20 (còn 1049s)
2026-04-04 11:21:20,106 -   [Inner 62.3] cost=701.00 no_imp=2/20 (còn 1049s)
2026-04-04 11:21:20,228 -   [Inner 62.4] cost=701.00 no_imp=3/20 (còn 1048s)
2026-04-04 11:21:20,351 -   [Inner 62.5] cost=701.00 no_imp=4/20 (còn 1048s)
2026-04-04 11:21:20,474 -   [Inner 62.6] cost=701.00 no_imp=5/20 (còn 1048s)
2026-04-04 11:21:20,596 -   [Inner 62.7] cost=701.00 no_imp=6/20 (còn 1048s)
2026-04-04 11:21:20,752 -   [Inner 62.8] cost=701.00 no_imp=7/20 (còn 1048s)
2026-04-04 11:21:20,875 -   [Inner 62.9] cost=701.00 no_imp=8/20 (còn 1048s)
2026-04-04 11:21:20,998 -   [Inner 62.10] cost=701.00 no_imp=9/20 (còn 1048s)
2026-04-04 11:21:21,121 -   [Inner 62.11] cost=701.00 no_imp=10/20 (còn 1048s)
2026-04-04 11:21:21,243 -   [Inner 62.12] cost=701.00 no_imp=11/20 (còn 1047s)
2026-04-04 11:21:21,364 -   [Inner 62.13] cost=701.00 no_imp=12/20 (còn 1047s)
2026-04-04 11:21:21,488 -   [Inner 62.14] cost=701.00 no_imp=13/20 (còn 1047s)
2026-04-04 11:21:21,609 -   [Inner 62.15] cost=701.00 no_imp=14/20 (còn 1047s)
2026-04-04 11:21:21,732 -   [Inner 62.16] cost=701.00 no_imp=15/20 (còn 1047s)
2026-04-04 11:21:21,858 -   [Inner 62.17] cost=701.00 no_imp=16/20 (còn 1047s)
2026-04-04 11:21:21,980 -   [Inner 62.18] cost=701.00 no_imp=17/20 (còn 1047s)
2026-04-04 11:21:22,105 -   [Inner 62.19] cost=701.00 no_imp=18/20 (còn 1047s)
2026-04-04 11:21:22,228 -   [Inner 62.20] cost=701.00 no_imp=19/20 (còn 1046s)
2026-04-04 11:21:22,351 -   [Outer 62] Chạy Pairwise MaxSAT...
2026-04-04 11:21:22,352 -   [Outer] Pairwise không cải thiện cặp nào, quay lại inner.
2026-04-04 11:21:22,352 - === OUTER 63 | cost=701.00 (còn 1046s) ===
2026-04-04 11:21:22,352 -   [Inner 63.1] cost=701.00 no_imp=0/20 (còn 1046s)
2026-04-04 11:21:22,474 -   [Inner 63.2] cost=701.00 no_imp=1/20 (còn 1046s)
2026-04-04 11:21:22,595 -   [Inner 63.3] cost=701.00 no_imp=2/20 (còn 1046s)
2026-04-04 11:21:22,719 -   [Inner 63.4] cost=701.00 no_imp=3/20 (còn 1046s)
2026-04-04 11:21:22,842 -   [Inner 63.5] cost=701.00 no_imp=4/20 (còn 1046s)
2026-04-04 11:21:22,964 -   [Inner 63.6] cost=701.00 no_imp=5/20 (còn 1046s)
2026-04-04 11:21:23,086 -   [Inner 63.7] cost=701.00 no_imp=6/20 (còn 1046s)
2026-04-04 11:21:23,209 -   [Inner 63.8] cost=701.00 no_imp=7/20 (còn 1045s)
2026-04-04 11:21:23,332 -   [Inner 63.9] cost=701.00 no_imp=8/20 (còn 1045s)
2026-04-04 11:21:23,455 -   [Inner 63.10] cost=701.00 no_imp=9/20 (còn 1045s)
2026-04-04 11:21:23,577 -   [Inner 63.11] cost=701.00 no_imp=10/20 (còn 1045s)
2026-04-04 11:21:23,699 -   [Inner 63.12] cost=701.00 no_imp=11/20 (còn 1045s)
2026-04-04 11:21:23,822 -   [Inner 63.13] cost=701.00 no_imp=12/20 (còn 1045s)
2026-04-04 11:21:23,948 -   [Inner 63.14] cost=701.00 no_imp=13/20 (còn 1045s)
2026-04-04 11:21:24,070 -   [Inner 63.15] cost=701.00 no_imp=14/20 (còn 1045s)
2026-04-04 11:21:24,195 -   [Inner 63.16] cost=701.00 no_imp=15/20 (còn 1044s)
2026-04-04 11:21:24,320 -   [Inner 63.17] cost=701.00 no_imp=16/20 (còn 1044s)
2026-04-04 11:21:24,443 -   [Inner 63.18] cost=701.00 no_imp=17/20 (còn 1044s)
2026-04-04 11:21:24,565 -   [Inner 63.19] cost=701.00 no_imp=18/20 (còn 1044s)
2026-04-04 11:21:24,687 -   [Inner 63.20] cost=701.00 no_imp=19/20 (còn 1044s)
2026-04-04 11:21:24,810 -   [Outer 63] Chạy Pairwise MaxSAT...
2026-04-04 11:21:24,810 -   [Outer] Pairwise không cải thiện cặp nào, quay lại inner.
2026-04-04 11:21:24,811 - === OUTER 64 | cost=701.00 (còn 1044s) ===
2026-04-04 11:21:24,811 -   [Inner 64.1] cost=701.00 no_imp=0/20 (còn 1044s)
2026-04-04 11:21:24,933 -   [Inner 64.2] cost=701.00 no_imp=1/20 (còn 1044s)
2026-04-04 11:21:25,056 -   [Inner 64.3] cost=701.00 no_imp=2/20 (còn 1044s)
2026-04-04 11:21:25,179 -   [Inner 64.4] cost=701.00 no_imp=3/20 (còn 1044s)
2026-04-04 11:21:25,303 -   [Inner 64.5] cost=701.00 no_imp=4/20 (còn 1043s)
2026-04-04 11:21:25,427 -   [Inner 64.6] cost=701.00 no_imp=5/20 (còn 1043s)
2026-04-04 11:21:25,549 -   [Inner 64.7] cost=701.00 no_imp=6/20 (còn 1043s)
2026-04-04 11:21:25,671 -   [Inner 64.8] cost=701.00 no_imp=7/20 (còn 1043s)
2026-04-04 11:21:25,794 -   [Inner 64.9] cost=701.00 no_imp=8/20 (còn 1043s)
2026-04-04 11:21:25,919 -   [Inner 64.10] cost=701.00 no_imp=9/20 (còn 1043s)
2026-04-04 11:21:26,042 -   [Inner 64.11] cost=701.00 no_imp=10/20 (còn 1043s)
2026-04-04 11:21:26,164 -   [Inner 64.12] cost=701.00 no_imp=11/20 (còn 1043s)
2026-04-04 11:21:26,287 -   [Inner 64.13] cost=701.00 no_imp=12/20 (còn 1042s)
2026-04-04 11:21:26,409 -   [Inner 64.14] cost=701.00 no_imp=13/20 (còn 1042s)
2026-04-04 11:21:26,530 -   [Inner 64.15] cost=701.00 no_imp=14/20 (còn 1042s)
2026-04-04 11:21:26,653 -   [Inner 64.16] cost=701.00 no_imp=15/20 (còn 1042s)
2026-04-04 11:21:26,774 -   [Inner 64.17] cost=701.00 no_imp=16/20 (còn 1042s)
2026-04-04 11:21:26,896 -   [Inner 64.18] cost=701.00 no_imp=17/20 (còn 1042s)
2026-04-04 11:21:27,019 -   [Inner 64.19] cost=701.00 no_imp=18/20 (còn 1042s)
2026-04-04 11:21:27,140 -   [Inner 64.20] cost=701.00 no_imp=19/20 (còn 1042s)
2026-04-04 11:21:27,265 -   [Outer 64] Chạy Pairwise MaxSAT...
2026-04-04 11:21:27,265 -   [Outer] Pairwise không cải thiện cặp nào, quay lại inner.
2026-04-04 11:21:27,266 - === OUTER 65 | cost=701.00 (còn 1041s) ===
2026-04-04 11:21:27,266 -   [Inner 65.1] cost=701.00 no_imp=0/20 (còn 1041s)
2026-04-04 11:21:27,388 -   [Inner 65.2] cost=701.00 no_imp=1/20 (còn 1041s)
2026-04-04 11:21:27,511 -   [Inner 65.3] cost=701.00 no_imp=2/20 (còn 1041s)
2026-04-04 11:21:27,633 -   [Inner 65.4] cost=701.00 no_imp=3/20 (còn 1041s)
2026-04-04 11:21:27,756 -   [Inner 65.5] cost=701.00 no_imp=4/20 (còn 1041s)
2026-04-04 11:21:27,879 -   [Inner 65.6] cost=701.00 no_imp=5/20 (còn 1041s)
2026-04-04 11:21:28,004 -   [Inner 65.7] cost=701.00 no_imp=6/20 (còn 1041s)
2026-04-04 11:21:28,125 -   [Inner 65.8] cost=701.00 no_imp=7/20 (còn 1041s)
2026-04-04 11:21:28,250 -   [Inner 65.9] cost=701.00 no_imp=8/20 (còn 1040s)
2026-04-04 11:21:28,373 -   [Inner 65.10] cost=701.00 no_imp=9/20 (còn 1040s)
2026-04-04 11:21:28,496 -   [Inner 65.11] cost=701.00 no_imp=10/20 (còn 1040s)
2026-04-04 11:21:28,619 -   [Inner 65.12] cost=701.00 no_imp=11/20 (còn 1040s)
2026-04-04 11:21:28,742 -   [Inner 65.13] cost=701.00 no_imp=12/20 (còn 1040s)
2026-04-04 11:21:28,865 -   [Inner 65.14] cost=701.00 no_imp=13/20 (còn 1040s)
2026-04-04 11:21:28,988 -   [Inner 65.15] cost=701.00 no_imp=14/20 (còn 1040s)
2026-04-04 11:21:29,112 -   [Inner 65.16] cost=701.00 no_imp=15/20 (còn 1040s)
2026-04-04 11:21:29,236 -   [Inner 65.17] cost=701.00 no_imp=16/20 (còn 1039s)
2026-04-04 11:21:29,358 -   [Inner 65.18] cost=701.00 no_imp=17/20 (còn 1039s)
2026-04-04 11:21:29,481 -   [Inner 65.19] cost=701.00 no_imp=18/20 (còn 1039s)
2026-04-04 11:21:29,603 -   [Inner 65.20] cost=701.00 no_imp=19/20 (còn 1039s)
2026-04-04 11:21:29,726 -   [Outer 65] Chạy Pairwise MaxSAT...
2026-04-04 11:21:29,726 -   [Outer] Pairwise không cải thiện cặp nào, quay lại inner.
2026-04-04 11:21:29,726 - === OUTER 66 | cost=701.00 (còn 1039s) ===
2026-04-04 11:21:29,726 -   [Inner 66.1] cost=701.00 no_imp=0/20 (còn 1039s)
2026-04-04 11:21:29,849 -   [Inner 66.2] cost=701.00 no_imp=1/20 (còn 1039s)
2026-04-04 11:21:29,975 -   [Inner 66.3] cost=701.00 no_imp=2/20 (còn 1039s)
2026-04-04 11:21:30,098 -   [Inner 66.4] cost=701.00 no_imp=3/20 (còn 1039s)
2026-04-04 11:21:30,221 -   [Inner 66.5] cost=701.00 no_imp=4/20 (còn 1038s)
2026-04-04 11:21:30,347 -   [Inner 66.6] cost=701.00 no_imp=5/20 (còn 1038s)
2026-04-04 11:21:30,472 -   [Inner 66.7] cost=701.00 no_imp=6/20 (còn 1038s)
2026-04-04 11:21:30,592 -   [Inner 66.8] cost=701.00 no_imp=7/20 (còn 1038s)
2026-04-04 11:21:30,715 -   [Inner 66.9] cost=701.00 no_imp=8/20 (còn 1038s)
2026-04-04 11:21:30,838 -   [Inner 66.10] cost=701.00 no_imp=9/20 (còn 1038s)
2026-04-04 11:21:30,962 -   [Inner 66.11] cost=701.00 no_imp=10/20 (còn 1038s)
2026-04-04 11:21:31,085 -   [Inner 66.12] cost=701.00 no_imp=11/20 (còn 1038s)
2026-04-04 11:21:31,206 -   [Inner 66.13] cost=701.00 no_imp=12/20 (còn 1037s)
2026-04-04 11:21:31,329 -   [Inner 66.14] cost=701.00 no_imp=13/20 (còn 1037s)
2026-04-04 11:21:31,451 -   [Inner 66.15] cost=701.00 no_imp=14/20 (còn 1037s)
2026-04-04 11:21:31,573 -   [Inner 66.16] cost=701.00 no_imp=15/20 (còn 1037s)
2026-04-04 11:21:31,696 -   [Inner 66.17] cost=701.00 no_imp=16/20 (còn 1037s)
2026-04-04 11:21:31,818 -   [Inner 66.18] cost=701.00 no_imp=17/20 (còn 1037s)
2026-04-04 11:21:31,941 -   [Inner 66.19] cost=701.00 no_imp=18/20 (còn 1037s)
2026-04-04 11:21:32,069 -   [Inner 66.20] cost=701.00 no_imp=19/20 (còn 1037s)
2026-04-04 11:21:32,192 -   [Outer 66] Chạy Pairwise MaxSAT...
2026-04-04 11:21:32,192 -   [Outer] Pairwise không cải thiện cặp nào, quay lại inner.
2026-04-04 11:21:32,193 - === OUTER 67 | cost=701.00 (còn 1036s) ===
2026-04-04 11:21:32,193 -   [Inner 67.1] cost=701.00 no_imp=0/20 (còn 1036s)
2026-04-04 11:21:32,316 -   [Inner 67.2] cost=701.00 no_imp=1/20 (còn 1036s)
2026-04-04 11:21:32,439 -   [Inner 67.3] cost=701.00 no_imp=2/20 (còn 1036s)
2026-04-04 11:21:32,560 -   [Inner 67.4] cost=701.00 no_imp=3/20 (còn 1036s)
2026-04-04 11:21:32,683 -   [Inner 67.5] cost=701.00 no_imp=4/20 (còn 1036s)
2026-04-04 11:21:32,807 -   [Inner 67.6] cost=701.00 no_imp=5/20 (còn 1036s)
2026-04-04 11:21:32,929 -   [Inner 67.7] cost=701.00 no_imp=6/20 (còn 1036s)
2026-04-04 11:21:33,052 -   [Inner 67.8] cost=701.00 no_imp=7/20 (còn 1036s)
2026-04-04 11:21:33,175 -   [Inner 67.9] cost=701.00 no_imp=8/20 (còn 1036s)
2026-04-04 11:21:33,301 -   [Inner 67.10] cost=701.00 no_imp=9/20 (còn 1035s)
2026-04-04 11:21:33,426 -   [Inner 67.11] cost=701.00 no_imp=10/20 (còn 1035s)
2026-04-04 11:21:33,547 -   [Inner 67.12] cost=701.00 no_imp=11/20 (còn 1035s)
2026-04-04 11:21:33,672 -   [Inner 67.13] cost=701.00 no_imp=12/20 (còn 1035s)
2026-04-04 11:21:33,793 -   [Inner 67.14] cost=701.00 no_imp=13/20 (còn 1035s)
2026-04-04 11:21:33,917 -   [Inner 67.15] cost=701.00 no_imp=14/20 (còn 1035s)
2026-04-04 11:21:34,044 -   [Inner 67.16] cost=701.00 no_imp=15/20 (còn 1035s)
2026-04-04 11:21:34,166 -   [Inner 67.17] cost=701.00 no_imp=16/20 (còn 1035s)
2026-04-04 11:21:34,292 -   [Inner 67.18] cost=701.00 no_imp=17/20 (còn 1034s)
2026-04-04 11:21:34,414 -   [Inner 67.19] cost=701.00 no_imp=18/20 (còn 1034s)
2026-04-04 11:21:34,537 -   [Inner 67.20] cost=701.00 no_imp=19/20 (còn 1034s)
2026-04-04 11:21:34,661 -   [Outer 67] Chạy Pairwise MaxSAT...
2026-04-04 11:21:34,662 -   [Outer] Pairwise không cải thiện cặp nào, quay lại inner.
2026-04-04 11:21:34,662 - === OUTER 68 | cost=701.00 (còn 1034s) ===
2026-04-04 11:21:34,662 -   [Inner 68.1] cost=701.00 no_imp=0/20 (còn 1034s)
2026-04-04 11:21:34,784 -   [Inner 68.2] cost=701.00 no_imp=1/20 (còn 1034s)
2026-04-04 11:21:34,905 -   [Inner 68.3] cost=701.00 no_imp=2/20 (còn 1034s)
2026-04-04 11:21:35,029 -   [Inner 68.4] cost=701.00 no_imp=3/20 (còn 1034s)
2026-04-04 11:21:35,152 -   [Inner 68.5] cost=701.00 no_imp=4/20 (còn 1034s)
2026-04-04 11:21:35,275 -   [Inner 68.6] cost=701.00 no_imp=5/20 (còn 1033s)
2026-04-04 11:21:35,396 -   [Inner 68.7] cost=701.00 no_imp=6/20 (còn 1033s)
2026-04-04 11:21:35,522 -   [Inner 68.8] cost=701.00 no_imp=7/20 (còn 1033s)
2026-04-04 11:21:35,644 -   [Inner 68.9] cost=701.00 no_imp=8/20 (còn 1033s)
2026-04-04 11:21:35,767 -   [Inner 68.10] cost=701.00 no_imp=9/20 (còn 1033s)
2026-04-04 11:21:35,891 -   [Inner 68.11] cost=701.00 no_imp=10/20 (còn 1033s)
2026-04-04 11:21:36,020 -   [Inner 68.12] cost=701.00 no_imp=11/20 (còn 1033s)
2026-04-04 11:21:36,142 -   [Inner 68.13] cost=701.00 no_imp=12/20 (còn 1033s)
2026-04-04 11:21:36,265 -   [Inner 68.14] cost=701.00 no_imp=13/20 (còn 1032s)
2026-04-04 11:21:36,388 -   [Inner 68.15] cost=701.00 no_imp=14/20 (còn 1032s)
2026-04-04 11:21:36,510 -   [Inner 68.16] cost=701.00 no_imp=15/20 (còn 1032s)
2026-04-04 11:21:36,634 -   [Inner 68.17] cost=701.00 no_imp=16/20 (còn 1032s)
2026-04-04 11:21:36,757 -   [Inner 68.18] cost=701.00 no_imp=17/20 (còn 1032s)
2026-04-04 11:21:36,880 -   [Inner 68.19] cost=701.00 no_imp=18/20 (còn 1032s)
2026-04-04 11:21:37,003 -   [Inner 68.20] cost=701.00 no_imp=19/20 (còn 1032s)
2026-04-04 11:21:37,125 -   [Outer 68] Chạy Pairwise MaxSAT...
2026-04-04 11:21:37,125 -   [Outer] Pairwise không cải thiện cặp nào, quay lại inner.
2026-04-04 11:21:37,125 - === OUTER 69 | cost=701.00 (còn 1032s) ===
2026-04-04 11:21:37,125 -   [Inner 69.1] cost=701.00 no_imp=0/20 (còn 1032s)
2026-04-04 11:21:37,247 -   [Inner 69.2] cost=701.00 no_imp=1/20 (còn 1031s)
2026-04-04 11:21:37,368 -   [Inner 69.3] cost=701.00 no_imp=2/20 (còn 1031s)
2026-04-04 11:21:37,492 -   [Inner 69.4] cost=701.00 no_imp=3/20 (còn 1031s)
2026-04-04 11:21:37,614 -   [Inner 69.5] cost=701.00 no_imp=4/20 (còn 1031s)
2026-04-04 11:21:37,737 -   [Inner 69.6] cost=701.00 no_imp=5/20 (còn 1031s)
2026-04-04 11:21:37,859 -   [Inner 69.7] cost=701.00 no_imp=6/20 (còn 1031s)
2026-04-04 11:21:37,981 -   [Inner 69.8] cost=701.00 no_imp=7/20 (còn 1031s)
2026-04-04 11:21:38,108 -   [Inner 69.9] cost=701.00 no_imp=8/20 (còn 1031s)
2026-04-04 11:21:38,230 -   [Inner 69.10] cost=701.00 no_imp=9/20 (còn 1030s)
2026-04-04 11:21:38,353 -   [Inner 69.11] cost=701.00 no_imp=10/20 (còn 1030s)
2026-04-04 11:21:38,476 -   [Inner 69.12] cost=701.00 no_imp=11/20 (còn 1030s)
2026-04-04 11:21:38,598 -   [Inner 69.13] cost=701.00 no_imp=12/20 (còn 1030s)
2026-04-04 11:21:38,722 -   [Inner 69.14] cost=701.00 no_imp=13/20 (còn 1030s)
2026-04-04 11:21:38,844 -   [Inner 69.15] cost=701.00 no_imp=14/20 (còn 1030s)
2026-04-04 11:21:38,966 -   [Inner 69.16] cost=701.00 no_imp=15/20 (còn 1030s)
2026-04-04 11:21:39,089 -   [Inner 69.17] cost=701.00 no_imp=16/20 (còn 1030s)
2026-04-04 11:21:39,212 -   [Inner 69.18] cost=701.00 no_imp=17/20 (còn 1029s)
2026-04-04 11:21:39,336 -   [Inner 69.19] cost=701.00 no_imp=18/20 (còn 1029s)
2026-04-04 11:21:39,459 -   [Inner 69.20] cost=701.00 no_imp=19/20 (còn 1029s)
2026-04-04 11:21:39,582 -   [Outer 69] Chạy Pairwise MaxSAT...
2026-04-04 11:21:39,583 -   [Outer] Pairwise không cải thiện cặp nào, quay lại inner.
2026-04-04 11:21:39,583 - === OUTER 70 | cost=701.00 (còn 1029s) ===
2026-04-04 11:21:39,583 -   [Inner 70.1] cost=701.00 no_imp=0/20 (còn 1029s)
2026-04-04 11:21:39,705 -   [Inner 70.2] cost=701.00 no_imp=1/20 (còn 1029s)
2026-04-04 11:21:39,829 -   [Inner 70.3] cost=701.00 no_imp=2/20 (còn 1029s)
2026-04-04 11:21:39,954 -   [Inner 70.4] cost=701.00 no_imp=3/20 (còn 1029s)
2026-04-04 11:21:40,080 -   [Inner 70.5] cost=701.00 no_imp=4/20 (còn 1029s)
2026-04-04 11:21:40,202 -   [Inner 70.6] cost=701.00 no_imp=5/20 (còn 1028s)
2026-04-04 11:21:40,323 -   [Inner 70.7] cost=701.00 no_imp=6/20 (còn 1028s)
2026-04-04 11:21:40,447 -   [Inner 70.8] cost=701.00 no_imp=7/20 (còn 1028s)
2026-04-04 11:21:40,571 -   [Inner 70.9] cost=701.00 no_imp=8/20 (còn 1028s)
2026-04-04 11:21:40,695 -   [Inner 70.10] cost=701.00 no_imp=9/20 (còn 1028s)
2026-04-04 11:21:40,819 -   [Inner 70.11] cost=701.00 no_imp=10/20 (còn 1028s)
2026-04-04 11:21:40,941 -   [Inner 70.12] cost=701.00 no_imp=11/20 (còn 1028s)
2026-04-04 11:21:41,064 -   [Inner 70.13] cost=701.00 no_imp=12/20 (còn 1028s)
2026-04-04 11:21:41,186 -   [Inner 70.14] cost=701.00 no_imp=13/20 (còn 1028s)
2026-04-04 11:21:41,308 -   [Inner 70.15] cost=701.00 no_imp=14/20 (còn 1027s)
2026-04-04 11:21:41,430 -   [Inner 70.16] cost=701.00 no_imp=15/20 (còn 1027s)
2026-04-04 11:21:41,553 -   [Inner 70.17] cost=701.00 no_imp=16/20 (còn 1027s)
2026-04-04 11:21:41,677 -   [Inner 70.18] cost=701.00 no_imp=17/20 (còn 1027s)
2026-04-04 11:21:41,799 -   [Inner 70.19] cost=701.00 no_imp=18/20 (còn 1027s)
2026-04-04 11:21:41,921 -   [Inner 70.20] cost=701.00 no_imp=19/20 (còn 1027s)
2026-04-04 11:21:42,045 -   [Outer 70] Chạy Pairwise MaxSAT...
2026-04-04 11:21:42,045 -   [Outer] Pairwise không cải thiện cặp nào, quay lại inner.
2026-04-04 11:21:42,045 - === OUTER 71 | cost=701.00 (còn 1027s) ===
2026-04-04 11:21:42,046 -   [Inner 71.1] cost=701.00 no_imp=0/20 (còn 1027s)
2026-04-04 11:21:42,171 -   [Inner 71.2] cost=701.00 no_imp=1/20 (còn 1027s)
2026-04-04 11:21:42,293 -   [Inner 71.3] cost=701.00 no_imp=2/20 (còn 1026s)
2026-04-04 11:21:42,416 -   [Inner 71.4] cost=701.00 no_imp=3/20 (còn 1026s)
2026-04-04 11:21:42,539 -   [Inner 71.5] cost=701.00 no_imp=4/20 (còn 1026s)
2026-04-04 11:21:42,663 -   [Inner 71.6] cost=701.00 no_imp=5/20 (còn 1026s)
2026-04-04 11:21:42,787 -   [Inner 71.7] cost=701.00 no_imp=6/20 (còn 1026s)
2026-04-04 11:21:42,909 -   [Inner 71.8] cost=701.00 no_imp=7/20 (còn 1026s)
2026-04-04 11:21:43,032 -   [Inner 71.9] cost=701.00 no_imp=8/20 (còn 1026s)
2026-04-04 11:21:43,155 -   [Inner 71.10] cost=701.00 no_imp=9/20 (còn 1026s)
2026-04-04 11:21:43,276 -   [Inner 71.11] cost=701.00 no_imp=10/20 (còn 1025s)
2026-04-04 11:21:43,398 -   [Inner 71.12] cost=701.00 no_imp=11/20 (còn 1025s)
2026-04-04 11:21:43,521 -   [Inner 71.13] cost=701.00 no_imp=12/20 (còn 1025s)
2026-04-04 11:21:43,643 -   [Inner 71.14] cost=701.00 no_imp=13/20 (còn 1025s)
2026-04-04 11:21:43,766 -   [Inner 71.15] cost=701.00 no_imp=14/20 (còn 1025s)
2026-04-04 11:21:43,889 -   [Inner 71.16] cost=701.00 no_imp=15/20 (còn 1025s)
2026-04-04 11:21:44,012 -   [Inner 71.17] cost=701.00 no_imp=16/20 (còn 1025s)
2026-04-04 11:21:44,138 -   [Inner 71.18] cost=701.00 no_imp=17/20 (còn 1025s)
2026-04-04 11:21:44,318 -   [Inner 71.19] cost=701.00 no_imp=18/20 (còn 1024s)
2026-04-04 11:21:44,441 -   [Inner 71.20] cost=701.00 no_imp=19/20 (còn 1024s)
2026-04-04 11:21:44,563 -   [Outer 71] Chạy Pairwise MaxSAT...
2026-04-04 11:21:44,563 -   [Outer] Pairwise không cải thiện cặp nào, quay lại inner.
2026-04-04 11:21:44,563 - === OUTER 72 | cost=701.00 (còn 1024s) ===
2026-04-04 11:21:44,564 -   [Inner 72.1] cost=701.00 no_imp=0/20 (còn 1024s)
2026-04-04 11:21:44,687 -   [Inner 72.2] cost=701.00 no_imp=1/20 (còn 1024s)
2026-04-04 11:21:44,811 -   [Inner 72.3] cost=701.00 no_imp=2/20 (còn 1024s)
2026-04-04 11:21:44,933 -   [Inner 72.4] cost=701.00 no_imp=3/20 (còn 1024s)
2026-04-04 11:21:45,056 -   [Inner 72.5] cost=701.00 no_imp=4/20 (còn 1024s)
2026-04-04 11:21:45,178 -   [Inner 72.6] cost=701.00 no_imp=5/20 (còn 1024s)
2026-04-04 11:21:45,301 -   [Inner 72.7] cost=701.00 no_imp=6/20 (còn 1023s)
2026-04-04 11:21:45,424 -   [Inner 72.8] cost=701.00 no_imp=7/20 (còn 1023s)
2026-04-04 11:21:45,547 -   [Inner 72.9] cost=701.00 no_imp=8/20 (còn 1023s)
2026-04-04 11:21:45,670 -   [Inner 72.10] cost=701.00 no_imp=9/20 (còn 1023s)
2026-04-04 11:21:45,792 -   [Inner 72.11] cost=701.00 no_imp=10/20 (còn 1023s)
2026-04-04 11:21:45,915 -   [Inner 72.12] cost=701.00 no_imp=11/20 (còn 1023s)
2026-04-04 11:21:46,039 -   [Inner 72.13] cost=701.00 no_imp=12/20 (còn 1023s)
2026-04-04 11:21:46,163 -   [Inner 72.14] cost=701.00 no_imp=13/20 (còn 1023s)
2026-04-04 11:21:46,286 -   [Inner 72.15] cost=701.00 no_imp=14/20 (còn 1022s)
2026-04-04 11:21:46,413 -   [Inner 72.16] cost=701.00 no_imp=15/20 (còn 1022s)
2026-04-04 11:21:46,539 -   [Inner 72.17] cost=701.00 no_imp=16/20 (còn 1022s)
2026-04-04 11:21:46,663 -   [Inner 72.18] cost=701.00 no_imp=17/20 (còn 1022s)
2026-04-04 11:21:46,786 -   [Inner 72.19] cost=701.00 no_imp=18/20 (còn 1022s)
2026-04-04 11:21:46,909 -   [Inner 72.20] cost=701.00 no_imp=19/20 (còn 1022s)
2026-04-04 11:21:47,032 -   [Outer 72] Chạy Pairwise MaxSAT...
2026-04-04 11:21:47,032 -   [Outer] Pairwise không cải thiện cặp nào, quay lại inner.
2026-04-04 11:21:47,032 - === OUTER 73 | cost=701.00 (còn 1022s) ===
2026-04-04 11:21:47,032 -   [Inner 73.1] cost=701.00 no_imp=0/20 (còn 1022s)
2026-04-04 11:21:47,154 -   [Inner 73.2] cost=701.00 no_imp=1/20 (còn 1022s)
2026-04-04 11:21:47,277 -   [Inner 73.3] cost=701.00 no_imp=2/20 (còn 1021s)
2026-04-04 11:21:47,399 -   [Inner 73.4] cost=701.00 no_imp=3/20 (còn 1021s)
2026-04-04 11:21:47,521 -   [Inner 73.5] cost=701.00 no_imp=4/20 (còn 1021s)
2026-04-04 11:21:47,643 -   [Inner 73.6] cost=701.00 no_imp=5/20 (còn 1021s)
2026-04-04 11:21:47,766 -   [Inner 73.7] cost=701.00 no_imp=6/20 (còn 1021s)
2026-04-04 11:21:47,890 -   [Inner 73.8] cost=701.00 no_imp=7/20 (còn 1021s)
2026-04-04 11:21:48,013 -   [Inner 73.9] cost=701.00 no_imp=8/20 (còn 1021s)
2026-04-04 11:21:48,134 -   [Inner 73.10] cost=701.00 no_imp=9/20 (còn 1021s)
2026-04-04 11:21:48,261 -   [Inner 73.11] cost=701.00 no_imp=10/20 (còn 1020s)
2026-04-04 11:21:48,384 -   [Inner 73.12] cost=701.00 no_imp=11/20 (còn 1020s)
2026-04-04 11:21:48,508 -   [Inner 73.13] cost=701.00 no_imp=12/20 (còn 1020s)
2026-04-04 11:21:48,631 -   [Inner 73.14] cost=701.00 no_imp=13/20 (còn 1020s)
2026-04-04 11:21:48,754 -   [Inner 73.15] cost=701.00 no_imp=14/20 (còn 1020s)
2026-04-04 11:21:48,877 -   [Inner 73.16] cost=701.00 no_imp=15/20 (còn 1020s)
2026-04-04 11:21:48,999 -   [Inner 73.17] cost=701.00 no_imp=16/20 (còn 1020s)
2026-04-04 11:21:49,122 -   [Inner 73.18] cost=701.00 no_imp=17/20 (còn 1020s)
2026-04-04 11:21:49,244 -   [Inner 73.19] cost=701.00 no_imp=18/20 (còn 1019s)
2026-04-04 11:21:49,366 -   [Inner 73.20] cost=701.00 no_imp=19/20 (còn 1019s)
2026-04-04 11:21:49,489 -   [Outer 73] Chạy Pairwise MaxSAT...
2026-04-04 11:21:49,489 -   [Outer] Pairwise không cải thiện cặp nào, quay lại inner.
2026-04-04 11:21:49,489 - === OUTER 74 | cost=701.00 (còn 1019s) ===
2026-04-04 11:21:49,489 -   [Inner 74.1] cost=701.00 no_imp=0/20 (còn 1019s)
2026-04-04 11:21:49,613 -   [Inner 74.2] cost=701.00 no_imp=1/20 (còn 1019s)
2026-04-04 11:21:49,734 -   [Inner 74.3] cost=701.00 no_imp=2/20 (còn 1019s)
2026-04-04 11:21:49,857 -   [Inner 74.4] cost=701.00 no_imp=3/20 (còn 1019s)
2026-04-04 11:21:49,980 -   [Inner 74.5] cost=701.00 no_imp=4/20 (còn 1019s)
2026-04-04 11:21:50,106 -   [Inner 74.6] cost=701.00 no_imp=5/20 (còn 1019s)
2026-04-04 11:21:50,231 -   [Inner 74.7] cost=701.00 no_imp=6/20 (còn 1018s)
2026-04-04 11:21:50,354 -   [Inner 74.8] cost=701.00 no_imp=7/20 (còn 1018s)
2026-04-04 11:21:50,476 -   [Inner 74.9] cost=701.00 no_imp=8/20 (còn 1018s)
2026-04-04 11:21:50,600 -   [Inner 74.10] cost=701.00 no_imp=9/20 (còn 1018s)
2026-04-04 11:21:50,723 -   [Inner 74.11] cost=701.00 no_imp=10/20 (còn 1018s)
2026-04-04 11:21:50,845 -   [Inner 74.12] cost=701.00 no_imp=11/20 (còn 1018s)
2026-04-04 11:21:50,967 -   [Inner 74.13] cost=701.00 no_imp=12/20 (còn 1018s)
2026-04-04 11:21:51,089 -   [Inner 74.14] cost=701.00 no_imp=13/20 (còn 1018s)
2026-04-04 11:21:51,209 -   [Inner 74.15] cost=701.00 no_imp=14/20 (còn 1017s)
2026-04-04 11:21:51,334 -   [Inner 74.16] cost=701.00 no_imp=15/20 (còn 1017s)
2026-04-04 11:21:51,455 -   [Inner 74.17] cost=701.00 no_imp=16/20 (còn 1017s)
2026-04-04 11:21:51,578 -   [Inner 74.18] cost=701.00 no_imp=17/20 (còn 1017s)
2026-04-04 11:21:51,700 -   [Inner 74.19] cost=701.00 no_imp=18/20 (còn 1017s)
2026-04-04 11:21:51,824 -   [Inner 74.20] cost=701.00 no_imp=19/20 (còn 1017s)
2026-04-04 11:21:51,947 -   [Outer 74] Chạy Pairwise MaxSAT...
2026-04-04 11:21:51,947 -   [Outer] Pairwise không cải thiện cặp nào, quay lại inner.
2026-04-04 11:21:51,947 - === OUTER 75 | cost=701.00 (còn 1017s) ===
2026-04-04 11:21:51,947 -   [Inner 75.1] cost=701.00 no_imp=0/20 (còn 1017s)
2026-04-04 11:21:52,071 -   [Inner 75.2] cost=701.00 no_imp=1/20 (còn 1017s)
2026-04-04 11:21:52,210 -   [Inner 75.3] cost=701.00 no_imp=2/20 (còn 1016s)
2026-04-04 11:21:52,335 -   [Inner 75.4] cost=701.00 no_imp=3/20 (còn 1016s)
2026-04-04 11:21:52,457 -   [Inner 75.5] cost=701.00 no_imp=4/20 (còn 1016s)
2026-04-04 11:21:52,580 -   [Inner 75.6] cost=701.00 no_imp=5/20 (còn 1016s)
2026-04-04 11:21:52,704 -   [Inner 75.7] cost=701.00 no_imp=6/20 (còn 1016s)
2026-04-04 11:21:52,826 -   [Inner 75.8] cost=701.00 no_imp=7/20 (còn 1016s)
2026-04-04 11:21:52,948 -   [Inner 75.9] cost=701.00 no_imp=8/20 (còn 1016s)
2026-04-04 11:21:53,071 -   [Inner 75.10] cost=701.00 no_imp=9/20 (còn 1016s)
2026-04-04 11:21:53,193 -   [Inner 75.11] cost=701.00 no_imp=10/20 (còn 1015s)
2026-04-04 11:21:53,314 -   [Inner 75.12] cost=701.00 no_imp=11/20 (còn 1015s)
2026-04-04 11:21:53,435 -   [Inner 75.13] cost=701.00 no_imp=12/20 (còn 1015s)
2026-04-04 11:21:53,557 -   [Inner 75.14] cost=701.00 no_imp=13/20 (còn 1015s)
2026-04-04 11:21:53,680 -   [Inner 75.15] cost=701.00 no_imp=14/20 (còn 1015s)
2026-04-04 11:21:53,803 -   [Inner 75.16] cost=701.00 no_imp=15/20 (còn 1015s)
2026-04-04 11:21:53,925 -   [Inner 75.17] cost=701.00 no_imp=16/20 (còn 1015s)
2026-04-04 11:21:54,048 -   [Inner 75.18] cost=701.00 no_imp=17/20 (còn 1015s)
2026-04-04 11:21:54,171 -   [Inner 75.19] cost=701.00 no_imp=18/20 (còn 1015s)
2026-04-04 11:21:54,298 -   [Inner 75.20] cost=701.00 no_imp=19/20 (còn 1014s)
2026-04-04 11:21:54,420 -   [Outer 75] Chạy Pairwise MaxSAT...
2026-04-04 11:21:54,420 -   [Outer] Pairwise không cải thiện cặp nào, quay lại inner.
2026-04-04 11:21:54,420 - === OUTER 76 | cost=701.00 (còn 1014s) ===
2026-04-04 11:21:54,420 -   [Inner 76.1] cost=701.00 no_imp=0/20 (còn 1014s)
2026-04-04 11:21:54,543 -   [Inner 76.2] cost=701.00 no_imp=1/20 (còn 1014s)
2026-04-04 11:21:54,666 -   [Inner 76.3] cost=701.00 no_imp=2/20 (còn 1014s)
2026-04-04 11:21:54,788 -   [Inner 76.4] cost=701.00 no_imp=3/20 (còn 1014s)
2026-04-04 11:21:54,912 -   [Inner 76.5] cost=701.00 no_imp=4/20 (còn 1014s)
2026-04-04 11:21:55,034 -   [Inner 76.6] cost=701.00 no_imp=5/20 (còn 1014s)
2026-04-04 11:21:55,157 -   [Inner 76.7] cost=701.00 no_imp=6/20 (còn 1014s)
2026-04-04 11:21:55,279 -   [Inner 76.8] cost=701.00 no_imp=7/20 (còn 1013s)
2026-04-04 11:21:55,402 -   [Inner 76.9] cost=701.00 no_imp=8/20 (còn 1013s)
2026-04-04 11:21:55,526 -   [Inner 76.10] cost=701.00 no_imp=9/20 (còn 1013s)
2026-04-04 11:21:55,648 -   [Inner 76.11] cost=701.00 no_imp=10/20 (còn 1013s)
2026-04-04 11:21:55,771 -   [Inner 76.12] cost=701.00 no_imp=11/20 (còn 1013s)
2026-04-04 11:21:55,894 -   [Inner 76.13] cost=701.00 no_imp=12/20 (còn 1013s)
2026-04-04 11:21:56,015 -   [Inner 76.14] cost=701.00 no_imp=13/20 (còn 1013s)
2026-04-04 11:21:56,137 -   [Inner 76.15] cost=701.00 no_imp=14/20 (còn 1013s)
2026-04-04 11:21:56,260 -   [Inner 76.16] cost=701.00 no_imp=15/20 (còn 1012s)
2026-04-04 11:21:56,385 -   [Inner 76.17] cost=701.00 no_imp=16/20 (còn 1012s)
2026-04-04 11:21:56,509 -   [Inner 76.18] cost=701.00 no_imp=17/20 (còn 1012s)
2026-04-04 11:21:56,630 -   [Inner 76.19] cost=701.00 no_imp=18/20 (còn 1012s)
2026-04-04 11:21:56,755 -   [Inner 76.20] cost=701.00 no_imp=19/20 (còn 1012s)
2026-04-04 11:21:56,876 -   [Outer 76] Chạy Pairwise MaxSAT...
2026-04-04 11:21:56,877 -   [Outer] Pairwise không cải thiện cặp nào, quay lại inner.
2026-04-04 11:21:56,877 - === OUTER 77 | cost=701.00 (còn 1012s) ===
2026-04-04 11:21:56,877 -   [Inner 77.1] cost=701.00 no_imp=0/20 (còn 1012s)
2026-04-04 11:21:56,999 -   [Inner 77.2] cost=701.00 no_imp=1/20 (còn 1012s)
2026-04-04 11:21:57,121 -   [Inner 77.3] cost=701.00 no_imp=2/20 (còn 1012s)
2026-04-04 11:21:57,243 -   [Inner 77.4] cost=701.00 no_imp=3/20 (còn 1011s)
2026-04-04 11:21:57,367 -   [Inner 77.5] cost=701.00 no_imp=4/20 (còn 1011s)
2026-04-04 11:21:57,489 -   [Inner 77.6] cost=701.00 no_imp=5/20 (còn 1011s)
2026-04-04 11:21:57,609 -   [Inner 77.7] cost=701.00 no_imp=6/20 (còn 1011s)
2026-04-04 11:21:57,733 -   [Inner 77.8] cost=701.00 no_imp=7/20 (còn 1011s)
2026-04-04 11:21:57,857 -   [Inner 77.9] cost=701.00 no_imp=8/20 (còn 1011s)
2026-04-04 11:21:57,978 -   [Inner 77.10] cost=701.00 no_imp=9/20 (còn 1011s)
2026-04-04 11:21:58,102 -   [Inner 77.11] cost=701.00 no_imp=10/20 (còn 1011s)
2026-04-04 11:21:58,224 -   [Inner 77.12] cost=701.00 no_imp=11/20 (còn 1010s)
2026-04-04 11:21:58,350 -   [Inner 77.13] cost=701.00 no_imp=12/20 (còn 1010s)
2026-04-04 11:21:58,473 -   [Inner 77.14] cost=701.00 no_imp=13/20 (còn 1010s)
2026-04-04 11:21:58,595 -   [Inner 77.15] cost=701.00 no_imp=14/20 (còn 1010s)
2026-04-04 11:21:58,716 -   [Inner 77.16] cost=701.00 no_imp=15/20 (còn 1010s)
2026-04-04 11:21:58,841 -   [Inner 77.17] cost=701.00 no_imp=16/20 (còn 1010s)
2026-04-04 11:21:58,963 -   [Inner 77.18] cost=701.00 no_imp=17/20 (còn 1010s)
2026-04-04 11:21:59,087 -   [Inner 77.19] cost=701.00 no_imp=18/20 (còn 1010s)
2026-04-04 11:21:59,210 -   [Inner 77.20] cost=701.00 no_imp=19/20 (còn 1009s)
2026-04-04 11:21:59,332 -   [Outer 77] Chạy Pairwise MaxSAT...
2026-04-04 11:21:59,332 -   [Outer] Pairwise không cải thiện cặp nào, quay lại inner.
2026-04-04 11:21:59,333 - === OUTER 78 | cost=701.00 (còn 1009s) ===
2026-04-04 11:21:59,333 -   [Inner 78.1] cost=701.00 no_imp=0/20 (còn 1009s)
2026-04-04 11:21:59,455 -   [Inner 78.2] cost=701.00 no_imp=1/20 (còn 1009s)
2026-04-04 11:21:59,578 -   [Inner 78.3] cost=701.00 no_imp=2/20 (còn 1009s)
2026-04-04 11:21:59,700 -   [Inner 78.4] cost=701.00 no_imp=3/20 (còn 1009s)
2026-04-04 11:21:59,823 -   [Inner 78.5] cost=701.00 no_imp=4/20 (còn 1009s)
2026-04-04 11:21:59,948 -   [Inner 78.6] cost=701.00 no_imp=5/20 (còn 1009s)
2026-04-04 11:22:00,078 -   [Inner 78.7] cost=701.00 no_imp=6/20 (còn 1009s)
2026-04-04 11:22:00,200 -   [Inner 78.8] cost=701.00 no_imp=7/20 (còn 1008s)
2026-04-04 11:22:00,324 -   [Inner 78.9] cost=701.00 no_imp=8/20 (còn 1008s)
2026-04-04 11:22:00,449 -   [Inner 78.10] cost=701.00 no_imp=9/20 (còn 1008s)
2026-04-04 11:22:00,573 -   [Inner 78.11] cost=701.00 no_imp=10/20 (còn 1008s)
2026-04-04 11:22:00,697 -   [Inner 78.12] cost=701.00 no_imp=11/20 (còn 1008s)
2026-04-04 11:22:00,820 -   [Inner 78.13] cost=701.00 no_imp=12/20 (còn 1008s)
2026-04-04 11:22:00,942 -   [Inner 78.14] cost=701.00 no_imp=13/20 (còn 1008s)
2026-04-04 11:22:01,065 -   [Inner 78.15] cost=701.00 no_imp=14/20 (còn 1008s)
2026-04-04 11:22:01,187 -   [Inner 78.16] cost=701.00 no_imp=15/20 (còn 1007s)
2026-04-04 11:22:01,309 -   [Inner 78.17] cost=701.00 no_imp=16/20 (còn 1007s)
2026-04-04 11:22:01,432 -   [Inner 78.18] cost=701.00 no_imp=17/20 (còn 1007s)
2026-04-04 11:22:01,554 -   [Inner 78.19] cost=701.00 no_imp=18/20 (còn 1007s)
2026-04-04 11:22:01,677 -   [Inner 78.20] cost=701.00 no_imp=19/20 (còn 1007s)
2026-04-04 11:22:01,801 -   [Outer 78] Chạy Pairwise MaxSAT...
2026-04-04 11:22:01,801 -   [Outer] Pairwise không cải thiện cặp nào, quay lại inner.
2026-04-04 11:22:01,801 - === OUTER 79 | cost=701.00 (còn 1007s) ===
2026-04-04 11:22:01,801 -   [Inner 79.1] cost=701.00 no_imp=0/20 (còn 1007s)
2026-04-04 11:22:01,924 -   [Inner 79.2] cost=701.00 no_imp=1/20 (còn 1007s)
2026-04-04 11:22:02,049 -   [Inner 79.3] cost=701.00 no_imp=2/20 (còn 1007s)
2026-04-04 11:22:02,172 -   [Inner 79.4] cost=701.00 no_imp=3/20 (còn 1007s)
2026-04-04 11:22:02,296 -   [Inner 79.5] cost=701.00 no_imp=4/20 (còn 1006s)
2026-04-04 11:22:02,421 -   [Inner 79.6] cost=701.00 no_imp=5/20 (còn 1006s)
2026-04-04 11:22:02,543 -   [Inner 79.7] cost=701.00 no_imp=6/20 (còn 1006s)
2026-04-04 11:22:02,667 -   [Inner 79.8] cost=701.00 no_imp=7/20 (còn 1006s)
2026-04-04 11:22:02,788 -   [Inner 79.9] cost=701.00 no_imp=8/20 (còn 1006s)
2026-04-04 11:22:02,910 -   [Inner 79.10] cost=701.00 no_imp=9/20 (còn 1006s)
2026-04-04 11:22:03,032 -   [Inner 79.11] cost=701.00 no_imp=10/20 (còn 1006s)
2026-04-04 11:22:03,155 -   [Inner 79.12] cost=701.00 no_imp=11/20 (còn 1006s)
2026-04-04 11:22:03,279 -   [Inner 79.13] cost=701.00 no_imp=12/20 (còn 1005s)
2026-04-04 11:22:03,408 -   [Inner 79.14] cost=701.00 no_imp=13/20 (còn 1005s)
2026-04-04 11:22:03,531 -   [Inner 79.15] cost=701.00 no_imp=14/20 (còn 1005s)
2026-04-04 11:22:03,655 -   [Inner 79.16] cost=701.00 no_imp=15/20 (còn 1005s)
2026-04-04 11:22:03,777 -   [Inner 79.17] cost=701.00 no_imp=16/20 (còn 1005s)
2026-04-04 11:22:03,902 -   [Inner 79.18] cost=701.00 no_imp=17/20 (còn 1005s)
2026-04-04 11:22:04,026 -   [Inner 79.19] cost=701.00 no_imp=18/20 (còn 1005s)
2026-04-04 11:22:04,148 -   [Inner 79.20] cost=701.00 no_imp=19/20 (còn 1005s)
2026-04-04 11:22:04,269 -   [Outer 79] Chạy Pairwise MaxSAT...
2026-04-04 11:22:04,269 -   [Outer] Pairwise không cải thiện cặp nào, quay lại inner.
2026-04-04 11:22:04,269 - === OUTER 80 | cost=701.00 (còn 1004s) ===
2026-04-04 11:22:04,269 -   [Inner 80.1] cost=701.00 no_imp=0/20 (còn 1004s)
2026-04-04 11:22:04,391 -   [Inner 80.2] cost=701.00 no_imp=1/20 (còn 1004s)
2026-04-04 11:22:04,516 -   [Inner 80.3] cost=701.00 no_imp=2/20 (còn 1004s)
2026-04-04 11:22:04,639 -   [Inner 80.4] cost=701.00 no_imp=3/20 (còn 1004s)
2026-04-04 11:22:04,761 -   [Inner 80.5] cost=701.00 no_imp=4/20 (còn 1004s)
2026-04-04 11:22:04,884 -   [Inner 80.6] cost=701.00 no_imp=5/20 (còn 1004s)
2026-04-04 11:22:05,008 -   [Inner 80.7] cost=701.00 no_imp=6/20 (còn 1004s)
2026-04-04 11:22:05,131 -   [Inner 80.8] cost=701.00 no_imp=7/20 (còn 1004s)
2026-04-04 11:22:05,254 -   [Inner 80.9] cost=701.00 no_imp=8/20 (còn 1003s)
2026-04-04 11:22:05,376 -   [Inner 80.10] cost=701.00 no_imp=9/20 (còn 1003s)
2026-04-04 11:22:05,500 -   [Inner 80.11] cost=701.00 no_imp=10/20 (còn 1003s)
2026-04-04 11:22:05,621 -   [Inner 80.12] cost=701.00 no_imp=11/20 (còn 1003s)
2026-04-04 11:22:05,745 -   [Inner 80.13] cost=701.00 no_imp=12/20 (còn 1003s)
2026-04-04 11:22:05,867 -   [Inner 80.14] cost=701.00 no_imp=13/20 (còn 1003s)
2026-04-04 11:22:05,989 -   [Inner 80.15] cost=701.00 no_imp=14/20 (còn 1003s)
2026-04-04 11:22:06,111 -   [Inner 80.16] cost=701.00 no_imp=15/20 (còn 1003s)
2026-04-04 11:22:06,233 -   [Inner 80.17] cost=701.00 no_imp=16/20 (còn 1002s)
2026-04-04 11:22:06,355 -   [Inner 80.18] cost=701.00 no_imp=17/20 (còn 1002s)
2026-04-04 11:22:06,481 -   [Inner 80.19] cost=701.00 no_imp=18/20 (còn 1002s)
2026-04-04 11:22:06,602 -   [Inner 80.20] cost=701.00 no_imp=19/20 (còn 1002s)
2026-04-04 11:22:06,725 -   [Outer 80] Chạy Pairwise MaxSAT...
2026-04-04 11:22:06,726 -   [Outer] Pairwise không cải thiện cặp nào, quay lại inner.
2026-04-04 11:22:06,726 - === OUTER 81 | cost=701.00 (còn 1002s) ===
2026-04-04 11:22:06,726 -   [Inner 81.1] cost=701.00 no_imp=0/20 (còn 1002s)
2026-04-04 11:22:06,848 -   [Inner 81.2] cost=701.00 no_imp=1/20 (còn 1002s)
2026-04-04 11:22:06,971 -   [Inner 81.3] cost=701.00 no_imp=2/20 (còn 1002s)
2026-04-04 11:22:07,094 -   [Inner 81.4] cost=701.00 no_imp=3/20 (còn 1002s)
2026-04-04 11:22:07,216 -   [Inner 81.5] cost=701.00 no_imp=4/20 (còn 1001s)
2026-04-04 11:22:07,338 -   [Inner 81.6] cost=701.00 no_imp=5/20 (còn 1001s)
2026-04-04 11:22:07,460 -   [Inner 81.7] cost=701.00 no_imp=6/20 (còn 1001s)
2026-04-04 11:22:07,583 -   [Inner 81.8] cost=701.00 no_imp=7/20 (còn 1001s)
2026-04-04 11:22:07,708 -   [Inner 81.9] cost=701.00 no_imp=8/20 (còn 1001s)
2026-04-04 11:22:07,830 -   [Inner 81.10] cost=701.00 no_imp=9/20 (còn 1001s)
2026-04-04 11:22:07,992 -   [Inner 81.11] cost=701.00 no_imp=10/20 (còn 1001s)
2026-04-04 11:22:08,115 -   [Inner 81.12] cost=701.00 no_imp=11/20 (còn 1001s)
2026-04-04 11:22:08,238 -   [Inner 81.13] cost=701.00 no_imp=12/20 (còn 1000s)
2026-04-04 11:22:08,363 -   [Inner 81.14] cost=701.00 no_imp=13/20 (còn 1000s)
2026-04-04 11:22:08,489 -   [Inner 81.15] cost=701.00 no_imp=14/20 (còn 1000s)
2026-04-04 11:22:08,611 -   [Inner 81.16] cost=701.00 no_imp=15/20 (còn 1000s)
2026-04-04 11:22:08,734 -   [Inner 81.17] cost=701.00 no_imp=16/20 (còn 1000s)
2026-04-04 11:22:08,857 -   [Inner 81.18] cost=701.00 no_imp=17/20 (còn 1000s)
2026-04-04 11:22:08,980 -   [Inner 81.19] cost=701.00 no_imp=18/20 (còn 1000s)
2026-04-04 11:22:09,104 -   [Inner 81.20] cost=701.00 no_imp=19/20 (còn 1000s)
2026-04-04 11:22:09,226 -   [Outer 81] Chạy Pairwise MaxSAT...
2026-04-04 11:22:09,226 -   [Outer] Pairwise không cải thiện cặp nào, quay lại inner.
2026-04-04 11:22:09,226 - === OUTER 82 | cost=701.00 (còn 999s) ===
2026-04-04 11:22:09,226 -   [Inner 82.1] cost=701.00 no_imp=0/20 (còn 999s)
2026-04-04 11:22:09,350 -   [Inner 82.2] cost=701.00 no_imp=1/20 (còn 999s)
2026-04-04 11:22:09,472 -   [Inner 82.3] cost=701.00 no_imp=2/20 (còn 999s)
2026-04-04 11:22:09,595 -   [Inner 82.4] cost=701.00 no_imp=3/20 (còn 999s)
2026-04-04 11:22:09,718 -   [Inner 82.5] cost=701.00 no_imp=4/20 (còn 999s)
2026-04-04 11:22:09,840 -   [Inner 82.6] cost=701.00 no_imp=5/20 (còn 999s)
2026-04-04 11:22:09,963 -   [Inner 82.7] cost=701.00 no_imp=6/20 (còn 999s)
2026-04-04 11:22:10,086 -   [Inner 82.8] cost=701.00 no_imp=7/20 (còn 999s)
2026-04-04 11:22:10,209 -   [Inner 82.9] cost=701.00 no_imp=8/20 (còn 998s)
2026-04-04 11:22:10,332 -   [Inner 82.10] cost=701.00 no_imp=9/20 (còn 998s)
2026-04-04 11:22:10,455 -   [Inner 82.11] cost=701.00 no_imp=10/20 (còn 998s)
2026-04-04 11:22:10,582 -   [Inner 82.12] cost=701.00 no_imp=11/20 (còn 998s)
2026-04-04 11:22:10,705 -   [Inner 82.13] cost=701.00 no_imp=12/20 (còn 998s)
2026-04-04 11:22:10,828 -   [Inner 82.14] cost=701.00 no_imp=13/20 (còn 998s)
2026-04-04 11:22:10,952 -   [Inner 82.15] cost=701.00 no_imp=14/20 (còn 998s)
2026-04-04 11:22:11,074 -   [Inner 82.16] cost=701.00 no_imp=15/20 (còn 998s)
2026-04-04 11:22:11,197 -   [Inner 82.17] cost=701.00 no_imp=16/20 (còn 997s)
2026-04-04 11:22:11,318 -   [Inner 82.18] cost=701.00 no_imp=17/20 (còn 997s)
2026-04-04 11:22:11,440 -   [Inner 82.19] cost=701.00 no_imp=18/20 (còn 997s)
2026-04-04 11:22:11,563 -   [Inner 82.20] cost=701.00 no_imp=19/20 (còn 997s)
2026-04-04 11:22:11,688 -   [Outer 82] Chạy Pairwise MaxSAT...
2026-04-04 11:22:11,688 -   [Outer] Pairwise không cải thiện cặp nào, quay lại inner.
2026-04-04 11:22:11,688 - === OUTER 83 | cost=701.00 (còn 997s) ===
2026-04-04 11:22:11,688 -   [Inner 83.1] cost=701.00 no_imp=0/20 (còn 997s)
2026-04-04 11:22:11,810 -   [Inner 83.2] cost=701.00 no_imp=1/20 (còn 997s)
2026-04-04 11:22:11,932 -   [Inner 83.3] cost=701.00 no_imp=2/20 (còn 997s)
2026-04-04 11:22:12,055 -   [Inner 83.4] cost=701.00 no_imp=3/20 (còn 997s)
2026-04-04 11:22:12,179 -   [Inner 83.5] cost=701.00 no_imp=4/20 (còn 997s)
2026-04-04 11:22:12,303 -   [Inner 83.6] cost=701.00 no_imp=5/20 (còn 996s)
2026-04-04 11:22:12,425 -   [Inner 83.7] cost=701.00 no_imp=6/20 (còn 996s)
2026-04-04 11:22:12,551 -   [Inner 83.8] cost=701.00 no_imp=7/20 (còn 996s)
2026-04-04 11:22:12,673 -   [Inner 83.9] cost=701.00 no_imp=8/20 (còn 996s)
2026-04-04 11:22:12,796 -   [Inner 83.10] cost=701.00 no_imp=9/20 (còn 996s)
2026-04-04 11:22:12,918 -   [Inner 83.11] cost=701.00 no_imp=10/20 (còn 996s)
2026-04-04 11:22:13,042 -   [Inner 83.12] cost=701.00 no_imp=11/20 (còn 996s)
2026-04-04 11:22:13,163 -   [Inner 83.13] cost=701.00 no_imp=12/20 (còn 996s)
2026-04-04 11:22:13,286 -   [Inner 83.14] cost=701.00 no_imp=13/20 (còn 995s)
2026-04-04 11:22:13,409 -   [Inner 83.15] cost=701.00 no_imp=14/20 (còn 995s)
2026-04-04 11:22:13,532 -   [Inner 83.16] cost=701.00 no_imp=15/20 (còn 995s)
2026-04-04 11:22:13,654 -   [Inner 83.17] cost=701.00 no_imp=16/20 (còn 995s)
2026-04-04 11:22:13,776 -   [Inner 83.18] cost=701.00 no_imp=17/20 (còn 995s)
2026-04-04 11:22:13,899 -   [Inner 83.19] cost=701.00 no_imp=18/20 (còn 995s)
2026-04-04 11:22:14,023 -   [Inner 83.20] cost=701.00 no_imp=19/20 (còn 995s)
2026-04-04 11:22:14,146 -   [Outer 83] Chạy Pairwise MaxSAT...
2026-04-04 11:22:14,147 -   [Outer] Pairwise không cải thiện cặp nào, quay lại inner.
2026-04-04 11:22:14,147 - === OUTER 84 | cost=701.00 (còn 995s) ===
2026-04-04 11:22:14,147 -   [Inner 84.1] cost=701.00 no_imp=0/20 (còn 995s)
2026-04-04 11:22:14,268 -   [Inner 84.2] cost=701.00 no_imp=1/20 (còn 994s)
2026-04-04 11:22:14,389 -   [Inner 84.3] cost=701.00 no_imp=2/20 (còn 994s)
2026-04-04 11:22:14,511 -   [Inner 84.4] cost=701.00 no_imp=3/20 (còn 994s)
2026-04-04 11:22:14,637 -   [Inner 84.5] cost=701.00 no_imp=4/20 (còn 994s)
2026-04-04 11:22:14,762 -   [Inner 84.6] cost=701.00 no_imp=5/20 (còn 994s)
2026-04-04 11:22:14,887 -   [Inner 84.7] cost=701.00 no_imp=6/20 (còn 994s)
2026-04-04 11:22:15,011 -   [Inner 84.8] cost=701.00 no_imp=7/20 (còn 994s)
2026-04-04 11:22:15,134 -   [Inner 84.9] cost=701.00 no_imp=8/20 (còn 994s)
2026-04-04 11:22:15,257 -   [Inner 84.10] cost=701.00 no_imp=9/20 (còn 993s)
2026-04-04 11:22:15,378 -   [Inner 84.11] cost=701.00 no_imp=10/20 (còn 993s)
2026-04-04 11:22:15,503 -   [Inner 84.12] cost=701.00 no_imp=11/20 (còn 993s)
2026-04-04 11:22:15,625 -   [Inner 84.13] cost=701.00 no_imp=12/20 (còn 993s)
2026-04-04 11:22:15,748 -   [Inner 84.14] cost=701.00 no_imp=13/20 (còn 993s)
2026-04-04 11:22:15,871 -   [Inner 84.15] cost=701.00 no_imp=14/20 (còn 993s)
2026-04-04 11:22:15,995 -   [Inner 84.16] cost=701.00 no_imp=15/20 (còn 993s)
2026-04-04 11:22:16,116 -   [Inner 84.17] cost=701.00 no_imp=16/20 (còn 993s)
2026-04-04 11:22:16,239 -   [Inner 84.18] cost=701.00 no_imp=17/20 (còn 992s)
2026-04-04 11:22:16,361 -   [Inner 84.19] cost=701.00 no_imp=18/20 (còn 992s)
2026-04-04 11:22:16,485 -   [Inner 84.20] cost=701.00 no_imp=19/20 (còn 992s)
2026-04-04 11:22:16,611 -   [Outer 84] Chạy Pairwise MaxSAT...
2026-04-04 11:22:16,611 -   [Outer] Pairwise không cải thiện cặp nào, quay lại inner.
2026-04-04 11:22:16,611 - === OUTER 85 | cost=701.00 (còn 992s) ===
2026-04-04 11:22:16,611 -   [Inner 85.1] cost=701.00 no_imp=0/20 (còn 992s)
2026-04-04 11:22:16,734 -   [Inner 85.2] cost=701.00 no_imp=1/20 (còn 992s)
2026-04-04 11:22:16,858 -   [Inner 85.3] cost=701.00 no_imp=2/20 (còn 992s)
2026-04-04 11:22:16,981 -   [Inner 85.4] cost=701.00 no_imp=3/20 (còn 992s)
2026-04-04 11:22:17,105 -   [Inner 85.5] cost=701.00 no_imp=4/20 (còn 992s)
2026-04-04 11:22:17,229 -   [Inner 85.6] cost=701.00 no_imp=5/20 (còn 991s)
2026-04-04 11:22:17,351 -   [Inner 85.7] cost=701.00 no_imp=6/20 (còn 991s)
2026-04-04 11:22:17,474 -   [Inner 85.8] cost=701.00 no_imp=7/20 (còn 991s)
2026-04-04 11:22:17,597 -   [Inner 85.9] cost=701.00 no_imp=8/20 (còn 991s)
2026-04-04 11:22:17,718 -   [Inner 85.10] cost=701.00 no_imp=9/20 (còn 991s)
2026-04-04 11:22:17,841 -   [Inner 85.11] cost=701.00 no_imp=10/20 (còn 991s)
2026-04-04 11:22:17,965 -   [Inner 85.12] cost=701.00 no_imp=11/20 (còn 991s)
2026-04-04 11:22:18,088 -   [Inner 85.13] cost=701.00 no_imp=12/20 (còn 991s)
2026-04-04 11:22:18,209 -   [Inner 85.14] cost=701.00 no_imp=13/20 (còn 990s)
2026-04-04 11:22:18,334 -   [Inner 85.15] cost=701.00 no_imp=14/20 (còn 990s)
2026-04-04 11:22:18,456 -   [Inner 85.16] cost=701.00 no_imp=15/20 (còn 990s)
2026-04-04 11:22:18,578 -   [Inner 85.17] cost=701.00 no_imp=16/20 (còn 990s)
2026-04-04 11:22:18,704 -   [Inner 85.18] cost=701.00 no_imp=17/20 (còn 990s)
2026-04-04 11:22:18,827 -   [Inner 85.19] cost=701.00 no_imp=18/20 (còn 990s)
2026-04-04 11:22:18,952 -   [Inner 85.20] cost=701.00 no_imp=19/20 (còn 990s)
2026-04-04 11:22:19,074 -   [Outer 85] Chạy Pairwise MaxSAT...
2026-04-04 11:22:19,074 -   [Outer] Pairwise không cải thiện cặp nào, quay lại inner.
2026-04-04 11:22:19,075 - === OUTER 86 | cost=701.00 (còn 990s) ===
2026-04-04 11:22:19,075 -   [Inner 86.1] cost=701.00 no_imp=0/20 (còn 990s)
2026-04-04 11:22:19,196 -   [Inner 86.2] cost=701.00 no_imp=1/20 (còn 989s)
2026-04-04 11:22:19,320 -   [Inner 86.3] cost=701.00 no_imp=2/20 (còn 989s)
2026-04-04 11:22:19,444 -   [Inner 86.4] cost=701.00 no_imp=3/20 (còn 989s)
2026-04-04 11:22:19,567 -   [Inner 86.5] cost=701.00 no_imp=4/20 (còn 989s)
2026-04-04 11:22:19,689 -   [Inner 86.6] cost=701.00 no_imp=5/20 (còn 989s)
2026-04-04 11:22:19,813 -   [Inner 86.7] cost=701.00 no_imp=6/20 (còn 989s)
2026-04-04 11:22:19,936 -   [Inner 86.8] cost=701.00 no_imp=7/20 (còn 989s)
2026-04-04 11:22:20,059 -   [Inner 86.9] cost=701.00 no_imp=8/20 (còn 989s)
2026-04-04 11:22:20,182 -   [Inner 86.10] cost=701.00 no_imp=9/20 (còn 989s)
2026-04-04 11:22:20,309 -   [Inner 86.11] cost=701.00 no_imp=10/20 (còn 988s)
2026-04-04 11:22:20,431 -   [Inner 86.12] cost=701.00 no_imp=11/20 (còn 988s)
2026-04-04 11:22:20,554 -   [Inner 86.13] cost=701.00 no_imp=12/20 (còn 988s)
2026-04-04 11:22:20,679 -   [Inner 86.14] cost=701.00 no_imp=13/20 (còn 988s)
2026-04-04 11:22:20,802 -   [Inner 86.15] cost=701.00 no_imp=14/20 (còn 988s)
2026-04-04 11:22:20,925 -   [Inner 86.16] cost=701.00 no_imp=15/20 (còn 988s)
2026-04-04 11:22:21,048 -   [Inner 86.17] cost=701.00 no_imp=16/20 (còn 988s)
2026-04-04 11:22:21,170 -   [Inner 86.18] cost=701.00 no_imp=17/20 (còn 988s)
2026-04-04 11:22:21,293 -   [Inner 86.19] cost=701.00 no_imp=18/20 (còn 987s)
2026-04-04 11:22:21,417 -   [Inner 86.20] cost=701.00 no_imp=19/20 (còn 987s)
2026-04-04 11:22:21,540 -   [Outer 86] Chạy Pairwise MaxSAT...
2026-04-04 11:22:21,540 -   [Outer] Pairwise không cải thiện cặp nào, quay lại inner.
2026-04-04 11:22:21,541 - === OUTER 87 | cost=701.00 (còn 987s) ===
2026-04-04 11:22:21,541 -   [Inner 87.1] cost=701.00 no_imp=0/20 (còn 987s)
2026-04-04 11:22:21,662 -   [Inner 87.2] cost=701.00 no_imp=1/20 (còn 987s)
2026-04-04 11:22:21,784 -   [Inner 87.3] cost=701.00 no_imp=2/20 (còn 987s)
2026-04-04 11:22:21,909 -   [Inner 87.4] cost=701.00 no_imp=3/20 (còn 987s)
2026-04-04 11:22:22,033 -   [Inner 87.5] cost=701.00 no_imp=4/20 (còn 987s)
2026-04-04 11:22:22,157 -   [Inner 87.6] cost=701.00 no_imp=5/20 (còn 987s)
2026-04-04 11:22:22,278 -   [Inner 87.7] cost=701.00 no_imp=6/20 (còn 986s)
2026-04-04 11:22:22,400 -   [Inner 87.8] cost=701.00 no_imp=7/20 (còn 986s)
2026-04-04 11:22:22,523 -   [Inner 87.9] cost=701.00 no_imp=8/20 (còn 986s)
2026-04-04 11:22:22,647 -   [Inner 87.10] cost=701.00 no_imp=9/20 (còn 986s)
2026-04-04 11:22:22,770 -   [Inner 87.11] cost=701.00 no_imp=10/20 (còn 986s)
2026-04-04 11:22:22,894 -   [Inner 87.12] cost=701.00 no_imp=11/20 (còn 986s)
2026-04-04 11:22:23,017 -   [Inner 87.13] cost=701.00 no_imp=12/20 (còn 986s)
2026-04-04 11:22:23,141 -   [Inner 87.14] cost=701.00 no_imp=13/20 (còn 986s)
2026-04-04 11:22:23,263 -   [Inner 87.15] cost=701.00 no_imp=14/20 (còn 985s)
2026-04-04 11:22:23,385 -   [Inner 87.16] cost=701.00 no_imp=15/20 (còn 985s)
2026-04-04 11:22:23,508 -   [Inner 87.17] cost=701.00 no_imp=16/20 (còn 985s)
2026-04-04 11:22:23,630 -   [Inner 87.18] cost=701.00 no_imp=17/20 (còn 985s)
2026-04-04 11:22:23,754 -   [Inner 87.19] cost=701.00 no_imp=18/20 (còn 985s)
2026-04-04 11:22:23,876 -   [Inner 87.20] cost=701.00 no_imp=19/20 (còn 985s)
2026-04-04 11:22:24,000 -   [Outer 87] Chạy Pairwise MaxSAT...
2026-04-04 11:22:24,000 -   [Outer] Pairwise không cải thiện cặp nào, quay lại inner.
2026-04-04 11:22:24,000 - === OUTER 88 | cost=701.00 (còn 985s) ===
2026-04-04 11:22:24,000 -   [Inner 88.1] cost=701.00 no_imp=0/20 (còn 985s)
2026-04-04 11:22:24,122 -   [Inner 88.2] cost=701.00 no_imp=1/20 (còn 985s)
2026-04-04 11:22:24,246 -   [Inner 88.3] cost=701.00 no_imp=2/20 (còn 984s)
2026-04-04 11:22:24,369 -   [Inner 88.4] cost=701.00 no_imp=3/20 (còn 984s)
2026-04-04 11:22:24,491 -   [Inner 88.5] cost=701.00 no_imp=4/20 (còn 984s)
2026-04-04 11:22:24,614 -   [Inner 88.6] cost=701.00 no_imp=5/20 (còn 984s)
2026-04-04 11:22:24,739 -   [Inner 88.7] cost=701.00 no_imp=6/20 (còn 984s)
2026-04-04 11:22:24,862 -   [Inner 88.8] cost=701.00 no_imp=7/20 (còn 984s)
2026-04-04 11:22:24,987 -   [Inner 88.9] cost=701.00 no_imp=8/20 (còn 984s)
2026-04-04 11:22:25,109 -   [Inner 88.10] cost=701.00 no_imp=9/20 (còn 984s)
2026-04-04 11:22:25,232 -   [Inner 88.11] cost=701.00 no_imp=10/20 (còn 983s)
2026-04-04 11:22:25,355 -   [Inner 88.12] cost=701.00 no_imp=11/20 (còn 983s)
2026-04-04 11:22:25,479 -   [Inner 88.13] cost=701.00 no_imp=12/20 (còn 983s)
2026-04-04 11:22:25,601 -   [Inner 88.14] cost=701.00 no_imp=13/20 (còn 983s)
2026-04-04 11:22:25,723 -   [Inner 88.15] cost=701.00 no_imp=14/20 (còn 983s)
2026-04-04 11:22:25,846 -   [Inner 88.16] cost=701.00 no_imp=15/20 (còn 983s)
2026-04-04 11:22:25,969 -   [Inner 88.17] cost=701.00 no_imp=16/20 (còn 983s)
2026-04-04 11:22:26,093 -   [Inner 88.18] cost=701.00 no_imp=17/20 (còn 983s)
2026-04-04 11:22:26,215 -   [Inner 88.19] cost=701.00 no_imp=18/20 (còn 982s)
2026-04-04 11:22:26,337 -   [Inner 88.20] cost=701.00 no_imp=19/20 (còn 982s)
2026-04-04 11:22:26,459 -   [Outer 88] Chạy Pairwise MaxSAT...
2026-04-04 11:22:26,460 -   [Outer] Pairwise không cải thiện cặp nào, quay lại inner.
2026-04-04 11:22:26,460 - === OUTER 89 | cost=701.00 (còn 982s) ===
2026-04-04 11:22:26,460 -   [Inner 89.1] cost=701.00 no_imp=0/20 (còn 982s)
2026-04-04 11:22:26,582 -   [Inner 89.2] cost=701.00 no_imp=1/20 (còn 982s)
2026-04-04 11:22:26,706 -   [Inner 89.3] cost=701.00 no_imp=2/20 (còn 982s)
2026-04-04 11:22:26,829 -   [Inner 89.4] cost=701.00 no_imp=3/20 (còn 982s)
2026-04-04 11:22:26,950 -   [Inner 89.5] cost=701.00 no_imp=4/20 (còn 982s)
2026-04-04 11:22:27,073 -   [Inner 89.6] cost=701.00 no_imp=5/20 (còn 982s)
2026-04-04 11:22:27,196 -   [Inner 89.7] cost=701.00 no_imp=6/20 (còn 981s)
2026-04-04 11:22:27,319 -   [Inner 89.8] cost=701.00 no_imp=7/20 (còn 981s)
2026-04-04 11:22:27,443 -   [Inner 89.9] cost=701.00 no_imp=8/20 (còn 981s)
2026-04-04 11:22:27,566 -   [Inner 89.10] cost=701.00 no_imp=9/20 (còn 981s)
2026-04-04 11:22:27,688 -   [Inner 89.11] cost=701.00 no_imp=10/20 (còn 981s)
2026-04-04 11:22:27,811 -   [Inner 89.12] cost=701.00 no_imp=11/20 (còn 981s)
2026-04-04 11:22:27,934 -   [Inner 89.13] cost=701.00 no_imp=12/20 (còn 981s)
2026-04-04 11:22:28,058 -   [Inner 89.14] cost=701.00 no_imp=13/20 (còn 981s)
2026-04-04 11:22:28,181 -   [Inner 89.15] cost=701.00 no_imp=14/20 (còn 981s)
2026-04-04 11:22:28,305 -   [Inner 89.16] cost=701.00 no_imp=15/20 (còn 980s)
2026-04-04 11:22:28,429 -   [Inner 89.17] cost=701.00 no_imp=16/20 (còn 980s)
2026-04-04 11:22:28,553 -   [Inner 89.18] cost=701.00 no_imp=17/20 (còn 980s)
2026-04-04 11:22:28,676 -   [Inner 89.19] cost=701.00 no_imp=18/20 (còn 980s)
2026-04-04 11:22:28,801 -   [Inner 89.20] cost=701.00 no_imp=19/20 (còn 980s)
2026-04-04 11:22:28,922 -   [Outer 89] Chạy Pairwise MaxSAT...
2026-04-04 11:22:28,922 -   [Outer] Pairwise không cải thiện cặp nào, quay lại inner.
2026-04-04 11:22:28,922 - === OUTER 90 | cost=701.00 (còn 980s) ===
2026-04-04 11:22:28,922 -   [Inner 90.1] cost=701.00 no_imp=0/20 (còn 980s)
2026-04-04 11:22:29,047 -   [Inner 90.2] cost=701.00 no_imp=1/20 (còn 980s)
2026-04-04 11:22:29,169 -   [Inner 90.3] cost=701.00 no_imp=2/20 (còn 980s)
2026-04-04 11:22:29,292 -   [Inner 90.4] cost=701.00 no_imp=3/20 (còn 979s)
2026-04-04 11:22:29,416 -   [Inner 90.5] cost=701.00 no_imp=4/20 (còn 979s)
2026-04-04 11:22:29,539 -   [Inner 90.6] cost=701.00 no_imp=5/20 (còn 979s)
2026-04-04 11:22:29,662 -   [Inner 90.7] cost=701.00 no_imp=6/20 (còn 979s)
2026-04-04 11:22:29,785 -   [Inner 90.8] cost=701.00 no_imp=7/20 (còn 979s)
2026-04-04 11:22:29,909 -   [Inner 90.9] cost=701.00 no_imp=8/20 (còn 979s)
2026-04-04 11:22:30,034 -   [Inner 90.10] cost=701.00 no_imp=9/20 (còn 979s)
2026-04-04 11:22:30,156 -   [Inner 90.11] cost=701.00 no_imp=10/20 (còn 979s)
2026-04-04 11:22:30,279 -   [Inner 90.12] cost=701.00 no_imp=11/20 (còn 978s)
2026-04-04 11:22:30,401 -   [Inner 90.13] cost=701.00 no_imp=12/20 (còn 978s)
2026-04-04 11:22:30,523 -   [Inner 90.14] cost=701.00 no_imp=13/20 (còn 978s)
2026-04-04 11:22:30,647 -   [Inner 90.15] cost=701.00 no_imp=14/20 (còn 978s)
2026-04-04 11:22:30,771 -   [Inner 90.16] cost=701.00 no_imp=15/20 (còn 978s)
2026-04-04 11:22:30,894 -   [Inner 90.17] cost=701.00 no_imp=16/20 (còn 978s)
2026-04-04 11:22:31,017 -   [Inner 90.18] cost=701.00 no_imp=17/20 (còn 978s)
2026-04-04 11:22:31,139 -   [Inner 90.19] cost=701.00 no_imp=18/20 (còn 978s)
2026-04-04 11:22:31,261 -   [Inner 90.20] cost=701.00 no_imp=19/20 (còn 977s)
2026-04-04 11:22:31,383 -   [Outer 90] Chạy Pairwise MaxSAT...
2026-04-04 11:22:31,384 -   [Outer] Pairwise không cải thiện cặp nào, quay lại inner.
2026-04-04 11:22:31,384 - === OUTER 91 | cost=701.00 (còn 977s) ===
2026-04-04 11:22:31,384 -   [Inner 91.1] cost=701.00 no_imp=0/20 (còn 977s)
2026-04-04 11:22:31,507 -   [Inner 91.2] cost=701.00 no_imp=1/20 (còn 977s)
2026-04-04 11:22:31,631 -   [Inner 91.3] cost=701.00 no_imp=2/20 (còn 977s)
2026-04-04 11:22:31,754 -   [Inner 91.4] cost=701.00 no_imp=3/20 (còn 977s)
2026-04-04 11:22:31,876 -   [Inner 91.5] cost=701.00 no_imp=4/20 (còn 977s)
2026-04-04 11:22:31,999 -   [Inner 91.6] cost=701.00 no_imp=5/20 (còn 977s)
2026-04-04 11:22:32,123 -   [Inner 91.7] cost=701.00 no_imp=6/20 (còn 977s)
2026-04-04 11:22:32,245 -   [Inner 91.8] cost=701.00 no_imp=7/20 (còn 976s)
2026-04-04 11:22:32,368 -   [Inner 91.9] cost=701.00 no_imp=8/20 (còn 976s)
2026-04-04 11:22:32,489 -   [Inner 91.10] cost=701.00 no_imp=9/20 (còn 976s)
2026-04-04 11:22:32,636 -   [Inner 91.11] cost=701.00 no_imp=10/20 (còn 976s)
2026-04-04 11:22:32,760 -   [Inner 91.12] cost=701.00 no_imp=11/20 (còn 976s)
2026-04-04 11:22:32,885 -   [Inner 91.13] cost=701.00 no_imp=12/20 (còn 976s)
2026-04-04 11:22:33,007 -   [Inner 91.14] cost=701.00 no_imp=13/20 (còn 976s)
2026-04-04 11:22:33,129 -   [Inner 91.15] cost=701.00 no_imp=14/20 (còn 976s)
2026-04-04 11:22:33,252 -   [Inner 91.16] cost=701.00 no_imp=15/20 (còn 975s)
2026-04-04 11:22:33,376 -   [Inner 91.17] cost=701.00 no_imp=16/20 (còn 975s)
2026-04-04 11:22:33,502 -   [Inner 91.18] cost=701.00 no_imp=17/20 (còn 975s)
2026-04-04 11:22:33,626 -   [Inner 91.19] cost=701.00 no_imp=18/20 (còn 975s)
2026-04-04 11:22:33,748 -   [Inner 91.20] cost=701.00 no_imp=19/20 (còn 975s)
2026-04-04 11:22:33,870 -   [Outer 91] Chạy Pairwise MaxSAT...
2026-04-04 11:22:33,870 -   [Outer] Pairwise không cải thiện cặp nào, quay lại inner.
2026-04-04 11:22:33,870 - === OUTER 92 | cost=701.00 (còn 975s) ===
2026-04-04 11:22:33,870 -   [Inner 92.1] cost=701.00 no_imp=0/20 (còn 975s)
2026-04-04 11:22:33,994 -   [Inner 92.2] cost=701.00 no_imp=1/20 (còn 975s)
2026-04-04 11:22:34,117 -   [Inner 92.3] cost=701.00 no_imp=2/20 (còn 975s)
2026-04-04 11:22:34,241 -   [Inner 92.4] cost=701.00 no_imp=3/20 (còn 974s)
2026-04-04 11:22:34,364 -   [Inner 92.5] cost=701.00 no_imp=4/20 (còn 974s)
2026-04-04 11:22:34,487 -   [Inner 92.6] cost=701.00 no_imp=5/20 (còn 974s)
2026-04-04 11:22:34,611 -   [Inner 92.7] cost=701.00 no_imp=6/20 (còn 974s)
2026-04-04 11:22:34,734 -   [Inner 92.8] cost=701.00 no_imp=7/20 (còn 974s)
2026-04-04 11:22:34,859 -   [Inner 92.9] cost=701.00 no_imp=8/20 (còn 974s)
2026-04-04 11:22:34,982 -   [Inner 92.10] cost=701.00 no_imp=9/20 (còn 974s)
2026-04-04 11:22:35,105 -   [Inner 92.11] cost=701.00 no_imp=10/20 (còn 974s)
2026-04-04 11:22:35,227 -   [Inner 92.12] cost=701.00 no_imp=11/20 (còn 973s)
2026-04-04 11:22:35,351 -   [Inner 92.13] cost=701.00 no_imp=12/20 (còn 973s)
2026-04-04 11:22:35,475 -   [Inner 92.14] cost=701.00 no_imp=13/20 (còn 973s)
2026-04-04 11:22:35,597 -   [Inner 92.15] cost=701.00 no_imp=14/20 (còn 973s)
2026-04-04 11:22:35,722 -   [Inner 92.16] cost=701.00 no_imp=15/20 (còn 973s)
2026-04-04 11:22:35,844 -   [Inner 92.17] cost=701.00 no_imp=16/20 (còn 973s)
2026-04-04 11:22:35,967 -   [Inner 92.18] cost=701.00 no_imp=17/20 (còn 973s)
2026-04-04 11:22:36,089 -   [Inner 92.19] cost=701.00 no_imp=18/20 (còn 973s)
2026-04-04 11:22:36,211 -   [Inner 92.20] cost=701.00 no_imp=19/20 (còn 972s)
2026-04-04 11:22:36,335 -   [Outer 92] Chạy Pairwise MaxSAT...
2026-04-04 11:22:36,335 -   [Outer] Pairwise không cải thiện cặp nào, quay lại inner.
2026-04-04 11:22:36,335 - === OUTER 93 | cost=701.00 (còn 972s) ===
2026-04-04 11:22:36,335 -   [Inner 93.1] cost=701.00 no_imp=0/20 (còn 972s)
2026-04-04 11:22:36,457 -   [Inner 93.2] cost=701.00 no_imp=1/20 (còn 972s)
2026-04-04 11:22:36,580 -   [Inner 93.3] cost=701.00 no_imp=2/20 (còn 972s)
2026-04-04 11:22:36,706 -   [Inner 93.4] cost=701.00 no_imp=3/20 (còn 972s)
2026-04-04 11:22:36,829 -   [Inner 93.5] cost=701.00 no_imp=4/20 (còn 972s)
2026-04-04 11:22:36,955 -   [Inner 93.6] cost=701.00 no_imp=5/20 (còn 972s)
2026-04-04 11:22:37,079 -   [Inner 93.7] cost=701.00 no_imp=6/20 (còn 972s)
2026-04-04 11:22:37,202 -   [Inner 93.8] cost=701.00 no_imp=7/20 (còn 971s)
2026-04-04 11:22:37,325 -   [Inner 93.9] cost=701.00 no_imp=8/20 (còn 971s)
2026-04-04 11:22:37,447 -   [Inner 93.10] cost=701.00 no_imp=9/20 (còn 971s)
2026-04-04 11:22:37,569 -   [Inner 93.11] cost=701.00 no_imp=10/20 (còn 971s)
2026-04-04 11:22:37,693 -   [Inner 93.12] cost=701.00 no_imp=11/20 (còn 971s)
2026-04-04 11:22:37,815 -   [Inner 93.13] cost=701.00 no_imp=12/20 (còn 971s)
2026-04-04 11:22:37,936 -   [Inner 93.14] cost=701.00 no_imp=13/20 (còn 971s)
2026-04-04 11:22:38,059 -   [Inner 93.15] cost=701.00 no_imp=14/20 (còn 971s)
2026-04-04 11:22:38,181 -   [Inner 93.16] cost=701.00 no_imp=15/20 (còn 971s)
2026-04-04 11:22:38,302 -   [Inner 93.17] cost=701.00 no_imp=16/20 (còn 970s)
2026-04-04 11:22:38,424 -   [Inner 93.18] cost=701.00 no_imp=17/20 (còn 970s)
2026-04-04 11:22:38,546 -   [Inner 93.19] cost=701.00 no_imp=18/20 (còn 970s)
2026-04-04 11:22:38,670 -   [Inner 93.20] cost=701.00 no_imp=19/20 (còn 970s)
2026-04-04 11:22:38,793 -   [Outer 93] Chạy Pairwise MaxSAT...
2026-04-04 11:22:38,793 -   [Outer] Pairwise không cải thiện cặp nào, quay lại inner.
2026-04-04 11:22:38,793 - === OUTER 94 | cost=701.00 (còn 970s) ===
2026-04-04 11:22:38,793 -   [Inner 94.1] cost=701.00 no_imp=0/20 (còn 970s)
2026-04-04 11:22:38,918 -   [Inner 94.2] cost=701.00 no_imp=1/20 (còn 970s)
2026-04-04 11:22:39,042 -   [Inner 94.3] cost=701.00 no_imp=2/20 (còn 970s)
2026-04-04 11:22:39,164 -   [Inner 94.4] cost=701.00 no_imp=3/20 (còn 970s)
2026-04-04 11:22:39,287 -   [Inner 94.5] cost=701.00 no_imp=4/20 (còn 969s)
2026-04-04 11:22:39,409 -   [Inner 94.6] cost=701.00 no_imp=5/20 (còn 969s)
2026-04-04 11:22:39,531 -   [Inner 94.7] cost=701.00 no_imp=6/20 (còn 969s)
2026-04-04 11:22:39,654 -   [Inner 94.8] cost=701.00 no_imp=7/20 (còn 969s)
2026-04-04 11:22:39,776 -   [Inner 94.9] cost=701.00 no_imp=8/20 (còn 969s)
2026-04-04 11:22:39,900 -   [Inner 94.10] cost=701.00 no_imp=9/20 (còn 969s)
2026-04-04 11:22:40,022 -   [Inner 94.11] cost=701.00 no_imp=10/20 (còn 969s)
2026-04-04 11:22:40,144 -   [Inner 94.12] cost=701.00 no_imp=11/20 (còn 969s)
2026-04-04 11:22:40,267 -   [Inner 94.13] cost=701.00 no_imp=12/20 (còn 968s)
2026-04-04 11:22:40,389 -   [Inner 94.14] cost=701.00 no_imp=13/20 (còn 968s)
2026-04-04 11:22:40,514 -   [Inner 94.15] cost=701.00 no_imp=14/20 (còn 968s)
2026-04-04 11:22:40,637 -   [Inner 94.16] cost=701.00 no_imp=15/20 (còn 968s)
2026-04-04 11:22:40,761 -   [Inner 94.17] cost=701.00 no_imp=16/20 (còn 968s)
2026-04-04 11:22:40,884 -   [Inner 94.18] cost=701.00 no_imp=17/20 (còn 968s)
2026-04-04 11:22:41,014 -   [Inner 94.19] cost=701.00 no_imp=18/20 (còn 968s)
2026-04-04 11:22:41,136 -   [Inner 94.20] cost=701.00 no_imp=19/20 (còn 968s)
2026-04-04 11:22:41,258 -   [Outer 94] Chạy Pairwise MaxSAT...
2026-04-04 11:22:41,258 -   [Outer] Pairwise không cải thiện cặp nào, quay lại inner.
2026-04-04 11:22:41,258 - === OUTER 95 | cost=701.00 (còn 967s) ===
2026-04-04 11:22:41,259 -   [Inner 95.1] cost=701.00 no_imp=0/20 (còn 967s)
2026-04-04 11:22:41,383 -   [Inner 95.2] cost=701.00 no_imp=1/20 (còn 967s)
2026-04-04 11:22:41,507 -   [Inner 95.3] cost=701.00 no_imp=2/20 (còn 967s)
2026-04-04 11:22:41,630 -   [Inner 95.4] cost=701.00 no_imp=3/20 (còn 967s)
2026-04-04 11:22:41,754 -   [Inner 95.5] cost=701.00 no_imp=4/20 (còn 967s)
2026-04-04 11:22:41,877 -   [Inner 95.6] cost=701.00 no_imp=5/20 (còn 967s)
2026-04-04 11:22:41,999 -   [Inner 95.7] cost=701.00 no_imp=6/20 (còn 967s)
2026-04-04 11:22:42,122 -   [Inner 95.8] cost=701.00 no_imp=7/20 (còn 967s)
2026-04-04 11:22:42,243 -   [Inner 95.9] cost=701.00 no_imp=8/20 (còn 966s)
2026-04-04 11:22:42,366 -   [Inner 95.10] cost=701.00 no_imp=9/20 (còn 966s)
2026-04-04 11:22:42,489 -   [Inner 95.11] cost=701.00 no_imp=10/20 (còn 966s)
2026-04-04 11:22:42,611 -   [Inner 95.12] cost=701.00 no_imp=11/20 (còn 966s)
2026-04-04 11:22:42,736 -   [Inner 95.13] cost=701.00 no_imp=12/20 (còn 966s)
2026-04-04 11:22:42,859 -   [Inner 95.14] cost=701.00 no_imp=13/20 (còn 966s)
2026-04-04 11:22:42,985 -   [Inner 95.15] cost=701.00 no_imp=14/20 (còn 966s)
2026-04-04 11:22:43,106 -   [Inner 95.16] cost=701.00 no_imp=15/20 (còn 966s)
2026-04-04 11:22:43,227 -   [Inner 95.17] cost=701.00 no_imp=16/20 (còn 965s)
2026-04-04 11:22:43,349 -   [Inner 95.18] cost=701.00 no_imp=17/20 (còn 965s)
2026-04-04 11:22:43,472 -   [Inner 95.19] cost=701.00 no_imp=18/20 (còn 965s)
2026-04-04 11:22:43,595 -   [Inner 95.20] cost=701.00 no_imp=19/20 (còn 965s)
2026-04-04 11:22:43,717 -   [Outer 95] Chạy Pairwise MaxSAT...
2026-04-04 11:22:43,718 -   [Outer] Pairwise không cải thiện cặp nào, quay lại inner.
2026-04-04 11:22:43,718 - === OUTER 96 | cost=701.00 (còn 965s) ===
2026-04-04 11:22:43,718 -   [Inner 96.1] cost=701.00 no_imp=0/20 (còn 965s)
2026-04-04 11:22:43,840 -   [Inner 96.2] cost=701.00 no_imp=1/20 (còn 965s)
2026-04-04 11:22:43,964 -   [Inner 96.3] cost=701.00 no_imp=2/20 (còn 965s)
2026-04-04 11:22:44,087 -   [Inner 96.4] cost=701.00 no_imp=3/20 (còn 965s)
2026-04-04 11:22:44,209 -   [Inner 96.5] cost=701.00 no_imp=4/20 (còn 964s)
2026-04-04 11:22:44,331 -   [Inner 96.6] cost=701.00 no_imp=5/20 (còn 964s)
2026-04-04 11:22:44,454 -   [Inner 96.7] cost=701.00 no_imp=6/20 (còn 964s)
2026-04-04 11:22:44,576 -   [Inner 96.8] cost=701.00 no_imp=7/20 (còn 964s)
2026-04-04 11:22:44,701 -   [Inner 96.9] cost=701.00 no_imp=8/20 (còn 964s)
2026-04-04 11:22:44,826 -   [Inner 96.10] cost=701.00 no_imp=9/20 (còn 964s)
2026-04-04 11:22:44,950 -   [Inner 96.11] cost=701.00 no_imp=10/20 (còn 964s)
2026-04-04 11:22:45,075 -   [Inner 96.12] cost=701.00 no_imp=11/20 (còn 964s)
2026-04-04 11:22:45,197 -   [Inner 96.13] cost=701.00 no_imp=12/20 (còn 963s)
2026-04-04 11:22:45,321 -   [Inner 96.14] cost=701.00 no_imp=13/20 (còn 963s)
2026-04-04 11:22:45,443 -   [Inner 96.15] cost=701.00 no_imp=14/20 (còn 963s)
2026-04-04 11:22:45,566 -   [Inner 96.16] cost=701.00 no_imp=15/20 (còn 963s)
2026-04-04 11:22:45,689 -   [Inner 96.17] cost=701.00 no_imp=16/20 (còn 963s)
2026-04-04 11:22:45,813 -   [Inner 96.18] cost=701.00 no_imp=17/20 (còn 963s)
2026-04-04 11:22:45,936 -   [Inner 96.19] cost=701.00 no_imp=18/20 (còn 963s)
2026-04-04 11:22:46,060 -   [Inner 96.20] cost=701.00 no_imp=19/20 (còn 963s)
2026-04-04 11:22:46,181 -   [Outer 96] Chạy Pairwise MaxSAT...
2026-04-04 11:22:46,182 -   [Outer] Pairwise không cải thiện cặp nào, quay lại inner.
2026-04-04 11:22:46,182 - === OUTER 97 | cost=701.00 (còn 963s) ===
2026-04-04 11:22:46,182 -   [Inner 97.1] cost=701.00 no_imp=0/20 (còn 963s)
2026-04-04 11:22:46,305 -   [Inner 97.2] cost=701.00 no_imp=1/20 (còn 962s)
2026-04-04 11:22:46,427 -   [Inner 97.3] cost=701.00 no_imp=2/20 (còn 962s)
2026-04-04 11:22:46,550 -   [Inner 97.4] cost=701.00 no_imp=3/20 (còn 962s)
2026-04-04 11:22:46,673 -   [Inner 97.5] cost=701.00 no_imp=4/20 (còn 962s)
2026-04-04 11:22:46,797 -   [Inner 97.6] cost=701.00 no_imp=5/20 (còn 962s)
2026-04-04 11:22:46,920 -   [Inner 97.7] cost=701.00 no_imp=6/20 (còn 962s)
2026-04-04 11:22:47,047 -   [Inner 97.8] cost=701.00 no_imp=7/20 (còn 962s)
2026-04-04 11:22:47,170 -   [Inner 97.9] cost=701.00 no_imp=8/20 (còn 962s)
2026-04-04 11:22:47,292 -   [Inner 97.10] cost=701.00 no_imp=9/20 (còn 961s)
2026-04-04 11:22:47,415 -   [Inner 97.11] cost=701.00 no_imp=10/20 (còn 961s)
2026-04-04 11:22:47,537 -   [Inner 97.12] cost=701.00 no_imp=11/20 (còn 961s)
2026-04-04 11:22:47,660 -   [Inner 97.13] cost=701.00 no_imp=12/20 (còn 961s)
2026-04-04 11:22:47,784 -   [Inner 97.14] cost=701.00 no_imp=13/20 (còn 961s)
2026-04-04 11:22:47,907 -   [Inner 97.15] cost=701.00 no_imp=14/20 (còn 961s)
2026-04-04 11:22:48,031 -   [Inner 97.16] cost=701.00 no_imp=15/20 (còn 961s)
2026-04-04 11:22:48,152 -   [Inner 97.17] cost=701.00 no_imp=16/20 (còn 961s)
2026-04-04 11:22:48,279 -   [Inner 97.18] cost=701.00 no_imp=17/20 (còn 960s)
2026-04-04 11:22:48,417 -   [Inner 97.19] cost=701.00 no_imp=18/20 (còn 960s)
2026-04-04 11:22:48,550 -   [Inner 97.20] cost=701.00 no_imp=19/20 (còn 960s)
2026-04-04 11:22:48,676 -   [Outer 97] Chạy Pairwise MaxSAT...
2026-04-04 11:22:48,676 -   [Outer] Pairwise không cải thiện cặp nào, quay lại inner.
2026-04-04 11:22:48,677 - === OUTER 98 | cost=701.00 (còn 960s) ===
2026-04-04 11:22:48,677 -   [Inner 98.1] cost=701.00 no_imp=0/20 (còn 960s)
2026-04-04 11:22:48,801 -   [Inner 98.2] cost=701.00 no_imp=1/20 (còn 960s)
2026-04-04 11:22:48,925 -   [Inner 98.3] cost=701.00 no_imp=2/20 (còn 960s)
2026-04-04 11:22:49,052 -   [Inner 98.4] cost=701.00 no_imp=3/20 (còn 960s)
2026-04-04 11:22:49,175 -   [Inner 98.5] cost=701.00 no_imp=4/20 (còn 960s)
2026-04-04 11:22:49,297 -   [Inner 98.6] cost=701.00 no_imp=5/20 (còn 959s)
2026-04-04 11:22:49,419 -   [Inner 98.7] cost=701.00 no_imp=6/20 (còn 959s)
2026-04-04 11:22:49,543 -   [Inner 98.8] cost=701.00 no_imp=7/20 (còn 959s)
2026-04-04 11:22:49,665 -   [Inner 98.9] cost=701.00 no_imp=8/20 (còn 959s)
2026-04-04 11:22:49,788 -   [Inner 98.10] cost=701.00 no_imp=9/20 (còn 959s)
2026-04-04 11:22:49,911 -   [Inner 98.11] cost=701.00 no_imp=10/20 (còn 959s)
2026-04-04 11:22:50,038 -   [Inner 98.12] cost=701.00 no_imp=11/20 (còn 959s)
2026-04-04 11:22:50,160 -   [Inner 98.13] cost=701.00 no_imp=12/20 (còn 959s)
2026-04-04 11:22:50,285 -   [Inner 98.14] cost=701.00 no_imp=13/20 (còn 958s)
2026-04-04 11:22:50,405 -   [Inner 98.15] cost=701.00 no_imp=14/20 (còn 958s)
2026-04-04 11:22:50,528 -   [Inner 98.16] cost=701.00 no_imp=15/20 (còn 958s)
2026-04-04 11:22:50,651 -   [Inner 98.17] cost=701.00 no_imp=16/20 (còn 958s)
2026-04-04 11:22:50,773 -   [Inner 98.18] cost=701.00 no_imp=17/20 (còn 958s)
2026-04-04 11:22:50,897 -   [Inner 98.19] cost=701.00 no_imp=18/20 (còn 958s)
2026-04-04 11:22:51,020 -   [Inner 98.20] cost=701.00 no_imp=19/20 (còn 958s)
2026-04-04 11:22:51,146 -   [Outer 98] Chạy Pairwise MaxSAT...
2026-04-04 11:22:51,146 -   [Outer] Pairwise không cải thiện cặp nào, quay lại inner.
2026-04-04 11:22:51,146 - === OUTER 99 | cost=701.00 (còn 958s) ===
2026-04-04 11:22:51,146 -   [Inner 99.1] cost=701.00 no_imp=0/20 (còn 958s)
2026-04-04 11:22:51,269 -   [Inner 99.2] cost=701.00 no_imp=1/20 (còn 957s)
2026-04-04 11:22:51,390 -   [Inner 99.3] cost=701.00 no_imp=2/20 (còn 957s)
2026-04-04 11:22:51,512 -   [Inner 99.4] cost=701.00 no_imp=3/20 (còn 957s)
2026-04-04 11:22:51,635 -   [Inner 99.5] cost=701.00 no_imp=4/20 (còn 957s)
2026-04-04 11:22:51,757 -   [Inner 99.6] cost=701.00 no_imp=5/20 (còn 957s)
2026-04-04 11:22:51,881 -   [Inner 99.7] cost=701.00 no_imp=6/20 (còn 957s)
2026-04-04 11:22:52,005 -   [Inner 99.8] cost=701.00 no_imp=7/20 (còn 957s)
2026-04-04 11:22:52,129 -   [Inner 99.9] cost=701.00 no_imp=8/20 (còn 957s)
2026-04-04 11:22:52,251 -   [Inner 99.10] cost=701.00 no_imp=9/20 (còn 956s)
2026-04-04 11:22:52,373 -   [Inner 99.11] cost=701.00 no_imp=10/20 (còn 956s)
2026-04-04 11:22:52,497 -   [Inner 99.12] cost=701.00 no_imp=11/20 (còn 956s)
2026-04-04 11:22:52,618 -   [Inner 99.13] cost=701.00 no_imp=12/20 (còn 956s)
2026-04-04 11:22:52,742 -   [Inner 99.14] cost=701.00 no_imp=13/20 (còn 956s)
2026-04-04 11:22:52,863 -   [Inner 99.15] cost=701.00 no_imp=14/20 (còn 956s)
2026-04-04 11:22:52,987 -   [Inner 99.16] cost=701.00 no_imp=15/20 (còn 956s)
2026-04-04 11:22:53,113 -   [Inner 99.17] cost=701.00 no_imp=16/20 (còn 956s)
2026-04-04 11:22:53,236 -   [Inner 99.18] cost=701.00 no_imp=17/20 (còn 955s)
2026-04-04 11:22:53,358 -   [Inner 99.19] cost=701.00 no_imp=18/20 (còn 955s)
2026-04-04 11:22:53,481 -   [Inner 99.20] cost=701.00 no_imp=19/20 (còn 955s)
2026-04-04 11:22:53,601 -   [Outer 99] Chạy Pairwise MaxSAT...
2026-04-04 11:22:53,602 -   [Outer] Pairwise không cải thiện cặp nào, quay lại inner.
2026-04-04 11:22:53,602 - === OUTER 100 | cost=701.00 (còn 955s) ===
2026-04-04 11:22:53,602 -   [Inner 100.1] cost=701.00 no_imp=0/20 (còn 955s)
2026-04-04 11:22:53,724 -   [Inner 100.2] cost=701.00 no_imp=1/20 (còn 955s)
2026-04-04 11:22:53,847 -   [Inner 100.3] cost=701.00 no_imp=2/20 (còn 955s)
2026-04-04 11:22:53,971 -   [Inner 100.4] cost=701.00 no_imp=3/20 (còn 955s)
2026-04-04 11:22:54,095 -   [Inner 100.5] cost=701.00 no_imp=4/20 (còn 955s)
2026-04-04 11:22:54,217 -   [Inner 100.6] cost=701.00 no_imp=5/20 (còn 954s)
2026-04-04 11:22:54,340 -   [Inner 100.7] cost=701.00 no_imp=6/20 (còn 954s)
2026-04-04 11:22:54,462 -   [Inner 100.8] cost=701.00 no_imp=7/20 (còn 954s)
2026-04-04 11:22:54,583 -   [Inner 100.9] cost=701.00 no_imp=8/20 (còn 954s)
2026-04-04 11:22:54,706 -   [Inner 100.10] cost=701.00 no_imp=9/20 (còn 954s)
2026-04-04 11:22:54,830 -   [Inner 100.11] cost=701.00 no_imp=10/20 (còn 954s)
2026-04-04 11:22:54,954 -   [Inner 100.12] cost=701.00 no_imp=11/20 (còn 954s)
2026-04-04 11:22:55,075 -   [Inner 100.13] cost=701.00 no_imp=12/20 (còn 954s)
2026-04-04 11:22:55,202 -   [Inner 100.14] cost=701.00 no_imp=13/20 (còn 953s)
2026-04-04 11:22:55,329 -   [Inner 100.15] cost=701.00 no_imp=14/20 (còn 953s)
2026-04-04 11:22:55,455 -   [Inner 100.16] cost=701.00 no_imp=15/20 (còn 953s)
2026-04-04 11:22:55,580 -   [Inner 100.17] cost=701.00 no_imp=16/20 (còn 953s)
2026-04-04 11:22:55,703 -   [Inner 100.18] cost=701.00 no_imp=17/20 (còn 953s)
2026-04-04 11:22:55,831 -   [Inner 100.19] cost=701.00 no_imp=18/20 (còn 953s)
2026-04-04 11:22:55,956 -   [Inner 100.20] cost=701.00 no_imp=19/20 (còn 953s)
2026-04-04 11:22:56,081 -   [Outer 100] Chạy Pairwise MaxSAT...
2026-04-04 11:22:56,081 -   [Outer] Pairwise không cải thiện cặp nào, quay lại inner.
2026-04-04 11:22:56,081 - === OUTER 101 | cost=701.00 (còn 953s) ===
2026-04-04 11:22:56,081 -   [Inner 101.1] cost=701.00 no_imp=0/20 (còn 953s)
2026-04-04 11:22:56,204 -   [Inner 101.2] cost=701.00 no_imp=1/20 (còn 952s)
2026-04-04 11:22:56,327 -   [Inner 101.3] cost=701.00 no_imp=2/20 (còn 952s)
2026-04-04 11:22:56,448 -   [Inner 101.4] cost=701.00 no_imp=3/20 (còn 952s)
2026-04-04 11:22:56,571 -   [Inner 101.5] cost=701.00 no_imp=4/20 (còn 952s)
2026-04-04 11:22:56,698 -   [Inner 101.6] cost=701.00 no_imp=5/20 (còn 952s)
2026-04-04 11:22:56,820 -   [Inner 101.7] cost=701.00 no_imp=6/20 (còn 952s)
2026-04-04 11:22:56,942 -   [Inner 101.8] cost=701.00 no_imp=7/20 (còn 952s)
2026-04-04 11:22:57,066 -   [Inner 101.9] cost=701.00 no_imp=8/20 (còn 952s)
2026-04-04 11:22:57,191 -   [Inner 101.10] cost=701.00 no_imp=9/20 (còn 951s)
2026-04-04 11:22:57,314 -   [Inner 101.11] cost=701.00 no_imp=10/20 (còn 951s)
2026-04-04 11:22:57,472 -   [Inner 101.12] cost=701.00 no_imp=11/20 (còn 951s)
2026-04-04 11:22:57,594 -   [Inner 101.13] cost=701.00 no_imp=12/20 (còn 951s)
2026-04-04 11:22:57,717 -   [Inner 101.14] cost=701.00 no_imp=13/20 (còn 951s)
2026-04-04 11:22:57,840 -   [Inner 101.15] cost=701.00 no_imp=14/20 (còn 951s)
2026-04-04 11:22:57,963 -   [Inner 101.16] cost=701.00 no_imp=15/20 (còn 951s)
2026-04-04 11:22:58,084 -   [Inner 101.17] cost=701.00 no_imp=16/20 (còn 951s)
2026-04-04 11:22:58,209 -   [Inner 101.18] cost=701.00 no_imp=17/20 (còn 950s)
2026-04-04 11:22:58,332 -   [Inner 101.19] cost=701.00 no_imp=18/20 (còn 950s)
2026-04-04 11:22:58,455 -   [Inner 101.20] cost=701.00 no_imp=19/20 (còn 950s)
2026-04-04 11:22:58,579 -   [Outer 101] Chạy Pairwise MaxSAT...
2026-04-04 11:22:58,580 -   [Outer] Pairwise không cải thiện cặp nào, quay lại inner.
2026-04-04 11:22:58,580 - === OUTER 102 | cost=701.00 (còn 950s) ===
2026-04-04 11:22:58,580 -   [Inner 102.1] cost=701.00 no_imp=0/20 (còn 950s)
2026-04-04 11:22:58,703 -   [Inner 102.2] cost=701.00 no_imp=1/20 (còn 950s)
2026-04-04 11:22:58,826 -   [Inner 102.3] cost=701.00 no_imp=2/20 (còn 950s)
2026-04-04 11:22:58,949 -   [Inner 102.4] cost=701.00 no_imp=3/20 (còn 950s)
2026-04-04 11:22:59,072 -   [Inner 102.5] cost=701.00 no_imp=4/20 (còn 950s)
2026-04-04 11:22:59,198 -   [Inner 102.6] cost=701.00 no_imp=5/20 (còn 949s)
2026-04-04 11:22:59,320 -   [Inner 102.7] cost=701.00 no_imp=6/20 (còn 949s)
2026-04-04 11:22:59,443 -   [Inner 102.8] cost=701.00 no_imp=7/20 (còn 949s)
2026-04-04 11:22:59,566 -   [Inner 102.9] cost=701.00 no_imp=8/20 (còn 949s)
2026-04-04 11:22:59,690 -   [Inner 102.10] cost=701.00 no_imp=9/20 (còn 949s)
2026-04-04 11:22:59,813 -   [Inner 102.11] cost=701.00 no_imp=10/20 (còn 949s)
2026-04-04 11:22:59,937 -   [Inner 102.12] cost=701.00 no_imp=11/20 (còn 949s)
2026-04-04 11:23:00,068 -   [Inner 102.13] cost=701.00 no_imp=12/20 (còn 949s)
2026-04-04 11:23:00,193 -   [Inner 102.14] cost=701.00 no_imp=13/20 (còn 948s)
2026-04-04 11:23:00,318 -   [Inner 102.15] cost=701.00 no_imp=14/20 (còn 948s)
2026-04-04 11:23:00,440 -   [Inner 102.16] cost=701.00 no_imp=15/20 (còn 948s)
2026-04-04 11:23:00,562 -   [Inner 102.17] cost=701.00 no_imp=16/20 (còn 948s)
2026-04-04 11:23:00,685 -   [Inner 102.18] cost=701.00 no_imp=17/20 (còn 948s)
2026-04-04 11:23:00,808 -   [Inner 102.19] cost=701.00 no_imp=18/20 (còn 948s)
2026-04-04 11:23:00,930 -   [Inner 102.20] cost=701.00 no_imp=19/20 (còn 948s)
2026-04-04 11:23:01,054 -   [Outer 102] Chạy Pairwise MaxSAT...
2026-04-04 11:23:01,054 -   [Outer] Pairwise không cải thiện cặp nào, quay lại inner.
2026-04-04 11:23:01,054 - === OUTER 103 | cost=701.00 (còn 948s) ===
2026-04-04 11:23:01,054 -   [Inner 103.1] cost=701.00 no_imp=0/20 (còn 948s)
2026-04-04 11:23:01,176 -   [Inner 103.2] cost=701.00 no_imp=1/20 (còn 948s)
2026-04-04 11:23:01,302 -   [Inner 103.3] cost=701.00 no_imp=2/20 (còn 947s)
2026-04-04 11:23:01,424 -   [Inner 103.4] cost=701.00 no_imp=3/20 (còn 947s)
2026-04-04 11:23:01,547 -   [Inner 103.5] cost=701.00 no_imp=4/20 (còn 947s)
2026-04-04 11:23:01,670 -   [Inner 103.6] cost=701.00 no_imp=5/20 (còn 947s)
2026-04-04 11:23:01,793 -   [Inner 103.7] cost=701.00 no_imp=6/20 (còn 947s)
2026-04-04 11:23:01,916 -   [Inner 103.8] cost=701.00 no_imp=7/20 (còn 947s)
2026-04-04 11:23:02,040 -   [Inner 103.9] cost=701.00 no_imp=8/20 (còn 947s)
2026-04-04 11:23:02,163 -   [Inner 103.10] cost=701.00 no_imp=9/20 (còn 947s)
2026-04-04 11:23:02,287 -   [Inner 103.11] cost=701.00 no_imp=10/20 (còn 946s)
2026-04-04 11:23:02,409 -   [Inner 103.12] cost=701.00 no_imp=11/20 (còn 946s)
2026-04-04 11:23:02,530 -   [Inner 103.13] cost=701.00 no_imp=12/20 (còn 946s)
2026-04-04 11:23:02,653 -   [Inner 103.14] cost=701.00 no_imp=13/20 (còn 946s)
2026-04-04 11:23:02,774 -   [Inner 103.15] cost=701.00 no_imp=14/20 (còn 946s)
2026-04-04 11:23:02,897 -   [Inner 103.16] cost=701.00 no_imp=15/20 (còn 946s)
2026-04-04 11:23:03,020 -   [Inner 103.17] cost=701.00 no_imp=16/20 (còn 946s)
2026-04-04 11:23:03,142 -   [Inner 103.18] cost=701.00 no_imp=17/20 (còn 946s)
2026-04-04 11:23:03,268 -   [Inner 103.19] cost=701.00 no_imp=18/20 (còn 945s)
2026-04-04 11:23:03,393 -   [Inner 103.20] cost=701.00 no_imp=19/20 (còn 945s)
2026-04-04 11:23:03,522 -   [Outer 103] Chạy Pairwise MaxSAT...
2026-04-04 11:23:03,522 -   [Outer] Pairwise không cải thiện cặp nào, quay lại inner.
2026-04-04 11:23:03,522 - === OUTER 104 | cost=701.00 (còn 945s) ===
2026-04-04 11:23:03,522 -   [Inner 104.1] cost=701.00 no_imp=0/20 (còn 945s)
2026-04-04 11:23:03,646 -   [Inner 104.2] cost=701.00 no_imp=1/20 (còn 945s)
2026-04-04 11:23:03,768 -   [Inner 104.3] cost=701.00 no_imp=2/20 (còn 945s)
2026-04-04 11:23:03,891 -   [Inner 104.4] cost=701.00 no_imp=3/20 (còn 945s)
2026-04-04 11:23:04,016 -   [Inner 104.5] cost=701.00 no_imp=4/20 (còn 945s)
2026-04-04 11:23:04,138 -   [Inner 104.6] cost=701.00 no_imp=5/20 (còn 945s)
2026-04-04 11:23:04,260 -   [Inner 104.7] cost=701.00 no_imp=6/20 (còn 944s)
2026-04-04 11:23:04,383 -   [Inner 104.8] cost=701.00 no_imp=7/20 (còn 944s)
2026-04-04 11:23:04,506 -   [Inner 104.9] cost=701.00 no_imp=8/20 (còn 944s)
2026-04-04 11:23:04,629 -   [Inner 104.10] cost=701.00 no_imp=9/20 (còn 944s)
2026-04-04 11:23:04,751 -   [Inner 104.11] cost=701.00 no_imp=10/20 (còn 944s)
2026-04-04 11:23:04,873 -   [Inner 104.12] cost=701.00 no_imp=11/20 (còn 944s)
2026-04-04 11:23:04,995 -   [Inner 104.13] cost=701.00 no_imp=12/20 (còn 944s)
2026-04-04 11:23:05,119 -   [Inner 104.14] cost=701.00 no_imp=13/20 (còn 944s)
2026-04-04 11:23:05,243 -   [Inner 104.15] cost=701.00 no_imp=14/20 (còn 943s)
2026-04-04 11:23:05,366 -   [Inner 104.16] cost=701.00 no_imp=15/20 (còn 943s)
2026-04-04 11:23:05,490 -   [Inner 104.17] cost=701.00 no_imp=16/20 (còn 943s)
2026-04-04 11:23:05,611 -   [Inner 104.18] cost=701.00 no_imp=17/20 (còn 943s)
2026-04-04 11:23:05,733 -   [Inner 104.19] cost=701.00 no_imp=18/20 (còn 943s)
2026-04-04 11:23:05,856 -   [Inner 104.20] cost=701.00 no_imp=19/20 (còn 943s)
2026-04-04 11:23:05,978 -   [Outer 104] Chạy Pairwise MaxSAT...
2026-04-04 11:23:05,978 -   [Outer] Pairwise không cải thiện cặp nào, quay lại inner.
2026-04-04 11:23:05,978 - === OUTER 105 | cost=701.00 (còn 943s) ===
2026-04-04 11:23:05,978 -   [Inner 105.1] cost=701.00 no_imp=0/20 (còn 943s)
2026-04-04 11:23:06,101 -   [Inner 105.2] cost=701.00 no_imp=1/20 (còn 943s)
2026-04-04 11:23:06,223 -   [Inner 105.3] cost=701.00 no_imp=2/20 (còn 942s)
2026-04-04 11:23:06,347 -   [Inner 105.4] cost=701.00 no_imp=3/20 (còn 942s)
2026-04-04 11:23:06,469 -   [Inner 105.5] cost=701.00 no_imp=4/20 (còn 942s)
2026-04-04 11:23:06,591 -   [Inner 105.6] cost=701.00 no_imp=5/20 (còn 942s)
2026-04-04 11:23:06,714 -   [Inner 105.7] cost=701.00 no_imp=6/20 (còn 942s)
2026-04-04 11:23:06,836 -   [Inner 105.8] cost=701.00 no_imp=7/20 (còn 942s)
2026-04-04 11:23:06,961 -   [Inner 105.9] cost=701.00 no_imp=8/20 (còn 942s)
2026-04-04 11:23:07,084 -   [Inner 105.10] cost=701.00 no_imp=9/20 (còn 942s)
2026-04-04 11:23:07,205 -   [Inner 105.11] cost=701.00 no_imp=10/20 (còn 941s)
2026-04-04 11:23:07,332 -   [Inner 105.12] cost=701.00 no_imp=11/20 (còn 941s)
2026-04-04 11:23:07,455 -   [Inner 105.13] cost=701.00 no_imp=12/20 (còn 941s)
2026-04-04 11:23:07,578 -   [Inner 105.14] cost=701.00 no_imp=13/20 (còn 941s)
2026-04-04 11:23:07,701 -   [Inner 105.15] cost=701.00 no_imp=14/20 (còn 941s)
2026-04-04 11:23:07,824 -   [Inner 105.16] cost=701.00 no_imp=15/20 (còn 941s)
2026-04-04 11:23:07,945 -   [Inner 105.17] cost=701.00 no_imp=16/20 (còn 941s)
2026-04-04 11:23:08,069 -   [Inner 105.18] cost=701.00 no_imp=17/20 (còn 941s)
2026-04-04 11:23:08,191 -   [Inner 105.19] cost=701.00 no_imp=18/20 (còn 940s)
2026-04-04 11:23:08,314 -   [Inner 105.20] cost=701.00 no_imp=19/20 (còn 940s)
2026-04-04 11:23:08,437 -   [Outer 105] Chạy Pairwise MaxSAT...
2026-04-04 11:23:08,437 -   [Outer] Pairwise không cải thiện cặp nào, quay lại inner.
2026-04-04 11:23:08,437 - === OUTER 106 | cost=701.00 (còn 940s) ===
2026-04-04 11:23:08,437 -   [Inner 106.1] cost=701.00 no_imp=0/20 (còn 940s)
2026-04-04 11:23:08,562 -   [Inner 106.2] cost=701.00 no_imp=1/20 (còn 940s)
2026-04-04 11:23:08,686 -   [Inner 106.3] cost=701.00 no_imp=2/20 (còn 940s)
2026-04-04 11:23:08,810 -   [Inner 106.4] cost=701.00 no_imp=3/20 (còn 940s)
2026-04-04 11:23:08,931 -   [Inner 106.5] cost=701.00 no_imp=4/20 (còn 940s)
2026-04-04 11:23:09,054 -   [Inner 106.6] cost=701.00 no_imp=5/20 (còn 940s)
2026-04-04 11:23:09,178 -   [Inner 106.7] cost=701.00 no_imp=6/20 (còn 940s)
2026-04-04 11:23:09,302 -   [Inner 106.8] cost=701.00 no_imp=7/20 (còn 939s)
2026-04-04 11:23:09,424 -   [Inner 106.9] cost=701.00 no_imp=8/20 (còn 939s)
2026-04-04 11:23:09,547 -   [Inner 106.10] cost=701.00 no_imp=9/20 (còn 939s)
2026-04-04 11:23:09,670 -   [Inner 106.11] cost=701.00 no_imp=10/20 (còn 939s)
2026-04-04 11:23:09,792 -   [Inner 106.12] cost=701.00 no_imp=11/20 (còn 939s)
2026-04-04 11:23:09,917 -   [Inner 106.13] cost=701.00 no_imp=12/20 (còn 939s)
2026-04-04 11:23:10,040 -   [Inner 106.14] cost=701.00 no_imp=13/20 (còn 939s)
2026-04-04 11:23:10,161 -   [Inner 106.15] cost=701.00 no_imp=14/20 (còn 939s)
2026-04-04 11:23:10,282 -   [Inner 106.16] cost=701.00 no_imp=15/20 (còn 938s)
2026-04-04 11:23:10,404 -   [Inner 106.17] cost=701.00 no_imp=16/20 (còn 938s)
2026-04-04 11:23:10,527 -   [Inner 106.18] cost=701.00 no_imp=17/20 (còn 938s)
2026-04-04 11:23:10,650 -   [Inner 106.19] cost=701.00 no_imp=18/20 (còn 938s)
2026-04-04 11:23:10,773 -   [Inner 106.20] cost=701.00 no_imp=19/20 (còn 938s)
2026-04-04 11:23:10,896 -   [Outer 106] Chạy Pairwise MaxSAT...
2026-04-04 11:23:10,896 -   [Outer] Pairwise không cải thiện cặp nào, quay lại inner.
2026-04-04 11:23:10,896 - === OUTER 107 | cost=701.00 (còn 938s) ===
2026-04-04 11:23:10,896 -   [Inner 107.1] cost=701.00 no_imp=0/20 (còn 938s)
2026-04-04 11:23:11,019 -   [Inner 107.2] cost=701.00 no_imp=1/20 (còn 938s)
2026-04-04 11:23:11,143 -   [Inner 107.3] cost=701.00 no_imp=2/20 (còn 938s)
2026-04-04 11:23:11,265 -   [Inner 107.4] cost=701.00 no_imp=3/20 (còn 937s)
2026-04-04 11:23:11,390 -   [Inner 107.5] cost=701.00 no_imp=4/20 (còn 937s)
2026-04-04 11:23:11,514 -   [Inner 107.6] cost=701.00 no_imp=5/20 (còn 937s)
2026-04-04 11:23:11,636 -   [Inner 107.7] cost=701.00 no_imp=6/20 (còn 937s)
2026-04-04 11:23:11,761 -   [Inner 107.8] cost=701.00 no_imp=7/20 (còn 937s)
2026-04-04 11:23:11,884 -   [Inner 107.9] cost=701.00 no_imp=8/20 (còn 937s)
2026-04-04 11:23:12,006 -   [Inner 107.10] cost=701.00 no_imp=9/20 (còn 937s)
2026-04-04 11:23:12,128 -   [Inner 107.11] cost=701.00 no_imp=10/20 (còn 937s)
2026-04-04 11:23:12,251 -   [Inner 107.12] cost=701.00 no_imp=11/20 (còn 936s)
2026-04-04 11:23:12,373 -   [Inner 107.13] cost=701.00 no_imp=12/20 (còn 936s)
2026-04-04 11:23:12,495 -   [Inner 107.14] cost=701.00 no_imp=13/20 (còn 936s)
2026-04-04 11:23:12,617 -   [Inner 107.15] cost=701.00 no_imp=14/20 (còn 936s)
2026-04-04 11:23:12,739 -   [Inner 107.16] cost=701.00 no_imp=15/20 (còn 936s)
2026-04-04 11:23:12,860 -   [Inner 107.17] cost=701.00 no_imp=16/20 (còn 936s)
2026-04-04 11:23:12,982 -   [Inner 107.18] cost=701.00 no_imp=17/20 (còn 936s)
2026-04-04 11:23:13,105 -   [Inner 107.19] cost=701.00 no_imp=18/20 (còn 936s)
2026-04-04 11:23:13,228 -   [Inner 107.20] cost=701.00 no_imp=19/20 (còn 935s)
2026-04-04 11:23:13,352 -   [Outer 107] Chạy Pairwise MaxSAT...
2026-04-04 11:23:13,352 -   [Outer] Pairwise không cải thiện cặp nào, quay lại inner.
2026-04-04 11:23:13,352 - === OUTER 108 | cost=701.00 (còn 935s) ===
2026-04-04 11:23:13,353 -   [Inner 108.1] cost=701.00 no_imp=0/20 (còn 935s)
2026-04-04 11:23:13,477 -   [Inner 108.2] cost=701.00 no_imp=1/20 (còn 935s)
2026-04-04 11:23:13,600 -   [Inner 108.3] cost=701.00 no_imp=2/20 (còn 935s)
2026-04-04 11:23:13,723 -   [Inner 108.4] cost=701.00 no_imp=3/20 (còn 935s)
2026-04-04 11:23:13,846 -   [Inner 108.5] cost=701.00 no_imp=4/20 (còn 935s)
2026-04-04 11:23:13,967 -   [Inner 108.6] cost=701.00 no_imp=5/20 (còn 935s)
2026-04-04 11:23:14,091 -   [Inner 108.7] cost=701.00 no_imp=6/20 (còn 935s)
2026-04-04 11:23:14,214 -   [Inner 108.8] cost=701.00 no_imp=7/20 (còn 934s)
2026-04-04 11:23:14,337 -   [Inner 108.9] cost=701.00 no_imp=8/20 (còn 934s)
2026-04-04 11:23:14,460 -   [Inner 108.10] cost=701.00 no_imp=9/20 (còn 934s)
2026-04-04 11:23:14,583 -   [Inner 108.11] cost=701.00 no_imp=10/20 (còn 934s)
2026-04-04 11:23:14,706 -   [Inner 108.12] cost=701.00 no_imp=11/20 (còn 934s)
2026-04-04 11:23:14,829 -   [Inner 108.13] cost=701.00 no_imp=12/20 (còn 934s)
2026-04-04 11:23:14,949 -   [Inner 108.14] cost=701.00 no_imp=13/20 (còn 934s)
2026-04-04 11:23:15,073 -   [Inner 108.15] cost=701.00 no_imp=14/20 (còn 934s)
2026-04-04 11:23:15,196 -   [Inner 108.16] cost=701.00 no_imp=15/20 (còn 933s)
2026-04-04 11:23:15,319 -   [Inner 108.17] cost=701.00 no_imp=16/20 (còn 933s)
2026-04-04 11:23:15,443 -   [Inner 108.18] cost=701.00 no_imp=17/20 (còn 933s)
2026-04-04 11:23:15,566 -   [Inner 108.19] cost=701.00 no_imp=18/20 (còn 933s)
2026-04-04 11:23:15,690 -   [Inner 108.20] cost=701.00 no_imp=19/20 (còn 933s)
2026-04-04 11:23:15,811 -   [Outer 108] Chạy Pairwise MaxSAT...
2026-04-04 11:23:15,812 -   [Outer] Pairwise không cải thiện cặp nào, quay lại inner.
2026-04-04 11:23:15,812 - === OUTER 109 | cost=701.00 (còn 933s) ===
2026-04-04 11:23:15,812 -   [Inner 109.1] cost=701.00 no_imp=0/20 (còn 933s)
2026-04-04 11:23:15,935 -   [Inner 109.2] cost=701.00 no_imp=1/20 (còn 933s)
2026-04-04 11:23:16,060 -   [Inner 109.3] cost=701.00 no_imp=2/20 (còn 933s)
2026-04-04 11:23:16,182 -   [Inner 109.4] cost=701.00 no_imp=3/20 (còn 933s)
2026-04-04 11:23:16,305 -   [Inner 109.5] cost=701.00 no_imp=4/20 (còn 932s)
2026-04-04 11:23:16,427 -   [Inner 109.6] cost=701.00 no_imp=5/20 (còn 932s)
2026-04-04 11:23:16,549 -   [Inner 109.7] cost=701.00 no_imp=6/20 (còn 932s)
2026-04-04 11:23:16,672 -   [Inner 109.8] cost=701.00 no_imp=7/20 (còn 932s)
2026-04-04 11:23:16,794 -   [Inner 109.9] cost=701.00 no_imp=8/20 (còn 932s)
2026-04-04 11:23:16,917 -   [Inner 109.10] cost=701.00 no_imp=9/20 (còn 932s)
2026-04-04 11:23:17,041 -   [Inner 109.11] cost=701.00 no_imp=10/20 (còn 932s)
2026-04-04 11:23:17,163 -   [Inner 109.12] cost=701.00 no_imp=11/20 (còn 932s)
2026-04-04 11:23:17,286 -   [Inner 109.13] cost=701.00 no_imp=12/20 (còn 931s)
2026-04-04 11:23:17,412 -   [Inner 109.14] cost=701.00 no_imp=13/20 (còn 931s)
2026-04-04 11:23:17,536 -   [Inner 109.15] cost=701.00 no_imp=14/20 (còn 931s)
2026-04-04 11:23:17,660 -   [Inner 109.16] cost=701.00 no_imp=15/20 (còn 931s)
2026-04-04 11:23:17,782 -   [Inner 109.17] cost=701.00 no_imp=16/20 (còn 931s)
2026-04-04 11:23:17,905 -   [Inner 109.18] cost=701.00 no_imp=17/20 (còn 931s)
2026-04-04 11:23:18,028 -   [Inner 109.19] cost=701.00 no_imp=18/20 (còn 931s)
2026-04-04 11:23:18,150 -   [Inner 109.20] cost=701.00 no_imp=19/20 (còn 931s)
2026-04-04 11:23:18,274 -   [Outer 109] Chạy Pairwise MaxSAT...
2026-04-04 11:23:18,274 -   [Outer] Pairwise không cải thiện cặp nào, quay lại inner.
2026-04-04 11:23:18,275 - === OUTER 110 | cost=701.00 (còn 930s) ===
2026-04-04 11:23:18,275 -   [Inner 110.1] cost=701.00 no_imp=0/20 (còn 930s)
2026-04-04 11:23:18,397 -   [Inner 110.2] cost=701.00 no_imp=1/20 (còn 930s)
2026-04-04 11:23:18,520 -   [Inner 110.3] cost=701.00 no_imp=2/20 (còn 930s)
2026-04-04 11:23:18,648 -   [Inner 110.4] cost=701.00 no_imp=3/20 (còn 930s)
2026-04-04 11:23:18,769 -   [Inner 110.5] cost=701.00 no_imp=4/20 (còn 930s)
2026-04-04 11:23:18,892 -   [Inner 110.6] cost=701.00 no_imp=5/20 (còn 930s)
2026-04-04 11:23:19,019 -   [Inner 110.7] cost=701.00 no_imp=6/20 (còn 930s)
2026-04-04 11:23:19,142 -   [Inner 110.8] cost=701.00 no_imp=7/20 (còn 930s)
2026-04-04 11:23:19,263 -   [Inner 110.9] cost=701.00 no_imp=8/20 (còn 929s)
2026-04-04 11:23:19,385 -   [Inner 110.10] cost=701.00 no_imp=9/20 (còn 929s)
2026-04-04 11:23:19,509 -   [Inner 110.11] cost=701.00 no_imp=10/20 (còn 929s)
2026-04-04 11:23:19,632 -   [Inner 110.12] cost=701.00 no_imp=11/20 (còn 929s)
2026-04-04 11:23:19,755 -   [Inner 110.13] cost=701.00 no_imp=12/20 (còn 929s)
2026-04-04 11:23:19,877 -   [Inner 110.14] cost=701.00 no_imp=13/20 (còn 929s)
2026-04-04 11:23:19,999 -   [Inner 110.15] cost=701.00 no_imp=14/20 (còn 929s)
2026-04-04 11:23:20,123 -   [Inner 110.16] cost=701.00 no_imp=15/20 (còn 929s)
2026-04-04 11:23:20,249 -   [Inner 110.17] cost=701.00 no_imp=16/20 (còn 928s)
2026-04-04 11:23:20,371 -   [Inner 110.18] cost=701.00 no_imp=17/20 (còn 928s)
2026-04-04 11:23:20,494 -   [Inner 110.19] cost=701.00 no_imp=18/20 (còn 928s)
2026-04-04 11:23:20,616 -   [Inner 110.20] cost=701.00 no_imp=19/20 (còn 928s)
2026-04-04 11:23:20,740 -   [Outer 110] Chạy Pairwise MaxSAT...
2026-04-04 11:23:20,740 -   [Outer] Pairwise không cải thiện cặp nào, quay lại inner.
2026-04-04 11:23:20,740 - === OUTER 111 | cost=701.00 (còn 928s) ===
2026-04-04 11:23:20,740 -   [Inner 111.1] cost=701.00 no_imp=0/20 (còn 928s)
2026-04-04 11:23:20,863 -   [Inner 111.2] cost=701.00 no_imp=1/20 (còn 928s)
2026-04-04 11:23:20,985 -   [Inner 111.3] cost=701.00 no_imp=2/20 (còn 928s)
2026-04-04 11:23:21,109 -   [Inner 111.4] cost=701.00 no_imp=3/20 (còn 928s)
2026-04-04 11:23:21,232 -   [Inner 111.5] cost=701.00 no_imp=4/20 (còn 927s)
2026-04-04 11:23:21,355 -   [Inner 111.6] cost=701.00 no_imp=5/20 (còn 927s)
2026-04-04 11:23:21,482 -   [Inner 111.7] cost=701.00 no_imp=6/20 (còn 927s)
2026-04-04 11:23:21,603 -   [Inner 111.8] cost=701.00 no_imp=7/20 (còn 927s)
2026-04-04 11:23:21,725 -   [Inner 111.9] cost=701.00 no_imp=8/20 (còn 927s)
2026-04-04 11:23:21,849 -   [Inner 111.10] cost=701.00 no_imp=9/20 (còn 927s)
2026-04-04 11:23:21,998 -   [Inner 111.11] cost=701.00 no_imp=10/20 (còn 927s)
2026-04-04 11:23:22,121 -   [Inner 111.12] cost=701.00 no_imp=11/20 (còn 927s)
2026-04-04 11:23:22,243 -   [Inner 111.13] cost=701.00 no_imp=12/20 (còn 926s)
2026-04-04 11:23:22,365 -   [Inner 111.14] cost=701.00 no_imp=13/20 (còn 926s)
2026-04-04 11:23:22,487 -   [Inner 111.15] cost=701.00 no_imp=14/20 (còn 926s)
2026-04-04 11:23:22,610 -   [Inner 111.16] cost=701.00 no_imp=15/20 (còn 926s)
2026-04-04 11:23:22,733 -   [Inner 111.17] cost=701.00 no_imp=16/20 (còn 926s)
2026-04-04 11:23:22,856 -   [Inner 111.18] cost=701.00 no_imp=17/20 (còn 926s)
2026-04-04 11:23:22,978 -   [Inner 111.19] cost=701.00 no_imp=18/20 (còn 926s)
2026-04-04 11:23:23,102 -   [Inner 111.20] cost=701.00 no_imp=19/20 (còn 926s)
2026-04-04 11:23:23,224 -   [Outer 111] Chạy Pairwise MaxSAT...
2026-04-04 11:23:23,224 -   [Outer] Pairwise không cải thiện cặp nào, quay lại inner.
2026-04-04 11:23:23,224 - === OUTER 112 | cost=701.00 (còn 925s) ===
2026-04-04 11:23:23,224 -   [Inner 112.1] cost=701.00 no_imp=0/20 (còn 925s)
2026-04-04 11:23:23,346 -   [Inner 112.2] cost=701.00 no_imp=1/20 (còn 925s)
2026-04-04 11:23:23,468 -   [Inner 112.3] cost=701.00 no_imp=2/20 (còn 925s)
2026-04-04 11:23:23,595 -   [Inner 112.4] cost=701.00 no_imp=3/20 (còn 925s)
2026-04-04 11:23:23,718 -   [Inner 112.5] cost=701.00 no_imp=4/20 (còn 925s)
2026-04-04 11:23:23,839 -   [Inner 112.6] cost=701.00 no_imp=5/20 (còn 925s)
2026-04-04 11:23:23,961 -   [Inner 112.7] cost=701.00 no_imp=6/20 (còn 925s)
2026-04-04 11:23:24,083 -   [Inner 112.8] cost=701.00 no_imp=7/20 (còn 925s)
2026-04-04 11:23:24,207 -   [Inner 112.9] cost=701.00 no_imp=8/20 (còn 924s)
2026-04-04 11:23:24,330 -   [Inner 112.10] cost=701.00 no_imp=9/20 (còn 924s)
2026-04-04 11:23:24,452 -   [Inner 112.11] cost=701.00 no_imp=10/20 (còn 924s)
2026-04-04 11:23:24,576 -   [Inner 112.12] cost=701.00 no_imp=11/20 (còn 924s)
2026-04-04 11:23:24,699 -   [Inner 112.13] cost=701.00 no_imp=12/20 (còn 924s)
2026-04-04 11:23:24,823 -   [Inner 112.14] cost=701.00 no_imp=13/20 (còn 924s)
2026-04-04 11:23:24,945 -   [Inner 112.15] cost=701.00 no_imp=14/20 (còn 924s)
2026-04-04 11:23:25,069 -   [Inner 112.16] cost=701.00 no_imp=15/20 (còn 924s)
2026-04-04 11:23:25,192 -   [Inner 112.17] cost=701.00 no_imp=16/20 (còn 923s)
2026-04-04 11:23:25,315 -   [Inner 112.18] cost=701.00 no_imp=17/20 (còn 923s)
2026-04-04 11:23:25,437 -   [Inner 112.19] cost=701.00 no_imp=18/20 (còn 923s)
2026-04-04 11:23:25,565 -   [Inner 112.20] cost=701.00 no_imp=19/20 (còn 923s)
2026-04-04 11:23:25,688 -   [Outer 112] Chạy Pairwise MaxSAT...
2026-04-04 11:23:25,689 -   [Outer] Pairwise không cải thiện cặp nào, quay lại inner.
2026-04-04 11:23:25,689 - === OUTER 113 | cost=701.00 (còn 923s) ===
2026-04-04 11:23:25,689 -   [Inner 113.1] cost=701.00 no_imp=0/20 (còn 923s)
2026-04-04 11:23:25,812 -   [Inner 113.2] cost=701.00 no_imp=1/20 (còn 923s)
2026-04-04 11:23:25,932 -   [Inner 113.3] cost=701.00 no_imp=2/20 (còn 923s)
2026-04-04 11:23:26,057 -   [Inner 113.4] cost=701.00 no_imp=3/20 (còn 923s)
2026-04-04 11:23:26,179 -   [Inner 113.5] cost=701.00 no_imp=4/20 (còn 923s)
2026-04-04 11:23:26,302 -   [Inner 113.6] cost=701.00 no_imp=5/20 (còn 922s)
2026-04-04 11:23:26,423 -   [Inner 113.7] cost=701.00 no_imp=6/20 (còn 922s)
2026-04-04 11:23:26,546 -   [Inner 113.8] cost=701.00 no_imp=7/20 (còn 922s)
2026-04-04 11:23:26,672 -   [Inner 113.9] cost=701.00 no_imp=8/20 (còn 922s)
2026-04-04 11:23:26,794 -   [Inner 113.10] cost=701.00 no_imp=9/20 (còn 922s)
2026-04-04 11:23:26,915 -   [Inner 113.11] cost=701.00 no_imp=10/20 (còn 922s)
2026-04-04 11:23:27,041 -   [Inner 113.12] cost=701.00 no_imp=11/20 (còn 922s)
2026-04-04 11:23:27,165 -   [Inner 113.13] cost=701.00 no_imp=12/20 (còn 922s)
2026-04-04 11:23:27,288 -   [Inner 113.14] cost=701.00 no_imp=13/20 (còn 921s)
2026-04-04 11:23:27,411 -   [Inner 113.15] cost=701.00 no_imp=14/20 (còn 921s)
2026-04-04 11:23:27,533 -   [Inner 113.16] cost=701.00 no_imp=15/20 (còn 921s)
2026-04-04 11:23:27,657 -   [Inner 113.17] cost=701.00 no_imp=16/20 (còn 921s)
2026-04-04 11:23:27,780 -   [Inner 113.18] cost=701.00 no_imp=17/20 (còn 921s)
2026-04-04 11:23:27,903 -   [Inner 113.19] cost=701.00 no_imp=18/20 (còn 921s)
2026-04-04 11:23:28,025 -   [Inner 113.20] cost=701.00 no_imp=19/20 (còn 921s)
2026-04-04 11:23:28,147 -   [Outer 113] Chạy Pairwise MaxSAT...
2026-04-04 11:23:28,147 -   [Outer] Pairwise không cải thiện cặp nào, quay lại inner.
2026-04-04 11:23:28,148 - === OUTER 114 | cost=701.00 (còn 921s) ===
2026-04-04 11:23:28,148 -   [Inner 114.1] cost=701.00 no_imp=0/20 (còn 921s)
2026-04-04 11:23:28,271 -   [Inner 114.2] cost=701.00 no_imp=1/20 (còn 920s)
2026-04-04 11:23:28,393 -   [Inner 114.3] cost=701.00 no_imp=2/20 (còn 920s)
2026-04-04 11:23:28,517 -   [Inner 114.4] cost=701.00 no_imp=3/20 (còn 920s)
2026-04-04 11:23:28,639 -   [Inner 114.5] cost=701.00 no_imp=4/20 (còn 920s)
2026-04-04 11:23:28,762 -   [Inner 114.6] cost=701.00 no_imp=5/20 (còn 920s)
2026-04-04 11:23:28,885 -   [Inner 114.7] cost=701.00 no_imp=6/20 (còn 920s)
2026-04-04 11:23:29,009 -   [Inner 114.8] cost=701.00 no_imp=7/20 (còn 920s)
2026-04-04 11:23:29,130 -   [Inner 114.9] cost=701.00 no_imp=8/20 (còn 920s)
2026-04-04 11:23:29,254 -   [Inner 114.10] cost=701.00 no_imp=9/20 (còn 919s)
2026-04-04 11:23:29,376 -   [Inner 114.11] cost=701.00 no_imp=10/20 (còn 919s)
2026-04-04 11:23:29,499 -   [Inner 114.12] cost=701.00 no_imp=11/20 (còn 919s)
2026-04-04 11:23:29,624 -   [Inner 114.13] cost=701.00 no_imp=12/20 (còn 919s)
2026-04-04 11:23:29,747 -   [Inner 114.14] cost=701.00 no_imp=13/20 (còn 919s)
2026-04-04 11:23:29,870 -   [Inner 114.15] cost=701.00 no_imp=14/20 (còn 919s)
2026-04-04 11:23:29,994 -   [Inner 114.16] cost=701.00 no_imp=15/20 (còn 919s)
2026-04-04 11:23:30,116 -   [Inner 114.17] cost=701.00 no_imp=16/20 (còn 919s)
2026-04-04 11:23:30,237 -   [Inner 114.18] cost=701.00 no_imp=17/20 (còn 918s)
2026-04-04 11:23:30,360 -   [Inner 114.19] cost=701.00 no_imp=18/20 (còn 918s)
2026-04-04 11:23:30,483 -   [Inner 114.20] cost=701.00 no_imp=19/20 (còn 918s)
2026-04-04 11:23:30,605 -   [Outer 114] Chạy Pairwise MaxSAT...
2026-04-04 11:23:30,606 -   [Outer] Pairwise không cải thiện cặp nào, quay lại inner.
2026-04-04 11:23:30,606 - === OUTER 115 | cost=701.00 (còn 918s) ===
2026-04-04 11:23:30,606 -   [Inner 115.1] cost=701.00 no_imp=0/20 (còn 918s)
2026-04-04 11:23:30,731 -   [Inner 115.2] cost=701.00 no_imp=1/20 (còn 918s)
2026-04-04 11:23:30,858 -   [Inner 115.3] cost=701.00 no_imp=2/20 (còn 918s)
2026-04-04 11:23:30,981 -   [Inner 115.4] cost=701.00 no_imp=3/20 (còn 918s)
2026-04-04 11:23:31,105 -   [Inner 115.5] cost=701.00 no_imp=4/20 (còn 918s)
2026-04-04 11:23:31,226 -   [Inner 115.6] cost=701.00 no_imp=5/20 (còn 917s)
2026-04-04 11:23:31,348 -   [Inner 115.7] cost=701.00 no_imp=6/20 (còn 917s)
2026-04-04 11:23:31,471 -   [Inner 115.8] cost=701.00 no_imp=7/20 (còn 917s)
2026-04-04 11:23:31,595 -   [Inner 115.9] cost=701.00 no_imp=8/20 (còn 917s)
2026-04-04 11:23:31,718 -   [Inner 115.10] cost=701.00 no_imp=9/20 (còn 917s)
2026-04-04 11:23:31,842 -   [Inner 115.11] cost=701.00 no_imp=10/20 (còn 917s)
2026-04-04 11:23:31,964 -   [Inner 115.12] cost=701.00 no_imp=11/20 (còn 917s)
2026-04-04 11:23:32,090 -   [Inner 115.13] cost=701.00 no_imp=12/20 (còn 917s)
2026-04-04 11:23:32,212 -   [Inner 115.14] cost=701.00 no_imp=13/20 (còn 916s)
2026-04-04 11:23:32,336 -   [Inner 115.15] cost=701.00 no_imp=14/20 (còn 916s)
2026-04-04 11:23:32,458 -   [Inner 115.16] cost=701.00 no_imp=15/20 (còn 916s)
2026-04-04 11:23:32,581 -   [Inner 115.17] cost=701.00 no_imp=16/20 (còn 916s)
2026-04-04 11:23:32,704 -   [Inner 115.18] cost=701.00 no_imp=17/20 (còn 916s)
2026-04-04 11:23:32,827 -   [Inner 115.19] cost=701.00 no_imp=18/20 (còn 916s)
2026-04-04 11:23:32,948 -   [Inner 115.20] cost=701.00 no_imp=19/20 (còn 916s)
2026-04-04 11:23:33,072 -   [Outer 115] Chạy Pairwise MaxSAT...
2026-04-04 11:23:33,072 -   [Outer] Pairwise không cải thiện cặp nào, quay lại inner.
2026-04-04 11:23:33,072 - === OUTER 116 | cost=701.00 (còn 916s) ===
2026-04-04 11:23:33,073 -   [Inner 116.1] cost=701.00 no_imp=0/20 (còn 916s)
2026-04-04 11:23:33,198 -   [Inner 116.2] cost=701.00 no_imp=1/20 (còn 915s)
2026-04-04 11:23:33,323 -   [Inner 116.3] cost=701.00 no_imp=2/20 (còn 915s)
2026-04-04 11:23:33,450 -   [Inner 116.4] cost=701.00 no_imp=3/20 (còn 915s)
2026-04-04 11:23:33,573 -   [Inner 116.5] cost=701.00 no_imp=4/20 (còn 915s)
2026-04-04 11:23:33,700 -   [Inner 116.6] cost=701.00 no_imp=5/20 (còn 915s)
2026-04-04 11:23:33,824 -   [Inner 116.7] cost=701.00 no_imp=6/20 (còn 915s)
2026-04-04 11:23:33,947 -   [Inner 116.8] cost=701.00 no_imp=7/20 (còn 915s)
2026-04-04 11:23:34,071 -   [Inner 116.9] cost=701.00 no_imp=8/20 (còn 915s)
2026-04-04 11:23:34,196 -   [Inner 116.10] cost=701.00 no_imp=9/20 (còn 914s)
2026-04-04 11:23:34,320 -   [Inner 116.11] cost=701.00 no_imp=10/20 (còn 914s)
2026-04-04 11:23:34,441 -   [Inner 116.12] cost=701.00 no_imp=11/20 (còn 914s)
2026-04-04 11:23:34,564 -   [Inner 116.13] cost=701.00 no_imp=12/20 (còn 914s)
2026-04-04 11:23:34,690 -   [Inner 116.14] cost=701.00 no_imp=13/20 (còn 914s)
2026-04-04 11:23:34,813 -   [Inner 116.15] cost=701.00 no_imp=14/20 (còn 914s)
2026-04-04 11:23:34,935 -   [Inner 116.16] cost=701.00 no_imp=15/20 (còn 914s)
2026-04-04 11:23:35,061 -   [Inner 116.17] cost=701.00 no_imp=16/20 (còn 914s)
2026-04-04 11:23:35,184 -   [Inner 116.18] cost=701.00 no_imp=17/20 (còn 914s)
2026-04-04 11:23:35,307 -   [Inner 116.19] cost=701.00 no_imp=18/20 (còn 913s)
2026-04-04 11:23:35,430 -   [Inner 116.20] cost=701.00 no_imp=19/20 (còn 913s)
2026-04-04 11:23:35,552 -   [Outer 116] Chạy Pairwise MaxSAT...
2026-04-04 11:23:35,552 -   [Outer] Pairwise không cải thiện cặp nào, quay lại inner.
2026-04-04 11:23:35,553 - === OUTER 117 | cost=701.00 (còn 913s) ===
2026-04-04 11:23:35,553 -   [Inner 117.1] cost=701.00 no_imp=0/20 (còn 913s)
2026-04-04 11:23:35,678 -   [Inner 117.2] cost=701.00 no_imp=1/20 (còn 913s)
2026-04-04 11:23:35,801 -   [Inner 117.3] cost=701.00 no_imp=2/20 (còn 913s)
2026-04-04 11:23:35,926 -   [Inner 117.4] cost=701.00 no_imp=3/20 (còn 913s)
2026-04-04 11:23:36,051 -   [Inner 117.5] cost=701.00 no_imp=4/20 (còn 913s)
2026-04-04 11:23:36,172 -   [Inner 117.6] cost=701.00 no_imp=5/20 (còn 913s)
2026-04-04 11:23:36,296 -   [Inner 117.7] cost=701.00 no_imp=6/20 (còn 912s)
2026-04-04 11:23:36,418 -   [Inner 117.8] cost=701.00 no_imp=7/20 (còn 912s)
2026-04-04 11:23:36,541 -   [Inner 117.9] cost=701.00 no_imp=8/20 (còn 912s)
2026-04-04 11:23:36,662 -   [Inner 117.10] cost=701.00 no_imp=9/20 (còn 912s)
2026-04-04 11:23:36,784 -   [Inner 117.11] cost=701.00 no_imp=10/20 (còn 912s)
2026-04-04 11:23:36,909 -   [Inner 117.12] cost=701.00 no_imp=11/20 (còn 912s)
2026-04-04 11:23:37,032 -   [Inner 117.13] cost=701.00 no_imp=12/20 (còn 912s)
2026-04-04 11:23:37,155 -   [Inner 117.14] cost=701.00 no_imp=13/20 (còn 912s)
2026-04-04 11:23:37,277 -   [Inner 117.15] cost=701.00 no_imp=14/20 (còn 911s)
2026-04-04 11:23:37,401 -   [Inner 117.16] cost=701.00 no_imp=15/20 (còn 911s)
2026-04-04 11:23:37,526 -   [Inner 117.17] cost=701.00 no_imp=16/20 (còn 911s)
2026-04-04 11:23:37,657 -   [Inner 117.18] cost=701.00 no_imp=17/20 (còn 911s)
2026-04-04 11:23:37,791 -   [Inner 117.19] cost=701.00 no_imp=18/20 (còn 911s)
2026-04-04 11:23:37,915 -   [Inner 117.20] cost=701.00 no_imp=19/20 (còn 911s)
2026-04-04 11:23:38,040 -   [Outer 117] Chạy Pairwise MaxSAT...
2026-04-04 11:23:38,040 -   [Outer] Pairwise không cải thiện cặp nào, quay lại inner.
2026-04-04 11:23:38,041 - === OUTER 118 | cost=701.00 (còn 911s) ===
2026-04-04 11:23:38,041 -   [Inner 118.1] cost=701.00 no_imp=0/20 (còn 911s)
2026-04-04 11:23:38,161 -   [Inner 118.2] cost=701.00 no_imp=1/20 (còn 911s)
2026-04-04 11:23:38,284 -   [Inner 118.3] cost=701.00 no_imp=2/20 (còn 910s)
2026-04-04 11:23:38,406 -   [Inner 118.4] cost=701.00 no_imp=3/20 (còn 910s)
2026-04-04 11:23:38,529 -   [Inner 118.5] cost=701.00 no_imp=4/20 (còn 910s)
2026-04-04 11:23:38,652 -   [Inner 118.6] cost=701.00 no_imp=5/20 (còn 910s)
2026-04-04 11:23:38,776 -   [Inner 118.7] cost=701.00 no_imp=6/20 (còn 910s)
2026-04-04 11:23:38,899 -   [Inner 118.8] cost=701.00 no_imp=7/20 (còn 910s)
2026-04-04 11:23:39,022 -   [Inner 118.9] cost=701.00 no_imp=8/20 (còn 910s)
2026-04-04 11:23:39,145 -   [Inner 118.10] cost=701.00 no_imp=9/20 (còn 910s)
2026-04-04 11:23:39,268 -   [Inner 118.11] cost=701.00 no_imp=10/20 (còn 909s)
2026-04-04 11:23:39,390 -   [Inner 118.12] cost=701.00 no_imp=11/20 (còn 909s)
2026-04-04 11:23:39,512 -   [Inner 118.13] cost=701.00 no_imp=12/20 (còn 909s)
2026-04-04 11:23:39,634 -   [Inner 118.14] cost=701.00 no_imp=13/20 (còn 909s)
2026-04-04 11:23:39,762 -   [Inner 118.15] cost=701.00 no_imp=14/20 (còn 909s)
2026-04-04 11:23:39,885 -   [Inner 118.16] cost=701.00 no_imp=15/20 (còn 909s)
2026-04-04 11:23:40,007 -   [Inner 118.17] cost=701.00 no_imp=16/20 (còn 909s)
2026-04-04 11:23:40,129 -   [Inner 118.18] cost=701.00 no_imp=17/20 (còn 909s)
2026-04-04 11:23:40,252 -   [Inner 118.19] cost=701.00 no_imp=18/20 (còn 908s)
2026-04-04 11:23:40,374 -   [Inner 118.20] cost=701.00 no_imp=19/20 (còn 908s)
2026-04-04 11:23:40,500 -   [Outer 118] Chạy Pairwise MaxSAT...
2026-04-04 11:23:40,501 -   [Outer] Pairwise không cải thiện cặp nào, quay lại inner.
2026-04-04 11:23:40,501 - === OUTER 119 | cost=701.00 (còn 908s) ===
2026-04-04 11:23:40,501 -   [Inner 119.1] cost=701.00 no_imp=0/20 (còn 908s)
2026-04-04 11:23:40,624 -   [Inner 119.2] cost=701.00 no_imp=1/20 (còn 908s)
2026-04-04 11:23:40,756 -   [Inner 119.3] cost=701.00 no_imp=2/20 (còn 908s)
2026-04-04 11:23:40,878 -   [Inner 119.4] cost=701.00 no_imp=3/20 (còn 908s)
2026-04-04 11:23:41,000 -   [Inner 119.5] cost=701.00 no_imp=4/20 (còn 908s)
2026-04-04 11:23:41,124 -   [Inner 119.6] cost=701.00 no_imp=5/20 (còn 908s)
2026-04-04 11:23:41,245 -   [Inner 119.7] cost=701.00 no_imp=6/20 (còn 907s)
2026-04-04 11:23:41,366 -   [Inner 119.8] cost=701.00 no_imp=7/20 (còn 907s)
2026-04-04 11:23:41,490 -   [Inner 119.9] cost=701.00 no_imp=8/20 (còn 907s)
2026-04-04 11:23:41,612 -   [Inner 119.10] cost=701.00 no_imp=9/20 (còn 907s)
2026-04-04 11:23:41,736 -   [Inner 119.11] cost=701.00 no_imp=10/20 (còn 907s)
2026-04-04 11:23:41,862 -   [Inner 119.12] cost=701.00 no_imp=11/20 (còn 907s)
2026-04-04 11:23:41,984 -   [Inner 119.13] cost=701.00 no_imp=12/20 (còn 907s)
2026-04-04 11:23:42,108 -   [Inner 119.14] cost=701.00 no_imp=13/20 (còn 907s)
2026-04-04 11:23:42,230 -   [Inner 119.15] cost=701.00 no_imp=14/20 (còn 906s)
2026-04-04 11:23:42,353 -   [Inner 119.16] cost=701.00 no_imp=15/20 (còn 906s)
2026-04-04 11:23:42,475 -   [Inner 119.17] cost=701.00 no_imp=16/20 (còn 906s)
2026-04-04 11:23:42,598 -   [Inner 119.18] cost=701.00 no_imp=17/20 (còn 906s)
2026-04-04 11:23:42,722 -   [Inner 119.19] cost=701.00 no_imp=18/20 (còn 906s)
2026-04-04 11:23:42,846 -   [Inner 119.20] cost=701.00 no_imp=19/20 (còn 906s)
2026-04-04 11:23:42,969 -   [Outer 119] Chạy Pairwise MaxSAT...
2026-04-04 11:23:42,969 -   [Outer] Pairwise không cải thiện cặp nào, quay lại inner.
2026-04-04 11:23:42,973 - === OUTER 120 | cost=701.00 (còn 906s) ===
2026-04-04 11:23:42,973 -   [Inner 120.1] cost=701.00 no_imp=0/20 (còn 906s)
2026-04-04 11:23:43,096 -   [Inner 120.2] cost=701.00 no_imp=1/20 (còn 906s)
2026-04-04 11:23:43,217 -   [Inner 120.3] cost=701.00 no_imp=2/20 (còn 905s)
2026-04-04 11:23:43,340 -   [Inner 120.4] cost=701.00 no_imp=3/20 (còn 905s)
2026-04-04 11:23:43,462 -   [Inner 120.5] cost=701.00 no_imp=4/20 (còn 905s)
2026-04-04 11:23:43,586 -   [Inner 120.6] cost=701.00 no_imp=5/20 (còn 905s)
2026-04-04 11:23:43,707 -   [Inner 120.7] cost=701.00 no_imp=6/20 (còn 905s)
2026-04-04 11:23:43,834 -   [Inner 120.8] cost=701.00 no_imp=7/20 (còn 905s)
2026-04-04 11:23:43,956 -   [Inner 120.9] cost=701.00 no_imp=8/20 (còn 905s)
2026-04-04 11:23:44,079 -   [Inner 120.10] cost=701.00 no_imp=9/20 (còn 905s)
2026-04-04 11:23:44,203 -   [Inner 120.11] cost=701.00 no_imp=10/20 (còn 904s)
2026-04-04 11:23:44,325 -   [Inner 120.12] cost=701.00 no_imp=11/20 (còn 904s)
2026-04-04 11:23:44,447 -   [Inner 120.13] cost=701.00 no_imp=12/20 (còn 904s)
2026-04-04 11:23:44,569 -   [Inner 120.14] cost=701.00 no_imp=13/20 (còn 904s)
2026-04-04 11:23:44,692 -   [Inner 120.15] cost=701.00 no_imp=14/20 (còn 904s)
2026-04-04 11:23:44,815 -   [Inner 120.16] cost=701.00 no_imp=15/20 (còn 904s)
2026-04-04 11:23:44,982 -   [Inner 120.17] cost=701.00 no_imp=16/20 (còn 904s)
2026-04-04 11:23:45,104 -   [Inner 120.18] cost=701.00 no_imp=17/20 (còn 904s)
2026-04-04 11:23:45,227 -   [Inner 120.19] cost=701.00 no_imp=18/20 (còn 903s)
2026-04-04 11:23:45,350 -   [Inner 120.20] cost=701.00 no_imp=19/20 (còn 903s)
2026-04-04 11:23:45,471 -   [Outer 120] Chạy Pairwise MaxSAT...
2026-04-04 11:23:45,471 -   [Outer] Pairwise không cải thiện cặp nào, quay lại inner.
2026-04-04 11:23:45,472 - === OUTER 121 | cost=701.00 (còn 903s) ===
2026-04-04 11:23:45,472 -   [Inner 121.1] cost=701.00 no_imp=0/20 (còn 903s)
2026-04-04 11:23:45,595 -   [Inner 121.2] cost=701.00 no_imp=1/20 (còn 903s)
2026-04-04 11:23:45,716 -   [Inner 121.3] cost=701.00 no_imp=2/20 (còn 903s)
2026-04-04 11:23:45,844 -   [Inner 121.4] cost=701.00 no_imp=3/20 (còn 903s)
2026-04-04 11:23:45,966 -   [Inner 121.5] cost=701.00 no_imp=4/20 (còn 903s)
2026-04-04 11:23:46,090 -   [Inner 121.6] cost=701.00 no_imp=5/20 (còn 903s)
2026-04-04 11:23:46,211 -   [Inner 121.7] cost=701.00 no_imp=6/20 (còn 902s)
2026-04-04 11:23:46,335 -   [Inner 121.8] cost=701.00 no_imp=7/20 (còn 902s)
2026-04-04 11:23:46,457 -   [Inner 121.9] cost=701.00 no_imp=8/20 (còn 902s)
2026-04-04 11:23:46,581 -   [Inner 121.10] cost=701.00 no_imp=9/20 (còn 902s)
2026-04-04 11:23:46,702 -   [Inner 121.11] cost=701.00 no_imp=10/20 (còn 902s)
2026-04-04 11:23:46,825 -   [Inner 121.12] cost=701.00 no_imp=11/20 (còn 902s)
2026-04-04 11:23:46,946 -   [Inner 121.13] cost=701.00 no_imp=12/20 (còn 902s)
2026-04-04 11:23:47,071 -   [Inner 121.14] cost=701.00 no_imp=13/20 (còn 902s)
2026-04-04 11:23:47,194 -   [Inner 121.15] cost=701.00 no_imp=14/20 (còn 901s)
2026-04-04 11:23:47,316 -   [Inner 121.16] cost=701.00 no_imp=15/20 (còn 901s)
2026-04-04 11:23:47,437 -   [Inner 121.17] cost=701.00 no_imp=16/20 (còn 901s)
2026-04-04 11:23:47,559 -   [Inner 121.18] cost=701.00 no_imp=17/20 (còn 901s)
2026-04-04 11:23:47,683 -   [Inner 121.19] cost=701.00 no_imp=18/20 (còn 901s)
2026-04-04 11:23:47,806 -   [Inner 121.20] cost=701.00 no_imp=19/20 (còn 901s)
2026-04-04 11:23:47,934 -   [Outer 121] Chạy Pairwise MaxSAT...
2026-04-04 11:23:47,934 -   [Outer] Pairwise không cải thiện cặp nào, quay lại inner.
2026-04-04 11:23:47,934 - === OUTER 122 | cost=701.00 (còn 901s) ===
2026-04-04 11:23:47,934 -   [Inner 122.1] cost=701.00 no_imp=0/20 (còn 901s)
2026-04-04 11:23:48,058 -   [Inner 122.2] cost=701.00 no_imp=1/20 (còn 901s)
2026-04-04 11:23:48,181 -   [Inner 122.3] cost=701.00 no_imp=2/20 (còn 901s)
2026-04-04 11:23:48,304 -   [Inner 122.4] cost=701.00 no_imp=3/20 (còn 900s)
2026-04-04 11:23:48,425 -   [Inner 122.5] cost=701.00 no_imp=4/20 (còn 900s)
2026-04-04 11:23:48,549 -   [Inner 122.6] cost=701.00 no_imp=5/20 (còn 900s)
2026-04-04 11:23:48,671 -   [Inner 122.7] cost=701.00 no_imp=6/20 (còn 900s)
2026-04-04 11:23:48,794 -   [Inner 122.8] cost=701.00 no_imp=7/20 (còn 900s)
2026-04-04 11:23:48,918 -   [Inner 122.9] cost=701.00 no_imp=8/20 (còn 900s)
2026-04-04 11:23:49,043 -   [Inner 122.10] cost=701.00 no_imp=9/20 (còn 900s)
2026-04-04 11:23:49,166 -   [Inner 122.11] cost=701.00 no_imp=10/20 (còn 900s)
2026-04-04 11:23:49,288 -   [Inner 122.12] cost=701.00 no_imp=11/20 (còn 899s)
2026-04-04 11:23:49,411 -   [Inner 122.13] cost=701.00 no_imp=12/20 (còn 899s)
2026-04-04 11:23:49,536 -   [Inner 122.14] cost=701.00 no_imp=13/20 (còn 899s)
2026-04-04 11:23:49,658 -   [Inner 122.15] cost=701.00 no_imp=14/20 (còn 899s)
2026-04-04 11:23:49,782 -   [Inner 122.16] cost=701.00 no_imp=15/20 (còn 899s)
2026-04-04 11:23:49,908 -   [Inner 122.17] cost=701.00 no_imp=16/20 (còn 899s)
2026-04-04 11:23:50,033 -   [Inner 122.18] cost=701.00 no_imp=17/20 (còn 899s)
2026-04-04 11:23:50,156 -   [Inner 122.19] cost=701.00 no_imp=18/20 (còn 899s)
2026-04-04 11:23:50,279 -   [Inner 122.20] cost=701.00 no_imp=19/20 (còn 898s)
2026-04-04 11:23:50,401 -   [Outer 122] Chạy Pairwise MaxSAT...
2026-04-04 11:23:50,402 -   [Outer] Pairwise không cải thiện cặp nào, quay lại inner.
2026-04-04 11:23:50,402 - === OUTER 123 | cost=701.00 (còn 898s) ===
2026-04-04 11:23:50,402 -   [Inner 123.1] cost=701.00 no_imp=0/20 (còn 898s)
2026-04-04 11:23:50,526 -   [Inner 123.2] cost=701.00 no_imp=1/20 (còn 898s)
2026-04-04 11:23:50,648 -   [Inner 123.3] cost=701.00 no_imp=2/20 (còn 898s)
2026-04-04 11:23:50,771 -   [Inner 123.4] cost=701.00 no_imp=3/20 (còn 898s)
2026-04-04 11:23:50,894 -   [Inner 123.5] cost=701.00 no_imp=4/20 (còn 898s)
2026-04-04 11:23:51,016 -   [Inner 123.6] cost=701.00 no_imp=5/20 (còn 898s)
2026-04-04 11:23:51,140 -   [Inner 123.7] cost=701.00 no_imp=6/20 (còn 898s)
2026-04-04 11:23:51,264 -   [Inner 123.8] cost=701.00 no_imp=7/20 (còn 897s)
2026-04-04 11:23:51,391 -   [Inner 123.9] cost=701.00 no_imp=8/20 (còn 897s)
2026-04-04 11:23:51,518 -   [Inner 123.10] cost=701.00 no_imp=9/20 (còn 897s)
2026-04-04 11:23:51,639 -   [Inner 123.11] cost=701.00 no_imp=10/20 (còn 897s)
2026-04-04 11:23:51,763 -   [Inner 123.12] cost=701.00 no_imp=11/20 (còn 897s)
2026-04-04 11:23:51,891 -   [Inner 123.13] cost=701.00 no_imp=12/20 (còn 897s)
2026-04-04 11:23:52,013 -   [Inner 123.14] cost=701.00 no_imp=13/20 (còn 897s)
2026-04-04 11:23:52,136 -   [Inner 123.15] cost=701.00 no_imp=14/20 (còn 897s)
2026-04-04 11:23:52,260 -   [Inner 123.16] cost=701.00 no_imp=15/20 (còn 896s)
2026-04-04 11:23:52,382 -   [Inner 123.17] cost=701.00 no_imp=16/20 (còn 896s)
2026-04-04 11:23:52,505 -   [Inner 123.18] cost=701.00 no_imp=17/20 (còn 896s)
2026-04-04 11:23:52,628 -   [Inner 123.19] cost=701.00 no_imp=18/20 (còn 896s)
2026-04-04 11:23:52,750 -   [Inner 123.20] cost=701.00 no_imp=19/20 (còn 896s)
2026-04-04 11:23:52,876 -   [Outer 123] Chạy Pairwise MaxSAT...
2026-04-04 11:23:52,876 -   [Outer] Pairwise không cải thiện cặp nào, quay lại inner.
2026-04-04 11:23:52,876 - === OUTER 124 | cost=701.00 (còn 896s) ===
2026-04-04 11:23:52,876 -   [Inner 124.1] cost=701.00 no_imp=0/20 (còn 896s)
2026-04-04 11:23:53,005 -   [Inner 124.2] cost=701.00 no_imp=1/20 (còn 896s)
2026-04-04 11:23:53,128 -   [Inner 124.3] cost=701.00 no_imp=2/20 (còn 896s)
2026-04-04 11:23:53,248 -   [Inner 124.4] cost=701.00 no_imp=3/20 (còn 895s)
2026-04-04 11:23:53,373 -   [Inner 124.5] cost=701.00 no_imp=4/20 (còn 895s)
2026-04-04 11:23:53,495 -   [Inner 124.6] cost=701.00 no_imp=5/20 (còn 895s)
2026-04-04 11:23:53,617 -   [Inner 124.7] cost=701.00 no_imp=6/20 (còn 895s)
2026-04-04 11:23:53,742 -   [Inner 124.8] cost=701.00 no_imp=7/20 (còn 895s)
2026-04-04 11:23:53,864 -   [Inner 124.9] cost=701.00 no_imp=8/20 (còn 895s)
2026-04-04 11:23:53,989 -   [Inner 124.10] cost=701.00 no_imp=9/20 (còn 895s)
2026-04-04 11:23:54,112 -   [Inner 124.11] cost=701.00 no_imp=10/20 (còn 895s)
2026-04-04 11:23:54,235 -   [Inner 124.12] cost=701.00 no_imp=11/20 (còn 894s)
2026-04-04 11:23:54,359 -   [Inner 124.13] cost=701.00 no_imp=12/20 (còn 894s)
2026-04-04 11:23:54,481 -   [Inner 124.14] cost=701.00 no_imp=13/20 (còn 894s)
2026-04-04 11:23:54,602 -   [Inner 124.15] cost=701.00 no_imp=14/20 (còn 894s)
2026-04-04 11:23:54,723 -   [Inner 124.16] cost=701.00 no_imp=15/20 (còn 894s)
2026-04-04 11:23:54,847 -   [Inner 124.17] cost=701.00 no_imp=16/20 (còn 894s)
2026-04-04 11:23:54,970 -   [Inner 124.18] cost=701.00 no_imp=17/20 (còn 894s)
2026-04-04 11:23:55,093 -   [Inner 124.19] cost=701.00 no_imp=18/20 (còn 894s)
2026-04-04 11:23:55,215 -   [Inner 124.20] cost=701.00 no_imp=19/20 (còn 893s)
2026-04-04 11:23:55,337 -   [Outer 124] Chạy Pairwise MaxSAT...
2026-04-04 11:23:55,337 -   [Outer] Pairwise không cải thiện cặp nào, quay lại inner.
2026-04-04 11:23:55,337 - === OUTER 125 | cost=701.00 (còn 893s) ===
2026-04-04 11:23:55,337 -   [Inner 125.1] cost=701.00 no_imp=0/20 (còn 893s)
2026-04-04 11:23:55,460 -   [Inner 125.2] cost=701.00 no_imp=1/20 (còn 893s)
2026-04-04 11:23:55,587 -   [Inner 125.3] cost=701.00 no_imp=2/20 (còn 893s)
2026-04-04 11:23:55,710 -   [Inner 125.4] cost=701.00 no_imp=3/20 (còn 893s)
2026-04-04 11:23:55,834 -   [Inner 125.5] cost=701.00 no_imp=4/20 (còn 893s)
2026-04-04 11:23:55,959 -   [Inner 125.6] cost=701.00 no_imp=5/20 (còn 893s)
2026-04-04 11:23:56,082 -   [Inner 125.7] cost=701.00 no_imp=6/20 (còn 893s)
2026-04-04 11:23:56,203 -   [Inner 125.8] cost=701.00 no_imp=7/20 (còn 892s)
2026-04-04 11:23:56,326 -   [Inner 125.9] cost=701.00 no_imp=8/20 (còn 892s)
2026-04-04 11:23:56,447 -   [Inner 125.10] cost=701.00 no_imp=9/20 (còn 892s)
2026-04-04 11:23:56,570 -   [Inner 125.11] cost=701.00 no_imp=10/20 (còn 892s)
2026-04-04 11:23:56,693 -   [Inner 125.12] cost=701.00 no_imp=11/20 (còn 892s)
2026-04-04 11:23:56,816 -   [Inner 125.13] cost=701.00 no_imp=12/20 (còn 892s)
2026-04-04 11:23:56,939 -   [Inner 125.14] cost=701.00 no_imp=13/20 (còn 892s)
2026-04-04 11:23:57,064 -   [Inner 125.15] cost=701.00 no_imp=14/20 (còn 892s)
2026-04-04 11:23:57,187 -   [Inner 125.16] cost=701.00 no_imp=15/20 (còn 891s)
2026-04-04 11:23:57,310 -   [Inner 125.17] cost=701.00 no_imp=16/20 (còn 891s)
2026-04-04 11:23:57,433 -   [Inner 125.18] cost=701.00 no_imp=17/20 (còn 891s)
2026-04-04 11:23:57,555 -   [Inner 125.19] cost=701.00 no_imp=18/20 (còn 891s)
2026-04-04 11:23:57,678 -   [Inner 125.20] cost=701.00 no_imp=19/20 (còn 891s)
2026-04-04 11:23:57,801 -   [Outer 125] Chạy Pairwise MaxSAT...
2026-04-04 11:23:57,801 -   [Outer] Pairwise không cải thiện cặp nào, quay lại inner.
2026-04-04 11:23:57,802 - === OUTER 126 | cost=701.00 (còn 891s) ===
2026-04-04 11:23:57,802 -   [Inner 126.1] cost=701.00 no_imp=0/20 (còn 891s)
2026-04-04 11:23:57,925 -   [Inner 126.2] cost=701.00 no_imp=1/20 (còn 891s)
2026-04-04 11:23:58,051 -   [Inner 126.3] cost=701.00 no_imp=2/20 (còn 891s)
2026-04-04 11:23:58,174 -   [Inner 126.4] cost=701.00 no_imp=3/20 (còn 891s)
2026-04-04 11:23:58,297 -   [Inner 126.5] cost=701.00 no_imp=4/20 (còn 890s)
2026-04-04 11:23:58,420 -   [Inner 126.6] cost=701.00 no_imp=5/20 (còn 890s)
2026-04-04 11:23:58,543 -   [Inner 126.7] cost=701.00 no_imp=6/20 (còn 890s)
2026-04-04 11:23:58,665 -   [Inner 126.8] cost=701.00 no_imp=7/20 (còn 890s)
2026-04-04 11:23:58,787 -   [Inner 126.9] cost=701.00 no_imp=8/20 (còn 890s)
2026-04-04 11:23:58,909 -   [Inner 126.10] cost=701.00 no_imp=9/20 (còn 890s)
2026-04-04 11:23:59,033 -   [Inner 126.11] cost=701.00 no_imp=10/20 (còn 890s)
2026-04-04 11:23:59,156 -   [Inner 126.12] cost=701.00 no_imp=11/20 (còn 890s)
2026-04-04 11:23:59,278 -   [Inner 126.13] cost=701.00 no_imp=12/20 (còn 889s)
2026-04-04 11:23:59,401 -   [Inner 126.14] cost=701.00 no_imp=13/20 (còn 889s)
2026-04-04 11:23:59,523 -   [Inner 126.15] cost=701.00 no_imp=14/20 (còn 889s)
2026-04-04 11:23:59,646 -   [Inner 126.16] cost=701.00 no_imp=15/20 (còn 889s)
2026-04-04 11:23:59,768 -   [Inner 126.17] cost=701.00 no_imp=16/20 (còn 889s)
2026-04-04 11:23:59,891 -   [Inner 126.18] cost=701.00 no_imp=17/20 (còn 889s)
2026-04-04 11:24:00,019 -   [Inner 126.19] cost=701.00 no_imp=18/20 (còn 889s)
2026-04-04 11:24:00,148 -   [Inner 126.20] cost=701.00 no_imp=19/20 (còn 889s)
2026-04-04 11:24:00,278 -   [Outer 126] Chạy Pairwise MaxSAT...
2026-04-04 11:24:00,279 -   [Outer] Pairwise không cải thiện cặp nào, quay lại inner.
2026-04-04 11:24:00,279 - === OUTER 127 | cost=701.00 (còn 888s) ===
2026-04-04 11:24:00,279 -   [Inner 127.1] cost=701.00 no_imp=0/20 (còn 888s)
2026-04-04 11:24:00,400 -   [Inner 127.2] cost=701.00 no_imp=1/20 (còn 888s)
2026-04-04 11:24:00,524 -   [Inner 127.3] cost=701.00 no_imp=2/20 (còn 888s)
2026-04-04 11:24:00,646 -   [Inner 127.4] cost=701.00 no_imp=3/20 (còn 888s)
2026-04-04 11:24:00,769 -   [Inner 127.5] cost=701.00 no_imp=4/20 (còn 888s)
2026-04-04 11:24:00,893 -   [Inner 127.6] cost=701.00 no_imp=5/20 (còn 888s)
2026-04-04 11:24:01,016 -   [Inner 127.7] cost=701.00 no_imp=6/20 (còn 888s)
2026-04-04 11:24:01,137 -   [Inner 127.8] cost=701.00 no_imp=7/20 (còn 888s)
2026-04-04 11:24:01,260 -   [Inner 127.9] cost=701.00 no_imp=8/20 (còn 887s)
2026-04-04 11:24:01,383 -   [Inner 127.10] cost=701.00 no_imp=9/20 (còn 887s)
2026-04-04 11:24:01,506 -   [Inner 127.11] cost=701.00 no_imp=10/20 (còn 887s)
2026-04-04 11:24:01,628 -   [Inner 127.12] cost=701.00 no_imp=11/20 (còn 887s)
2026-04-04 11:24:01,752 -   [Inner 127.13] cost=701.00 no_imp=12/20 (còn 887s)
2026-04-04 11:24:01,873 -   [Inner 127.14] cost=701.00 no_imp=13/20 (còn 887s)
2026-04-04 11:24:01,994 -   [Inner 127.15] cost=701.00 no_imp=14/20 (còn 887s)
2026-04-04 11:24:02,122 -   [Inner 127.16] cost=701.00 no_imp=15/20 (còn 887s)
2026-04-04 11:24:02,246 -   [Inner 127.17] cost=701.00 no_imp=16/20 (còn 886s)
2026-04-04 11:24:02,367 -   [Inner 127.18] cost=701.00 no_imp=17/20 (còn 886s)
2026-04-04 11:24:02,488 -   [Inner 127.19] cost=701.00 no_imp=18/20 (còn 886s)
2026-04-04 11:24:02,611 -   [Inner 127.20] cost=701.00 no_imp=19/20 (còn 886s)
2026-04-04 11:24:02,731 -   [Outer 127] Chạy Pairwise MaxSAT...
2026-04-04 11:24:02,732 -   [Outer] Pairwise không cải thiện cặp nào, quay lại inner.
2026-04-04 11:24:02,732 - === OUTER 128 | cost=701.00 (còn 886s) ===
2026-04-04 11:24:02,732 -   [Inner 128.1] cost=701.00 no_imp=0/20 (còn 886s)
2026-04-04 11:24:02,856 -   [Inner 128.2] cost=701.00 no_imp=1/20 (còn 886s)
2026-04-04 11:24:02,979 -   [Inner 128.3] cost=701.00 no_imp=2/20 (còn 886s)
2026-04-04 11:24:03,102 -   [Inner 128.4] cost=701.00 no_imp=3/20 (còn 886s)
2026-04-04 11:24:03,225 -   [Inner 128.5] cost=701.00 no_imp=4/20 (còn 885s)
2026-04-04 11:24:03,350 -   [Inner 128.6] cost=701.00 no_imp=5/20 (còn 885s)
2026-04-04 11:24:03,484 -   [Inner 128.7] cost=701.00 no_imp=6/20 (còn 885s)
2026-04-04 11:24:03,607 -   [Inner 128.8] cost=701.00 no_imp=7/20 (còn 885s)
2026-04-04 11:24:03,731 -   [Inner 128.9] cost=701.00 no_imp=8/20 (còn 885s)
2026-04-04 11:24:03,854 -   [Inner 128.10] cost=701.00 no_imp=9/20 (còn 885s)
2026-04-04 11:24:03,976 -   [Inner 128.11] cost=701.00 no_imp=10/20 (còn 885s)
2026-04-04 11:24:04,102 -   [Inner 128.12] cost=701.00 no_imp=11/20 (còn 885s)
2026-04-04 11:24:04,222 -   [Inner 128.13] cost=701.00 no_imp=12/20 (còn 884s)
2026-04-04 11:24:04,345 -   [Inner 128.14] cost=701.00 no_imp=13/20 (còn 884s)
2026-04-04 11:24:04,467 -   [Inner 128.15] cost=701.00 no_imp=14/20 (còn 884s)
2026-04-04 11:24:04,591 -   [Inner 128.16] cost=701.00 no_imp=15/20 (còn 884s)
2026-04-04 11:24:04,713 -   [Inner 128.17] cost=701.00 no_imp=16/20 (còn 884s)
2026-04-04 11:24:04,835 -   [Inner 128.18] cost=701.00 no_imp=17/20 (còn 884s)
2026-04-04 11:24:04,958 -   [Inner 128.19] cost=701.00 no_imp=18/20 (còn 884s)
2026-04-04 11:24:05,083 -   [Inner 128.20] cost=701.00 no_imp=19/20 (còn 884s)
2026-04-04 11:24:05,206 -   [Outer 128] Chạy Pairwise MaxSAT...
2026-04-04 11:24:05,206 -   [Outer] Pairwise không cải thiện cặp nào, quay lại inner.
2026-04-04 11:24:05,207 - === OUTER 129 | cost=701.00 (còn 883s) ===
2026-04-04 11:24:05,207 -   [Inner 129.1] cost=701.00 no_imp=0/20 (còn 883s)
2026-04-04 11:24:05,331 -   [Inner 129.2] cost=701.00 no_imp=1/20 (còn 883s)
2026-04-04 11:24:05,453 -   [Inner 129.3] cost=701.00 no_imp=2/20 (còn 883s)
2026-04-04 11:24:05,580 -   [Inner 129.4] cost=701.00 no_imp=3/20 (còn 883s)
2026-04-04 11:24:05,703 -   [Inner 129.5] cost=701.00 no_imp=4/20 (còn 883s)
2026-04-04 11:24:05,826 -   [Inner 129.6] cost=701.00 no_imp=5/20 (còn 883s)
2026-04-04 11:24:05,948 -   [Inner 129.7] cost=701.00 no_imp=6/20 (còn 883s)
2026-04-04 11:24:06,073 -   [Inner 129.8] cost=701.00 no_imp=7/20 (còn 883s)
2026-04-04 11:24:06,195 -   [Inner 129.9] cost=701.00 no_imp=8/20 (còn 882s)
2026-04-04 11:24:06,317 -   [Inner 129.10] cost=701.00 no_imp=9/20 (còn 882s)
2026-04-04 11:24:06,438 -   [Inner 129.11] cost=701.00 no_imp=10/20 (còn 882s)
2026-04-04 11:24:06,560 -   [Inner 129.12] cost=701.00 no_imp=11/20 (còn 882s)
2026-04-04 11:24:06,683 -   [Inner 129.13] cost=701.00 no_imp=12/20 (còn 882s)
2026-04-04 11:24:06,806 -   [Inner 129.14] cost=701.00 no_imp=13/20 (còn 882s)
2026-04-04 11:24:06,929 -   [Inner 129.15] cost=701.00 no_imp=14/20 (còn 882s)
2026-04-04 11:24:07,053 -   [Inner 129.16] cost=701.00 no_imp=15/20 (còn 882s)
2026-04-04 11:24:07,176 -   [Inner 129.17] cost=701.00 no_imp=16/20 (còn 882s)
2026-04-04 11:24:07,298 -   [Inner 129.18] cost=701.00 no_imp=17/20 (còn 881s)
2026-04-04 11:24:07,421 -   [Inner 129.19] cost=701.00 no_imp=18/20 (còn 881s)
2026-04-04 11:24:07,544 -   [Inner 129.20] cost=701.00 no_imp=19/20 (còn 881s)
2026-04-04 11:24:07,666 -   [Outer 129] Chạy Pairwise MaxSAT...
2026-04-04 11:24:07,666 -   [Outer] Pairwise không cải thiện cặp nào, quay lại inner.
2026-04-04 11:24:07,666 - === OUTER 130 | cost=701.00 (còn 881s) ===
2026-04-04 11:24:07,666 -   [Inner 130.1] cost=701.00 no_imp=0/20 (còn 881s)
2026-04-04 11:24:07,788 -   [Inner 130.2] cost=701.00 no_imp=1/20 (còn 881s)
2026-04-04 11:24:07,910 -   [Inner 130.3] cost=701.00 no_imp=2/20 (còn 881s)
2026-04-04 11:24:08,033 -   [Inner 130.4] cost=701.00 no_imp=3/20 (còn 881s)
2026-04-04 11:24:08,160 -   [Inner 130.5] cost=701.00 no_imp=4/20 (còn 881s)
2026-04-04 11:24:08,282 -   [Inner 130.6] cost=701.00 no_imp=5/20 (còn 880s)
2026-04-04 11:24:08,405 -   [Inner 130.7] cost=701.00 no_imp=6/20 (còn 880s)
2026-04-04 11:24:08,532 -   [Inner 130.8] cost=701.00 no_imp=7/20 (còn 880s)
2026-04-04 11:24:08,705 -   [Inner 130.9] cost=701.00 no_imp=8/20 (còn 880s)
2026-04-04 11:24:08,829 -   [Inner 130.10] cost=701.00 no_imp=9/20 (còn 880s)
2026-04-04 11:24:08,950 -   [Inner 130.11] cost=701.00 no_imp=10/20 (còn 880s)
2026-04-04 11:24:09,073 -   [Inner 130.12] cost=701.00 no_imp=11/20 (còn 880s)
2026-04-04 11:24:09,195 -   [Inner 130.13] cost=701.00 no_imp=12/20 (còn 879s)
2026-04-04 11:24:09,317 -   [Inner 130.14] cost=701.00 no_imp=13/20 (còn 879s)
2026-04-04 11:24:09,438 -   [Inner 130.15] cost=701.00 no_imp=14/20 (còn 879s)
2026-04-04 11:24:09,561 -   [Inner 130.16] cost=701.00 no_imp=15/20 (còn 879s)
2026-04-04 11:24:09,683 -   [Inner 130.17] cost=701.00 no_imp=16/20 (còn 879s)
2026-04-04 11:24:09,806 -   [Inner 130.18] cost=701.00 no_imp=17/20 (còn 879s)
2026-04-04 11:24:09,929 -   [Inner 130.19] cost=701.00 no_imp=18/20 (còn 879s)
2026-04-04 11:24:10,051 -   [Inner 130.20] cost=701.00 no_imp=19/20 (còn 879s)
2026-04-04 11:24:10,179 -   [Outer 130] Chạy Pairwise MaxSAT...
2026-04-04 11:24:10,179 -   [Outer] Pairwise không cải thiện cặp nào, quay lại inner.
2026-04-04 11:24:10,179 - === OUTER 131 | cost=701.00 (còn 879s) ===
2026-04-04 11:24:10,180 -   [Inner 131.1] cost=701.00 no_imp=0/20 (còn 879s)
2026-04-04 11:24:10,301 -   [Inner 131.2] cost=701.00 no_imp=1/20 (còn 878s)
2026-04-04 11:24:10,423 -   [Inner 131.3] cost=701.00 no_imp=2/20 (còn 878s)
2026-04-04 11:24:10,547 -   [Inner 131.4] cost=701.00 no_imp=3/20 (còn 878s)
2026-04-04 11:24:10,670 -   [Inner 131.5] cost=701.00 no_imp=4/20 (còn 878s)
2026-04-04 11:24:10,793 -   [Inner 131.6] cost=701.00 no_imp=5/20 (còn 878s)
2026-04-04 11:24:10,915 -   [Inner 131.7] cost=701.00 no_imp=6/20 (còn 878s)
2026-04-04 11:24:11,037 -   [Inner 131.8] cost=701.00 no_imp=7/20 (còn 878s)
2026-04-04 11:24:11,161 -   [Inner 131.9] cost=701.00 no_imp=8/20 (còn 878s)
2026-04-04 11:24:11,282 -   [Inner 131.10] cost=701.00 no_imp=9/20 (còn 877s)
2026-04-04 11:24:11,404 -   [Inner 131.11] cost=701.00 no_imp=10/20 (còn 877s)
2026-04-04 11:24:11,529 -   [Inner 131.12] cost=701.00 no_imp=11/20 (còn 877s)
2026-04-04 11:24:11,651 -   [Inner 131.13] cost=701.00 no_imp=12/20 (còn 877s)
2026-04-04 11:24:11,778 -   [Inner 131.14] cost=701.00 no_imp=13/20 (còn 877s)
2026-04-04 11:24:11,900 -   [Inner 131.15] cost=701.00 no_imp=14/20 (còn 877s)
2026-04-04 11:24:12,021 -   [Inner 131.16] cost=701.00 no_imp=15/20 (còn 877s)
2026-04-04 11:24:12,145 -   [Inner 131.17] cost=701.00 no_imp=16/20 (còn 877s)
2026-04-04 11:24:12,269 -   [Inner 131.18] cost=701.00 no_imp=17/20 (còn 876s)
2026-04-04 11:24:12,393 -   [Inner 131.19] cost=701.00 no_imp=18/20 (còn 876s)
2026-04-04 11:24:12,515 -   [Inner 131.20] cost=701.00 no_imp=19/20 (còn 876s)
2026-04-04 11:24:12,636 -   [Outer 131] Chạy Pairwise MaxSAT...
2026-04-04 11:24:12,637 -   [Outer] Pairwise không cải thiện cặp nào, quay lại inner.
2026-04-04 11:24:12,637 - === OUTER 132 | cost=701.00 (còn 876s) ===
2026-04-04 11:24:12,637 -   [Inner 132.1] cost=701.00 no_imp=0/20 (còn 876s)
2026-04-04 11:24:12,760 -   [Inner 132.2] cost=701.00 no_imp=1/20 (còn 876s)
2026-04-04 11:24:12,884 -   [Inner 132.3] cost=701.00 no_imp=2/20 (còn 876s)
2026-04-04 11:24:13,006 -   [Inner 132.4] cost=701.00 no_imp=3/20 (còn 876s)
2026-04-04 11:24:13,128 -   [Inner 132.5] cost=701.00 no_imp=4/20 (còn 876s)
2026-04-04 11:24:13,250 -   [Inner 132.6] cost=701.00 no_imp=5/20 (còn 875s)
2026-04-04 11:24:13,373 -   [Inner 132.7] cost=701.00 no_imp=6/20 (còn 875s)
2026-04-04 11:24:13,496 -   [Inner 132.8] cost=701.00 no_imp=7/20 (còn 875s)
2026-04-04 11:24:13,619 -   [Inner 132.9] cost=701.00 no_imp=8/20 (còn 875s)
2026-04-04 11:24:13,741 -   [Inner 132.10] cost=701.00 no_imp=9/20 (còn 875s)
2026-04-04 11:24:13,864 -   [Inner 132.11] cost=701.00 no_imp=10/20 (còn 875s)
2026-04-04 11:24:13,985 -   [Inner 132.12] cost=701.00 no_imp=11/20 (còn 875s)
2026-04-04 11:24:14,107 -   [Inner 132.13] cost=701.00 no_imp=12/20 (còn 875s)
2026-04-04 11:24:14,233 -   [Inner 132.14] cost=701.00 no_imp=13/20 (còn 874s)
2026-04-04 11:24:14,354 -   [Inner 132.15] cost=701.00 no_imp=14/20 (còn 874s)
2026-04-04 11:24:14,477 -   [Inner 132.16] cost=701.00 no_imp=15/20 (còn 874s)
2026-04-04 11:24:14,599 -   [Inner 132.17] cost=701.00 no_imp=16/20 (còn 874s)
2026-04-04 11:24:14,722 -   [Inner 132.18] cost=701.00 no_imp=17/20 (còn 874s)
2026-04-04 11:24:14,845 -   [Inner 132.19] cost=701.00 no_imp=18/20 (còn 874s)
2026-04-04 11:24:14,967 -   [Inner 132.20] cost=701.00 no_imp=19/20 (còn 874s)
2026-04-04 11:24:15,090 -   [Outer 132] Chạy Pairwise MaxSAT...
2026-04-04 11:24:15,090 -   [Outer] Pairwise không cải thiện cặp nào, quay lại inner.
2026-04-04 11:24:15,091 - === OUTER 133 | cost=701.00 (còn 874s) ===
2026-04-04 11:24:15,091 -   [Inner 133.1] cost=701.00 no_imp=0/20 (còn 874s)
2026-04-04 11:24:15,212 -   [Inner 133.2] cost=701.00 no_imp=1/20 (còn 873s)
2026-04-04 11:24:15,334 -   [Inner 133.3] cost=701.00 no_imp=2/20 (còn 873s)
2026-04-04 11:24:15,457 -   [Inner 133.4] cost=701.00 no_imp=3/20 (còn 873s)
2026-04-04 11:24:15,580 -   [Inner 133.5] cost=701.00 no_imp=4/20 (còn 873s)
2026-04-04 11:24:15,701 -   [Inner 133.6] cost=701.00 no_imp=5/20 (còn 873s)
2026-04-04 11:24:15,825 -   [Inner 133.7] cost=701.00 no_imp=6/20 (còn 873s)
2026-04-04 11:24:15,948 -   [Inner 133.8] cost=701.00 no_imp=7/20 (còn 873s)
2026-04-04 11:24:16,071 -   [Inner 133.9] cost=701.00 no_imp=8/20 (còn 873s)
2026-04-04 11:24:16,193 -   [Inner 133.10] cost=701.00 no_imp=9/20 (còn 872s)
2026-04-04 11:24:16,318 -   [Inner 133.11] cost=701.00 no_imp=10/20 (còn 872s)
2026-04-04 11:24:16,439 -   [Inner 133.12] cost=701.00 no_imp=11/20 (còn 872s)
2026-04-04 11:24:16,565 -   [Inner 133.13] cost=701.00 no_imp=12/20 (còn 872s)
2026-04-04 11:24:16,687 -   [Inner 133.14] cost=701.00 no_imp=13/20 (còn 872s)
2026-04-04 11:24:16,808 -   [Inner 133.15] cost=701.00 no_imp=14/20 (còn 872s)
2026-04-04 11:24:16,930 -   [Inner 133.16] cost=701.00 no_imp=15/20 (còn 872s)
2026-04-04 11:24:17,055 -   [Inner 133.17] cost=701.00 no_imp=16/20 (còn 872s)
2026-04-04 11:24:17,178 -   [Inner 133.18] cost=701.00 no_imp=17/20 (còn 872s)
2026-04-04 11:24:17,301 -   [Inner 133.19] cost=701.00 no_imp=18/20 (còn 871s)
2026-04-04 11:24:17,423 -   [Inner 133.20] cost=701.00 no_imp=19/20 (còn 871s)
2026-04-04 11:24:17,544 -   [Outer 133] Chạy Pairwise MaxSAT...
2026-04-04 11:24:17,545 -   [Outer] Pairwise không cải thiện cặp nào, quay lại inner.
2026-04-04 11:24:17,545 - === OUTER 134 | cost=701.00 (còn 871s) ===
2026-04-04 11:24:17,545 -   [Inner 134.1] cost=701.00 no_imp=0/20 (còn 871s)
2026-04-04 11:24:17,667 -   [Inner 134.2] cost=701.00 no_imp=1/20 (còn 871s)
2026-04-04 11:24:17,789 -   [Inner 134.3] cost=701.00 no_imp=2/20 (còn 871s)
2026-04-04 11:24:17,912 -   [Inner 134.4] cost=701.00 no_imp=3/20 (còn 871s)
2026-04-04 11:24:18,035 -   [Inner 134.5] cost=701.00 no_imp=4/20 (còn 871s)
2026-04-04 11:24:18,157 -   [Inner 134.6] cost=701.00 no_imp=5/20 (còn 871s)
2026-04-04 11:24:18,283 -   [Inner 134.7] cost=701.00 no_imp=6/20 (còn 870s)
2026-04-04 11:24:18,407 -   [Inner 134.8] cost=701.00 no_imp=7/20 (còn 870s)
2026-04-04 11:24:18,529 -   [Inner 134.9] cost=701.00 no_imp=8/20 (còn 870s)
2026-04-04 11:24:18,651 -   [Inner 134.10] cost=701.00 no_imp=9/20 (còn 870s)
2026-04-04 11:24:18,773 -   [Inner 134.11] cost=701.00 no_imp=10/20 (còn 870s)
2026-04-04 11:24:18,896 -   [Inner 134.12] cost=701.00 no_imp=11/20 (còn 870s)
2026-04-04 11:24:19,019 -   [Inner 134.13] cost=701.00 no_imp=12/20 (còn 870s)
2026-04-04 11:24:19,141 -   [Inner 134.14] cost=701.00 no_imp=13/20 (còn 870s)
2026-04-04 11:24:19,262 -   [Inner 134.15] cost=701.00 no_imp=14/20 (còn 869s)
2026-04-04 11:24:19,385 -   [Inner 134.16] cost=701.00 no_imp=15/20 (còn 869s)
2026-04-04 11:24:19,506 -   [Inner 134.17] cost=701.00 no_imp=16/20 (còn 869s)
2026-04-04 11:24:19,631 -   [Inner 134.18] cost=701.00 no_imp=17/20 (còn 869s)
2026-04-04 11:24:19,753 -   [Inner 134.19] cost=701.00 no_imp=18/20 (còn 869s)
2026-04-04 11:24:19,877 -   [Inner 134.20] cost=701.00 no_imp=19/20 (còn 869s)
2026-04-04 11:24:19,998 -   [Outer 134] Chạy Pairwise MaxSAT...
2026-04-04 11:24:19,998 -   [Outer] Pairwise không cải thiện cặp nào, quay lại inner.
2026-04-04 11:24:19,999 - === OUTER 135 | cost=701.00 (còn 869s) ===
2026-04-04 11:24:19,999 -   [Inner 135.1] cost=701.00 no_imp=0/20 (còn 869s)
2026-04-04 11:24:20,124 -   [Inner 135.2] cost=701.00 no_imp=1/20 (còn 869s)
2026-04-04 11:24:20,248 -   [Inner 135.3] cost=701.00 no_imp=2/20 (còn 868s)
2026-04-04 11:24:20,374 -   [Inner 135.4] cost=701.00 no_imp=3/20 (còn 868s)
2026-04-04 11:24:20,497 -   [Inner 135.5] cost=701.00 no_imp=4/20 (còn 868s)
2026-04-04 11:24:20,621 -   [Inner 135.6] cost=701.00 no_imp=5/20 (còn 868s)
2026-04-04 11:24:20,745 -   [Inner 135.7] cost=701.00 no_imp=6/20 (còn 868s)
2026-04-04 11:24:20,866 -   [Inner 135.8] cost=701.00 no_imp=7/20 (còn 868s)
2026-04-04 11:24:20,988 -   [Inner 135.9] cost=701.00 no_imp=8/20 (còn 868s)
2026-04-04 11:24:21,112 -   [Inner 135.10] cost=701.00 no_imp=9/20 (còn 868s)
2026-04-04 11:24:21,235 -   [Inner 135.11] cost=701.00 no_imp=10/20 (còn 867s)
2026-04-04 11:24:21,358 -   [Inner 135.12] cost=701.00 no_imp=11/20 (còn 867s)
2026-04-04 11:24:21,480 -   [Inner 135.13] cost=701.00 no_imp=12/20 (còn 867s)
2026-04-04 11:24:21,601 -   [Inner 135.14] cost=701.00 no_imp=13/20 (còn 867s)
2026-04-04 11:24:21,723 -   [Inner 135.15] cost=701.00 no_imp=14/20 (còn 867s)
2026-04-04 11:24:21,847 -   [Inner 135.16] cost=701.00 no_imp=15/20 (còn 867s)
2026-04-04 11:24:21,968 -   [Inner 135.17] cost=701.00 no_imp=16/20 (còn 867s)
2026-04-04 11:24:22,094 -   [Inner 135.18] cost=701.00 no_imp=17/20 (còn 867s)
2026-04-04 11:24:22,217 -   [Inner 135.19] cost=701.00 no_imp=18/20 (còn 866s)
2026-04-04 11:24:22,343 -   [Inner 135.20] cost=701.00 no_imp=19/20 (còn 866s)
2026-04-04 11:24:22,465 -   [Outer 135] Chạy Pairwise MaxSAT...
2026-04-04 11:24:22,465 -   [Outer] Pairwise không cải thiện cặp nào, quay lại inner.
2026-04-04 11:24:22,465 - === OUTER 136 | cost=701.00 (còn 866s) ===
2026-04-04 11:24:22,466 -   [Inner 136.1] cost=701.00 no_imp=0/20 (còn 866s)
2026-04-04 11:24:22,589 -   [Inner 136.2] cost=701.00 no_imp=1/20 (còn 866s)
2026-04-04 11:24:22,710 -   [Inner 136.3] cost=701.00 no_imp=2/20 (còn 866s)
2026-04-04 11:24:22,833 -   [Inner 136.4] cost=701.00 no_imp=3/20 (còn 866s)
2026-04-04 11:24:22,954 -   [Inner 136.5] cost=701.00 no_imp=4/20 (còn 866s)
2026-04-04 11:24:23,079 -   [Inner 136.6] cost=701.00 no_imp=5/20 (còn 866s)
2026-04-04 11:24:23,200 -   [Inner 136.7] cost=701.00 no_imp=6/20 (còn 865s)
2026-04-04 11:24:23,323 -   [Inner 136.8] cost=701.00 no_imp=7/20 (còn 865s)
2026-04-04 11:24:23,446 -   [Inner 136.9] cost=701.00 no_imp=8/20 (còn 865s)
2026-04-04 11:24:23,569 -   [Inner 136.10] cost=701.00 no_imp=9/20 (còn 865s)
2026-04-04 11:24:23,695 -   [Inner 136.11] cost=701.00 no_imp=10/20 (còn 865s)
2026-04-04 11:24:23,819 -   [Inner 136.12] cost=701.00 no_imp=11/20 (còn 865s)
2026-04-04 11:24:23,942 -   [Inner 136.13] cost=701.00 no_imp=12/20 (còn 865s)
2026-04-04 11:24:24,064 -   [Inner 136.14] cost=701.00 no_imp=13/20 (còn 865s)
2026-04-04 11:24:24,188 -   [Inner 136.15] cost=701.00 no_imp=14/20 (còn 864s)
2026-04-04 11:24:24,311 -   [Inner 136.16] cost=701.00 no_imp=15/20 (còn 864s)
2026-04-04 11:24:24,435 -   [Inner 136.17] cost=701.00 no_imp=16/20 (còn 864s)
2026-04-04 11:24:24,555 -   [Inner 136.18] cost=701.00 no_imp=17/20 (còn 864s)
2026-04-04 11:24:24,679 -   [Inner 136.19] cost=701.00 no_imp=18/20 (còn 864s)
2026-04-04 11:24:24,801 -   [Inner 136.20] cost=701.00 no_imp=19/20 (còn 864s)
2026-04-04 11:24:24,925 -   [Outer 136] Chạy Pairwise MaxSAT...
2026-04-04 11:24:24,925 -   [Outer] Pairwise không cải thiện cặp nào, quay lại inner.
2026-04-04 11:24:24,925 - === OUTER 137 | cost=701.00 (còn 864s) ===
2026-04-04 11:24:24,925 -   [Inner 137.1] cost=701.00 no_imp=0/20 (còn 864s)
2026-04-04 11:24:25,049 -   [Inner 137.2] cost=701.00 no_imp=1/20 (còn 864s)
2026-04-04 11:24:25,172 -   [Inner 137.3] cost=701.00 no_imp=2/20 (còn 864s)
2026-04-04 11:24:25,294 -   [Inner 137.4] cost=701.00 no_imp=3/20 (còn 863s)
2026-04-04 11:24:25,416 -   [Inner 137.5] cost=701.00 no_imp=4/20 (còn 863s)
2026-04-04 11:24:25,539 -   [Inner 137.6] cost=701.00 no_imp=5/20 (còn 863s)
2026-04-04 11:24:25,661 -   [Inner 137.7] cost=701.00 no_imp=6/20 (còn 863s)
2026-04-04 11:24:25,783 -   [Inner 137.8] cost=701.00 no_imp=7/20 (còn 863s)
2026-04-04 11:24:25,904 -   [Inner 137.9] cost=701.00 no_imp=8/20 (còn 863s)
2026-04-04 11:24:26,026 -   [Inner 137.10] cost=701.00 no_imp=9/20 (còn 863s)
2026-04-04 11:24:26,150 -   [Inner 137.11] cost=701.00 no_imp=10/20 (còn 863s)
2026-04-04 11:24:26,273 -   [Inner 137.12] cost=701.00 no_imp=11/20 (còn 862s)
2026-04-04 11:24:26,398 -   [Inner 137.13] cost=701.00 no_imp=12/20 (còn 862s)
2026-04-04 11:24:26,521 -   [Inner 137.14] cost=701.00 no_imp=13/20 (còn 862s)
2026-04-04 11:24:26,644 -   [Inner 137.15] cost=701.00 no_imp=14/20 (còn 862s)
2026-04-04 11:24:26,766 -   [Inner 137.16] cost=701.00 no_imp=15/20 (còn 862s)
2026-04-04 11:24:26,889 -   [Inner 137.17] cost=701.00 no_imp=16/20 (còn 862s)
2026-04-04 11:24:27,012 -   [Inner 137.18] cost=701.00 no_imp=17/20 (còn 862s)
2026-04-04 11:24:27,135 -   [Inner 137.19] cost=701.00 no_imp=18/20 (còn 862s)
2026-04-04 11:24:27,259 -   [Inner 137.20] cost=701.00 no_imp=19/20 (còn 861s)
2026-04-04 11:24:27,381 -   [Outer 137] Chạy Pairwise MaxSAT...
2026-04-04 11:24:27,382 -   [Outer] Pairwise không cải thiện cặp nào, quay lại inner.
2026-04-04 11:24:27,382 - === OUTER 138 | cost=701.00 (còn 861s) ===
2026-04-04 11:24:27,382 -   [Inner 138.1] cost=701.00 no_imp=0/20 (còn 861s)
2026-04-04 11:24:27,504 -   [Inner 138.2] cost=701.00 no_imp=1/20 (còn 861s)
2026-04-04 11:24:27,626 -   [Inner 138.3] cost=701.00 no_imp=2/20 (còn 861s)
2026-04-04 11:24:27,750 -   [Inner 138.4] cost=701.00 no_imp=3/20 (còn 861s)
2026-04-04 11:24:27,873 -   [Inner 138.5] cost=701.00 no_imp=4/20 (còn 861s)
2026-04-04 11:24:27,996 -   [Inner 138.6] cost=701.00 no_imp=5/20 (còn 861s)
2026-04-04 11:24:28,118 -   [Inner 138.7] cost=701.00 no_imp=6/20 (còn 861s)
2026-04-04 11:24:28,240 -   [Inner 138.8] cost=701.00 no_imp=7/20 (còn 860s)
2026-04-04 11:24:28,364 -   [Inner 138.9] cost=701.00 no_imp=8/20 (còn 860s)
2026-04-04 11:24:28,490 -   [Inner 138.10] cost=701.00 no_imp=9/20 (còn 860s)
2026-04-04 11:24:28,612 -   [Inner 138.11] cost=701.00 no_imp=10/20 (còn 860s)
2026-04-04 11:24:28,736 -   [Inner 138.12] cost=701.00 no_imp=11/20 (còn 860s)
2026-04-04 11:24:28,858 -   [Inner 138.13] cost=701.00 no_imp=12/20 (còn 860s)
2026-04-04 11:24:28,979 -   [Inner 138.14] cost=701.00 no_imp=13/20 (còn 860s)
2026-04-04 11:24:29,103 -   [Inner 138.15] cost=701.00 no_imp=14/20 (còn 860s)
2026-04-04 11:24:29,224 -   [Inner 138.16] cost=701.00 no_imp=15/20 (còn 859s)
2026-04-04 11:24:29,347 -   [Inner 138.17] cost=701.00 no_imp=16/20 (còn 859s)
2026-04-04 11:24:29,469 -   [Inner 138.18] cost=701.00 no_imp=17/20 (còn 859s)
2026-04-04 11:24:29,591 -   [Inner 138.19] cost=701.00 no_imp=18/20 (còn 859s)
2026-04-04 11:24:29,715 -   [Inner 138.20] cost=701.00 no_imp=19/20 (còn 859s)
2026-04-04 11:24:29,837 -   [Outer 138] Chạy Pairwise MaxSAT...
2026-04-04 11:24:29,838 -   [Outer] Pairwise không cải thiện cặp nào, quay lại inner.
2026-04-04 11:24:29,838 - === OUTER 139 | cost=701.00 (còn 859s) ===
2026-04-04 11:24:29,838 -   [Inner 139.1] cost=701.00 no_imp=0/20 (còn 859s)
2026-04-04 11:24:29,961 -   [Inner 139.2] cost=701.00 no_imp=1/20 (còn 859s)
2026-04-04 11:24:30,085 -   [Inner 139.3] cost=701.00 no_imp=2/20 (còn 859s)
2026-04-04 11:24:30,208 -   [Inner 139.4] cost=701.00 no_imp=3/20 (còn 858s)
2026-04-04 11:24:30,332 -   [Inner 139.5] cost=701.00 no_imp=4/20 (còn 858s)
2026-04-04 11:24:30,458 -   [Inner 139.6] cost=701.00 no_imp=5/20 (còn 858s)
2026-04-04 11:24:30,581 -   [Inner 139.7] cost=701.00 no_imp=6/20 (còn 858s)
2026-04-04 11:24:30,702 -   [Inner 139.8] cost=701.00 no_imp=7/20 (còn 858s)
2026-04-04 11:24:30,826 -   [Inner 139.9] cost=701.00 no_imp=8/20 (còn 858s)
2026-04-04 11:24:30,949 -   [Inner 139.10] cost=701.00 no_imp=9/20 (còn 858s)
2026-04-04 11:24:31,073 -   [Inner 139.11] cost=701.00 no_imp=10/20 (còn 858s)
2026-04-04 11:24:31,196 -   [Inner 139.12] cost=701.00 no_imp=11/20 (còn 857s)
2026-04-04 11:24:31,319 -   [Inner 139.13] cost=701.00 no_imp=12/20 (còn 857s)
2026-04-04 11:24:31,441 -   [Inner 139.14] cost=701.00 no_imp=13/20 (còn 857s)
2026-04-04 11:24:31,565 -   [Inner 139.15] cost=701.00 no_imp=14/20 (còn 857s)
2026-04-04 11:24:31,686 -   [Inner 139.16] cost=701.00 no_imp=15/20 (còn 857s)
2026-04-04 11:24:31,810 -   [Inner 139.17] cost=701.00 no_imp=16/20 (còn 857s)
2026-04-04 11:24:31,932 -   [Inner 139.18] cost=701.00 no_imp=17/20 (còn 857s)
2026-04-04 11:24:32,056 -   [Inner 139.19] cost=701.00 no_imp=18/20 (còn 857s)
2026-04-04 11:24:32,180 -   [Inner 139.20] cost=701.00 no_imp=19/20 (còn 857s)
2026-04-04 11:24:32,302 -   [Outer 139] Chạy Pairwise MaxSAT...
2026-04-04 11:24:32,303 -   [Outer] Pairwise không cải thiện cặp nào, quay lại inner.
2026-04-04 11:24:32,303 - === OUTER 140 | cost=701.00 (còn 856s) ===
2026-04-04 11:24:32,303 -   [Inner 140.1] cost=701.00 no_imp=0/20 (còn 856s)
2026-04-04 11:24:32,426 -   [Inner 140.2] cost=701.00 no_imp=1/20 (còn 856s)
2026-04-04 11:24:32,549 -   [Inner 140.3] cost=701.00 no_imp=2/20 (còn 856s)
2026-04-04 11:24:32,670 -   [Inner 140.4] cost=701.00 no_imp=3/20 (còn 856s)
2026-04-04 11:24:32,791 -   [Inner 140.5] cost=701.00 no_imp=4/20 (còn 856s)
2026-04-04 11:24:32,912 -   [Inner 140.6] cost=701.00 no_imp=5/20 (còn 856s)
2026-04-04 11:24:33,035 -   [Inner 140.7] cost=701.00 no_imp=6/20 (còn 856s)
2026-04-04 11:24:33,156 -   [Inner 140.8] cost=701.00 no_imp=7/20 (còn 856s)
2026-04-04 11:24:33,279 -   [Inner 140.9] cost=701.00 no_imp=8/20 (còn 855s)
2026-04-04 11:24:33,442 -   [Inner 140.10] cost=701.00 no_imp=9/20 (còn 855s)
2026-04-04 11:24:33,563 -   [Inner 140.11] cost=701.00 no_imp=10/20 (còn 855s)
2026-04-04 11:24:33,688 -   [Inner 140.12] cost=701.00 no_imp=11/20 (còn 855s)
2026-04-04 11:24:33,810 -   [Inner 140.13] cost=701.00 no_imp=12/20 (còn 855s)
2026-04-04 11:24:33,932 -   [Inner 140.14] cost=701.00 no_imp=13/20 (còn 855s)
2026-04-04 11:24:34,055 -   [Inner 140.15] cost=701.00 no_imp=14/20 (còn 855s)
2026-04-04 11:24:34,178 -   [Inner 140.16] cost=701.00 no_imp=15/20 (còn 855s)
2026-04-04 11:24:34,300 -   [Inner 140.17] cost=701.00 no_imp=16/20 (còn 854s)
2026-04-04 11:24:34,422 -   [Inner 140.18] cost=701.00 no_imp=17/20 (còn 854s)
2026-04-04 11:24:34,546 -   [Inner 140.19] cost=701.00 no_imp=18/20 (còn 854s)
2026-04-04 11:24:34,670 -   [Inner 140.20] cost=701.00 no_imp=19/20 (còn 854s)
2026-04-04 11:24:34,792 -   [Outer 140] Chạy Pairwise MaxSAT...
2026-04-04 11:24:34,793 -   [Outer] Pairwise không cải thiện cặp nào, quay lại inner.
2026-04-04 11:24:34,793 - === OUTER 141 | cost=701.00 (còn 854s) ===
2026-04-04 11:24:34,793 -   [Inner 141.1] cost=701.00 no_imp=0/20 (còn 854s)
2026-04-04 11:24:34,914 -   [Inner 141.2] cost=701.00 no_imp=1/20 (còn 854s)
2026-04-04 11:24:35,038 -   [Inner 141.3] cost=701.00 no_imp=2/20 (còn 854s)
2026-04-04 11:24:35,162 -   [Inner 141.4] cost=701.00 no_imp=3/20 (còn 854s)
2026-04-04 11:24:35,285 -   [Inner 141.5] cost=701.00 no_imp=4/20 (còn 853s)
2026-04-04 11:24:35,407 -   [Inner 141.6] cost=701.00 no_imp=5/20 (còn 853s)
2026-04-04 11:24:35,530 -   [Inner 141.7] cost=701.00 no_imp=6/20 (còn 853s)
2026-04-04 11:24:35,654 -   [Inner 141.8] cost=701.00 no_imp=7/20 (còn 853s)
2026-04-04 11:24:35,777 -   [Inner 141.9] cost=701.00 no_imp=8/20 (còn 853s)
2026-04-04 11:24:35,900 -   [Inner 141.10] cost=701.00 no_imp=9/20 (còn 853s)
2026-04-04 11:24:36,023 -   [Inner 141.11] cost=701.00 no_imp=10/20 (còn 853s)
2026-04-04 11:24:36,146 -   [Inner 141.12] cost=701.00 no_imp=11/20 (còn 853s)
2026-04-04 11:24:36,268 -   [Inner 141.13] cost=701.00 no_imp=12/20 (còn 852s)
2026-04-04 11:24:36,391 -   [Inner 141.14] cost=701.00 no_imp=13/20 (còn 852s)
2026-04-04 11:24:36,518 -   [Inner 141.15] cost=701.00 no_imp=14/20 (còn 852s)
2026-04-04 11:24:36,641 -   [Inner 141.16] cost=701.00 no_imp=15/20 (còn 852s)
2026-04-04 11:24:36,764 -   [Inner 141.17] cost=701.00 no_imp=16/20 (còn 852s)
2026-04-04 11:24:36,888 -   [Inner 141.18] cost=701.00 no_imp=17/20 (còn 852s)
2026-04-04 11:24:37,012 -   [Inner 141.19] cost=701.00 no_imp=18/20 (còn 852s)
2026-04-04 11:24:37,134 -   [Inner 141.20] cost=701.00 no_imp=19/20 (còn 852s)
2026-04-04 11:24:37,256 -   [Outer 141] Chạy Pairwise MaxSAT...
2026-04-04 11:24:37,256 -   [Outer] Pairwise không cải thiện cặp nào, quay lại inner.
2026-04-04 11:24:37,256 - === OUTER 142 | cost=701.00 (còn 851s) ===
2026-04-04 11:24:37,257 -   [Inner 142.1] cost=701.00 no_imp=0/20 (còn 851s)
2026-04-04 11:24:37,377 -   [Inner 142.2] cost=701.00 no_imp=1/20 (còn 851s)
2026-04-04 11:24:37,499 -   [Inner 142.3] cost=701.00 no_imp=2/20 (còn 851s)
2026-04-04 11:24:37,621 -   [Inner 142.4] cost=701.00 no_imp=3/20 (còn 851s)
2026-04-04 11:24:37,745 -   [Inner 142.5] cost=701.00 no_imp=4/20 (còn 851s)
2026-04-04 11:24:37,868 -   [Inner 142.6] cost=701.00 no_imp=5/20 (còn 851s)
2026-04-04 11:24:37,990 -   [Inner 142.7] cost=701.00 no_imp=6/20 (còn 851s)
2026-04-04 11:24:38,114 -   [Inner 142.8] cost=701.00 no_imp=7/20 (còn 851s)
2026-04-04 11:24:38,236 -   [Inner 142.9] cost=701.00 no_imp=8/20 (còn 850s)
2026-04-04 11:24:38,358 -   [Inner 142.10] cost=701.00 no_imp=9/20 (còn 850s)
2026-04-04 11:24:38,480 -   [Inner 142.11] cost=701.00 no_imp=10/20 (còn 850s)
2026-04-04 11:24:38,605 -   [Inner 142.12] cost=701.00 no_imp=11/20 (còn 850s)
2026-04-04 11:24:38,729 -   [Inner 142.13] cost=701.00 no_imp=12/20 (còn 850s)
2026-04-04 11:24:38,851 -   [Inner 142.14] cost=701.00 no_imp=13/20 (còn 850s)
2026-04-04 11:24:38,973 -   [Inner 142.15] cost=701.00 no_imp=14/20 (còn 850s)
2026-04-04 11:24:39,096 -   [Inner 142.16] cost=701.00 no_imp=15/20 (còn 850s)
2026-04-04 11:24:39,217 -   [Inner 142.17] cost=701.00 no_imp=16/20 (còn 849s)
2026-04-04 11:24:39,341 -   [Inner 142.18] cost=701.00 no_imp=17/20 (còn 849s)
2026-04-04 11:24:39,463 -   [Inner 142.19] cost=701.00 no_imp=18/20 (còn 849s)
2026-04-04 11:24:39,586 -   [Inner 142.20] cost=701.00 no_imp=19/20 (còn 849s)
2026-04-04 11:24:39,710 -   [Outer 142] Chạy Pairwise MaxSAT...
2026-04-04 11:24:39,710 -   [Outer] Pairwise không cải thiện cặp nào, quay lại inner.
2026-04-04 11:24:39,710 - === OUTER 143 | cost=701.00 (còn 849s) ===
2026-04-04 11:24:39,710 -   [Inner 143.1] cost=701.00 no_imp=0/20 (còn 849s)
2026-04-04 11:24:39,834 -   [Inner 143.2] cost=701.00 no_imp=1/20 (còn 849s)
2026-04-04 11:24:39,957 -   [Inner 143.3] cost=701.00 no_imp=2/20 (còn 849s)
2026-04-04 11:24:40,080 -   [Inner 143.4] cost=701.00 no_imp=3/20 (còn 849s)
2026-04-04 11:24:40,202 -   [Inner 143.5] cost=701.00 no_imp=4/20 (còn 848s)
2026-04-04 11:24:40,324 -   [Inner 143.6] cost=701.00 no_imp=5/20 (còn 848s)
2026-04-04 11:24:40,446 -   [Inner 143.7] cost=701.00 no_imp=6/20 (còn 848s)
2026-04-04 11:24:40,571 -   [Inner 143.8] cost=701.00 no_imp=7/20 (còn 848s)
2026-04-04 11:24:40,694 -   [Inner 143.9] cost=701.00 no_imp=8/20 (còn 848s)
2026-04-04 11:24:40,816 -   [Inner 143.10] cost=701.00 no_imp=9/20 (còn 848s)
2026-04-04 11:24:40,938 -   [Inner 143.11] cost=701.00 no_imp=10/20 (còn 848s)
2026-04-04 11:24:41,062 -   [Inner 143.12] cost=701.00 no_imp=11/20 (còn 848s)
2026-04-04 11:24:41,184 -   [Inner 143.13] cost=701.00 no_imp=12/20 (còn 848s)
2026-04-04 11:24:41,305 -   [Inner 143.14] cost=701.00 no_imp=13/20 (còn 847s)
2026-04-04 11:24:41,427 -   [Inner 143.15] cost=701.00 no_imp=14/20 (còn 847s)
2026-04-04 11:24:41,549 -   [Inner 143.16] cost=701.00 no_imp=15/20 (còn 847s)
2026-04-04 11:24:41,672 -   [Inner 143.17] cost=701.00 no_imp=16/20 (còn 847s)
2026-04-04 11:24:41,793 -   [Inner 143.18] cost=701.00 no_imp=17/20 (còn 847s)
2026-04-04 11:24:41,916 -   [Inner 143.19] cost=701.00 no_imp=18/20 (còn 847s)
2026-04-04 11:24:42,039 -   [Inner 143.20] cost=701.00 no_imp=19/20 (còn 847s)
2026-04-04 11:24:42,161 -   [Outer 143] Chạy Pairwise MaxSAT...
2026-04-04 11:24:42,162 -   [Outer] Pairwise không cải thiện cặp nào, quay lại inner.
2026-04-04 11:24:42,162 - === OUTER 144 | cost=701.00 (còn 847s) ===
2026-04-04 11:24:42,162 -   [Inner 144.1] cost=701.00 no_imp=0/20 (còn 847s)
2026-04-04 11:24:42,284 -   [Inner 144.2] cost=701.00 no_imp=1/20 (còn 846s)
2026-04-04 11:24:42,407 -   [Inner 144.3] cost=701.00 no_imp=2/20 (còn 846s)
2026-04-04 11:24:42,529 -   [Inner 144.4] cost=701.00 no_imp=3/20 (còn 846s)
2026-04-04 11:24:42,655 -   [Inner 144.5] cost=701.00 no_imp=4/20 (còn 846s)
2026-04-04 11:24:42,779 -   [Inner 144.6] cost=701.00 no_imp=5/20 (còn 846s)
2026-04-04 11:24:42,902 -   [Inner 144.7] cost=701.00 no_imp=6/20 (còn 846s)
2026-04-04 11:24:43,023 -   [Inner 144.8] cost=701.00 no_imp=7/20 (còn 846s)
2026-04-04 11:24:43,146 -   [Inner 144.9] cost=701.00 no_imp=8/20 (còn 846s)
2026-04-04 11:24:43,267 -   [Inner 144.10] cost=701.00 no_imp=9/20 (còn 845s)
2026-04-04 11:24:43,389 -   [Inner 144.11] cost=701.00 no_imp=10/20 (còn 845s)
2026-04-04 11:24:43,512 -   [Inner 144.12] cost=701.00 no_imp=11/20 (còn 845s)
2026-04-04 11:24:43,634 -   [Inner 144.13] cost=701.00 no_imp=12/20 (còn 845s)
2026-04-04 11:24:43,758 -   [Inner 144.14] cost=701.00 no_imp=13/20 (còn 845s)
2026-04-04 11:24:43,879 -   [Inner 144.15] cost=701.00 no_imp=14/20 (còn 845s)
2026-04-04 11:24:44,002 -   [Inner 144.16] cost=701.00 no_imp=15/20 (còn 845s)
2026-04-04 11:24:44,126 -   [Inner 144.17] cost=701.00 no_imp=16/20 (còn 845s)
2026-04-04 11:24:44,247 -   [Inner 144.18] cost=701.00 no_imp=17/20 (còn 844s)
2026-04-04 11:24:44,370 -   [Inner 144.19] cost=701.00 no_imp=18/20 (còn 844s)
2026-04-04 11:24:44,491 -   [Inner 144.20] cost=701.00 no_imp=19/20 (còn 844s)
2026-04-04 11:24:44,615 -   [Outer 144] Chạy Pairwise MaxSAT...
2026-04-04 11:24:44,616 -   [Outer] Pairwise không cải thiện cặp nào, quay lại inner.
2026-04-04 11:24:44,616 - === OUTER 145 | cost=701.00 (còn 844s) ===
2026-04-04 11:24:44,616 -   [Inner 145.1] cost=701.00 no_imp=0/20 (còn 844s)
2026-04-04 11:24:44,739 -   [Inner 145.2] cost=701.00 no_imp=1/20 (còn 844s)
2026-04-04 11:24:44,861 -   [Inner 145.3] cost=701.00 no_imp=2/20 (còn 844s)
2026-04-04 11:24:44,985 -   [Inner 145.4] cost=701.00 no_imp=3/20 (còn 844s)
2026-04-04 11:24:45,108 -   [Inner 145.5] cost=701.00 no_imp=4/20 (còn 844s)
2026-04-04 11:24:45,230 -   [Inner 145.6] cost=701.00 no_imp=5/20 (còn 843s)
2026-04-04 11:24:45,351 -   [Inner 145.7] cost=701.00 no_imp=6/20 (còn 843s)
2026-04-04 11:24:45,475 -   [Inner 145.8] cost=701.00 no_imp=7/20 (còn 843s)
2026-04-04 11:24:45,598 -   [Inner 145.9] cost=701.00 no_imp=8/20 (còn 843s)
2026-04-04 11:24:45,721 -   [Inner 145.10] cost=701.00 no_imp=9/20 (còn 843s)
2026-04-04 11:24:45,845 -   [Inner 145.11] cost=701.00 no_imp=10/20 (còn 843s)
2026-04-04 11:24:45,967 -   [Inner 145.12] cost=701.00 no_imp=11/20 (còn 843s)
2026-04-04 11:24:46,089 -   [Inner 145.13] cost=701.00 no_imp=12/20 (còn 843s)
2026-04-04 11:24:46,211 -   [Inner 145.14] cost=701.00 no_imp=13/20 (còn 842s)
2026-04-04 11:24:46,333 -   [Inner 145.15] cost=701.00 no_imp=14/20 (còn 842s)
2026-04-04 11:24:46,455 -   [Inner 145.16] cost=701.00 no_imp=15/20 (còn 842s)
2026-04-04 11:24:46,578 -   [Inner 145.17] cost=701.00 no_imp=16/20 (còn 842s)
2026-04-04 11:24:46,704 -   [Inner 145.18] cost=701.00 no_imp=17/20 (còn 842s)
2026-04-04 11:24:46,826 -   [Inner 145.19] cost=701.00 no_imp=18/20 (còn 842s)
2026-04-04 11:24:46,948 -   [Inner 145.20] cost=701.00 no_imp=19/20 (còn 842s)
2026-04-04 11:24:47,072 -   [Outer 145] Chạy Pairwise MaxSAT...
2026-04-04 11:24:47,073 -   [Outer] Pairwise không cải thiện cặp nào, quay lại inner.
2026-04-04 11:24:47,073 - === OUTER 146 | cost=701.00 (còn 842s) ===
2026-04-04 11:24:47,073 -   [Inner 146.1] cost=701.00 no_imp=0/20 (còn 842s)
2026-04-04 11:24:47,196 -   [Inner 146.2] cost=701.00 no_imp=1/20 (còn 841s)
2026-04-04 11:24:47,316 -   [Inner 146.3] cost=701.00 no_imp=2/20 (còn 841s)
2026-04-04 11:24:47,438 -   [Inner 146.4] cost=701.00 no_imp=3/20 (còn 841s)
2026-04-04 11:24:47,560 -   [Inner 146.5] cost=701.00 no_imp=4/20 (còn 841s)
2026-04-04 11:24:47,686 -   [Inner 146.6] cost=701.00 no_imp=5/20 (còn 841s)
2026-04-04 11:24:47,807 -   [Inner 146.7] cost=701.00 no_imp=6/20 (còn 841s)
2026-04-04 11:24:47,930 -   [Inner 146.8] cost=701.00 no_imp=7/20 (còn 841s)
2026-04-04 11:24:48,053 -   [Inner 146.9] cost=701.00 no_imp=8/20 (còn 841s)
2026-04-04 11:24:48,175 -   [Inner 146.10] cost=701.00 no_imp=9/20 (còn 841s)
2026-04-04 11:24:48,297 -   [Inner 146.11] cost=701.00 no_imp=10/20 (còn 840s)
2026-04-04 11:24:48,419 -   [Inner 146.12] cost=701.00 no_imp=11/20 (còn 840s)
2026-04-04 11:24:48,541 -   [Inner 146.13] cost=701.00 no_imp=12/20 (còn 840s)
2026-04-04 11:24:48,666 -   [Inner 146.14] cost=701.00 no_imp=13/20 (còn 840s)
2026-04-04 11:24:48,791 -   [Inner 146.15] cost=701.00 no_imp=14/20 (còn 840s)
2026-04-04 11:24:48,914 -   [Inner 146.16] cost=701.00 no_imp=15/20 (còn 840s)
2026-04-04 11:24:49,039 -   [Inner 146.17] cost=701.00 no_imp=16/20 (còn 840s)
2026-04-04 11:24:49,162 -   [Inner 146.18] cost=701.00 no_imp=17/20 (còn 840s)
2026-04-04 11:24:49,285 -   [Inner 146.19] cost=701.00 no_imp=18/20 (còn 839s)
2026-04-04 11:24:49,406 -   [Inner 146.20] cost=701.00 no_imp=19/20 (còn 839s)
2026-04-04 11:24:49,529 -   [Outer 146] Chạy Pairwise MaxSAT...
2026-04-04 11:24:49,529 -   [Outer] Pairwise không cải thiện cặp nào, quay lại inner.
2026-04-04 11:24:49,529 - === OUTER 147 | cost=701.00 (còn 839s) ===
2026-04-04 11:24:49,529 -   [Inner 147.1] cost=701.00 no_imp=0/20 (còn 839s)
2026-04-04 11:24:49,651 -   [Inner 147.2] cost=701.00 no_imp=1/20 (còn 839s)
2026-04-04 11:24:49,773 -   [Inner 147.3] cost=701.00 no_imp=2/20 (còn 839s)
2026-04-04 11:24:49,896 -   [Inner 147.4] cost=701.00 no_imp=3/20 (còn 839s)
2026-04-04 11:24:50,020 -   [Inner 147.5] cost=701.00 no_imp=4/20 (còn 839s)
2026-04-04 11:24:50,144 -   [Inner 147.6] cost=701.00 no_imp=5/20 (còn 839s)
2026-04-04 11:24:50,268 -   [Inner 147.7] cost=701.00 no_imp=6/20 (còn 838s)
2026-04-04 11:24:50,390 -   [Inner 147.8] cost=701.00 no_imp=7/20 (còn 838s)
2026-04-04 11:24:50,512 -   [Inner 147.9] cost=701.00 no_imp=8/20 (còn 838s)
2026-04-04 11:24:50,635 -   [Inner 147.10] cost=701.00 no_imp=9/20 (còn 838s)
2026-04-04 11:24:50,760 -   [Inner 147.11] cost=701.00 no_imp=10/20 (còn 838s)
2026-04-04 11:24:50,883 -   [Inner 147.12] cost=701.00 no_imp=11/20 (còn 838s)
2026-04-04 11:24:51,005 -   [Inner 147.13] cost=701.00 no_imp=12/20 (còn 838s)
2026-04-04 11:24:51,128 -   [Inner 147.14] cost=701.00 no_imp=13/20 (còn 838s)
2026-04-04 11:24:51,252 -   [Inner 147.15] cost=701.00 no_imp=14/20 (còn 837s)
2026-04-04 11:24:51,374 -   [Inner 147.16] cost=701.00 no_imp=15/20 (còn 837s)
2026-04-04 11:24:51,496 -   [Inner 147.17] cost=701.00 no_imp=16/20 (còn 837s)
2026-04-04 11:24:51,618 -   [Inner 147.18] cost=701.00 no_imp=17/20 (còn 837s)
2026-04-04 11:24:51,743 -   [Inner 147.19] cost=701.00 no_imp=18/20 (còn 837s)
2026-04-04 11:24:51,866 -   [Inner 147.20] cost=701.00 no_imp=19/20 (còn 837s)
2026-04-04 11:24:51,989 -   [Outer 147] Chạy Pairwise MaxSAT...
2026-04-04 11:24:51,989 -   [Outer] Pairwise không cải thiện cặp nào, quay lại inner.
2026-04-04 11:24:51,989 - === OUTER 148 | cost=701.00 (còn 837s) ===
2026-04-04 11:24:51,989 -   [Inner 148.1] cost=701.00 no_imp=0/20 (còn 837s)
2026-04-04 11:24:52,113 -   [Inner 148.2] cost=701.00 no_imp=1/20 (còn 837s)
2026-04-04 11:24:52,236 -   [Inner 148.3] cost=701.00 no_imp=2/20 (còn 836s)
2026-04-04 11:24:52,357 -   [Inner 148.4] cost=701.00 no_imp=3/20 (còn 836s)
2026-04-04 11:24:52,479 -   [Inner 148.5] cost=701.00 no_imp=4/20 (còn 836s)
2026-04-04 11:24:52,601 -   [Inner 148.6] cost=701.00 no_imp=5/20 (còn 836s)
2026-04-04 11:24:52,726 -   [Inner 148.7] cost=701.00 no_imp=6/20 (còn 836s)
2026-04-04 11:24:52,849 -   [Inner 148.8] cost=701.00 no_imp=7/20 (còn 836s)
2026-04-04 11:24:52,970 -   [Inner 148.9] cost=701.00 no_imp=8/20 (còn 836s)
2026-04-04 11:24:53,095 -   [Inner 148.10] cost=701.00 no_imp=9/20 (còn 836s)
2026-04-04 11:24:53,216 -   [Inner 148.11] cost=701.00 no_imp=10/20 (còn 835s)
2026-04-04 11:24:53,338 -   [Inner 148.12] cost=701.00 no_imp=11/20 (còn 835s)
2026-04-04 11:24:53,461 -   [Inner 148.13] cost=701.00 no_imp=12/20 (còn 835s)
2026-04-04 11:24:53,584 -   [Inner 148.14] cost=701.00 no_imp=13/20 (còn 835s)
2026-04-04 11:24:53,706 -   [Inner 148.15] cost=701.00 no_imp=14/20 (còn 835s)
2026-04-04 11:24:53,829 -   [Inner 148.16] cost=701.00 no_imp=15/20 (còn 835s)
2026-04-04 11:24:53,952 -   [Inner 148.17] cost=701.00 no_imp=16/20 (còn 835s)
2026-04-04 11:24:54,076 -   [Inner 148.18] cost=701.00 no_imp=17/20 (còn 835s)
2026-04-04 11:24:54,198 -   [Inner 148.19] cost=701.00 no_imp=18/20 (còn 834s)
2026-04-04 11:24:54,322 -   [Inner 148.20] cost=701.00 no_imp=19/20 (còn 834s)
2026-04-04 11:24:54,443 -   [Outer 148] Chạy Pairwise MaxSAT...
2026-04-04 11:24:54,444 -   [Outer] Pairwise không cải thiện cặp nào, quay lại inner.
2026-04-04 11:24:54,444 - === OUTER 149 | cost=701.00 (còn 834s) ===
2026-04-04 11:24:54,444 -   [Inner 149.1] cost=701.00 no_imp=0/20 (còn 834s)
2026-04-04 11:24:54,564 -   [Inner 149.2] cost=701.00 no_imp=1/20 (còn 834s)
2026-04-04 11:24:54,686 -   [Inner 149.3] cost=701.00 no_imp=2/20 (còn 834s)
2026-04-04 11:24:54,811 -   [Inner 149.4] cost=701.00 no_imp=3/20 (còn 834s)
2026-04-04 11:24:54,934 -   [Inner 149.5] cost=701.00 no_imp=4/20 (còn 834s)
2026-04-04 11:24:55,058 -   [Inner 149.6] cost=701.00 no_imp=5/20 (còn 834s)
2026-04-04 11:24:55,180 -   [Inner 149.7] cost=701.00 no_imp=6/20 (còn 834s)
2026-04-04 11:24:55,303 -   [Inner 149.8] cost=701.00 no_imp=7/20 (còn 833s)
2026-04-04 11:24:55,426 -   [Inner 149.9] cost=701.00 no_imp=8/20 (còn 833s)
2026-04-04 11:24:55,550 -   [Inner 149.10] cost=701.00 no_imp=9/20 (còn 833s)
2026-04-04 11:24:55,672 -   [Inner 149.11] cost=701.00 no_imp=10/20 (còn 833s)
2026-04-04 11:24:55,793 -   [Inner 149.12] cost=701.00 no_imp=11/20 (còn 833s)
2026-04-04 11:24:55,915 -   [Inner 149.13] cost=701.00 no_imp=12/20 (còn 833s)
2026-04-04 11:24:56,038 -   [Inner 149.14] cost=701.00 no_imp=13/20 (còn 833s)
2026-04-04 11:24:56,162 -   [Inner 149.15] cost=701.00 no_imp=14/20 (còn 833s)
2026-04-04 11:24:56,287 -   [Inner 149.16] cost=701.00 no_imp=15/20 (còn 832s)
2026-04-04 11:24:56,409 -   [Inner 149.17] cost=701.00 no_imp=16/20 (còn 832s)
2026-04-04 11:24:56,532 -   [Inner 149.18] cost=701.00 no_imp=17/20 (còn 832s)
2026-04-04 11:24:56,655 -   [Inner 149.19] cost=701.00 no_imp=18/20 (còn 832s)
2026-04-04 11:24:56,779 -   [Inner 149.20] cost=701.00 no_imp=19/20 (còn 832s)
2026-04-04 11:24:56,901 -   [Outer 149] Chạy Pairwise MaxSAT...
2026-04-04 11:24:56,901 -   [Outer] Pairwise không cải thiện cặp nào, quay lại inner.
2026-04-04 11:24:56,902 - === OUTER 150 | cost=701.00 (còn 832s) ===
2026-04-04 11:24:56,902 -   [Inner 150.1] cost=701.00 no_imp=0/20 (còn 832s)
2026-04-04 11:24:57,025 -   [Inner 150.2] cost=701.00 no_imp=1/20 (còn 832s)
2026-04-04 11:24:57,149 -   [Inner 150.3] cost=701.00 no_imp=2/20 (còn 832s)
2026-04-04 11:24:57,273 -   [Inner 150.4] cost=701.00 no_imp=3/20 (còn 831s)
2026-04-04 11:24:57,396 -   [Inner 150.5] cost=701.00 no_imp=4/20 (còn 831s)
2026-04-04 11:24:57,522 -   [Inner 150.6] cost=701.00 no_imp=5/20 (còn 831s)
2026-04-04 11:24:57,650 -   [Inner 150.7] cost=701.00 no_imp=6/20 (còn 831s)
2026-04-04 11:24:57,772 -   [Inner 150.8] cost=701.00 no_imp=7/20 (còn 831s)
2026-04-04 11:24:57,896 -   [Inner 150.9] cost=701.00 no_imp=8/20 (còn 831s)
2026-04-04 11:24:58,019 -   [Inner 150.10] cost=701.00 no_imp=9/20 (còn 831s)
2026-04-04 11:24:58,141 -   [Inner 150.11] cost=701.00 no_imp=10/20 (còn 831s)
2026-04-04 11:24:58,264 -   [Inner 150.12] cost=701.00 no_imp=11/20 (còn 830s)
2026-04-04 11:24:58,417 -   [Inner 150.13] cost=701.00 no_imp=12/20 (còn 830s)
2026-04-04 11:24:58,538 -   [Inner 150.14] cost=701.00 no_imp=13/20 (còn 830s)
2026-04-04 11:24:58,662 -   [Inner 150.15] cost=701.00 no_imp=14/20 (còn 830s)
2026-04-04 11:24:58,783 -   [Inner 150.16] cost=701.00 no_imp=15/20 (còn 830s)
2026-04-04 11:24:58,909 -   [Inner 150.17] cost=701.00 no_imp=16/20 (còn 830s)
2026-04-04 11:24:59,030 -   [Inner 150.18] cost=701.00 no_imp=17/20 (còn 830s)
2026-04-04 11:24:59,153 -   [Inner 150.19] cost=701.00 no_imp=18/20 (còn 830s)
2026-04-04 11:24:59,277 -   [Inner 150.20] cost=701.00 no_imp=19/20 (còn 829s)
2026-04-04 11:24:59,400 -   [Outer 150] Chạy Pairwise MaxSAT...
2026-04-04 11:24:59,401 -   [Outer] Pairwise không cải thiện cặp nào, quay lại inner.
2026-04-04 11:24:59,401 - === OUTER 151 | cost=701.00 (còn 829s) ===
2026-04-04 11:24:59,401 -   [Inner 151.1] cost=701.00 no_imp=0/20 (còn 829s)
2026-04-04 11:24:59,524 -   [Inner 151.2] cost=701.00 no_imp=1/20 (còn 829s)
2026-04-04 11:24:59,645 -   [Inner 151.3] cost=701.00 no_imp=2/20 (còn 829s)
2026-04-04 11:24:59,769 -   [Inner 151.4] cost=701.00 no_imp=3/20 (còn 829s)
2026-04-04 11:24:59,891 -   [Inner 151.5] cost=701.00 no_imp=4/20 (còn 829s)
2026-04-04 11:25:00,015 -   [Inner 151.6] cost=701.00 no_imp=5/20 (còn 829s)
2026-04-04 11:25:00,141 -   [Inner 151.7] cost=701.00 no_imp=6/20 (còn 829s)
2026-04-04 11:25:00,268 -   [Inner 151.8] cost=701.00 no_imp=7/20 (còn 828s)
2026-04-04 11:25:00,406 -   [Inner 151.9] cost=701.00 no_imp=8/20 (còn 828s)
2026-04-04 11:25:00,542 -   [Inner 151.10] cost=701.00 no_imp=9/20 (còn 828s)
2026-04-04 11:25:00,676 -   [Inner 151.11] cost=701.00 no_imp=10/20 (còn 828s)
2026-04-04 11:25:00,804 -   [Inner 151.12] cost=701.00 no_imp=11/20 (còn 828s)
2026-04-04 11:25:00,930 -   [Inner 151.13] cost=701.00 no_imp=12/20 (còn 828s)
2026-04-04 11:25:01,054 -   [Inner 151.14] cost=701.00 no_imp=13/20 (còn 828s)
2026-04-04 11:25:01,178 -   [Inner 151.15] cost=701.00 no_imp=14/20 (còn 828s)
2026-04-04 11:25:01,301 -   [Inner 151.16] cost=701.00 no_imp=15/20 (còn 827s)
2026-04-04 11:25:01,423 -   [Inner 151.17] cost=701.00 no_imp=16/20 (còn 827s)
2026-04-04 11:25:01,548 -   [Inner 151.18] cost=701.00 no_imp=17/20 (còn 827s)
2026-04-04 11:25:01,673 -   [Inner 151.19] cost=701.00 no_imp=18/20 (còn 827s)
2026-04-04 11:25:01,795 -   [Inner 151.20] cost=701.00 no_imp=19/20 (còn 827s)
2026-04-04 11:25:01,917 -   [Outer 151] Chạy Pairwise MaxSAT...
2026-04-04 11:25:01,917 -   [Outer] Pairwise không cải thiện cặp nào, quay lại inner.
2026-04-04 11:25:01,917 - === OUTER 152 | cost=701.00 (còn 827s) ===
2026-04-04 11:25:01,917 -   [Inner 152.1] cost=701.00 no_imp=0/20 (còn 827s)
2026-04-04 11:25:02,041 -   [Inner 152.2] cost=701.00 no_imp=1/20 (còn 827s)
2026-04-04 11:25:02,166 -   [Inner 152.3] cost=701.00 no_imp=2/20 (còn 827s)
2026-04-04 11:25:02,291 -   [Inner 152.4] cost=701.00 no_imp=3/20 (còn 826s)
2026-04-04 11:25:02,412 -   [Inner 152.5] cost=701.00 no_imp=4/20 (còn 826s)
2026-04-04 11:25:02,534 -   [Inner 152.6] cost=701.00 no_imp=5/20 (còn 826s)
2026-04-04 11:25:02,657 -   [Inner 152.7] cost=701.00 no_imp=6/20 (còn 826s)
2026-04-04 11:25:02,780 -   [Inner 152.8] cost=701.00 no_imp=7/20 (còn 826s)
2026-04-04 11:25:02,905 -   [Inner 152.9] cost=701.00 no_imp=8/20 (còn 826s)
2026-04-04 11:25:03,028 -   [Inner 152.10] cost=701.00 no_imp=9/20 (còn 826s)
2026-04-04 11:25:03,149 -   [Inner 152.11] cost=701.00 no_imp=10/20 (còn 826s)
2026-04-04 11:25:03,273 -   [Inner 152.12] cost=701.00 no_imp=11/20 (còn 825s)
2026-04-04 11:25:03,395 -   [Inner 152.13] cost=701.00 no_imp=12/20 (còn 825s)
2026-04-04 11:25:03,527 -   [Inner 152.14] cost=701.00 no_imp=13/20 (còn 825s)
2026-04-04 11:25:03,650 -   [Inner 152.15] cost=701.00 no_imp=14/20 (còn 825s)
2026-04-04 11:25:03,774 -   [Inner 152.16] cost=701.00 no_imp=15/20 (còn 825s)
2026-04-04 11:25:03,898 -   [Inner 152.17] cost=701.00 no_imp=16/20 (còn 825s)
2026-04-04 11:25:04,021 -   [Inner 152.18] cost=701.00 no_imp=17/20 (còn 825s)
2026-04-04 11:25:04,144 -   [Inner 152.19] cost=701.00 no_imp=18/20 (còn 825s)
2026-04-04 11:25:04,267 -   [Inner 152.20] cost=701.00 no_imp=19/20 (còn 824s)
2026-04-04 11:25:04,390 -   [Outer 152] Chạy Pairwise MaxSAT...
2026-04-04 11:25:04,390 -   [Outer] Pairwise không cải thiện cặp nào, quay lại inner.
2026-04-04 11:25:04,390 - === OUTER 153 | cost=701.00 (còn 824s) ===
2026-04-04 11:25:04,391 -   [Inner 153.1] cost=701.00 no_imp=0/20 (còn 824s)
2026-04-04 11:25:04,512 -   [Inner 153.2] cost=701.00 no_imp=1/20 (còn 824s)
2026-04-04 11:25:04,635 -   [Inner 153.3] cost=701.00 no_imp=2/20 (còn 824s)
2026-04-04 11:25:04,757 -   [Inner 153.4] cost=701.00 no_imp=3/20 (còn 824s)
2026-04-04 11:25:04,880 -   [Inner 153.5] cost=701.00 no_imp=4/20 (còn 824s)
2026-04-04 11:25:05,008 -   [Inner 153.6] cost=701.00 no_imp=5/20 (còn 824s)
2026-04-04 11:25:05,131 -   [Inner 153.7] cost=701.00 no_imp=6/20 (còn 824s)
2026-04-04 11:25:05,257 -   [Inner 153.8] cost=701.00 no_imp=7/20 (còn 823s)
2026-04-04 11:25:05,380 -   [Inner 153.9] cost=701.00 no_imp=8/20 (còn 823s)
2026-04-04 11:25:05,502 -   [Inner 153.10] cost=701.00 no_imp=9/20 (còn 823s)
2026-04-04 11:25:05,625 -   [Inner 153.11] cost=701.00 no_imp=10/20 (còn 823s)
2026-04-04 11:25:05,749 -   [Inner 153.12] cost=701.00 no_imp=11/20 (còn 823s)
2026-04-04 11:25:05,872 -   [Inner 153.13] cost=701.00 no_imp=12/20 (còn 823s)
2026-04-04 11:25:05,995 -   [Inner 153.14] cost=701.00 no_imp=13/20 (còn 823s)
2026-04-04 11:25:06,119 -   [Inner 153.15] cost=701.00 no_imp=14/20 (còn 823s)
2026-04-04 11:25:06,240 -   [Inner 153.16] cost=701.00 no_imp=15/20 (còn 822s)
2026-04-04 11:25:06,362 -   [Inner 153.17] cost=701.00 no_imp=16/20 (còn 822s)
2026-04-04 11:25:06,483 -   [Inner 153.18] cost=701.00 no_imp=17/20 (còn 822s)
2026-04-04 11:25:06,605 -   [Inner 153.19] cost=701.00 no_imp=18/20 (còn 822s)
2026-04-04 11:25:06,729 -   [Inner 153.20] cost=701.00 no_imp=19/20 (còn 822s)
2026-04-04 11:25:06,852 -   [Outer 153] Chạy Pairwise MaxSAT...
2026-04-04 11:25:06,853 -   [Outer] Pairwise không cải thiện cặp nào, quay lại inner.
2026-04-04 11:25:06,853 - === OUTER 154 | cost=701.00 (còn 822s) ===
2026-04-04 11:25:06,853 -   [Inner 154.1] cost=701.00 no_imp=0/20 (còn 822s)
2026-04-04 11:25:06,977 -   [Inner 154.2] cost=701.00 no_imp=1/20 (còn 822s)
2026-04-04 11:25:07,101 -   [Inner 154.3] cost=701.00 no_imp=2/20 (còn 822s)
2026-04-04 11:25:07,224 -   [Inner 154.4] cost=701.00 no_imp=3/20 (còn 821s)
2026-04-04 11:25:07,347 -   [Inner 154.5] cost=701.00 no_imp=4/20 (còn 821s)
2026-04-04 11:25:07,469 -   [Inner 154.6] cost=701.00 no_imp=5/20 (còn 821s)
2026-04-04 11:25:07,593 -   [Inner 154.7] cost=701.00 no_imp=6/20 (còn 821s)
2026-04-04 11:25:07,715 -   [Inner 154.8] cost=701.00 no_imp=7/20 (còn 821s)
2026-04-04 11:25:07,838 -   [Inner 154.9] cost=701.00 no_imp=8/20 (còn 821s)
2026-04-04 11:25:07,959 -   [Inner 154.10] cost=701.00 no_imp=9/20 (còn 821s)
2026-04-04 11:25:08,084 -   [Inner 154.11] cost=701.00 no_imp=10/20 (còn 821s)
2026-04-04 11:25:08,207 -   [Inner 154.12] cost=701.00 no_imp=11/20 (còn 820s)
2026-04-04 11:25:08,329 -   [Inner 154.13] cost=701.00 no_imp=12/20 (còn 820s)
2026-04-04 11:25:08,453 -   [Inner 154.14] cost=701.00 no_imp=13/20 (còn 820s)
2026-04-04 11:25:08,576 -   [Inner 154.15] cost=701.00 no_imp=14/20 (còn 820s)
2026-04-04 11:25:08,703 -   [Inner 154.16] cost=701.00 no_imp=15/20 (còn 820s)
2026-04-04 11:25:08,825 -   [Inner 154.17] cost=701.00 no_imp=16/20 (còn 820s)
2026-04-04 11:25:08,950 -   [Inner 154.18] cost=701.00 no_imp=17/20 (còn 820s)
2026-04-04 11:25:09,073 -   [Inner 154.19] cost=701.00 no_imp=18/20 (còn 820s)
2026-04-04 11:25:09,196 -   [Inner 154.20] cost=701.00 no_imp=19/20 (còn 819s)
2026-04-04 11:25:09,319 -   [Outer 154] Chạy Pairwise MaxSAT...
2026-04-04 11:25:09,320 -   [Outer] Pairwise không cải thiện cặp nào, quay lại inner.
2026-04-04 11:25:09,320 - === OUTER 155 | cost=701.00 (còn 819s) ===
2026-04-04 11:25:09,320 -   [Inner 155.1] cost=701.00 no_imp=0/20 (còn 819s)
2026-04-04 11:25:09,443 -   [Inner 155.2] cost=701.00 no_imp=1/20 (còn 819s)
2026-04-04 11:25:09,564 -   [Inner 155.3] cost=701.00 no_imp=2/20 (còn 819s)
2026-04-04 11:25:09,686 -   [Inner 155.4] cost=701.00 no_imp=3/20 (còn 819s)
2026-04-04 11:25:09,810 -   [Inner 155.5] cost=701.00 no_imp=4/20 (còn 819s)
2026-04-04 11:25:09,932 -   [Inner 155.6] cost=701.00 no_imp=5/20 (còn 819s)
2026-04-04 11:25:10,054 -   [Inner 155.7] cost=701.00 no_imp=6/20 (còn 819s)
2026-04-04 11:25:10,177 -   [Inner 155.8] cost=701.00 no_imp=7/20 (còn 819s)
2026-04-04 11:25:10,299 -   [Inner 155.9] cost=701.00 no_imp=8/20 (còn 818s)
2026-04-04 11:25:10,422 -   [Inner 155.10] cost=701.00 no_imp=9/20 (còn 818s)
2026-04-04 11:25:10,545 -   [Inner 155.11] cost=701.00 no_imp=10/20 (còn 818s)
2026-04-04 11:25:10,667 -   [Inner 155.12] cost=701.00 no_imp=11/20 (còn 818s)
2026-04-04 11:25:10,788 -   [Inner 155.13] cost=701.00 no_imp=12/20 (còn 818s)
2026-04-04 11:25:10,912 -   [Inner 155.14] cost=701.00 no_imp=13/20 (còn 818s)
2026-04-04 11:25:11,037 -   [Inner 155.15] cost=701.00 no_imp=14/20 (còn 818s)
2026-04-04 11:25:11,162 -   [Inner 155.16] cost=701.00 no_imp=15/20 (còn 818s)
2026-04-04 11:25:11,283 -   [Inner 155.17] cost=701.00 no_imp=16/20 (còn 817s)
2026-04-04 11:25:11,405 -   [Inner 155.18] cost=701.00 no_imp=17/20 (còn 817s)
2026-04-04 11:25:11,527 -   [Inner 155.19] cost=701.00 no_imp=18/20 (còn 817s)
2026-04-04 11:25:11,651 -   [Inner 155.20] cost=701.00 no_imp=19/20 (còn 817s)
2026-04-04 11:25:11,776 -   [Outer 155] Chạy Pairwise MaxSAT...
2026-04-04 11:25:11,776 -   [Outer] Pairwise không cải thiện cặp nào, quay lại inner.
2026-04-04 11:25:11,776 - === OUTER 156 | cost=701.00 (còn 817s) ===
2026-04-04 11:25:11,776 -   [Inner 156.1] cost=701.00 no_imp=0/20 (còn 817s)
2026-04-04 11:25:11,900 -   [Inner 156.2] cost=701.00 no_imp=1/20 (còn 817s)
2026-04-04 11:25:12,022 -   [Inner 156.3] cost=701.00 no_imp=2/20 (còn 817s)
2026-04-04 11:25:12,145 -   [Inner 156.4] cost=701.00 no_imp=3/20 (còn 817s)
2026-04-04 11:25:12,269 -   [Inner 156.5] cost=701.00 no_imp=4/20 (còn 816s)
2026-04-04 11:25:12,392 -   [Inner 156.6] cost=701.00 no_imp=5/20 (còn 816s)
2026-04-04 11:25:12,514 -   [Inner 156.7] cost=701.00 no_imp=6/20 (còn 816s)
2026-04-04 11:25:12,635 -   [Inner 156.8] cost=701.00 no_imp=7/20 (còn 816s)
2026-04-04 11:25:12,757 -   [Inner 156.9] cost=701.00 no_imp=8/20 (còn 816s)
2026-04-04 11:25:12,880 -   [Inner 156.10] cost=701.00 no_imp=9/20 (còn 816s)
2026-04-04 11:25:13,006 -   [Inner 156.11] cost=701.00 no_imp=10/20 (còn 816s)
2026-04-04 11:25:13,129 -   [Inner 156.12] cost=701.00 no_imp=11/20 (còn 816s)
2026-04-04 11:25:13,252 -   [Inner 156.13] cost=701.00 no_imp=12/20 (còn 815s)
2026-04-04 11:25:13,373 -   [Inner 156.14] cost=701.00 no_imp=13/20 (còn 815s)
2026-04-04 11:25:13,497 -   [Inner 156.15] cost=701.00 no_imp=14/20 (còn 815s)
2026-04-04 11:25:13,619 -   [Inner 156.16] cost=701.00 no_imp=15/20 (còn 815s)
2026-04-04 11:25:13,743 -   [Inner 156.17] cost=701.00 no_imp=16/20 (còn 815s)
2026-04-04 11:25:13,864 -   [Inner 156.18] cost=701.00 no_imp=17/20 (còn 815s)
2026-04-04 11:25:13,986 -   [Inner 156.19] cost=701.00 no_imp=18/20 (còn 815s)
2026-04-04 11:25:14,111 -   [Inner 156.20] cost=701.00 no_imp=19/20 (còn 815s)
2026-04-04 11:25:14,234 -   [Outer 156] Chạy Pairwise MaxSAT...
2026-04-04 11:25:14,235 -   [Outer] Pairwise không cải thiện cặp nào, quay lại inner.
2026-04-04 11:25:14,235 - === OUTER 157 | cost=701.00 (còn 814s) ===
2026-04-04 11:25:14,235 -   [Inner 157.1] cost=701.00 no_imp=0/20 (còn 814s)
2026-04-04 11:25:14,355 -   [Inner 157.2] cost=701.00 no_imp=1/20 (còn 814s)
2026-04-04 11:25:14,476 -   [Inner 157.3] cost=701.00 no_imp=2/20 (còn 814s)
2026-04-04 11:25:14,599 -   [Inner 157.4] cost=701.00 no_imp=3/20 (còn 814s)
2026-04-04 11:25:14,722 -   [Inner 157.5] cost=701.00 no_imp=4/20 (còn 814s)
2026-04-04 11:25:14,845 -   [Inner 157.6] cost=701.00 no_imp=5/20 (còn 814s)
2026-04-04 11:25:14,967 -   [Inner 157.7] cost=701.00 no_imp=6/20 (còn 814s)
2026-04-04 11:25:15,092 -   [Inner 157.8] cost=701.00 no_imp=7/20 (còn 814s)
2026-04-04 11:25:15,214 -   [Inner 157.9] cost=701.00 no_imp=8/20 (còn 813s)
2026-04-04 11:25:15,337 -   [Inner 157.10] cost=701.00 no_imp=9/20 (còn 813s)
2026-04-04 11:25:15,460 -   [Inner 157.11] cost=701.00 no_imp=10/20 (còn 813s)
2026-04-04 11:25:15,582 -   [Inner 157.12] cost=701.00 no_imp=11/20 (còn 813s)
2026-04-04 11:25:15,704 -   [Inner 157.13] cost=701.00 no_imp=12/20 (còn 813s)
2026-04-04 11:25:15,827 -   [Inner 157.14] cost=701.00 no_imp=13/20 (còn 813s)
2026-04-04 11:25:15,951 -   [Inner 157.15] cost=701.00 no_imp=14/20 (còn 813s)
2026-04-04 11:25:16,073 -   [Inner 157.16] cost=701.00 no_imp=15/20 (còn 813s)
2026-04-04 11:25:16,196 -   [Inner 157.17] cost=701.00 no_imp=16/20 (còn 812s)
2026-04-04 11:25:16,319 -   [Inner 157.18] cost=701.00 no_imp=17/20 (còn 812s)
2026-04-04 11:25:16,441 -   [Inner 157.19] cost=701.00 no_imp=18/20 (còn 812s)
2026-04-04 11:25:16,565 -   [Inner 157.20] cost=701.00 no_imp=19/20 (còn 812s)
2026-04-04 11:25:16,687 -   [Outer 157] Chạy Pairwise MaxSAT...
2026-04-04 11:25:16,687 -   [Outer] Pairwise không cải thiện cặp nào, quay lại inner.
2026-04-04 11:25:16,687 - === OUTER 158 | cost=701.00 (còn 812s) ===
2026-04-04 11:25:16,687 -   [Inner 158.1] cost=701.00 no_imp=0/20 (còn 812s)
2026-04-04 11:25:16,810 -   [Inner 158.2] cost=701.00 no_imp=1/20 (còn 812s)
2026-04-04 11:25:16,932 -   [Inner 158.3] cost=701.00 no_imp=2/20 (còn 812s)
2026-04-04 11:25:17,058 -   [Inner 158.4] cost=701.00 no_imp=3/20 (còn 812s)
2026-04-04 11:25:17,181 -   [Inner 158.5] cost=701.00 no_imp=4/20 (còn 812s)
2026-04-04 11:25:17,305 -   [Inner 158.6] cost=701.00 no_imp=5/20 (còn 811s)
2026-04-04 11:25:17,428 -   [Inner 158.7] cost=701.00 no_imp=6/20 (còn 811s)
2026-04-04 11:25:17,551 -   [Inner 158.8] cost=701.00 no_imp=7/20 (còn 811s)
2026-04-04 11:25:17,674 -   [Inner 158.9] cost=701.00 no_imp=8/20 (còn 811s)
2026-04-04 11:25:17,796 -   [Inner 158.10] cost=701.00 no_imp=9/20 (còn 811s)
2026-04-04 11:25:17,920 -   [Inner 158.11] cost=701.00 no_imp=10/20 (còn 811s)
2026-04-04 11:25:18,041 -   [Inner 158.12] cost=701.00 no_imp=11/20 (còn 811s)
2026-04-04 11:25:18,164 -   [Inner 158.13] cost=701.00 no_imp=12/20 (còn 811s)
2026-04-04 11:25:18,286 -   [Inner 158.14] cost=701.00 no_imp=13/20 (còn 810s)
2026-04-04 11:25:18,407 -   [Inner 158.15] cost=701.00 no_imp=14/20 (còn 810s)
2026-04-04 11:25:18,530 -   [Inner 158.16] cost=701.00 no_imp=15/20 (còn 810s)
2026-04-04 11:25:18,652 -   [Inner 158.17] cost=701.00 no_imp=16/20 (còn 810s)
2026-04-04 11:25:18,774 -   [Inner 158.18] cost=701.00 no_imp=17/20 (còn 810s)
2026-04-04 11:25:18,897 -   [Inner 158.19] cost=701.00 no_imp=18/20 (còn 810s)
2026-04-04 11:25:19,022 -   [Inner 158.20] cost=701.00 no_imp=19/20 (còn 810s)
2026-04-04 11:25:19,150 -   [Outer 158] Chạy Pairwise MaxSAT...
2026-04-04 11:25:19,150 -   [Outer] Pairwise không cải thiện cặp nào, quay lại inner.
2026-04-04 11:25:19,150 - === OUTER 159 | cost=701.00 (còn 810s) ===
2026-04-04 11:25:19,151 -   [Inner 159.1] cost=701.00 no_imp=0/20 (còn 810s)
2026-04-04 11:25:19,272 -   [Inner 159.2] cost=701.00 no_imp=1/20 (còn 809s)
2026-04-04 11:25:19,394 -   [Inner 159.3] cost=701.00 no_imp=2/20 (còn 809s)
2026-04-04 11:25:19,517 -   [Inner 159.4] cost=701.00 no_imp=3/20 (còn 809s)
2026-04-04 11:25:19,639 -   [Inner 159.5] cost=701.00 no_imp=4/20 (còn 809s)
2026-04-04 11:25:19,762 -   [Inner 159.6] cost=701.00 no_imp=5/20 (còn 809s)
2026-04-04 11:25:19,883 -   [Inner 159.7] cost=701.00 no_imp=6/20 (còn 809s)
2026-04-04 11:25:20,007 -   [Inner 159.8] cost=701.00 no_imp=7/20 (còn 809s)
2026-04-04 11:25:20,131 -   [Inner 159.9] cost=701.00 no_imp=8/20 (còn 809s)
2026-04-04 11:25:20,254 -   [Inner 159.10] cost=701.00 no_imp=9/20 (còn 808s)
2026-04-04 11:25:20,376 -   [Inner 159.11] cost=701.00 no_imp=10/20 (còn 808s)
2026-04-04 11:25:20,497 -   [Inner 159.12] cost=701.00 no_imp=11/20 (còn 808s)
2026-04-04 11:25:20,621 -   [Inner 159.13] cost=701.00 no_imp=12/20 (còn 808s)
2026-04-04 11:25:20,744 -   [Inner 159.14] cost=701.00 no_imp=13/20 (còn 808s)
2026-04-04 11:25:20,866 -   [Inner 159.15] cost=701.00 no_imp=14/20 (còn 808s)
2026-04-04 11:25:20,990 -   [Inner 159.16] cost=701.00 no_imp=15/20 (còn 808s)
2026-04-04 11:25:21,125 -   [Inner 159.17] cost=701.00 no_imp=16/20 (còn 808s)
2026-04-04 11:25:21,253 -   [Inner 159.18] cost=701.00 no_imp=17/20 (còn 807s)
2026-04-04 11:25:21,375 -   [Inner 159.19] cost=701.00 no_imp=18/20 (còn 807s)
2026-04-04 11:25:21,497 -   [Inner 159.20] cost=701.00 no_imp=19/20 (còn 807s)
2026-04-04 11:25:21,621 -   [Outer 159] Chạy Pairwise MaxSAT...
2026-04-04 11:25:21,621 -   [Outer] Pairwise không cải thiện cặp nào, quay lại inner.
2026-04-04 11:25:21,621 - === OUTER 160 | cost=701.00 (còn 807s) ===
2026-04-04 11:25:21,621 -   [Inner 160.1] cost=701.00 no_imp=0/20 (còn 807s)
2026-04-04 11:25:21,743 -   [Inner 160.2] cost=701.00 no_imp=1/20 (còn 807s)
2026-04-04 11:25:21,867 -   [Inner 160.3] cost=701.00 no_imp=2/20 (còn 807s)
2026-04-04 11:25:21,987 -   [Inner 160.4] cost=701.00 no_imp=3/20 (còn 807s)
2026-04-04 11:25:22,112 -   [Inner 160.5] cost=701.00 no_imp=4/20 (còn 807s)
2026-04-04 11:25:22,235 -   [Inner 160.6] cost=701.00 no_imp=5/20 (còn 806s)
2026-04-04 11:25:22,357 -   [Inner 160.7] cost=701.00 no_imp=6/20 (còn 806s)
2026-04-04 11:25:22,479 -   [Inner 160.8] cost=701.00 no_imp=7/20 (còn 806s)
2026-04-04 11:25:22,603 -   [Inner 160.9] cost=701.00 no_imp=8/20 (còn 806s)
2026-04-04 11:25:22,725 -   [Inner 160.10] cost=701.00 no_imp=9/20 (còn 806s)
2026-04-04 11:25:22,847 -   [Inner 160.11] cost=701.00 no_imp=10/20 (còn 806s)
2026-04-04 11:25:22,970 -   [Inner 160.12] cost=701.00 no_imp=11/20 (còn 806s)
2026-04-04 11:25:23,094 -   [Inner 160.13] cost=701.00 no_imp=12/20 (còn 806s)
2026-04-04 11:25:23,252 -   [Inner 160.14] cost=701.00 no_imp=13/20 (còn 805s)
2026-04-04 11:25:23,374 -   [Inner 160.15] cost=701.00 no_imp=14/20 (còn 805s)
2026-04-04 11:25:23,496 -   [Inner 160.16] cost=701.00 no_imp=15/20 (còn 805s)
2026-04-04 11:25:23,618 -   [Inner 160.17] cost=701.00 no_imp=16/20 (còn 805s)
2026-04-04 11:25:23,742 -   [Inner 160.18] cost=701.00 no_imp=17/20 (còn 805s)
2026-04-04 11:25:23,865 -   [Inner 160.19] cost=701.00 no_imp=18/20 (còn 805s)
2026-04-04 11:25:23,987 -   [Inner 160.20] cost=701.00 no_imp=19/20 (còn 805s)
2026-04-04 11:25:24,109 -   [Outer 160] Chạy Pairwise MaxSAT...
2026-04-04 11:25:24,110 -   [Outer] Pairwise không cải thiện cặp nào, quay lại inner.
2026-04-04 11:25:24,110 - === OUTER 161 | cost=701.00 (còn 805s) ===
2026-04-04 11:25:24,110 -   [Inner 161.1] cost=701.00 no_imp=0/20 (còn 805s)
2026-04-04 11:25:24,235 -   [Inner 161.2] cost=701.00 no_imp=1/20 (còn 804s)
2026-04-04 11:25:24,356 -   [Inner 161.3] cost=701.00 no_imp=2/20 (còn 804s)
2026-04-04 11:25:24,478 -   [Inner 161.4] cost=701.00 no_imp=3/20 (còn 804s)
2026-04-04 11:25:24,601 -   [Inner 161.5] cost=701.00 no_imp=4/20 (còn 804s)
2026-04-04 11:25:24,722 -   [Inner 161.6] cost=701.00 no_imp=5/20 (còn 804s)
2026-04-04 11:25:24,845 -   [Inner 161.7] cost=701.00 no_imp=6/20 (còn 804s)
2026-04-04 11:25:24,968 -   [Inner 161.8] cost=701.00 no_imp=7/20 (còn 804s)
2026-04-04 11:25:25,092 -   [Inner 161.9] cost=701.00 no_imp=8/20 (còn 804s)
2026-04-04 11:25:25,224 -   [Inner 161.10] cost=701.00 no_imp=9/20 (còn 803s)
2026-04-04 11:25:25,345 -   [Inner 161.11] cost=701.00 no_imp=10/20 (còn 803s)
2026-04-04 11:25:25,468 -   [Inner 161.12] cost=701.00 no_imp=11/20 (còn 803s)
2026-04-04 11:25:25,592 -   [Inner 161.13] cost=701.00 no_imp=12/20 (còn 803s)
2026-04-04 11:25:25,714 -   [Inner 161.14] cost=701.00 no_imp=13/20 (còn 803s)
2026-04-04 11:25:25,837 -   [Inner 161.15] cost=701.00 no_imp=14/20 (còn 803s)
2026-04-04 11:25:25,961 -   [Inner 161.16] cost=701.00 no_imp=15/20 (còn 803s)
2026-04-04 11:25:26,085 -   [Inner 161.17] cost=701.00 no_imp=16/20 (còn 803s)
2026-04-04 11:25:26,207 -   [Inner 161.18] cost=701.00 no_imp=17/20 (còn 802s)
2026-04-04 11:25:26,330 -   [Inner 161.19] cost=701.00 no_imp=18/20 (còn 802s)
2026-04-04 11:25:26,452 -   [Inner 161.20] cost=701.00 no_imp=19/20 (còn 802s)
2026-04-04 11:25:26,574 -   [Outer 161] Chạy Pairwise MaxSAT...
2026-04-04 11:25:26,574 -   [Outer] Pairwise không cải thiện cặp nào, quay lại inner.
2026-04-04 11:25:26,574 - === OUTER 162 | cost=701.00 (còn 802s) ===
2026-04-04 11:25:26,574 -   [Inner 162.1] cost=701.00 no_imp=0/20 (còn 802s)
2026-04-04 11:25:26,697 -   [Inner 162.2] cost=701.00 no_imp=1/20 (còn 802s)
2026-04-04 11:25:26,819 -   [Inner 162.3] cost=701.00 no_imp=2/20 (còn 802s)
2026-04-04 11:25:26,940 -   [Inner 162.4] cost=701.00 no_imp=3/20 (còn 802s)
2026-04-04 11:25:27,062 -   [Inner 162.5] cost=701.00 no_imp=4/20 (còn 802s)
2026-04-04 11:25:27,184 -   [Inner 162.6] cost=701.00 no_imp=5/20 (còn 802s)
2026-04-04 11:25:27,311 -   [Inner 162.7] cost=701.00 no_imp=6/20 (còn 801s)
2026-04-04 11:25:27,432 -   [Inner 162.8] cost=701.00 no_imp=7/20 (còn 801s)
2026-04-04 11:25:27,555 -   [Inner 162.9] cost=701.00 no_imp=8/20 (còn 801s)
2026-04-04 11:25:27,679 -   [Inner 162.10] cost=701.00 no_imp=9/20 (còn 801s)
2026-04-04 11:25:27,804 -   [Inner 162.11] cost=701.00 no_imp=10/20 (còn 801s)
2026-04-04 11:25:27,929 -   [Inner 162.12] cost=701.00 no_imp=11/20 (còn 801s)
2026-04-04 11:25:28,052 -   [Inner 162.13] cost=701.00 no_imp=12/20 (còn 801s)
2026-04-04 11:25:28,175 -   [Inner 162.14] cost=701.00 no_imp=13/20 (còn 801s)
2026-04-04 11:25:28,301 -   [Inner 162.15] cost=701.00 no_imp=14/20 (còn 800s)
2026-04-04 11:25:28,423 -   [Inner 162.16] cost=701.00 no_imp=15/20 (còn 800s)
2026-04-04 11:25:28,546 -   [Inner 162.17] cost=701.00 no_imp=16/20 (còn 800s)
2026-04-04 11:25:28,672 -   [Inner 162.18] cost=701.00 no_imp=17/20 (còn 800s)
2026-04-04 11:25:28,795 -   [Inner 162.19] cost=701.00 no_imp=18/20 (còn 800s)
2026-04-04 11:25:28,916 -   [Inner 162.20] cost=701.00 no_imp=19/20 (còn 800s)
2026-04-04 11:25:29,042 -   [Outer 162] Chạy Pairwise MaxSAT...
2026-04-04 11:25:29,042 -   [Outer] Pairwise không cải thiện cặp nào, quay lại inner.
2026-04-04 11:25:29,042 - === OUTER 163 | cost=701.00 (còn 800s) ===
2026-04-04 11:25:29,042 -   [Inner 163.1] cost=701.00 no_imp=0/20 (còn 800s)
2026-04-04 11:25:29,165 -   [Inner 163.2] cost=701.00 no_imp=1/20 (còn 800s)
2026-04-04 11:25:29,291 -   [Inner 163.3] cost=701.00 no_imp=2/20 (còn 799s)
2026-04-04 11:25:29,417 -   [Inner 163.4] cost=701.00 no_imp=3/20 (còn 799s)
2026-04-04 11:25:29,539 -   [Inner 163.5] cost=701.00 no_imp=4/20 (còn 799s)
2026-04-04 11:25:29,662 -   [Inner 163.6] cost=701.00 no_imp=5/20 (còn 799s)
2026-04-04 11:25:29,788 -   [Inner 163.7] cost=701.00 no_imp=6/20 (còn 799s)
2026-04-04 11:25:29,909 -   [Inner 163.8] cost=701.00 no_imp=7/20 (còn 799s)
2026-04-04 11:25:30,032 -   [Inner 163.9] cost=701.00 no_imp=8/20 (còn 799s)
2026-04-04 11:25:30,154 -   [Inner 163.10] cost=701.00 no_imp=9/20 (còn 799s)
2026-04-04 11:25:30,279 -   [Inner 163.11] cost=701.00 no_imp=10/20 (còn 798s)
2026-04-04 11:25:30,401 -   [Inner 163.12] cost=701.00 no_imp=11/20 (còn 798s)
2026-04-04 11:25:30,522 -   [Inner 163.13] cost=701.00 no_imp=12/20 (còn 798s)
2026-04-04 11:25:30,645 -   [Inner 163.14] cost=701.00 no_imp=13/20 (còn 798s)
2026-04-04 11:25:30,769 -   [Inner 163.15] cost=701.00 no_imp=14/20 (còn 798s)
2026-04-04 11:25:30,893 -   [Inner 163.16] cost=701.00 no_imp=15/20 (còn 798s)
2026-04-04 11:25:31,015 -   [Inner 163.17] cost=701.00 no_imp=16/20 (còn 798s)
2026-04-04 11:25:31,139 -   [Inner 163.18] cost=701.00 no_imp=17/20 (còn 798s)
2026-04-04 11:25:31,263 -   [Inner 163.19] cost=701.00 no_imp=18/20 (còn 797s)
2026-04-04 11:25:31,390 -   [Inner 163.20] cost=701.00 no_imp=19/20 (còn 797s)
2026-04-04 11:25:31,516 -   [Outer 163] Chạy Pairwise MaxSAT...
2026-04-04 11:25:31,516 -   [Outer] Pairwise không cải thiện cặp nào, quay lại inner.
2026-04-04 11:25:31,516 - === OUTER 164 | cost=701.00 (còn 797s) ===
2026-04-04 11:25:31,517 -   [Inner 164.1] cost=701.00 no_imp=0/20 (còn 797s)
2026-04-04 11:25:31,639 -   [Inner 164.2] cost=701.00 no_imp=1/20 (còn 797s)
2026-04-04 11:25:31,762 -   [Inner 164.3] cost=701.00 no_imp=2/20 (còn 797s)
2026-04-04 11:25:31,884 -   [Inner 164.4] cost=701.00 no_imp=3/20 (còn 797s)
2026-04-04 11:25:32,008 -   [Inner 164.5] cost=701.00 no_imp=4/20 (còn 797s)
2026-04-04 11:25:32,133 -   [Inner 164.6] cost=701.00 no_imp=5/20 (còn 797s)
2026-04-04 11:25:32,257 -   [Inner 164.7] cost=701.00 no_imp=6/20 (còn 796s)
2026-04-04 11:25:32,379 -   [Inner 164.8] cost=701.00 no_imp=7/20 (còn 796s)
2026-04-04 11:25:32,501 -   [Inner 164.9] cost=701.00 no_imp=8/20 (còn 796s)
2026-04-04 11:25:32,623 -   [Inner 164.10] cost=701.00 no_imp=9/20 (còn 796s)
2026-04-04 11:25:32,749 -   [Inner 164.11] cost=701.00 no_imp=10/20 (còn 796s)
2026-04-04 11:25:32,869 -   [Inner 164.12] cost=701.00 no_imp=11/20 (còn 796s)
2026-04-04 11:25:32,990 -   [Inner 164.13] cost=701.00 no_imp=12/20 (còn 796s)
2026-04-04 11:25:33,113 -   [Inner 164.14] cost=701.00 no_imp=13/20 (còn 796s)
2026-04-04 11:25:33,235 -   [Inner 164.15] cost=701.00 no_imp=14/20 (còn 795s)
2026-04-04 11:25:33,362 -   [Inner 164.16] cost=701.00 no_imp=15/20 (còn 795s)
2026-04-04 11:25:33,487 -   [Inner 164.17] cost=701.00 no_imp=16/20 (còn 795s)
2026-04-04 11:25:33,610 -   [Inner 164.18] cost=701.00 no_imp=17/20 (còn 795s)
2026-04-04 11:25:33,734 -   [Inner 164.19] cost=701.00 no_imp=18/20 (còn 795s)
2026-04-04 11:25:33,858 -   [Inner 164.20] cost=701.00 no_imp=19/20 (còn 795s)
2026-04-04 11:25:33,980 -   [Outer 164] Chạy Pairwise MaxSAT...
2026-04-04 11:25:33,980 -   [Outer] Pairwise không cải thiện cặp nào, quay lại inner.
2026-04-04 11:25:33,980 - === OUTER 165 | cost=701.00 (còn 795s) ===
2026-04-04 11:25:33,981 -   [Inner 165.1] cost=701.00 no_imp=0/20 (còn 795s)
2026-04-04 11:25:34,104 -   [Inner 165.2] cost=701.00 no_imp=1/20 (còn 795s)
2026-04-04 11:25:34,225 -   [Inner 165.3] cost=701.00 no_imp=2/20 (còn 794s)
2026-04-04 11:25:34,348 -   [Inner 165.4] cost=701.00 no_imp=3/20 (còn 794s)
2026-04-04 11:25:34,470 -   [Inner 165.5] cost=701.00 no_imp=4/20 (còn 794s)
2026-04-04 11:25:34,593 -   [Inner 165.6] cost=701.00 no_imp=5/20 (còn 794s)
2026-04-04 11:25:34,717 -   [Inner 165.7] cost=701.00 no_imp=6/20 (còn 794s)
2026-04-04 11:25:34,838 -   [Inner 165.8] cost=701.00 no_imp=7/20 (còn 794s)
2026-04-04 11:25:34,961 -   [Inner 165.9] cost=701.00 no_imp=8/20 (còn 794s)
2026-04-04 11:25:35,089 -   [Inner 165.10] cost=701.00 no_imp=9/20 (còn 794s)
2026-04-04 11:25:35,218 -   [Inner 165.11] cost=701.00 no_imp=10/20 (còn 793s)
2026-04-04 11:25:35,347 -   [Inner 165.12] cost=701.00 no_imp=11/20 (còn 793s)
2026-04-04 11:25:35,476 -   [Inner 165.13] cost=701.00 no_imp=12/20 (còn 793s)
2026-04-04 11:25:35,601 -   [Inner 165.14] cost=701.00 no_imp=13/20 (còn 793s)
2026-04-04 11:25:35,727 -   [Inner 165.15] cost=701.00 no_imp=14/20 (còn 793s)
2026-04-04 11:25:35,854 -   [Inner 165.16] cost=701.00 no_imp=15/20 (còn 793s)
2026-04-04 11:25:35,978 -   [Inner 165.17] cost=701.00 no_imp=16/20 (còn 793s)
2026-04-04 11:25:36,101 -   [Inner 165.18] cost=701.00 no_imp=17/20 (còn 793s)
2026-04-04 11:25:36,223 -   [Inner 165.19] cost=701.00 no_imp=18/20 (còn 792s)
2026-04-04 11:25:36,345 -   [Inner 165.20] cost=701.00 no_imp=19/20 (còn 792s)
2026-04-04 11:25:36,468 -   [Outer 165] Chạy Pairwise MaxSAT...
2026-04-04 11:25:36,468 -   [Outer] Pairwise không cải thiện cặp nào, quay lại inner.
2026-04-04 11:25:36,468 - === OUTER 166 | cost=701.00 (còn 792s) ===
2026-04-04 11:25:36,468 -   [Inner 166.1] cost=701.00 no_imp=0/20 (còn 792s)
2026-04-04 11:25:36,590 -   [Inner 166.2] cost=701.00 no_imp=1/20 (còn 792s)
2026-04-04 11:25:36,715 -   [Inner 166.3] cost=701.00 no_imp=2/20 (còn 792s)
2026-04-04 11:25:36,841 -   [Inner 166.4] cost=701.00 no_imp=3/20 (còn 792s)
2026-04-04 11:25:36,966 -   [Inner 166.5] cost=701.00 no_imp=4/20 (còn 792s)
2026-04-04 11:25:37,092 -   [Inner 166.6] cost=701.00 no_imp=5/20 (còn 792s)
2026-04-04 11:25:37,218 -   [Inner 166.7] cost=701.00 no_imp=6/20 (còn 791s)
2026-04-04 11:25:37,343 -   [Inner 166.8] cost=701.00 no_imp=7/20 (còn 791s)
2026-04-04 11:25:37,476 -   [Inner 166.9] cost=701.00 no_imp=8/20 (còn 791s)
2026-04-04 11:25:37,601 -   [Inner 166.10] cost=701.00 no_imp=9/20 (còn 791s)
2026-04-04 11:25:37,726 -   [Inner 166.11] cost=701.00 no_imp=10/20 (còn 791s)
2026-04-04 11:25:37,855 -   [Inner 166.12] cost=701.00 no_imp=11/20 (còn 791s)
2026-04-04 11:25:37,977 -   [Inner 166.13] cost=701.00 no_imp=12/20 (còn 791s)
2026-04-04 11:25:38,101 -   [Inner 166.14] cost=701.00 no_imp=13/20 (còn 791s)
2026-04-04 11:25:38,222 -   [Inner 166.15] cost=701.00 no_imp=14/20 (còn 790s)
2026-04-04 11:25:38,344 -   [Inner 166.16] cost=701.00 no_imp=15/20 (còn 790s)
2026-04-04 11:25:38,467 -   [Inner 166.17] cost=701.00 no_imp=16/20 (còn 790s)
2026-04-04 11:25:38,589 -   [Inner 166.18] cost=701.00 no_imp=17/20 (còn 790s)
2026-04-04 11:25:38,714 -   [Inner 166.19] cost=701.00 no_imp=18/20 (còn 790s)
2026-04-04 11:25:38,837 -   [Inner 166.20] cost=701.00 no_imp=19/20 (còn 790s)
2026-04-04 11:25:38,960 -   [Outer 166] Chạy Pairwise MaxSAT...
2026-04-04 11:25:38,961 -   [Outer] Pairwise không cải thiện cặp nào, quay lại inner.
2026-04-04 11:25:38,961 - === OUTER 167 | cost=701.00 (còn 790s) ===
2026-04-04 11:25:38,961 -   [Inner 167.1] cost=701.00 no_imp=0/20 (còn 790s)
2026-04-04 11:25:39,085 -   [Inner 167.2] cost=701.00 no_imp=1/20 (còn 790s)
2026-04-04 11:25:39,207 -   [Inner 167.3] cost=701.00 no_imp=2/20 (còn 789s)
2026-04-04 11:25:39,331 -   [Inner 167.4] cost=701.00 no_imp=3/20 (còn 789s)
2026-04-04 11:25:39,458 -   [Inner 167.5] cost=701.00 no_imp=4/20 (còn 789s)
2026-04-04 11:25:39,583 -   [Inner 167.6] cost=701.00 no_imp=5/20 (còn 789s)
2026-04-04 11:25:39,705 -   [Inner 167.7] cost=701.00 no_imp=6/20 (còn 789s)
2026-04-04 11:25:39,828 -   [Inner 167.8] cost=701.00 no_imp=7/20 (còn 789s)
2026-04-04 11:25:39,950 -   [Inner 167.9] cost=701.00 no_imp=8/20 (còn 789s)
2026-04-04 11:25:40,074 -   [Inner 167.10] cost=701.00 no_imp=9/20 (còn 789s)
2026-04-04 11:25:40,196 -   [Inner 167.11] cost=701.00 no_imp=10/20 (còn 788s)
2026-04-04 11:25:40,318 -   [Inner 167.12] cost=701.00 no_imp=11/20 (còn 788s)
2026-04-04 11:25:40,441 -   [Inner 167.13] cost=701.00 no_imp=12/20 (còn 788s)
2026-04-04 11:25:40,566 -   [Inner 167.14] cost=701.00 no_imp=13/20 (còn 788s)
2026-04-04 11:25:40,689 -   [Inner 167.15] cost=701.00 no_imp=14/20 (còn 788s)
2026-04-04 11:25:40,812 -   [Inner 167.16] cost=701.00 no_imp=15/20 (còn 788s)
2026-04-04 11:25:40,934 -   [Inner 167.17] cost=701.00 no_imp=16/20 (còn 788s)
2026-04-04 11:25:41,058 -   [Inner 167.18] cost=701.00 no_imp=17/20 (còn 788s)
2026-04-04 11:25:41,182 -   [Inner 167.19] cost=701.00 no_imp=18/20 (còn 788s)
2026-04-04 11:25:41,303 -   [Inner 167.20] cost=701.00 no_imp=19/20 (còn 787s)
2026-04-04 11:25:41,427 -   [Outer 167] Chạy Pairwise MaxSAT...
2026-04-04 11:25:41,427 -   [Outer] Pairwise không cải thiện cặp nào, quay lại inner.
2026-04-04 11:25:41,427 - === OUTER 168 | cost=701.00 (còn 787s) ===
2026-04-04 11:25:41,427 -   [Inner 168.1] cost=701.00 no_imp=0/20 (còn 787s)
2026-04-04 11:25:41,550 -   [Inner 168.2] cost=701.00 no_imp=1/20 (còn 787s)
2026-04-04 11:25:41,672 -   [Inner 168.3] cost=701.00 no_imp=2/20 (còn 787s)
2026-04-04 11:25:41,794 -   [Inner 168.4] cost=701.00 no_imp=3/20 (còn 787s)
2026-04-04 11:25:41,917 -   [Inner 168.5] cost=701.00 no_imp=4/20 (còn 787s)
2026-04-04 11:25:42,039 -   [Inner 168.6] cost=701.00 no_imp=5/20 (còn 787s)
2026-04-04 11:25:42,164 -   [Inner 168.7] cost=701.00 no_imp=6/20 (còn 787s)
2026-04-04 11:25:42,287 -   [Inner 168.8] cost=701.00 no_imp=7/20 (còn 786s)
2026-04-04 11:25:42,409 -   [Inner 168.9] cost=701.00 no_imp=8/20 (còn 786s)
2026-04-04 11:25:42,531 -   [Inner 168.10] cost=701.00 no_imp=9/20 (còn 786s)
2026-04-04 11:25:42,651 -   [Inner 168.11] cost=701.00 no_imp=10/20 (còn 786s)
2026-04-04 11:25:42,775 -   [Inner 168.12] cost=701.00 no_imp=11/20 (còn 786s)
2026-04-04 11:25:42,898 -   [Inner 168.13] cost=701.00 no_imp=12/20 (còn 786s)
2026-04-04 11:25:43,021 -   [Inner 168.14] cost=701.00 no_imp=13/20 (còn 786s)
2026-04-04 11:25:43,143 -   [Inner 168.15] cost=701.00 no_imp=14/20 (còn 786s)
2026-04-04 11:25:43,266 -   [Inner 168.16] cost=701.00 no_imp=15/20 (còn 785s)
2026-04-04 11:25:43,388 -   [Inner 168.17] cost=701.00 no_imp=16/20 (còn 785s)
2026-04-04 11:25:43,514 -   [Inner 168.18] cost=701.00 no_imp=17/20 (còn 785s)
2026-04-04 11:25:43,636 -   [Inner 168.19] cost=701.00 no_imp=18/20 (còn 785s)
2026-04-04 11:25:43,759 -   [Inner 168.20] cost=701.00 no_imp=19/20 (còn 785s)
2026-04-04 11:25:43,882 -   [Outer 168] Chạy Pairwise MaxSAT...
2026-04-04 11:25:43,882 -   [Outer] Pairwise không cải thiện cặp nào, quay lại inner.
2026-04-04 11:25:43,882 - === OUTER 169 | cost=701.00 (còn 785s) ===
2026-04-04 11:25:43,882 -   [Inner 169.1] cost=701.00 no_imp=0/20 (còn 785s)
2026-04-04 11:25:44,005 -   [Inner 169.2] cost=701.00 no_imp=1/20 (còn 785s)
2026-04-04 11:25:44,127 -   [Inner 169.3] cost=701.00 no_imp=2/20 (còn 785s)
2026-04-04 11:25:44,250 -   [Inner 169.4] cost=701.00 no_imp=3/20 (còn 784s)
2026-04-04 11:25:44,372 -   [Inner 169.5] cost=701.00 no_imp=4/20 (còn 784s)
2026-04-04 11:25:44,493 -   [Inner 169.6] cost=701.00 no_imp=5/20 (còn 784s)
2026-04-04 11:25:44,615 -   [Inner 169.7] cost=701.00 no_imp=6/20 (còn 784s)
2026-04-04 11:25:44,738 -   [Inner 169.8] cost=701.00 no_imp=7/20 (còn 784s)
2026-04-04 11:25:44,860 -   [Inner 169.9] cost=701.00 no_imp=8/20 (còn 784s)
2026-04-04 11:25:44,984 -   [Inner 169.10] cost=701.00 no_imp=9/20 (còn 784s)
2026-04-04 11:25:45,108 -   [Inner 169.11] cost=701.00 no_imp=10/20 (còn 784s)
2026-04-04 11:25:45,232 -   [Inner 169.12] cost=701.00 no_imp=11/20 (còn 783s)
2026-04-04 11:25:45,355 -   [Inner 169.13] cost=701.00 no_imp=12/20 (còn 783s)
2026-04-04 11:25:45,478 -   [Inner 169.14] cost=701.00 no_imp=13/20 (còn 783s)
2026-04-04 11:25:45,603 -   [Inner 169.15] cost=701.00 no_imp=14/20 (còn 783s)
2026-04-04 11:25:45,726 -   [Inner 169.16] cost=701.00 no_imp=15/20 (còn 783s)
2026-04-04 11:25:45,851 -   [Inner 169.17] cost=701.00 no_imp=16/20 (còn 783s)
2026-04-04 11:25:45,973 -   [Inner 169.18] cost=701.00 no_imp=17/20 (còn 783s)
2026-04-04 11:25:46,096 -   [Inner 169.19] cost=701.00 no_imp=18/20 (còn 783s)
2026-04-04 11:25:46,219 -   [Inner 169.20] cost=701.00 no_imp=19/20 (còn 782s)
2026-04-04 11:25:46,340 -   [Outer 169] Chạy Pairwise MaxSAT...
2026-04-04 11:25:46,341 -   [Outer] Pairwise không cải thiện cặp nào, quay lại inner.
2026-04-04 11:25:46,341 - === OUTER 170 | cost=701.00 (còn 782s) ===
2026-04-04 11:25:46,341 -   [Inner 170.1] cost=701.00 no_imp=0/20 (còn 782s)
2026-04-04 11:25:46,462 -   [Inner 170.2] cost=701.00 no_imp=1/20 (còn 782s)
2026-04-04 11:25:46,584 -   [Inner 170.3] cost=701.00 no_imp=2/20 (còn 782s)
2026-04-04 11:25:46,706 -   [Inner 170.4] cost=701.00 no_imp=3/20 (còn 782s)
2026-04-04 11:25:46,829 -   [Inner 170.5] cost=701.00 no_imp=4/20 (còn 782s)
2026-04-04 11:25:46,951 -   [Inner 170.6] cost=701.00 no_imp=5/20 (còn 782s)
2026-04-04 11:25:47,072 -   [Inner 170.7] cost=701.00 no_imp=6/20 (còn 782s)
2026-04-04 11:25:47,196 -   [Inner 170.8] cost=701.00 no_imp=7/20 (còn 781s)
2026-04-04 11:25:47,317 -   [Inner 170.9] cost=701.00 no_imp=8/20 (còn 781s)
2026-04-04 11:25:47,439 -   [Inner 170.10] cost=701.00 no_imp=9/20 (còn 781s)
2026-04-04 11:25:47,596 -   [Inner 170.11] cost=701.00 no_imp=10/20 (còn 781s)
2026-04-04 11:25:47,736 -   [Inner 170.12] cost=701.00 no_imp=11/20 (còn 781s)
2026-04-04 11:25:47,857 -   [Inner 170.13] cost=701.00 no_imp=12/20 (còn 781s)
2026-04-04 11:25:47,980 -   [Inner 170.14] cost=701.00 no_imp=13/20 (còn 781s)
2026-04-04 11:25:48,104 -   [Inner 170.15] cost=701.00 no_imp=14/20 (còn 781s)
2026-04-04 11:25:48,226 -   [Inner 170.16] cost=701.00 no_imp=15/20 (còn 780s)
2026-04-04 11:25:48,349 -   [Inner 170.17] cost=701.00 no_imp=16/20 (còn 780s)
2026-04-04 11:25:48,511 -   [Inner 170.18] cost=701.00 no_imp=17/20 (còn 780s)
2026-04-04 11:25:48,633 -   [Inner 170.19] cost=701.00 no_imp=18/20 (còn 780s)
2026-04-04 11:25:48,756 -   [Inner 170.20] cost=701.00 no_imp=19/20 (còn 780s)
2026-04-04 11:25:48,880 -   [Outer 170] Chạy Pairwise MaxSAT...
2026-04-04 11:25:48,880 -   [Outer] Pairwise không cải thiện cặp nào, quay lại inner.
2026-04-04 11:25:48,880 - === OUTER 171 | cost=701.00 (còn 780s) ===
2026-04-04 11:25:48,880 -   [Inner 171.1] cost=701.00 no_imp=0/20 (còn 780s)
2026-04-04 11:25:49,003 -   [Inner 171.2] cost=701.00 no_imp=1/20 (còn 780s)
2026-04-04 11:25:49,128 -   [Inner 171.3] cost=701.00 no_imp=2/20 (còn 780s)
2026-04-04 11:25:49,249 -   [Inner 171.4] cost=701.00 no_imp=3/20 (còn 779s)
2026-04-04 11:25:49,372 -   [Inner 171.5] cost=701.00 no_imp=4/20 (còn 779s)
2026-04-04 11:25:49,493 -   [Inner 171.6] cost=701.00 no_imp=5/20 (còn 779s)
2026-04-04 11:25:49,618 -   [Inner 171.7] cost=701.00 no_imp=6/20 (còn 779s)
2026-04-04 11:25:49,740 -   [Inner 171.8] cost=701.00 no_imp=7/20 (còn 779s)
2026-04-04 11:25:49,863 -   [Inner 171.9] cost=701.00 no_imp=8/20 (còn 779s)
2026-04-04 11:25:49,985 -   [Inner 171.10] cost=701.00 no_imp=9/20 (còn 779s)
2026-04-04 11:25:50,110 -   [Inner 171.11] cost=701.00 no_imp=10/20 (còn 779s)
2026-04-04 11:25:50,233 -   [Inner 171.12] cost=701.00 no_imp=11/20 (còn 778s)
2026-04-04 11:25:50,356 -   [Inner 171.13] cost=701.00 no_imp=12/20 (còn 778s)
2026-04-04 11:25:50,479 -   [Inner 171.14] cost=701.00 no_imp=13/20 (còn 778s)
2026-04-04 11:25:50,604 -   [Inner 171.15] cost=701.00 no_imp=14/20 (còn 778s)
2026-04-04 11:25:50,726 -   [Inner 171.16] cost=701.00 no_imp=15/20 (còn 778s)
2026-04-04 11:25:50,848 -   [Inner 171.17] cost=701.00 no_imp=16/20 (còn 778s)
2026-04-04 11:25:50,970 -   [Inner 171.18] cost=701.00 no_imp=17/20 (còn 778s)
2026-04-04 11:25:51,094 -   [Inner 171.19] cost=701.00 no_imp=18/20 (còn 778s)
2026-04-04 11:25:51,215 -   [Inner 171.20] cost=701.00 no_imp=19/20 (còn 777s)
2026-04-04 11:25:51,337 -   [Outer 171] Chạy Pairwise MaxSAT...
2026-04-04 11:25:51,338 -   [Outer] Pairwise không cải thiện cặp nào, quay lại inner.
2026-04-04 11:25:51,338 - === OUTER 172 | cost=701.00 (còn 777s) ===
2026-04-04 11:25:51,338 -   [Inner 172.1] cost=701.00 no_imp=0/20 (còn 777s)
2026-04-04 11:25:51,460 -   [Inner 172.2] cost=701.00 no_imp=1/20 (còn 777s)
2026-04-04 11:25:51,585 -   [Inner 172.3] cost=701.00 no_imp=2/20 (còn 777s)
2026-04-04 11:25:51,708 -   [Inner 172.4] cost=701.00 no_imp=3/20 (còn 777s)
2026-04-04 11:25:51,830 -   [Inner 172.5] cost=701.00 no_imp=4/20 (còn 777s)
2026-04-04 11:25:51,952 -   [Inner 172.6] cost=701.00 no_imp=5/20 (còn 777s)
2026-04-04 11:25:52,076 -   [Inner 172.7] cost=701.00 no_imp=6/20 (còn 777s)
2026-04-04 11:25:52,200 -   [Inner 172.8] cost=701.00 no_imp=7/20 (còn 776s)
2026-04-04 11:25:52,322 -   [Inner 172.9] cost=701.00 no_imp=8/20 (còn 776s)
2026-04-04 11:25:52,442 -   [Inner 172.10] cost=701.00 no_imp=9/20 (còn 776s)
2026-04-04 11:25:52,566 -   [Inner 172.11] cost=701.00 no_imp=10/20 (còn 776s)
2026-04-04 11:25:52,688 -   [Inner 172.12] cost=701.00 no_imp=11/20 (còn 776s)
2026-04-04 11:25:52,810 -   [Inner 172.13] cost=701.00 no_imp=12/20 (còn 776s)
2026-04-04 11:25:52,931 -   [Inner 172.14] cost=701.00 no_imp=13/20 (còn 776s)
2026-04-04 11:25:53,055 -   [Inner 172.15] cost=701.00 no_imp=14/20 (còn 776s)
2026-04-04 11:25:53,179 -   [Inner 172.16] cost=701.00 no_imp=15/20 (còn 776s)
2026-04-04 11:25:53,301 -   [Inner 172.17] cost=701.00 no_imp=16/20 (còn 775s)
2026-04-04 11:25:53,423 -   [Inner 172.18] cost=701.00 no_imp=17/20 (còn 775s)
2026-04-04 11:25:53,545 -   [Inner 172.19] cost=701.00 no_imp=18/20 (còn 775s)
2026-04-04 11:25:53,672 -   [Inner 172.20] cost=701.00 no_imp=19/20 (còn 775s)
2026-04-04 11:25:53,794 -   [Outer 172] Chạy Pairwise MaxSAT...
2026-04-04 11:25:53,795 -   [Outer] Pairwise không cải thiện cặp nào, quay lại inner.
2026-04-04 11:25:53,795 - === OUTER 173 | cost=701.00 (còn 775s) ===
2026-04-04 11:25:53,795 -   [Inner 173.1] cost=701.00 no_imp=0/20 (còn 775s)
2026-04-04 11:25:53,917 -   [Inner 173.2] cost=701.00 no_imp=1/20 (còn 775s)
2026-04-04 11:25:54,039 -   [Inner 173.3] cost=701.00 no_imp=2/20 (còn 775s)
2026-04-04 11:25:54,162 -   [Inner 173.4] cost=701.00 no_imp=3/20 (còn 775s)
2026-04-04 11:25:54,285 -   [Inner 173.5] cost=701.00 no_imp=4/20 (còn 774s)
2026-04-04 11:25:54,407 -   [Inner 173.6] cost=701.00 no_imp=5/20 (còn 774s)
2026-04-04 11:25:54,529 -   [Inner 173.7] cost=701.00 no_imp=6/20 (còn 774s)
2026-04-04 11:25:54,651 -   [Inner 173.8] cost=701.00 no_imp=7/20 (còn 774s)
2026-04-04 11:25:54,774 -   [Inner 173.9] cost=701.00 no_imp=8/20 (còn 774s)
2026-04-04 11:25:54,899 -   [Inner 173.10] cost=701.00 no_imp=9/20 (còn 774s)
2026-04-04 11:25:55,021 -   [Inner 173.11] cost=701.00 no_imp=10/20 (còn 774s)
2026-04-04 11:25:55,144 -   [Inner 173.12] cost=701.00 no_imp=11/20 (còn 774s)
2026-04-04 11:25:55,267 -   [Inner 173.13] cost=701.00 no_imp=12/20 (còn 773s)
2026-04-04 11:25:55,389 -   [Inner 173.14] cost=701.00 no_imp=13/20 (còn 773s)
2026-04-04 11:25:55,512 -   [Inner 173.15] cost=701.00 no_imp=14/20 (còn 773s)
2026-04-04 11:25:55,639 -   [Inner 173.16] cost=701.00 no_imp=15/20 (còn 773s)
2026-04-04 11:25:55,761 -   [Inner 173.17] cost=701.00 no_imp=16/20 (còn 773s)
2026-04-04 11:25:55,883 -   [Inner 173.18] cost=701.00 no_imp=17/20 (còn 773s)
2026-04-04 11:25:56,006 -   [Inner 173.19] cost=701.00 no_imp=18/20 (còn 773s)
2026-04-04 11:25:56,130 -   [Inner 173.20] cost=701.00 no_imp=19/20 (còn 773s)
2026-04-04 11:25:56,254 -   [Outer 173] Chạy Pairwise MaxSAT...
2026-04-04 11:25:56,255 -   [Outer] Pairwise không cải thiện cặp nào, quay lại inner.
2026-04-04 11:25:56,255 - === OUTER 174 | cost=701.00 (còn 772s) ===
2026-04-04 11:25:56,255 -   [Inner 174.1] cost=701.00 no_imp=0/20 (còn 772s)
2026-04-04 11:25:56,379 -   [Inner 174.2] cost=701.00 no_imp=1/20 (còn 772s)
2026-04-04 11:25:56,501 -   [Inner 174.3] cost=701.00 no_imp=2/20 (còn 772s)
2026-04-04 11:25:56,623 -   [Inner 174.4] cost=701.00 no_imp=3/20 (còn 772s)
2026-04-04 11:25:56,747 -   [Inner 174.5] cost=701.00 no_imp=4/20 (còn 772s)
2026-04-04 11:25:56,868 -   [Inner 174.6] cost=701.00 no_imp=5/20 (còn 772s)
2026-04-04 11:25:56,990 -   [Inner 174.7] cost=701.00 no_imp=6/20 (còn 772s)
2026-04-04 11:25:57,115 -   [Inner 174.8] cost=701.00 no_imp=7/20 (còn 772s)
2026-04-04 11:25:57,238 -   [Inner 174.9] cost=701.00 no_imp=8/20 (còn 771s)
2026-04-04 11:25:57,361 -   [Inner 174.10] cost=701.00 no_imp=9/20 (còn 771s)
2026-04-04 11:25:57,484 -   [Inner 174.11] cost=701.00 no_imp=10/20 (còn 771s)
2026-04-04 11:25:57,606 -   [Inner 174.12] cost=701.00 no_imp=11/20 (còn 771s)
2026-04-04 11:25:57,730 -   [Inner 174.13] cost=701.00 no_imp=12/20 (còn 771s)
2026-04-04 11:25:57,854 -   [Inner 174.14] cost=701.00 no_imp=13/20 (còn 771s)
2026-04-04 11:25:57,976 -   [Inner 174.15] cost=701.00 no_imp=14/20 (còn 771s)
2026-04-04 11:25:58,100 -   [Inner 174.16] cost=701.00 no_imp=15/20 (còn 771s)
2026-04-04 11:25:58,222 -   [Inner 174.17] cost=701.00 no_imp=16/20 (còn 770s)
2026-04-04 11:25:58,344 -   [Inner 174.18] cost=701.00 no_imp=17/20 (còn 770s)
2026-04-04 11:25:58,465 -   [Inner 174.19] cost=701.00 no_imp=18/20 (còn 770s)
2026-04-04 11:25:58,587 -   [Inner 174.20] cost=701.00 no_imp=19/20 (còn 770s)
2026-04-04 11:25:58,711 -   [Outer 174] Chạy Pairwise MaxSAT...
2026-04-04 11:25:58,711 -   [Outer] Pairwise không cải thiện cặp nào, quay lại inner.
2026-04-04 11:25:58,711 - === OUTER 175 | cost=701.00 (còn 770s) ===
2026-04-04 11:25:58,711 -   [Inner 175.1] cost=701.00 no_imp=0/20 (còn 770s)
2026-04-04 11:25:58,834 -   [Inner 175.2] cost=701.00 no_imp=1/20 (còn 770s)
2026-04-04 11:25:58,956 -   [Inner 175.3] cost=701.00 no_imp=2/20 (còn 770s)
2026-04-04 11:25:59,079 -   [Inner 175.4] cost=701.00 no_imp=3/20 (còn 770s)
2026-04-04 11:25:59,201 -   [Inner 175.5] cost=701.00 no_imp=4/20 (còn 769s)
2026-04-04 11:25:59,325 -   [Inner 175.6] cost=701.00 no_imp=5/20 (còn 769s)
2026-04-04 11:25:59,449 -   [Inner 175.7] cost=701.00 no_imp=6/20 (còn 769s)
2026-04-04 11:25:59,572 -   [Inner 175.8] cost=701.00 no_imp=7/20 (còn 769s)
2026-04-04 11:25:59,700 -   [Inner 175.9] cost=701.00 no_imp=8/20 (còn 769s)
2026-04-04 11:25:59,822 -   [Inner 175.10] cost=701.00 no_imp=9/20 (còn 769s)
2026-04-04 11:25:59,946 -   [Inner 175.11] cost=701.00 no_imp=10/20 (còn 769s)
2026-04-04 11:26:00,070 -   [Inner 175.12] cost=701.00 no_imp=11/20 (còn 769s)
2026-04-04 11:26:00,192 -   [Inner 175.13] cost=701.00 no_imp=12/20 (còn 768s)
2026-04-04 11:26:00,318 -   [Inner 175.14] cost=701.00 no_imp=13/20 (còn 768s)
2026-04-04 11:26:00,442 -   [Inner 175.15] cost=701.00 no_imp=14/20 (còn 768s)
2026-04-04 11:26:00,569 -   [Inner 175.16] cost=701.00 no_imp=15/20 (còn 768s)
2026-04-04 11:26:00,690 -   [Inner 175.17] cost=701.00 no_imp=16/20 (còn 768s)
2026-04-04 11:26:00,812 -   [Inner 175.18] cost=701.00 no_imp=17/20 (còn 768s)
2026-04-04 11:26:00,935 -   [Inner 175.19] cost=701.00 no_imp=18/20 (còn 768s)
2026-04-04 11:26:01,058 -   [Inner 175.20] cost=701.00 no_imp=19/20 (còn 768s)
2026-04-04 11:26:01,181 -   [Outer 175] Chạy Pairwise MaxSAT...
2026-04-04 11:26:01,181 -   [Outer] Pairwise không cải thiện cặp nào, quay lại inner.
2026-04-04 11:26:01,181 - === OUTER 176 | cost=701.00 (còn 768s) ===
2026-04-04 11:26:01,181 -   [Inner 176.1] cost=701.00 no_imp=0/20 (còn 768s)
2026-04-04 11:26:01,304 -   [Inner 176.2] cost=701.00 no_imp=1/20 (còn 767s)
2026-04-04 11:26:01,426 -   [Inner 176.3] cost=701.00 no_imp=2/20 (còn 767s)
2026-04-04 11:26:01,551 -   [Inner 176.4] cost=701.00 no_imp=3/20 (còn 767s)
2026-04-04 11:26:01,671 -   [Inner 176.5] cost=701.00 no_imp=4/20 (còn 767s)
2026-04-04 11:26:01,797 -   [Inner 176.6] cost=701.00 no_imp=5/20 (còn 767s)
2026-04-04 11:26:01,918 -   [Inner 176.7] cost=701.00 no_imp=6/20 (còn 767s)
2026-04-04 11:26:02,041 -   [Inner 176.8] cost=701.00 no_imp=7/20 (còn 767s)
2026-04-04 11:26:02,172 -   [Inner 176.9] cost=701.00 no_imp=8/20 (còn 767s)
2026-04-04 11:26:02,298 -   [Inner 176.10] cost=701.00 no_imp=9/20 (còn 766s)
2026-04-04 11:26:02,419 -   [Inner 176.11] cost=701.00 no_imp=10/20 (còn 766s)
2026-04-04 11:26:02,541 -   [Inner 176.12] cost=701.00 no_imp=11/20 (còn 766s)
2026-04-04 11:26:02,663 -   [Inner 176.13] cost=701.00 no_imp=12/20 (còn 766s)
2026-04-04 11:26:02,786 -   [Inner 176.14] cost=701.00 no_imp=13/20 (còn 766s)
2026-04-04 11:26:02,907 -   [Inner 176.15] cost=701.00 no_imp=14/20 (còn 766s)
2026-04-04 11:26:03,031 -   [Inner 176.16] cost=701.00 no_imp=15/20 (còn 766s)
2026-04-04 11:26:03,153 -   [Inner 176.17] cost=701.00 no_imp=16/20 (còn 766s)
2026-04-04 11:26:03,276 -   [Inner 176.18] cost=701.00 no_imp=17/20 (còn 765s)
2026-04-04 11:26:03,397 -   [Inner 176.19] cost=701.00 no_imp=18/20 (còn 765s)
2026-04-04 11:26:03,532 -   [Inner 176.20] cost=701.00 no_imp=19/20 (còn 765s)
2026-04-04 11:26:03,654 -   [Outer 176] Chạy Pairwise MaxSAT...
2026-04-04 11:26:03,654 -   [Outer] Pairwise không cải thiện cặp nào, quay lại inner.
2026-04-04 11:26:03,654 - === OUTER 177 | cost=701.00 (còn 765s) ===
2026-04-04 11:26:03,655 -   [Inner 177.1] cost=701.00 no_imp=0/20 (còn 765s)
2026-04-04 11:26:03,782 -   [Inner 177.2] cost=701.00 no_imp=1/20 (còn 765s)
2026-04-04 11:26:03,904 -   [Inner 177.3] cost=701.00 no_imp=2/20 (còn 765s)
2026-04-04 11:26:04,027 -   [Inner 177.4] cost=701.00 no_imp=3/20 (còn 765s)
2026-04-04 11:26:04,149 -   [Inner 177.5] cost=701.00 no_imp=4/20 (còn 765s)
2026-04-04 11:26:04,272 -   [Inner 177.6] cost=701.00 no_imp=5/20 (còn 764s)
2026-04-04 11:26:04,396 -   [Inner 177.7] cost=701.00 no_imp=6/20 (còn 764s)
2026-04-04 11:26:04,518 -   [Inner 177.8] cost=701.00 no_imp=7/20 (còn 764s)
2026-04-04 11:26:04,643 -   [Inner 177.9] cost=701.00 no_imp=8/20 (còn 764s)
2026-04-04 11:26:04,766 -   [Inner 177.10] cost=701.00 no_imp=9/20 (còn 764s)
2026-04-04 11:26:04,889 -   [Inner 177.11] cost=701.00 no_imp=10/20 (còn 764s)
2026-04-04 11:26:05,015 -   [Inner 177.12] cost=701.00 no_imp=11/20 (còn 764s)
2026-04-04 11:26:05,139 -   [Inner 177.13] cost=701.00 no_imp=12/20 (còn 764s)
2026-04-04 11:26:05,263 -   [Inner 177.14] cost=701.00 no_imp=13/20 (còn 763s)
2026-04-04 11:26:05,385 -   [Inner 177.15] cost=701.00 no_imp=14/20 (còn 763s)
2026-04-04 11:26:05,508 -   [Inner 177.16] cost=701.00 no_imp=15/20 (còn 763s)
2026-04-04 11:26:05,633 -   [Inner 177.17] cost=701.00 no_imp=16/20 (còn 763s)
2026-04-04 11:26:05,758 -   [Inner 177.18] cost=701.00 no_imp=17/20 (còn 763s)
2026-04-04 11:26:05,882 -   [Inner 177.19] cost=701.00 no_imp=18/20 (còn 763s)
2026-04-04 11:26:06,005 -   [Inner 177.20] cost=701.00 no_imp=19/20 (còn 763s)
2026-04-04 11:26:06,129 -   [Outer 177] Chạy Pairwise MaxSAT...
2026-04-04 11:26:06,129 -   [Outer] Pairwise không cải thiện cặp nào, quay lại inner.
2026-04-04 11:26:06,129 - === OUTER 178 | cost=701.00 (còn 763s) ===
2026-04-04 11:26:06,129 -   [Inner 178.1] cost=701.00 no_imp=0/20 (còn 763s)
2026-04-04 11:26:06,252 -   [Inner 178.2] cost=701.00 no_imp=1/20 (còn 762s)
2026-04-04 11:26:06,375 -   [Inner 178.3] cost=701.00 no_imp=2/20 (còn 762s)
2026-04-04 11:26:06,497 -   [Inner 178.4] cost=701.00 no_imp=3/20 (còn 762s)
2026-04-04 11:26:06,623 -   [Inner 178.5] cost=701.00 no_imp=4/20 (còn 762s)
2026-04-04 11:26:06,749 -   [Inner 178.6] cost=701.00 no_imp=5/20 (còn 762s)
2026-04-04 11:26:06,871 -   [Inner 178.7] cost=701.00 no_imp=6/20 (còn 762s)
2026-04-04 11:26:06,993 -   [Inner 178.8] cost=701.00 no_imp=7/20 (còn 762s)
2026-04-04 11:26:07,117 -   [Inner 178.9] cost=701.00 no_imp=8/20 (còn 762s)
2026-04-04 11:26:07,240 -   [Inner 178.10] cost=701.00 no_imp=9/20 (còn 761s)
2026-04-04 11:26:07,362 -   [Inner 178.11] cost=701.00 no_imp=10/20 (còn 761s)
2026-04-04 11:26:07,486 -   [Inner 178.12] cost=701.00 no_imp=11/20 (còn 761s)
2026-04-04 11:26:07,607 -   [Inner 178.13] cost=701.00 no_imp=12/20 (còn 761s)
2026-04-04 11:26:07,731 -   [Inner 178.14] cost=701.00 no_imp=13/20 (còn 761s)
2026-04-04 11:26:07,855 -   [Inner 178.15] cost=701.00 no_imp=14/20 (còn 761s)
2026-04-04 11:26:07,978 -   [Inner 178.16] cost=701.00 no_imp=15/20 (còn 761s)
2026-04-04 11:26:08,102 -   [Inner 178.17] cost=701.00 no_imp=16/20 (còn 761s)
2026-04-04 11:26:08,226 -   [Inner 178.18] cost=701.00 no_imp=17/20 (còn 760s)
2026-04-04 11:26:08,348 -   [Inner 178.19] cost=701.00 no_imp=18/20 (còn 760s)
2026-04-04 11:26:08,468 -   [Inner 178.20] cost=701.00 no_imp=19/20 (còn 760s)
2026-04-04 11:26:08,590 -   [Outer 178] Chạy Pairwise MaxSAT...
2026-04-04 11:26:08,591 -   [Outer] Pairwise không cải thiện cặp nào, quay lại inner.
2026-04-04 11:26:08,591 - === OUTER 179 | cost=701.00 (còn 760s) ===
2026-04-04 11:26:08,591 -   [Inner 179.1] cost=701.00 no_imp=0/20 (còn 760s)
2026-04-04 11:26:08,715 -   [Inner 179.2] cost=701.00 no_imp=1/20 (còn 760s)
2026-04-04 11:26:08,838 -   [Inner 179.3] cost=701.00 no_imp=2/20 (còn 760s)
2026-04-04 11:26:08,960 -   [Inner 179.4] cost=701.00 no_imp=3/20 (còn 760s)
2026-04-04 11:26:09,084 -   [Inner 179.5] cost=701.00 no_imp=4/20 (còn 760s)
2026-04-04 11:26:09,206 -   [Inner 179.6] cost=701.00 no_imp=5/20 (còn 759s)
2026-04-04 11:26:09,331 -   [Inner 179.7] cost=701.00 no_imp=6/20 (còn 759s)
2026-04-04 11:26:09,452 -   [Inner 179.8] cost=701.00 no_imp=7/20 (còn 759s)
2026-04-04 11:26:09,574 -   [Inner 179.9] cost=701.00 no_imp=8/20 (còn 759s)
2026-04-04 11:26:09,699 -   [Inner 179.10] cost=701.00 no_imp=9/20 (còn 759s)
2026-04-04 11:26:09,823 -   [Inner 179.11] cost=701.00 no_imp=10/20 (còn 759s)
2026-04-04 11:26:09,947 -   [Inner 179.12] cost=701.00 no_imp=11/20 (còn 759s)
2026-04-04 11:26:10,071 -   [Inner 179.13] cost=701.00 no_imp=12/20 (còn 759s)
2026-04-04 11:26:10,193 -   [Inner 179.14] cost=701.00 no_imp=13/20 (còn 758s)
2026-04-04 11:26:10,314 -   [Inner 179.15] cost=701.00 no_imp=14/20 (còn 758s)
2026-04-04 11:26:10,435 -   [Inner 179.16] cost=701.00 no_imp=15/20 (còn 758s)
2026-04-04 11:26:10,559 -   [Inner 179.17] cost=701.00 no_imp=16/20 (còn 758s)
2026-04-04 11:26:10,682 -   [Inner 179.18] cost=701.00 no_imp=17/20 (còn 758s)
2026-04-04 11:26:10,806 -   [Inner 179.19] cost=701.00 no_imp=18/20 (còn 758s)
2026-04-04 11:26:10,928 -   [Inner 179.20] cost=701.00 no_imp=19/20 (còn 758s)
2026-04-04 11:26:11,051 -   [Outer 179] Chạy Pairwise MaxSAT...
2026-04-04 11:26:11,052 -   [Outer] Pairwise không cải thiện cặp nào, quay lại inner.
2026-04-04 11:26:11,052 - === OUTER 180 | cost=701.00 (còn 758s) ===
2026-04-04 11:26:11,052 -   [Inner 180.1] cost=701.00 no_imp=0/20 (còn 758s)
2026-04-04 11:26:11,174 -   [Inner 180.2] cost=701.00 no_imp=1/20 (còn 758s)
2026-04-04 11:26:11,297 -   [Inner 180.3] cost=701.00 no_imp=2/20 (còn 757s)
2026-04-04 11:26:11,418 -   [Inner 180.4] cost=701.00 no_imp=3/20 (còn 757s)
2026-04-04 11:26:11,541 -   [Inner 180.5] cost=701.00 no_imp=4/20 (còn 757s)
2026-04-04 11:26:11,664 -   [Inner 180.6] cost=701.00 no_imp=5/20 (còn 757s)
2026-04-04 11:26:11,788 -   [Inner 180.7] cost=701.00 no_imp=6/20 (còn 757s)
2026-04-04 11:26:11,915 -   [Inner 180.8] cost=701.00 no_imp=7/20 (còn 757s)
2026-04-04 11:26:12,038 -   [Inner 180.9] cost=701.00 no_imp=8/20 (còn 757s)
2026-04-04 11:26:12,162 -   [Inner 180.10] cost=701.00 no_imp=9/20 (còn 757s)
2026-04-04 11:26:12,286 -   [Inner 180.11] cost=701.00 no_imp=10/20 (còn 756s)
2026-04-04 11:26:12,407 -   [Inner 180.12] cost=701.00 no_imp=11/20 (còn 756s)
2026-04-04 11:26:12,531 -   [Inner 180.13] cost=701.00 no_imp=12/20 (còn 756s)
2026-04-04 11:26:12,652 -   [Inner 180.14] cost=701.00 no_imp=13/20 (còn 756s)
2026-04-04 11:26:12,776 -   [Inner 180.15] cost=701.00 no_imp=14/20 (còn 756s)
2026-04-04 11:26:12,899 -   [Inner 180.16] cost=701.00 no_imp=15/20 (còn 756s)
2026-04-04 11:26:13,021 -   [Inner 180.17] cost=701.00 no_imp=16/20 (còn 756s)
2026-04-04 11:26:13,145 -   [Inner 180.18] cost=701.00 no_imp=17/20 (còn 756s)
2026-04-04 11:26:13,268 -   [Inner 180.19] cost=701.00 no_imp=18/20 (còn 755s)
2026-04-04 11:26:13,391 -   [Inner 180.20] cost=701.00 no_imp=19/20 (còn 755s)
2026-04-04 11:26:13,514 -   [Outer 180] Chạy Pairwise MaxSAT...
2026-04-04 11:26:13,514 -   [Outer] Pairwise không cải thiện cặp nào, quay lại inner.
2026-04-04 11:26:13,514 - === OUTER 181 | cost=701.00 (còn 755s) ===
2026-04-04 11:26:13,514 -   [Inner 181.1] cost=701.00 no_imp=0/20 (còn 755s)
2026-04-04 11:26:13,661 -   [Inner 181.2] cost=701.00 no_imp=1/20 (còn 755s)
2026-04-04 11:26:13,784 -   [Inner 181.3] cost=701.00 no_imp=2/20 (còn 755s)
2026-04-04 11:26:13,910 -   [Inner 181.4] cost=701.00 no_imp=3/20 (còn 755s)
2026-04-04 11:26:14,033 -   [Inner 181.5] cost=701.00 no_imp=4/20 (còn 755s)
2026-04-04 11:26:14,158 -   [Inner 181.6] cost=701.00 no_imp=5/20 (còn 755s)
2026-04-04 11:26:14,280 -   [Inner 181.7] cost=701.00 no_imp=6/20 (còn 754s)
2026-04-04 11:26:14,403 -   [Inner 181.8] cost=701.00 no_imp=7/20 (còn 754s)
2026-04-04 11:26:14,525 -   [Inner 181.9] cost=701.00 no_imp=8/20 (còn 754s)
2026-04-04 11:26:14,647 -   [Inner 181.10] cost=701.00 no_imp=9/20 (còn 754s)
2026-04-04 11:26:14,770 -   [Inner 181.11] cost=701.00 no_imp=10/20 (còn 754s)
2026-04-04 11:26:14,893 -   [Inner 181.12] cost=701.00 no_imp=11/20 (còn 754s)
2026-04-04 11:26:15,014 -   [Inner 181.13] cost=701.00 no_imp=12/20 (còn 754s)
2026-04-04 11:26:15,138 -   [Inner 181.14] cost=701.00 no_imp=13/20 (còn 754s)
2026-04-04 11:26:15,262 -   [Inner 181.15] cost=701.00 no_imp=14/20 (còn 753s)
2026-04-04 11:26:15,383 -   [Inner 181.16] cost=701.00 no_imp=15/20 (còn 753s)
2026-04-04 11:26:15,506 -   [Inner 181.17] cost=701.00 no_imp=16/20 (còn 753s)
2026-04-04 11:26:15,629 -   [Inner 181.18] cost=701.00 no_imp=17/20 (còn 753s)
2026-04-04 11:26:15,751 -   [Inner 181.19] cost=701.00 no_imp=18/20 (còn 753s)
2026-04-04 11:26:15,874 -   [Inner 181.20] cost=701.00 no_imp=19/20 (còn 753s)
2026-04-04 11:26:15,998 -   [Outer 181] Chạy Pairwise MaxSAT...
2026-04-04 11:26:15,999 -   [Outer] Pairwise không cải thiện cặp nào, quay lại inner.
2026-04-04 11:26:15,999 - === OUTER 182 | cost=701.00 (còn 753s) ===
2026-04-04 11:26:15,999 -   [Inner 182.1] cost=701.00 no_imp=0/20 (còn 753s)
2026-04-04 11:26:16,121 -   [Inner 182.2] cost=701.00 no_imp=1/20 (còn 753s)
2026-04-04 11:26:16,244 -   [Inner 182.3] cost=701.00 no_imp=2/20 (còn 752s)
2026-04-04 11:26:16,365 -   [Inner 182.4] cost=701.00 no_imp=3/20 (còn 752s)
2026-04-04 11:26:16,489 -   [Inner 182.5] cost=701.00 no_imp=4/20 (còn 752s)
2026-04-04 11:26:16,610 -   [Inner 182.6] cost=701.00 no_imp=5/20 (còn 752s)
2026-04-04 11:26:16,733 -   [Inner 182.7] cost=701.00 no_imp=6/20 (còn 752s)
2026-04-04 11:26:16,855 -   [Inner 182.8] cost=701.00 no_imp=7/20 (còn 752s)
2026-04-04 11:26:16,976 -   [Inner 182.9] cost=701.00 no_imp=8/20 (còn 752s)
2026-04-04 11:26:17,101 -   [Inner 182.10] cost=701.00 no_imp=9/20 (còn 752s)
2026-04-04 11:26:17,223 -   [Inner 182.11] cost=701.00 no_imp=10/20 (còn 751s)
2026-04-04 11:26:17,346 -   [Inner 182.12] cost=701.00 no_imp=11/20 (còn 751s)
2026-04-04 11:26:17,469 -   [Inner 182.13] cost=701.00 no_imp=12/20 (còn 751s)
2026-04-04 11:26:17,590 -   [Inner 182.14] cost=701.00 no_imp=13/20 (còn 751s)
2026-04-04 11:26:17,714 -   [Inner 182.15] cost=701.00 no_imp=14/20 (còn 751s)
2026-04-04 11:26:17,836 -   [Inner 182.16] cost=701.00 no_imp=15/20 (còn 751s)
2026-04-04 11:26:17,963 -   [Inner 182.17] cost=701.00 no_imp=16/20 (còn 751s)
2026-04-04 11:26:18,085 -   [Inner 182.18] cost=701.00 no_imp=17/20 (còn 751s)
2026-04-04 11:26:18,207 -   [Inner 182.19] cost=701.00 no_imp=18/20 (còn 750s)
2026-04-04 11:26:18,329 -   [Inner 182.20] cost=701.00 no_imp=19/20 (còn 750s)
2026-04-04 11:26:18,452 -   [Outer 182] Chạy Pairwise MaxSAT...
2026-04-04 11:26:18,452 -   [Outer] Pairwise không cải thiện cặp nào, quay lại inner.
2026-04-04 11:26:18,452 - === OUTER 183 | cost=701.00 (còn 750s) ===
2026-04-04 11:26:18,452 -   [Inner 183.1] cost=701.00 no_imp=0/20 (còn 750s)
2026-04-04 11:26:18,574 -   [Inner 183.2] cost=701.00 no_imp=1/20 (còn 750s)
2026-04-04 11:26:18,697 -   [Inner 183.3] cost=701.00 no_imp=2/20 (còn 750s)
2026-04-04 11:26:18,819 -   [Inner 183.4] cost=701.00 no_imp=3/20 (còn 750s)
2026-04-04 11:26:18,943 -   [Inner 183.5] cost=701.00 no_imp=4/20 (còn 750s)
2026-04-04 11:26:19,064 -   [Inner 183.6] cost=701.00 no_imp=5/20 (còn 750s)
2026-04-04 11:26:19,186 -   [Inner 183.7] cost=701.00 no_imp=6/20 (còn 750s)
2026-04-04 11:26:19,309 -   [Inner 183.8] cost=701.00 no_imp=7/20 (còn 749s)
2026-04-04 11:26:19,431 -   [Inner 183.9] cost=701.00 no_imp=8/20 (còn 749s)
2026-04-04 11:26:19,555 -   [Inner 183.10] cost=701.00 no_imp=9/20 (còn 749s)
2026-04-04 11:26:19,676 -   [Inner 183.11] cost=701.00 no_imp=10/20 (còn 749s)
2026-04-04 11:26:19,800 -   [Inner 183.12] cost=701.00 no_imp=11/20 (còn 749s)
2026-04-04 11:26:19,921 -   [Inner 183.13] cost=701.00 no_imp=12/20 (còn 749s)
2026-04-04 11:26:20,051 -   [Inner 183.14] cost=701.00 no_imp=13/20 (còn 749s)
2026-04-04 11:26:20,173 -   [Inner 183.15] cost=701.00 no_imp=14/20 (còn 749s)
2026-04-04 11:26:20,299 -   [Inner 183.16] cost=701.00 no_imp=15/20 (còn 748s)
2026-04-04 11:26:20,420 -   [Inner 183.17] cost=701.00 no_imp=16/20 (còn 748s)
2026-04-04 11:26:20,543 -   [Inner 183.18] cost=701.00 no_imp=17/20 (còn 748s)
2026-04-04 11:26:20,666 -   [Inner 183.19] cost=701.00 no_imp=18/20 (còn 748s)
2026-04-04 11:26:20,788 -   [Inner 183.20] cost=701.00 no_imp=19/20 (còn 748s)
2026-04-04 11:26:20,910 -   [Outer 183] Chạy Pairwise MaxSAT...
2026-04-04 11:26:20,910 -   [Outer] Pairwise không cải thiện cặp nào, quay lại inner.
2026-04-04 11:26:20,910 - === OUTER 184 | cost=701.00 (còn 748s) ===
2026-04-04 11:26:20,910 -   [Inner 184.1] cost=701.00 no_imp=0/20 (còn 748s)
2026-04-04 11:26:21,034 -   [Inner 184.2] cost=701.00 no_imp=1/20 (còn 748s)
2026-04-04 11:26:21,158 -   [Inner 184.3] cost=701.00 no_imp=2/20 (còn 748s)
2026-04-04 11:26:21,280 -   [Inner 184.4] cost=701.00 no_imp=3/20 (còn 747s)
2026-04-04 11:26:21,402 -   [Inner 184.5] cost=701.00 no_imp=4/20 (còn 747s)
2026-04-04 11:26:21,524 -   [Inner 184.6] cost=701.00 no_imp=5/20 (còn 747s)
2026-04-04 11:26:21,647 -   [Inner 184.7] cost=701.00 no_imp=6/20 (còn 747s)
2026-04-04 11:26:21,771 -   [Inner 184.8] cost=701.00 no_imp=7/20 (còn 747s)
2026-04-04 11:26:21,896 -   [Inner 184.9] cost=701.00 no_imp=8/20 (còn 747s)
2026-04-04 11:26:22,021 -   [Inner 184.10] cost=701.00 no_imp=9/20 (còn 747s)
2026-04-04 11:26:22,146 -   [Inner 184.11] cost=701.00 no_imp=10/20 (còn 747s)
2026-04-04 11:26:22,269 -   [Inner 184.12] cost=701.00 no_imp=11/20 (còn 746s)
2026-04-04 11:26:22,391 -   [Inner 184.13] cost=701.00 no_imp=12/20 (còn 746s)
2026-04-04 11:26:22,514 -   [Inner 184.14] cost=701.00 no_imp=13/20 (còn 746s)
2026-04-04 11:26:22,636 -   [Inner 184.15] cost=701.00 no_imp=14/20 (còn 746s)
2026-04-04 11:26:22,759 -   [Inner 184.16] cost=701.00 no_imp=15/20 (còn 746s)
2026-04-04 11:26:22,880 -   [Inner 184.17] cost=701.00 no_imp=16/20 (còn 746s)
2026-04-04 11:26:23,002 -   [Inner 184.18] cost=701.00 no_imp=17/20 (còn 746s)
2026-04-04 11:26:23,125 -   [Inner 184.19] cost=701.00 no_imp=18/20 (còn 746s)
2026-04-04 11:26:23,247 -   [Inner 184.20] cost=701.00 no_imp=19/20 (còn 745s)
2026-04-04 11:26:23,370 -   [Outer 184] Chạy Pairwise MaxSAT...
2026-04-04 11:26:23,370 -   [Outer] Pairwise không cải thiện cặp nào, quay lại inner.
2026-04-04 11:26:23,370 - === OUTER 185 | cost=701.00 (còn 745s) ===
2026-04-04 11:26:23,370 -   [Inner 185.1] cost=701.00 no_imp=0/20 (còn 745s)
2026-04-04 11:26:23,492 -   [Inner 185.2] cost=701.00 no_imp=1/20 (còn 745s)
2026-04-04 11:26:23,614 -   [Inner 185.3] cost=701.00 no_imp=2/20 (còn 745s)
2026-04-04 11:26:23,736 -   [Inner 185.4] cost=701.00 no_imp=3/20 (còn 745s)
2026-04-04 11:26:23,858 -   [Inner 185.5] cost=701.00 no_imp=4/20 (còn 745s)
2026-04-04 11:26:23,980 -   [Inner 185.6] cost=701.00 no_imp=5/20 (còn 745s)
2026-04-04 11:26:24,106 -   [Inner 185.7] cost=701.00 no_imp=6/20 (còn 745s)
2026-04-04 11:26:24,229 -   [Inner 185.8] cost=701.00 no_imp=7/20 (còn 744s)
2026-04-04 11:26:24,353 -   [Inner 185.9] cost=701.00 no_imp=8/20 (còn 744s)
2026-04-04 11:26:24,473 -   [Inner 185.10] cost=701.00 no_imp=9/20 (còn 744s)
2026-04-04 11:26:24,596 -   [Inner 185.11] cost=701.00 no_imp=10/20 (còn 744s)
2026-04-04 11:26:24,718 -   [Inner 185.12] cost=701.00 no_imp=11/20 (còn 744s)
2026-04-04 11:26:24,842 -   [Inner 185.13] cost=701.00 no_imp=12/20 (còn 744s)
2026-04-04 11:26:24,964 -   [Inner 185.14] cost=701.00 no_imp=13/20 (còn 744s)
2026-04-04 11:26:25,088 -   [Inner 185.15] cost=701.00 no_imp=14/20 (còn 744s)
2026-04-04 11:26:25,211 -   [Inner 185.16] cost=701.00 no_imp=15/20 (còn 743s)
2026-04-04 11:26:25,333 -   [Inner 185.17] cost=701.00 no_imp=16/20 (còn 743s)
2026-04-04 11:26:25,455 -   [Inner 185.18] cost=701.00 no_imp=17/20 (còn 743s)
2026-04-04 11:26:25,578 -   [Inner 185.19] cost=701.00 no_imp=18/20 (còn 743s)
2026-04-04 11:26:25,699 -   [Inner 185.20] cost=701.00 no_imp=19/20 (còn 743s)
2026-04-04 11:26:25,822 -   [Outer 185] Chạy Pairwise MaxSAT...
2026-04-04 11:26:25,822 -   [Outer] Pairwise không cải thiện cặp nào, quay lại inner.
2026-04-04 11:26:25,822 - === OUTER 186 | cost=701.00 (còn 743s) ===
2026-04-04 11:26:25,822 -   [Inner 186.1] cost=701.00 no_imp=0/20 (còn 743s)
2026-04-04 11:26:25,943 -   [Inner 186.2] cost=701.00 no_imp=1/20 (còn 743s)
2026-04-04 11:26:26,069 -   [Inner 186.3] cost=701.00 no_imp=2/20 (còn 743s)
2026-04-04 11:26:26,190 -   [Inner 186.4] cost=701.00 no_imp=3/20 (còn 742s)
2026-04-04 11:26:26,313 -   [Inner 186.5] cost=701.00 no_imp=4/20 (còn 742s)
2026-04-04 11:26:26,438 -   [Inner 186.6] cost=701.00 no_imp=5/20 (còn 742s)
2026-04-04 11:26:26,560 -   [Inner 186.7] cost=701.00 no_imp=6/20 (còn 742s)
2026-04-04 11:26:26,682 -   [Inner 186.8] cost=701.00 no_imp=7/20 (còn 742s)
2026-04-04 11:26:26,805 -   [Inner 186.9] cost=701.00 no_imp=8/20 (còn 742s)
2026-04-04 11:26:26,926 -   [Inner 186.10] cost=701.00 no_imp=9/20 (còn 742s)
2026-04-04 11:26:27,049 -   [Inner 186.11] cost=701.00 no_imp=10/20 (còn 742s)
2026-04-04 11:26:27,172 -   [Inner 186.12] cost=701.00 no_imp=11/20 (còn 742s)
2026-04-04 11:26:27,295 -   [Inner 186.13] cost=701.00 no_imp=12/20 (còn 741s)
2026-04-04 11:26:27,417 -   [Inner 186.14] cost=701.00 no_imp=13/20 (còn 741s)
2026-04-04 11:26:27,539 -   [Inner 186.15] cost=701.00 no_imp=14/20 (còn 741s)
2026-04-04 11:26:27,663 -   [Inner 186.16] cost=701.00 no_imp=15/20 (còn 741s)
2026-04-04 11:26:27,785 -   [Inner 186.17] cost=701.00 no_imp=16/20 (còn 741s)
2026-04-04 11:26:27,909 -   [Inner 186.18] cost=701.00 no_imp=17/20 (còn 741s)
2026-04-04 11:26:28,031 -   [Inner 186.19] cost=701.00 no_imp=18/20 (còn 741s)
2026-04-04 11:26:28,157 -   [Inner 186.20] cost=701.00 no_imp=19/20 (còn 741s)
2026-04-04 11:26:28,280 -   [Outer 186] Chạy Pairwise MaxSAT...
2026-04-04 11:26:28,280 -   [Outer] Pairwise không cải thiện cặp nào, quay lại inner.
2026-04-04 11:26:28,280 - === OUTER 187 | cost=701.00 (còn 740s) ===
2026-04-04 11:26:28,280 -   [Inner 187.1] cost=701.00 no_imp=0/20 (còn 740s)
2026-04-04 11:26:28,403 -   [Inner 187.2] cost=701.00 no_imp=1/20 (còn 740s)
2026-04-04 11:26:28,527 -   [Inner 187.3] cost=701.00 no_imp=2/20 (còn 740s)
2026-04-04 11:26:28,650 -   [Inner 187.4] cost=701.00 no_imp=3/20 (còn 740s)
2026-04-04 11:26:28,773 -   [Inner 187.5] cost=701.00 no_imp=4/20 (còn 740s)
2026-04-04 11:26:28,895 -   [Inner 187.6] cost=701.00 no_imp=5/20 (còn 740s)
2026-04-04 11:26:29,017 -   [Inner 187.7] cost=701.00 no_imp=6/20 (còn 740s)
2026-04-04 11:26:29,141 -   [Inner 187.8] cost=701.00 no_imp=7/20 (còn 740s)
2026-04-04 11:26:29,262 -   [Inner 187.9] cost=701.00 no_imp=8/20 (còn 739s)
2026-04-04 11:26:29,386 -   [Inner 187.10] cost=701.00 no_imp=9/20 (còn 739s)
2026-04-04 11:26:29,508 -   [Inner 187.11] cost=701.00 no_imp=10/20 (còn 739s)
2026-04-04 11:26:29,630 -   [Inner 187.12] cost=701.00 no_imp=11/20 (còn 739s)
2026-04-04 11:26:29,753 -   [Inner 187.13] cost=701.00 no_imp=12/20 (còn 739s)
2026-04-04 11:26:29,874 -   [Inner 187.14] cost=701.00 no_imp=13/20 (còn 739s)
2026-04-04 11:26:29,996 -   [Inner 187.15] cost=701.00 no_imp=14/20 (còn 739s)
2026-04-04 11:26:30,122 -   [Inner 187.16] cost=701.00 no_imp=15/20 (còn 739s)
2026-04-04 11:26:30,244 -   [Inner 187.17] cost=701.00 no_imp=16/20 (còn 738s)
2026-04-04 11:26:30,368 -   [Inner 187.18] cost=701.00 no_imp=17/20 (còn 738s)
2026-04-04 11:26:30,490 -   [Inner 187.19] cost=701.00 no_imp=18/20 (còn 738s)
2026-04-04 11:26:30,613 -   [Inner 187.20] cost=701.00 no_imp=19/20 (còn 738s)
2026-04-04 11:26:30,736 -   [Outer 187] Chạy Pairwise MaxSAT...
2026-04-04 11:26:30,737 -   [Outer] Pairwise không cải thiện cặp nào, quay lại inner.
2026-04-04 11:26:30,737 - === OUTER 188 | cost=701.00 (còn 738s) ===
2026-04-04 11:26:30,737 -   [Inner 188.1] cost=701.00 no_imp=0/20 (còn 738s)
2026-04-04 11:26:30,859 -   [Inner 188.2] cost=701.00 no_imp=1/20 (còn 738s)
2026-04-04 11:26:30,981 -   [Inner 188.3] cost=701.00 no_imp=2/20 (còn 738s)
2026-04-04 11:26:31,102 -   [Inner 188.4] cost=701.00 no_imp=3/20 (còn 738s)
2026-04-04 11:26:31,225 -   [Inner 188.5] cost=701.00 no_imp=4/20 (còn 737s)
2026-04-04 11:26:31,347 -   [Inner 188.6] cost=701.00 no_imp=5/20 (còn 737s)
2026-04-04 11:26:31,470 -   [Inner 188.7] cost=701.00 no_imp=6/20 (còn 737s)
2026-04-04 11:26:31,592 -   [Inner 188.8] cost=701.00 no_imp=7/20 (còn 737s)
2026-04-04 11:26:31,714 -   [Inner 188.9] cost=701.00 no_imp=8/20 (còn 737s)
2026-04-04 11:26:31,838 -   [Inner 188.10] cost=701.00 no_imp=9/20 (còn 737s)
2026-04-04 11:26:31,960 -   [Inner 188.11] cost=701.00 no_imp=10/20 (còn 737s)
2026-04-04 11:26:32,086 -   [Inner 188.12] cost=701.00 no_imp=11/20 (còn 737s)
2026-04-04 11:26:32,213 -   [Inner 188.13] cost=701.00 no_imp=12/20 (còn 736s)
2026-04-04 11:26:32,335 -   [Inner 188.14] cost=701.00 no_imp=13/20 (còn 736s)
2026-04-04 11:26:32,455 -   [Inner 188.15] cost=701.00 no_imp=14/20 (còn 736s)
2026-04-04 11:26:32,579 -   [Inner 188.16] cost=701.00 no_imp=15/20 (còn 736s)
2026-04-04 11:26:32,702 -   [Inner 188.17] cost=701.00 no_imp=16/20 (còn 736s)
2026-04-04 11:26:32,824 -   [Inner 188.18] cost=701.00 no_imp=17/20 (còn 736s)
2026-04-04 11:26:32,946 -   [Inner 188.19] cost=701.00 no_imp=18/20 (còn 736s)
2026-04-04 11:26:33,068 -   [Inner 188.20] cost=701.00 no_imp=19/20 (còn 736s)
2026-04-04 11:26:33,191 -   [Outer 188] Chạy Pairwise MaxSAT...
2026-04-04 11:26:33,191 -   [Outer] Pairwise không cải thiện cặp nào, quay lại inner.
2026-04-04 11:26:33,191 - === OUTER 189 | cost=701.00 (còn 735s) ===
2026-04-04 11:26:33,191 -   [Inner 189.1] cost=701.00 no_imp=0/20 (còn 735s)
2026-04-04 11:26:33,314 -   [Inner 189.2] cost=701.00 no_imp=1/20 (còn 735s)
2026-04-04 11:26:33,437 -   [Inner 189.3] cost=701.00 no_imp=2/20 (còn 735s)
2026-04-04 11:26:33,565 -   [Inner 189.4] cost=701.00 no_imp=3/20 (còn 735s)
2026-04-04 11:26:33,689 -   [Inner 189.5] cost=701.00 no_imp=4/20 (còn 735s)
2026-04-04 11:26:33,812 -   [Inner 189.6] cost=701.00 no_imp=5/20 (còn 735s)
2026-04-04 11:26:33,936 -   [Inner 189.7] cost=701.00 no_imp=6/20 (còn 735s)
2026-04-04 11:26:34,058 -   [Inner 189.8] cost=701.00 no_imp=7/20 (còn 735s)
2026-04-04 11:26:34,183 -   [Inner 189.9] cost=701.00 no_imp=8/20 (còn 735s)
2026-04-04 11:26:34,306 -   [Inner 189.10] cost=701.00 no_imp=9/20 (còn 734s)
2026-04-04 11:26:34,429 -   [Inner 189.11] cost=701.00 no_imp=10/20 (còn 734s)
2026-04-04 11:26:34,552 -   [Inner 189.12] cost=701.00 no_imp=11/20 (còn 734s)
2026-04-04 11:26:34,677 -   [Inner 189.13] cost=701.00 no_imp=12/20 (còn 734s)
2026-04-04 11:26:34,800 -   [Inner 189.14] cost=701.00 no_imp=13/20 (còn 734s)
2026-04-04 11:26:34,921 -   [Inner 189.15] cost=701.00 no_imp=14/20 (còn 734s)
2026-04-04 11:26:35,046 -   [Inner 189.16] cost=701.00 no_imp=15/20 (còn 734s)
2026-04-04 11:26:35,169 -   [Inner 189.17] cost=701.00 no_imp=16/20 (còn 734s)
2026-04-04 11:26:35,292 -   [Inner 189.18] cost=701.00 no_imp=17/20 (còn 733s)
2026-04-04 11:26:35,413 -   [Inner 189.19] cost=701.00 no_imp=18/20 (còn 733s)
2026-04-04 11:26:35,537 -   [Inner 189.20] cost=701.00 no_imp=19/20 (còn 733s)
2026-04-04 11:26:35,660 -   [Outer 189] Chạy Pairwise MaxSAT...
2026-04-04 11:26:35,661 -   [Outer] Pairwise không cải thiện cặp nào, quay lại inner.
2026-04-04 11:26:35,661 - === OUTER 190 | cost=701.00 (còn 733s) ===
2026-04-04 11:26:35,661 -   [Inner 190.1] cost=701.00 no_imp=0/20 (còn 733s)
2026-04-04 11:26:35,785 -   [Inner 190.2] cost=701.00 no_imp=1/20 (còn 733s)
2026-04-04 11:26:35,908 -   [Inner 190.3] cost=701.00 no_imp=2/20 (còn 733s)
2026-04-04 11:26:36,032 -   [Inner 190.4] cost=701.00 no_imp=3/20 (còn 733s)
2026-04-04 11:26:36,155 -   [Inner 190.5] cost=701.00 no_imp=4/20 (còn 733s)
2026-04-04 11:26:36,281 -   [Inner 190.6] cost=701.00 no_imp=5/20 (còn 732s)
2026-04-04 11:26:36,402 -   [Inner 190.7] cost=701.00 no_imp=6/20 (còn 732s)
2026-04-04 11:26:36,526 -   [Inner 190.8] cost=701.00 no_imp=7/20 (còn 732s)
2026-04-04 11:26:36,648 -   [Inner 190.9] cost=701.00 no_imp=8/20 (còn 732s)
2026-04-04 11:26:36,772 -   [Inner 190.10] cost=701.00 no_imp=9/20 (còn 732s)
2026-04-04 11:26:36,896 -   [Inner 190.11] cost=701.00 no_imp=10/20 (còn 732s)
2026-04-04 11:26:37,019 -   [Inner 190.12] cost=701.00 no_imp=11/20 (còn 732s)
2026-04-04 11:26:37,141 -   [Inner 190.13] cost=701.00 no_imp=12/20 (còn 732s)
2026-04-04 11:26:37,264 -   [Inner 190.14] cost=701.00 no_imp=13/20 (còn 731s)
2026-04-04 11:26:37,385 -   [Inner 190.15] cost=701.00 no_imp=14/20 (còn 731s)
2026-04-04 11:26:37,507 -   [Inner 190.16] cost=701.00 no_imp=15/20 (còn 731s)
2026-04-04 11:26:37,629 -   [Inner 190.17] cost=701.00 no_imp=16/20 (còn 731s)
2026-04-04 11:26:37,751 -   [Inner 190.18] cost=701.00 no_imp=17/20 (còn 731s)
2026-04-04 11:26:37,873 -   [Inner 190.19] cost=701.00 no_imp=18/20 (còn 731s)
2026-04-04 11:26:37,996 -   [Inner 190.20] cost=701.00 no_imp=19/20 (còn 731s)
2026-04-04 11:26:38,119 -   [Outer 190] Chạy Pairwise MaxSAT...
2026-04-04 11:26:38,119 -   [Outer] Pairwise không cải thiện cặp nào, quay lại inner.
2026-04-04 11:26:38,119 - === OUTER 191 | cost=701.00 (còn 731s) ===
2026-04-04 11:26:38,119 -   [Inner 191.1] cost=701.00 no_imp=0/20 (còn 731s)
2026-04-04 11:26:38,244 -   [Inner 191.2] cost=701.00 no_imp=1/20 (còn 730s)
2026-04-04 11:26:38,365 -   [Inner 191.3] cost=701.00 no_imp=2/20 (còn 730s)
2026-04-04 11:26:38,486 -   [Inner 191.4] cost=701.00 no_imp=3/20 (còn 730s)
2026-04-04 11:26:38,664 -   [Inner 191.5] cost=701.00 no_imp=4/20 (còn 730s)
2026-04-04 11:26:38,787 -   [Inner 191.6] cost=701.00 no_imp=5/20 (còn 730s)
2026-04-04 11:26:38,909 -   [Inner 191.7] cost=701.00 no_imp=6/20 (còn 730s)
2026-04-04 11:26:39,033 -   [Inner 191.8] cost=701.00 no_imp=7/20 (còn 730s)
2026-04-04 11:26:39,156 -   [Inner 191.9] cost=701.00 no_imp=8/20 (còn 730s)
2026-04-04 11:26:39,280 -   [Inner 191.10] cost=701.00 no_imp=9/20 (còn 729s)
2026-04-04 11:26:39,402 -   [Inner 191.11] cost=701.00 no_imp=10/20 (còn 729s)
2026-04-04 11:26:39,523 -   [Inner 191.12] cost=701.00 no_imp=11/20 (còn 729s)
2026-04-04 11:26:39,646 -   [Inner 191.13] cost=701.00 no_imp=12/20 (còn 729s)
2026-04-04 11:26:39,770 -   [Inner 191.14] cost=701.00 no_imp=13/20 (còn 729s)
2026-04-04 11:26:39,894 -   [Inner 191.15] cost=701.00 no_imp=14/20 (còn 729s)
2026-04-04 11:26:40,016 -   [Inner 191.16] cost=701.00 no_imp=15/20 (còn 729s)
2026-04-04 11:26:40,139 -   [Inner 191.17] cost=701.00 no_imp=16/20 (còn 729s)
2026-04-04 11:26:40,264 -   [Inner 191.18] cost=701.00 no_imp=17/20 (còn 728s)
2026-04-04 11:26:40,387 -   [Inner 191.19] cost=701.00 no_imp=18/20 (còn 728s)
2026-04-04 11:26:40,510 -   [Inner 191.20] cost=701.00 no_imp=19/20 (còn 728s)
2026-04-04 11:26:40,633 -   [Outer 191] Chạy Pairwise MaxSAT...
2026-04-04 11:26:40,634 -   [Outer] Pairwise không cải thiện cặp nào, quay lại inner.
2026-04-04 11:26:40,634 - === OUTER 192 | cost=701.00 (còn 728s) ===
2026-04-04 11:26:40,634 -   [Inner 192.1] cost=701.00 no_imp=0/20 (còn 728s)
2026-04-04 11:26:40,758 -   [Inner 192.2] cost=701.00 no_imp=1/20 (còn 728s)
2026-04-04 11:26:40,880 -   [Inner 192.3] cost=701.00 no_imp=2/20 (còn 728s)
2026-04-04 11:26:41,002 -   [Inner 192.4] cost=701.00 no_imp=3/20 (còn 728s)
2026-04-04 11:26:41,126 -   [Inner 192.5] cost=701.00 no_imp=4/20 (còn 728s)
2026-04-04 11:26:41,248 -   [Inner 192.6] cost=701.00 no_imp=5/20 (còn 727s)
2026-04-04 11:26:41,369 -   [Inner 192.7] cost=701.00 no_imp=6/20 (còn 727s)
2026-04-04 11:26:41,491 -   [Inner 192.8] cost=701.00 no_imp=7/20 (còn 727s)
2026-04-04 11:26:41,613 -   [Inner 192.9] cost=701.00 no_imp=8/20 (còn 727s)
2026-04-04 11:26:41,736 -   [Inner 192.10] cost=701.00 no_imp=9/20 (còn 727s)
2026-04-04 11:26:41,860 -   [Inner 192.11] cost=701.00 no_imp=10/20 (còn 727s)
2026-04-04 11:26:41,982 -   [Inner 192.12] cost=701.00 no_imp=11/20 (còn 727s)
2026-04-04 11:26:42,105 -   [Inner 192.13] cost=701.00 no_imp=12/20 (còn 727s)
2026-04-04 11:26:42,229 -   [Inner 192.14] cost=701.00 no_imp=13/20 (còn 726s)
2026-04-04 11:26:42,355 -   [Inner 192.15] cost=701.00 no_imp=14/20 (còn 726s)
2026-04-04 11:26:42,476 -   [Inner 192.16] cost=701.00 no_imp=15/20 (còn 726s)
2026-04-04 11:26:42,598 -   [Inner 192.17] cost=701.00 no_imp=16/20 (còn 726s)
2026-04-04 11:26:42,720 -   [Inner 192.18] cost=701.00 no_imp=17/20 (còn 726s)
2026-04-04 11:26:42,844 -   [Inner 192.19] cost=701.00 no_imp=18/20 (còn 726s)
2026-04-04 11:26:42,966 -   [Inner 192.20] cost=701.00 no_imp=19/20 (còn 726s)
2026-04-04 11:26:43,089 -   [Outer 192] Chạy Pairwise MaxSAT...
2026-04-04 11:26:43,090 -   [Outer] Pairwise không cải thiện cặp nào, quay lại inner.
2026-04-04 11:26:43,090 - === OUTER 193 | cost=701.00 (còn 726s) ===
2026-04-04 11:26:43,090 -   [Inner 193.1] cost=701.00 no_imp=0/20 (còn 726s)
2026-04-04 11:26:43,214 -   [Inner 193.2] cost=701.00 no_imp=1/20 (còn 725s)
2026-04-04 11:26:43,337 -   [Inner 193.3] cost=701.00 no_imp=2/20 (còn 725s)
2026-04-04 11:26:43,459 -   [Inner 193.4] cost=701.00 no_imp=3/20 (còn 725s)
2026-04-04 11:26:43,582 -   [Inner 193.5] cost=701.00 no_imp=4/20 (còn 725s)
2026-04-04 11:26:43,704 -   [Inner 193.6] cost=701.00 no_imp=5/20 (còn 725s)
2026-04-04 11:26:43,827 -   [Inner 193.7] cost=701.00 no_imp=6/20 (còn 725s)
2026-04-04 11:26:43,951 -   [Inner 193.8] cost=701.00 no_imp=7/20 (còn 725s)
2026-04-04 11:26:44,072 -   [Inner 193.9] cost=701.00 no_imp=8/20 (còn 725s)
2026-04-04 11:26:44,194 -   [Inner 193.10] cost=701.00 no_imp=9/20 (còn 724s)
2026-04-04 11:26:44,319 -   [Inner 193.11] cost=701.00 no_imp=10/20 (còn 724s)
2026-04-04 11:26:44,441 -   [Inner 193.12] cost=701.00 no_imp=11/20 (còn 724s)
2026-04-04 11:26:44,564 -   [Inner 193.13] cost=701.00 no_imp=12/20 (còn 724s)
2026-04-04 11:26:44,686 -   [Inner 193.14] cost=701.00 no_imp=13/20 (còn 724s)
2026-04-04 11:26:44,809 -   [Inner 193.15] cost=701.00 no_imp=14/20 (còn 724s)
2026-04-04 11:26:44,931 -   [Inner 193.16] cost=701.00 no_imp=15/20 (còn 724s)
2026-04-04 11:26:45,053 -   [Inner 193.17] cost=701.00 no_imp=16/20 (còn 724s)
2026-04-04 11:26:45,176 -   [Inner 193.18] cost=701.00 no_imp=17/20 (còn 724s)
2026-04-04 11:26:45,299 -   [Inner 193.19] cost=701.00 no_imp=18/20 (còn 723s)
2026-04-04 11:26:45,420 -   [Inner 193.20] cost=701.00 no_imp=19/20 (còn 723s)
2026-04-04 11:26:45,542 -   [Outer 193] Chạy Pairwise MaxSAT...
2026-04-04 11:26:45,542 -   [Outer] Pairwise không cải thiện cặp nào, quay lại inner.
2026-04-04 11:26:45,542 - === OUTER 194 | cost=701.00 (còn 723s) ===
2026-04-04 11:26:45,542 -   [Inner 194.1] cost=701.00 no_imp=0/20 (còn 723s)
2026-04-04 11:26:45,665 -   [Inner 194.2] cost=701.00 no_imp=1/20 (còn 723s)
2026-04-04 11:26:45,788 -   [Inner 194.3] cost=701.00 no_imp=2/20 (còn 723s)
2026-04-04 11:26:45,913 -   [Inner 194.4] cost=701.00 no_imp=3/20 (còn 723s)
2026-04-04 11:26:46,036 -   [Inner 194.5] cost=701.00 no_imp=4/20 (còn 723s)
2026-04-04 11:26:46,158 -   [Inner 194.6] cost=701.00 no_imp=5/20 (còn 723s)
2026-04-04 11:26:46,280 -   [Inner 194.7] cost=701.00 no_imp=6/20 (còn 722s)
2026-04-04 11:26:46,406 -   [Inner 194.8] cost=701.00 no_imp=7/20 (còn 722s)
2026-04-04 11:26:46,527 -   [Inner 194.9] cost=701.00 no_imp=8/20 (còn 722s)
2026-04-04 11:26:46,652 -   [Inner 194.10] cost=701.00 no_imp=9/20 (còn 722s)
2026-04-04 11:26:46,775 -   [Inner 194.11] cost=701.00 no_imp=10/20 (còn 722s)
2026-04-04 11:26:46,898 -   [Inner 194.12] cost=701.00 no_imp=11/20 (còn 722s)
2026-04-04 11:26:47,021 -   [Inner 194.13] cost=701.00 no_imp=12/20 (còn 722s)
2026-04-04 11:26:47,144 -   [Inner 194.14] cost=701.00 no_imp=13/20 (còn 722s)
2026-04-04 11:26:47,267 -   [Inner 194.15] cost=701.00 no_imp=14/20 (còn 721s)
2026-04-04 11:26:47,389 -   [Inner 194.16] cost=701.00 no_imp=15/20 (còn 721s)
2026-04-04 11:26:47,511 -   [Inner 194.17] cost=701.00 no_imp=16/20 (còn 721s)
2026-04-04 11:26:47,633 -   [Inner 194.18] cost=701.00 no_imp=17/20 (còn 721s)
2026-04-04 11:26:47,757 -   [Inner 194.19] cost=701.00 no_imp=18/20 (còn 721s)
2026-04-04 11:26:47,881 -   [Inner 194.20] cost=701.00 no_imp=19/20 (còn 721s)
2026-04-04 11:26:48,003 -   [Outer 194] Chạy Pairwise MaxSAT...
2026-04-04 11:26:48,003 -   [Outer] Pairwise không cải thiện cặp nào, quay lại inner.
2026-04-04 11:26:48,004 - === OUTER 195 | cost=701.00 (còn 721s) ===
2026-04-04 11:26:48,004 -   [Inner 195.1] cost=701.00 no_imp=0/20 (còn 721s)
2026-04-04 11:26:48,126 -   [Inner 195.2] cost=701.00 no_imp=1/20 (còn 721s)
2026-04-04 11:26:48,253 -   [Inner 195.3] cost=701.00 no_imp=2/20 (còn 720s)
2026-04-04 11:26:48,381 -   [Inner 195.4] cost=701.00 no_imp=3/20 (còn 720s)
2026-04-04 11:26:48,503 -   [Inner 195.5] cost=701.00 no_imp=4/20 (còn 720s)
2026-04-04 11:26:48,627 -   [Inner 195.6] cost=701.00 no_imp=5/20 (còn 720s)
2026-04-04 11:26:48,750 -   [Inner 195.7] cost=701.00 no_imp=6/20 (còn 720s)
2026-04-04 11:26:48,873 -   [Inner 195.8] cost=701.00 no_imp=7/20 (còn 720s)
2026-04-04 11:26:48,996 -   [Inner 195.9] cost=701.00 no_imp=8/20 (còn 720s)
2026-04-04 11:26:49,118 -   [Inner 195.10] cost=701.00 no_imp=9/20 (còn 720s)
2026-04-04 11:26:49,241 -   [Inner 195.11] cost=701.00 no_imp=10/20 (còn 719s)
2026-04-04 11:26:49,363 -   [Inner 195.12] cost=701.00 no_imp=11/20 (còn 719s)
2026-04-04 11:26:49,485 -   [Inner 195.13] cost=701.00 no_imp=12/20 (còn 719s)
2026-04-04 11:26:49,607 -   [Inner 195.14] cost=701.00 no_imp=13/20 (còn 719s)
2026-04-04 11:26:49,730 -   [Inner 195.15] cost=701.00 no_imp=14/20 (còn 719s)
2026-04-04 11:26:49,855 -   [Inner 195.16] cost=701.00 no_imp=15/20 (còn 719s)
2026-04-04 11:26:49,977 -   [Inner 195.17] cost=701.00 no_imp=16/20 (còn 719s)
2026-04-04 11:26:50,102 -   [Inner 195.18] cost=701.00 no_imp=17/20 (còn 719s)
2026-04-04 11:26:50,224 -   [Inner 195.19] cost=701.00 no_imp=18/20 (còn 718s)
2026-04-04 11:26:50,348 -   [Inner 195.20] cost=701.00 no_imp=19/20 (còn 718s)
2026-04-04 11:26:50,472 -   [Outer 195] Chạy Pairwise MaxSAT...
2026-04-04 11:26:50,473 -   [Outer] Pairwise không cải thiện cặp nào, quay lại inner.
2026-04-04 11:26:50,473 - === OUTER 196 | cost=701.00 (còn 718s) ===
2026-04-04 11:26:50,473 -   [Inner 196.1] cost=701.00 no_imp=0/20 (còn 718s)
2026-04-04 11:26:50,596 -   [Inner 196.2] cost=701.00 no_imp=1/20 (còn 718s)
2026-04-04 11:26:50,718 -   [Inner 196.3] cost=701.00 no_imp=2/20 (còn 718s)
2026-04-04 11:26:50,840 -   [Inner 196.4] cost=701.00 no_imp=3/20 (còn 718s)
2026-04-04 11:26:50,963 -   [Inner 196.5] cost=701.00 no_imp=4/20 (còn 718s)
2026-04-04 11:26:51,085 -   [Inner 196.6] cost=701.00 no_imp=5/20 (còn 718s)
2026-04-04 11:26:51,207 -   [Inner 196.7] cost=701.00 no_imp=6/20 (còn 717s)
2026-04-04 11:26:51,331 -   [Inner 196.8] cost=701.00 no_imp=7/20 (còn 717s)
2026-04-04 11:26:51,452 -   [Inner 196.9] cost=701.00 no_imp=8/20 (còn 717s)
2026-04-04 11:26:51,574 -   [Inner 196.10] cost=701.00 no_imp=9/20 (còn 717s)
2026-04-04 11:26:51,697 -   [Inner 196.11] cost=701.00 no_imp=10/20 (còn 717s)
2026-04-04 11:26:51,818 -   [Inner 196.12] cost=701.00 no_imp=11/20 (còn 717s)
2026-04-04 11:26:51,941 -   [Inner 196.13] cost=701.00 no_imp=12/20 (còn 717s)
2026-04-04 11:26:52,065 -   [Inner 196.14] cost=701.00 no_imp=13/20 (còn 717s)
2026-04-04 11:26:52,189 -   [Inner 196.15] cost=701.00 no_imp=14/20 (còn 716s)
2026-04-04 11:26:52,312 -   [Inner 196.16] cost=701.00 no_imp=15/20 (còn 716s)
2026-04-04 11:26:52,437 -   [Inner 196.17] cost=701.00 no_imp=16/20 (còn 716s)
2026-04-04 11:26:52,559 -   [Inner 196.18] cost=701.00 no_imp=17/20 (còn 716s)
2026-04-04 11:26:52,682 -   [Inner 196.19] cost=701.00 no_imp=18/20 (còn 716s)
2026-04-04 11:26:52,804 -   [Inner 196.20] cost=701.00 no_imp=19/20 (còn 716s)
2026-04-04 11:26:52,925 -   [Outer 196] Chạy Pairwise MaxSAT...
2026-04-04 11:26:52,925 -   [Outer] Pairwise không cải thiện cặp nào, quay lại inner.
2026-04-04 11:26:52,925 - === OUTER 197 | cost=701.00 (còn 716s) ===
2026-04-04 11:26:52,925 -   [Inner 197.1] cost=701.00 no_imp=0/20 (còn 716s)
2026-04-04 11:26:53,049 -   [Inner 197.2] cost=701.00 no_imp=1/20 (còn 716s)
2026-04-04 11:26:53,172 -   [Inner 197.3] cost=701.00 no_imp=2/20 (còn 716s)
2026-04-04 11:26:53,295 -   [Inner 197.4] cost=701.00 no_imp=3/20 (còn 715s)
2026-04-04 11:26:53,417 -   [Inner 197.5] cost=701.00 no_imp=4/20 (còn 715s)
2026-04-04 11:26:53,538 -   [Inner 197.6] cost=701.00 no_imp=5/20 (còn 715s)
2026-04-04 11:26:53,660 -   [Inner 197.7] cost=701.00 no_imp=6/20 (còn 715s)
2026-04-04 11:26:53,783 -   [Inner 197.8] cost=701.00 no_imp=7/20 (còn 715s)
2026-04-04 11:26:53,907 -   [Inner 197.9] cost=701.00 no_imp=8/20 (còn 715s)
2026-04-04 11:26:54,031 -   [Inner 197.10] cost=701.00 no_imp=9/20 (còn 715s)
2026-04-04 11:26:54,153 -   [Inner 197.11] cost=701.00 no_imp=10/20 (còn 715s)
2026-04-04 11:26:54,278 -   [Inner 197.12] cost=701.00 no_imp=11/20 (còn 714s)
2026-04-04 11:26:54,402 -   [Inner 197.13] cost=701.00 no_imp=12/20 (còn 714s)
2026-04-04 11:26:54,526 -   [Inner 197.14] cost=701.00 no_imp=13/20 (còn 714s)
2026-04-04 11:26:54,647 -   [Inner 197.15] cost=701.00 no_imp=14/20 (còn 714s)
2026-04-04 11:26:54,770 -   [Inner 197.16] cost=701.00 no_imp=15/20 (còn 714s)
2026-04-04 11:26:54,894 -   [Inner 197.17] cost=701.00 no_imp=16/20 (còn 714s)
2026-04-04 11:26:55,015 -   [Inner 197.18] cost=701.00 no_imp=17/20 (còn 714s)
2026-04-04 11:26:55,138 -   [Inner 197.19] cost=701.00 no_imp=18/20 (còn 714s)
2026-04-04 11:26:55,262 -   [Inner 197.20] cost=701.00 no_imp=19/20 (còn 713s)
2026-04-04 11:26:55,385 -   [Outer 197] Chạy Pairwise MaxSAT...
2026-04-04 11:26:55,385 -   [Outer] Pairwise không cải thiện cặp nào, quay lại inner.
2026-04-04 11:26:55,385 - === OUTER 198 | cost=701.00 (còn 713s) ===
2026-04-04 11:26:55,386 -   [Inner 198.1] cost=701.00 no_imp=0/20 (còn 713s)
2026-04-04 11:26:55,507 -   [Inner 198.2] cost=701.00 no_imp=1/20 (còn 713s)
2026-04-04 11:26:55,631 -   [Inner 198.3] cost=701.00 no_imp=2/20 (còn 713s)
2026-04-04 11:26:55,753 -   [Inner 198.4] cost=701.00 no_imp=3/20 (còn 713s)
2026-04-04 11:26:55,875 -   [Inner 198.5] cost=701.00 no_imp=4/20 (còn 713s)
2026-04-04 11:26:55,997 -   [Inner 198.6] cost=701.00 no_imp=5/20 (còn 713s)
2026-04-04 11:26:56,120 -   [Inner 198.7] cost=701.00 no_imp=6/20 (còn 713s)
2026-04-04 11:26:56,244 -   [Inner 198.8] cost=701.00 no_imp=7/20 (còn 712s)
2026-04-04 11:26:56,368 -   [Inner 198.9] cost=701.00 no_imp=8/20 (còn 712s)
2026-04-04 11:26:56,492 -   [Inner 198.10] cost=701.00 no_imp=9/20 (còn 712s)
2026-04-04 11:26:56,616 -   [Inner 198.11] cost=701.00 no_imp=10/20 (còn 712s)
2026-04-04 11:26:56,739 -   [Inner 198.12] cost=701.00 no_imp=11/20 (còn 712s)
2026-04-04 11:26:56,862 -   [Inner 198.13] cost=701.00 no_imp=12/20 (còn 712s)
2026-04-04 11:26:56,985 -   [Inner 198.14] cost=701.00 no_imp=13/20 (còn 712s)
2026-04-04 11:26:57,107 -   [Inner 198.15] cost=701.00 no_imp=14/20 (còn 712s)
2026-04-04 11:26:57,231 -   [Inner 198.16] cost=701.00 no_imp=15/20 (còn 711s)
2026-04-04 11:26:57,354 -   [Inner 198.17] cost=701.00 no_imp=16/20 (còn 711s)
2026-04-04 11:26:57,477 -   [Inner 198.18] cost=701.00 no_imp=17/20 (còn 711s)
2026-04-04 11:26:57,601 -   [Inner 198.19] cost=701.00 no_imp=18/20 (còn 711s)
2026-04-04 11:26:57,723 -   [Inner 198.20] cost=701.00 no_imp=19/20 (còn 711s)
2026-04-04 11:26:57,845 -   [Outer 198] Chạy Pairwise MaxSAT...
2026-04-04 11:26:57,845 -   [Outer] Pairwise không cải thiện cặp nào, quay lại inner.
2026-04-04 11:26:57,846 - === OUTER 199 | cost=701.00 (còn 711s) ===
2026-04-04 11:26:57,846 -   [Inner 199.1] cost=701.00 no_imp=0/20 (còn 711s)
2026-04-04 11:26:57,969 -   [Inner 199.2] cost=701.00 no_imp=1/20 (còn 711s)
2026-04-04 11:26:58,092 -   [Inner 199.3] cost=701.00 no_imp=2/20 (còn 711s)
2026-04-04 11:26:58,217 -   [Inner 199.4] cost=701.00 no_imp=3/20 (còn 710s)
2026-04-04 11:26:58,340 -   [Inner 199.5] cost=701.00 no_imp=4/20 (còn 710s)
2026-04-04 11:26:58,465 -   [Inner 199.6] cost=701.00 no_imp=5/20 (còn 710s)
2026-04-04 11:26:58,589 -   [Inner 199.7] cost=701.00 no_imp=6/20 (còn 710s)
2026-04-04 11:26:58,712 -   [Inner 199.8] cost=701.00 no_imp=7/20 (còn 710s)
2026-04-04 11:26:58,836 -   [Inner 199.9] cost=701.00 no_imp=8/20 (còn 710s)
2026-04-04 11:26:58,959 -   [Inner 199.10] cost=701.00 no_imp=9/20 (còn 710s)
2026-04-04 11:26:59,083 -   [Inner 199.11] cost=701.00 no_imp=10/20 (còn 710s)
2026-04-04 11:26:59,207 -   [Inner 199.12] cost=701.00 no_imp=11/20 (còn 709s)
2026-04-04 11:26:59,330 -   [Inner 199.13] cost=701.00 no_imp=12/20 (còn 709s)
2026-04-04 11:26:59,453 -   [Inner 199.14] cost=701.00 no_imp=13/20 (còn 709s)
2026-04-04 11:26:59,576 -   [Inner 199.15] cost=701.00 no_imp=14/20 (còn 709s)
2026-04-04 11:26:59,699 -   [Inner 199.16] cost=701.00 no_imp=15/20 (còn 709s)
2026-04-04 11:26:59,822 -   [Inner 199.17] cost=701.00 no_imp=16/20 (còn 709s)
2026-04-04 11:26:59,945 -   [Inner 199.18] cost=701.00 no_imp=17/20 (còn 709s)
2026-04-04 11:27:00,070 -   [Inner 199.19] cost=701.00 no_imp=18/20 (còn 709s)
2026-04-04 11:27:00,192 -   [Inner 199.20] cost=701.00 no_imp=19/20 (còn 708s)
2026-04-04 11:27:00,316 -   [Outer 199] Chạy Pairwise MaxSAT...
2026-04-04 11:27:00,316 -   [Outer] Pairwise không cải thiện cặp nào, quay lại inner.
2026-04-04 11:27:00,316 - === OUTER 200 | cost=701.00 (còn 708s) ===
2026-04-04 11:27:00,316 -   [Inner 200.1] cost=701.00 no_imp=0/20 (còn 708s)
2026-04-04 11:27:00,444 -   [Inner 200.2] cost=701.00 no_imp=1/20 (còn 708s)
2026-04-04 11:27:00,577 -   [Inner 200.3] cost=701.00 no_imp=2/20 (còn 708s)
2026-04-04 11:27:00,700 -   [Inner 200.4] cost=701.00 no_imp=3/20 (còn 708s)
2026-04-04 11:27:00,822 -   [Inner 200.5] cost=701.00 no_imp=4/20 (còn 708s)
2026-04-04 11:27:00,946 -   [Inner 200.6] cost=701.00 no_imp=5/20 (còn 708s)
2026-04-04 11:27:01,068 -   [Inner 200.7] cost=701.00 no_imp=6/20 (còn 708s)
2026-04-04 11:27:01,191 -   [Inner 200.8] cost=701.00 no_imp=7/20 (còn 707s)
2026-04-04 11:27:01,313 -   [Inner 200.9] cost=701.00 no_imp=8/20 (còn 707s)
2026-04-04 11:27:01,435 -   [Inner 200.10] cost=701.00 no_imp=9/20 (còn 707s)
2026-04-04 11:27:01,557 -   [Inner 200.11] cost=701.00 no_imp=10/20 (còn 707s)
2026-04-04 11:27:01,681 -   [Inner 200.12] cost=701.00 no_imp=11/20 (còn 707s)
2026-04-04 11:27:01,802 -   [Inner 200.13] cost=701.00 no_imp=12/20 (còn 707s)
2026-04-04 11:27:01,926 -   [Inner 200.14] cost=701.00 no_imp=13/20 (còn 707s)
2026-04-04 11:27:02,050 -   [Inner 200.15] cost=701.00 no_imp=14/20 (còn 707s)
2026-04-04 11:27:02,172 -   [Inner 200.16] cost=701.00 no_imp=15/20 (còn 707s)
2026-04-04 11:27:02,295 -   [Inner 200.17] cost=701.00 no_imp=16/20 (còn 706s)
2026-04-04 11:27:02,417 -   [Inner 200.18] cost=701.00 no_imp=17/20 (còn 706s)
2026-04-04 11:27:02,543 -   [Inner 200.19] cost=701.00 no_imp=18/20 (còn 706s)
2026-04-04 11:27:02,665 -   [Inner 200.20] cost=701.00 no_imp=19/20 (còn 706s)
2026-04-04 11:27:02,788 -   [Outer 200] Chạy Pairwise MaxSAT...
2026-04-04 11:27:02,788 -   [Outer] Pairwise không cải thiện cặp nào, quay lại inner.
2026-04-04 11:27:02,788 - === OUTER 201 | cost=701.00 (còn 706s) ===
2026-04-04 11:27:02,788 -   [Inner 201.1] cost=701.00 no_imp=0/20 (còn 706s)
2026-04-04 11:27:02,911 -   [Inner 201.2] cost=701.00 no_imp=1/20 (còn 706s)
2026-04-04 11:27:03,034 -   [Inner 201.3] cost=701.00 no_imp=2/20 (còn 706s)
2026-04-04 11:27:03,155 -   [Inner 201.4] cost=701.00 no_imp=3/20 (còn 706s)
2026-04-04 11:27:03,279 -   [Inner 201.5] cost=701.00 no_imp=4/20 (còn 705s)
2026-04-04 11:27:03,400 -   [Inner 201.6] cost=701.00 no_imp=5/20 (còn 705s)
2026-04-04 11:27:03,527 -   [Inner 201.7] cost=701.00 no_imp=6/20 (còn 705s)
2026-04-04 11:27:03,687 -   [Inner 201.8] cost=701.00 no_imp=7/20 (còn 705s)
2026-04-04 11:27:03,809 -   [Inner 201.9] cost=701.00 no_imp=8/20 (còn 705s)
2026-04-04 11:27:03,933 -   [Inner 201.10] cost=701.00 no_imp=9/20 (còn 705s)
2026-04-04 11:27:04,054 -   [Inner 201.11] cost=701.00 no_imp=10/20 (còn 705s)
2026-04-04 11:27:04,178 -   [Inner 201.12] cost=701.00 no_imp=11/20 (còn 705s)
2026-04-04 11:27:04,299 -   [Inner 201.13] cost=701.00 no_imp=12/20 (còn 704s)
2026-04-04 11:27:04,422 -   [Inner 201.14] cost=701.00 no_imp=13/20 (còn 704s)
2026-04-04 11:27:04,545 -   [Inner 201.15] cost=701.00 no_imp=14/20 (còn 704s)
2026-04-04 11:27:04,669 -   [Inner 201.16] cost=701.00 no_imp=15/20 (còn 704s)
2026-04-04 11:27:04,791 -   [Inner 201.17] cost=701.00 no_imp=16/20 (còn 704s)
2026-04-04 11:27:04,913 -   [Inner 201.18] cost=701.00 no_imp=17/20 (còn 704s)
2026-04-04 11:27:05,038 -   [Inner 201.19] cost=701.00 no_imp=18/20 (còn 704s)
2026-04-04 11:27:05,162 -   [Inner 201.20] cost=701.00 no_imp=19/20 (còn 704s)
2026-04-04 11:27:05,287 -   [Outer 201] Chạy Pairwise MaxSAT...
2026-04-04 11:27:05,287 -   [Outer] Pairwise không cải thiện cặp nào, quay lại inner.
2026-04-04 11:27:05,287 - === OUTER 202 | cost=701.00 (còn 703s) ===
2026-04-04 11:27:05,287 -   [Inner 202.1] cost=701.00 no_imp=0/20 (còn 703s)
2026-04-04 11:27:05,409 -   [Inner 202.2] cost=701.00 no_imp=1/20 (còn 703s)
2026-04-04 11:27:05,532 -   [Inner 202.3] cost=701.00 no_imp=2/20 (còn 703s)
2026-04-04 11:27:05,655 -   [Inner 202.4] cost=701.00 no_imp=3/20 (còn 703s)
2026-04-04 11:27:05,777 -   [Inner 202.5] cost=701.00 no_imp=4/20 (còn 703s)
2026-04-04 11:27:05,901 -   [Inner 202.6] cost=701.00 no_imp=5/20 (còn 703s)
2026-04-04 11:27:06,025 -   [Inner 202.7] cost=701.00 no_imp=6/20 (còn 703s)
2026-04-04 11:27:06,147 -   [Inner 202.8] cost=701.00 no_imp=7/20 (còn 703s)
2026-04-04 11:27:06,270 -   [Inner 202.9] cost=701.00 no_imp=8/20 (còn 702s)
2026-04-04 11:27:06,392 -   [Inner 202.10] cost=701.00 no_imp=9/20 (còn 702s)
2026-04-04 11:27:06,513 -   [Inner 202.11] cost=701.00 no_imp=10/20 (còn 702s)
2026-04-04 11:27:06,639 -   [Inner 202.12] cost=701.00 no_imp=11/20 (còn 702s)
2026-04-04 11:27:06,763 -   [Inner 202.13] cost=701.00 no_imp=12/20 (còn 702s)
2026-04-04 11:27:06,887 -   [Inner 202.14] cost=701.00 no_imp=13/20 (còn 702s)
2026-04-04 11:27:07,010 -   [Inner 202.15] cost=701.00 no_imp=14/20 (còn 702s)
2026-04-04 11:27:07,135 -   [Inner 202.16] cost=701.00 no_imp=15/20 (còn 702s)
2026-04-04 11:27:07,259 -   [Inner 202.17] cost=701.00 no_imp=16/20 (còn 701s)
2026-04-04 11:27:07,391 -   [Inner 202.18] cost=701.00 no_imp=17/20 (còn 701s)
2026-04-04 11:27:07,515 -   [Inner 202.19] cost=701.00 no_imp=18/20 (còn 701s)
2026-04-04 11:27:07,637 -   [Inner 202.20] cost=701.00 no_imp=19/20 (còn 701s)
2026-04-04 11:27:07,760 -   [Outer 202] Chạy Pairwise MaxSAT...
2026-04-04 11:27:07,760 -   [Outer] Pairwise không cải thiện cặp nào, quay lại inner.
2026-04-04 11:27:07,760 - === OUTER 203 | cost=701.00 (còn 701s) ===
2026-04-04 11:27:07,760 -   [Inner 203.1] cost=701.00 no_imp=0/20 (còn 701s)
2026-04-04 11:27:07,882 -   [Inner 203.2] cost=701.00 no_imp=1/20 (còn 701s)
2026-04-04 11:27:08,006 -   [Inner 203.3] cost=701.00 no_imp=2/20 (còn 701s)
2026-04-04 11:27:08,129 -   [Inner 203.4] cost=701.00 no_imp=3/20 (còn 701s)
2026-04-04 11:27:08,252 -   [Inner 203.5] cost=701.00 no_imp=4/20 (còn 700s)
2026-04-04 11:27:08,374 -   [Inner 203.6] cost=701.00 no_imp=5/20 (còn 700s)
2026-04-04 11:27:08,497 -   [Inner 203.7] cost=701.00 no_imp=6/20 (còn 700s)
2026-04-04 11:27:08,622 -   [Inner 203.8] cost=701.00 no_imp=7/20 (còn 700s)
2026-04-04 11:27:08,745 -   [Inner 203.9] cost=701.00 no_imp=8/20 (còn 700s)
2026-04-04 11:27:08,868 -   [Inner 203.10] cost=701.00 no_imp=9/20 (còn 700s)
2026-04-04 11:27:08,991 -   [Inner 203.11] cost=701.00 no_imp=10/20 (còn 700s)
2026-04-04 11:27:09,114 -   [Inner 203.12] cost=701.00 no_imp=11/20 (còn 700s)
2026-04-04 11:27:09,237 -   [Inner 203.13] cost=701.00 no_imp=12/20 (còn 699s)
2026-04-04 11:27:09,359 -   [Inner 203.14] cost=701.00 no_imp=13/20 (còn 699s)
2026-04-04 11:27:09,481 -   [Inner 203.15] cost=701.00 no_imp=14/20 (còn 699s)
2026-04-04 11:27:09,604 -   [Inner 203.16] cost=701.00 no_imp=15/20 (còn 699s)
2026-04-04 11:27:09,726 -   [Inner 203.17] cost=701.00 no_imp=16/20 (còn 699s)
2026-04-04 11:27:09,850 -   [Inner 203.18] cost=701.00 no_imp=17/20 (còn 699s)
2026-04-04 11:27:09,972 -   [Inner 203.19] cost=701.00 no_imp=18/20 (còn 699s)
2026-04-04 11:27:10,095 -   [Inner 203.20] cost=701.00 no_imp=19/20 (còn 699s)
2026-04-04 11:27:10,219 -   [Outer 203] Chạy Pairwise MaxSAT...
2026-04-04 11:27:10,219 -   [Outer] Pairwise không cải thiện cặp nào, quay lại inner.
2026-04-04 11:27:10,219 - === OUTER 204 | cost=701.00 (còn 698s) ===
2026-04-04 11:27:10,219 -   [Inner 204.1] cost=701.00 no_imp=0/20 (còn 698s)
2026-04-04 11:27:10,341 -   [Inner 204.2] cost=701.00 no_imp=1/20 (còn 698s)
2026-04-04 11:27:10,463 -   [Inner 204.3] cost=701.00 no_imp=2/20 (còn 698s)
2026-04-04 11:27:10,588 -   [Inner 204.4] cost=701.00 no_imp=3/20 (còn 698s)
2026-04-04 11:27:10,715 -   [Inner 204.5] cost=701.00 no_imp=4/20 (còn 698s)
2026-04-04 11:27:10,837 -   [Inner 204.6] cost=701.00 no_imp=5/20 (còn 698s)
2026-04-04 11:27:10,960 -   [Inner 204.7] cost=701.00 no_imp=6/20 (còn 698s)
2026-04-04 11:27:11,083 -   [Inner 204.8] cost=701.00 no_imp=7/20 (còn 698s)
2026-04-04 11:27:11,205 -   [Inner 204.9] cost=701.00 no_imp=8/20 (còn 697s)
2026-04-04 11:27:11,328 -   [Inner 204.10] cost=701.00 no_imp=9/20 (còn 697s)
2026-04-04 11:27:11,449 -   [Inner 204.11] cost=701.00 no_imp=10/20 (còn 697s)
2026-04-04 11:27:11,574 -   [Inner 204.12] cost=701.00 no_imp=11/20 (còn 697s)
2026-04-04 11:27:11,699 -   [Inner 204.13] cost=701.00 no_imp=12/20 (còn 697s)
2026-04-04 11:27:11,820 -   [Inner 204.14] cost=701.00 no_imp=13/20 (còn 697s)
2026-04-04 11:27:11,943 -   [Inner 204.15] cost=701.00 no_imp=14/20 (còn 697s)
2026-04-04 11:27:12,064 -   [Inner 204.16] cost=701.00 no_imp=15/20 (còn 697s)
2026-04-04 11:27:12,188 -   [Inner 204.17] cost=701.00 no_imp=16/20 (còn 696s)
2026-04-04 11:27:12,311 -   [Inner 204.18] cost=701.00 no_imp=17/20 (còn 696s)
2026-04-04 11:27:12,433 -   [Inner 204.19] cost=701.00 no_imp=18/20 (còn 696s)
2026-04-04 11:27:12,554 -   [Inner 204.20] cost=701.00 no_imp=19/20 (còn 696s)
2026-04-04 11:27:12,679 -   [Outer 204] Chạy Pairwise MaxSAT...
2026-04-04 11:27:12,680 -   [Outer] Pairwise không cải thiện cặp nào, quay lại inner.
2026-04-04 11:27:12,680 - === OUTER 205 | cost=701.00 (còn 696s) ===
2026-04-04 11:27:12,680 -   [Inner 205.1] cost=701.00 no_imp=0/20 (còn 696s)
2026-04-04 11:27:12,802 -   [Inner 205.2] cost=701.00 no_imp=1/20 (còn 696s)
2026-04-04 11:27:12,925 -   [Inner 205.3] cost=701.00 no_imp=2/20 (còn 696s)
2026-04-04 11:27:13,048 -   [Inner 205.4] cost=701.00 no_imp=3/20 (còn 696s)
2026-04-04 11:27:13,171 -   [Inner 205.5] cost=701.00 no_imp=4/20 (còn 696s)
2026-04-04 11:27:13,293 -   [Inner 205.6] cost=701.00 no_imp=5/20 (còn 695s)
2026-04-04 11:27:13,414 -   [Inner 205.7] cost=701.00 no_imp=6/20 (còn 695s)
2026-04-04 11:27:13,538 -   [Inner 205.8] cost=701.00 no_imp=7/20 (còn 695s)
2026-04-04 11:27:13,660 -   [Inner 205.9] cost=701.00 no_imp=8/20 (còn 695s)
2026-04-04 11:27:13,782 -   [Inner 205.10] cost=701.00 no_imp=9/20 (còn 695s)
2026-04-04 11:27:13,903 -   [Inner 205.11] cost=701.00 no_imp=10/20 (còn 695s)
2026-04-04 11:27:14,026 -   [Inner 205.12] cost=701.00 no_imp=11/20 (còn 695s)
2026-04-04 11:27:14,148 -   [Inner 205.13] cost=701.00 no_imp=12/20 (còn 695s)
2026-04-04 11:27:14,272 -   [Inner 205.14] cost=701.00 no_imp=13/20 (còn 694s)
2026-04-04 11:27:14,394 -   [Inner 205.15] cost=701.00 no_imp=14/20 (còn 694s)
2026-04-04 11:27:14,516 -   [Inner 205.16] cost=701.00 no_imp=15/20 (còn 694s)
2026-04-04 11:27:14,640 -   [Inner 205.17] cost=701.00 no_imp=16/20 (còn 694s)
2026-04-04 11:27:14,767 -   [Inner 205.18] cost=701.00 no_imp=17/20 (còn 694s)
2026-04-04 11:27:14,889 -   [Inner 205.19] cost=701.00 no_imp=18/20 (còn 694s)
2026-04-04 11:27:15,011 -   [Inner 205.20] cost=701.00 no_imp=19/20 (còn 694s)
2026-04-04 11:27:15,132 -   [Outer 205] Chạy Pairwise MaxSAT...
2026-04-04 11:27:15,133 -   [Outer] Pairwise không cải thiện cặp nào, quay lại inner.
2026-04-04 11:27:15,133 - === OUTER 206 | cost=701.00 (còn 694s) ===
2026-04-04 11:27:15,133 -   [Inner 206.1] cost=701.00 no_imp=0/20 (còn 694s)
2026-04-04 11:27:15,257 -   [Inner 206.2] cost=701.00 no_imp=1/20 (còn 693s)
2026-04-04 11:27:15,381 -   [Inner 206.3] cost=701.00 no_imp=2/20 (còn 693s)
2026-04-04 11:27:15,503 -   [Inner 206.4] cost=701.00 no_imp=3/20 (còn 693s)
2026-04-04 11:27:15,627 -   [Inner 206.5] cost=701.00 no_imp=4/20 (còn 693s)
2026-04-04 11:27:15,750 -   [Inner 206.6] cost=701.00 no_imp=5/20 (còn 693s)
2026-04-04 11:27:15,873 -   [Inner 206.7] cost=701.00 no_imp=6/20 (còn 693s)
2026-04-04 11:27:15,994 -   [Inner 206.8] cost=701.00 no_imp=7/20 (còn 693s)
2026-04-04 11:27:16,117 -   [Inner 206.9] cost=701.00 no_imp=8/20 (còn 693s)
2026-04-04 11:27:16,240 -   [Inner 206.10] cost=701.00 no_imp=9/20 (còn 692s)
2026-04-04 11:27:16,362 -   [Inner 206.11] cost=701.00 no_imp=10/20 (còn 692s)
2026-04-04 11:27:16,487 -   [Inner 206.12] cost=701.00 no_imp=11/20 (còn 692s)
2026-04-04 11:27:16,609 -   [Inner 206.13] cost=701.00 no_imp=12/20 (còn 692s)
2026-04-04 11:27:16,735 -   [Inner 206.14] cost=701.00 no_imp=13/20 (còn 692s)
2026-04-04 11:27:16,857 -   [Inner 206.15] cost=701.00 no_imp=14/20 (còn 692s)
2026-04-04 11:27:16,978 -   [Inner 206.16] cost=701.00 no_imp=15/20 (còn 692s)
2026-04-04 11:27:17,102 -   [Inner 206.17] cost=701.00 no_imp=16/20 (còn 692s)
2026-04-04 11:27:17,225 -   [Inner 206.18] cost=701.00 no_imp=17/20 (còn 691s)
2026-04-04 11:27:17,348 -   [Inner 206.19] cost=701.00 no_imp=18/20 (còn 691s)
2026-04-04 11:27:17,469 -   [Inner 206.20] cost=701.00 no_imp=19/20 (còn 691s)
2026-04-04 11:27:17,592 -   [Outer 206] Chạy Pairwise MaxSAT...
2026-04-04 11:27:17,592 -   [Outer] Pairwise không cải thiện cặp nào, quay lại inner.
2026-04-04 11:27:17,592 - === OUTER 207 | cost=701.00 (còn 691s) ===
2026-04-04 11:27:17,592 -   [Inner 207.1] cost=701.00 no_imp=0/20 (còn 691s)
2026-04-04 11:27:17,717 -   [Inner 207.2] cost=701.00 no_imp=1/20 (còn 691s)
2026-04-04 11:27:17,839 -   [Inner 207.3] cost=701.00 no_imp=2/20 (còn 691s)
2026-04-04 11:27:17,962 -   [Inner 207.4] cost=701.00 no_imp=3/20 (còn 691s)
2026-04-04 11:27:18,084 -   [Inner 207.5] cost=701.00 no_imp=4/20 (còn 691s)
2026-04-04 11:27:18,207 -   [Inner 207.6] cost=701.00 no_imp=5/20 (còn 690s)
2026-04-04 11:27:18,330 -   [Inner 207.7] cost=701.00 no_imp=6/20 (còn 690s)
2026-04-04 11:27:18,452 -   [Inner 207.8] cost=701.00 no_imp=7/20 (còn 690s)
2026-04-04 11:27:18,574 -   [Inner 207.9] cost=701.00 no_imp=8/20 (còn 690s)
2026-04-04 11:27:18,699 -   [Inner 207.10] cost=701.00 no_imp=9/20 (còn 690s)
2026-04-04 11:27:18,823 -   [Inner 207.11] cost=701.00 no_imp=10/20 (còn 690s)
2026-04-04 11:27:18,945 -   [Inner 207.12] cost=701.00 no_imp=11/20 (còn 690s)
2026-04-04 11:27:19,067 -   [Inner 207.13] cost=701.00 no_imp=12/20 (còn 690s)
2026-04-04 11:27:19,189 -   [Inner 207.14] cost=701.00 no_imp=13/20 (còn 689s)
2026-04-04 11:27:19,313 -   [Inner 207.15] cost=701.00 no_imp=14/20 (còn 689s)
2026-04-04 11:27:19,435 -   [Inner 207.16] cost=701.00 no_imp=15/20 (còn 689s)
2026-04-04 11:27:19,560 -   [Inner 207.17] cost=701.00 no_imp=16/20 (còn 689s)
2026-04-04 11:27:19,681 -   [Inner 207.18] cost=701.00 no_imp=17/20 (còn 689s)
2026-04-04 11:27:19,802 -   [Inner 207.19] cost=701.00 no_imp=18/20 (còn 689s)
2026-04-04 11:27:19,924 -   [Inner 207.20] cost=701.00 no_imp=19/20 (còn 689s)
2026-04-04 11:27:20,050 -   [Outer 207] Chạy Pairwise MaxSAT...
2026-04-04 11:27:20,051 -   [Outer] Pairwise không cải thiện cặp nào, quay lại inner.
2026-04-04 11:27:20,051 - === OUTER 208 | cost=701.00 (còn 689s) ===
2026-04-04 11:27:20,051 -   [Inner 208.1] cost=701.00 no_imp=0/20 (còn 689s)
2026-04-04 11:27:20,173 -   [Inner 208.2] cost=701.00 no_imp=1/20 (còn 689s)
2026-04-04 11:27:20,298 -   [Inner 208.3] cost=701.00 no_imp=2/20 (còn 688s)
2026-04-04 11:27:20,420 -   [Inner 208.4] cost=701.00 no_imp=3/20 (còn 688s)
2026-04-04 11:27:20,542 -   [Inner 208.5] cost=701.00 no_imp=4/20 (còn 688s)
2026-04-04 11:27:20,666 -   [Inner 208.6] cost=701.00 no_imp=5/20 (còn 688s)
2026-04-04 11:27:20,792 -   [Inner 208.7] cost=701.00 no_imp=6/20 (còn 688s)
2026-04-04 11:27:20,914 -   [Inner 208.8] cost=701.00 no_imp=7/20 (còn 688s)
2026-04-04 11:27:21,037 -   [Inner 208.9] cost=701.00 no_imp=8/20 (còn 688s)
2026-04-04 11:27:21,162 -   [Inner 208.10] cost=701.00 no_imp=9/20 (còn 688s)
2026-04-04 11:27:21,287 -   [Inner 208.11] cost=701.00 no_imp=10/20 (còn 687s)
2026-04-04 11:27:21,410 -   [Inner 208.12] cost=701.00 no_imp=11/20 (còn 687s)
2026-04-04 11:27:21,532 -   [Inner 208.13] cost=701.00 no_imp=12/20 (còn 687s)
2026-04-04 11:27:21,655 -   [Inner 208.14] cost=701.00 no_imp=13/20 (còn 687s)
2026-04-04 11:27:21,777 -   [Inner 208.15] cost=701.00 no_imp=14/20 (còn 687s)
2026-04-04 11:27:21,901 -   [Inner 208.16] cost=701.00 no_imp=15/20 (còn 687s)
2026-04-04 11:27:22,023 -   [Inner 208.17] cost=701.00 no_imp=16/20 (còn 687s)
2026-04-04 11:27:22,145 -   [Inner 208.18] cost=701.00 no_imp=17/20 (còn 687s)
2026-04-04 11:27:22,269 -   [Inner 208.19] cost=701.00 no_imp=18/20 (còn 686s)
2026-04-04 11:27:22,390 -   [Inner 208.20] cost=701.00 no_imp=19/20 (còn 686s)
2026-04-04 11:27:22,513 -   [Outer 208] Chạy Pairwise MaxSAT...
2026-04-04 11:27:22,513 -   [Outer] Pairwise không cải thiện cặp nào, quay lại inner.
2026-04-04 11:27:22,514 - === OUTER 209 | cost=701.00 (còn 686s) ===
2026-04-04 11:27:22,514 -   [Inner 209.1] cost=701.00 no_imp=0/20 (còn 686s)
2026-04-04 11:27:22,635 -   [Inner 209.2] cost=701.00 no_imp=1/20 (còn 686s)
2026-04-04 11:27:22,757 -   [Inner 209.3] cost=701.00 no_imp=2/20 (còn 686s)
2026-04-04 11:27:22,883 -   [Inner 209.4] cost=701.00 no_imp=3/20 (còn 686s)
2026-04-04 11:27:23,006 -   [Inner 209.5] cost=701.00 no_imp=4/20 (còn 686s)
2026-04-04 11:27:23,129 -   [Inner 209.6] cost=701.00 no_imp=5/20 (còn 686s)
2026-04-04 11:27:23,250 -   [Inner 209.7] cost=701.00 no_imp=6/20 (còn 685s)
2026-04-04 11:27:23,372 -   [Inner 209.8] cost=701.00 no_imp=7/20 (còn 685s)
2026-04-04 11:27:23,495 -   [Inner 209.9] cost=701.00 no_imp=8/20 (còn 685s)
2026-04-04 11:27:23,617 -   [Inner 209.10] cost=701.00 no_imp=9/20 (còn 685s)
2026-04-04 11:27:23,740 -   [Inner 209.11] cost=701.00 no_imp=10/20 (còn 685s)
2026-04-04 11:27:23,862 -   [Inner 209.12] cost=701.00 no_imp=11/20 (còn 685s)
2026-04-04 11:27:23,983 -   [Inner 209.13] cost=701.00 no_imp=12/20 (còn 685s)
2026-04-04 11:27:24,104 -   [Inner 209.14] cost=701.00 no_imp=13/20 (còn 685s)
2026-04-04 11:27:24,228 -   [Inner 209.15] cost=701.00 no_imp=14/20 (còn 684s)
2026-04-04 11:27:24,350 -   [Inner 209.16] cost=701.00 no_imp=15/20 (còn 684s)
2026-04-04 11:27:24,472 -   [Inner 209.17] cost=701.00 no_imp=16/20 (còn 684s)
2026-04-04 11:27:24,594 -   [Inner 209.18] cost=701.00 no_imp=17/20 (còn 684s)
2026-04-04 11:27:24,717 -   [Inner 209.19] cost=701.00 no_imp=18/20 (còn 684s)
2026-04-04 11:27:24,843 -   [Inner 209.20] cost=701.00 no_imp=19/20 (còn 684s)
2026-04-04 11:27:24,963 -   [Outer 209] Chạy Pairwise MaxSAT...
2026-04-04 11:27:24,964 -   [Outer] Pairwise không cải thiện cặp nào, quay lại inner.
2026-04-04 11:27:24,964 - === OUTER 210 | cost=701.00 (còn 684s) ===
2026-04-04 11:27:24,964 -   [Inner 210.1] cost=701.00 no_imp=0/20 (còn 684s)
2026-04-04 11:27:25,085 -   [Inner 210.2] cost=701.00 no_imp=1/20 (còn 684s)
2026-04-04 11:27:25,210 -   [Inner 210.3] cost=701.00 no_imp=2/20 (còn 683s)
2026-04-04 11:27:25,332 -   [Inner 210.4] cost=701.00 no_imp=3/20 (còn 683s)
2026-04-04 11:27:25,456 -   [Inner 210.5] cost=701.00 no_imp=4/20 (còn 683s)
2026-04-04 11:27:25,580 -   [Inner 210.6] cost=701.00 no_imp=5/20 (còn 683s)
2026-04-04 11:27:25,703 -   [Inner 210.7] cost=701.00 no_imp=6/20 (còn 683s)
2026-04-04 11:27:25,825 -   [Inner 210.8] cost=701.00 no_imp=7/20 (còn 683s)
2026-04-04 11:27:25,947 -   [Inner 210.9] cost=701.00 no_imp=8/20 (còn 683s)
2026-04-04 11:27:26,070 -   [Inner 210.10] cost=701.00 no_imp=9/20 (còn 683s)
2026-04-04 11:27:26,193 -   [Inner 210.11] cost=701.00 no_imp=10/20 (còn 682s)
2026-04-04 11:27:26,316 -   [Inner 210.12] cost=701.00 no_imp=11/20 (còn 682s)
2026-04-04 11:27:26,440 -   [Inner 210.13] cost=701.00 no_imp=12/20 (còn 682s)
2026-04-04 11:27:26,562 -   [Inner 210.14] cost=701.00 no_imp=13/20 (còn 682s)
2026-04-04 11:27:26,688 -   [Inner 210.15] cost=701.00 no_imp=14/20 (còn 682s)
2026-04-04 11:27:26,809 -   [Inner 210.16] cost=701.00 no_imp=15/20 (còn 682s)
2026-04-04 11:27:26,934 -   [Inner 210.17] cost=701.00 no_imp=16/20 (còn 682s)
2026-04-04 11:27:27,056 -   [Inner 210.18] cost=701.00 no_imp=17/20 (còn 682s)
2026-04-04 11:27:27,180 -   [Inner 210.19] cost=701.00 no_imp=18/20 (còn 682s)
2026-04-04 11:27:27,305 -   [Inner 210.20] cost=701.00 no_imp=19/20 (còn 681s)
2026-04-04 11:27:27,428 -   [Outer 210] Chạy Pairwise MaxSAT...
2026-04-04 11:27:27,429 -   [Outer] Pairwise không cải thiện cặp nào, quay lại inner.
2026-04-04 11:27:27,429 - === OUTER 211 | cost=701.00 (còn 681s) ===
2026-04-04 11:27:27,429 -   [Inner 211.1] cost=701.00 no_imp=0/20 (còn 681s)
2026-04-04 11:27:27,551 -   [Inner 211.2] cost=701.00 no_imp=1/20 (còn 681s)
2026-04-04 11:27:27,673 -   [Inner 211.3] cost=701.00 no_imp=2/20 (còn 681s)
2026-04-04 11:27:27,795 -   [Inner 211.4] cost=701.00 no_imp=3/20 (còn 681s)
2026-04-04 11:27:27,917 -   [Inner 211.5] cost=701.00 no_imp=4/20 (còn 681s)
2026-04-04 11:27:28,041 -   [Inner 211.6] cost=701.00 no_imp=5/20 (còn 681s)
2026-04-04 11:27:28,163 -   [Inner 211.7] cost=701.00 no_imp=6/20 (còn 681s)
2026-04-04 11:27:28,286 -   [Inner 211.8] cost=701.00 no_imp=7/20 (còn 680s)
2026-04-04 11:27:28,408 -   [Inner 211.9] cost=701.00 no_imp=8/20 (còn 680s)
2026-04-04 11:27:28,570 -   [Inner 211.10] cost=701.00 no_imp=9/20 (còn 680s)
2026-04-04 11:27:28,694 -   [Inner 211.11] cost=701.00 no_imp=10/20 (còn 680s)
2026-04-04 11:27:28,816 -   [Inner 211.12] cost=701.00 no_imp=11/20 (còn 680s)
2026-04-04 11:27:28,942 -   [Inner 211.13] cost=701.00 no_imp=12/20 (còn 680s)
2026-04-04 11:27:29,065 -   [Inner 211.14] cost=701.00 no_imp=13/20 (còn 680s)
2026-04-04 11:27:29,188 -   [Inner 211.15] cost=701.00 no_imp=14/20 (còn 679s)
2026-04-04 11:27:29,311 -   [Inner 211.16] cost=701.00 no_imp=15/20 (còn 679s)
2026-04-04 11:27:29,432 -   [Inner 211.17] cost=701.00 no_imp=16/20 (còn 679s)
2026-04-04 11:27:29,556 -   [Inner 211.18] cost=701.00 no_imp=17/20 (còn 679s)
2026-04-04 11:27:29,680 -   [Inner 211.19] cost=701.00 no_imp=18/20 (còn 679s)
2026-04-04 11:27:29,802 -   [Inner 211.20] cost=701.00 no_imp=19/20 (còn 679s)
2026-04-04 11:27:29,924 -   [Outer 211] Chạy Pairwise MaxSAT...
2026-04-04 11:27:29,925 -   [Outer] Pairwise không cải thiện cặp nào, quay lại inner.
2026-04-04 11:27:29,925 - === OUTER 212 | cost=701.00 (còn 679s) ===
2026-04-04 11:27:29,925 -   [Inner 212.1] cost=701.00 no_imp=0/20 (còn 679s)
2026-04-04 11:27:30,049 -   [Inner 212.2] cost=701.00 no_imp=1/20 (còn 679s)
2026-04-04 11:27:30,171 -   [Inner 212.3] cost=701.00 no_imp=2/20 (còn 679s)
2026-04-04 11:27:30,294 -   [Inner 212.4] cost=701.00 no_imp=3/20 (còn 678s)
2026-04-04 11:27:30,415 -   [Inner 212.5] cost=701.00 no_imp=4/20 (còn 678s)
2026-04-04 11:27:30,536 -   [Inner 212.6] cost=701.00 no_imp=5/20 (còn 678s)
2026-04-04 11:27:30,661 -   [Inner 212.7] cost=701.00 no_imp=6/20 (còn 678s)
2026-04-04 11:27:30,783 -   [Inner 212.8] cost=701.00 no_imp=7/20 (còn 678s)
2026-04-04 11:27:30,907 -   [Inner 212.9] cost=701.00 no_imp=8/20 (còn 678s)
2026-04-04 11:27:31,032 -   [Inner 212.10] cost=701.00 no_imp=9/20 (còn 678s)
2026-04-04 11:27:31,154 -   [Inner 212.11] cost=701.00 no_imp=10/20 (còn 678s)
2026-04-04 11:27:31,277 -   [Inner 212.12] cost=701.00 no_imp=11/20 (còn 677s)
2026-04-04 11:27:31,398 -   [Inner 212.13] cost=701.00 no_imp=12/20 (còn 677s)
2026-04-04 11:27:31,521 -   [Inner 212.14] cost=701.00 no_imp=13/20 (còn 677s)
2026-04-04 11:27:31,643 -   [Inner 212.15] cost=701.00 no_imp=14/20 (còn 677s)
2026-04-04 11:27:31,768 -   [Inner 212.16] cost=701.00 no_imp=15/20 (còn 677s)
2026-04-04 11:27:31,890 -   [Inner 212.17] cost=701.00 no_imp=16/20 (còn 677s)
2026-04-04 11:27:32,012 -   [Inner 212.18] cost=701.00 no_imp=17/20 (còn 677s)
2026-04-04 11:27:32,135 -   [Inner 212.19] cost=701.00 no_imp=18/20 (còn 677s)
2026-04-04 11:27:32,262 -   [Inner 212.20] cost=701.00 no_imp=19/20 (còn 676s)
2026-04-04 11:27:32,386 -   [Outer 212] Chạy Pairwise MaxSAT...
2026-04-04 11:27:32,387 -   [Outer] Pairwise không cải thiện cặp nào, quay lại inner.
2026-04-04 11:27:32,387 - === OUTER 213 | cost=701.00 (còn 676s) ===
2026-04-04 11:27:32,387 -   [Inner 213.1] cost=701.00 no_imp=0/20 (còn 676s)
2026-04-04 11:27:32,510 -   [Inner 213.2] cost=701.00 no_imp=1/20 (còn 676s)
2026-04-04 11:27:32,632 -   [Inner 213.3] cost=701.00 no_imp=2/20 (còn 676s)
2026-04-04 11:27:32,757 -   [Inner 213.4] cost=701.00 no_imp=3/20 (còn 676s)
2026-04-04 11:27:32,880 -   [Inner 213.5] cost=701.00 no_imp=4/20 (còn 676s)
2026-04-04 11:27:33,004 -   [Inner 213.6] cost=701.00 no_imp=5/20 (còn 676s)
2026-04-04 11:27:33,127 -   [Inner 213.7] cost=701.00 no_imp=6/20 (còn 676s)
2026-04-04 11:27:33,250 -   [Inner 213.8] cost=701.00 no_imp=7/20 (còn 675s)
2026-04-04 11:27:33,374 -   [Inner 213.9] cost=701.00 no_imp=8/20 (còn 675s)
2026-04-04 11:27:33,496 -   [Inner 213.10] cost=701.00 no_imp=9/20 (còn 675s)
2026-04-04 11:27:33,619 -   [Inner 213.11] cost=701.00 no_imp=10/20 (còn 675s)
2026-04-04 11:27:33,743 -   [Inner 213.12] cost=701.00 no_imp=11/20 (còn 675s)
2026-04-04 11:27:33,872 -   [Inner 213.13] cost=701.00 no_imp=12/20 (còn 675s)
2026-04-04 11:27:33,995 -   [Inner 213.14] cost=701.00 no_imp=13/20 (còn 675s)
2026-04-04 11:27:34,117 -   [Inner 213.15] cost=701.00 no_imp=14/20 (còn 675s)
2026-04-04 11:27:34,240 -   [Inner 213.16] cost=701.00 no_imp=15/20 (còn 674s)
2026-04-04 11:27:34,364 -   [Inner 213.17] cost=701.00 no_imp=16/20 (còn 674s)
2026-04-04 11:27:34,486 -   [Inner 213.18] cost=701.00 no_imp=17/20 (còn 674s)
2026-04-04 11:27:34,608 -   [Inner 213.19] cost=701.00 no_imp=18/20 (còn 674s)
2026-04-04 11:27:34,731 -   [Inner 213.20] cost=701.00 no_imp=19/20 (còn 674s)
2026-04-04 11:27:34,854 -   [Outer 213] Chạy Pairwise MaxSAT...
2026-04-04 11:27:34,855 -   [Outer] Pairwise không cải thiện cặp nào, quay lại inner.
2026-04-04 11:27:34,855 - === OUTER 214 | cost=701.00 (còn 674s) ===
2026-04-04 11:27:34,855 -   [Inner 214.1] cost=701.00 no_imp=0/20 (còn 674s)
2026-04-04 11:27:34,979 -   [Inner 214.2] cost=701.00 no_imp=1/20 (còn 674s)
2026-04-04 11:27:35,104 -   [Inner 214.3] cost=701.00 no_imp=2/20 (còn 674s)
2026-04-04 11:27:35,227 -   [Inner 214.4] cost=701.00 no_imp=3/20 (còn 673s)
2026-04-04 11:27:35,349 -   [Inner 214.5] cost=701.00 no_imp=4/20 (còn 673s)
2026-04-04 11:27:35,471 -   [Inner 214.6] cost=701.00 no_imp=5/20 (còn 673s)
2026-04-04 11:27:35,597 -   [Inner 214.7] cost=701.00 no_imp=6/20 (còn 673s)
2026-04-04 11:27:35,720 -   [Inner 214.8] cost=701.00 no_imp=7/20 (còn 673s)
2026-04-04 11:27:35,845 -   [Inner 214.9] cost=701.00 no_imp=8/20 (còn 673s)
2026-04-04 11:27:35,971 -   [Inner 214.10] cost=701.00 no_imp=9/20 (còn 673s)
2026-04-04 11:27:36,097 -   [Inner 214.11] cost=701.00 no_imp=10/20 (còn 673s)
2026-04-04 11:27:36,220 -   [Inner 214.12] cost=701.00 no_imp=11/20 (còn 672s)
2026-04-04 11:27:36,343 -   [Inner 214.13] cost=701.00 no_imp=12/20 (còn 672s)
2026-04-04 11:27:36,467 -   [Inner 214.14] cost=701.00 no_imp=13/20 (còn 672s)
2026-04-04 11:27:36,589 -   [Inner 214.15] cost=701.00 no_imp=14/20 (còn 672s)
2026-04-04 11:27:36,711 -   [Inner 214.16] cost=701.00 no_imp=15/20 (còn 672s)
2026-04-04 11:27:36,834 -   [Inner 214.17] cost=701.00 no_imp=16/20 (còn 672s)
2026-04-04 11:27:36,959 -   [Inner 214.18] cost=701.00 no_imp=17/20 (còn 672s)
2026-04-04 11:27:37,087 -   [Inner 214.19] cost=701.00 no_imp=18/20 (còn 672s)
2026-04-04 11:27:37,209 -   [Inner 214.20] cost=701.00 no_imp=19/20 (còn 671s)
2026-04-04 11:27:37,331 -   [Outer 214] Chạy Pairwise MaxSAT...
2026-04-04 11:27:37,332 -   [Outer] Pairwise không cải thiện cặp nào, quay lại inner.
2026-04-04 11:27:37,332 - === OUTER 215 | cost=701.00 (còn 671s) ===
2026-04-04 11:27:37,332 -   [Inner 215.1] cost=701.00 no_imp=0/20 (còn 671s)
2026-04-04 11:27:37,454 -   [Inner 215.2] cost=701.00 no_imp=1/20 (còn 671s)
2026-04-04 11:27:37,577 -   [Inner 215.3] cost=701.00 no_imp=2/20 (còn 671s)
2026-04-04 11:27:37,700 -   [Inner 215.4] cost=701.00 no_imp=3/20 (còn 671s)
2026-04-04 11:27:37,823 -   [Inner 215.5] cost=701.00 no_imp=4/20 (còn 671s)
2026-04-04 11:27:37,945 -   [Inner 215.6] cost=701.00 no_imp=5/20 (còn 671s)
2026-04-04 11:27:38,071 -   [Inner 215.7] cost=701.00 no_imp=6/20 (còn 671s)
2026-04-04 11:27:38,197 -   [Inner 215.8] cost=701.00 no_imp=7/20 (còn 670s)
2026-04-04 11:27:38,319 -   [Inner 215.9] cost=701.00 no_imp=8/20 (còn 670s)
2026-04-04 11:27:38,440 -   [Inner 215.10] cost=701.00 no_imp=9/20 (còn 670s)
2026-04-04 11:27:38,565 -   [Inner 215.11] cost=701.00 no_imp=10/20 (còn 670s)
2026-04-04 11:27:38,689 -   [Inner 215.12] cost=701.00 no_imp=11/20 (còn 670s)
2026-04-04 11:27:38,813 -   [Inner 215.13] cost=701.00 no_imp=12/20 (còn 670s)
2026-04-04 11:27:38,935 -   [Inner 215.14] cost=701.00 no_imp=13/20 (còn 670s)
2026-04-04 11:27:39,060 -   [Inner 215.15] cost=701.00 no_imp=14/20 (còn 670s)
2026-04-04 11:27:39,183 -   [Inner 215.16] cost=701.00 no_imp=15/20 (còn 670s)
2026-04-04 11:27:39,306 -   [Inner 215.17] cost=701.00 no_imp=16/20 (còn 669s)
2026-04-04 11:27:39,428 -   [Inner 215.18] cost=701.00 no_imp=17/20 (còn 669s)
2026-04-04 11:27:39,550 -   [Inner 215.19] cost=701.00 no_imp=18/20 (còn 669s)
2026-04-04 11:27:39,672 -   [Inner 215.20] cost=701.00 no_imp=19/20 (còn 669s)
2026-04-04 11:27:39,795 -   [Outer 215] Chạy Pairwise MaxSAT...
2026-04-04 11:27:39,795 -   [Outer] Pairwise không cải thiện cặp nào, quay lại inner.
2026-04-04 11:27:39,795 - === OUTER 216 | cost=701.00 (còn 669s) ===
2026-04-04 11:27:39,795 -   [Inner 216.1] cost=701.00 no_imp=0/20 (còn 669s)
2026-04-04 11:27:39,918 -   [Inner 216.2] cost=701.00 no_imp=1/20 (còn 669s)
2026-04-04 11:27:40,041 -   [Inner 216.3] cost=701.00 no_imp=2/20 (còn 669s)
2026-04-04 11:27:40,164 -   [Inner 216.4] cost=701.00 no_imp=3/20 (còn 669s)
2026-04-04 11:27:40,288 -   [Inner 216.5] cost=701.00 no_imp=4/20 (còn 668s)
2026-04-04 11:27:40,410 -   [Inner 216.6] cost=701.00 no_imp=5/20 (còn 668s)
2026-04-04 11:27:40,532 -   [Inner 216.7] cost=701.00 no_imp=6/20 (còn 668s)
2026-04-04 11:27:40,655 -   [Inner 216.8] cost=701.00 no_imp=7/20 (còn 668s)
2026-04-04 11:27:40,780 -   [Inner 216.9] cost=701.00 no_imp=8/20 (còn 668s)
2026-04-04 11:27:40,903 -   [Inner 216.10] cost=701.00 no_imp=9/20 (còn 668s)
2026-04-04 11:27:41,026 -   [Inner 216.11] cost=701.00 no_imp=10/20 (còn 668s)
2026-04-04 11:27:41,152 -   [Inner 216.12] cost=701.00 no_imp=11/20 (còn 668s)
2026-04-04 11:27:41,274 -   [Inner 216.13] cost=701.00 no_imp=12/20 (còn 667s)
2026-04-04 11:27:41,395 -   [Inner 216.14] cost=701.00 no_imp=13/20 (còn 667s)
2026-04-04 11:27:41,517 -   [Inner 216.15] cost=701.00 no_imp=14/20 (còn 667s)
2026-04-04 11:27:41,640 -   [Inner 216.16] cost=701.00 no_imp=15/20 (còn 667s)
2026-04-04 11:27:41,765 -   [Inner 216.17] cost=701.00 no_imp=16/20 (còn 667s)
2026-04-04 11:27:41,887 -   [Inner 216.18] cost=701.00 no_imp=17/20 (còn 667s)
2026-04-04 11:27:42,010 -   [Inner 216.19] cost=701.00 no_imp=18/20 (còn 667s)
2026-04-04 11:27:42,133 -   [Inner 216.20] cost=701.00 no_imp=19/20 (còn 667s)
2026-04-04 11:27:42,255 -   [Outer 216] Chạy Pairwise MaxSAT...
2026-04-04 11:27:42,256 -   [Outer] Pairwise không cải thiện cặp nào, quay lại inner.
2026-04-04 11:27:42,256 - === OUTER 217 | cost=701.00 (còn 666s) ===
2026-04-04 11:27:42,256 -   [Inner 217.1] cost=701.00 no_imp=0/20 (còn 666s)
2026-04-04 11:27:42,377 -   [Inner 217.2] cost=701.00 no_imp=1/20 (còn 666s)
2026-04-04 11:27:42,500 -   [Inner 217.3] cost=701.00 no_imp=2/20 (còn 666s)
2026-04-04 11:27:42,622 -   [Inner 217.4] cost=701.00 no_imp=3/20 (còn 666s)
2026-04-04 11:27:42,746 -   [Inner 217.5] cost=701.00 no_imp=4/20 (còn 666s)
2026-04-04 11:27:42,869 -   [Inner 217.6] cost=701.00 no_imp=5/20 (còn 666s)
2026-04-04 11:27:42,993 -   [Inner 217.7] cost=701.00 no_imp=6/20 (còn 666s)
2026-04-04 11:27:43,120 -   [Inner 217.8] cost=701.00 no_imp=7/20 (còn 666s)
2026-04-04 11:27:43,243 -   [Inner 217.9] cost=701.00 no_imp=8/20 (còn 665s)
2026-04-04 11:27:43,363 -   [Inner 217.10] cost=701.00 no_imp=9/20 (còn 665s)
2026-04-04 11:27:43,487 -   [Inner 217.11] cost=701.00 no_imp=10/20 (còn 665s)
2026-04-04 11:27:43,609 -   [Inner 217.12] cost=701.00 no_imp=11/20 (còn 665s)
2026-04-04 11:27:43,731 -   [Inner 217.13] cost=701.00 no_imp=12/20 (còn 665s)
2026-04-04 11:27:43,853 -   [Inner 217.14] cost=701.00 no_imp=13/20 (còn 665s)
2026-04-04 11:27:43,977 -   [Inner 217.15] cost=701.00 no_imp=14/20 (còn 665s)
2026-04-04 11:27:44,101 -   [Inner 217.16] cost=701.00 no_imp=15/20 (còn 665s)
2026-04-04 11:27:44,224 -   [Inner 217.17] cost=701.00 no_imp=16/20 (còn 664s)
2026-04-04 11:27:44,346 -   [Inner 217.18] cost=701.00 no_imp=17/20 (còn 664s)
2026-04-04 11:27:44,468 -   [Inner 217.19] cost=701.00 no_imp=18/20 (còn 664s)
2026-04-04 11:27:44,590 -   [Inner 217.20] cost=701.00 no_imp=19/20 (còn 664s)
2026-04-04 11:27:44,713 -   [Outer 217] Chạy Pairwise MaxSAT...
2026-04-04 11:27:44,714 -   [Outer] Pairwise không cải thiện cặp nào, quay lại inner.
2026-04-04 11:27:44,714 - === OUTER 218 | cost=701.00 (còn 664s) ===
2026-04-04 11:27:44,714 -   [Inner 218.1] cost=701.00 no_imp=0/20 (còn 664s)
2026-04-04 11:27:44,835 -   [Inner 218.2] cost=701.00 no_imp=1/20 (còn 664s)
2026-04-04 11:27:44,958 -   [Inner 218.3] cost=701.00 no_imp=2/20 (còn 664s)
2026-04-04 11:27:45,082 -   [Inner 218.4] cost=701.00 no_imp=3/20 (còn 664s)
2026-04-04 11:27:45,208 -   [Inner 218.5] cost=701.00 no_imp=4/20 (còn 663s)
2026-04-04 11:27:45,331 -   [Inner 218.6] cost=701.00 no_imp=5/20 (còn 663s)
2026-04-04 11:27:45,453 -   [Inner 218.7] cost=701.00 no_imp=6/20 (còn 663s)
2026-04-04 11:27:45,576 -   [Inner 218.8] cost=701.00 no_imp=7/20 (còn 663s)
2026-04-04 11:27:45,698 -   [Inner 218.9] cost=701.00 no_imp=8/20 (còn 663s)
2026-04-04 11:27:45,821 -   [Inner 218.10] cost=701.00 no_imp=9/20 (còn 663s)
2026-04-04 11:27:45,945 -   [Inner 218.11] cost=701.00 no_imp=10/20 (còn 663s)
2026-04-04 11:27:46,068 -   [Inner 218.12] cost=701.00 no_imp=11/20 (còn 663s)
2026-04-04 11:27:46,191 -   [Inner 218.13] cost=701.00 no_imp=12/20 (còn 662s)
2026-04-04 11:27:46,313 -   [Inner 218.14] cost=701.00 no_imp=13/20 (còn 662s)
2026-04-04 11:27:46,434 -   [Inner 218.15] cost=701.00 no_imp=14/20 (còn 662s)
2026-04-04 11:27:46,557 -   [Inner 218.16] cost=701.00 no_imp=15/20 (còn 662s)
2026-04-04 11:27:46,679 -   [Inner 218.17] cost=701.00 no_imp=16/20 (còn 662s)
2026-04-04 11:27:46,801 -   [Inner 218.18] cost=701.00 no_imp=17/20 (còn 662s)
2026-04-04 11:27:46,923 -   [Inner 218.19] cost=701.00 no_imp=18/20 (còn 662s)
2026-04-04 11:27:47,047 -   [Inner 218.20] cost=701.00 no_imp=19/20 (còn 662s)
2026-04-04 11:27:47,173 -   [Outer 218] Chạy Pairwise MaxSAT...
2026-04-04 11:27:47,173 -   [Outer] Pairwise không cải thiện cặp nào, quay lại inner.
2026-04-04 11:27:47,173 - === OUTER 219 | cost=701.00 (còn 662s) ===
2026-04-04 11:27:47,173 -   [Inner 219.1] cost=701.00 no_imp=0/20 (còn 662s)
2026-04-04 11:27:47,296 -   [Inner 219.2] cost=701.00 no_imp=1/20 (còn 661s)
2026-04-04 11:27:47,418 -   [Inner 219.3] cost=701.00 no_imp=2/20 (còn 661s)
2026-04-04 11:27:47,540 -   [Inner 219.4] cost=701.00 no_imp=3/20 (còn 661s)
2026-04-04 11:27:47,664 -   [Inner 219.5] cost=701.00 no_imp=4/20 (còn 661s)
2026-04-04 11:27:47,788 -   [Inner 219.6] cost=701.00 no_imp=5/20 (còn 661s)
2026-04-04 11:27:47,912 -   [Inner 219.7] cost=701.00 no_imp=6/20 (còn 661s)
2026-04-04 11:27:48,036 -   [Inner 219.8] cost=701.00 no_imp=7/20 (còn 661s)
2026-04-04 11:27:48,158 -   [Inner 219.9] cost=701.00 no_imp=8/20 (còn 661s)
2026-04-04 11:27:48,282 -   [Inner 219.10] cost=701.00 no_imp=9/20 (còn 660s)
2026-04-04 11:27:48,402 -   [Inner 219.11] cost=701.00 no_imp=10/20 (còn 660s)
2026-04-04 11:27:48,525 -   [Inner 219.12] cost=701.00 no_imp=11/20 (còn 660s)
2026-04-04 11:27:48,648 -   [Inner 219.13] cost=701.00 no_imp=12/20 (còn 660s)
2026-04-04 11:27:48,771 -   [Inner 219.14] cost=701.00 no_imp=13/20 (còn 660s)
2026-04-04 11:27:48,894 -   [Inner 219.15] cost=701.00 no_imp=14/20 (còn 660s)
2026-04-04 11:27:49,017 -   [Inner 219.16] cost=701.00 no_imp=15/20 (còn 660s)
2026-04-04 11:27:49,140 -   [Inner 219.17] cost=701.00 no_imp=16/20 (còn 660s)
2026-04-04 11:27:49,265 -   [Inner 219.18] cost=701.00 no_imp=17/20 (còn 659s)
2026-04-04 11:27:49,389 -   [Inner 219.19] cost=701.00 no_imp=18/20 (còn 659s)
2026-04-04 11:27:49,512 -   [Inner 219.20] cost=701.00 no_imp=19/20 (còn 659s)
2026-04-04 11:27:49,634 -   [Outer 219] Chạy Pairwise MaxSAT...
2026-04-04 11:27:49,634 -   [Outer] Pairwise không cải thiện cặp nào, quay lại inner.
2026-04-04 11:27:49,634 - === OUTER 220 | cost=701.00 (còn 659s) ===
2026-04-04 11:27:49,634 -   [Inner 220.1] cost=701.00 no_imp=0/20 (còn 659s)
2026-04-04 11:27:49,756 -   [Inner 220.2] cost=701.00 no_imp=1/20 (còn 659s)
2026-04-04 11:27:49,879 -   [Inner 220.3] cost=701.00 no_imp=2/20 (còn 659s)
2026-04-04 11:27:50,001 -   [Inner 220.4] cost=701.00 no_imp=3/20 (còn 659s)
2026-04-04 11:27:50,125 -   [Inner 220.5] cost=701.00 no_imp=4/20 (còn 659s)
2026-04-04 11:27:50,249 -   [Inner 220.6] cost=701.00 no_imp=5/20 (còn 658s)
2026-04-04 11:27:50,369 -   [Inner 220.7] cost=701.00 no_imp=6/20 (còn 658s)
2026-04-04 11:27:50,491 -   [Inner 220.8] cost=701.00 no_imp=7/20 (còn 658s)
2026-04-04 11:27:50,615 -   [Inner 220.9] cost=701.00 no_imp=8/20 (còn 658s)
2026-04-04 11:27:50,738 -   [Inner 220.10] cost=701.00 no_imp=9/20 (còn 658s)
2026-04-04 11:27:50,861 -   [Inner 220.11] cost=701.00 no_imp=10/20 (còn 658s)
2026-04-04 11:27:50,983 -   [Inner 220.12] cost=701.00 no_imp=11/20 (còn 658s)
2026-04-04 11:27:51,106 -   [Inner 220.13] cost=701.00 no_imp=12/20 (còn 658s)
2026-04-04 11:27:51,232 -   [Inner 220.14] cost=701.00 no_imp=13/20 (còn 657s)
2026-04-04 11:27:51,355 -   [Inner 220.15] cost=701.00 no_imp=14/20 (còn 657s)
2026-04-04 11:27:51,477 -   [Inner 220.16] cost=701.00 no_imp=15/20 (còn 657s)
2026-04-04 11:27:51,600 -   [Inner 220.17] cost=701.00 no_imp=16/20 (còn 657s)
2026-04-04 11:27:51,722 -   [Inner 220.18] cost=701.00 no_imp=17/20 (còn 657s)
2026-04-04 11:27:51,844 -   [Inner 220.19] cost=701.00 no_imp=18/20 (còn 657s)
2026-04-04 11:27:51,967 -   [Inner 220.20] cost=701.00 no_imp=19/20 (còn 657s)
2026-04-04 11:27:52,091 -   [Outer 220] Chạy Pairwise MaxSAT...
2026-04-04 11:27:52,091 -   [Outer] Pairwise không cải thiện cặp nào, quay lại inner.
2026-04-04 11:27:52,091 - === OUTER 221 | cost=701.00 (còn 657s) ===
2026-04-04 11:27:52,091 -   [Inner 221.1] cost=701.00 no_imp=0/20 (còn 657s)
2026-04-04 11:27:52,212 -   [Inner 221.2] cost=701.00 no_imp=1/20 (còn 656s)
2026-04-04 11:27:52,336 -   [Inner 221.3] cost=701.00 no_imp=2/20 (còn 656s)
2026-04-04 11:27:52,458 -   [Inner 221.4] cost=701.00 no_imp=3/20 (còn 656s)
2026-04-04 11:27:52,581 -   [Inner 221.5] cost=701.00 no_imp=4/20 (còn 656s)
2026-04-04 11:27:52,702 -   [Inner 221.6] cost=701.00 no_imp=5/20 (còn 656s)
2026-04-04 11:27:52,825 -   [Inner 221.7] cost=701.00 no_imp=6/20 (còn 656s)
2026-04-04 11:27:52,945 -   [Inner 221.8] cost=701.00 no_imp=7/20 (còn 656s)
2026-04-04 11:27:53,067 -   [Inner 221.9] cost=701.00 no_imp=8/20 (còn 656s)
2026-04-04 11:27:53,190 -   [Inner 221.10] cost=701.00 no_imp=9/20 (còn 655s)
2026-04-04 11:27:53,315 -   [Inner 221.11] cost=701.00 no_imp=10/20 (còn 655s)
2026-04-04 11:27:53,436 -   [Inner 221.12] cost=701.00 no_imp=11/20 (còn 655s)
2026-04-04 11:27:53,559 -   [Inner 221.13] cost=701.00 no_imp=12/20 (còn 655s)
2026-04-04 11:27:53,718 -   [Inner 221.14] cost=701.00 no_imp=13/20 (còn 655s)
2026-04-04 11:27:53,839 -   [Inner 221.15] cost=701.00 no_imp=14/20 (còn 655s)
2026-04-04 11:27:53,961 -   [Inner 221.16] cost=701.00 no_imp=15/20 (còn 655s)
2026-04-04 11:27:54,083 -   [Inner 221.17] cost=701.00 no_imp=16/20 (còn 655s)
2026-04-04 11:27:54,204 -   [Inner 221.18] cost=701.00 no_imp=17/20 (còn 654s)
2026-04-04 11:27:54,328 -   [Inner 221.19] cost=701.00 no_imp=18/20 (còn 654s)
2026-04-04 11:27:54,450 -   [Inner 221.20] cost=701.00 no_imp=19/20 (còn 654s)
2026-04-04 11:27:54,573 -   [Outer 221] Chạy Pairwise MaxSAT...
2026-04-04 11:27:54,573 -   [Outer] Pairwise không cải thiện cặp nào, quay lại inner.
2026-04-04 11:27:54,573 - === OUTER 222 | cost=701.00 (còn 654s) ===
2026-04-04 11:27:54,573 -   [Inner 222.1] cost=701.00 no_imp=0/20 (còn 654s)
2026-04-04 11:27:54,694 -   [Inner 222.2] cost=701.00 no_imp=1/20 (còn 654s)
2026-04-04 11:27:54,816 -   [Inner 222.3] cost=701.00 no_imp=2/20 (còn 654s)
2026-04-04 11:27:54,939 -   [Inner 222.4] cost=701.00 no_imp=3/20 (còn 654s)
2026-04-04 11:27:55,062 -   [Inner 222.5] cost=701.00 no_imp=4/20 (còn 654s)
2026-04-04 11:27:55,185 -   [Inner 222.6] cost=701.00 no_imp=5/20 (còn 654s)
2026-04-04 11:27:55,311 -   [Inner 222.7] cost=701.00 no_imp=6/20 (còn 653s)
2026-04-04 11:27:55,434 -   [Inner 222.8] cost=701.00 no_imp=7/20 (còn 653s)
2026-04-04 11:27:55,557 -   [Inner 222.9] cost=701.00 no_imp=8/20 (còn 653s)
2026-04-04 11:27:55,680 -   [Inner 222.10] cost=701.00 no_imp=9/20 (còn 653s)
2026-04-04 11:27:55,801 -   [Inner 222.11] cost=701.00 no_imp=10/20 (còn 653s)
2026-04-04 11:27:55,923 -   [Inner 222.12] cost=701.00 no_imp=11/20 (còn 653s)
2026-04-04 11:27:56,045 -   [Inner 222.13] cost=701.00 no_imp=12/20 (còn 653s)
2026-04-04 11:27:56,169 -   [Inner 222.14] cost=701.00 no_imp=13/20 (còn 653s)
2026-04-04 11:27:56,292 -   [Inner 222.15] cost=701.00 no_imp=14/20 (còn 652s)
2026-04-04 11:27:56,415 -   [Inner 222.16] cost=701.00 no_imp=15/20 (còn 652s)
2026-04-04 11:27:56,537 -   [Inner 222.17] cost=701.00 no_imp=16/20 (còn 652s)
2026-04-04 11:27:56,659 -   [Inner 222.18] cost=701.00 no_imp=17/20 (còn 652s)
2026-04-04 11:27:56,782 -   [Inner 222.19] cost=701.00 no_imp=18/20 (còn 652s)
2026-04-04 11:27:56,904 -   [Inner 222.20] cost=701.00 no_imp=19/20 (còn 652s)
2026-04-04 11:27:57,028 -   [Outer 222] Chạy Pairwise MaxSAT...
2026-04-04 11:27:57,029 -   [Outer] Pairwise không cải thiện cặp nào, quay lại inner.
2026-04-04 11:27:57,029 - === OUTER 223 | cost=701.00 (còn 652s) ===
2026-04-04 11:27:57,029 -   [Inner 223.1] cost=701.00 no_imp=0/20 (còn 652s)
2026-04-04 11:27:57,154 -   [Inner 223.2] cost=701.00 no_imp=1/20 (còn 652s)
2026-04-04 11:27:57,282 -   [Inner 223.3] cost=701.00 no_imp=2/20 (còn 651s)
2026-04-04 11:27:57,405 -   [Inner 223.4] cost=701.00 no_imp=3/20 (còn 651s)
2026-04-04 11:27:57,527 -   [Inner 223.5] cost=701.00 no_imp=4/20 (còn 651s)
2026-04-04 11:27:57,649 -   [Inner 223.6] cost=701.00 no_imp=5/20 (còn 651s)
2026-04-04 11:27:57,772 -   [Inner 223.7] cost=701.00 no_imp=6/20 (còn 651s)
2026-04-04 11:27:57,896 -   [Inner 223.8] cost=701.00 no_imp=7/20 (còn 651s)
2026-04-04 11:27:58,018 -   [Inner 223.9] cost=701.00 no_imp=8/20 (còn 651s)
2026-04-04 11:27:58,141 -   [Inner 223.10] cost=701.00 no_imp=9/20 (còn 651s)
2026-04-04 11:27:58,264 -   [Inner 223.11] cost=701.00 no_imp=10/20 (còn 650s)
2026-04-04 11:27:58,388 -   [Inner 223.12] cost=701.00 no_imp=11/20 (còn 650s)
2026-04-04 11:27:58,510 -   [Inner 223.13] cost=701.00 no_imp=12/20 (còn 650s)
2026-04-04 11:27:58,633 -   [Inner 223.14] cost=701.00 no_imp=13/20 (còn 650s)
2026-04-04 11:27:58,756 -   [Inner 223.15] cost=701.00 no_imp=14/20 (còn 650s)
2026-04-04 11:27:58,878 -   [Inner 223.16] cost=701.00 no_imp=15/20 (còn 650s)
2026-04-04 11:27:59,001 -   [Inner 223.17] cost=701.00 no_imp=16/20 (còn 650s)
2026-04-04 11:27:59,125 -   [Inner 223.18] cost=701.00 no_imp=17/20 (còn 650s)
2026-04-04 11:27:59,249 -   [Inner 223.19] cost=701.00 no_imp=18/20 (còn 649s)
2026-04-04 11:27:59,374 -   [Inner 223.20] cost=701.00 no_imp=19/20 (còn 649s)
2026-04-04 11:27:59,494 -   [Outer 223] Chạy Pairwise MaxSAT...
2026-04-04 11:27:59,495 -   [Outer] Pairwise không cải thiện cặp nào, quay lại inner.
2026-04-04 11:27:59,495 - === OUTER 224 | cost=701.00 (còn 649s) ===
2026-04-04 11:27:59,495 -   [Inner 224.1] cost=701.00 no_imp=0/20 (còn 649s)
2026-04-04 11:27:59,617 -   [Inner 224.2] cost=701.00 no_imp=1/20 (còn 649s)
2026-04-04 11:27:59,741 -   [Inner 224.3] cost=701.00 no_imp=2/20 (còn 649s)
2026-04-04 11:27:59,864 -   [Inner 224.4] cost=701.00 no_imp=3/20 (còn 649s)
2026-04-04 11:27:59,986 -   [Inner 224.5] cost=701.00 no_imp=4/20 (còn 649s)
2026-04-04 11:28:00,110 -   [Inner 224.6] cost=701.00 no_imp=5/20 (còn 649s)
2026-04-04 11:28:00,235 -   [Inner 224.7] cost=701.00 no_imp=6/20 (còn 648s)
2026-04-04 11:28:00,365 -   [Inner 224.8] cost=701.00 no_imp=7/20 (còn 648s)
2026-04-04 11:28:00,499 -   [Inner 224.9] cost=701.00 no_imp=8/20 (còn 648s)
2026-04-04 11:28:00,624 -   [Inner 224.10] cost=701.00 no_imp=9/20 (còn 648s)
2026-04-04 11:28:00,748 -   [Inner 224.11] cost=701.00 no_imp=10/20 (còn 648s)
2026-04-04 11:28:00,870 -   [Inner 224.12] cost=701.00 no_imp=11/20 (còn 648s)
2026-04-04 11:28:00,992 -   [Inner 224.13] cost=701.00 no_imp=12/20 (còn 648s)
2026-04-04 11:28:01,115 -   [Inner 224.14] cost=701.00 no_imp=13/20 (còn 648s)
2026-04-04 11:28:01,239 -   [Inner 224.15] cost=701.00 no_imp=14/20 (còn 647s)
2026-04-04 11:28:01,363 -   [Inner 224.16] cost=701.00 no_imp=15/20 (còn 647s)
2026-04-04 11:28:01,485 -   [Inner 224.17] cost=701.00 no_imp=16/20 (còn 647s)
2026-04-04 11:28:01,607 -   [Inner 224.18] cost=701.00 no_imp=17/20 (còn 647s)
2026-04-04 11:28:01,730 -   [Inner 224.19] cost=701.00 no_imp=18/20 (còn 647s)
2026-04-04 11:28:01,852 -   [Inner 224.20] cost=701.00 no_imp=19/20 (còn 647s)
2026-04-04 11:28:01,974 -   [Outer 224] Chạy Pairwise MaxSAT...
2026-04-04 11:28:01,974 -   [Outer] Pairwise không cải thiện cặp nào, quay lại inner.
2026-04-04 11:28:01,974 - === OUTER 225 | cost=701.00 (còn 647s) ===
2026-04-04 11:28:01,974 -   [Inner 225.1] cost=701.00 no_imp=0/20 (còn 647s)
2026-04-04 11:28:02,100 -   [Inner 225.2] cost=701.00 no_imp=1/20 (còn 647s)
2026-04-04 11:28:02,223 -   [Inner 225.3] cost=701.00 no_imp=2/20 (còn 646s)
2026-04-04 11:28:02,347 -   [Inner 225.4] cost=701.00 no_imp=3/20 (còn 646s)
2026-04-04 11:28:02,468 -   [Inner 225.5] cost=701.00 no_imp=4/20 (còn 646s)
2026-04-04 11:28:02,590 -   [Inner 225.6] cost=701.00 no_imp=5/20 (còn 646s)
2026-04-04 11:28:02,712 -   [Inner 225.7] cost=701.00 no_imp=6/20 (còn 646s)
2026-04-04 11:28:02,836 -   [Inner 225.8] cost=701.00 no_imp=7/20 (còn 646s)
2026-04-04 11:28:02,958 -   [Inner 225.9] cost=701.00 no_imp=8/20 (còn 646s)
2026-04-04 11:28:03,080 -   [Inner 225.10] cost=701.00 no_imp=9/20 (còn 646s)
2026-04-04 11:28:03,201 -   [Inner 225.11] cost=701.00 no_imp=10/20 (còn 645s)
2026-04-04 11:28:03,324 -   [Inner 225.12] cost=701.00 no_imp=11/20 (còn 645s)
2026-04-04 11:28:03,449 -   [Inner 225.13] cost=701.00 no_imp=12/20 (còn 645s)
2026-04-04 11:28:03,570 -   [Inner 225.14] cost=701.00 no_imp=13/20 (còn 645s)
2026-04-04 11:28:03,696 -   [Inner 225.15] cost=701.00 no_imp=14/20 (còn 645s)
2026-04-04 11:28:03,823 -   [Inner 225.16] cost=701.00 no_imp=15/20 (còn 645s)
2026-04-04 11:28:03,946 -   [Inner 225.17] cost=701.00 no_imp=16/20 (còn 645s)
2026-04-04 11:28:04,070 -   [Inner 225.18] cost=701.00 no_imp=17/20 (còn 645s)
2026-04-04 11:28:04,193 -   [Inner 225.19] cost=701.00 no_imp=18/20 (còn 644s)
2026-04-04 11:28:04,314 -   [Inner 225.20] cost=701.00 no_imp=19/20 (còn 644s)
2026-04-04 11:28:04,437 -   [Outer 225] Chạy Pairwise MaxSAT...
2026-04-04 11:28:04,437 -   [Outer] Pairwise không cải thiện cặp nào, quay lại inner.
2026-04-04 11:28:04,437 - === OUTER 226 | cost=701.00 (còn 644s) ===
2026-04-04 11:28:04,437 -   [Inner 226.1] cost=701.00 no_imp=0/20 (còn 644s)
2026-04-04 11:28:04,561 -   [Inner 226.2] cost=701.00 no_imp=1/20 (còn 644s)
2026-04-04 11:28:04,683 -   [Inner 226.3] cost=701.00 no_imp=2/20 (còn 644s)
2026-04-04 11:28:04,805 -   [Inner 226.4] cost=701.00 no_imp=3/20 (còn 644s)
2026-04-04 11:28:04,925 -   [Inner 226.5] cost=701.00 no_imp=4/20 (còn 644s)
2026-04-04 11:28:05,052 -   [Inner 226.6] cost=701.00 no_imp=5/20 (còn 644s)
2026-04-04 11:28:05,173 -   [Inner 226.7] cost=701.00 no_imp=6/20 (còn 644s)
2026-04-04 11:28:05,296 -   [Inner 226.8] cost=701.00 no_imp=7/20 (còn 643s)
2026-04-04 11:28:05,423 -   [Inner 226.9] cost=701.00 no_imp=8/20 (còn 643s)
2026-04-04 11:28:05,544 -   [Inner 226.10] cost=701.00 no_imp=9/20 (còn 643s)
2026-04-04 11:28:05,667 -   [Inner 226.11] cost=701.00 no_imp=10/20 (còn 643s)
2026-04-04 11:28:05,791 -   [Inner 226.12] cost=701.00 no_imp=11/20 (còn 643s)
2026-04-04 11:28:05,914 -   [Inner 226.13] cost=701.00 no_imp=12/20 (còn 643s)
2026-04-04 11:28:06,037 -   [Inner 226.14] cost=701.00 no_imp=13/20 (còn 643s)
2026-04-04 11:28:06,160 -   [Inner 226.15] cost=701.00 no_imp=14/20 (còn 643s)
2026-04-04 11:28:06,282 -   [Inner 226.16] cost=701.00 no_imp=15/20 (còn 642s)
2026-04-04 11:28:06,404 -   [Inner 226.17] cost=701.00 no_imp=16/20 (còn 642s)
2026-04-04 11:28:06,526 -   [Inner 226.18] cost=701.00 no_imp=17/20 (còn 642s)
2026-04-04 11:28:06,649 -   [Inner 226.19] cost=701.00 no_imp=18/20 (còn 642s)
2026-04-04 11:28:06,771 -   [Inner 226.20] cost=701.00 no_imp=19/20 (còn 642s)
2026-04-04 11:28:06,893 -   [Outer 226] Chạy Pairwise MaxSAT...
2026-04-04 11:28:06,893 -   [Outer] Pairwise không cải thiện cặp nào, quay lại inner.
2026-04-04 11:28:06,893 - === OUTER 227 | cost=701.00 (còn 642s) ===
2026-04-04 11:28:06,893 -   [Inner 227.1] cost=701.00 no_imp=0/20 (còn 642s)
2026-04-04 11:28:07,017 -   [Inner 227.2] cost=701.00 no_imp=1/20 (còn 642s)
2026-04-04 11:28:07,139 -   [Inner 227.3] cost=701.00 no_imp=2/20 (còn 642s)
2026-04-04 11:28:07,261 -   [Inner 227.4] cost=701.00 no_imp=3/20 (còn 641s)
2026-04-04 11:28:07,385 -   [Inner 227.5] cost=701.00 no_imp=4/20 (còn 641s)
2026-04-04 11:28:07,510 -   [Inner 227.6] cost=701.00 no_imp=5/20 (còn 641s)
2026-04-04 11:28:07,634 -   [Inner 227.7] cost=701.00 no_imp=6/20 (còn 641s)
2026-04-04 11:28:07,757 -   [Inner 227.8] cost=701.00 no_imp=7/20 (còn 641s)
2026-04-04 11:28:07,879 -   [Inner 227.9] cost=701.00 no_imp=8/20 (còn 641s)
2026-04-04 11:28:08,002 -   [Inner 227.10] cost=701.00 no_imp=9/20 (còn 641s)
2026-04-04 11:28:08,124 -   [Inner 227.11] cost=701.00 no_imp=10/20 (còn 641s)
2026-04-04 11:28:08,247 -   [Inner 227.12] cost=701.00 no_imp=11/20 (còn 640s)
2026-04-04 11:28:08,370 -   [Inner 227.13] cost=701.00 no_imp=12/20 (còn 640s)
2026-04-04 11:28:08,493 -   [Inner 227.14] cost=701.00 no_imp=13/20 (còn 640s)
2026-04-04 11:28:08,614 -   [Inner 227.15] cost=701.00 no_imp=14/20 (còn 640s)
2026-04-04 11:28:08,739 -   [Inner 227.16] cost=701.00 no_imp=15/20 (còn 640s)
2026-04-04 11:28:08,860 -   [Inner 227.17] cost=701.00 no_imp=16/20 (còn 640s)
2026-04-04 11:28:08,982 -   [Inner 227.18] cost=701.00 no_imp=17/20 (còn 640s)
2026-04-04 11:28:09,105 -   [Inner 227.19] cost=701.00 no_imp=18/20 (còn 640s)
2026-04-04 11:28:09,229 -   [Inner 227.20] cost=701.00 no_imp=19/20 (còn 639s)
2026-04-04 11:28:09,354 -   [Outer 227] Chạy Pairwise MaxSAT...
2026-04-04 11:28:09,354 -   [Outer] Pairwise không cải thiện cặp nào, quay lại inner.
2026-04-04 11:28:09,354 - === OUTER 228 | cost=701.00 (còn 639s) ===
2026-04-04 11:28:09,354 -   [Inner 228.1] cost=701.00 no_imp=0/20 (còn 639s)
2026-04-04 11:28:09,479 -   [Inner 228.2] cost=701.00 no_imp=1/20 (còn 639s)
2026-04-04 11:28:09,602 -   [Inner 228.3] cost=701.00 no_imp=2/20 (còn 639s)
2026-04-04 11:28:09,723 -   [Inner 228.4] cost=701.00 no_imp=3/20 (còn 639s)
2026-04-04 11:28:09,847 -   [Inner 228.5] cost=701.00 no_imp=4/20 (còn 639s)
2026-04-04 11:28:09,969 -   [Inner 228.6] cost=701.00 no_imp=5/20 (còn 639s)
2026-04-04 11:28:10,091 -   [Inner 228.7] cost=701.00 no_imp=6/20 (còn 639s)
2026-04-04 11:28:10,211 -   [Inner 228.8] cost=701.00 no_imp=7/20 (còn 638s)
2026-04-04 11:28:10,333 -   [Inner 228.9] cost=701.00 no_imp=8/20 (còn 638s)
2026-04-04 11:28:10,456 -   [Inner 228.10] cost=701.00 no_imp=9/20 (còn 638s)
2026-04-04 11:28:10,580 -   [Inner 228.11] cost=701.00 no_imp=10/20 (còn 638s)
2026-04-04 11:28:10,703 -   [Inner 228.12] cost=701.00 no_imp=11/20 (còn 638s)
2026-04-04 11:28:10,824 -   [Inner 228.13] cost=701.00 no_imp=12/20 (còn 638s)
2026-04-04 11:28:10,947 -   [Inner 228.14] cost=701.00 no_imp=13/20 (còn 638s)
2026-04-04 11:28:11,070 -   [Inner 228.15] cost=701.00 no_imp=14/20 (còn 638s)
2026-04-04 11:28:11,192 -   [Inner 228.16] cost=701.00 no_imp=15/20 (còn 637s)
2026-04-04 11:28:11,315 -   [Inner 228.17] cost=701.00 no_imp=16/20 (còn 637s)
2026-04-04 11:28:11,437 -   [Inner 228.18] cost=701.00 no_imp=17/20 (còn 637s)
2026-04-04 11:28:11,563 -   [Inner 228.19] cost=701.00 no_imp=18/20 (còn 637s)
2026-04-04 11:28:11,686 -   [Inner 228.20] cost=701.00 no_imp=19/20 (còn 637s)
2026-04-04 11:28:11,809 -   [Outer 228] Chạy Pairwise MaxSAT...
2026-04-04 11:28:11,809 -   [Outer] Pairwise không cải thiện cặp nào, quay lại inner.
2026-04-04 11:28:11,809 - === OUTER 229 | cost=701.00 (còn 637s) ===
2026-04-04 11:28:11,809 -   [Inner 229.1] cost=701.00 no_imp=0/20 (còn 637s)
2026-04-04 11:28:11,932 -   [Inner 229.2] cost=701.00 no_imp=1/20 (còn 637s)
2026-04-04 11:28:12,056 -   [Inner 229.3] cost=701.00 no_imp=2/20 (còn 637s)
2026-04-04 11:28:12,178 -   [Inner 229.4] cost=701.00 no_imp=3/20 (còn 637s)
2026-04-04 11:28:12,303 -   [Inner 229.5] cost=701.00 no_imp=4/20 (còn 636s)
2026-04-04 11:28:12,426 -   [Inner 229.6] cost=701.00 no_imp=5/20 (còn 636s)
2026-04-04 11:28:12,546 -   [Inner 229.7] cost=701.00 no_imp=6/20 (còn 636s)
2026-04-04 11:28:12,669 -   [Inner 229.8] cost=701.00 no_imp=7/20 (còn 636s)
2026-04-04 11:28:12,791 -   [Inner 229.9] cost=701.00 no_imp=8/20 (còn 636s)
2026-04-04 11:28:12,913 -   [Inner 229.10] cost=701.00 no_imp=9/20 (còn 636s)
2026-04-04 11:28:13,037 -   [Inner 229.11] cost=701.00 no_imp=10/20 (còn 636s)
2026-04-04 11:28:13,159 -   [Inner 229.12] cost=701.00 no_imp=11/20 (còn 636s)
2026-04-04 11:28:13,283 -   [Inner 229.13] cost=701.00 no_imp=12/20 (còn 635s)
2026-04-04 11:28:13,405 -   [Inner 229.14] cost=701.00 no_imp=13/20 (còn 635s)
2026-04-04 11:28:13,529 -   [Inner 229.15] cost=701.00 no_imp=14/20 (còn 635s)
2026-04-04 11:28:13,652 -   [Inner 229.16] cost=701.00 no_imp=15/20 (còn 635s)
2026-04-04 11:28:13,776 -   [Inner 229.17] cost=701.00 no_imp=16/20 (còn 635s)
2026-04-04 11:28:13,898 -   [Inner 229.18] cost=701.00 no_imp=17/20 (còn 635s)
2026-04-04 11:28:14,021 -   [Inner 229.19] cost=701.00 no_imp=18/20 (còn 635s)
2026-04-04 11:28:14,144 -   [Inner 229.20] cost=701.00 no_imp=19/20 (còn 635s)
2026-04-04 11:28:14,266 -   [Outer 229] Chạy Pairwise MaxSAT...
2026-04-04 11:28:14,266 -   [Outer] Pairwise không cải thiện cặp nào, quay lại inner.
2026-04-04 11:28:14,266 - === OUTER 230 | cost=701.00 (còn 634s) ===
2026-04-04 11:28:14,267 -   [Inner 230.1] cost=701.00 no_imp=0/20 (còn 634s)
2026-04-04 11:28:14,397 -   [Inner 230.2] cost=701.00 no_imp=1/20 (còn 634s)
2026-04-04 11:28:14,519 -   [Inner 230.3] cost=701.00 no_imp=2/20 (còn 634s)
2026-04-04 11:28:14,642 -   [Inner 230.4] cost=701.00 no_imp=3/20 (còn 634s)
2026-04-04 11:28:14,766 -   [Inner 230.5] cost=701.00 no_imp=4/20 (còn 634s)
2026-04-04 11:28:14,887 -   [Inner 230.6] cost=701.00 no_imp=5/20 (còn 634s)
2026-04-04 11:28:15,010 -   [Inner 230.7] cost=701.00 no_imp=6/20 (còn 634s)
2026-04-04 11:28:15,132 -   [Inner 230.8] cost=701.00 no_imp=7/20 (còn 634s)
2026-04-04 11:28:15,258 -   [Inner 230.9] cost=701.00 no_imp=8/20 (còn 633s)
2026-04-04 11:28:15,381 -   [Inner 230.10] cost=701.00 no_imp=9/20 (còn 633s)
2026-04-04 11:28:15,504 -   [Inner 230.11] cost=701.00 no_imp=10/20 (còn 633s)
2026-04-04 11:28:15,630 -   [Inner 230.12] cost=701.00 no_imp=11/20 (còn 633s)
2026-04-04 11:28:15,752 -   [Inner 230.13] cost=701.00 no_imp=12/20 (còn 633s)
2026-04-04 11:28:15,875 -   [Inner 230.14] cost=701.00 no_imp=13/20 (còn 633s)
2026-04-04 11:28:15,998 -   [Inner 230.15] cost=701.00 no_imp=14/20 (còn 633s)
2026-04-04 11:28:16,120 -   [Inner 230.16] cost=701.00 no_imp=15/20 (còn 633s)
2026-04-04 11:28:16,244 -   [Inner 230.17] cost=701.00 no_imp=16/20 (còn 632s)
2026-04-04 11:28:16,367 -   [Inner 230.18] cost=701.00 no_imp=17/20 (còn 632s)
2026-04-04 11:28:16,491 -   [Inner 230.19] cost=701.00 no_imp=18/20 (còn 632s)
2026-04-04 11:28:16,613 -   [Inner 230.20] cost=701.00 no_imp=19/20 (còn 632s)
2026-04-04 11:28:16,735 -   [Outer 230] Chạy Pairwise MaxSAT...
2026-04-04 11:28:16,735 -   [Outer] Pairwise không cải thiện cặp nào, quay lại inner.
2026-04-04 11:28:16,736 - === OUTER 231 | cost=701.00 (còn 632s) ===
2026-04-04 11:28:16,736 -   [Inner 231.1] cost=701.00 no_imp=0/20 (còn 632s)
2026-04-04 11:28:16,857 -   [Inner 231.2] cost=701.00 no_imp=1/20 (còn 632s)
2026-04-04 11:28:16,979 -   [Inner 231.3] cost=701.00 no_imp=2/20 (còn 632s)
2026-04-04 11:28:17,103 -   [Inner 231.4] cost=701.00 no_imp=3/20 (còn 632s)
2026-04-04 11:28:17,228 -   [Inner 231.5] cost=701.00 no_imp=4/20 (còn 631s)
2026-04-04 11:28:17,351 -   [Inner 231.6] cost=701.00 no_imp=5/20 (còn 631s)
2026-04-04 11:28:17,473 -   [Inner 231.7] cost=701.00 no_imp=6/20 (còn 631s)
2026-04-04 11:28:17,598 -   [Inner 231.8] cost=701.00 no_imp=7/20 (còn 631s)
2026-04-04 11:28:17,722 -   [Inner 231.9] cost=701.00 no_imp=8/20 (còn 631s)
2026-04-04 11:28:17,844 -   [Inner 231.10] cost=701.00 no_imp=9/20 (còn 631s)
2026-04-04 11:28:17,967 -   [Inner 231.11] cost=701.00 no_imp=10/20 (còn 631s)
2026-04-04 11:28:18,090 -   [Inner 231.12] cost=701.00 no_imp=11/20 (còn 631s)
2026-04-04 11:28:18,213 -   [Inner 231.13] cost=701.00 no_imp=12/20 (còn 630s)
2026-04-04 11:28:18,336 -   [Inner 231.14] cost=701.00 no_imp=13/20 (còn 630s)
2026-04-04 11:28:18,458 -   [Inner 231.15] cost=701.00 no_imp=14/20 (còn 630s)
2026-04-04 11:28:18,583 -   [Inner 231.16] cost=701.00 no_imp=15/20 (còn 630s)
2026-04-04 11:28:18,704 -   [Inner 231.17] cost=701.00 no_imp=16/20 (còn 630s)
2026-04-04 11:28:18,828 -   [Inner 231.18] cost=701.00 no_imp=17/20 (còn 630s)
2026-04-04 11:28:18,990 -   [Inner 231.19] cost=701.00 no_imp=18/20 (còn 630s)
2026-04-04 11:28:19,112 -   [Inner 231.20] cost=701.00 no_imp=19/20 (còn 630s)
2026-04-04 11:28:19,236 -   [Outer 231] Chạy Pairwise MaxSAT...
2026-04-04 11:28:19,236 -   [Outer] Pairwise không cải thiện cặp nào, quay lại inner.
2026-04-04 11:28:19,237 - === OUTER 232 | cost=701.00 (còn 629s) ===
2026-04-04 11:28:19,237 -   [Inner 232.1] cost=701.00 no_imp=0/20 (còn 629s)
2026-04-04 11:28:19,358 -   [Inner 232.2] cost=701.00 no_imp=1/20 (còn 629s)
2026-04-04 11:28:19,481 -   [Inner 232.3] cost=701.00 no_imp=2/20 (còn 629s)
2026-04-04 11:28:19,607 -   [Inner 232.4] cost=701.00 no_imp=3/20 (còn 629s)
2026-04-04 11:28:19,731 -   [Inner 232.5] cost=701.00 no_imp=4/20 (còn 629s)
2026-04-04 11:28:19,854 -   [Inner 232.6] cost=701.00 no_imp=5/20 (còn 629s)
2026-04-04 11:28:19,975 -   [Inner 232.7] cost=701.00 no_imp=6/20 (còn 629s)
2026-04-04 11:28:20,102 -   [Inner 232.8] cost=701.00 no_imp=7/20 (còn 629s)
2026-04-04 11:28:20,227 -   [Inner 232.9] cost=701.00 no_imp=8/20 (còn 628s)
2026-04-04 11:28:20,350 -   [Inner 232.10] cost=701.00 no_imp=9/20 (còn 628s)
2026-04-04 11:28:20,472 -   [Inner 232.11] cost=701.00 no_imp=10/20 (còn 628s)
2026-04-04 11:28:20,595 -   [Inner 232.12] cost=701.00 no_imp=11/20 (còn 628s)
2026-04-04 11:28:20,719 -   [Inner 232.13] cost=701.00 no_imp=12/20 (còn 628s)
2026-04-04 11:28:20,841 -   [Inner 232.14] cost=701.00 no_imp=13/20 (còn 628s)
2026-04-04 11:28:20,963 -   [Inner 232.15] cost=701.00 no_imp=14/20 (còn 628s)
2026-04-04 11:28:21,084 -   [Inner 232.16] cost=701.00 no_imp=15/20 (còn 628s)
2026-04-04 11:28:21,206 -   [Inner 232.17] cost=701.00 no_imp=16/20 (còn 627s)
2026-04-04 11:28:21,330 -   [Inner 232.18] cost=701.00 no_imp=17/20 (còn 627s)
2026-04-04 11:28:21,450 -   [Inner 232.19] cost=701.00 no_imp=18/20 (còn 627s)
2026-04-04 11:28:21,577 -   [Inner 232.20] cost=701.00 no_imp=19/20 (còn 627s)
2026-04-04 11:28:21,710 -   [Outer 232] Chạy Pairwise MaxSAT...
2026-04-04 11:28:21,710 -   [Outer] Pairwise không cải thiện cặp nào, quay lại inner.
2026-04-04 11:28:21,710 - === OUTER 233 | cost=701.00 (còn 627s) ===
2026-04-04 11:28:21,710 -   [Inner 233.1] cost=701.00 no_imp=0/20 (còn 627s)
2026-04-04 11:28:21,835 -   [Inner 233.2] cost=701.00 no_imp=1/20 (còn 627s)
2026-04-04 11:28:21,957 -   [Inner 233.3] cost=701.00 no_imp=2/20 (còn 627s)
2026-04-04 11:28:22,082 -   [Inner 233.4] cost=701.00 no_imp=3/20 (còn 627s)
2026-04-04 11:28:22,204 -   [Inner 233.5] cost=701.00 no_imp=4/20 (còn 626s)
2026-04-04 11:28:22,327 -   [Inner 233.6] cost=701.00 no_imp=5/20 (còn 626s)
2026-04-04 11:28:22,448 -   [Inner 233.7] cost=701.00 no_imp=6/20 (còn 626s)
2026-04-04 11:28:22,571 -   [Inner 233.8] cost=701.00 no_imp=7/20 (còn 626s)
2026-04-04 11:28:22,691 -   [Inner 233.9] cost=701.00 no_imp=8/20 (còn 626s)
2026-04-04 11:28:22,814 -   [Inner 233.10] cost=701.00 no_imp=9/20 (còn 626s)
2026-04-04 11:28:22,935 -   [Inner 233.11] cost=701.00 no_imp=10/20 (còn 626s)
2026-04-04 11:28:23,058 -   [Inner 233.12] cost=701.00 no_imp=11/20 (còn 626s)
2026-04-04 11:28:23,180 -   [Inner 233.13] cost=701.00 no_imp=12/20 (còn 626s)
2026-04-04 11:28:23,302 -   [Inner 233.14] cost=701.00 no_imp=13/20 (còn 625s)
2026-04-04 11:28:23,425 -   [Inner 233.15] cost=701.00 no_imp=14/20 (còn 625s)
2026-04-04 11:28:23,548 -   [Inner 233.16] cost=701.00 no_imp=15/20 (còn 625s)
2026-04-04 11:28:23,674 -   [Inner 233.17] cost=701.00 no_imp=16/20 (còn 625s)
2026-04-04 11:28:23,796 -   [Inner 233.18] cost=701.00 no_imp=17/20 (còn 625s)
2026-04-04 11:28:23,919 -   [Inner 233.19] cost=701.00 no_imp=18/20 (còn 625s)
2026-04-04 11:28:24,043 -   [Inner 233.20] cost=701.00 no_imp=19/20 (còn 625s)
2026-04-04 11:28:24,165 -   [Outer 233] Chạy Pairwise MaxSAT...
2026-04-04 11:28:24,166 -   [Outer] Pairwise không cải thiện cặp nào, quay lại inner.
2026-04-04 11:28:24,166 - === OUTER 234 | cost=701.00 (còn 625s) ===
2026-04-04 11:28:24,166 -   [Inner 234.1] cost=701.00 no_imp=0/20 (còn 625s)
2026-04-04 11:28:24,291 -   [Inner 234.2] cost=701.00 no_imp=1/20 (còn 624s)
2026-04-04 11:28:24,412 -   [Inner 234.3] cost=701.00 no_imp=2/20 (còn 624s)
2026-04-04 11:28:24,535 -   [Inner 234.4] cost=701.00 no_imp=3/20 (còn 624s)
2026-04-04 11:28:24,656 -   [Inner 234.5] cost=701.00 no_imp=4/20 (còn 624s)
2026-04-04 11:28:24,780 -   [Inner 234.6] cost=701.00 no_imp=5/20 (còn 624s)
2026-04-04 11:28:24,903 -   [Inner 234.7] cost=701.00 no_imp=6/20 (còn 624s)
2026-04-04 11:28:25,025 -   [Inner 234.8] cost=701.00 no_imp=7/20 (còn 624s)
2026-04-04 11:28:25,148 -   [Inner 234.9] cost=701.00 no_imp=8/20 (còn 624s)
2026-04-04 11:28:25,271 -   [Inner 234.10] cost=701.00 no_imp=9/20 (còn 623s)
2026-04-04 11:28:25,393 -   [Inner 234.11] cost=701.00 no_imp=10/20 (còn 623s)
2026-04-04 11:28:25,516 -   [Inner 234.12] cost=701.00 no_imp=11/20 (còn 623s)
2026-04-04 11:28:25,638 -   [Inner 234.13] cost=701.00 no_imp=12/20 (còn 623s)
2026-04-04 11:28:25,764 -   [Inner 234.14] cost=701.00 no_imp=13/20 (còn 623s)
2026-04-04 11:28:25,886 -   [Inner 234.15] cost=701.00 no_imp=14/20 (còn 623s)
2026-04-04 11:28:26,009 -   [Inner 234.16] cost=701.00 no_imp=15/20 (còn 623s)
2026-04-04 11:28:26,132 -   [Inner 234.17] cost=701.00 no_imp=16/20 (còn 623s)
2026-04-04 11:28:26,257 -   [Inner 234.18] cost=701.00 no_imp=17/20 (còn 622s)
2026-04-04 11:28:26,378 -   [Inner 234.19] cost=701.00 no_imp=18/20 (còn 622s)
2026-04-04 11:28:26,500 -   [Inner 234.20] cost=701.00 no_imp=19/20 (còn 622s)
2026-04-04 11:28:26,622 -   [Outer 234] Chạy Pairwise MaxSAT...
2026-04-04 11:28:26,623 -   [Outer] Pairwise không cải thiện cặp nào, quay lại inner.
2026-04-04 11:28:26,623 - === OUTER 235 | cost=701.00 (còn 622s) ===
2026-04-04 11:28:26,623 -   [Inner 235.1] cost=701.00 no_imp=0/20 (còn 622s)
2026-04-04 11:28:26,749 -   [Inner 235.2] cost=701.00 no_imp=1/20 (còn 622s)
2026-04-04 11:28:26,871 -   [Inner 235.3] cost=701.00 no_imp=2/20 (còn 622s)
2026-04-04 11:28:26,992 -   [Inner 235.4] cost=701.00 no_imp=3/20 (còn 622s)
2026-04-04 11:28:27,116 -   [Inner 235.5] cost=701.00 no_imp=4/20 (còn 622s)
2026-04-04 11:28:27,238 -   [Inner 235.6] cost=701.00 no_imp=5/20 (còn 621s)
2026-04-04 11:28:27,362 -   [Inner 235.7] cost=701.00 no_imp=6/20 (còn 621s)
2026-04-04 11:28:27,484 -   [Inner 235.8] cost=701.00 no_imp=7/20 (còn 621s)
2026-04-04 11:28:27,606 -   [Inner 235.9] cost=701.00 no_imp=8/20 (còn 621s)
2026-04-04 11:28:27,733 -   [Inner 235.10] cost=701.00 no_imp=9/20 (còn 621s)
2026-04-04 11:28:27,855 -   [Inner 235.11] cost=701.00 no_imp=10/20 (còn 621s)
2026-04-04 11:28:27,977 -   [Inner 235.12] cost=701.00 no_imp=11/20 (còn 621s)
2026-04-04 11:28:28,099 -   [Inner 235.13] cost=701.00 no_imp=12/20 (còn 621s)
2026-04-04 11:28:28,221 -   [Inner 235.14] cost=701.00 no_imp=13/20 (còn 620s)
2026-04-04 11:28:28,344 -   [Inner 235.15] cost=701.00 no_imp=14/20 (còn 620s)
2026-04-04 11:28:28,466 -   [Inner 235.16] cost=701.00 no_imp=15/20 (còn 620s)
2026-04-04 11:28:28,588 -   [Inner 235.17] cost=701.00 no_imp=16/20 (còn 620s)
2026-04-04 11:28:28,713 -   [Inner 235.18] cost=701.00 no_imp=17/20 (còn 620s)
2026-04-04 11:28:28,835 -   [Inner 235.19] cost=701.00 no_imp=18/20 (còn 620s)
2026-04-04 11:28:28,957 -   [Inner 235.20] cost=701.00 no_imp=19/20 (còn 620s)
2026-04-04 11:28:29,080 -   [Outer 235] Chạy Pairwise MaxSAT...
2026-04-04 11:28:29,081 -   [Outer] Pairwise không cải thiện cặp nào, quay lại inner.
2026-04-04 11:28:29,081 - === OUTER 236 | cost=701.00 (còn 620s) ===
2026-04-04 11:28:29,081 -   [Inner 236.1] cost=701.00 no_imp=0/20 (còn 620s)
2026-04-04 11:28:29,202 -   [Inner 236.2] cost=701.00 no_imp=1/20 (còn 619s)
2026-04-04 11:28:29,326 -   [Inner 236.3] cost=701.00 no_imp=2/20 (còn 619s)
2026-04-04 11:28:29,449 -   [Inner 236.4] cost=701.00 no_imp=3/20 (còn 619s)
2026-04-04 11:28:29,571 -   [Inner 236.5] cost=701.00 no_imp=4/20 (còn 619s)
2026-04-04 11:28:29,696 -   [Inner 236.6] cost=701.00 no_imp=5/20 (còn 619s)
2026-04-04 11:28:29,820 -   [Inner 236.7] cost=701.00 no_imp=6/20 (còn 619s)
2026-04-04 11:28:29,945 -   [Inner 236.8] cost=701.00 no_imp=7/20 (còn 619s)
2026-04-04 11:28:30,066 -   [Inner 236.9] cost=701.00 no_imp=8/20 (còn 619s)
2026-04-04 11:28:30,187 -   [Inner 236.10] cost=701.00 no_imp=9/20 (còn 619s)
2026-04-04 11:28:30,311 -   [Inner 236.11] cost=701.00 no_imp=10/20 (còn 618s)
2026-04-04 11:28:30,434 -   [Inner 236.12] cost=701.00 no_imp=11/20 (còn 618s)
2026-04-04 11:28:30,557 -   [Inner 236.13] cost=701.00 no_imp=12/20 (còn 618s)
2026-04-04 11:28:30,681 -   [Inner 236.14] cost=701.00 no_imp=13/20 (còn 618s)
2026-04-04 11:28:30,803 -   [Inner 236.15] cost=701.00 no_imp=14/20 (còn 618s)
2026-04-04 11:28:30,926 -   [Inner 236.16] cost=701.00 no_imp=15/20 (còn 618s)
2026-04-04 11:28:31,049 -   [Inner 236.17] cost=701.00 no_imp=16/20 (còn 618s)
2026-04-04 11:28:31,171 -   [Inner 236.18] cost=701.00 no_imp=17/20 (còn 618s)
2026-04-04 11:28:31,294 -   [Inner 236.19] cost=701.00 no_imp=18/20 (còn 617s)
2026-04-04 11:28:31,416 -   [Inner 236.20] cost=701.00 no_imp=19/20 (còn 617s)
2026-04-04 11:28:31,539 -   [Outer 236] Chạy Pairwise MaxSAT...
2026-04-04 11:28:31,539 -   [Outer] Pairwise không cải thiện cặp nào, quay lại inner.
2026-04-04 11:28:31,539 - === OUTER 237 | cost=701.00 (còn 617s) ===
2026-04-04 11:28:31,539 -   [Inner 237.1] cost=701.00 no_imp=0/20 (còn 617s)
2026-04-04 11:28:31,662 -   [Inner 237.2] cost=701.00 no_imp=1/20 (còn 617s)
2026-04-04 11:28:31,789 -   [Inner 237.3] cost=701.00 no_imp=2/20 (còn 617s)
2026-04-04 11:28:31,909 -   [Inner 237.4] cost=701.00 no_imp=3/20 (còn 617s)
2026-04-04 11:28:32,032 -   [Inner 237.5] cost=701.00 no_imp=4/20 (còn 617s)
2026-04-04 11:28:32,155 -   [Inner 237.6] cost=701.00 no_imp=5/20 (còn 617s)
2026-04-04 11:28:32,281 -   [Inner 237.7] cost=701.00 no_imp=6/20 (còn 616s)
2026-04-04 11:28:32,403 -   [Inner 237.8] cost=701.00 no_imp=7/20 (còn 616s)
2026-04-04 11:28:32,525 -   [Inner 237.9] cost=701.00 no_imp=8/20 (còn 616s)
2026-04-04 11:28:32,649 -   [Inner 237.10] cost=701.00 no_imp=9/20 (còn 616s)
2026-04-04 11:28:32,772 -   [Inner 237.11] cost=701.00 no_imp=10/20 (còn 616s)
2026-04-04 11:28:32,894 -   [Inner 237.12] cost=701.00 no_imp=11/20 (còn 616s)
2026-04-04 11:28:33,017 -   [Inner 237.13] cost=701.00 no_imp=12/20 (còn 616s)
2026-04-04 11:28:33,140 -   [Inner 237.14] cost=701.00 no_imp=13/20 (còn 616s)
2026-04-04 11:28:33,265 -   [Inner 237.15] cost=701.00 no_imp=14/20 (còn 615s)
2026-04-04 11:28:33,389 -   [Inner 237.16] cost=701.00 no_imp=15/20 (còn 615s)
2026-04-04 11:28:33,510 -   [Inner 237.17] cost=701.00 no_imp=16/20 (còn 615s)
2026-04-04 11:28:33,633 -   [Inner 237.18] cost=701.00 no_imp=17/20 (còn 615s)
2026-04-04 11:28:33,763 -   [Inner 237.19] cost=701.00 no_imp=18/20 (còn 615s)
2026-04-04 11:28:33,890 -   [Inner 237.20] cost=701.00 no_imp=19/20 (còn 615s)
2026-04-04 11:28:34,015 -   [Outer 237] Chạy Pairwise MaxSAT...
2026-04-04 11:28:34,015 -   [Outer] Pairwise không cải thiện cặp nào, quay lại inner.
2026-04-04 11:28:34,015 - === OUTER 238 | cost=701.00 (còn 615s) ===
2026-04-04 11:28:34,015 -   [Inner 238.1] cost=701.00 no_imp=0/20 (còn 615s)
2026-04-04 11:28:34,138 -   [Inner 238.2] cost=701.00 no_imp=1/20 (còn 615s)
2026-04-04 11:28:34,261 -   [Inner 238.3] cost=701.00 no_imp=2/20 (còn 614s)
2026-04-04 11:28:34,384 -   [Inner 238.4] cost=701.00 no_imp=3/20 (còn 614s)
2026-04-04 11:28:34,507 -   [Inner 238.5] cost=701.00 no_imp=4/20 (còn 614s)
2026-04-04 11:28:34,628 -   [Inner 238.6] cost=701.00 no_imp=5/20 (còn 614s)
2026-04-04 11:28:34,751 -   [Inner 238.7] cost=701.00 no_imp=6/20 (còn 614s)
2026-04-04 11:28:34,873 -   [Inner 238.8] cost=701.00 no_imp=7/20 (còn 614s)
2026-04-04 11:28:34,996 -   [Inner 238.9] cost=701.00 no_imp=8/20 (còn 614s)
2026-04-04 11:28:35,121 -   [Inner 238.10] cost=701.00 no_imp=9/20 (còn 614s)
2026-04-04 11:28:35,244 -   [Inner 238.11] cost=701.00 no_imp=10/20 (còn 613s)
2026-04-04 11:28:35,367 -   [Inner 238.12] cost=701.00 no_imp=11/20 (còn 613s)
2026-04-04 11:28:35,489 -   [Inner 238.13] cost=701.00 no_imp=12/20 (còn 613s)
2026-04-04 11:28:35,612 -   [Inner 238.14] cost=701.00 no_imp=13/20 (còn 613s)
2026-04-04 11:28:35,735 -   [Inner 238.15] cost=701.00 no_imp=14/20 (còn 613s)
2026-04-04 11:28:35,863 -   [Inner 238.16] cost=701.00 no_imp=15/20 (còn 613s)
2026-04-04 11:28:35,984 -   [Inner 238.17] cost=701.00 no_imp=16/20 (còn 613s)
2026-04-04 11:28:36,108 -   [Inner 238.18] cost=701.00 no_imp=17/20 (còn 613s)
2026-04-04 11:28:36,231 -   [Inner 238.19] cost=701.00 no_imp=18/20 (còn 612s)
2026-04-04 11:28:36,354 -   [Inner 238.20] cost=701.00 no_imp=19/20 (còn 612s)
2026-04-04 11:28:36,478 -   [Outer 238] Chạy Pairwise MaxSAT...
2026-04-04 11:28:36,478 -   [Outer] Pairwise không cải thiện cặp nào, quay lại inner.
2026-04-04 11:28:36,478 - === OUTER 239 | cost=701.00 (còn 612s) ===
2026-04-04 11:28:36,479 -   [Inner 239.1] cost=701.00 no_imp=0/20 (còn 612s)
2026-04-04 11:28:36,602 -   [Inner 239.2] cost=701.00 no_imp=1/20 (còn 612s)
2026-04-04 11:28:36,724 -   [Inner 239.3] cost=701.00 no_imp=2/20 (còn 612s)
2026-04-04 11:28:36,847 -   [Inner 239.4] cost=701.00 no_imp=3/20 (còn 612s)
2026-04-04 11:28:36,970 -   [Inner 239.5] cost=701.00 no_imp=4/20 (còn 612s)
2026-04-04 11:28:37,096 -   [Inner 239.6] cost=701.00 no_imp=5/20 (còn 612s)
2026-04-04 11:28:37,219 -   [Inner 239.7] cost=701.00 no_imp=6/20 (còn 611s)
2026-04-04 11:28:37,342 -   [Inner 239.8] cost=701.00 no_imp=7/20 (còn 611s)
2026-04-04 11:28:37,465 -   [Inner 239.9] cost=701.00 no_imp=8/20 (còn 611s)
2026-04-04 11:28:37,588 -   [Inner 239.10] cost=701.00 no_imp=9/20 (còn 611s)
2026-04-04 11:28:37,711 -   [Inner 239.11] cost=701.00 no_imp=10/20 (còn 611s)
2026-04-04 11:28:37,838 -   [Inner 239.12] cost=701.00 no_imp=11/20 (còn 611s)
2026-04-04 11:28:37,961 -   [Inner 239.13] cost=701.00 no_imp=12/20 (còn 611s)
2026-04-04 11:28:38,092 -   [Inner 239.14] cost=701.00 no_imp=13/20 (còn 611s)
2026-04-04 11:28:38,230 -   [Inner 239.15] cost=701.00 no_imp=14/20 (còn 610s)
2026-04-04 11:28:38,351 -   [Inner 239.16] cost=701.00 no_imp=15/20 (còn 610s)
2026-04-04 11:28:38,474 -   [Inner 239.17] cost=701.00 no_imp=16/20 (còn 610s)
2026-04-04 11:28:38,596 -   [Inner 239.18] cost=701.00 no_imp=17/20 (còn 610s)
2026-04-04 11:28:38,722 -   [Inner 239.19] cost=701.00 no_imp=18/20 (còn 610s)
2026-04-04 11:28:38,844 -   [Inner 239.20] cost=701.00 no_imp=19/20 (còn 610s)
2026-04-04 11:28:38,968 -   [Outer 239] Chạy Pairwise MaxSAT...
2026-04-04 11:28:38,968 -   [Outer] Pairwise không cải thiện cặp nào, quay lại inner.
2026-04-04 11:28:38,968 - === OUTER 240 | cost=701.00 (còn 610s) ===
2026-04-04 11:28:38,968 -   [Inner 240.1] cost=701.00 no_imp=0/20 (còn 610s)
2026-04-04 11:28:39,093 -   [Inner 240.2] cost=701.00 no_imp=1/20 (còn 610s)
2026-04-04 11:28:39,216 -   [Inner 240.3] cost=701.00 no_imp=2/20 (còn 609s)
2026-04-04 11:28:39,340 -   [Inner 240.4] cost=701.00 no_imp=3/20 (còn 609s)
2026-04-04 11:28:39,462 -   [Inner 240.5] cost=701.00 no_imp=4/20 (còn 609s)
2026-04-04 11:28:39,585 -   [Inner 240.6] cost=701.00 no_imp=5/20 (còn 609s)
2026-04-04 11:28:39,708 -   [Inner 240.7] cost=701.00 no_imp=6/20 (còn 609s)
2026-04-04 11:28:39,831 -   [Inner 240.8] cost=701.00 no_imp=7/20 (còn 609s)
2026-04-04 11:28:39,957 -   [Inner 240.9] cost=701.00 no_imp=8/20 (còn 609s)
2026-04-04 11:28:40,080 -   [Inner 240.10] cost=701.00 no_imp=9/20 (còn 609s)
2026-04-04 11:28:40,202 -   [Inner 240.11] cost=701.00 no_imp=10/20 (còn 608s)
2026-04-04 11:28:40,325 -   [Inner 240.12] cost=701.00 no_imp=11/20 (còn 608s)
2026-04-04 11:28:40,448 -   [Inner 240.13] cost=701.00 no_imp=12/20 (còn 608s)
2026-04-04 11:28:40,573 -   [Inner 240.14] cost=701.00 no_imp=13/20 (còn 608s)
2026-04-04 11:28:40,697 -   [Inner 240.15] cost=701.00 no_imp=14/20 (còn 608s)
2026-04-04 11:28:40,821 -   [Inner 240.16] cost=701.00 no_imp=15/20 (còn 608s)
2026-04-04 11:28:40,943 -   [Inner 240.17] cost=701.00 no_imp=16/20 (còn 608s)
2026-04-04 11:28:41,067 -   [Inner 240.18] cost=701.00 no_imp=17/20 (còn 608s)
2026-04-04 11:28:41,195 -   [Inner 240.19] cost=701.00 no_imp=18/20 (còn 607s)
2026-04-04 11:28:41,318 -   [Inner 240.20] cost=701.00 no_imp=19/20 (còn 607s)
2026-04-04 11:28:41,440 -   [Outer 240] Chạy Pairwise MaxSAT...
2026-04-04 11:28:41,440 -   [Outer] Pairwise không cải thiện cặp nào, quay lại inner.
2026-04-04 11:28:41,441 - === OUTER 241 | cost=701.00 (còn 607s) ===
2026-04-04 11:28:41,441 -   [Inner 241.1] cost=701.00 no_imp=0/20 (còn 607s)
2026-04-04 11:28:41,563 -   [Inner 241.2] cost=701.00 no_imp=1/20 (còn 607s)
2026-04-04 11:28:41,687 -   [Inner 241.3] cost=701.00 no_imp=2/20 (còn 607s)
2026-04-04 11:28:41,811 -   [Inner 241.4] cost=701.00 no_imp=3/20 (còn 607s)
2026-04-04 11:28:41,937 -   [Inner 241.5] cost=701.00 no_imp=4/20 (còn 607s)
2026-04-04 11:28:42,059 -   [Inner 241.6] cost=701.00 no_imp=5/20 (còn 607s)
2026-04-04 11:28:42,182 -   [Inner 241.7] cost=701.00 no_imp=6/20 (còn 607s)
2026-04-04 11:28:42,306 -   [Inner 241.8] cost=701.00 no_imp=7/20 (còn 606s)
2026-04-04 11:28:42,429 -   [Inner 241.9] cost=701.00 no_imp=8/20 (còn 606s)
2026-04-04 11:28:42,550 -   [Inner 241.10] cost=701.00 no_imp=9/20 (còn 606s)
2026-04-04 11:28:42,672 -   [Inner 241.11] cost=701.00 no_imp=10/20 (còn 606s)
2026-04-04 11:28:42,844 -   [Inner 241.12] cost=701.00 no_imp=11/20 (còn 606s)
2026-04-04 11:28:42,966 -   [Inner 241.13] cost=701.00 no_imp=12/20 (còn 606s)
2026-04-04 11:28:43,090 -   [Inner 241.14] cost=701.00 no_imp=13/20 (còn 606s)
2026-04-04 11:28:43,211 -   [Inner 241.15] cost=701.00 no_imp=14/20 (còn 605s)
2026-04-04 11:28:43,334 -   [Inner 241.16] cost=701.00 no_imp=15/20 (còn 605s)
2026-04-04 11:28:43,458 -   [Inner 241.17] cost=701.00 no_imp=16/20 (còn 605s)
2026-04-04 11:28:43,580 -   [Inner 241.18] cost=701.00 no_imp=17/20 (còn 605s)
2026-04-04 11:28:43,702 -   [Inner 241.19] cost=701.00 no_imp=18/20 (còn 605s)
2026-04-04 11:28:43,825 -   [Inner 241.20] cost=701.00 no_imp=19/20 (còn 605s)
2026-04-04 11:28:43,951 -   [Outer 241] Chạy Pairwise MaxSAT...
2026-04-04 11:28:43,952 -   [Outer] Pairwise không cải thiện cặp nào, quay lại inner.
2026-04-04 11:28:43,952 - === OUTER 242 | cost=701.00 (còn 605s) ===
2026-04-04 11:28:43,952 -   [Inner 242.1] cost=701.00 no_imp=0/20 (còn 605s)
2026-04-04 11:28:44,075 -   [Inner 242.2] cost=701.00 no_imp=1/20 (còn 605s)
2026-04-04 11:28:44,197 -   [Inner 242.3] cost=701.00 no_imp=2/20 (còn 604s)
2026-04-04 11:28:44,321 -   [Inner 242.4] cost=701.00 no_imp=3/20 (còn 604s)
2026-04-04 11:28:44,443 -   [Inner 242.5] cost=701.00 no_imp=4/20 (còn 604s)
2026-04-04 11:28:44,566 -   [Inner 242.6] cost=701.00 no_imp=5/20 (còn 604s)
2026-04-04 11:28:44,690 -   [Inner 242.7] cost=701.00 no_imp=6/20 (còn 604s)
2026-04-04 11:28:44,811 -   [Inner 242.8] cost=701.00 no_imp=7/20 (còn 604s)
2026-04-04 11:28:44,935 -   [Inner 242.9] cost=701.00 no_imp=8/20 (còn 604s)
2026-04-04 11:28:45,058 -   [Inner 242.10] cost=701.00 no_imp=9/20 (còn 604s)
2026-04-04 11:28:45,181 -   [Inner 242.11] cost=701.00 no_imp=10/20 (còn 604s)
2026-04-04 11:28:45,305 -   [Inner 242.12] cost=701.00 no_imp=11/20 (còn 603s)
2026-04-04 11:28:45,427 -   [Inner 242.13] cost=701.00 no_imp=12/20 (còn 603s)
2026-04-04 11:28:45,549 -   [Inner 242.14] cost=701.00 no_imp=13/20 (còn 603s)
2026-04-04 11:28:45,671 -   [Inner 242.15] cost=701.00 no_imp=14/20 (còn 603s)
2026-04-04 11:28:45,794 -   [Inner 242.16] cost=701.00 no_imp=15/20 (còn 603s)
2026-04-04 11:28:45,917 -   [Inner 242.17] cost=701.00 no_imp=16/20 (còn 603s)
2026-04-04 11:28:46,042 -   [Inner 242.18] cost=701.00 no_imp=17/20 (còn 603s)
2026-04-04 11:28:46,163 -   [Inner 242.19] cost=701.00 no_imp=18/20 (còn 603s)
2026-04-04 11:28:46,287 -   [Inner 242.20] cost=701.00 no_imp=19/20 (còn 602s)
2026-04-04 11:28:46,410 -   [Outer 242] Chạy Pairwise MaxSAT...
2026-04-04 11:28:46,410 -   [Outer] Pairwise không cải thiện cặp nào, quay lại inner.
2026-04-04 11:28:46,410 - === OUTER 243 | cost=701.00 (còn 602s) ===
2026-04-04 11:28:46,410 -   [Inner 243.1] cost=701.00 no_imp=0/20 (còn 602s)
2026-04-04 11:28:46,532 -   [Inner 243.2] cost=701.00 no_imp=1/20 (còn 602s)
2026-04-04 11:28:46,653 -   [Inner 243.3] cost=701.00 no_imp=2/20 (còn 602s)
2026-04-04 11:28:46,776 -   [Inner 243.4] cost=701.00 no_imp=3/20 (còn 602s)
2026-04-04 11:28:46,899 -   [Inner 243.5] cost=701.00 no_imp=4/20 (còn 602s)
2026-04-04 11:28:47,022 -   [Inner 243.6] cost=701.00 no_imp=5/20 (còn 602s)
2026-04-04 11:28:47,144 -   [Inner 243.7] cost=701.00 no_imp=6/20 (còn 602s)
2026-04-04 11:28:47,267 -   [Inner 243.8] cost=701.00 no_imp=7/20 (còn 601s)
2026-04-04 11:28:47,390 -   [Inner 243.9] cost=701.00 no_imp=8/20 (còn 601s)
2026-04-04 11:28:47,511 -   [Inner 243.10] cost=701.00 no_imp=9/20 (còn 601s)
2026-04-04 11:28:47,635 -   [Inner 243.11] cost=701.00 no_imp=10/20 (còn 601s)
2026-04-04 11:28:47,760 -   [Inner 243.12] cost=701.00 no_imp=11/20 (còn 601s)
2026-04-04 11:28:47,883 -   [Inner 243.13] cost=701.00 no_imp=12/20 (còn 601s)
2026-04-04 11:28:48,009 -   [Inner 243.14] cost=701.00 no_imp=13/20 (còn 601s)
2026-04-04 11:28:48,133 -   [Inner 243.15] cost=701.00 no_imp=14/20 (còn 601s)
2026-04-04 11:28:48,255 -   [Inner 243.16] cost=701.00 no_imp=15/20 (còn 600s)
2026-04-04 11:28:48,379 -   [Inner 243.17] cost=701.00 no_imp=16/20 (còn 600s)
2026-04-04 11:28:48,500 -   [Inner 243.18] cost=701.00 no_imp=17/20 (còn 600s)
2026-04-04 11:28:48,624 -   [Inner 243.19] cost=701.00 no_imp=18/20 (còn 600s)
2026-04-04 11:28:48,745 -   [Inner 243.20] cost=701.00 no_imp=19/20 (còn 600s)
2026-04-04 11:28:48,867 -   [Outer 243] Chạy Pairwise MaxSAT...
2026-04-04 11:28:48,867 -   [Outer] Pairwise không cải thiện cặp nào, quay lại inner.
2026-04-04 11:28:48,867 - === OUTER 244 | cost=701.00 (còn 600s) ===
2026-04-04 11:28:48,867 -   [Inner 244.1] cost=701.00 no_imp=0/20 (còn 600s)
2026-04-04 11:28:48,990 -   [Inner 244.2] cost=701.00 no_imp=1/20 (còn 600s)
2026-04-04 11:28:49,113 -   [Inner 244.3] cost=701.00 no_imp=2/20 (còn 600s)
2026-04-04 11:28:49,236 -   [Inner 244.4] cost=701.00 no_imp=3/20 (còn 599s)
2026-04-04 11:28:49,360 -   [Inner 244.5] cost=701.00 no_imp=4/20 (còn 599s)
2026-04-04 11:28:49,483 -   [Inner 244.6] cost=701.00 no_imp=5/20 (còn 599s)
2026-04-04 11:28:49,605 -   [Inner 244.7] cost=701.00 no_imp=6/20 (còn 599s)
2026-04-04 11:28:49,729 -   [Inner 244.8] cost=701.00 no_imp=7/20 (còn 599s)
2026-04-04 11:28:49,853 -   [Inner 244.9] cost=701.00 no_imp=8/20 (còn 599s)
2026-04-04 11:28:49,975 -   [Inner 244.10] cost=701.00 no_imp=9/20 (còn 599s)
2026-04-04 11:28:50,101 -   [Inner 244.11] cost=701.00 no_imp=10/20 (còn 599s)
2026-04-04 11:28:50,223 -   [Inner 244.12] cost=701.00 no_imp=11/20 (còn 598s)
2026-04-04 11:28:50,346 -   [Inner 244.13] cost=701.00 no_imp=12/20 (còn 598s)
2026-04-04 11:28:50,467 -   [Inner 244.14] cost=701.00 no_imp=13/20 (còn 598s)
2026-04-04 11:28:50,591 -   [Inner 244.15] cost=701.00 no_imp=14/20 (còn 598s)
2026-04-04 11:28:50,715 -   [Inner 244.16] cost=701.00 no_imp=15/20 (còn 598s)
2026-04-04 11:28:50,839 -   [Inner 244.17] cost=701.00 no_imp=16/20 (còn 598s)
2026-04-04 11:28:50,960 -   [Inner 244.18] cost=701.00 no_imp=17/20 (còn 598s)
2026-04-04 11:28:51,083 -   [Inner 244.19] cost=701.00 no_imp=18/20 (còn 598s)
2026-04-04 11:28:51,204 -   [Inner 244.20] cost=701.00 no_imp=19/20 (còn 597s)
2026-04-04 11:28:51,328 -   [Outer 244] Chạy Pairwise MaxSAT...
2026-04-04 11:28:51,329 -   [Outer] Pairwise không cải thiện cặp nào, quay lại inner.
2026-04-04 11:28:51,329 - === OUTER 245 | cost=701.00 (còn 597s) ===
2026-04-04 11:28:51,329 -   [Inner 245.1] cost=701.00 no_imp=0/20 (còn 597s)
2026-04-04 11:28:51,451 -   [Inner 245.2] cost=701.00 no_imp=1/20 (còn 597s)
2026-04-04 11:28:51,574 -   [Inner 245.3] cost=701.00 no_imp=2/20 (còn 597s)
2026-04-04 11:28:51,696 -   [Inner 245.4] cost=701.00 no_imp=3/20 (còn 597s)
2026-04-04 11:28:51,819 -   [Inner 245.5] cost=701.00 no_imp=4/20 (còn 597s)
2026-04-04 11:28:51,943 -   [Inner 245.6] cost=701.00 no_imp=5/20 (còn 597s)
2026-04-04 11:28:52,070 -   [Inner 245.7] cost=701.00 no_imp=6/20 (còn 597s)
2026-04-04 11:28:52,191 -   [Inner 245.8] cost=701.00 no_imp=7/20 (còn 596s)
2026-04-04 11:28:52,315 -   [Inner 245.9] cost=701.00 no_imp=8/20 (còn 596s)
2026-04-04 11:28:52,437 -   [Inner 245.10] cost=701.00 no_imp=9/20 (còn 596s)
2026-04-04 11:28:52,561 -   [Inner 245.11] cost=701.00 no_imp=10/20 (còn 596s)
2026-04-04 11:28:52,683 -   [Inner 245.12] cost=701.00 no_imp=11/20 (còn 596s)
2026-04-04 11:28:52,804 -   [Inner 245.13] cost=701.00 no_imp=12/20 (còn 596s)
2026-04-04 11:28:52,926 -   [Inner 245.14] cost=701.00 no_imp=13/20 (còn 596s)
2026-04-04 11:28:53,049 -   [Inner 245.15] cost=701.00 no_imp=14/20 (còn 596s)
2026-04-04 11:28:53,171 -   [Inner 245.16] cost=701.00 no_imp=15/20 (còn 596s)
2026-04-04 11:28:53,295 -   [Inner 245.17] cost=701.00 no_imp=16/20 (còn 595s)
2026-04-04 11:28:53,417 -   [Inner 245.18] cost=701.00 no_imp=17/20 (còn 595s)
2026-04-04 11:28:53,540 -   [Inner 245.19] cost=701.00 no_imp=18/20 (còn 595s)
2026-04-04 11:28:53,663 -   [Inner 245.20] cost=701.00 no_imp=19/20 (còn 595s)
2026-04-04 11:28:53,786 -   [Outer 245] Chạy Pairwise MaxSAT...
2026-04-04 11:28:53,787 -   [Outer] Pairwise không cải thiện cặp nào, quay lại inner.
2026-04-04 11:28:53,787 - === OUTER 246 | cost=701.00 (còn 595s) ===
2026-04-04 11:28:53,787 -   [Inner 246.1] cost=701.00 no_imp=0/20 (còn 595s)
2026-04-04 11:28:53,909 -   [Inner 246.2] cost=701.00 no_imp=1/20 (còn 595s)
2026-04-04 11:28:54,034 -   [Inner 246.3] cost=701.00 no_imp=2/20 (còn 595s)
2026-04-04 11:28:54,156 -   [Inner 246.4] cost=701.00 no_imp=3/20 (còn 595s)
2026-04-04 11:28:54,280 -   [Inner 246.5] cost=701.00 no_imp=4/20 (còn 594s)
2026-04-04 11:28:54,402 -   [Inner 246.6] cost=701.00 no_imp=5/20 (còn 594s)
2026-04-04 11:28:54,525 -   [Inner 246.7] cost=701.00 no_imp=6/20 (còn 594s)
2026-04-04 11:28:54,646 -   [Inner 246.8] cost=701.00 no_imp=7/20 (còn 594s)
2026-04-04 11:28:54,770 -   [Inner 246.9] cost=701.00 no_imp=8/20 (còn 594s)
2026-04-04 11:28:54,894 -   [Inner 246.10] cost=701.00 no_imp=9/20 (còn 594s)
2026-04-04 11:28:55,016 -   [Inner 246.11] cost=701.00 no_imp=10/20 (còn 594s)
2026-04-04 11:28:55,138 -   [Inner 246.12] cost=701.00 no_imp=11/20 (còn 594s)
2026-04-04 11:28:55,262 -   [Inner 246.13] cost=701.00 no_imp=12/20 (còn 593s)
2026-04-04 11:28:55,385 -   [Inner 246.14] cost=701.00 no_imp=13/20 (còn 593s)
2026-04-04 11:28:55,508 -   [Inner 246.15] cost=701.00 no_imp=14/20 (còn 593s)
2026-04-04 11:28:55,633 -   [Inner 246.16] cost=701.00 no_imp=15/20 (còn 593s)
2026-04-04 11:28:55,755 -   [Inner 246.17] cost=701.00 no_imp=16/20 (còn 593s)
2026-04-04 11:28:55,877 -   [Inner 246.18] cost=701.00 no_imp=17/20 (còn 593s)
2026-04-04 11:28:56,000 -   [Inner 246.19] cost=701.00 no_imp=18/20 (còn 593s)
2026-04-04 11:28:56,126 -   [Inner 246.20] cost=701.00 no_imp=19/20 (còn 593s)
2026-04-04 11:28:56,250 -   [Outer 246] Chạy Pairwise MaxSAT...
2026-04-04 11:28:56,251 -   [Outer] Pairwise không cải thiện cặp nào, quay lại inner.
2026-04-04 11:28:56,251 - === OUTER 247 | cost=701.00 (còn 592s) ===
2026-04-04 11:28:56,251 -   [Inner 247.1] cost=701.00 no_imp=0/20 (còn 592s)
2026-04-04 11:28:56,373 -   [Inner 247.2] cost=701.00 no_imp=1/20 (còn 592s)
2026-04-04 11:28:56,494 -   [Inner 247.3] cost=701.00 no_imp=2/20 (còn 592s)
2026-04-04 11:28:56,618 -   [Inner 247.4] cost=701.00 no_imp=3/20 (còn 592s)
2026-04-04 11:28:56,743 -   [Inner 247.5] cost=701.00 no_imp=4/20 (còn 592s)
2026-04-04 11:28:56,865 -   [Inner 247.6] cost=701.00 no_imp=5/20 (còn 592s)
2026-04-04 11:28:56,987 -   [Inner 247.7] cost=701.00 no_imp=6/20 (còn 592s)
2026-04-04 11:28:57,110 -   [Inner 247.8] cost=701.00 no_imp=7/20 (còn 592s)
2026-04-04 11:28:57,234 -   [Inner 247.9] cost=701.00 no_imp=8/20 (còn 591s)
2026-04-04 11:28:57,359 -   [Inner 247.10] cost=701.00 no_imp=9/20 (còn 591s)
2026-04-04 11:28:57,480 -   [Inner 247.11] cost=701.00 no_imp=10/20 (còn 591s)
2026-04-04 11:28:57,603 -   [Inner 247.12] cost=701.00 no_imp=11/20 (còn 591s)
2026-04-04 11:28:57,725 -   [Inner 247.13] cost=701.00 no_imp=12/20 (còn 591s)
2026-04-04 11:28:57,848 -   [Inner 247.14] cost=701.00 no_imp=13/20 (còn 591s)
2026-04-04 11:28:57,970 -   [Inner 247.15] cost=701.00 no_imp=14/20 (còn 591s)
2026-04-04 11:28:58,095 -   [Inner 247.16] cost=701.00 no_imp=15/20 (còn 591s)
2026-04-04 11:28:58,218 -   [Inner 247.17] cost=701.00 no_imp=16/20 (còn 590s)
2026-04-04 11:28:58,342 -   [Inner 247.18] cost=701.00 no_imp=17/20 (còn 590s)
2026-04-04 11:28:58,464 -   [Inner 247.19] cost=701.00 no_imp=18/20 (còn 590s)
2026-04-04 11:28:58,587 -   [Inner 247.20] cost=701.00 no_imp=19/20 (còn 590s)
2026-04-04 11:28:58,711 -   [Outer 247] Chạy Pairwise MaxSAT...
2026-04-04 11:28:58,711 -   [Outer] Pairwise không cải thiện cặp nào, quay lại inner.
2026-04-04 11:28:58,711 - === OUTER 248 | cost=701.00 (còn 590s) ===
2026-04-04 11:28:58,711 -   [Inner 248.1] cost=701.00 no_imp=0/20 (còn 590s)
2026-04-04 11:28:58,835 -   [Inner 248.2] cost=701.00 no_imp=1/20 (còn 590s)
2026-04-04 11:28:58,957 -   [Inner 248.3] cost=701.00 no_imp=2/20 (còn 590s)
2026-04-04 11:28:59,080 -   [Inner 248.4] cost=701.00 no_imp=3/20 (còn 590s)
2026-04-04 11:28:59,202 -   [Inner 248.5] cost=701.00 no_imp=4/20 (còn 589s)
2026-04-04 11:28:59,326 -   [Inner 248.6] cost=701.00 no_imp=5/20 (còn 589s)
2026-04-04 11:28:59,447 -   [Inner 248.7] cost=701.00 no_imp=6/20 (còn 589s)
2026-04-04 11:28:59,570 -   [Inner 248.8] cost=701.00 no_imp=7/20 (còn 589s)
2026-04-04 11:28:59,693 -   [Inner 248.9] cost=701.00 no_imp=8/20 (còn 589s)
2026-04-04 11:28:59,817 -   [Inner 248.10] cost=701.00 no_imp=9/20 (còn 589s)
2026-04-04 11:28:59,938 -   [Inner 248.11] cost=701.00 no_imp=10/20 (còn 589s)
2026-04-04 11:29:00,063 -   [Inner 248.12] cost=701.00 no_imp=11/20 (còn 589s)
2026-04-04 11:29:00,188 -   [Inner 248.13] cost=701.00 no_imp=12/20 (còn 588s)
2026-04-04 11:29:00,312 -   [Inner 248.14] cost=701.00 no_imp=13/20 (còn 588s)
2026-04-04 11:29:00,435 -   [Inner 248.15] cost=701.00 no_imp=14/20 (còn 588s)
2026-04-04 11:29:00,559 -   [Inner 248.16] cost=701.00 no_imp=15/20 (còn 588s)
2026-04-04 11:29:00,687 -   [Inner 248.17] cost=701.00 no_imp=16/20 (còn 588s)
2026-04-04 11:29:00,811 -   [Inner 248.18] cost=701.00 no_imp=17/20 (còn 588s)
2026-04-04 11:29:00,933 -   [Inner 248.19] cost=701.00 no_imp=18/20 (còn 588s)
2026-04-04 11:29:01,056 -   [Inner 248.20] cost=701.00 no_imp=19/20 (còn 588s)
2026-04-04 11:29:01,177 -   [Outer 248] Chạy Pairwise MaxSAT...
2026-04-04 11:29:01,178 -   [Outer] Pairwise không cải thiện cặp nào, quay lại inner.
2026-04-04 11:29:01,178 - === OUTER 249 | cost=701.00 (còn 588s) ===
2026-04-04 11:29:01,178 -   [Inner 249.1] cost=701.00 no_imp=0/20 (còn 588s)
2026-04-04 11:29:01,303 -   [Inner 249.2] cost=701.00 no_imp=1/20 (còn 587s)
2026-04-04 11:29:01,425 -   [Inner 249.3] cost=701.00 no_imp=2/20 (còn 587s)
2026-04-04 11:29:01,550 -   [Inner 249.4] cost=701.00 no_imp=3/20 (còn 587s)
2026-04-04 11:29:01,672 -   [Inner 249.5] cost=701.00 no_imp=4/20 (còn 587s)
2026-04-04 11:29:01,793 -   [Inner 249.6] cost=701.00 no_imp=5/20 (còn 587s)
2026-04-04 11:29:01,915 -   [Inner 249.7] cost=701.00 no_imp=6/20 (còn 587s)
2026-04-04 11:29:02,039 -   [Inner 249.8] cost=701.00 no_imp=7/20 (còn 587s)
2026-04-04 11:29:02,166 -   [Inner 249.9] cost=701.00 no_imp=8/20 (còn 587s)
2026-04-04 11:29:02,289 -   [Inner 249.10] cost=701.00 no_imp=9/20 (còn 586s)
2026-04-04 11:29:02,411 -   [Inner 249.11] cost=701.00 no_imp=10/20 (còn 586s)
2026-04-04 11:29:02,533 -   [Inner 249.12] cost=701.00 no_imp=11/20 (còn 586s)
2026-04-04 11:29:02,657 -   [Inner 249.13] cost=701.00 no_imp=12/20 (còn 586s)
2026-04-04 11:29:02,780 -   [Inner 249.14] cost=701.00 no_imp=13/20 (còn 586s)
2026-04-04 11:29:02,902 -   [Inner 249.15] cost=701.00 no_imp=14/20 (còn 586s)
2026-04-04 11:29:03,025 -   [Inner 249.16] cost=701.00 no_imp=15/20 (còn 586s)
2026-04-04 11:29:03,147 -   [Inner 249.17] cost=701.00 no_imp=16/20 (còn 586s)
2026-04-04 11:29:03,273 -   [Inner 249.18] cost=701.00 no_imp=17/20 (còn 585s)
2026-04-04 11:29:03,393 -   [Inner 249.19] cost=701.00 no_imp=18/20 (còn 585s)
2026-04-04 11:29:03,516 -   [Inner 249.20] cost=701.00 no_imp=19/20 (còn 585s)
2026-04-04 11:29:03,638 -   [Outer 249] Chạy Pairwise MaxSAT...
2026-04-04 11:29:03,638 -   [Outer] Pairwise không cải thiện cặp nào, quay lại inner.
2026-04-04 11:29:03,638 - === OUTER 250 | cost=701.00 (còn 585s) ===
2026-04-04 11:29:03,638 -   [Inner 250.1] cost=701.00 no_imp=0/20 (còn 585s)
2026-04-04 11:29:03,764 -   [Inner 250.2] cost=701.00 no_imp=1/20 (còn 585s)
2026-04-04 11:29:03,892 -   [Inner 250.3] cost=701.00 no_imp=2/20 (còn 585s)
2026-04-04 11:29:04,016 -   [Inner 250.4] cost=701.00 no_imp=3/20 (còn 585s)
2026-04-04 11:29:04,139 -   [Inner 250.5] cost=701.00 no_imp=4/20 (còn 585s)
2026-04-04 11:29:04,265 -   [Inner 250.6] cost=701.00 no_imp=5/20 (còn 584s)
2026-04-04 11:29:04,387 -   [Inner 250.7] cost=701.00 no_imp=6/20 (còn 584s)
2026-04-04 11:29:04,511 -   [Inner 250.8] cost=701.00 no_imp=7/20 (còn 584s)
2026-04-04 11:29:04,632 -   [Inner 250.9] cost=701.00 no_imp=8/20 (còn 584s)
2026-04-04 11:29:04,755 -   [Inner 250.10] cost=701.00 no_imp=9/20 (còn 584s)
2026-04-04 11:29:04,878 -   [Inner 250.11] cost=701.00 no_imp=10/20 (còn 584s)
2026-04-04 11:29:04,999 -   [Inner 250.12] cost=701.00 no_imp=11/20 (còn 584s)
2026-04-04 11:29:05,123 -   [Inner 250.13] cost=701.00 no_imp=12/20 (còn 584s)
2026-04-04 11:29:05,248 -   [Inner 250.14] cost=701.00 no_imp=13/20 (còn 583s)
2026-04-04 11:29:05,369 -   [Inner 250.15] cost=701.00 no_imp=14/20 (còn 583s)
2026-04-04 11:29:05,490 -   [Inner 250.16] cost=701.00 no_imp=15/20 (còn 583s)
2026-04-04 11:29:05,612 -   [Inner 250.17] cost=701.00 no_imp=16/20 (còn 583s)
2026-04-04 11:29:05,737 -   [Inner 250.18] cost=701.00 no_imp=17/20 (còn 583s)
2026-04-04 11:29:05,861 -   [Inner 250.19] cost=701.00 no_imp=18/20 (còn 583s)
2026-04-04 11:29:05,984 -   [Inner 250.20] cost=701.00 no_imp=19/20 (còn 583s)
2026-04-04 11:29:06,108 -   [Outer 250] Chạy Pairwise MaxSAT...
2026-04-04 11:29:06,109 -   [Outer] Pairwise không cải thiện cặp nào, quay lại inner.
2026-04-04 11:29:06,109 - === OUTER 251 | cost=701.00 (còn 583s) ===
2026-04-04 11:29:06,109 -   [Inner 251.1] cost=701.00 no_imp=0/20 (còn 583s)
2026-04-04 11:29:06,234 -   [Inner 251.2] cost=701.00 no_imp=1/20 (còn 582s)
2026-04-04 11:29:06,358 -   [Inner 251.3] cost=701.00 no_imp=2/20 (còn 582s)
2026-04-04 11:29:06,480 -   [Inner 251.4] cost=701.00 no_imp=3/20 (còn 582s)
2026-04-04 11:29:06,602 -   [Inner 251.5] cost=701.00 no_imp=4/20 (còn 582s)
2026-04-04 11:29:06,724 -   [Inner 251.6] cost=701.00 no_imp=5/20 (còn 582s)
2026-04-04 11:29:06,848 -   [Inner 251.7] cost=701.00 no_imp=6/20 (còn 582s)
2026-04-04 11:29:06,970 -   [Inner 251.8] cost=701.00 no_imp=7/20 (còn 582s)
2026-04-04 11:29:07,095 -   [Inner 251.9] cost=701.00 no_imp=8/20 (còn 582s)
2026-04-04 11:29:07,216 -   [Inner 251.10] cost=701.00 no_imp=9/20 (còn 581s)
2026-04-04 11:29:07,339 -   [Inner 251.11] cost=701.00 no_imp=10/20 (còn 581s)
2026-04-04 11:29:07,460 -   [Inner 251.12] cost=701.00 no_imp=11/20 (còn 581s)
2026-04-04 11:29:07,583 -   [Inner 251.13] cost=701.00 no_imp=12/20 (còn 581s)
2026-04-04 11:29:07,706 -   [Inner 251.14] cost=701.00 no_imp=13/20 (còn 581s)
2026-04-04 11:29:07,831 -   [Inner 251.15] cost=701.00 no_imp=14/20 (còn 581s)
2026-04-04 11:29:07,953 -   [Inner 251.16] cost=701.00 no_imp=15/20 (còn 581s)
2026-04-04 11:29:08,077 -   [Inner 251.17] cost=701.00 no_imp=16/20 (còn 581s)
2026-04-04 11:29:08,201 -   [Inner 251.18] cost=701.00 no_imp=17/20 (còn 580s)
2026-04-04 11:29:08,325 -   [Inner 251.19] cost=701.00 no_imp=18/20 (còn 580s)
2026-04-04 11:29:08,447 -   [Inner 251.20] cost=701.00 no_imp=19/20 (còn 580s)
2026-04-04 11:29:08,570 -   [Outer 251] Chạy Pairwise MaxSAT...
2026-04-04 11:29:08,570 -   [Outer] Pairwise không cải thiện cặp nào, quay lại inner.
2026-04-04 11:29:08,570 - === OUTER 252 | cost=701.00 (còn 580s) ===
2026-04-04 11:29:08,570 -   [Inner 252.1] cost=701.00 no_imp=0/20 (còn 580s)
2026-04-04 11:29:08,695 -   [Inner 252.2] cost=701.00 no_imp=1/20 (còn 580s)
2026-04-04 11:29:08,826 -   [Inner 252.3] cost=701.00 no_imp=2/20 (còn 580s)
2026-04-04 11:29:08,964 -   [Inner 252.4] cost=701.00 no_imp=3/20 (còn 580s)
2026-04-04 11:29:09,087 -   [Inner 252.5] cost=701.00 no_imp=4/20 (còn 580s)
2026-04-04 11:29:09,210 -   [Inner 252.6] cost=701.00 no_imp=5/20 (còn 579s)
2026-04-04 11:29:09,335 -   [Inner 252.7] cost=701.00 no_imp=6/20 (còn 579s)
2026-04-04 11:29:09,457 -   [Inner 252.8] cost=701.00 no_imp=7/20 (còn 579s)
2026-04-04 11:29:09,580 -   [Inner 252.9] cost=701.00 no_imp=8/20 (còn 579s)
2026-04-04 11:29:09,701 -   [Inner 252.10] cost=701.00 no_imp=9/20 (còn 579s)
2026-04-04 11:29:09,823 -   [Inner 252.11] cost=701.00 no_imp=10/20 (còn 579s)
2026-04-04 11:29:09,946 -   [Inner 252.12] cost=701.00 no_imp=11/20 (còn 579s)
2026-04-04 11:29:10,068 -   [Inner 252.13] cost=701.00 no_imp=12/20 (còn 579s)
2026-04-04 11:29:10,190 -   [Inner 252.14] cost=701.00 no_imp=13/20 (còn 578s)
2026-04-04 11:29:10,315 -   [Inner 252.15] cost=701.00 no_imp=14/20 (còn 578s)
2026-04-04 11:29:10,436 -   [Inner 252.16] cost=701.00 no_imp=15/20 (còn 578s)
2026-04-04 11:29:10,558 -   [Inner 252.17] cost=701.00 no_imp=16/20 (còn 578s)
2026-04-04 11:29:10,682 -   [Inner 252.18] cost=701.00 no_imp=17/20 (còn 578s)
2026-04-04 11:29:10,806 -   [Inner 252.19] cost=701.00 no_imp=18/20 (còn 578s)
2026-04-04 11:29:10,930 -   [Inner 252.20] cost=701.00 no_imp=19/20 (còn 578s)
2026-04-04 11:29:11,052 -   [Outer 252] Chạy Pairwise MaxSAT...
2026-04-04 11:29:11,053 -   [Outer] Pairwise không cải thiện cặp nào, quay lại inner.
2026-04-04 11:29:11,053 - === OUTER 253 | cost=701.00 (còn 578s) ===
2026-04-04 11:29:11,053 -   [Inner 253.1] cost=701.00 no_imp=0/20 (còn 578s)
2026-04-04 11:29:11,177 -   [Inner 253.2] cost=701.00 no_imp=1/20 (còn 578s)
2026-04-04 11:29:11,298 -   [Inner 253.3] cost=701.00 no_imp=2/20 (còn 577s)
2026-04-04 11:29:11,420 -   [Inner 253.4] cost=701.00 no_imp=3/20 (còn 577s)
2026-04-04 11:29:11,542 -   [Inner 253.5] cost=701.00 no_imp=4/20 (còn 577s)
2026-04-04 11:29:11,663 -   [Inner 253.6] cost=701.00 no_imp=5/20 (còn 577s)
2026-04-04 11:29:11,787 -   [Inner 253.7] cost=701.00 no_imp=6/20 (còn 577s)
2026-04-04 11:29:11,910 -   [Inner 253.8] cost=701.00 no_imp=7/20 (còn 577s)
2026-04-04 11:29:12,034 -   [Inner 253.9] cost=701.00 no_imp=8/20 (còn 577s)
2026-04-04 11:29:12,158 -   [Inner 253.10] cost=701.00 no_imp=9/20 (còn 577s)
2026-04-04 11:29:12,282 -   [Inner 253.11] cost=701.00 no_imp=10/20 (còn 576s)
2026-04-04 11:29:12,406 -   [Inner 253.12] cost=701.00 no_imp=11/20 (còn 576s)
2026-04-04 11:29:12,527 -   [Inner 253.13] cost=701.00 no_imp=12/20 (còn 576s)
2026-04-04 11:29:12,650 -   [Inner 253.14] cost=701.00 no_imp=13/20 (còn 576s)
2026-04-04 11:29:12,773 -   [Inner 253.15] cost=701.00 no_imp=14/20 (còn 576s)
2026-04-04 11:29:12,897 -   [Inner 253.16] cost=701.00 no_imp=15/20 (còn 576s)
2026-04-04 11:29:13,020 -   [Inner 253.17] cost=701.00 no_imp=16/20 (còn 576s)
2026-04-04 11:29:13,144 -   [Inner 253.18] cost=701.00 no_imp=17/20 (còn 576s)
2026-04-04 11:29:13,265 -   [Inner 253.19] cost=701.00 no_imp=18/20 (còn 575s)
2026-04-04 11:29:13,388 -   [Inner 253.20] cost=701.00 no_imp=19/20 (còn 575s)
2026-04-04 11:29:13,510 -   [Outer 253] Chạy Pairwise MaxSAT...
2026-04-04 11:29:13,510 -   [Outer] Pairwise không cải thiện cặp nào, quay lại inner.
2026-04-04 11:29:13,510 - === OUTER 254 | cost=701.00 (còn 575s) ===
2026-04-04 11:29:13,510 -   [Inner 254.1] cost=701.00 no_imp=0/20 (còn 575s)
2026-04-04 11:29:13,632 -   [Inner 254.2] cost=701.00 no_imp=1/20 (còn 575s)
2026-04-04 11:29:13,757 -   [Inner 254.3] cost=701.00 no_imp=2/20 (còn 575s)
2026-04-04 11:29:13,879 -   [Inner 254.4] cost=701.00 no_imp=3/20 (còn 575s)
2026-04-04 11:29:14,002 -   [Inner 254.5] cost=701.00 no_imp=4/20 (còn 575s)
2026-04-04 11:29:14,125 -   [Inner 254.6] cost=701.00 no_imp=5/20 (còn 575s)
2026-04-04 11:29:14,249 -   [Inner 254.7] cost=701.00 no_imp=6/20 (còn 574s)
2026-04-04 11:29:14,374 -   [Inner 254.8] cost=701.00 no_imp=7/20 (còn 574s)
2026-04-04 11:29:14,497 -   [Inner 254.9] cost=701.00 no_imp=8/20 (còn 574s)
2026-04-04 11:29:14,617 -   [Inner 254.10] cost=701.00 no_imp=9/20 (còn 574s)
2026-04-04 11:29:14,741 -   [Inner 254.11] cost=701.00 no_imp=10/20 (còn 574s)
2026-04-04 11:29:14,864 -   [Inner 254.12] cost=701.00 no_imp=11/20 (còn 574s)
2026-04-04 11:29:14,987 -   [Inner 254.13] cost=701.00 no_imp=12/20 (còn 574s)
2026-04-04 11:29:15,110 -   [Inner 254.14] cost=701.00 no_imp=13/20 (còn 574s)
2026-04-04 11:29:15,233 -   [Inner 254.15] cost=701.00 no_imp=14/20 (còn 573s)
2026-04-04 11:29:15,356 -   [Inner 254.16] cost=701.00 no_imp=15/20 (còn 573s)
2026-04-04 11:29:15,478 -   [Inner 254.17] cost=701.00 no_imp=16/20 (còn 573s)
2026-04-04 11:29:15,602 -   [Inner 254.18] cost=701.00 no_imp=17/20 (còn 573s)
2026-04-04 11:29:15,723 -   [Inner 254.19] cost=701.00 no_imp=18/20 (còn 573s)
2026-04-04 11:29:15,848 -   [Inner 254.20] cost=701.00 no_imp=19/20 (còn 573s)
2026-04-04 11:29:15,969 -   [Outer 254] Chạy Pairwise MaxSAT...
2026-04-04 11:29:15,969 -   [Outer] Pairwise không cải thiện cặp nào, quay lại inner.
2026-04-04 11:29:15,969 - === OUTER 255 | cost=701.00 (còn 573s) ===
2026-04-04 11:29:15,970 -   [Inner 255.1] cost=701.00 no_imp=0/20 (còn 573s)
2026-04-04 11:29:16,093 -   [Inner 255.2] cost=701.00 no_imp=1/20 (còn 573s)
2026-04-04 11:29:16,213 -   [Inner 255.3] cost=701.00 no_imp=2/20 (còn 572s)
2026-04-04 11:29:16,338 -   [Inner 255.4] cost=701.00 no_imp=3/20 (còn 572s)
2026-04-04 11:29:16,461 -   [Inner 255.5] cost=701.00 no_imp=4/20 (còn 572s)
2026-04-04 11:29:16,584 -   [Inner 255.6] cost=701.00 no_imp=5/20 (còn 572s)
2026-04-04 11:29:16,705 -   [Inner 255.7] cost=701.00 no_imp=6/20 (còn 572s)
2026-04-04 11:29:16,828 -   [Inner 255.8] cost=701.00 no_imp=7/20 (còn 572s)
2026-04-04 11:29:16,951 -   [Inner 255.9] cost=701.00 no_imp=8/20 (còn 572s)
2026-04-04 11:29:17,074 -   [Inner 255.10] cost=701.00 no_imp=9/20 (còn 572s)
2026-04-04 11:29:17,197 -   [Inner 255.11] cost=701.00 no_imp=10/20 (còn 571s)
2026-04-04 11:29:17,318 -   [Inner 255.12] cost=701.00 no_imp=11/20 (còn 571s)
2026-04-04 11:29:17,441 -   [Inner 255.13] cost=701.00 no_imp=12/20 (còn 571s)
2026-04-04 11:29:17,563 -   [Inner 255.14] cost=701.00 no_imp=13/20 (còn 571s)
2026-04-04 11:29:17,684 -   [Inner 255.15] cost=701.00 no_imp=14/20 (còn 571s)
2026-04-04 11:29:17,806 -   [Inner 255.16] cost=701.00 no_imp=15/20 (còn 571s)
2026-04-04 11:29:17,928 -   [Inner 255.17] cost=701.00 no_imp=16/20 (còn 571s)
2026-04-04 11:29:18,052 -   [Inner 255.18] cost=701.00 no_imp=17/20 (còn 571s)
2026-04-04 11:29:18,175 -   [Inner 255.19] cost=701.00 no_imp=18/20 (còn 571s)
2026-04-04 11:29:18,298 -   [Inner 255.20] cost=701.00 no_imp=19/20 (còn 570s)
2026-04-04 11:29:18,424 -   [Outer 255] Chạy Pairwise MaxSAT...
2026-04-04 11:29:18,424 -   [Outer] Pairwise không cải thiện cặp nào, quay lại inner.
2026-04-04 11:29:18,424 - === OUTER 256 | cost=701.00 (còn 570s) ===
2026-04-04 11:29:18,424 -   [Inner 256.1] cost=701.00 no_imp=0/20 (còn 570s)
2026-04-04 11:29:18,547 -   [Inner 256.2] cost=701.00 no_imp=1/20 (còn 570s)
2026-04-04 11:29:18,668 -   [Inner 256.3] cost=701.00 no_imp=2/20 (còn 570s)
2026-04-04 11:29:18,792 -   [Inner 256.4] cost=701.00 no_imp=3/20 (còn 570s)
2026-04-04 11:29:18,915 -   [Inner 256.5] cost=701.00 no_imp=4/20 (còn 570s)
2026-04-04 11:29:19,037 -   [Inner 256.6] cost=701.00 no_imp=5/20 (còn 570s)
2026-04-04 11:29:19,159 -   [Inner 256.7] cost=701.00 no_imp=6/20 (còn 570s)
2026-04-04 11:29:19,282 -   [Inner 256.8] cost=701.00 no_imp=7/20 (còn 569s)
2026-04-04 11:29:19,411 -   [Inner 256.9] cost=701.00 no_imp=8/20 (còn 569s)
2026-04-04 11:29:19,535 -   [Inner 256.10] cost=701.00 no_imp=9/20 (còn 569s)
2026-04-04 11:29:19,656 -   [Inner 256.11] cost=701.00 no_imp=10/20 (còn 569s)
2026-04-04 11:29:19,780 -   [Inner 256.12] cost=701.00 no_imp=11/20 (còn 569s)
2026-04-04 11:29:19,902 -   [Inner 256.13] cost=701.00 no_imp=12/20 (còn 569s)
2026-04-04 11:29:20,028 -   [Inner 256.14] cost=701.00 no_imp=13/20 (còn 569s)
2026-04-04 11:29:20,152 -   [Inner 256.15] cost=701.00 no_imp=14/20 (còn 569s)
2026-04-04 11:29:20,276 -   [Inner 256.16] cost=701.00 no_imp=15/20 (còn 568s)
2026-04-04 11:29:20,400 -   [Inner 256.17] cost=701.00 no_imp=16/20 (còn 568s)
2026-04-04 11:29:20,523 -   [Inner 256.18] cost=701.00 no_imp=17/20 (còn 568s)
2026-04-04 11:29:20,646 -   [Inner 256.19] cost=701.00 no_imp=18/20 (còn 568s)
2026-04-04 11:29:20,771 -   [Inner 256.20] cost=701.00 no_imp=19/20 (còn 568s)
2026-04-04 11:29:20,893 -   [Outer 256] Chạy Pairwise MaxSAT...
2026-04-04 11:29:20,893 -   [Outer] Pairwise không cải thiện cặp nào, quay lại inner.
2026-04-04 11:29:20,894 - === OUTER 257 | cost=701.00 (còn 568s) ===
2026-04-04 11:29:20,894 -   [Inner 257.1] cost=701.00 no_imp=0/20 (còn 568s)
2026-04-04 11:29:21,017 -   [Inner 257.2] cost=701.00 no_imp=1/20 (còn 568s)
2026-04-04 11:29:21,141 -   [Inner 257.3] cost=701.00 no_imp=2/20 (còn 568s)
2026-04-04 11:29:21,265 -   [Inner 257.4] cost=701.00 no_imp=3/20 (còn 567s)
2026-04-04 11:29:21,388 -   [Inner 257.5] cost=701.00 no_imp=4/20 (còn 567s)
2026-04-04 11:29:21,509 -   [Inner 257.6] cost=701.00 no_imp=5/20 (còn 567s)
2026-04-04 11:29:21,633 -   [Inner 257.7] cost=701.00 no_imp=6/20 (còn 567s)
2026-04-04 11:29:21,755 -   [Inner 257.8] cost=701.00 no_imp=7/20 (còn 567s)
2026-04-04 11:29:21,879 -   [Inner 257.9] cost=701.00 no_imp=8/20 (còn 567s)
2026-04-04 11:29:22,003 -   [Inner 257.10] cost=701.00 no_imp=9/20 (còn 567s)
2026-04-04 11:29:22,127 -   [Inner 257.11] cost=701.00 no_imp=10/20 (còn 567s)
2026-04-04 11:29:22,250 -   [Inner 257.12] cost=701.00 no_imp=11/20 (còn 566s)
2026-04-04 11:29:22,374 -   [Inner 257.13] cost=701.00 no_imp=12/20 (còn 566s)
2026-04-04 11:29:22,497 -   [Inner 257.14] cost=701.00 no_imp=13/20 (còn 566s)
2026-04-04 11:29:22,618 -   [Inner 257.15] cost=701.00 no_imp=14/20 (còn 566s)
2026-04-04 11:29:22,741 -   [Inner 257.16] cost=701.00 no_imp=15/20 (còn 566s)
2026-04-04 11:29:22,862 -   [Inner 257.17] cost=701.00 no_imp=16/20 (còn 566s)
2026-04-04 11:29:22,984 -   [Inner 257.18] cost=701.00 no_imp=17/20 (còn 566s)
2026-04-04 11:29:23,107 -   [Inner 257.19] cost=701.00 no_imp=18/20 (còn 566s)
2026-04-04 11:29:23,230 -   [Inner 257.20] cost=701.00 no_imp=19/20 (còn 565s)
2026-04-04 11:29:23,353 -   [Outer 257] Chạy Pairwise MaxSAT...
2026-04-04 11:29:23,354 -   [Outer] Pairwise không cải thiện cặp nào, quay lại inner.
2026-04-04 11:29:23,354 - === OUTER 258 | cost=701.00 (còn 565s) ===
2026-04-04 11:29:23,354 -   [Inner 258.1] cost=701.00 no_imp=0/20 (còn 565s)
2026-04-04 11:29:23,475 -   [Inner 258.2] cost=701.00 no_imp=1/20 (còn 565s)
2026-04-04 11:29:23,600 -   [Inner 258.3] cost=701.00 no_imp=2/20 (còn 565s)
2026-04-04 11:29:23,722 -   [Inner 258.4] cost=701.00 no_imp=3/20 (còn 565s)
2026-04-04 11:29:23,846 -   [Inner 258.5] cost=701.00 no_imp=4/20 (còn 565s)
2026-04-04 11:29:23,967 -   [Inner 258.6] cost=701.00 no_imp=5/20 (còn 565s)
2026-04-04 11:29:24,090 -   [Inner 258.7] cost=701.00 no_imp=6/20 (còn 565s)
2026-04-04 11:29:24,214 -   [Inner 258.8] cost=701.00 no_imp=7/20 (còn 564s)
2026-04-04 11:29:24,338 -   [Inner 258.9] cost=701.00 no_imp=8/20 (còn 564s)
2026-04-04 11:29:24,462 -   [Inner 258.10] cost=701.00 no_imp=9/20 (còn 564s)
2026-04-04 11:29:24,585 -   [Inner 258.11] cost=701.00 no_imp=10/20 (còn 564s)
2026-04-04 11:29:24,706 -   [Inner 258.12] cost=701.00 no_imp=11/20 (còn 564s)
2026-04-04 11:29:24,828 -   [Inner 258.13] cost=701.00 no_imp=12/20 (còn 564s)
2026-04-04 11:29:24,951 -   [Inner 258.14] cost=701.00 no_imp=13/20 (còn 564s)
2026-04-04 11:29:25,074 -   [Inner 258.15] cost=701.00 no_imp=14/20 (còn 564s)
2026-04-04 11:29:25,195 -   [Inner 258.16] cost=701.00 no_imp=15/20 (còn 563s)
2026-04-04 11:29:25,322 -   [Inner 258.17] cost=701.00 no_imp=16/20 (còn 563s)
2026-04-04 11:29:25,444 -   [Inner 258.18] cost=701.00 no_imp=17/20 (còn 563s)
2026-04-04 11:29:25,567 -   [Inner 258.19] cost=701.00 no_imp=18/20 (còn 563s)
2026-04-04 11:29:25,690 -   [Inner 258.20] cost=701.00 no_imp=19/20 (còn 563s)
2026-04-04 11:29:25,812 -   [Outer 258] Chạy Pairwise MaxSAT...
2026-04-04 11:29:25,813 -   [Outer] Pairwise không cải thiện cặp nào, quay lại inner.
2026-04-04 11:29:25,813 - === OUTER 259 | cost=701.00 (còn 563s) ===
2026-04-04 11:29:25,813 -   [Inner 259.1] cost=701.00 no_imp=0/20 (còn 563s)
2026-04-04 11:29:25,935 -   [Inner 259.2] cost=701.00 no_imp=1/20 (còn 563s)
2026-04-04 11:29:26,058 -   [Inner 259.3] cost=701.00 no_imp=2/20 (còn 563s)
2026-04-04 11:29:26,181 -   [Inner 259.4] cost=701.00 no_imp=3/20 (còn 563s)
2026-04-04 11:29:26,304 -   [Inner 259.5] cost=701.00 no_imp=4/20 (còn 562s)
2026-04-04 11:29:26,428 -   [Inner 259.6] cost=701.00 no_imp=5/20 (còn 562s)
2026-04-04 11:29:26,555 -   [Inner 259.7] cost=701.00 no_imp=6/20 (còn 562s)
2026-04-04 11:29:26,678 -   [Inner 259.8] cost=701.00 no_imp=7/20 (còn 562s)
2026-04-04 11:29:26,803 -   [Inner 259.9] cost=701.00 no_imp=8/20 (còn 562s)
2026-04-04 11:29:26,925 -   [Inner 259.10] cost=701.00 no_imp=9/20 (còn 562s)
2026-04-04 11:29:27,048 -   [Inner 259.11] cost=701.00 no_imp=10/20 (còn 562s)
2026-04-04 11:29:27,170 -   [Inner 259.12] cost=701.00 no_imp=11/20 (còn 562s)
2026-04-04 11:29:27,294 -   [Inner 259.13] cost=701.00 no_imp=12/20 (còn 561s)
2026-04-04 11:29:27,417 -   [Inner 259.14] cost=701.00 no_imp=13/20 (còn 561s)
2026-04-04 11:29:27,538 -   [Inner 259.15] cost=701.00 no_imp=14/20 (còn 561s)
2026-04-04 11:29:27,661 -   [Inner 259.16] cost=701.00 no_imp=15/20 (còn 561s)
2026-04-04 11:29:27,783 -   [Inner 259.17] cost=701.00 no_imp=16/20 (còn 561s)
2026-04-04 11:29:27,907 -   [Inner 259.18] cost=701.00 no_imp=17/20 (còn 561s)
2026-04-04 11:29:28,030 -   [Inner 259.19] cost=701.00 no_imp=18/20 (còn 561s)
2026-04-04 11:29:28,153 -   [Inner 259.20] cost=701.00 no_imp=19/20 (còn 561s)
2026-04-04 11:29:28,276 -   [Outer 259] Chạy Pairwise MaxSAT...
2026-04-04 11:29:28,276 -   [Outer] Pairwise không cải thiện cặp nào, quay lại inner.
2026-04-04 11:29:28,277 - === OUTER 260 | cost=701.00 (còn 560s) ===
2026-04-04 11:29:28,277 -   [Inner 260.1] cost=701.00 no_imp=0/20 (còn 560s)
2026-04-04 11:29:28,400 -   [Inner 260.2] cost=701.00 no_imp=1/20 (còn 560s)
2026-04-04 11:29:28,526 -   [Inner 260.3] cost=701.00 no_imp=2/20 (còn 560s)
2026-04-04 11:29:28,647 -   [Inner 260.4] cost=701.00 no_imp=3/20 (còn 560s)
2026-04-04 11:29:28,770 -   [Inner 260.5] cost=701.00 no_imp=4/20 (còn 560s)
2026-04-04 11:29:28,892 -   [Inner 260.6] cost=701.00 no_imp=5/20 (còn 560s)
2026-04-04 11:29:29,017 -   [Inner 260.7] cost=701.00 no_imp=6/20 (còn 560s)
2026-04-04 11:29:29,140 -   [Inner 260.8] cost=701.00 no_imp=7/20 (còn 560s)
2026-04-04 11:29:29,264 -   [Inner 260.9] cost=701.00 no_imp=8/20 (còn 559s)
2026-04-04 11:29:29,387 -   [Inner 260.10] cost=701.00 no_imp=9/20 (còn 559s)
2026-04-04 11:29:29,510 -   [Inner 260.11] cost=701.00 no_imp=10/20 (còn 559s)
2026-04-04 11:29:29,633 -   [Inner 260.12] cost=701.00 no_imp=11/20 (còn 559s)
2026-04-04 11:29:29,756 -   [Inner 260.13] cost=701.00 no_imp=12/20 (còn 559s)
2026-04-04 11:29:29,880 -   [Inner 260.14] cost=701.00 no_imp=13/20 (còn 559s)
2026-04-04 11:29:30,002 -   [Inner 260.15] cost=701.00 no_imp=14/20 (còn 559s)
2026-04-04 11:29:30,125 -   [Inner 260.16] cost=701.00 no_imp=15/20 (còn 559s)
2026-04-04 11:29:30,248 -   [Inner 260.17] cost=701.00 no_imp=16/20 (còn 558s)
2026-04-04 11:29:30,372 -   [Inner 260.18] cost=701.00 no_imp=17/20 (còn 558s)
2026-04-04 11:29:30,493 -   [Inner 260.19] cost=701.00 no_imp=18/20 (còn 558s)
2026-04-04 11:29:30,620 -   [Inner 260.20] cost=701.00 no_imp=19/20 (còn 558s)
2026-04-04 11:29:30,742 -   [Outer 260] Chạy Pairwise MaxSAT...
2026-04-04 11:29:30,742 -   [Outer] Pairwise không cải thiện cặp nào, quay lại inner.
2026-04-04 11:29:30,742 - === OUTER 261 | cost=701.00 (còn 558s) ===
2026-04-04 11:29:30,742 -   [Inner 261.1] cost=701.00 no_imp=0/20 (còn 558s)
2026-04-04 11:29:30,866 -   [Inner 261.2] cost=701.00 no_imp=1/20 (còn 558s)
2026-04-04 11:29:30,989 -   [Inner 261.3] cost=701.00 no_imp=2/20 (còn 558s)
2026-04-04 11:29:31,111 -   [Inner 261.4] cost=701.00 no_imp=3/20 (còn 558s)
2026-04-04 11:29:31,232 -   [Inner 261.5] cost=701.00 no_imp=4/20 (còn 557s)
2026-04-04 11:29:31,356 -   [Inner 261.6] cost=701.00 no_imp=5/20 (còn 557s)
2026-04-04 11:29:31,478 -   [Inner 261.7] cost=701.00 no_imp=6/20 (còn 557s)
2026-04-04 11:29:31,601 -   [Inner 261.8] cost=701.00 no_imp=7/20 (còn 557s)
2026-04-04 11:29:31,724 -   [Inner 261.9] cost=701.00 no_imp=8/20 (còn 557s)
2026-04-04 11:29:31,846 -   [Inner 261.10] cost=701.00 no_imp=9/20 (còn 557s)
2026-04-04 11:29:31,969 -   [Inner 261.11] cost=701.00 no_imp=10/20 (còn 557s)
2026-04-04 11:29:32,092 -   [Inner 261.12] cost=701.00 no_imp=11/20 (còn 557s)
2026-04-04 11:29:32,216 -   [Inner 261.13] cost=701.00 no_imp=12/20 (còn 556s)
2026-04-04 11:29:32,338 -   [Inner 261.14] cost=701.00 no_imp=13/20 (còn 556s)
2026-04-04 11:29:32,467 -   [Inner 261.15] cost=701.00 no_imp=14/20 (còn 556s)
2026-04-04 11:29:32,592 -   [Inner 261.16] cost=701.00 no_imp=15/20 (còn 556s)
2026-04-04 11:29:32,714 -   [Inner 261.17] cost=701.00 no_imp=16/20 (còn 556s)
2026-04-04 11:29:32,836 -   [Inner 261.18] cost=701.00 no_imp=17/20 (còn 556s)
2026-04-04 11:29:32,958 -   [Inner 261.19] cost=701.00 no_imp=18/20 (còn 556s)
2026-04-04 11:29:33,081 -   [Inner 261.20] cost=701.00 no_imp=19/20 (còn 556s)
2026-04-04 11:29:33,204 -   [Outer 261] Chạy Pairwise MaxSAT...
2026-04-04 11:29:33,204 -   [Outer] Pairwise không cải thiện cặp nào, quay lại inner.
2026-04-04 11:29:33,205 - === OUTER 262 | cost=701.00 (còn 555s) ===
2026-04-04 11:29:33,205 -   [Inner 262.1] cost=701.00 no_imp=0/20 (còn 555s)
2026-04-04 11:29:33,329 -   [Inner 262.2] cost=701.00 no_imp=1/20 (còn 555s)
2026-04-04 11:29:33,452 -   [Inner 262.3] cost=701.00 no_imp=2/20 (còn 555s)
2026-04-04 11:29:33,575 -   [Inner 262.4] cost=701.00 no_imp=3/20 (còn 555s)
2026-04-04 11:29:33,696 -   [Inner 262.5] cost=701.00 no_imp=4/20 (còn 555s)
2026-04-04 11:29:33,831 -   [Inner 262.6] cost=701.00 no_imp=5/20 (còn 555s)
2026-04-04 11:29:33,953 -   [Inner 262.7] cost=701.00 no_imp=6/20 (còn 555s)
2026-04-04 11:29:34,078 -   [Inner 262.8] cost=701.00 no_imp=7/20 (còn 555s)
2026-04-04 11:29:34,202 -   [Inner 262.9] cost=701.00 no_imp=8/20 (còn 554s)
2026-04-04 11:29:34,324 -   [Inner 262.10] cost=701.00 no_imp=9/20 (còn 554s)
2026-04-04 11:29:34,448 -   [Inner 262.11] cost=701.00 no_imp=10/20 (còn 554s)
2026-04-04 11:29:34,570 -   [Inner 262.12] cost=701.00 no_imp=11/20 (còn 554s)
2026-04-04 11:29:34,695 -   [Inner 262.13] cost=701.00 no_imp=12/20 (còn 554s)
2026-04-04 11:29:34,838 -   [Inner 262.14] cost=701.00 no_imp=13/20 (còn 554s)
2026-04-04 11:29:34,959 -   [Inner 262.15] cost=701.00 no_imp=14/20 (còn 554s)
2026-04-04 11:29:35,087 -   [Inner 262.16] cost=701.00 no_imp=15/20 (còn 554s)
2026-04-04 11:29:35,210 -   [Inner 262.17] cost=701.00 no_imp=16/20 (còn 553s)
2026-04-04 11:29:35,332 -   [Inner 262.18] cost=701.00 no_imp=17/20 (còn 553s)
2026-04-04 11:29:35,453 -   [Inner 262.19] cost=701.00 no_imp=18/20 (còn 553s)
2026-04-04 11:29:35,578 -   [Inner 262.20] cost=701.00 no_imp=19/20 (còn 553s)
2026-04-04 11:29:35,701 -   [Outer 262] Chạy Pairwise MaxSAT...
2026-04-04 11:29:35,701 -   [Outer] Pairwise không cải thiện cặp nào, quay lại inner.
2026-04-04 11:29:35,701 - === OUTER 263 | cost=701.00 (còn 553s) ===
2026-04-04 11:29:35,701 -   [Inner 263.1] cost=701.00 no_imp=0/20 (còn 553s)
2026-04-04 11:29:35,826 -   [Inner 263.2] cost=701.00 no_imp=1/20 (còn 553s)
2026-04-04 11:29:35,949 -   [Inner 263.3] cost=701.00 no_imp=2/20 (còn 553s)
2026-04-04 11:29:36,072 -   [Inner 263.4] cost=701.00 no_imp=3/20 (còn 553s)
2026-04-04 11:29:36,195 -   [Inner 263.5] cost=701.00 no_imp=4/20 (còn 552s)
2026-04-04 11:29:36,319 -   [Inner 263.6] cost=701.00 no_imp=5/20 (còn 552s)
2026-04-04 11:29:36,442 -   [Inner 263.7] cost=701.00 no_imp=6/20 (còn 552s)
2026-04-04 11:29:36,563 -   [Inner 263.8] cost=701.00 no_imp=7/20 (còn 552s)
2026-04-04 11:29:36,687 -   [Inner 263.9] cost=701.00 no_imp=8/20 (còn 552s)
2026-04-04 11:29:36,810 -   [Inner 263.10] cost=701.00 no_imp=9/20 (còn 552s)
2026-04-04 11:29:36,934 -   [Inner 263.11] cost=701.00 no_imp=10/20 (còn 552s)
2026-04-04 11:29:37,058 -   [Inner 263.12] cost=701.00 no_imp=11/20 (còn 552s)
2026-04-04 11:29:37,180 -   [Inner 263.13] cost=701.00 no_imp=12/20 (còn 552s)
2026-04-04 11:29:37,303 -   [Inner 263.14] cost=701.00 no_imp=13/20 (còn 551s)
2026-04-04 11:29:37,426 -   [Inner 263.15] cost=701.00 no_imp=14/20 (còn 551s)
2026-04-04 11:29:37,549 -   [Inner 263.16] cost=701.00 no_imp=15/20 (còn 551s)
2026-04-04 11:29:37,669 -   [Inner 263.17] cost=701.00 no_imp=16/20 (còn 551s)
2026-04-04 11:29:37,791 -   [Inner 263.18] cost=701.00 no_imp=17/20 (còn 551s)
2026-04-04 11:29:37,914 -   [Inner 263.19] cost=701.00 no_imp=18/20 (còn 551s)
2026-04-04 11:29:38,037 -   [Inner 263.20] cost=701.00 no_imp=19/20 (còn 551s)
2026-04-04 11:29:38,161 -   [Outer 263] Chạy Pairwise MaxSAT...
2026-04-04 11:29:38,161 -   [Outer] Pairwise không cải thiện cặp nào, quay lại inner.
2026-04-04 11:29:38,162 - === OUTER 264 | cost=701.00 (còn 551s) ===
2026-04-04 11:29:38,162 -   [Inner 264.1] cost=701.00 no_imp=0/20 (còn 551s)
2026-04-04 11:29:38,284 -   [Inner 264.2] cost=701.00 no_imp=1/20 (còn 550s)
2026-04-04 11:29:38,407 -   [Inner 264.3] cost=701.00 no_imp=2/20 (còn 550s)
2026-04-04 11:29:38,529 -   [Inner 264.4] cost=701.00 no_imp=3/20 (còn 550s)
2026-04-04 11:29:38,653 -   [Inner 264.5] cost=701.00 no_imp=4/20 (còn 550s)
2026-04-04 11:29:38,777 -   [Inner 264.6] cost=701.00 no_imp=5/20 (còn 550s)
2026-04-04 11:29:38,900 -   [Inner 264.7] cost=701.00 no_imp=6/20 (còn 550s)
2026-04-04 11:29:39,023 -   [Inner 264.8] cost=701.00 no_imp=7/20 (còn 550s)
2026-04-04 11:29:39,145 -   [Inner 264.9] cost=701.00 no_imp=8/20 (còn 550s)
2026-04-04 11:29:39,267 -   [Inner 264.10] cost=701.00 no_imp=9/20 (còn 549s)
2026-04-04 11:29:39,390 -   [Inner 264.11] cost=701.00 no_imp=10/20 (còn 549s)
2026-04-04 11:29:39,515 -   [Inner 264.12] cost=701.00 no_imp=11/20 (còn 549s)
2026-04-04 11:29:39,638 -   [Inner 264.13] cost=701.00 no_imp=12/20 (còn 549s)
2026-04-04 11:29:39,761 -   [Inner 264.14] cost=701.00 no_imp=13/20 (còn 549s)
2026-04-04 11:29:39,885 -   [Inner 264.15] cost=701.00 no_imp=14/20 (còn 549s)
2026-04-04 11:29:40,009 -   [Inner 264.16] cost=701.00 no_imp=15/20 (còn 549s)
2026-04-04 11:29:40,131 -   [Inner 264.17] cost=701.00 no_imp=16/20 (còn 549s)
2026-04-04 11:29:40,254 -   [Inner 264.18] cost=701.00 no_imp=17/20 (còn 548s)
2026-04-04 11:29:40,378 -   [Inner 264.19] cost=701.00 no_imp=18/20 (còn 548s)
2026-04-04 11:29:40,500 -   [Inner 264.20] cost=701.00 no_imp=19/20 (còn 548s)
2026-04-04 11:29:40,623 -   [Outer 264] Chạy Pairwise MaxSAT...
2026-04-04 11:29:40,624 -   [Outer] Pairwise không cải thiện cặp nào, quay lại inner.
2026-04-04 11:29:40,624 - === OUTER 265 | cost=701.00 (còn 548s) ===
2026-04-04 11:29:40,624 -   [Inner 265.1] cost=701.00 no_imp=0/20 (còn 548s)
2026-04-04 11:29:40,749 -   [Inner 265.2] cost=701.00 no_imp=1/20 (còn 548s)
2026-04-04 11:29:40,870 -   [Inner 265.3] cost=701.00 no_imp=2/20 (còn 548s)
2026-04-04 11:29:40,992 -   [Inner 265.4] cost=701.00 no_imp=3/20 (còn 548s)
2026-04-04 11:29:41,116 -   [Inner 265.5] cost=701.00 no_imp=4/20 (còn 548s)
2026-04-04 11:29:41,237 -   [Inner 265.6] cost=701.00 no_imp=5/20 (còn 547s)
2026-04-04 11:29:41,359 -   [Inner 265.7] cost=701.00 no_imp=6/20 (còn 547s)
2026-04-04 11:29:41,481 -   [Inner 265.8] cost=701.00 no_imp=7/20 (còn 547s)
2026-04-04 11:29:41,603 -   [Inner 265.9] cost=701.00 no_imp=8/20 (còn 547s)
2026-04-04 11:29:41,725 -   [Inner 265.10] cost=701.00 no_imp=9/20 (còn 547s)
2026-04-04 11:29:41,848 -   [Inner 265.11] cost=701.00 no_imp=10/20 (còn 547s)
2026-04-04 11:29:41,970 -   [Inner 265.12] cost=701.00 no_imp=11/20 (còn 547s)
2026-04-04 11:29:42,094 -   [Inner 265.13] cost=701.00 no_imp=12/20 (còn 547s)
2026-04-04 11:29:42,215 -   [Inner 265.14] cost=701.00 no_imp=13/20 (còn 546s)
2026-04-04 11:29:42,338 -   [Inner 265.15] cost=701.00 no_imp=14/20 (còn 546s)
2026-04-04 11:29:42,461 -   [Inner 265.16] cost=701.00 no_imp=15/20 (còn 546s)
2026-04-04 11:29:42,584 -   [Inner 265.17] cost=701.00 no_imp=16/20 (còn 546s)
2026-04-04 11:29:42,707 -   [Inner 265.18] cost=701.00 no_imp=17/20 (còn 546s)
2026-04-04 11:29:42,831 -   [Inner 265.19] cost=701.00 no_imp=18/20 (còn 546s)
2026-04-04 11:29:42,954 -   [Inner 265.20] cost=701.00 no_imp=19/20 (còn 546s)
2026-04-04 11:29:43,076 -   [Outer 265] Chạy Pairwise MaxSAT...
2026-04-04 11:29:43,076 -   [Outer] Pairwise không cải thiện cặp nào, quay lại inner.
2026-04-04 11:29:43,076 - === OUTER 266 | cost=701.00 (còn 546s) ===
2026-04-04 11:29:43,076 -   [Inner 266.1] cost=701.00 no_imp=0/20 (còn 546s)
2026-04-04 11:29:43,199 -   [Inner 266.2] cost=701.00 no_imp=1/20 (còn 545s)
2026-04-04 11:29:43,321 -   [Inner 266.3] cost=701.00 no_imp=2/20 (còn 545s)
2026-04-04 11:29:43,443 -   [Inner 266.4] cost=701.00 no_imp=3/20 (còn 545s)
2026-04-04 11:29:43,566 -   [Inner 266.5] cost=701.00 no_imp=4/20 (còn 545s)
2026-04-04 11:29:43,686 -   [Inner 266.6] cost=701.00 no_imp=5/20 (còn 545s)
2026-04-04 11:29:43,809 -   [Inner 266.7] cost=701.00 no_imp=6/20 (còn 545s)
2026-04-04 11:29:43,931 -   [Inner 266.8] cost=701.00 no_imp=7/20 (còn 545s)
2026-04-04 11:29:44,054 -   [Inner 266.9] cost=701.00 no_imp=8/20 (còn 545s)
2026-04-04 11:29:44,176 -   [Inner 266.10] cost=701.00 no_imp=9/20 (còn 545s)
2026-04-04 11:29:44,299 -   [Inner 266.11] cost=701.00 no_imp=10/20 (còn 544s)
2026-04-04 11:29:44,422 -   [Inner 266.12] cost=701.00 no_imp=11/20 (còn 544s)
2026-04-04 11:29:44,544 -   [Inner 266.13] cost=701.00 no_imp=12/20 (còn 544s)
2026-04-04 11:29:44,667 -   [Inner 266.14] cost=701.00 no_imp=13/20 (còn 544s)
2026-04-04 11:29:44,791 -   [Inner 266.15] cost=701.00 no_imp=14/20 (còn 544s)
2026-04-04 11:29:44,914 -   [Inner 266.16] cost=701.00 no_imp=15/20 (còn 544s)
2026-04-04 11:29:45,038 -   [Inner 266.17] cost=701.00 no_imp=16/20 (còn 544s)
2026-04-04 11:29:45,160 -   [Inner 266.18] cost=701.00 no_imp=17/20 (còn 544s)
2026-04-04 11:29:45,282 -   [Inner 266.19] cost=701.00 no_imp=18/20 (còn 543s)
2026-04-04 11:29:45,406 -   [Inner 266.20] cost=701.00 no_imp=19/20 (còn 543s)
2026-04-04 11:29:45,528 -   [Outer 266] Chạy Pairwise MaxSAT...
2026-04-04 11:29:45,528 -   [Outer] Pairwise không cải thiện cặp nào, quay lại inner.
2026-04-04 11:29:45,529 - === OUTER 267 | cost=701.00 (còn 543s) ===
2026-04-04 11:29:45,529 -   [Inner 267.1] cost=701.00 no_imp=0/20 (còn 543s)
2026-04-04 11:29:45,653 -   [Inner 267.2] cost=701.00 no_imp=1/20 (còn 543s)
2026-04-04 11:29:45,774 -   [Inner 267.3] cost=701.00 no_imp=2/20 (còn 543s)
2026-04-04 11:29:45,897 -   [Inner 267.4] cost=701.00 no_imp=3/20 (còn 543s)
2026-04-04 11:29:46,019 -   [Inner 267.5] cost=701.00 no_imp=4/20 (còn 543s)
2026-04-04 11:29:46,141 -   [Inner 267.6] cost=701.00 no_imp=5/20 (còn 543s)
2026-04-04 11:29:46,263 -   [Inner 267.7] cost=701.00 no_imp=6/20 (còn 542s)
2026-04-04 11:29:46,385 -   [Inner 267.8] cost=701.00 no_imp=7/20 (còn 542s)
2026-04-04 11:29:46,506 -   [Inner 267.9] cost=701.00 no_imp=8/20 (còn 542s)
2026-04-04 11:29:46,629 -   [Inner 267.10] cost=701.00 no_imp=9/20 (còn 542s)
2026-04-04 11:29:46,752 -   [Inner 267.11] cost=701.00 no_imp=10/20 (còn 542s)
2026-04-04 11:29:46,877 -   [Inner 267.12] cost=701.00 no_imp=11/20 (còn 542s)
2026-04-04 11:29:46,999 -   [Inner 267.13] cost=701.00 no_imp=12/20 (còn 542s)
2026-04-04 11:29:47,124 -   [Inner 267.14] cost=701.00 no_imp=13/20 (còn 542s)
2026-04-04 11:29:47,247 -   [Inner 267.15] cost=701.00 no_imp=14/20 (còn 541s)
2026-04-04 11:29:47,370 -   [Inner 267.16] cost=701.00 no_imp=15/20 (còn 541s)
2026-04-04 11:29:47,492 -   [Inner 267.17] cost=701.00 no_imp=16/20 (còn 541s)
2026-04-04 11:29:47,614 -   [Inner 267.18] cost=701.00 no_imp=17/20 (còn 541s)
2026-04-04 11:29:47,737 -   [Inner 267.19] cost=701.00 no_imp=18/20 (còn 541s)
2026-04-04 11:29:47,860 -   [Inner 267.20] cost=701.00 no_imp=19/20 (còn 541s)
2026-04-04 11:29:47,982 -   [Outer 267] Chạy Pairwise MaxSAT...
2026-04-04 11:29:47,982 -   [Outer] Pairwise không cải thiện cặp nào, quay lại inner.
2026-04-04 11:29:47,982 - === OUTER 268 | cost=701.00 (còn 541s) ===
2026-04-04 11:29:47,983 -   [Inner 268.1] cost=701.00 no_imp=0/20 (còn 541s)
2026-04-04 11:29:48,104 -   [Inner 268.2] cost=701.00 no_imp=1/20 (còn 541s)
2026-04-04 11:29:48,226 -   [Inner 268.3] cost=701.00 no_imp=2/20 (còn 540s)
2026-04-04 11:29:48,348 -   [Inner 268.4] cost=701.00 no_imp=3/20 (còn 540s)
2026-04-04 11:29:48,471 -   [Inner 268.5] cost=701.00 no_imp=4/20 (còn 540s)
2026-04-04 11:29:48,594 -   [Inner 268.6] cost=701.00 no_imp=5/20 (còn 540s)
2026-04-04 11:29:48,716 -   [Inner 268.7] cost=701.00 no_imp=6/20 (còn 540s)
2026-04-04 11:29:48,843 -   [Inner 268.8] cost=701.00 no_imp=7/20 (còn 540s)
2026-04-04 11:29:48,965 -   [Inner 268.9] cost=701.00 no_imp=8/20 (còn 540s)
2026-04-04 11:29:49,088 -   [Inner 268.10] cost=701.00 no_imp=9/20 (còn 540s)
2026-04-04 11:29:49,210 -   [Inner 268.11] cost=701.00 no_imp=10/20 (còn 539s)
2026-04-04 11:29:49,334 -   [Inner 268.12] cost=701.00 no_imp=11/20 (còn 539s)
2026-04-04 11:29:49,457 -   [Inner 268.13] cost=701.00 no_imp=12/20 (còn 539s)
2026-04-04 11:29:49,579 -   [Inner 268.14] cost=701.00 no_imp=13/20 (còn 539s)
2026-04-04 11:29:49,700 -   [Inner 268.15] cost=701.00 no_imp=14/20 (còn 539s)
2026-04-04 11:29:49,823 -   [Inner 268.16] cost=701.00 no_imp=15/20 (còn 539s)
2026-04-04 11:29:49,944 -   [Inner 268.17] cost=701.00 no_imp=16/20 (còn 539s)
2026-04-04 11:29:50,069 -   [Inner 268.18] cost=701.00 no_imp=17/20 (còn 539s)
2026-04-04 11:29:50,190 -   [Inner 268.19] cost=701.00 no_imp=18/20 (còn 538s)
2026-04-04 11:29:50,315 -   [Inner 268.20] cost=701.00 no_imp=19/20 (còn 538s)
2026-04-04 11:29:50,438 -   [Outer 268] Chạy Pairwise MaxSAT...
2026-04-04 11:29:50,438 -   [Outer] Pairwise không cải thiện cặp nào, quay lại inner.
2026-04-04 11:29:50,438 - === OUTER 269 | cost=701.00 (còn 538s) ===
2026-04-04 11:29:50,438 -   [Inner 269.1] cost=701.00 no_imp=0/20 (còn 538s)
2026-04-04 11:29:50,559 -   [Inner 269.2] cost=701.00 no_imp=1/20 (còn 538s)
2026-04-04 11:29:50,683 -   [Inner 269.3] cost=701.00 no_imp=2/20 (còn 538s)
2026-04-04 11:29:50,807 -   [Inner 269.4] cost=701.00 no_imp=3/20 (còn 538s)
2026-04-04 11:29:50,932 -   [Inner 269.5] cost=701.00 no_imp=4/20 (còn 538s)
2026-04-04 11:29:51,054 -   [Inner 269.6] cost=701.00 no_imp=5/20 (còn 538s)
2026-04-04 11:29:51,176 -   [Inner 269.7] cost=701.00 no_imp=6/20 (còn 538s)
2026-04-04 11:29:51,300 -   [Inner 269.8] cost=701.00 no_imp=7/20 (còn 537s)
2026-04-04 11:29:51,423 -   [Inner 269.9] cost=701.00 no_imp=8/20 (còn 537s)
2026-04-04 11:29:51,544 -   [Inner 269.10] cost=701.00 no_imp=9/20 (còn 537s)
2026-04-04 11:29:51,666 -   [Inner 269.11] cost=701.00 no_imp=10/20 (còn 537s)
2026-04-04 11:29:51,788 -   [Inner 269.12] cost=701.00 no_imp=11/20 (còn 537s)
2026-04-04 11:29:51,911 -   [Inner 269.13] cost=701.00 no_imp=12/20 (còn 537s)
2026-04-04 11:29:52,034 -   [Inner 269.14] cost=701.00 no_imp=13/20 (còn 537s)
2026-04-04 11:29:52,155 -   [Inner 269.15] cost=701.00 no_imp=14/20 (còn 537s)
2026-04-04 11:29:52,279 -   [Inner 269.16] cost=701.00 no_imp=15/20 (còn 536s)
2026-04-04 11:29:52,401 -   [Inner 269.17] cost=701.00 no_imp=16/20 (còn 536s)
2026-04-04 11:29:52,523 -   [Inner 269.18] cost=701.00 no_imp=17/20 (còn 536s)
2026-04-04 11:29:52,645 -   [Inner 269.19] cost=701.00 no_imp=18/20 (còn 536s)
2026-04-04 11:29:52,766 -   [Inner 269.20] cost=701.00 no_imp=19/20 (còn 536s)
2026-04-04 11:29:52,895 -   [Outer 269] Chạy Pairwise MaxSAT...
2026-04-04 11:29:52,895 -   [Outer] Pairwise không cải thiện cặp nào, quay lại inner.
2026-04-04 11:29:52,895 - === OUTER 270 | cost=701.00 (còn 536s) ===
2026-04-04 11:29:52,895 -   [Inner 270.1] cost=701.00 no_imp=0/20 (còn 536s)
2026-04-04 11:29:53,017 -   [Inner 270.2] cost=701.00 no_imp=1/20 (còn 536s)
2026-04-04 11:29:53,141 -   [Inner 270.3] cost=701.00 no_imp=2/20 (còn 536s)
2026-04-04 11:29:53,265 -   [Inner 270.4] cost=701.00 no_imp=3/20 (còn 535s)
2026-04-04 11:29:53,388 -   [Inner 270.5] cost=701.00 no_imp=4/20 (còn 535s)
2026-04-04 11:29:53,511 -   [Inner 270.6] cost=701.00 no_imp=5/20 (còn 535s)
2026-04-04 11:29:53,633 -   [Inner 270.7] cost=701.00 no_imp=6/20 (còn 535s)
2026-04-04 11:29:53,758 -   [Inner 270.8] cost=701.00 no_imp=7/20 (còn 535s)
2026-04-04 11:29:53,882 -   [Inner 270.9] cost=701.00 no_imp=8/20 (còn 535s)
2026-04-04 11:29:54,005 -   [Inner 270.10] cost=701.00 no_imp=9/20 (còn 535s)
2026-04-04 11:29:54,127 -   [Inner 270.11] cost=701.00 no_imp=10/20 (còn 535s)
2026-04-04 11:29:54,252 -   [Inner 270.12] cost=701.00 no_imp=11/20 (còn 534s)
2026-04-04 11:29:54,375 -   [Inner 270.13] cost=701.00 no_imp=12/20 (còn 534s)
2026-04-04 11:29:54,496 -   [Inner 270.14] cost=701.00 no_imp=13/20 (còn 534s)
2026-04-04 11:29:54,618 -   [Inner 270.15] cost=701.00 no_imp=14/20 (còn 534s)
2026-04-04 11:29:54,740 -   [Inner 270.16] cost=701.00 no_imp=15/20 (còn 534s)
2026-04-04 11:29:54,864 -   [Inner 270.17] cost=701.00 no_imp=16/20 (còn 534s)
2026-04-04 11:29:54,988 -   [Inner 270.18] cost=701.00 no_imp=17/20 (còn 534s)
2026-04-04 11:29:55,111 -   [Inner 270.19] cost=701.00 no_imp=18/20 (còn 534s)
2026-04-04 11:29:55,233 -   [Inner 270.20] cost=701.00 no_imp=19/20 (còn 533s)
2026-04-04 11:29:55,358 -   [Outer 270] Chạy Pairwise MaxSAT...
2026-04-04 11:29:55,358 -   [Outer] Pairwise không cải thiện cặp nào, quay lại inner.
2026-04-04 11:29:55,358 - === OUTER 271 | cost=701.00 (còn 533s) ===
2026-04-04 11:29:55,358 -   [Inner 271.1] cost=701.00 no_imp=0/20 (còn 533s)
2026-04-04 11:29:55,481 -   [Inner 271.2] cost=701.00 no_imp=1/20 (còn 533s)
2026-04-04 11:29:55,604 -   [Inner 271.3] cost=701.00 no_imp=2/20 (còn 533s)
2026-04-04 11:29:55,728 -   [Inner 271.4] cost=701.00 no_imp=3/20 (còn 533s)
2026-04-04 11:29:55,852 -   [Inner 271.5] cost=701.00 no_imp=4/20 (còn 533s)
2026-04-04 11:29:55,974 -   [Inner 271.6] cost=701.00 no_imp=5/20 (còn 533s)
2026-04-04 11:29:56,098 -   [Inner 271.7] cost=701.00 no_imp=6/20 (còn 533s)
2026-04-04 11:29:56,220 -   [Inner 271.8] cost=701.00 no_imp=7/20 (còn 532s)
2026-04-04 11:29:56,344 -   [Inner 271.9] cost=701.00 no_imp=8/20 (còn 532s)
2026-04-04 11:29:56,466 -   [Inner 271.10] cost=701.00 no_imp=9/20 (còn 532s)
2026-04-04 11:29:56,589 -   [Inner 271.11] cost=701.00 no_imp=10/20 (còn 532s)
2026-04-04 11:29:56,711 -   [Inner 271.12] cost=701.00 no_imp=11/20 (còn 532s)
2026-04-04 11:29:56,834 -   [Inner 271.13] cost=701.00 no_imp=12/20 (còn 532s)
2026-04-04 11:29:56,958 -   [Inner 271.14] cost=701.00 no_imp=13/20 (còn 532s)
2026-04-04 11:29:57,081 -   [Inner 271.15] cost=701.00 no_imp=14/20 (còn 532s)
2026-04-04 11:29:57,204 -   [Inner 271.16] cost=701.00 no_imp=15/20 (còn 531s)
2026-04-04 11:29:57,327 -   [Inner 271.17] cost=701.00 no_imp=16/20 (còn 531s)
2026-04-04 11:29:57,449 -   [Inner 271.18] cost=701.00 no_imp=17/20 (còn 531s)
2026-04-04 11:29:57,571 -   [Inner 271.19] cost=701.00 no_imp=18/20 (còn 531s)
2026-04-04 11:29:57,694 -   [Inner 271.20] cost=701.00 no_imp=19/20 (còn 531s)
2026-04-04 11:29:57,818 -   [Outer 271] Chạy Pairwise MaxSAT...
2026-04-04 11:29:57,818 -   [Outer] Pairwise không cải thiện cặp nào, quay lại inner.
2026-04-04 11:29:57,819 - === OUTER 272 | cost=701.00 (còn 531s) ===
2026-04-04 11:29:57,819 -   [Inner 272.1] cost=701.00 no_imp=0/20 (còn 531s)
2026-04-04 11:29:57,941 -   [Inner 272.2] cost=701.00 no_imp=1/20 (còn 531s)
2026-04-04 11:29:58,065 -   [Inner 272.3] cost=701.00 no_imp=2/20 (còn 531s)
2026-04-04 11:29:58,187 -   [Inner 272.4] cost=701.00 no_imp=3/20 (còn 531s)
2026-04-04 11:29:58,310 -   [Inner 272.5] cost=701.00 no_imp=4/20 (còn 530s)
2026-04-04 11:29:58,433 -   [Inner 272.6] cost=701.00 no_imp=5/20 (còn 530s)
2026-04-04 11:29:58,555 -   [Inner 272.7] cost=701.00 no_imp=6/20 (còn 530s)
2026-04-04 11:29:58,676 -   [Inner 272.8] cost=701.00 no_imp=7/20 (còn 530s)
2026-04-04 11:29:58,799 -   [Inner 272.9] cost=701.00 no_imp=8/20 (còn 530s)
2026-04-04 11:29:58,922 -   [Inner 272.10] cost=701.00 no_imp=9/20 (còn 530s)
2026-04-04 11:29:59,048 -   [Inner 272.11] cost=701.00 no_imp=10/20 (còn 530s)
2026-04-04 11:29:59,171 -   [Inner 272.12] cost=701.00 no_imp=11/20 (còn 530s)
2026-04-04 11:29:59,294 -   [Inner 272.13] cost=701.00 no_imp=12/20 (còn 529s)
2026-04-04 11:29:59,418 -   [Inner 272.14] cost=701.00 no_imp=13/20 (còn 529s)
2026-04-04 11:29:59,540 -   [Inner 272.15] cost=701.00 no_imp=14/20 (còn 529s)
2026-04-04 11:29:59,663 -   [Inner 272.16] cost=701.00 no_imp=15/20 (còn 529s)
2026-04-04 11:29:59,787 -   [Inner 272.17] cost=701.00 no_imp=16/20 (còn 529s)
2026-04-04 11:29:59,910 -   [Inner 272.18] cost=701.00 no_imp=17/20 (còn 529s)
2026-04-04 11:30:00,035 -   [Inner 272.19] cost=701.00 no_imp=18/20 (còn 529s)
2026-04-04 11:30:00,157 -   [Inner 272.20] cost=701.00 no_imp=19/20 (còn 529s)
2026-04-04 11:30:00,282 -   [Outer 272] Chạy Pairwise MaxSAT...
2026-04-04 11:30:00,282 -   [Outer] Pairwise không cải thiện cặp nào, quay lại inner.
2026-04-04 11:30:00,282 - === OUTER 273 | cost=701.00 (còn 528s) ===
2026-04-04 11:30:00,282 -   [Inner 273.1] cost=701.00 no_imp=0/20 (còn 528s)
2026-04-04 11:30:00,405 -   [Inner 273.2] cost=701.00 no_imp=1/20 (còn 528s)
2026-04-04 11:30:00,526 -   [Inner 273.3] cost=701.00 no_imp=2/20 (còn 528s)
2026-04-04 11:30:00,652 -   [Inner 273.4] cost=701.00 no_imp=3/20 (còn 528s)
2026-04-04 11:30:00,777 -   [Inner 273.5] cost=701.00 no_imp=4/20 (còn 528s)
2026-04-04 11:30:00,900 -   [Inner 273.6] cost=701.00 no_imp=5/20 (còn 528s)
2026-04-04 11:30:01,029 -   [Inner 273.7] cost=701.00 no_imp=6/20 (còn 528s)
2026-04-04 11:30:01,152 -   [Inner 273.8] cost=701.00 no_imp=7/20 (còn 528s)
2026-04-04 11:30:01,327 -   [Inner 273.9] cost=701.00 no_imp=8/20 (còn 527s)
2026-04-04 11:30:01,450 -   [Inner 273.10] cost=701.00 no_imp=9/20 (còn 527s)
2026-04-04 11:30:01,572 -   [Inner 273.11] cost=701.00 no_imp=10/20 (còn 527s)
2026-04-04 11:30:01,695 -   [Inner 273.12] cost=701.00 no_imp=11/20 (còn 527s)
2026-04-04 11:30:01,818 -   [Inner 273.13] cost=701.00 no_imp=12/20 (còn 527s)
2026-04-04 11:30:01,942 -   [Inner 273.14] cost=701.00 no_imp=13/20 (còn 527s)
2026-04-04 11:30:02,066 -   [Inner 273.15] cost=701.00 no_imp=14/20 (còn 527s)
2026-04-04 11:30:02,189 -   [Inner 273.16] cost=701.00 no_imp=15/20 (còn 526s)
2026-04-04 11:30:02,312 -   [Inner 273.17] cost=701.00 no_imp=16/20 (còn 526s)
2026-04-04 11:30:02,435 -   [Inner 273.18] cost=701.00 no_imp=17/20 (còn 526s)
2026-04-04 11:30:02,556 -   [Inner 273.19] cost=701.00 no_imp=18/20 (còn 526s)
2026-04-04 11:30:02,679 -   [Inner 273.20] cost=701.00 no_imp=19/20 (còn 526s)
2026-04-04 11:30:02,802 -   [Outer 273] Chạy Pairwise MaxSAT...
2026-04-04 11:30:02,802 -   [Outer] Pairwise không cải thiện cặp nào, quay lại inner.
2026-04-04 11:30:02,802 - === OUTER 274 | cost=701.00 (còn 526s) ===
2026-04-04 11:30:02,802 -   [Inner 274.1] cost=701.00 no_imp=0/20 (còn 526s)
2026-04-04 11:30:02,925 -   [Inner 274.2] cost=701.00 no_imp=1/20 (còn 526s)
2026-04-04 11:30:03,051 -   [Inner 274.3] cost=701.00 no_imp=2/20 (còn 526s)
2026-04-04 11:30:03,173 -   [Inner 274.4] cost=701.00 no_imp=3/20 (còn 526s)
2026-04-04 11:30:03,298 -   [Inner 274.5] cost=701.00 no_imp=4/20 (còn 525s)
2026-04-04 11:30:03,421 -   [Inner 274.6] cost=701.00 no_imp=5/20 (còn 525s)
2026-04-04 11:30:03,542 -   [Inner 274.7] cost=701.00 no_imp=6/20 (còn 525s)
2026-04-04 11:30:03,665 -   [Inner 274.8] cost=701.00 no_imp=7/20 (còn 525s)
2026-04-04 11:30:03,790 -   [Inner 274.9] cost=701.00 no_imp=8/20 (còn 525s)
2026-04-04 11:30:03,917 -   [Inner 274.10] cost=701.00 no_imp=9/20 (còn 525s)
2026-04-04 11:30:04,041 -   [Inner 274.11] cost=701.00 no_imp=10/20 (còn 525s)
2026-04-04 11:30:04,165 -   [Inner 274.12] cost=701.00 no_imp=11/20 (còn 525s)
2026-04-04 11:30:04,287 -   [Inner 274.13] cost=701.00 no_imp=12/20 (còn 524s)
2026-04-04 11:30:04,410 -   [Inner 274.14] cost=701.00 no_imp=13/20 (còn 524s)
2026-04-04 11:30:04,532 -   [Inner 274.15] cost=701.00 no_imp=14/20 (còn 524s)
2026-04-04 11:30:04,655 -   [Inner 274.16] cost=701.00 no_imp=15/20 (còn 524s)
2026-04-04 11:30:04,777 -   [Inner 274.17] cost=701.00 no_imp=16/20 (còn 524s)
2026-04-04 11:30:04,901 -   [Inner 274.18] cost=701.00 no_imp=17/20 (còn 524s)
2026-04-04 11:30:05,031 -   [Inner 274.19] cost=701.00 no_imp=18/20 (còn 524s)
2026-04-04 11:30:05,154 -   [Inner 274.20] cost=701.00 no_imp=19/20 (còn 524s)
2026-04-04 11:30:05,276 -   [Outer 274] Chạy Pairwise MaxSAT...
2026-04-04 11:30:05,276 -   [Outer] Pairwise không cải thiện cặp nào, quay lại inner.
2026-04-04 11:30:05,276 - === OUTER 275 | cost=701.00 (còn 523s) ===
2026-04-04 11:30:05,277 -   [Inner 275.1] cost=701.00 no_imp=0/20 (còn 523s)
2026-04-04 11:30:05,399 -   [Inner 275.2] cost=701.00 no_imp=1/20 (còn 523s)
2026-04-04 11:30:05,520 -   [Inner 275.3] cost=701.00 no_imp=2/20 (còn 523s)
2026-04-04 11:30:05,643 -   [Inner 275.4] cost=701.00 no_imp=3/20 (còn 523s)
2026-04-04 11:30:05,765 -   [Inner 275.5] cost=701.00 no_imp=4/20 (còn 523s)
2026-04-04 11:30:05,890 -   [Inner 275.6] cost=701.00 no_imp=5/20 (còn 523s)
2026-04-04 11:30:06,013 -   [Inner 275.7] cost=701.00 no_imp=6/20 (còn 523s)
2026-04-04 11:30:06,137 -   [Inner 275.8] cost=701.00 no_imp=7/20 (còn 523s)
2026-04-04 11:30:06,259 -   [Inner 275.9] cost=701.00 no_imp=8/20 (còn 522s)
2026-04-04 11:30:06,381 -   [Inner 275.10] cost=701.00 no_imp=9/20 (còn 522s)
2026-04-04 11:30:06,503 -   [Inner 275.11] cost=701.00 no_imp=10/20 (còn 522s)
2026-04-04 11:30:06,625 -   [Inner 275.12] cost=701.00 no_imp=11/20 (còn 522s)
2026-04-04 11:30:06,749 -   [Inner 275.13] cost=701.00 no_imp=12/20 (còn 522s)
2026-04-04 11:30:06,871 -   [Inner 275.14] cost=701.00 no_imp=13/20 (còn 522s)
2026-04-04 11:30:06,994 -   [Inner 275.15] cost=701.00 no_imp=14/20 (còn 522s)
2026-04-04 11:30:07,122 -   [Inner 275.16] cost=701.00 no_imp=15/20 (còn 522s)
2026-04-04 11:30:07,244 -   [Inner 275.17] cost=701.00 no_imp=16/20 (còn 521s)
2026-04-04 11:30:07,368 -   [Inner 275.18] cost=701.00 no_imp=17/20 (còn 521s)
2026-04-04 11:30:07,491 -   [Inner 275.19] cost=701.00 no_imp=18/20 (còn 521s)
2026-04-04 11:30:07,612 -   [Inner 275.20] cost=701.00 no_imp=19/20 (còn 521s)
2026-04-04 11:30:07,735 -   [Outer 275] Chạy Pairwise MaxSAT...
2026-04-04 11:30:07,735 -   [Outer] Pairwise không cải thiện cặp nào, quay lại inner.
2026-04-04 11:30:07,735 - === OUTER 276 | cost=701.00 (còn 521s) ===
2026-04-04 11:30:07,735 -   [Inner 276.1] cost=701.00 no_imp=0/20 (còn 521s)
2026-04-04 11:30:07,859 -   [Inner 276.2] cost=701.00 no_imp=1/20 (còn 521s)
2026-04-04 11:30:07,980 -   [Inner 276.3] cost=701.00 no_imp=2/20 (còn 521s)
2026-04-04 11:30:08,104 -   [Inner 276.4] cost=701.00 no_imp=3/20 (còn 521s)
2026-04-04 11:30:08,226 -   [Inner 276.5] cost=701.00 no_imp=4/20 (còn 520s)
2026-04-04 11:30:08,349 -   [Inner 276.6] cost=701.00 no_imp=5/20 (còn 520s)
2026-04-04 11:30:08,472 -   [Inner 276.7] cost=701.00 no_imp=6/20 (còn 520s)
2026-04-04 11:30:08,594 -   [Inner 276.8] cost=701.00 no_imp=7/20 (còn 520s)
2026-04-04 11:30:08,718 -   [Inner 276.9] cost=701.00 no_imp=8/20 (còn 520s)
2026-04-04 11:30:08,842 -   [Inner 276.10] cost=701.00 no_imp=9/20 (còn 520s)
2026-04-04 11:30:08,964 -   [Inner 276.11] cost=701.00 no_imp=10/20 (còn 520s)
2026-04-04 11:30:09,090 -   [Inner 276.12] cost=701.00 no_imp=11/20 (còn 520s)
2026-04-04 11:30:09,213 -   [Inner 276.13] cost=701.00 no_imp=12/20 (còn 519s)
2026-04-04 11:30:09,337 -   [Inner 276.14] cost=701.00 no_imp=13/20 (còn 519s)
2026-04-04 11:30:09,458 -   [Inner 276.15] cost=701.00 no_imp=14/20 (còn 519s)
2026-04-04 11:30:09,580 -   [Inner 276.16] cost=701.00 no_imp=15/20 (còn 519s)
2026-04-04 11:30:09,702 -   [Inner 276.17] cost=701.00 no_imp=16/20 (còn 519s)
2026-04-04 11:30:09,825 -   [Inner 276.18] cost=701.00 no_imp=17/20 (còn 519s)
2026-04-04 11:30:09,948 -   [Inner 276.19] cost=701.00 no_imp=18/20 (còn 519s)
2026-04-04 11:30:10,071 -   [Inner 276.20] cost=701.00 no_imp=19/20 (còn 519s)
2026-04-04 11:30:10,194 -   [Outer 276] Chạy Pairwise MaxSAT...
2026-04-04 11:30:10,194 -   [Outer] Pairwise không cải thiện cặp nào, quay lại inner.
2026-04-04 11:30:10,194 - === OUTER 277 | cost=701.00 (còn 518s) ===
2026-04-04 11:30:10,194 -   [Inner 277.1] cost=701.00 no_imp=0/20 (còn 518s)
2026-04-04 11:30:10,316 -   [Inner 277.2] cost=701.00 no_imp=1/20 (còn 518s)
2026-04-04 11:30:10,437 -   [Inner 277.3] cost=701.00 no_imp=2/20 (còn 518s)
2026-04-04 11:30:10,558 -   [Inner 277.4] cost=701.00 no_imp=3/20 (còn 518s)
2026-04-04 11:30:10,682 -   [Inner 277.5] cost=701.00 no_imp=4/20 (còn 518s)
2026-04-04 11:30:10,804 -   [Inner 277.6] cost=701.00 no_imp=5/20 (còn 518s)
2026-04-04 11:30:10,927 -   [Inner 277.7] cost=701.00 no_imp=6/20 (còn 518s)
2026-04-04 11:30:11,050 -   [Inner 277.8] cost=701.00 no_imp=7/20 (còn 518s)
2026-04-04 11:30:11,177 -   [Inner 277.9] cost=701.00 no_imp=8/20 (còn 518s)
2026-04-04 11:30:11,299 -   [Inner 277.10] cost=701.00 no_imp=9/20 (còn 517s)
2026-04-04 11:30:11,421 -   [Inner 277.11] cost=701.00 no_imp=10/20 (còn 517s)
2026-04-04 11:30:11,543 -   [Inner 277.12] cost=701.00 no_imp=11/20 (còn 517s)
2026-04-04 11:30:11,667 -   [Inner 277.13] cost=701.00 no_imp=12/20 (còn 517s)
2026-04-04 11:30:11,792 -   [Inner 277.14] cost=701.00 no_imp=13/20 (còn 517s)
2026-04-04 11:30:11,915 -   [Inner 277.15] cost=701.00 no_imp=14/20 (còn 517s)
2026-04-04 11:30:12,037 -   [Inner 277.16] cost=701.00 no_imp=15/20 (còn 517s)
2026-04-04 11:30:12,159 -   [Inner 277.17] cost=701.00 no_imp=16/20 (còn 517s)
2026-04-04 11:30:12,283 -   [Inner 277.18] cost=701.00 no_imp=17/20 (còn 516s)
2026-04-04 11:30:12,405 -   [Inner 277.19] cost=701.00 no_imp=18/20 (còn 516s)
2026-04-04 11:30:12,527 -   [Inner 277.20] cost=701.00 no_imp=19/20 (còn 516s)
2026-04-04 11:30:12,648 -   [Outer 277] Chạy Pairwise MaxSAT...
2026-04-04 11:30:12,648 -   [Outer] Pairwise không cải thiện cặp nào, quay lại inner.
2026-04-04 11:30:12,648 - === OUTER 278 | cost=701.00 (còn 516s) ===
2026-04-04 11:30:12,648 -   [Inner 278.1] cost=701.00 no_imp=0/20 (còn 516s)
2026-04-04 11:30:12,768 -   [Inner 278.2] cost=701.00 no_imp=1/20 (còn 516s)
2026-04-04 11:30:12,892 -   [Inner 278.3] cost=701.00 no_imp=2/20 (còn 516s)
2026-04-04 11:30:13,014 -   [Inner 278.4] cost=701.00 no_imp=3/20 (còn 516s)
2026-04-04 11:30:13,138 -   [Inner 278.5] cost=701.00 no_imp=4/20 (còn 516s)
2026-04-04 11:30:13,260 -   [Inner 278.6] cost=701.00 no_imp=5/20 (còn 515s)
2026-04-04 11:30:13,383 -   [Inner 278.7] cost=701.00 no_imp=6/20 (còn 515s)
2026-04-04 11:30:13,505 -   [Inner 278.8] cost=701.00 no_imp=7/20 (còn 515s)
2026-04-04 11:30:13,628 -   [Inner 278.9] cost=701.00 no_imp=8/20 (còn 515s)
2026-04-04 11:30:13,750 -   [Inner 278.10] cost=701.00 no_imp=9/20 (còn 515s)
2026-04-04 11:30:13,874 -   [Inner 278.11] cost=701.00 no_imp=10/20 (còn 515s)
2026-04-04 11:30:13,997 -   [Inner 278.12] cost=701.00 no_imp=11/20 (còn 515s)
2026-04-04 11:30:14,120 -   [Inner 278.13] cost=701.00 no_imp=12/20 (còn 515s)
2026-04-04 11:30:14,242 -   [Inner 278.14] cost=701.00 no_imp=13/20 (còn 514s)
2026-04-04 11:30:14,364 -   [Inner 278.15] cost=701.00 no_imp=14/20 (còn 514s)
2026-04-04 11:30:14,486 -   [Inner 278.16] cost=701.00 no_imp=15/20 (còn 514s)
2026-04-04 11:30:14,609 -   [Inner 278.17] cost=701.00 no_imp=16/20 (còn 514s)
2026-04-04 11:30:14,732 -   [Inner 278.18] cost=701.00 no_imp=17/20 (còn 514s)
2026-04-04 11:30:14,856 -   [Inner 278.19] cost=701.00 no_imp=18/20 (còn 514s)
2026-04-04 11:30:14,976 -   [Inner 278.20] cost=701.00 no_imp=19/20 (còn 514s)
2026-04-04 11:30:15,100 -   [Outer 278] Chạy Pairwise MaxSAT...
2026-04-04 11:30:15,100 -   [Outer] Pairwise không cải thiện cặp nào, quay lại inner.
2026-04-04 11:30:15,100 - === OUTER 279 | cost=701.00 (còn 514s) ===
2026-04-04 11:30:15,100 -   [Inner 279.1] cost=701.00 no_imp=0/20 (còn 514s)
2026-04-04 11:30:15,226 -   [Inner 279.2] cost=701.00 no_imp=1/20 (còn 513s)
2026-04-04 11:30:15,349 -   [Inner 279.3] cost=701.00 no_imp=2/20 (còn 513s)
2026-04-04 11:30:15,470 -   [Inner 279.4] cost=701.00 no_imp=3/20 (còn 513s)
2026-04-04 11:30:15,593 -   [Inner 279.5] cost=701.00 no_imp=4/20 (còn 513s)
2026-04-04 11:30:15,717 -   [Inner 279.6] cost=701.00 no_imp=5/20 (còn 513s)
2026-04-04 11:30:15,840 -   [Inner 279.7] cost=701.00 no_imp=6/20 (còn 513s)
2026-04-04 11:30:15,962 -   [Inner 279.8] cost=701.00 no_imp=7/20 (còn 513s)
2026-04-04 11:30:16,085 -   [Inner 279.9] cost=701.00 no_imp=8/20 (còn 513s)
2026-04-04 11:30:16,208 -   [Inner 279.10] cost=701.00 no_imp=9/20 (còn 512s)
2026-04-04 11:30:16,332 -   [Inner 279.11] cost=701.00 no_imp=10/20 (còn 512s)
2026-04-04 11:30:16,454 -   [Inner 279.12] cost=701.00 no_imp=11/20 (còn 512s)
2026-04-04 11:30:16,577 -   [Inner 279.13] cost=701.00 no_imp=12/20 (còn 512s)
2026-04-04 11:30:16,699 -   [Inner 279.14] cost=701.00 no_imp=13/20 (còn 512s)
2026-04-04 11:30:16,821 -   [Inner 279.15] cost=701.00 no_imp=14/20 (còn 512s)
2026-04-04 11:30:16,943 -   [Inner 279.16] cost=701.00 no_imp=15/20 (còn 512s)
2026-04-04 11:30:17,066 -   [Inner 279.17] cost=701.00 no_imp=16/20 (còn 512s)
2026-04-04 11:30:17,191 -   [Inner 279.18] cost=701.00 no_imp=17/20 (còn 511s)
2026-04-04 11:30:17,316 -   [Inner 279.19] cost=701.00 no_imp=18/20 (còn 511s)
2026-04-04 11:30:17,440 -   [Inner 279.20] cost=701.00 no_imp=19/20 (còn 511s)
2026-04-04 11:30:17,563 -   [Outer 279] Chạy Pairwise MaxSAT...
2026-04-04 11:30:17,563 -   [Outer] Pairwise không cải thiện cặp nào, quay lại inner.
2026-04-04 11:30:17,563 - === OUTER 280 | cost=701.00 (còn 511s) ===
2026-04-04 11:30:17,563 -   [Inner 280.1] cost=701.00 no_imp=0/20 (còn 511s)
2026-04-04 11:30:17,687 -   [Inner 280.2] cost=701.00 no_imp=1/20 (còn 511s)
2026-04-04 11:30:17,810 -   [Inner 280.3] cost=701.00 no_imp=2/20 (còn 511s)
2026-04-04 11:30:17,933 -   [Inner 280.4] cost=701.00 no_imp=3/20 (còn 511s)
2026-04-04 11:30:18,056 -   [Inner 280.5] cost=701.00 no_imp=4/20 (còn 511s)
2026-04-04 11:30:18,178 -   [Inner 280.6] cost=701.00 no_imp=5/20 (còn 511s)
2026-04-04 11:30:18,301 -   [Inner 280.7] cost=701.00 no_imp=6/20 (còn 510s)
2026-04-04 11:30:18,424 -   [Inner 280.8] cost=701.00 no_imp=7/20 (còn 510s)
2026-04-04 11:30:18,545 -   [Inner 280.9] cost=701.00 no_imp=8/20 (còn 510s)
2026-04-04 11:30:18,666 -   [Inner 280.10] cost=701.00 no_imp=9/20 (còn 510s)
2026-04-04 11:30:18,789 -   [Inner 280.11] cost=701.00 no_imp=10/20 (còn 510s)
2026-04-04 11:30:18,912 -   [Inner 280.12] cost=701.00 no_imp=11/20 (còn 510s)
2026-04-04 11:30:19,036 -   [Inner 280.13] cost=701.00 no_imp=12/20 (còn 510s)
2026-04-04 11:30:19,158 -   [Inner 280.14] cost=701.00 no_imp=13/20 (còn 510s)
2026-04-04 11:30:19,284 -   [Inner 280.15] cost=701.00 no_imp=14/20 (còn 509s)
2026-04-04 11:30:19,406 -   [Inner 280.16] cost=701.00 no_imp=15/20 (còn 509s)
2026-04-04 11:30:19,529 -   [Inner 280.17] cost=701.00 no_imp=16/20 (còn 509s)
2026-04-04 11:30:19,651 -   [Inner 280.18] cost=701.00 no_imp=17/20 (còn 509s)
2026-04-04 11:30:19,772 -   [Inner 280.19] cost=701.00 no_imp=18/20 (còn 509s)
2026-04-04 11:30:19,894 -   [Inner 280.20] cost=701.00 no_imp=19/20 (còn 509s)
2026-04-04 11:30:20,017 -   [Outer 280] Chạy Pairwise MaxSAT...
2026-04-04 11:30:20,018 -   [Outer] Pairwise không cải thiện cặp nào, quay lại inner.
2026-04-04 11:30:20,018 - === OUTER 281 | cost=701.00 (còn 509s) ===
2026-04-04 11:30:20,018 -   [Inner 281.1] cost=701.00 no_imp=0/20 (còn 509s)
2026-04-04 11:30:20,141 -   [Inner 281.2] cost=701.00 no_imp=1/20 (còn 509s)
2026-04-04 11:30:20,265 -   [Inner 281.3] cost=701.00 no_imp=2/20 (còn 508s)
2026-04-04 11:30:20,387 -   [Inner 281.4] cost=701.00 no_imp=3/20 (còn 508s)
2026-04-04 11:30:20,510 -   [Inner 281.5] cost=701.00 no_imp=4/20 (còn 508s)
2026-04-04 11:30:20,633 -   [Inner 281.6] cost=701.00 no_imp=5/20 (còn 508s)
2026-04-04 11:30:20,756 -   [Inner 281.7] cost=701.00 no_imp=6/20 (còn 508s)
2026-04-04 11:30:20,878 -   [Inner 281.8] cost=701.00 no_imp=7/20 (còn 508s)
2026-04-04 11:30:21,001 -   [Inner 281.9] cost=701.00 no_imp=8/20 (còn 508s)
2026-04-04 11:30:21,124 -   [Inner 281.10] cost=701.00 no_imp=9/20 (còn 508s)
2026-04-04 11:30:21,249 -   [Inner 281.11] cost=701.00 no_imp=10/20 (còn 507s)
2026-04-04 11:30:21,371 -   [Inner 281.12] cost=701.00 no_imp=11/20 (còn 507s)
2026-04-04 11:30:21,493 -   [Inner 281.13] cost=701.00 no_imp=12/20 (còn 507s)
2026-04-04 11:30:21,616 -   [Inner 281.14] cost=701.00 no_imp=13/20 (còn 507s)
2026-04-04 11:30:21,739 -   [Inner 281.15] cost=701.00 no_imp=14/20 (còn 507s)
2026-04-04 11:30:21,864 -   [Inner 281.16] cost=701.00 no_imp=15/20 (còn 507s)
2026-04-04 11:30:21,984 -   [Inner 281.17] cost=701.00 no_imp=16/20 (còn 507s)
2026-04-04 11:30:22,107 -   [Inner 281.18] cost=701.00 no_imp=17/20 (còn 507s)
2026-04-04 11:30:22,229 -   [Inner 281.19] cost=701.00 no_imp=18/20 (còn 506s)
2026-04-04 11:30:22,353 -   [Inner 281.20] cost=701.00 no_imp=19/20 (còn 506s)
2026-04-04 11:30:22,475 -   [Outer 281] Chạy Pairwise MaxSAT...
2026-04-04 11:30:22,475 -   [Outer] Pairwise không cải thiện cặp nào, quay lại inner.
2026-04-04 11:30:22,475 - === OUTER 282 | cost=701.00 (còn 506s) ===
2026-04-04 11:30:22,475 -   [Inner 282.1] cost=701.00 no_imp=0/20 (còn 506s)
2026-04-04 11:30:22,598 -   [Inner 282.2] cost=701.00 no_imp=1/20 (còn 506s)
2026-04-04 11:30:22,720 -   [Inner 282.3] cost=701.00 no_imp=2/20 (còn 506s)
2026-04-04 11:30:22,843 -   [Inner 282.4] cost=701.00 no_imp=3/20 (còn 506s)
2026-04-04 11:30:22,967 -   [Inner 282.5] cost=701.00 no_imp=4/20 (còn 506s)
2026-04-04 11:30:23,088 -   [Inner 282.6] cost=701.00 no_imp=5/20 (còn 506s)
2026-04-04 11:30:23,209 -   [Inner 282.7] cost=701.00 no_imp=6/20 (còn 505s)
2026-04-04 11:30:23,335 -   [Inner 282.8] cost=701.00 no_imp=7/20 (còn 505s)
2026-04-04 11:30:23,457 -   [Inner 282.9] cost=701.00 no_imp=8/20 (còn 505s)
2026-04-04 11:30:23,580 -   [Inner 282.10] cost=701.00 no_imp=9/20 (còn 505s)
2026-04-04 11:30:23,703 -   [Inner 282.11] cost=701.00 no_imp=10/20 (còn 505s)
2026-04-04 11:30:23,825 -   [Inner 282.12] cost=701.00 no_imp=11/20 (còn 505s)
2026-04-04 11:30:23,947 -   [Inner 282.13] cost=701.00 no_imp=12/20 (còn 505s)
2026-04-04 11:30:24,070 -   [Inner 282.14] cost=701.00 no_imp=13/20 (còn 505s)
2026-04-04 11:30:24,193 -   [Inner 282.15] cost=701.00 no_imp=14/20 (còn 504s)
2026-04-04 11:30:24,317 -   [Inner 282.16] cost=701.00 no_imp=15/20 (còn 504s)
2026-04-04 11:30:24,448 -   [Inner 282.17] cost=701.00 no_imp=16/20 (còn 504s)
2026-04-04 11:30:24,569 -   [Inner 282.18] cost=701.00 no_imp=17/20 (còn 504s)
2026-04-04 11:30:24,691 -   [Inner 282.19] cost=701.00 no_imp=18/20 (còn 504s)
2026-04-04 11:30:24,814 -   [Inner 282.20] cost=701.00 no_imp=19/20 (còn 504s)
2026-04-04 11:30:24,937 -   [Outer 282] Chạy Pairwise MaxSAT...
2026-04-04 11:30:24,937 -   [Outer] Pairwise không cải thiện cặp nào, quay lại inner.
2026-04-04 11:30:24,938 - === OUTER 283 | cost=701.00 (còn 504s) ===
2026-04-04 11:30:24,938 -   [Inner 283.1] cost=701.00 no_imp=0/20 (còn 504s)
2026-04-04 11:30:25,061 -   [Inner 283.2] cost=701.00 no_imp=1/20 (còn 504s)
2026-04-04 11:30:25,183 -   [Inner 283.3] cost=701.00 no_imp=2/20 (còn 504s)
2026-04-04 11:30:25,309 -   [Inner 283.4] cost=701.00 no_imp=3/20 (còn 503s)
2026-04-04 11:30:25,433 -   [Inner 283.5] cost=701.00 no_imp=4/20 (còn 503s)
2026-04-04 11:30:25,557 -   [Inner 283.6] cost=701.00 no_imp=5/20 (còn 503s)
2026-04-04 11:30:25,683 -   [Inner 283.7] cost=701.00 no_imp=6/20 (còn 503s)
2026-04-04 11:30:25,806 -   [Inner 283.8] cost=701.00 no_imp=7/20 (còn 503s)
2026-04-04 11:30:25,927 -   [Inner 283.9] cost=701.00 no_imp=8/20 (còn 503s)
2026-04-04 11:30:26,050 -   [Inner 283.10] cost=701.00 no_imp=9/20 (còn 503s)
2026-04-04 11:30:26,171 -   [Inner 283.11] cost=701.00 no_imp=10/20 (còn 503s)
2026-04-04 11:30:26,294 -   [Inner 283.12] cost=701.00 no_imp=11/20 (còn 502s)
2026-04-04 11:30:26,417 -   [Inner 283.13] cost=701.00 no_imp=12/20 (còn 502s)
2026-04-04 11:30:26,538 -   [Inner 283.14] cost=701.00 no_imp=13/20 (còn 502s)
2026-04-04 11:30:26,660 -   [Inner 283.15] cost=701.00 no_imp=14/20 (còn 502s)
2026-04-04 11:30:26,782 -   [Inner 283.16] cost=701.00 no_imp=15/20 (còn 502s)
2026-04-04 11:30:26,907 -   [Inner 283.17] cost=701.00 no_imp=16/20 (còn 502s)
2026-04-04 11:30:27,029 -   [Inner 283.18] cost=701.00 no_imp=17/20 (còn 502s)
2026-04-04 11:30:27,151 -   [Inner 283.19] cost=701.00 no_imp=18/20 (còn 502s)
2026-04-04 11:30:27,273 -   [Inner 283.20] cost=701.00 no_imp=19/20 (còn 501s)
2026-04-04 11:30:27,420 -   [Outer 283] Chạy Pairwise MaxSAT...
2026-04-04 11:30:27,421 -   [Outer] Pairwise không cải thiện cặp nào, quay lại inner.
2026-04-04 11:30:27,421 - === OUTER 284 | cost=701.00 (còn 501s) ===
2026-04-04 11:30:27,421 -   [Inner 284.1] cost=701.00 no_imp=0/20 (còn 501s)
2026-04-04 11:30:27,542 -   [Inner 284.2] cost=701.00 no_imp=1/20 (còn 501s)
2026-04-04 11:30:27,666 -   [Inner 284.3] cost=701.00 no_imp=2/20 (còn 501s)
2026-04-04 11:30:27,788 -   [Inner 284.4] cost=701.00 no_imp=3/20 (còn 501s)
2026-04-04 11:30:27,911 -   [Inner 284.5] cost=701.00 no_imp=4/20 (còn 501s)
2026-04-04 11:30:28,033 -   [Inner 284.6] cost=701.00 no_imp=5/20 (còn 501s)
2026-04-04 11:30:28,155 -   [Inner 284.7] cost=701.00 no_imp=6/20 (còn 501s)
2026-04-04 11:30:28,279 -   [Inner 284.8] cost=701.00 no_imp=7/20 (còn 500s)
2026-04-04 11:30:28,401 -   [Inner 284.9] cost=701.00 no_imp=8/20 (còn 500s)
2026-04-04 11:30:28,525 -   [Inner 284.10] cost=701.00 no_imp=9/20 (còn 500s)
2026-04-04 11:30:28,648 -   [Inner 284.11] cost=701.00 no_imp=10/20 (còn 500s)
2026-04-04 11:30:28,771 -   [Inner 284.12] cost=701.00 no_imp=11/20 (còn 500s)
2026-04-04 11:30:28,893 -   [Inner 284.13] cost=701.00 no_imp=12/20 (còn 500s)
2026-04-04 11:30:29,016 -   [Inner 284.14] cost=701.00 no_imp=13/20 (còn 500s)
2026-04-04 11:30:29,140 -   [Inner 284.15] cost=701.00 no_imp=14/20 (còn 500s)
2026-04-04 11:30:29,264 -   [Inner 284.16] cost=701.00 no_imp=15/20 (còn 499s)
2026-04-04 11:30:29,388 -   [Inner 284.17] cost=701.00 no_imp=16/20 (còn 499s)
2026-04-04 11:30:29,512 -   [Inner 284.18] cost=701.00 no_imp=17/20 (còn 499s)
2026-04-04 11:30:29,633 -   [Inner 284.19] cost=701.00 no_imp=18/20 (còn 499s)
2026-04-04 11:30:29,758 -   [Inner 284.20] cost=701.00 no_imp=19/20 (còn 499s)
2026-04-04 11:30:29,880 -   [Outer 284] Chạy Pairwise MaxSAT...
2026-04-04 11:30:29,881 -   [Outer] Pairwise không cải thiện cặp nào, quay lại inner.
2026-04-04 11:30:29,881 - === OUTER 285 | cost=701.00 (còn 499s) ===
2026-04-04 11:30:29,881 -   [Inner 285.1] cost=701.00 no_imp=0/20 (còn 499s)
2026-04-04 11:30:30,002 -   [Inner 285.2] cost=701.00 no_imp=1/20 (còn 499s)
2026-04-04 11:30:30,125 -   [Inner 285.3] cost=701.00 no_imp=2/20 (còn 499s)
2026-04-04 11:30:30,248 -   [Inner 285.4] cost=701.00 no_imp=3/20 (còn 498s)
2026-04-04 11:30:30,370 -   [Inner 285.5] cost=701.00 no_imp=4/20 (còn 498s)
2026-04-04 11:30:30,492 -   [Inner 285.6] cost=701.00 no_imp=5/20 (còn 498s)
2026-04-04 11:30:30,614 -   [Inner 285.7] cost=701.00 no_imp=6/20 (còn 498s)
2026-04-04 11:30:30,737 -   [Inner 285.8] cost=701.00 no_imp=7/20 (còn 498s)
2026-04-04 11:30:30,859 -   [Inner 285.9] cost=701.00 no_imp=8/20 (còn 498s)
2026-04-04 11:30:30,982 -   [Inner 285.10] cost=701.00 no_imp=9/20 (còn 498s)
2026-04-04 11:30:31,105 -   [Inner 285.11] cost=701.00 no_imp=10/20 (còn 498s)
2026-04-04 11:30:31,231 -   [Inner 285.12] cost=701.00 no_imp=11/20 (còn 497s)
2026-04-04 11:30:31,355 -   [Inner 285.13] cost=701.00 no_imp=12/20 (còn 497s)
2026-04-04 11:30:31,484 -   [Inner 285.14] cost=701.00 no_imp=13/20 (còn 497s)
2026-04-04 11:30:31,610 -   [Inner 285.15] cost=701.00 no_imp=14/20 (còn 497s)
2026-04-04 11:30:31,733 -   [Inner 285.16] cost=701.00 no_imp=15/20 (còn 497s)
2026-04-04 11:30:31,856 -   [Inner 285.17] cost=701.00 no_imp=16/20 (còn 497s)
2026-04-04 11:30:31,976 -   [Inner 285.18] cost=701.00 no_imp=17/20 (còn 497s)
2026-04-04 11:30:32,100 -   [Inner 285.19] cost=701.00 no_imp=18/20 (còn 497s)
2026-04-04 11:30:32,223 -   [Inner 285.20] cost=701.00 no_imp=19/20 (còn 496s)
2026-04-04 11:30:32,347 -   [Outer 285] Chạy Pairwise MaxSAT...
2026-04-04 11:30:32,348 -   [Outer] Pairwise không cải thiện cặp nào, quay lại inner.
2026-04-04 11:30:32,348 - === OUTER 286 | cost=701.00 (còn 496s) ===
2026-04-04 11:30:32,348 -   [Inner 286.1] cost=701.00 no_imp=0/20 (còn 496s)
2026-04-04 11:30:32,470 -   [Inner 286.2] cost=701.00 no_imp=1/20 (còn 496s)
2026-04-04 11:30:32,593 -   [Inner 286.3] cost=701.00 no_imp=2/20 (còn 496s)
2026-04-04 11:30:32,715 -   [Inner 286.4] cost=701.00 no_imp=3/20 (còn 496s)
2026-04-04 11:30:32,838 -   [Inner 286.5] cost=701.00 no_imp=4/20 (còn 496s)
2026-04-04 11:30:32,960 -   [Inner 286.6] cost=701.00 no_imp=5/20 (còn 496s)
2026-04-04 11:30:33,083 -   [Inner 286.7] cost=701.00 no_imp=6/20 (còn 496s)
2026-04-04 11:30:33,205 -   [Inner 286.8] cost=701.00 no_imp=7/20 (còn 495s)
2026-04-04 11:30:33,329 -   [Inner 286.9] cost=701.00 no_imp=8/20 (còn 495s)
2026-04-04 11:30:33,455 -   [Inner 286.10] cost=701.00 no_imp=9/20 (còn 495s)
2026-04-04 11:30:33,577 -   [Inner 286.11] cost=701.00 no_imp=10/20 (còn 495s)
2026-04-04 11:30:33,699 -   [Inner 286.12] cost=701.00 no_imp=11/20 (còn 495s)
2026-04-04 11:30:33,831 -   [Inner 286.13] cost=701.00 no_imp=12/20 (còn 495s)
2026-04-04 11:30:33,953 -   [Inner 286.14] cost=701.00 no_imp=13/20 (còn 495s)
2026-04-04 11:30:34,078 -   [Inner 286.15] cost=701.00 no_imp=14/20 (còn 495s)
2026-04-04 11:30:34,200 -   [Inner 286.16] cost=701.00 no_imp=15/20 (còn 494s)
2026-04-04 11:30:34,322 -   [Inner 286.17] cost=701.00 no_imp=16/20 (còn 494s)
2026-04-04 11:30:34,444 -   [Inner 286.18] cost=701.00 no_imp=17/20 (còn 494s)
2026-04-04 11:30:34,566 -   [Inner 286.19] cost=701.00 no_imp=18/20 (còn 494s)
2026-04-04 11:30:34,686 -   [Inner 286.20] cost=701.00 no_imp=19/20 (còn 494s)
2026-04-04 11:30:34,808 -   [Outer 286] Chạy Pairwise MaxSAT...
2026-04-04 11:30:34,808 -   [Outer] Pairwise không cải thiện cặp nào, quay lại inner.
2026-04-04 11:30:34,809 - === OUTER 287 | cost=701.00 (còn 494s) ===
2026-04-04 11:30:34,809 -   [Inner 287.1] cost=701.00 no_imp=0/20 (còn 494s)
2026-04-04 11:30:34,931 -   [Inner 287.2] cost=701.00 no_imp=1/20 (còn 494s)
2026-04-04 11:30:35,061 -   [Inner 287.3] cost=701.00 no_imp=2/20 (còn 494s)
2026-04-04 11:30:35,186 -   [Inner 287.4] cost=701.00 no_imp=3/20 (còn 494s)
2026-04-04 11:30:35,312 -   [Inner 287.5] cost=701.00 no_imp=4/20 (còn 493s)
2026-04-04 11:30:35,440 -   [Inner 287.6] cost=701.00 no_imp=5/20 (còn 493s)
2026-04-04 11:30:35,567 -   [Inner 287.7] cost=701.00 no_imp=6/20 (còn 493s)
2026-04-04 11:30:35,696 -   [Inner 287.8] cost=701.00 no_imp=7/20 (còn 493s)
2026-04-04 11:30:35,821 -   [Inner 287.9] cost=701.00 no_imp=8/20 (còn 493s)
2026-04-04 11:30:35,946 -   [Inner 287.10] cost=701.00 no_imp=9/20 (còn 493s)
2026-04-04 11:30:36,069 -   [Inner 287.11] cost=701.00 no_imp=10/20 (còn 493s)
2026-04-04 11:30:36,192 -   [Inner 287.12] cost=701.00 no_imp=11/20 (còn 492s)
2026-04-04 11:30:36,318 -   [Inner 287.13] cost=701.00 no_imp=12/20 (còn 492s)
2026-04-04 11:30:36,439 -   [Inner 287.14] cost=701.00 no_imp=13/20 (còn 492s)
2026-04-04 11:30:36,560 -   [Inner 287.15] cost=701.00 no_imp=14/20 (còn 492s)
2026-04-04 11:30:36,682 -   [Inner 287.16] cost=701.00 no_imp=15/20 (còn 492s)
2026-04-04 11:30:36,807 -   [Inner 287.17] cost=701.00 no_imp=16/20 (còn 492s)
2026-04-04 11:30:36,933 -   [Inner 287.18] cost=701.00 no_imp=17/20 (còn 492s)
2026-04-04 11:30:37,059 -   [Inner 287.19] cost=701.00 no_imp=18/20 (còn 492s)
2026-04-04 11:30:37,184 -   [Inner 287.20] cost=701.00 no_imp=19/20 (còn 492s)
2026-04-04 11:30:37,311 -   [Outer 287] Chạy Pairwise MaxSAT...
2026-04-04 11:30:37,311 -   [Outer] Pairwise không cải thiện cặp nào, quay lại inner.
2026-04-04 11:30:37,311 - === OUTER 288 | cost=701.00 (còn 491s) ===
2026-04-04 11:30:37,312 -   [Inner 288.1] cost=701.00 no_imp=0/20 (còn 491s)
2026-04-04 11:30:37,437 -   [Inner 288.2] cost=701.00 no_imp=1/20 (còn 491s)
2026-04-04 11:30:37,564 -   [Inner 288.3] cost=701.00 no_imp=2/20 (còn 491s)
2026-04-04 11:30:37,689 -   [Inner 288.4] cost=701.00 no_imp=3/20 (còn 491s)
2026-04-04 11:30:37,819 -   [Inner 288.5] cost=701.00 no_imp=4/20 (còn 491s)
2026-04-04 11:30:37,947 -   [Inner 288.6] cost=701.00 no_imp=5/20 (còn 491s)
2026-04-04 11:30:38,071 -   [Inner 288.7] cost=701.00 no_imp=6/20 (còn 491s)
2026-04-04 11:30:38,193 -   [Inner 288.8] cost=701.00 no_imp=7/20 (còn 490s)
2026-04-04 11:30:38,316 -   [Inner 288.9] cost=701.00 no_imp=8/20 (còn 490s)
2026-04-04 11:30:38,438 -   [Inner 288.10] cost=701.00 no_imp=9/20 (còn 490s)
2026-04-04 11:30:38,561 -   [Inner 288.11] cost=701.00 no_imp=10/20 (còn 490s)
2026-04-04 11:30:38,683 -   [Inner 288.12] cost=701.00 no_imp=11/20 (còn 490s)
2026-04-04 11:30:38,807 -   [Inner 288.13] cost=701.00 no_imp=12/20 (còn 490s)
2026-04-04 11:30:38,929 -   [Inner 288.14] cost=701.00 no_imp=13/20 (còn 490s)
2026-04-04 11:30:39,053 -   [Inner 288.15] cost=701.00 no_imp=14/20 (còn 490s)
2026-04-04 11:30:39,174 -   [Inner 288.16] cost=701.00 no_imp=15/20 (còn 490s)
2026-04-04 11:30:39,299 -   [Inner 288.17] cost=701.00 no_imp=16/20 (còn 489s)
2026-04-04 11:30:39,421 -   [Inner 288.18] cost=701.00 no_imp=17/20 (còn 489s)
2026-04-04 11:30:39,546 -   [Inner 288.19] cost=701.00 no_imp=18/20 (còn 489s)
2026-04-04 11:30:39,667 -   [Inner 288.20] cost=701.00 no_imp=19/20 (còn 489s)
2026-04-04 11:30:39,789 -   [Outer 288] Chạy Pairwise MaxSAT...
2026-04-04 11:30:39,790 -   [Outer] Pairwise không cải thiện cặp nào, quay lại inner.
2026-04-04 11:30:39,790 - === OUTER 289 | cost=701.00 (còn 489s) ===
2026-04-04 11:30:39,790 -   [Inner 289.1] cost=701.00 no_imp=0/20 (còn 489s)
2026-04-04 11:30:39,914 -   [Inner 289.2] cost=701.00 no_imp=1/20 (còn 489s)
2026-04-04 11:30:40,037 -   [Inner 289.3] cost=701.00 no_imp=2/20 (còn 489s)
2026-04-04 11:30:40,161 -   [Inner 289.4] cost=701.00 no_imp=3/20 (còn 489s)
2026-04-04 11:30:40,284 -   [Inner 289.5] cost=701.00 no_imp=4/20 (còn 488s)
2026-04-04 11:30:40,408 -   [Inner 289.6] cost=701.00 no_imp=5/20 (còn 488s)
2026-04-04 11:30:40,530 -   [Inner 289.7] cost=701.00 no_imp=6/20 (còn 488s)
2026-04-04 11:30:40,654 -   [Inner 289.8] cost=701.00 no_imp=7/20 (còn 488s)
2026-04-04 11:30:40,778 -   [Inner 289.9] cost=701.00 no_imp=8/20 (còn 488s)
2026-04-04 11:30:40,901 -   [Inner 289.10] cost=701.00 no_imp=9/20 (còn 488s)
2026-04-04 11:30:41,023 -   [Inner 289.11] cost=701.00 no_imp=10/20 (còn 488s)
2026-04-04 11:30:41,147 -   [Inner 289.12] cost=701.00 no_imp=11/20 (còn 488s)
2026-04-04 11:30:41,270 -   [Inner 289.13] cost=701.00 no_imp=12/20 (còn 487s)
2026-04-04 11:30:41,394 -   [Inner 289.14] cost=701.00 no_imp=13/20 (còn 487s)
2026-04-04 11:30:41,516 -   [Inner 289.15] cost=701.00 no_imp=14/20 (còn 487s)
2026-04-04 11:30:41,640 -   [Inner 289.16] cost=701.00 no_imp=15/20 (còn 487s)
2026-04-04 11:30:41,764 -   [Inner 289.17] cost=701.00 no_imp=16/20 (còn 487s)
2026-04-04 11:30:41,887 -   [Inner 289.18] cost=701.00 no_imp=17/20 (còn 487s)
2026-04-04 11:30:42,009 -   [Inner 289.19] cost=701.00 no_imp=18/20 (còn 487s)
2026-04-04 11:30:42,134 -   [Inner 289.20] cost=701.00 no_imp=19/20 (còn 487s)
2026-04-04 11:30:42,257 -   [Outer 289] Chạy Pairwise MaxSAT...
2026-04-04 11:30:42,258 -   [Outer] Pairwise không cải thiện cặp nào, quay lại inner.
2026-04-04 11:30:42,258 - === OUTER 290 | cost=701.00 (còn 486s) ===
2026-04-04 11:30:42,258 -   [Inner 290.1] cost=701.00 no_imp=0/20 (còn 486s)
2026-04-04 11:30:42,381 -   [Inner 290.2] cost=701.00 no_imp=1/20 (còn 486s)
2026-04-04 11:30:42,504 -   [Inner 290.3] cost=701.00 no_imp=2/20 (còn 486s)
2026-04-04 11:30:42,624 -   [Inner 290.4] cost=701.00 no_imp=3/20 (còn 486s)
2026-04-04 11:30:42,747 -   [Inner 290.5] cost=701.00 no_imp=4/20 (còn 486s)
2026-04-04 11:30:42,870 -   [Inner 290.6] cost=701.00 no_imp=5/20 (còn 486s)
2026-04-04 11:30:42,993 -   [Inner 290.7] cost=701.00 no_imp=6/20 (còn 486s)
2026-04-04 11:30:43,117 -   [Inner 290.8] cost=701.00 no_imp=7/20 (còn 486s)
2026-04-04 11:30:43,240 -   [Inner 290.9] cost=701.00 no_imp=8/20 (còn 485s)
2026-04-04 11:30:43,364 -   [Inner 290.10] cost=701.00 no_imp=9/20 (còn 485s)
2026-04-04 11:30:43,487 -   [Inner 290.11] cost=701.00 no_imp=10/20 (còn 485s)
2026-04-04 11:30:43,613 -   [Inner 290.12] cost=701.00 no_imp=11/20 (còn 485s)
2026-04-04 11:30:43,735 -   [Inner 290.13] cost=701.00 no_imp=12/20 (còn 485s)
2026-04-04 11:30:43,858 -   [Inner 290.14] cost=701.00 no_imp=13/20 (còn 485s)
2026-04-04 11:30:43,980 -   [Inner 290.15] cost=701.00 no_imp=14/20 (còn 485s)
2026-04-04 11:30:44,104 -   [Inner 290.16] cost=701.00 no_imp=15/20 (còn 485s)
2026-04-04 11:30:44,225 -   [Inner 290.17] cost=701.00 no_imp=16/20 (còn 484s)
2026-04-04 11:30:44,349 -   [Inner 290.18] cost=701.00 no_imp=17/20 (còn 484s)
2026-04-04 11:30:44,472 -   [Inner 290.19] cost=701.00 no_imp=18/20 (còn 484s)
2026-04-04 11:30:44,595 -   [Inner 290.20] cost=701.00 no_imp=19/20 (còn 484s)
2026-04-04 11:30:44,718 -   [Outer 290] Chạy Pairwise MaxSAT...
2026-04-04 11:30:44,718 -   [Outer] Pairwise không cải thiện cặp nào, quay lại inner.
2026-04-04 11:30:44,718 - === OUTER 291 | cost=701.00 (còn 484s) ===
2026-04-04 11:30:44,719 -   [Inner 291.1] cost=701.00 no_imp=0/20 (còn 484s)
2026-04-04 11:30:44,840 -   [Inner 291.2] cost=701.00 no_imp=1/20 (còn 484s)
2026-04-04 11:30:44,963 -   [Inner 291.3] cost=701.00 no_imp=2/20 (còn 484s)
2026-04-04 11:30:45,086 -   [Inner 291.4] cost=701.00 no_imp=3/20 (còn 484s)
2026-04-04 11:30:45,210 -   [Inner 291.5] cost=701.00 no_imp=4/20 (còn 483s)
2026-04-04 11:30:45,331 -   [Inner 291.6] cost=701.00 no_imp=5/20 (còn 483s)
2026-04-04 11:30:45,455 -   [Inner 291.7] cost=701.00 no_imp=6/20 (còn 483s)
2026-04-04 11:30:45,577 -   [Inner 291.8] cost=701.00 no_imp=7/20 (còn 483s)
2026-04-04 11:30:45,702 -   [Inner 291.9] cost=701.00 no_imp=8/20 (còn 483s)
2026-04-04 11:30:45,824 -   [Inner 291.10] cost=701.00 no_imp=9/20 (còn 483s)
2026-04-04 11:30:45,947 -   [Inner 291.11] cost=701.00 no_imp=10/20 (còn 483s)
2026-04-04 11:30:46,069 -   [Inner 291.12] cost=701.00 no_imp=11/20 (còn 483s)
2026-04-04 11:30:46,192 -   [Inner 291.13] cost=701.00 no_imp=12/20 (còn 482s)
2026-04-04 11:30:46,315 -   [Inner 291.14] cost=701.00 no_imp=13/20 (còn 482s)
2026-04-04 11:30:46,438 -   [Inner 291.15] cost=701.00 no_imp=14/20 (còn 482s)
2026-04-04 11:30:46,561 -   [Inner 291.16] cost=701.00 no_imp=15/20 (còn 482s)
2026-04-04 11:30:46,684 -   [Inner 291.17] cost=701.00 no_imp=16/20 (còn 482s)
2026-04-04 11:30:46,805 -   [Inner 291.18] cost=701.00 no_imp=17/20 (còn 482s)
2026-04-04 11:30:46,928 -   [Inner 291.19] cost=701.00 no_imp=18/20 (còn 482s)
2026-04-04 11:30:47,052 -   [Inner 291.20] cost=701.00 no_imp=19/20 (còn 482s)
2026-04-04 11:30:47,175 -   [Outer 291] Chạy Pairwise MaxSAT...
2026-04-04 11:30:47,175 -   [Outer] Pairwise không cải thiện cặp nào, quay lại inner.
2026-04-04 11:30:47,175 - === OUTER 292 | cost=701.00 (còn 482s) ===
2026-04-04 11:30:47,176 -   [Inner 292.1] cost=701.00 no_imp=0/20 (còn 482s)
2026-04-04 11:30:47,298 -   [Inner 292.2] cost=701.00 no_imp=1/20 (còn 481s)
2026-04-04 11:30:47,420 -   [Inner 292.3] cost=701.00 no_imp=2/20 (còn 481s)
2026-04-04 11:30:47,542 -   [Inner 292.4] cost=701.00 no_imp=3/20 (còn 481s)
2026-04-04 11:30:47,669 -   [Inner 292.5] cost=701.00 no_imp=4/20 (còn 481s)
2026-04-04 11:30:47,792 -   [Inner 292.6] cost=701.00 no_imp=5/20 (còn 481s)
2026-04-04 11:30:47,916 -   [Inner 292.7] cost=701.00 no_imp=6/20 (còn 481s)
2026-04-04 11:30:48,038 -   [Inner 292.8] cost=701.00 no_imp=7/20 (còn 481s)
2026-04-04 11:30:48,162 -   [Inner 292.9] cost=701.00 no_imp=8/20 (còn 481s)
2026-04-04 11:30:48,284 -   [Inner 292.10] cost=701.00 no_imp=9/20 (còn 480s)
2026-04-04 11:30:48,408 -   [Inner 292.11] cost=701.00 no_imp=10/20 (còn 480s)
2026-04-04 11:30:48,530 -   [Inner 292.12] cost=701.00 no_imp=11/20 (còn 480s)
2026-04-04 11:30:48,652 -   [Inner 292.13] cost=701.00 no_imp=12/20 (còn 480s)
2026-04-04 11:30:48,775 -   [Inner 292.14] cost=701.00 no_imp=13/20 (còn 480s)
2026-04-04 11:30:48,898 -   [Inner 292.15] cost=701.00 no_imp=14/20 (còn 480s)
2026-04-04 11:30:49,020 -   [Inner 292.16] cost=701.00 no_imp=15/20 (còn 480s)
2026-04-04 11:30:49,143 -   [Inner 292.17] cost=701.00 no_imp=16/20 (còn 480s)
2026-04-04 11:30:49,267 -   [Inner 292.18] cost=701.00 no_imp=17/20 (còn 479s)
2026-04-04 11:30:49,390 -   [Inner 292.19] cost=701.00 no_imp=18/20 (còn 479s)
2026-04-04 11:30:49,513 -   [Inner 292.20] cost=701.00 no_imp=19/20 (còn 479s)
2026-04-04 11:30:49,636 -   [Outer 292] Chạy Pairwise MaxSAT...
2026-04-04 11:30:49,636 -   [Outer] Pairwise không cải thiện cặp nào, quay lại inner.
2026-04-04 11:30:49,636 - === OUTER 293 | cost=701.00 (còn 479s) ===
2026-04-04 11:30:49,636 -   [Inner 293.1] cost=701.00 no_imp=0/20 (còn 479s)
2026-04-04 11:30:49,763 -   [Inner 293.2] cost=701.00 no_imp=1/20 (còn 479s)
2026-04-04 11:30:49,886 -   [Inner 293.3] cost=701.00 no_imp=2/20 (còn 479s)
2026-04-04 11:30:50,009 -   [Inner 293.4] cost=701.00 no_imp=3/20 (còn 479s)
2026-04-04 11:30:50,133 -   [Inner 293.5] cost=701.00 no_imp=4/20 (còn 479s)
2026-04-04 11:30:50,259 -   [Inner 293.6] cost=701.00 no_imp=5/20 (còn 478s)
2026-04-04 11:30:50,381 -   [Inner 293.7] cost=701.00 no_imp=6/20 (còn 478s)
2026-04-04 11:30:50,502 -   [Inner 293.8] cost=701.00 no_imp=7/20 (còn 478s)
2026-04-04 11:30:50,625 -   [Inner 293.9] cost=701.00 no_imp=8/20 (còn 478s)
2026-04-04 11:30:50,747 -   [Inner 293.10] cost=701.00 no_imp=9/20 (còn 478s)
2026-04-04 11:30:50,869 -   [Inner 293.11] cost=701.00 no_imp=10/20 (còn 478s)
2026-04-04 11:30:50,992 -   [Inner 293.12] cost=701.00 no_imp=11/20 (còn 478s)
2026-04-04 11:30:51,114 -   [Inner 293.13] cost=701.00 no_imp=12/20 (còn 478s)
2026-04-04 11:30:51,238 -   [Inner 293.14] cost=701.00 no_imp=13/20 (còn 477s)
2026-04-04 11:30:51,362 -   [Inner 293.15] cost=701.00 no_imp=14/20 (còn 477s)
2026-04-04 11:30:51,484 -   [Inner 293.16] cost=701.00 no_imp=15/20 (còn 477s)
2026-04-04 11:30:51,607 -   [Inner 293.17] cost=701.00 no_imp=16/20 (còn 477s)
2026-04-04 11:30:51,732 -   [Inner 293.18] cost=701.00 no_imp=17/20 (còn 477s)
2026-04-04 11:30:51,853 -   [Inner 293.19] cost=701.00 no_imp=18/20 (còn 477s)
2026-04-04 11:30:51,975 -   [Inner 293.20] cost=701.00 no_imp=19/20 (còn 477s)
2026-04-04 11:30:52,098 -   [Outer 293] Chạy Pairwise MaxSAT...
2026-04-04 11:30:52,098 -   [Outer] Pairwise không cải thiện cặp nào, quay lại inner.
2026-04-04 11:30:52,098 - === OUTER 294 | cost=701.00 (còn 477s) ===
2026-04-04 11:30:52,098 -   [Inner 294.1] cost=701.00 no_imp=0/20 (còn 477s)
2026-04-04 11:30:52,220 -   [Inner 294.2] cost=701.00 no_imp=1/20 (còn 476s)
2026-04-04 11:30:52,344 -   [Inner 294.3] cost=701.00 no_imp=2/20 (còn 476s)
2026-04-04 11:30:52,467 -   [Inner 294.4] cost=701.00 no_imp=3/20 (còn 476s)
2026-04-04 11:30:52,589 -   [Inner 294.5] cost=701.00 no_imp=4/20 (còn 476s)
2026-04-04 11:30:52,711 -   [Inner 294.6] cost=701.00 no_imp=5/20 (còn 476s)
2026-04-04 11:30:52,833 -   [Inner 294.7] cost=701.00 no_imp=6/20 (còn 476s)
2026-04-04 11:30:52,955 -   [Inner 294.8] cost=701.00 no_imp=7/20 (còn 476s)
2026-04-04 11:30:53,078 -   [Inner 294.9] cost=701.00 no_imp=8/20 (còn 476s)
2026-04-04 11:30:53,202 -   [Inner 294.10] cost=701.00 no_imp=9/20 (còn 475s)
2026-04-04 11:30:53,326 -   [Inner 294.11] cost=701.00 no_imp=10/20 (còn 475s)
2026-04-04 11:30:53,449 -   [Inner 294.12] cost=701.00 no_imp=11/20 (còn 475s)
2026-04-04 11:30:53,571 -   [Inner 294.13] cost=701.00 no_imp=12/20 (còn 475s)
2026-04-04 11:30:53,694 -   [Inner 294.14] cost=701.00 no_imp=13/20 (còn 475s)
2026-04-04 11:30:53,819 -   [Inner 294.15] cost=701.00 no_imp=14/20 (còn 475s)
2026-04-04 11:30:53,940 -   [Inner 294.16] cost=701.00 no_imp=15/20 (còn 475s)
2026-04-04 11:30:54,061 -   [Inner 294.17] cost=701.00 no_imp=16/20 (còn 475s)
2026-04-04 11:30:54,225 -   [Inner 294.18] cost=701.00 no_imp=17/20 (còn 474s)
2026-04-04 11:30:54,349 -   [Inner 294.19] cost=701.00 no_imp=18/20 (còn 474s)
2026-04-04 11:30:54,472 -   [Inner 294.20] cost=701.00 no_imp=19/20 (còn 474s)
2026-04-04 11:30:54,594 -   [Outer 294] Chạy Pairwise MaxSAT...
2026-04-04 11:30:54,595 -   [Outer] Pairwise không cải thiện cặp nào, quay lại inner.
2026-04-04 11:30:54,595 - === OUTER 295 | cost=701.00 (còn 474s) ===
2026-04-04 11:30:54,595 -   [Inner 295.1] cost=701.00 no_imp=0/20 (còn 474s)
2026-04-04 11:30:54,717 -   [Inner 295.2] cost=701.00 no_imp=1/20 (còn 474s)
2026-04-04 11:30:54,839 -   [Inner 295.3] cost=701.00 no_imp=2/20 (còn 474s)
2026-04-04 11:30:54,962 -   [Inner 295.4] cost=701.00 no_imp=3/20 (còn 474s)
2026-04-04 11:30:55,084 -   [Inner 295.5] cost=701.00 no_imp=4/20 (còn 474s)
2026-04-04 11:30:55,207 -   [Inner 295.6] cost=701.00 no_imp=5/20 (còn 473s)
2026-04-04 11:30:55,333 -   [Inner 295.7] cost=701.00 no_imp=6/20 (còn 473s)
2026-04-04 11:30:55,455 -   [Inner 295.8] cost=701.00 no_imp=7/20 (còn 473s)
2026-04-04 11:30:55,578 -   [Inner 295.9] cost=701.00 no_imp=8/20 (còn 473s)
2026-04-04 11:30:55,701 -   [Inner 295.10] cost=701.00 no_imp=9/20 (còn 473s)
2026-04-04 11:30:55,827 -   [Inner 295.11] cost=701.00 no_imp=10/20 (còn 473s)
2026-04-04 11:30:55,948 -   [Inner 295.12] cost=701.00 no_imp=11/20 (còn 473s)
2026-04-04 11:30:56,071 -   [Inner 295.13] cost=701.00 no_imp=12/20 (còn 473s)
2026-04-04 11:30:56,192 -   [Inner 295.14] cost=701.00 no_imp=13/20 (còn 472s)
2026-04-04 11:30:56,316 -   [Inner 295.15] cost=701.00 no_imp=14/20 (còn 472s)
2026-04-04 11:30:56,438 -   [Inner 295.16] cost=701.00 no_imp=15/20 (còn 472s)
2026-04-04 11:30:56,560 -   [Inner 295.17] cost=701.00 no_imp=16/20 (còn 472s)
2026-04-04 11:30:56,685 -   [Inner 295.18] cost=701.00 no_imp=17/20 (còn 472s)
2026-04-04 11:30:56,807 -   [Inner 295.19] cost=701.00 no_imp=18/20 (còn 472s)
2026-04-04 11:30:56,929 -   [Inner 295.20] cost=701.00 no_imp=19/20 (còn 472s)
2026-04-04 11:30:57,051 -   [Outer 295] Chạy Pairwise MaxSAT...
2026-04-04 11:30:57,052 -   [Outer] Pairwise không cải thiện cặp nào, quay lại inner.
2026-04-04 11:30:57,052 - === OUTER 296 | cost=701.00 (còn 472s) ===
2026-04-04 11:30:57,052 -   [Inner 296.1] cost=701.00 no_imp=0/20 (còn 472s)
2026-04-04 11:30:57,177 -   [Inner 296.2] cost=701.00 no_imp=1/20 (còn 472s)
2026-04-04 11:30:57,300 -   [Inner 296.3] cost=701.00 no_imp=2/20 (còn 471s)
2026-04-04 11:30:57,425 -   [Inner 296.4] cost=701.00 no_imp=3/20 (còn 471s)
2026-04-04 11:30:57,547 -   [Inner 296.5] cost=701.00 no_imp=4/20 (còn 471s)
2026-04-04 11:30:57,668 -   [Inner 296.6] cost=701.00 no_imp=5/20 (còn 471s)
2026-04-04 11:30:57,793 -   [Inner 296.7] cost=701.00 no_imp=6/20 (còn 471s)
2026-04-04 11:30:57,916 -   [Inner 296.8] cost=701.00 no_imp=7/20 (còn 471s)
2026-04-04 11:30:58,039 -   [Inner 296.9] cost=701.00 no_imp=8/20 (còn 471s)
2026-04-04 11:30:58,162 -   [Inner 296.10] cost=701.00 no_imp=9/20 (còn 471s)
2026-04-04 11:30:58,285 -   [Inner 296.11] cost=701.00 no_imp=10/20 (còn 470s)
2026-04-04 11:30:58,407 -   [Inner 296.12] cost=701.00 no_imp=11/20 (còn 470s)
2026-04-04 11:30:58,532 -   [Inner 296.13] cost=701.00 no_imp=12/20 (còn 470s)
2026-04-04 11:30:58,652 -   [Inner 296.14] cost=701.00 no_imp=13/20 (còn 470s)
2026-04-04 11:30:58,775 -   [Inner 296.15] cost=701.00 no_imp=14/20 (còn 470s)
2026-04-04 11:30:58,897 -   [Inner 296.16] cost=701.00 no_imp=15/20 (còn 470s)
2026-04-04 11:30:59,019 -   [Inner 296.17] cost=701.00 no_imp=16/20 (còn 470s)
2026-04-04 11:30:59,142 -   [Inner 296.18] cost=701.00 no_imp=17/20 (còn 470s)
2026-04-04 11:30:59,264 -   [Inner 296.19] cost=701.00 no_imp=18/20 (còn 469s)
2026-04-04 11:30:59,387 -   [Inner 296.20] cost=701.00 no_imp=19/20 (còn 469s)
2026-04-04 11:30:59,509 -   [Outer 296] Chạy Pairwise MaxSAT...
2026-04-04 11:30:59,509 -   [Outer] Pairwise không cải thiện cặp nào, quay lại inner.
2026-04-04 11:30:59,509 - === OUTER 297 | cost=701.00 (còn 469s) ===
2026-04-04 11:30:59,509 -   [Inner 297.1] cost=701.00 no_imp=0/20 (còn 469s)
2026-04-04 11:30:59,632 -   [Inner 297.2] cost=701.00 no_imp=1/20 (còn 469s)
2026-04-04 11:30:59,756 -   [Inner 297.3] cost=701.00 no_imp=2/20 (còn 469s)
2026-04-04 11:30:59,882 -   [Inner 297.4] cost=701.00 no_imp=3/20 (còn 469s)
2026-04-04 11:31:00,006 -   [Inner 297.5] cost=701.00 no_imp=4/20 (còn 469s)
2026-04-04 11:31:00,128 -   [Inner 297.6] cost=701.00 no_imp=5/20 (còn 469s)
2026-04-04 11:31:00,254 -   [Inner 297.7] cost=701.00 no_imp=6/20 (còn 468s)
2026-04-04 11:31:00,376 -   [Inner 297.8] cost=701.00 no_imp=7/20 (còn 468s)
2026-04-04 11:31:00,499 -   [Inner 297.9] cost=701.00 no_imp=8/20 (còn 468s)
2026-04-04 11:31:00,621 -   [Inner 297.10] cost=701.00 no_imp=9/20 (còn 468s)
2026-04-04 11:31:00,747 -   [Inner 297.11] cost=701.00 no_imp=10/20 (còn 468s)
2026-04-04 11:31:00,874 -   [Inner 297.12] cost=701.00 no_imp=11/20 (còn 468s)
2026-04-04 11:31:00,997 -   [Inner 297.13] cost=701.00 no_imp=12/20 (còn 468s)
2026-04-04 11:31:01,119 -   [Inner 297.14] cost=701.00 no_imp=13/20 (còn 468s)
2026-04-04 11:31:01,242 -   [Inner 297.15] cost=701.00 no_imp=14/20 (còn 467s)
2026-04-04 11:31:01,364 -   [Inner 297.16] cost=701.00 no_imp=15/20 (còn 467s)
2026-04-04 11:31:01,488 -   [Inner 297.17] cost=701.00 no_imp=16/20 (còn 467s)
2026-04-04 11:31:01,611 -   [Inner 297.18] cost=701.00 no_imp=17/20 (còn 467s)
2026-04-04 11:31:01,732 -   [Inner 297.19] cost=701.00 no_imp=18/20 (còn 467s)
2026-04-04 11:31:01,857 -   [Inner 297.20] cost=701.00 no_imp=19/20 (còn 467s)
2026-04-04 11:31:01,980 -   [Outer 297] Chạy Pairwise MaxSAT...
2026-04-04 11:31:01,980 -   [Outer] Pairwise không cải thiện cặp nào, quay lại inner.
2026-04-04 11:31:01,980 - === OUTER 298 | cost=701.00 (còn 467s) ===
2026-04-04 11:31:01,980 -   [Inner 298.1] cost=701.00 no_imp=0/20 (còn 467s)
2026-04-04 11:31:02,105 -   [Inner 298.2] cost=701.00 no_imp=1/20 (còn 467s)
2026-04-04 11:31:02,229 -   [Inner 298.3] cost=701.00 no_imp=2/20 (còn 466s)
2026-04-04 11:31:02,351 -   [Inner 298.4] cost=701.00 no_imp=3/20 (còn 466s)
2026-04-04 11:31:02,473 -   [Inner 298.5] cost=701.00 no_imp=4/20 (còn 466s)
2026-04-04 11:31:02,595 -   [Inner 298.6] cost=701.00 no_imp=5/20 (còn 466s)
2026-04-04 11:31:02,718 -   [Inner 298.7] cost=701.00 no_imp=6/20 (còn 466s)
2026-04-04 11:31:02,840 -   [Inner 298.8] cost=701.00 no_imp=7/20 (còn 466s)
2026-04-04 11:31:02,961 -   [Inner 298.9] cost=701.00 no_imp=8/20 (còn 466s)
2026-04-04 11:31:03,082 -   [Inner 298.10] cost=701.00 no_imp=9/20 (còn 466s)
2026-04-04 11:31:03,204 -   [Inner 298.11] cost=701.00 no_imp=10/20 (còn 465s)
2026-04-04 11:31:03,326 -   [Inner 298.12] cost=701.00 no_imp=11/20 (còn 465s)
2026-04-04 11:31:03,450 -   [Inner 298.13] cost=701.00 no_imp=12/20 (còn 465s)
2026-04-04 11:31:03,573 -   [Inner 298.14] cost=701.00 no_imp=13/20 (còn 465s)
2026-04-04 11:31:03,695 -   [Inner 298.15] cost=701.00 no_imp=14/20 (còn 465s)
2026-04-04 11:31:03,824 -   [Inner 298.16] cost=701.00 no_imp=15/20 (còn 465s)
2026-04-04 11:31:03,953 -   [Inner 298.17] cost=701.00 no_imp=16/20 (còn 465s)
2026-04-04 11:31:04,075 -   [Inner 298.18] cost=701.00 no_imp=17/20 (còn 465s)
2026-04-04 11:31:04,198 -   [Inner 298.19] cost=701.00 no_imp=18/20 (còn 464s)
2026-04-04 11:31:04,320 -   [Inner 298.20] cost=701.00 no_imp=19/20 (còn 464s)
2026-04-04 11:31:04,443 -   [Outer 298] Chạy Pairwise MaxSAT...
2026-04-04 11:31:04,443 -   [Outer] Pairwise không cải thiện cặp nào, quay lại inner.
2026-04-04 11:31:04,443 - === OUTER 299 | cost=701.00 (còn 464s) ===
2026-04-04 11:31:04,443 -   [Inner 299.1] cost=701.00 no_imp=0/20 (còn 464s)
2026-04-04 11:31:04,566 -   [Inner 299.2] cost=701.00 no_imp=1/20 (còn 464s)
2026-04-04 11:31:04,688 -   [Inner 299.3] cost=701.00 no_imp=2/20 (còn 464s)
2026-04-04 11:31:04,811 -   [Inner 299.4] cost=701.00 no_imp=3/20 (còn 464s)
2026-04-04 11:31:04,935 -   [Inner 299.5] cost=701.00 no_imp=4/20 (còn 464s)
2026-04-04 11:31:05,059 -   [Inner 299.6] cost=701.00 no_imp=5/20 (còn 464s)
2026-04-04 11:31:05,181 -   [Inner 299.7] cost=701.00 no_imp=6/20 (còn 464s)
2026-04-04 11:31:05,306 -   [Inner 299.8] cost=701.00 no_imp=7/20 (còn 463s)
2026-04-04 11:31:05,428 -   [Inner 299.9] cost=701.00 no_imp=8/20 (còn 463s)
2026-04-04 11:31:05,550 -   [Inner 299.10] cost=701.00 no_imp=9/20 (còn 463s)
2026-04-04 11:31:05,675 -   [Inner 299.11] cost=701.00 no_imp=10/20 (còn 463s)
2026-04-04 11:31:05,799 -   [Inner 299.12] cost=701.00 no_imp=11/20 (còn 463s)
2026-04-04 11:31:05,926 -   [Inner 299.13] cost=701.00 no_imp=12/20 (còn 463s)
2026-04-04 11:31:06,050 -   [Inner 299.14] cost=701.00 no_imp=13/20 (còn 463s)
2026-04-04 11:31:06,172 -   [Inner 299.15] cost=701.00 no_imp=14/20 (còn 463s)
2026-04-04 11:31:06,295 -   [Inner 299.16] cost=701.00 no_imp=15/20 (còn 462s)
2026-04-04 11:31:06,418 -   [Inner 299.17] cost=701.00 no_imp=16/20 (còn 462s)
2026-04-04 11:31:06,539 -   [Inner 299.18] cost=701.00 no_imp=17/20 (còn 462s)
2026-04-04 11:31:06,663 -   [Inner 299.19] cost=701.00 no_imp=18/20 (còn 462s)
2026-04-04 11:31:06,786 -   [Inner 299.20] cost=701.00 no_imp=19/20 (còn 462s)
2026-04-04 11:31:06,910 -   [Outer 299] Chạy Pairwise MaxSAT...
2026-04-04 11:31:06,910 -   [Outer] Pairwise không cải thiện cặp nào, quay lại inner.
2026-04-04 11:31:06,910 - === OUTER 300 | cost=701.00 (còn 462s) ===
2026-04-04 11:31:06,910 -   [Inner 300.1] cost=701.00 no_imp=0/20 (còn 462s)
2026-04-04 11:31:07,033 -   [Inner 300.2] cost=701.00 no_imp=1/20 (còn 462s)
2026-04-04 11:31:07,158 -   [Inner 300.3] cost=701.00 no_imp=2/20 (còn 462s)
2026-04-04 11:31:07,281 -   [Inner 300.4] cost=701.00 no_imp=3/20 (còn 461s)
2026-04-04 11:31:07,404 -   [Inner 300.5] cost=701.00 no_imp=4/20 (còn 461s)
2026-04-04 11:31:07,526 -   [Inner 300.6] cost=701.00 no_imp=5/20 (còn 461s)
2026-04-04 11:31:07,649 -   [Inner 300.7] cost=701.00 no_imp=6/20 (còn 461s)
2026-04-04 11:31:07,771 -   [Inner 300.8] cost=701.00 no_imp=7/20 (còn 461s)
2026-04-04 11:31:07,894 -   [Inner 300.9] cost=701.00 no_imp=8/20 (còn 461s)
2026-04-04 11:31:08,016 -   [Inner 300.10] cost=701.00 no_imp=9/20 (còn 461s)
2026-04-04 11:31:08,140 -   [Inner 300.11] cost=701.00 no_imp=10/20 (còn 461s)
2026-04-04 11:31:08,263 -   [Inner 300.12] cost=701.00 no_imp=11/20 (còn 460s)
2026-04-04 11:31:08,384 -   [Inner 300.13] cost=701.00 no_imp=12/20 (còn 460s)
2026-04-04 11:31:08,508 -   [Inner 300.14] cost=701.00 no_imp=13/20 (còn 460s)
2026-04-04 11:31:08,630 -   [Inner 300.15] cost=701.00 no_imp=14/20 (còn 460s)
2026-04-04 11:31:08,754 -   [Inner 300.16] cost=701.00 no_imp=15/20 (còn 460s)
2026-04-04 11:31:08,877 -   [Inner 300.17] cost=701.00 no_imp=16/20 (còn 460s)
2026-04-04 11:31:08,999 -   [Inner 300.18] cost=701.00 no_imp=17/20 (còn 460s)
2026-04-04 11:31:09,121 -   [Inner 300.19] cost=701.00 no_imp=18/20 (còn 460s)
2026-04-04 11:31:09,244 -   [Inner 300.20] cost=701.00 no_imp=19/20 (còn 459s)
2026-04-04 11:31:09,367 -   [Outer 300] Chạy Pairwise MaxSAT...
2026-04-04 11:31:09,367 -   [Outer] Pairwise không cải thiện cặp nào, quay lại inner.
2026-04-04 11:31:09,367 - === OUTER 301 | cost=701.00 (còn 459s) ===
2026-04-04 11:31:09,367 -   [Inner 301.1] cost=701.00 no_imp=0/20 (còn 459s)
2026-04-04 11:31:09,490 -   [Inner 301.2] cost=701.00 no_imp=1/20 (còn 459s)
2026-04-04 11:31:09,614 -   [Inner 301.3] cost=701.00 no_imp=2/20 (còn 459s)
2026-04-04 11:31:09,737 -   [Inner 301.4] cost=701.00 no_imp=3/20 (còn 459s)
2026-04-04 11:31:09,862 -   [Inner 301.5] cost=701.00 no_imp=4/20 (còn 459s)
2026-04-04 11:31:09,987 -   [Inner 301.6] cost=701.00 no_imp=5/20 (còn 459s)
2026-04-04 11:31:10,109 -   [Inner 301.7] cost=701.00 no_imp=6/20 (còn 459s)
2026-04-04 11:31:10,231 -   [Inner 301.8] cost=701.00 no_imp=7/20 (còn 458s)
2026-04-04 11:31:10,353 -   [Inner 301.9] cost=701.00 no_imp=8/20 (còn 458s)
2026-04-04 11:31:10,476 -   [Inner 301.10] cost=701.00 no_imp=9/20 (còn 458s)
2026-04-04 11:31:10,597 -   [Inner 301.11] cost=701.00 no_imp=10/20 (còn 458s)
2026-04-04 11:31:10,721 -   [Inner 301.12] cost=701.00 no_imp=11/20 (còn 458s)
2026-04-04 11:31:10,844 -   [Inner 301.13] cost=701.00 no_imp=12/20 (còn 458s)
2026-04-04 11:31:10,966 -   [Inner 301.14] cost=701.00 no_imp=13/20 (còn 458s)
2026-04-04 11:31:11,089 -   [Inner 301.15] cost=701.00 no_imp=14/20 (còn 458s)
2026-04-04 11:31:11,213 -   [Inner 301.16] cost=701.00 no_imp=15/20 (còn 457s)
2026-04-04 11:31:11,336 -   [Inner 301.17] cost=701.00 no_imp=16/20 (còn 457s)
2026-04-04 11:31:11,458 -   [Inner 301.18] cost=701.00 no_imp=17/20 (còn 457s)
2026-04-04 11:31:11,582 -   [Inner 301.19] cost=701.00 no_imp=18/20 (còn 457s)
2026-04-04 11:31:11,704 -   [Inner 301.20] cost=701.00 no_imp=19/20 (còn 457s)
2026-04-04 11:31:11,828 -   [Outer 301] Chạy Pairwise MaxSAT...
2026-04-04 11:31:11,828 -   [Outer] Pairwise không cải thiện cặp nào, quay lại inner.
2026-04-04 11:31:11,829 - === OUTER 302 | cost=701.00 (còn 457s) ===
2026-04-04 11:31:11,829 -   [Inner 302.1] cost=701.00 no_imp=0/20 (còn 457s)
2026-04-04 11:31:11,957 -   [Inner 302.2] cost=701.00 no_imp=1/20 (còn 457s)
2026-04-04 11:31:12,078 -   [Inner 302.3] cost=701.00 no_imp=2/20 (còn 457s)
2026-04-04 11:31:12,201 -   [Inner 302.4] cost=701.00 no_imp=3/20 (còn 456s)
2026-04-04 11:31:12,323 -   [Inner 302.5] cost=701.00 no_imp=4/20 (còn 456s)
2026-04-04 11:31:12,445 -   [Inner 302.6] cost=701.00 no_imp=5/20 (còn 456s)
2026-04-04 11:31:12,568 -   [Inner 302.7] cost=701.00 no_imp=6/20 (còn 456s)
2026-04-04 11:31:12,689 -   [Inner 302.8] cost=701.00 no_imp=7/20 (còn 456s)
2026-04-04 11:31:12,812 -   [Inner 302.9] cost=701.00 no_imp=8/20 (còn 456s)
2026-04-04 11:31:12,935 -   [Inner 302.10] cost=701.00 no_imp=9/20 (còn 456s)
2026-04-04 11:31:13,059 -   [Inner 302.11] cost=701.00 no_imp=10/20 (còn 456s)
2026-04-04 11:31:13,181 -   [Inner 302.12] cost=701.00 no_imp=11/20 (còn 456s)
2026-04-04 11:31:13,304 -   [Inner 302.13] cost=701.00 no_imp=12/20 (còn 455s)
2026-04-04 11:31:13,426 -   [Inner 302.14] cost=701.00 no_imp=13/20 (còn 455s)
2026-04-04 11:31:13,548 -   [Inner 302.15] cost=701.00 no_imp=14/20 (còn 455s)
2026-04-04 11:31:13,672 -   [Inner 302.16] cost=701.00 no_imp=15/20 (còn 455s)
2026-04-04 11:31:13,795 -   [Inner 302.17] cost=701.00 no_imp=16/20 (còn 455s)
2026-04-04 11:31:13,918 -   [Inner 302.18] cost=701.00 no_imp=17/20 (còn 455s)
2026-04-04 11:31:14,042 -   [Inner 302.19] cost=701.00 no_imp=18/20 (còn 455s)
2026-04-04 11:31:14,166 -   [Inner 302.20] cost=701.00 no_imp=19/20 (còn 455s)
2026-04-04 11:31:14,291 -   [Outer 302] Chạy Pairwise MaxSAT...
2026-04-04 11:31:14,291 -   [Outer] Pairwise không cải thiện cặp nào, quay lại inner.
2026-04-04 11:31:14,291 - === OUTER 303 | cost=701.00 (còn 454s) ===
2026-04-04 11:31:14,291 -   [Inner 303.1] cost=701.00 no_imp=0/20 (còn 454s)
2026-04-04 11:31:14,414 -   [Inner 303.2] cost=701.00 no_imp=1/20 (còn 454s)
2026-04-04 11:31:14,536 -   [Inner 303.3] cost=701.00 no_imp=2/20 (còn 454s)
2026-04-04 11:31:14,659 -   [Inner 303.4] cost=701.00 no_imp=3/20 (còn 454s)
2026-04-04 11:31:14,782 -   [Inner 303.5] cost=701.00 no_imp=4/20 (còn 454s)
2026-04-04 11:31:14,904 -   [Inner 303.6] cost=701.00 no_imp=5/20 (còn 454s)
2026-04-04 11:31:15,026 -   [Inner 303.7] cost=701.00 no_imp=6/20 (còn 454s)
2026-04-04 11:31:15,148 -   [Inner 303.8] cost=701.00 no_imp=7/20 (còn 454s)
2026-04-04 11:31:15,272 -   [Inner 303.9] cost=701.00 no_imp=8/20 (còn 453s)
2026-04-04 11:31:15,395 -   [Inner 303.10] cost=701.00 no_imp=9/20 (còn 453s)
2026-04-04 11:31:15,518 -   [Inner 303.11] cost=701.00 no_imp=10/20 (còn 453s)
2026-04-04 11:31:15,642 -   [Inner 303.12] cost=701.00 no_imp=11/20 (còn 453s)
2026-04-04 11:31:15,764 -   [Inner 303.13] cost=701.00 no_imp=12/20 (còn 453s)
2026-04-04 11:31:15,889 -   [Inner 303.14] cost=701.00 no_imp=13/20 (còn 453s)
2026-04-04 11:31:16,013 -   [Inner 303.15] cost=701.00 no_imp=14/20 (còn 453s)
2026-04-04 11:31:16,136 -   [Inner 303.16] cost=701.00 no_imp=15/20 (còn 453s)
2026-04-04 11:31:16,260 -   [Inner 303.17] cost=701.00 no_imp=16/20 (còn 452s)
2026-04-04 11:31:16,381 -   [Inner 303.18] cost=701.00 no_imp=17/20 (còn 452s)
2026-04-04 11:31:16,504 -   [Inner 303.19] cost=701.00 no_imp=18/20 (còn 452s)
2026-04-04 11:31:16,626 -   [Inner 303.20] cost=701.00 no_imp=19/20 (còn 452s)
2026-04-04 11:31:16,749 -   [Outer 303] Chạy Pairwise MaxSAT...
2026-04-04 11:31:16,749 -   [Outer] Pairwise không cải thiện cặp nào, quay lại inner.
2026-04-04 11:31:16,749 - === OUTER 304 | cost=701.00 (còn 452s) ===
2026-04-04 11:31:16,750 -   [Inner 304.1] cost=701.00 no_imp=0/20 (còn 452s)
2026-04-04 11:31:16,872 -   [Inner 304.2] cost=701.00 no_imp=1/20 (còn 452s)
2026-04-04 11:31:16,993 -   [Inner 304.3] cost=701.00 no_imp=2/20 (còn 452s)
2026-04-04 11:31:17,117 -   [Inner 304.4] cost=701.00 no_imp=3/20 (còn 452s)
2026-04-04 11:31:17,238 -   [Inner 304.5] cost=701.00 no_imp=4/20 (còn 451s)
2026-04-04 11:31:17,358 -   [Inner 304.6] cost=701.00 no_imp=5/20 (còn 451s)
2026-04-04 11:31:17,481 -   [Inner 304.7] cost=701.00 no_imp=6/20 (còn 451s)
2026-04-04 11:31:17,604 -   [Inner 304.8] cost=701.00 no_imp=7/20 (còn 451s)
2026-04-04 11:31:17,727 -   [Inner 304.9] cost=701.00 no_imp=8/20 (còn 451s)
2026-04-04 11:31:17,849 -   [Inner 304.10] cost=701.00 no_imp=9/20 (còn 451s)
2026-04-04 11:31:17,972 -   [Inner 304.11] cost=701.00 no_imp=10/20 (còn 451s)
2026-04-04 11:31:18,099 -   [Inner 304.12] cost=701.00 no_imp=11/20 (còn 451s)
2026-04-04 11:31:18,221 -   [Inner 304.13] cost=701.00 no_imp=12/20 (còn 450s)
2026-04-04 11:31:18,344 -   [Inner 304.14] cost=701.00 no_imp=13/20 (còn 450s)
2026-04-04 11:31:18,467 -   [Inner 304.15] cost=701.00 no_imp=14/20 (còn 450s)
2026-04-04 11:31:18,588 -   [Inner 304.16] cost=701.00 no_imp=15/20 (còn 450s)
2026-04-04 11:31:18,709 -   [Inner 304.17] cost=701.00 no_imp=16/20 (còn 450s)
2026-04-04 11:31:18,833 -   [Inner 304.18] cost=701.00 no_imp=17/20 (còn 450s)
2026-04-04 11:31:18,956 -   [Inner 304.19] cost=701.00 no_imp=18/20 (còn 450s)
2026-04-04 11:31:19,079 -   [Inner 304.20] cost=701.00 no_imp=19/20 (còn 450s)
2026-04-04 11:31:19,201 -   [Outer 304] Chạy Pairwise MaxSAT...
2026-04-04 11:31:19,201 -   [Outer] Pairwise không cải thiện cặp nào, quay lại inner.
2026-04-04 11:31:19,201 - === OUTER 305 | cost=701.00 (còn 449s) ===
2026-04-04 11:31:19,201 -   [Inner 305.1] cost=701.00 no_imp=0/20 (còn 449s)
2026-04-04 11:31:19,326 -   [Inner 305.2] cost=701.00 no_imp=1/20 (còn 449s)
2026-04-04 11:31:19,448 -   [Inner 305.3] cost=701.00 no_imp=2/20 (còn 449s)
2026-04-04 11:31:19,571 -   [Inner 305.4] cost=701.00 no_imp=3/20 (còn 449s)
2026-04-04 11:31:19,692 -   [Inner 305.5] cost=701.00 no_imp=4/20 (còn 449s)
2026-04-04 11:31:19,815 -   [Inner 305.6] cost=701.00 no_imp=5/20 (còn 449s)
2026-04-04 11:31:19,938 -   [Inner 305.7] cost=701.00 no_imp=6/20 (còn 449s)
2026-04-04 11:31:20,064 -   [Inner 305.8] cost=701.00 no_imp=7/20 (còn 449s)
2026-04-04 11:31:20,188 -   [Inner 305.9] cost=701.00 no_imp=8/20 (còn 448s)
2026-04-04 11:31:20,312 -   [Inner 305.10] cost=701.00 no_imp=9/20 (còn 448s)
2026-04-04 11:31:20,433 -   [Inner 305.11] cost=701.00 no_imp=10/20 (còn 448s)
2026-04-04 11:31:20,608 -   [Inner 305.12] cost=701.00 no_imp=11/20 (còn 448s)
2026-04-04 11:31:20,731 -   [Inner 305.13] cost=701.00 no_imp=12/20 (còn 448s)
2026-04-04 11:31:20,854 -   [Inner 305.14] cost=701.00 no_imp=13/20 (còn 448s)
2026-04-04 11:31:20,976 -   [Inner 305.15] cost=701.00 no_imp=14/20 (còn 448s)
2026-04-04 11:31:21,100 -   [Inner 305.16] cost=701.00 no_imp=15/20 (còn 448s)
2026-04-04 11:31:21,223 -   [Inner 305.17] cost=701.00 no_imp=16/20 (còn 447s)
2026-04-04 11:31:21,346 -   [Inner 305.18] cost=701.00 no_imp=17/20 (còn 447s)
2026-04-04 11:31:21,470 -   [Inner 305.19] cost=701.00 no_imp=18/20 (còn 447s)
2026-04-04 11:31:21,592 -   [Inner 305.20] cost=701.00 no_imp=19/20 (còn 447s)
2026-04-04 11:31:21,714 -   [Outer 305] Chạy Pairwise MaxSAT...
2026-04-04 11:31:21,714 -   [Outer] Pairwise không cải thiện cặp nào, quay lại inner.
2026-04-04 11:31:21,714 - === OUTER 306 | cost=701.00 (còn 447s) ===
2026-04-04 11:31:21,714 -   [Inner 306.1] cost=701.00 no_imp=0/20 (còn 447s)
2026-04-04 11:31:21,837 -   [Inner 306.2] cost=701.00 no_imp=1/20 (còn 447s)
2026-04-04 11:31:21,959 -   [Inner 306.3] cost=701.00 no_imp=2/20 (còn 447s)
2026-04-04 11:31:22,084 -   [Inner 306.4] cost=701.00 no_imp=3/20 (còn 447s)
2026-04-04 11:31:22,209 -   [Inner 306.5] cost=701.00 no_imp=4/20 (còn 446s)
2026-04-04 11:31:22,332 -   [Inner 306.6] cost=701.00 no_imp=5/20 (còn 446s)
2026-04-04 11:31:22,454 -   [Inner 306.7] cost=701.00 no_imp=6/20 (còn 446s)
2026-04-04 11:31:22,578 -   [Inner 306.8] cost=701.00 no_imp=7/20 (còn 446s)
2026-04-04 11:31:22,700 -   [Inner 306.9] cost=701.00 no_imp=8/20 (còn 446s)
2026-04-04 11:31:22,823 -   [Inner 306.10] cost=701.00 no_imp=9/20 (còn 446s)
2026-04-04 11:31:22,945 -   [Inner 306.11] cost=701.00 no_imp=10/20 (còn 446s)
2026-04-04 11:31:23,068 -   [Inner 306.12] cost=701.00 no_imp=11/20 (còn 446s)
2026-04-04 11:31:23,190 -   [Inner 306.13] cost=701.00 no_imp=12/20 (còn 445s)
2026-04-04 11:31:23,312 -   [Inner 306.14] cost=701.00 no_imp=13/20 (còn 445s)
2026-04-04 11:31:23,436 -   [Inner 306.15] cost=701.00 no_imp=14/20 (còn 445s)
2026-04-04 11:31:23,559 -   [Inner 306.16] cost=701.00 no_imp=15/20 (còn 445s)
2026-04-04 11:31:23,682 -   [Inner 306.17] cost=701.00 no_imp=16/20 (còn 445s)
2026-04-04 11:31:23,806 -   [Inner 306.18] cost=701.00 no_imp=17/20 (còn 445s)
2026-04-04 11:31:23,929 -   [Inner 306.19] cost=701.00 no_imp=18/20 (còn 445s)
2026-04-04 11:31:24,051 -   [Inner 306.20] cost=701.00 no_imp=19/20 (còn 445s)
2026-04-04 11:31:24,177 -   [Outer 306] Chạy Pairwise MaxSAT...
2026-04-04 11:31:24,177 -   [Outer] Pairwise không cải thiện cặp nào, quay lại inner.
2026-04-04 11:31:24,177 - === OUTER 307 | cost=701.00 (còn 445s) ===
2026-04-04 11:31:24,177 -   [Inner 307.1] cost=701.00 no_imp=0/20 (còn 445s)
2026-04-04 11:31:24,301 -   [Inner 307.2] cost=701.00 no_imp=1/20 (còn 444s)
2026-04-04 11:31:24,424 -   [Inner 307.3] cost=701.00 no_imp=2/20 (còn 444s)
2026-04-04 11:31:24,547 -   [Inner 307.4] cost=701.00 no_imp=3/20 (còn 444s)
2026-04-04 11:31:24,669 -   [Inner 307.5] cost=701.00 no_imp=4/20 (còn 444s)
2026-04-04 11:31:24,792 -   [Inner 307.6] cost=701.00 no_imp=5/20 (còn 444s)
2026-04-04 11:31:24,914 -   [Inner 307.7] cost=701.00 no_imp=6/20 (còn 444s)
2026-04-04 11:31:25,036 -   [Inner 307.8] cost=701.00 no_imp=7/20 (còn 444s)
2026-04-04 11:31:25,159 -   [Inner 307.9] cost=701.00 no_imp=8/20 (còn 444s)
2026-04-04 11:31:25,282 -   [Inner 307.10] cost=701.00 no_imp=9/20 (còn 443s)
2026-04-04 11:31:25,405 -   [Inner 307.11] cost=701.00 no_imp=10/20 (còn 443s)
2026-04-04 11:31:25,527 -   [Inner 307.12] cost=701.00 no_imp=11/20 (còn 443s)
2026-04-04 11:31:25,649 -   [Inner 307.13] cost=701.00 no_imp=12/20 (còn 443s)
2026-04-04 11:31:25,771 -   [Inner 307.14] cost=701.00 no_imp=13/20 (còn 443s)
2026-04-04 11:31:25,894 -   [Inner 307.15] cost=701.00 no_imp=14/20 (còn 443s)
2026-04-04 11:31:26,016 -   [Inner 307.16] cost=701.00 no_imp=15/20 (còn 443s)
2026-04-04 11:31:26,140 -   [Inner 307.17] cost=701.00 no_imp=16/20 (còn 443s)
2026-04-04 11:31:26,265 -   [Inner 307.18] cost=701.00 no_imp=17/20 (còn 442s)
2026-04-04 11:31:26,388 -   [Inner 307.19] cost=701.00 no_imp=18/20 (còn 442s)
2026-04-04 11:31:26,509 -   [Inner 307.20] cost=701.00 no_imp=19/20 (còn 442s)
2026-04-04 11:31:26,631 -   [Outer 307] Chạy Pairwise MaxSAT...
2026-04-04 11:31:26,632 -   [Outer] Pairwise không cải thiện cặp nào, quay lại inner.
2026-04-04 11:31:26,632 - === OUTER 308 | cost=701.00 (còn 442s) ===
2026-04-04 11:31:26,632 -   [Inner 308.1] cost=701.00 no_imp=0/20 (còn 442s)
2026-04-04 11:31:26,756 -   [Inner 308.2] cost=701.00 no_imp=1/20 (còn 442s)
2026-04-04 11:31:26,878 -   [Inner 308.3] cost=701.00 no_imp=2/20 (còn 442s)
2026-04-04 11:31:27,002 -   [Inner 308.4] cost=701.00 no_imp=3/20 (còn 442s)
2026-04-04 11:31:27,125 -   [Inner 308.5] cost=701.00 no_imp=4/20 (còn 442s)
2026-04-04 11:31:27,247 -   [Inner 308.6] cost=701.00 no_imp=5/20 (còn 441s)
2026-04-04 11:31:27,371 -   [Inner 308.7] cost=701.00 no_imp=6/20 (còn 441s)
2026-04-04 11:31:27,494 -   [Inner 308.8] cost=701.00 no_imp=7/20 (còn 441s)
2026-04-04 11:31:27,615 -   [Inner 308.9] cost=701.00 no_imp=8/20 (còn 441s)
2026-04-04 11:31:27,739 -   [Inner 308.10] cost=701.00 no_imp=9/20 (còn 441s)
2026-04-04 11:31:27,860 -   [Inner 308.11] cost=701.00 no_imp=10/20 (còn 441s)
2026-04-04 11:31:27,982 -   [Inner 308.12] cost=701.00 no_imp=11/20 (còn 441s)
2026-04-04 11:31:28,106 -   [Inner 308.13] cost=701.00 no_imp=12/20 (còn 441s)
2026-04-04 11:31:28,233 -   [Inner 308.14] cost=701.00 no_imp=13/20 (còn 440s)
2026-04-04 11:31:28,356 -   [Inner 308.15] cost=701.00 no_imp=14/20 (còn 440s)
2026-04-04 11:31:28,479 -   [Inner 308.16] cost=701.00 no_imp=15/20 (còn 440s)
2026-04-04 11:31:28,601 -   [Inner 308.17] cost=701.00 no_imp=16/20 (còn 440s)
2026-04-04 11:31:28,724 -   [Inner 308.18] cost=701.00 no_imp=17/20 (còn 440s)
2026-04-04 11:31:28,847 -   [Inner 308.19] cost=701.00 no_imp=18/20 (còn 440s)
2026-04-04 11:31:28,972 -   [Inner 308.20] cost=701.00 no_imp=19/20 (còn 440s)
2026-04-04 11:31:29,104 -   [Outer 308] Chạy Pairwise MaxSAT...
2026-04-04 11:31:29,104 -   [Outer] Pairwise không cải thiện cặp nào, quay lại inner.
2026-04-04 11:31:29,104 - === OUTER 309 | cost=701.00 (còn 440s) ===
2026-04-04 11:31:29,104 -   [Inner 309.1] cost=701.00 no_imp=0/20 (còn 440s)
2026-04-04 11:31:29,230 -   [Inner 309.2] cost=701.00 no_imp=1/20 (còn 439s)
2026-04-04 11:31:29,353 -   [Inner 309.3] cost=701.00 no_imp=2/20 (còn 439s)
2026-04-04 11:31:29,476 -   [Inner 309.4] cost=701.00 no_imp=3/20 (còn 439s)
2026-04-04 11:31:29,598 -   [Inner 309.5] cost=701.00 no_imp=4/20 (còn 439s)
2026-04-04 11:31:29,722 -   [Inner 309.6] cost=701.00 no_imp=5/20 (còn 439s)
2026-04-04 11:31:29,845 -   [Inner 309.7] cost=701.00 no_imp=6/20 (còn 439s)
2026-04-04 11:31:29,970 -   [Inner 309.8] cost=701.00 no_imp=7/20 (còn 439s)
2026-04-04 11:31:30,092 -   [Inner 309.9] cost=701.00 no_imp=8/20 (còn 439s)
2026-04-04 11:31:30,218 -   [Inner 309.10] cost=701.00 no_imp=9/20 (còn 438s)
2026-04-04 11:31:30,342 -   [Inner 309.11] cost=701.00 no_imp=10/20 (còn 438s)
2026-04-04 11:31:30,464 -   [Inner 309.12] cost=701.00 no_imp=11/20 (còn 438s)
2026-04-04 11:31:30,587 -   [Inner 309.13] cost=701.00 no_imp=12/20 (còn 438s)
2026-04-04 11:31:30,710 -   [Inner 309.14] cost=701.00 no_imp=13/20 (còn 438s)
2026-04-04 11:31:30,832 -   [Inner 309.15] cost=701.00 no_imp=14/20 (còn 438s)
2026-04-04 11:31:30,955 -   [Inner 309.16] cost=701.00 no_imp=15/20 (còn 438s)
2026-04-04 11:31:31,078 -   [Inner 309.17] cost=701.00 no_imp=16/20 (còn 438s)
2026-04-04 11:31:31,199 -   [Inner 309.18] cost=701.00 no_imp=17/20 (còn 437s)
2026-04-04 11:31:31,323 -   [Inner 309.19] cost=701.00 no_imp=18/20 (còn 437s)
2026-04-04 11:31:31,445 -   [Inner 309.20] cost=701.00 no_imp=19/20 (còn 437s)
2026-04-04 11:31:31,568 -   [Outer 309] Chạy Pairwise MaxSAT...
2026-04-04 11:31:31,568 -   [Outer] Pairwise không cải thiện cặp nào, quay lại inner.
2026-04-04 11:31:31,568 - === OUTER 310 | cost=701.00 (còn 437s) ===
2026-04-04 11:31:31,568 -   [Inner 310.1] cost=701.00 no_imp=0/20 (còn 437s)
2026-04-04 11:31:31,691 -   [Inner 310.2] cost=701.00 no_imp=1/20 (còn 437s)
2026-04-04 11:31:31,812 -   [Inner 310.3] cost=701.00 no_imp=2/20 (còn 437s)
2026-04-04 11:31:31,934 -   [Inner 310.4] cost=701.00 no_imp=3/20 (còn 437s)
2026-04-04 11:31:32,058 -   [Inner 310.5] cost=701.00 no_imp=4/20 (còn 437s)
2026-04-04 11:31:32,182 -   [Inner 310.6] cost=701.00 no_imp=5/20 (còn 437s)
2026-04-04 11:31:32,310 -   [Inner 310.7] cost=701.00 no_imp=6/20 (còn 436s)
2026-04-04 11:31:32,433 -   [Inner 310.8] cost=701.00 no_imp=7/20 (còn 436s)
2026-04-04 11:31:32,555 -   [Inner 310.9] cost=701.00 no_imp=8/20 (còn 436s)
2026-04-04 11:31:32,677 -   [Inner 310.10] cost=701.00 no_imp=9/20 (còn 436s)
2026-04-04 11:31:32,799 -   [Inner 310.11] cost=701.00 no_imp=10/20 (còn 436s)
2026-04-04 11:31:32,921 -   [Inner 310.12] cost=701.00 no_imp=11/20 (còn 436s)
2026-04-04 11:31:33,044 -   [Inner 310.13] cost=701.00 no_imp=12/20 (còn 436s)
2026-04-04 11:31:33,167 -   [Inner 310.14] cost=701.00 no_imp=13/20 (còn 436s)
2026-04-04 11:31:33,294 -   [Inner 310.15] cost=701.00 no_imp=14/20 (còn 435s)
2026-04-04 11:31:33,421 -   [Inner 310.16] cost=701.00 no_imp=15/20 (còn 435s)
2026-04-04 11:31:33,543 -   [Inner 310.17] cost=701.00 no_imp=16/20 (còn 435s)
2026-04-04 11:31:33,665 -   [Inner 310.18] cost=701.00 no_imp=17/20 (còn 435s)
2026-04-04 11:31:33,788 -   [Inner 310.19] cost=701.00 no_imp=18/20 (còn 435s)
2026-04-04 11:31:33,918 -   [Inner 310.20] cost=701.00 no_imp=19/20 (còn 435s)
2026-04-04 11:31:34,045 -   [Outer 310] Chạy Pairwise MaxSAT...
2026-04-04 11:31:34,045 -   [Outer] Pairwise không cải thiện cặp nào, quay lại inner.
2026-04-04 11:31:34,046 - === OUTER 311 | cost=701.00 (còn 435s) ===
2026-04-04 11:31:34,046 -   [Inner 311.1] cost=701.00 no_imp=0/20 (còn 435s)
2026-04-04 11:31:34,172 -   [Inner 311.2] cost=701.00 no_imp=1/20 (còn 435s)
2026-04-04 11:31:34,298 -   [Inner 311.3] cost=701.00 no_imp=2/20 (còn 434s)
2026-04-04 11:31:34,421 -   [Inner 311.4] cost=701.00 no_imp=3/20 (còn 434s)
2026-04-04 11:31:34,544 -   [Inner 311.5] cost=701.00 no_imp=4/20 (còn 434s)
2026-04-04 11:31:34,665 -   [Inner 311.6] cost=701.00 no_imp=5/20 (còn 434s)
2026-04-04 11:31:34,787 -   [Inner 311.7] cost=701.00 no_imp=6/20 (còn 434s)
2026-04-04 11:31:34,909 -   [Inner 311.8] cost=701.00 no_imp=7/20 (còn 434s)
2026-04-04 11:31:35,034 -   [Inner 311.9] cost=701.00 no_imp=8/20 (còn 434s)
2026-04-04 11:31:35,158 -   [Inner 311.10] cost=701.00 no_imp=9/20 (còn 434s)
2026-04-04 11:31:35,281 -   [Inner 311.11] cost=701.00 no_imp=10/20 (còn 433s)
2026-04-04 11:31:35,404 -   [Inner 311.12] cost=701.00 no_imp=11/20 (còn 433s)
2026-04-04 11:31:35,526 -   [Inner 311.13] cost=701.00 no_imp=12/20 (còn 433s)
2026-04-04 11:31:35,649 -   [Inner 311.14] cost=701.00 no_imp=13/20 (còn 433s)
2026-04-04 11:31:35,773 -   [Inner 311.15] cost=701.00 no_imp=14/20 (còn 433s)
2026-04-04 11:31:35,898 -   [Inner 311.16] cost=701.00 no_imp=15/20 (còn 433s)
2026-04-04 11:31:36,021 -   [Inner 311.17] cost=701.00 no_imp=16/20 (còn 433s)
2026-04-04 11:31:36,144 -   [Inner 311.18] cost=701.00 no_imp=17/20 (còn 433s)
2026-04-04 11:31:36,266 -   [Inner 311.19] cost=701.00 no_imp=18/20 (còn 432s)
2026-04-04 11:31:36,392 -   [Inner 311.20] cost=701.00 no_imp=19/20 (còn 432s)
2026-04-04 11:31:36,514 -   [Outer 311] Chạy Pairwise MaxSAT...
2026-04-04 11:31:36,514 -   [Outer] Pairwise không cải thiện cặp nào, quay lại inner.
2026-04-04 11:31:36,514 - === OUTER 312 | cost=701.00 (còn 432s) ===
2026-04-04 11:31:36,514 -   [Inner 312.1] cost=701.00 no_imp=0/20 (còn 432s)
2026-04-04 11:31:36,636 -   [Inner 312.2] cost=701.00 no_imp=1/20 (còn 432s)
2026-04-04 11:31:36,759 -   [Inner 312.3] cost=701.00 no_imp=2/20 (còn 432s)
2026-04-04 11:31:36,882 -   [Inner 312.4] cost=701.00 no_imp=3/20 (còn 432s)
2026-04-04 11:31:37,003 -   [Inner 312.5] cost=701.00 no_imp=4/20 (còn 432s)
2026-04-04 11:31:37,127 -   [Inner 312.6] cost=701.00 no_imp=5/20 (còn 432s)
2026-04-04 11:31:37,248 -   [Inner 312.7] cost=701.00 no_imp=6/20 (còn 431s)
2026-04-04 11:31:37,370 -   [Inner 312.8] cost=701.00 no_imp=7/20 (còn 431s)
2026-04-04 11:31:37,495 -   [Inner 312.9] cost=701.00 no_imp=8/20 (còn 431s)
2026-04-04 11:31:37,618 -   [Inner 312.10] cost=701.00 no_imp=9/20 (còn 431s)
2026-04-04 11:31:37,742 -   [Inner 312.11] cost=701.00 no_imp=10/20 (còn 431s)
2026-04-04 11:31:37,863 -   [Inner 312.12] cost=701.00 no_imp=11/20 (còn 431s)
2026-04-04 11:31:37,987 -   [Inner 312.13] cost=701.00 no_imp=12/20 (còn 431s)
2026-04-04 11:31:38,111 -   [Inner 312.14] cost=701.00 no_imp=13/20 (còn 431s)
2026-04-04 11:31:38,234 -   [Inner 312.15] cost=701.00 no_imp=14/20 (còn 430s)
2026-04-04 11:31:38,359 -   [Inner 312.16] cost=701.00 no_imp=15/20 (còn 430s)
2026-04-04 11:31:38,481 -   [Inner 312.17] cost=701.00 no_imp=16/20 (còn 430s)
2026-04-04 11:31:38,603 -   [Inner 312.18] cost=701.00 no_imp=17/20 (còn 430s)
2026-04-04 11:31:38,726 -   [Inner 312.19] cost=701.00 no_imp=18/20 (còn 430s)
2026-04-04 11:31:38,849 -   [Inner 312.20] cost=701.00 no_imp=19/20 (còn 430s)
2026-04-04 11:31:38,971 -   [Outer 312] Chạy Pairwise MaxSAT...
2026-04-04 11:31:38,971 -   [Outer] Pairwise không cải thiện cặp nào, quay lại inner.
2026-04-04 11:31:38,971 - === OUTER 313 | cost=701.00 (còn 430s) ===
2026-04-04 11:31:38,971 -   [Inner 313.1] cost=701.00 no_imp=0/20 (còn 430s)
2026-04-04 11:31:39,095 -   [Inner 313.2] cost=701.00 no_imp=1/20 (còn 430s)
2026-04-04 11:31:39,217 -   [Inner 313.3] cost=701.00 no_imp=2/20 (còn 429s)
2026-04-04 11:31:39,342 -   [Inner 313.4] cost=701.00 no_imp=3/20 (còn 429s)
2026-04-04 11:31:39,465 -   [Inner 313.5] cost=701.00 no_imp=4/20 (còn 429s)
2026-04-04 11:31:39,587 -   [Inner 313.6] cost=701.00 no_imp=5/20 (còn 429s)
2026-04-04 11:31:39,709 -   [Inner 313.7] cost=701.00 no_imp=6/20 (còn 429s)
2026-04-04 11:31:39,833 -   [Inner 313.8] cost=701.00 no_imp=7/20 (còn 429s)
2026-04-04 11:31:39,955 -   [Inner 313.9] cost=701.00 no_imp=8/20 (còn 429s)
2026-04-04 11:31:40,079 -   [Inner 313.10] cost=701.00 no_imp=9/20 (còn 429s)
2026-04-04 11:31:40,200 -   [Inner 313.11] cost=701.00 no_imp=10/20 (còn 428s)
2026-04-04 11:31:40,323 -   [Inner 313.12] cost=701.00 no_imp=11/20 (còn 428s)
2026-04-04 11:31:40,446 -   [Inner 313.13] cost=701.00 no_imp=12/20 (còn 428s)
2026-04-04 11:31:40,570 -   [Inner 313.14] cost=701.00 no_imp=13/20 (còn 428s)
2026-04-04 11:31:40,694 -   [Inner 313.15] cost=701.00 no_imp=14/20 (còn 428s)
2026-04-04 11:31:40,820 -   [Inner 313.16] cost=701.00 no_imp=15/20 (còn 428s)
2026-04-04 11:31:40,942 -   [Inner 313.17] cost=701.00 no_imp=16/20 (còn 428s)
2026-04-04 11:31:41,068 -   [Inner 313.18] cost=701.00 no_imp=17/20 (còn 428s)
2026-04-04 11:31:41,190 -   [Inner 313.19] cost=701.00 no_imp=18/20 (còn 427s)
2026-04-04 11:31:41,313 -   [Inner 313.20] cost=701.00 no_imp=19/20 (còn 427s)
2026-04-04 11:31:41,436 -   [Outer 313] Chạy Pairwise MaxSAT...
2026-04-04 11:31:41,436 -   [Outer] Pairwise không cải thiện cặp nào, quay lại inner.
2026-04-04 11:31:41,437 - === OUTER 314 | cost=701.00 (còn 427s) ===
2026-04-04 11:31:41,437 -   [Inner 314.1] cost=701.00 no_imp=0/20 (còn 427s)
2026-04-04 11:31:41,559 -   [Inner 314.2] cost=701.00 no_imp=1/20 (còn 427s)
2026-04-04 11:31:41,683 -   [Inner 314.3] cost=701.00 no_imp=2/20 (còn 427s)
2026-04-04 11:31:41,805 -   [Inner 314.4] cost=701.00 no_imp=3/20 (còn 427s)
2026-04-04 11:31:41,928 -   [Inner 314.5] cost=701.00 no_imp=4/20 (còn 427s)
2026-04-04 11:31:42,051 -   [Inner 314.6] cost=701.00 no_imp=5/20 (còn 427s)
2026-04-04 11:31:42,176 -   [Inner 314.7] cost=701.00 no_imp=6/20 (còn 427s)
2026-04-04 11:31:42,299 -   [Inner 314.8] cost=701.00 no_imp=7/20 (còn 426s)
2026-04-04 11:31:42,425 -   [Inner 314.9] cost=701.00 no_imp=8/20 (còn 426s)
2026-04-04 11:31:42,547 -   [Inner 314.10] cost=701.00 no_imp=9/20 (còn 426s)
2026-04-04 11:31:42,668 -   [Inner 314.11] cost=701.00 no_imp=10/20 (còn 426s)
2026-04-04 11:31:42,792 -   [Inner 314.12] cost=701.00 no_imp=11/20 (còn 426s)
2026-04-04 11:31:42,915 -   [Inner 314.13] cost=701.00 no_imp=12/20 (còn 426s)
2026-04-04 11:31:43,038 -   [Inner 314.14] cost=701.00 no_imp=13/20 (còn 426s)
2026-04-04 11:31:43,160 -   [Inner 314.15] cost=701.00 no_imp=14/20 (còn 426s)
2026-04-04 11:31:43,283 -   [Inner 314.16] cost=701.00 no_imp=15/20 (còn 425s)
2026-04-04 11:31:43,406 -   [Inner 314.17] cost=701.00 no_imp=16/20 (còn 425s)
2026-04-04 11:31:43,529 -   [Inner 314.18] cost=701.00 no_imp=17/20 (còn 425s)
2026-04-04 11:31:43,651 -   [Inner 314.19] cost=701.00 no_imp=18/20 (còn 425s)
2026-04-04 11:31:43,774 -   [Inner 314.20] cost=701.00 no_imp=19/20 (còn 425s)
2026-04-04 11:31:43,898 -   [Outer 314] Chạy Pairwise MaxSAT...
2026-04-04 11:31:43,898 -   [Outer] Pairwise không cải thiện cặp nào, quay lại inner.
2026-04-04 11:31:43,898 - === OUTER 315 | cost=701.00 (còn 425s) ===
2026-04-04 11:31:43,898 -   [Inner 315.1] cost=701.00 no_imp=0/20 (còn 425s)
2026-04-04 11:31:44,022 -   [Inner 315.2] cost=701.00 no_imp=1/20 (còn 425s)
2026-04-04 11:31:44,145 -   [Inner 315.3] cost=701.00 no_imp=2/20 (còn 425s)
2026-04-04 11:31:44,267 -   [Inner 315.4] cost=701.00 no_imp=3/20 (còn 424s)
2026-04-04 11:31:44,391 -   [Inner 315.5] cost=701.00 no_imp=4/20 (còn 424s)
2026-04-04 11:31:44,515 -   [Inner 315.6] cost=701.00 no_imp=5/20 (còn 424s)
2026-04-04 11:31:44,638 -   [Inner 315.7] cost=701.00 no_imp=6/20 (còn 424s)
2026-04-04 11:31:44,761 -   [Inner 315.8] cost=701.00 no_imp=7/20 (còn 424s)
2026-04-04 11:31:44,883 -   [Inner 315.9] cost=701.00 no_imp=8/20 (còn 424s)
2026-04-04 11:31:45,007 -   [Inner 315.10] cost=701.00 no_imp=9/20 (còn 424s)
2026-04-04 11:31:45,131 -   [Inner 315.11] cost=701.00 no_imp=10/20 (còn 424s)
2026-04-04 11:31:45,254 -   [Inner 315.12] cost=701.00 no_imp=11/20 (còn 423s)
2026-04-04 11:31:45,376 -   [Inner 315.13] cost=701.00 no_imp=12/20 (còn 423s)
2026-04-04 11:31:45,500 -   [Inner 315.14] cost=701.00 no_imp=13/20 (còn 423s)
2026-04-04 11:31:45,622 -   [Inner 315.15] cost=701.00 no_imp=14/20 (còn 423s)
2026-04-04 11:31:45,746 -   [Inner 315.16] cost=701.00 no_imp=15/20 (còn 423s)
2026-04-04 11:31:45,868 -   [Inner 315.17] cost=701.00 no_imp=16/20 (còn 423s)
2026-04-04 11:31:45,991 -   [Inner 315.18] cost=701.00 no_imp=17/20 (còn 423s)
2026-04-04 11:31:46,114 -   [Inner 315.19] cost=701.00 no_imp=18/20 (còn 423s)
2026-04-04 11:31:46,236 -   [Inner 315.20] cost=701.00 no_imp=19/20 (còn 422s)
2026-04-04 11:31:46,359 -   [Outer 315] Chạy Pairwise MaxSAT...
2026-04-04 11:31:46,359 -   [Outer] Pairwise không cải thiện cặp nào, quay lại inner.
2026-04-04 11:31:46,360 - === OUTER 316 | cost=701.00 (còn 422s) ===
2026-04-04 11:31:46,360 -   [Inner 316.1] cost=701.00 no_imp=0/20 (còn 422s)
2026-04-04 11:31:46,485 -   [Inner 316.2] cost=701.00 no_imp=1/20 (còn 422s)
2026-04-04 11:31:46,606 -   [Inner 316.3] cost=701.00 no_imp=2/20 (còn 422s)
2026-04-04 11:31:46,728 -   [Inner 316.4] cost=701.00 no_imp=3/20 (còn 422s)
2026-04-04 11:31:46,850 -   [Inner 316.5] cost=701.00 no_imp=4/20 (còn 422s)
2026-04-04 11:31:46,971 -   [Inner 316.6] cost=701.00 no_imp=5/20 (còn 422s)
2026-04-04 11:31:47,096 -   [Inner 316.7] cost=701.00 no_imp=6/20 (còn 422s)
2026-04-04 11:31:47,218 -   [Inner 316.8] cost=701.00 no_imp=7/20 (còn 421s)
2026-04-04 11:31:47,384 -   [Inner 316.9] cost=701.00 no_imp=8/20 (còn 421s)
2026-04-04 11:31:47,504 -   [Inner 316.10] cost=701.00 no_imp=9/20 (còn 421s)
2026-04-04 11:31:47,627 -   [Inner 316.11] cost=701.00 no_imp=10/20 (còn 421s)
2026-04-04 11:31:47,751 -   [Inner 316.12] cost=701.00 no_imp=11/20 (còn 421s)
2026-04-04 11:31:47,875 -   [Inner 316.13] cost=701.00 no_imp=12/20 (còn 421s)
2026-04-04 11:31:47,997 -   [Inner 316.14] cost=701.00 no_imp=13/20 (còn 421s)
2026-04-04 11:31:48,121 -   [Inner 316.15] cost=701.00 no_imp=14/20 (còn 421s)
2026-04-04 11:31:48,243 -   [Inner 316.16] cost=701.00 no_imp=15/20 (còn 420s)
2026-04-04 11:31:48,366 -   [Inner 316.17] cost=701.00 no_imp=16/20 (còn 420s)
2026-04-04 11:31:48,492 -   [Inner 316.18] cost=701.00 no_imp=17/20 (còn 420s)
2026-04-04 11:31:48,614 -   [Inner 316.19] cost=701.00 no_imp=18/20 (còn 420s)
2026-04-04 11:31:48,738 -   [Inner 316.20] cost=701.00 no_imp=19/20 (còn 420s)
2026-04-04 11:31:48,861 -   [Outer 316] Chạy Pairwise MaxSAT...
2026-04-04 11:31:48,861 -   [Outer] Pairwise không cải thiện cặp nào, quay lại inner.
2026-04-04 11:31:48,861 - === OUTER 317 | cost=701.00 (còn 420s) ===
2026-04-04 11:31:48,861 -   [Inner 317.1] cost=701.00 no_imp=0/20 (còn 420s)
2026-04-04 11:31:48,983 -   [Inner 317.2] cost=701.00 no_imp=1/20 (còn 420s)
2026-04-04 11:31:49,107 -   [Inner 317.3] cost=701.00 no_imp=2/20 (còn 420s)
2026-04-04 11:31:49,228 -   [Inner 317.4] cost=701.00 no_imp=3/20 (còn 419s)
2026-04-04 11:31:49,351 -   [Inner 317.5] cost=701.00 no_imp=4/20 (còn 419s)
2026-04-04 11:31:49,475 -   [Inner 317.6] cost=701.00 no_imp=5/20 (còn 419s)
2026-04-04 11:31:49,598 -   [Inner 317.7] cost=701.00 no_imp=6/20 (còn 419s)
2026-04-04 11:31:49,721 -   [Inner 317.8] cost=701.00 no_imp=7/20 (còn 419s)
2026-04-04 11:31:49,844 -   [Inner 317.9] cost=701.00 no_imp=8/20 (còn 419s)
2026-04-04 11:31:49,966 -   [Inner 317.10] cost=701.00 no_imp=9/20 (còn 419s)
2026-04-04 11:31:50,092 -   [Inner 317.11] cost=701.00 no_imp=10/20 (còn 419s)
2026-04-04 11:31:50,213 -   [Inner 317.12] cost=701.00 no_imp=11/20 (còn 418s)
2026-04-04 11:31:50,340 -   [Inner 317.13] cost=701.00 no_imp=12/20 (còn 418s)
2026-04-04 11:31:50,464 -   [Inner 317.14] cost=701.00 no_imp=13/20 (còn 418s)
2026-04-04 11:31:50,588 -   [Inner 317.15] cost=701.00 no_imp=14/20 (còn 418s)
2026-04-04 11:31:50,712 -   [Inner 317.16] cost=701.00 no_imp=15/20 (còn 418s)
2026-04-04 11:31:50,835 -   [Inner 317.17] cost=701.00 no_imp=16/20 (còn 418s)
2026-04-04 11:31:50,956 -   [Inner 317.18] cost=701.00 no_imp=17/20 (còn 418s)
2026-04-04 11:31:51,078 -   [Inner 317.19] cost=701.00 no_imp=18/20 (còn 418s)
2026-04-04 11:31:51,201 -   [Inner 317.20] cost=701.00 no_imp=19/20 (còn 417s)
2026-04-04 11:31:51,326 -   [Outer 317] Chạy Pairwise MaxSAT...
2026-04-04 11:31:51,327 -   [Outer] Pairwise không cải thiện cặp nào, quay lại inner.
2026-04-04 11:31:51,327 - === OUTER 318 | cost=701.00 (còn 417s) ===
2026-04-04 11:31:51,327 -   [Inner 318.1] cost=701.00 no_imp=0/20 (còn 417s)
2026-04-04 11:31:51,448 -   [Inner 318.2] cost=701.00 no_imp=1/20 (còn 417s)
2026-04-04 11:31:51,569 -   [Inner 318.3] cost=701.00 no_imp=2/20 (còn 417s)
2026-04-04 11:31:51,693 -   [Inner 318.4] cost=701.00 no_imp=3/20 (còn 417s)
2026-04-04 11:31:51,815 -   [Inner 318.5] cost=701.00 no_imp=4/20 (còn 417s)
2026-04-04 11:31:51,936 -   [Inner 318.6] cost=701.00 no_imp=5/20 (còn 417s)
2026-04-04 11:31:52,059 -   [Inner 318.7] cost=701.00 no_imp=6/20 (còn 417s)
2026-04-04 11:31:52,181 -   [Inner 318.8] cost=701.00 no_imp=7/20 (còn 417s)
2026-04-04 11:31:52,305 -   [Inner 318.9] cost=701.00 no_imp=8/20 (còn 416s)
2026-04-04 11:31:52,427 -   [Inner 318.10] cost=701.00 no_imp=9/20 (còn 416s)
2026-04-04 11:31:52,552 -   [Inner 318.11] cost=701.00 no_imp=10/20 (còn 416s)
2026-04-04 11:31:52,673 -   [Inner 318.12] cost=701.00 no_imp=11/20 (còn 416s)
2026-04-04 11:31:52,795 -   [Inner 318.13] cost=701.00 no_imp=12/20 (còn 416s)
2026-04-04 11:31:52,917 -   [Inner 318.14] cost=701.00 no_imp=13/20 (còn 416s)
2026-04-04 11:31:53,041 -   [Inner 318.15] cost=701.00 no_imp=14/20 (còn 416s)
2026-04-04 11:31:53,163 -   [Inner 318.16] cost=701.00 no_imp=15/20 (còn 416s)
2026-04-04 11:31:53,285 -   [Inner 318.17] cost=701.00 no_imp=16/20 (còn 415s)
2026-04-04 11:31:53,408 -   [Inner 318.18] cost=701.00 no_imp=17/20 (còn 415s)
2026-04-04 11:31:53,531 -   [Inner 318.19] cost=701.00 no_imp=18/20 (còn 415s)
2026-04-04 11:31:53,653 -   [Inner 318.20] cost=701.00 no_imp=19/20 (còn 415s)
2026-04-04 11:31:53,775 -   [Outer 318] Chạy Pairwise MaxSAT...
2026-04-04 11:31:53,775 -   [Outer] Pairwise không cải thiện cặp nào, quay lại inner.
2026-04-04 11:31:53,775 - === OUTER 319 | cost=701.00 (còn 415s) ===
2026-04-04 11:31:53,775 -   [Inner 319.1] cost=701.00 no_imp=0/20 (còn 415s)
2026-04-04 11:31:53,900 -   [Inner 319.2] cost=701.00 no_imp=1/20 (còn 415s)
2026-04-04 11:31:54,023 -   [Inner 319.3] cost=701.00 no_imp=2/20 (còn 415s)
2026-04-04 11:31:54,146 -   [Inner 319.4] cost=701.00 no_imp=3/20 (còn 415s)
2026-04-04 11:31:54,270 -   [Inner 319.5] cost=701.00 no_imp=4/20 (còn 414s)
2026-04-04 11:31:54,393 -   [Inner 319.6] cost=701.00 no_imp=5/20 (còn 414s)
2026-04-04 11:31:54,517 -   [Inner 319.7] cost=701.00 no_imp=6/20 (còn 414s)
2026-04-04 11:31:54,641 -   [Inner 319.8] cost=701.00 no_imp=7/20 (còn 414s)
2026-04-04 11:31:54,767 -   [Inner 319.9] cost=701.00 no_imp=8/20 (còn 414s)
2026-04-04 11:31:54,891 -   [Inner 319.10] cost=701.00 no_imp=9/20 (còn 414s)
2026-04-04 11:31:55,016 -   [Inner 319.11] cost=701.00 no_imp=10/20 (còn 414s)
2026-04-04 11:31:55,138 -   [Inner 319.12] cost=701.00 no_imp=11/20 (còn 414s)
2026-04-04 11:31:55,261 -   [Inner 319.13] cost=701.00 no_imp=12/20 (còn 413s)
2026-04-04 11:31:55,382 -   [Inner 319.14] cost=701.00 no_imp=13/20 (còn 413s)
2026-04-04 11:31:55,506 -   [Inner 319.15] cost=701.00 no_imp=14/20 (còn 413s)
2026-04-04 11:31:55,629 -   [Inner 319.16] cost=701.00 no_imp=15/20 (còn 413s)
2026-04-04 11:31:55,753 -   [Inner 319.17] cost=701.00 no_imp=16/20 (còn 413s)
2026-04-04 11:31:55,875 -   [Inner 319.18] cost=701.00 no_imp=17/20 (còn 413s)
2026-04-04 11:31:55,998 -   [Inner 319.19] cost=701.00 no_imp=18/20 (còn 413s)
2026-04-04 11:31:56,121 -   [Inner 319.20] cost=701.00 no_imp=19/20 (còn 413s)
2026-04-04 11:31:56,243 -   [Outer 319] Chạy Pairwise MaxSAT...
2026-04-04 11:31:56,244 -   [Outer] Pairwise không cải thiện cặp nào, quay lại inner.
2026-04-04 11:31:56,244 - === OUTER 320 | cost=701.00 (còn 412s) ===
2026-04-04 11:31:56,244 -   [Inner 320.1] cost=701.00 no_imp=0/20 (còn 412s)
2026-04-04 11:31:56,367 -   [Inner 320.2] cost=701.00 no_imp=1/20 (còn 412s)
2026-04-04 11:31:56,491 -   [Inner 320.3] cost=701.00 no_imp=2/20 (còn 412s)
2026-04-04 11:31:56,616 -   [Inner 320.4] cost=701.00 no_imp=3/20 (còn 412s)
2026-04-04 11:31:56,740 -   [Inner 320.5] cost=701.00 no_imp=4/20 (còn 412s)
2026-04-04 11:31:56,862 -   [Inner 320.6] cost=701.00 no_imp=5/20 (còn 412s)
2026-04-04 11:31:56,984 -   [Inner 320.7] cost=701.00 no_imp=6/20 (còn 412s)
2026-04-04 11:31:57,108 -   [Inner 320.8] cost=701.00 no_imp=7/20 (còn 412s)
2026-04-04 11:31:57,230 -   [Inner 320.9] cost=701.00 no_imp=8/20 (còn 411s)
2026-04-04 11:31:57,355 -   [Inner 320.10] cost=701.00 no_imp=9/20 (còn 411s)
2026-04-04 11:31:57,475 -   [Inner 320.11] cost=701.00 no_imp=10/20 (còn 411s)
2026-04-04 11:31:57,597 -   [Inner 320.12] cost=701.00 no_imp=11/20 (còn 411s)
2026-04-04 11:31:57,720 -   [Inner 320.13] cost=701.00 no_imp=12/20 (còn 411s)
2026-04-04 11:31:57,842 -   [Inner 320.14] cost=701.00 no_imp=13/20 (còn 411s)
2026-04-04 11:31:57,965 -   [Inner 320.15] cost=701.00 no_imp=14/20 (còn 411s)
2026-04-04 11:31:58,088 -   [Inner 320.16] cost=701.00 no_imp=15/20 (còn 411s)
2026-04-04 11:31:58,210 -   [Inner 320.17] cost=701.00 no_imp=16/20 (còn 410s)
2026-04-04 11:31:58,334 -   [Inner 320.18] cost=701.00 no_imp=17/20 (còn 410s)
2026-04-04 11:31:58,458 -   [Inner 320.19] cost=701.00 no_imp=18/20 (còn 410s)
2026-04-04 11:31:58,581 -   [Inner 320.20] cost=701.00 no_imp=19/20 (còn 410s)
2026-04-04 11:31:58,704 -   [Outer 320] Chạy Pairwise MaxSAT...
2026-04-04 11:31:58,705 -   [Outer] Pairwise không cải thiện cặp nào, quay lại inner.
2026-04-04 11:31:58,705 - === OUTER 321 | cost=701.00 (còn 410s) ===
2026-04-04 11:31:58,705 -   [Inner 321.1] cost=701.00 no_imp=0/20 (còn 410s)
2026-04-04 11:31:58,827 -   [Inner 321.2] cost=701.00 no_imp=1/20 (còn 410s)
2026-04-04 11:31:58,949 -   [Inner 321.3] cost=701.00 no_imp=2/20 (còn 410s)
2026-04-04 11:31:59,071 -   [Inner 321.4] cost=701.00 no_imp=3/20 (còn 410s)
2026-04-04 11:31:59,194 -   [Inner 321.5] cost=701.00 no_imp=4/20 (còn 409s)
2026-04-04 11:31:59,318 -   [Inner 321.6] cost=701.00 no_imp=5/20 (còn 409s)
2026-04-04 11:31:59,441 -   [Inner 321.7] cost=701.00 no_imp=6/20 (còn 409s)
2026-04-04 11:31:59,567 -   [Inner 321.8] cost=701.00 no_imp=7/20 (còn 409s)
2026-04-04 11:31:59,689 -   [Inner 321.9] cost=701.00 no_imp=8/20 (còn 409s)
2026-04-04 11:31:59,813 -   [Inner 321.10] cost=701.00 no_imp=9/20 (còn 409s)
2026-04-04 11:31:59,936 -   [Inner 321.11] cost=701.00 no_imp=10/20 (còn 409s)
2026-04-04 11:32:00,062 -   [Inner 321.12] cost=701.00 no_imp=11/20 (còn 409s)
2026-04-04 11:32:00,183 -   [Inner 321.13] cost=701.00 no_imp=12/20 (còn 409s)
2026-04-04 11:32:00,306 -   [Inner 321.14] cost=701.00 no_imp=13/20 (còn 408s)
2026-04-04 11:32:00,428 -   [Inner 321.15] cost=701.00 no_imp=14/20 (còn 408s)
2026-04-04 11:32:00,550 -   [Inner 321.16] cost=701.00 no_imp=15/20 (còn 408s)
2026-04-04 11:32:00,678 -   [Inner 321.17] cost=701.00 no_imp=16/20 (còn 408s)
2026-04-04 11:32:00,804 -   [Inner 321.18] cost=701.00 no_imp=17/20 (còn 408s)
2026-04-04 11:32:00,929 -   [Inner 321.19] cost=701.00 no_imp=18/20 (còn 408s)
2026-04-04 11:32:01,052 -   [Inner 321.20] cost=701.00 no_imp=19/20 (còn 408s)
2026-04-04 11:32:01,175 -   [Outer 321] Chạy Pairwise MaxSAT...
2026-04-04 11:32:01,176 -   [Outer] Pairwise không cải thiện cặp nào, quay lại inner.
2026-04-04 11:32:01,176 - === OUTER 322 | cost=701.00 (còn 408s) ===
2026-04-04 11:32:01,176 -   [Inner 322.1] cost=701.00 no_imp=0/20 (còn 408s)
2026-04-04 11:32:01,298 -   [Inner 322.2] cost=701.00 no_imp=1/20 (còn 407s)
2026-04-04 11:32:01,421 -   [Inner 322.3] cost=701.00 no_imp=2/20 (còn 407s)
2026-04-04 11:32:01,546 -   [Inner 322.4] cost=701.00 no_imp=3/20 (còn 407s)
2026-04-04 11:32:01,669 -   [Inner 322.5] cost=701.00 no_imp=4/20 (còn 407s)
2026-04-04 11:32:01,791 -   [Inner 322.6] cost=701.00 no_imp=5/20 (còn 407s)
2026-04-04 11:32:01,914 -   [Inner 322.7] cost=701.00 no_imp=6/20 (còn 407s)
2026-04-04 11:32:02,037 -   [Inner 322.8] cost=701.00 no_imp=7/20 (còn 407s)
2026-04-04 11:32:02,161 -   [Inner 322.9] cost=701.00 no_imp=8/20 (còn 407s)
2026-04-04 11:32:02,284 -   [Inner 322.10] cost=701.00 no_imp=9/20 (còn 406s)
2026-04-04 11:32:02,405 -   [Inner 322.11] cost=701.00 no_imp=10/20 (còn 406s)
2026-04-04 11:32:02,527 -   [Inner 322.12] cost=701.00 no_imp=11/20 (còn 406s)
2026-04-04 11:32:02,653 -   [Inner 322.13] cost=701.00 no_imp=12/20 (còn 406s)
2026-04-04 11:32:02,776 -   [Inner 322.14] cost=701.00 no_imp=13/20 (còn 406s)
2026-04-04 11:32:02,898 -   [Inner 322.15] cost=701.00 no_imp=14/20 (còn 406s)
2026-04-04 11:32:03,021 -   [Inner 322.16] cost=701.00 no_imp=15/20 (còn 406s)
2026-04-04 11:32:03,143 -   [Inner 322.17] cost=701.00 no_imp=16/20 (còn 406s)
2026-04-04 11:32:03,267 -   [Inner 322.18] cost=701.00 no_imp=17/20 (còn 405s)
2026-04-04 11:32:03,389 -   [Inner 322.19] cost=701.00 no_imp=18/20 (còn 405s)
2026-04-04 11:32:03,510 -   [Inner 322.20] cost=701.00 no_imp=19/20 (còn 405s)
2026-04-04 11:32:03,634 -   [Outer 322] Chạy Pairwise MaxSAT...
2026-04-04 11:32:03,635 -   [Outer] Pairwise không cải thiện cặp nào, quay lại inner.
2026-04-04 11:32:03,635 - === OUTER 323 | cost=701.00 (còn 405s) ===
2026-04-04 11:32:03,635 -   [Inner 323.1] cost=701.00 no_imp=0/20 (còn 405s)
2026-04-04 11:32:03,756 -   [Inner 323.2] cost=701.00 no_imp=1/20 (còn 405s)
2026-04-04 11:32:03,886 -   [Inner 323.3] cost=701.00 no_imp=2/20 (còn 405s)
2026-04-04 11:32:04,007 -   [Inner 323.4] cost=701.00 no_imp=3/20 (còn 405s)
2026-04-04 11:32:04,131 -   [Inner 323.5] cost=701.00 no_imp=4/20 (còn 405s)
2026-04-04 11:32:04,253 -   [Inner 323.6] cost=701.00 no_imp=5/20 (còn 404s)
2026-04-04 11:32:04,376 -   [Inner 323.7] cost=701.00 no_imp=6/20 (còn 404s)
2026-04-04 11:32:04,499 -   [Inner 323.8] cost=701.00 no_imp=7/20 (còn 404s)
2026-04-04 11:32:04,621 -   [Inner 323.9] cost=701.00 no_imp=8/20 (còn 404s)
2026-04-04 11:32:04,744 -   [Inner 323.10] cost=701.00 no_imp=9/20 (còn 404s)
2026-04-04 11:32:04,867 -   [Inner 323.11] cost=701.00 no_imp=10/20 (còn 404s)
2026-04-04 11:32:04,989 -   [Inner 323.12] cost=701.00 no_imp=11/20 (còn 404s)
2026-04-04 11:32:05,115 -   [Inner 323.13] cost=701.00 no_imp=12/20 (còn 404s)
2026-04-04 11:32:05,237 -   [Inner 323.14] cost=701.00 no_imp=13/20 (còn 403s)
2026-04-04 11:32:05,359 -   [Inner 323.15] cost=701.00 no_imp=14/20 (còn 403s)
2026-04-04 11:32:05,482 -   [Inner 323.16] cost=701.00 no_imp=15/20 (còn 403s)
2026-04-04 11:32:05,603 -   [Inner 323.17] cost=701.00 no_imp=16/20 (còn 403s)
2026-04-04 11:32:05,727 -   [Inner 323.18] cost=701.00 no_imp=17/20 (còn 403s)
2026-04-04 11:32:05,849 -   [Inner 323.19] cost=701.00 no_imp=18/20 (còn 403s)
2026-04-04 11:32:05,972 -   [Inner 323.20] cost=701.00 no_imp=19/20 (còn 403s)
2026-04-04 11:32:06,096 -   [Outer 323] Chạy Pairwise MaxSAT...
2026-04-04 11:32:06,096 -   [Outer] Pairwise không cải thiện cặp nào, quay lại inner.
2026-04-04 11:32:06,097 - === OUTER 324 | cost=701.00 (còn 403s) ===
2026-04-04 11:32:06,097 -   [Inner 324.1] cost=701.00 no_imp=0/20 (còn 403s)
2026-04-04 11:32:06,218 -   [Inner 324.2] cost=701.00 no_imp=1/20 (còn 402s)
2026-04-04 11:32:06,341 -   [Inner 324.3] cost=701.00 no_imp=2/20 (còn 402s)
2026-04-04 11:32:06,463 -   [Inner 324.4] cost=701.00 no_imp=3/20 (còn 402s)
2026-04-04 11:32:06,585 -   [Inner 324.5] cost=701.00 no_imp=4/20 (còn 402s)
2026-04-04 11:32:06,713 -   [Inner 324.6] cost=701.00 no_imp=5/20 (còn 402s)
2026-04-04 11:32:06,836 -   [Inner 324.7] cost=701.00 no_imp=6/20 (còn 402s)
2026-04-04 11:32:06,959 -   [Inner 324.8] cost=701.00 no_imp=7/20 (còn 402s)
2026-04-04 11:32:07,083 -   [Inner 324.9] cost=701.00 no_imp=8/20 (còn 402s)
2026-04-04 11:32:07,206 -   [Inner 324.10] cost=701.00 no_imp=9/20 (còn 401s)
2026-04-04 11:32:07,328 -   [Inner 324.11] cost=701.00 no_imp=10/20 (còn 401s)
2026-04-04 11:32:07,451 -   [Inner 324.12] cost=701.00 no_imp=11/20 (còn 401s)
2026-04-04 11:32:07,574 -   [Inner 324.13] cost=701.00 no_imp=12/20 (còn 401s)
2026-04-04 11:32:07,697 -   [Inner 324.14] cost=701.00 no_imp=13/20 (còn 401s)
2026-04-04 11:32:07,819 -   [Inner 324.15] cost=701.00 no_imp=14/20 (còn 401s)
2026-04-04 11:32:07,942 -   [Inner 324.16] cost=701.00 no_imp=15/20 (còn 401s)
2026-04-04 11:32:08,066 -   [Inner 324.17] cost=701.00 no_imp=16/20 (còn 401s)
2026-04-04 11:32:08,189 -   [Inner 324.18] cost=701.00 no_imp=17/20 (còn 400s)
2026-04-04 11:32:08,311 -   [Inner 324.19] cost=701.00 no_imp=18/20 (còn 400s)
2026-04-04 11:32:08,434 -   [Inner 324.20] cost=701.00 no_imp=19/20 (còn 400s)
2026-04-04 11:32:08,556 -   [Outer 324] Chạy Pairwise MaxSAT...
2026-04-04 11:32:08,556 -   [Outer] Pairwise không cải thiện cặp nào, quay lại inner.
2026-04-04 11:32:08,556 - === OUTER 325 | cost=701.00 (còn 400s) ===
2026-04-04 11:32:08,557 -   [Inner 325.1] cost=701.00 no_imp=0/20 (còn 400s)
2026-04-04 11:32:08,679 -   [Inner 325.2] cost=701.00 no_imp=1/20 (còn 400s)
2026-04-04 11:32:08,804 -   [Inner 325.3] cost=701.00 no_imp=2/20 (còn 400s)
2026-04-04 11:32:08,927 -   [Inner 325.4] cost=701.00 no_imp=3/20 (còn 400s)
2026-04-04 11:32:09,051 -   [Inner 325.5] cost=701.00 no_imp=4/20 (còn 400s)
2026-04-04 11:32:09,175 -   [Inner 325.6] cost=701.00 no_imp=5/20 (còn 400s)
2026-04-04 11:32:09,298 -   [Inner 325.7] cost=701.00 no_imp=6/20 (còn 399s)
2026-04-04 11:32:09,420 -   [Inner 325.8] cost=701.00 no_imp=7/20 (còn 399s)
2026-04-04 11:32:09,541 -   [Inner 325.9] cost=701.00 no_imp=8/20 (còn 399s)
2026-04-04 11:32:09,664 -   [Inner 325.10] cost=701.00 no_imp=9/20 (còn 399s)
2026-04-04 11:32:09,786 -   [Inner 325.11] cost=701.00 no_imp=10/20 (còn 399s)
2026-04-04 11:32:09,910 -   [Inner 325.12] cost=701.00 no_imp=11/20 (còn 399s)
2026-04-04 11:32:10,034 -   [Inner 325.13] cost=701.00 no_imp=12/20 (còn 399s)
2026-04-04 11:32:10,158 -   [Inner 325.14] cost=701.00 no_imp=13/20 (còn 399s)
2026-04-04 11:32:10,280 -   [Inner 325.15] cost=701.00 no_imp=14/20 (còn 398s)
2026-04-04 11:32:10,402 -   [Inner 325.16] cost=701.00 no_imp=15/20 (còn 398s)
2026-04-04 11:32:10,526 -   [Inner 325.17] cost=701.00 no_imp=16/20 (còn 398s)
2026-04-04 11:32:10,648 -   [Inner 325.18] cost=701.00 no_imp=17/20 (còn 398s)
2026-04-04 11:32:10,774 -   [Inner 325.19] cost=701.00 no_imp=18/20 (còn 398s)
2026-04-04 11:32:10,897 -   [Inner 325.20] cost=701.00 no_imp=19/20 (còn 398s)
2026-04-04 11:32:11,020 -   [Outer 325] Chạy Pairwise MaxSAT...
2026-04-04 11:32:11,020 -   [Outer] Pairwise không cải thiện cặp nào, quay lại inner.
2026-04-04 11:32:11,020 - === OUTER 326 | cost=701.00 (còn 398s) ===
2026-04-04 11:32:11,021 -   [Inner 326.1] cost=701.00 no_imp=0/20 (còn 398s)
2026-04-04 11:32:11,144 -   [Inner 326.2] cost=701.00 no_imp=1/20 (còn 398s)
2026-04-04 11:32:11,267 -   [Inner 326.3] cost=701.00 no_imp=2/20 (còn 397s)
2026-04-04 11:32:11,390 -   [Inner 326.4] cost=701.00 no_imp=3/20 (còn 397s)
2026-04-04 11:32:11,513 -   [Inner 326.5] cost=701.00 no_imp=4/20 (còn 397s)
2026-04-04 11:32:11,635 -   [Inner 326.6] cost=701.00 no_imp=5/20 (còn 397s)
2026-04-04 11:32:11,760 -   [Inner 326.7] cost=701.00 no_imp=6/20 (còn 397s)
2026-04-04 11:32:11,883 -   [Inner 326.8] cost=701.00 no_imp=7/20 (còn 397s)
2026-04-04 11:32:12,006 -   [Inner 326.9] cost=701.00 no_imp=8/20 (còn 397s)
2026-04-04 11:32:12,129 -   [Inner 326.10] cost=701.00 no_imp=9/20 (còn 397s)
2026-04-04 11:32:12,253 -   [Inner 326.11] cost=701.00 no_imp=10/20 (còn 396s)
2026-04-04 11:32:12,375 -   [Inner 326.12] cost=701.00 no_imp=11/20 (còn 396s)
2026-04-04 11:32:12,497 -   [Inner 326.13] cost=701.00 no_imp=12/20 (còn 396s)
2026-04-04 11:32:12,618 -   [Inner 326.14] cost=701.00 no_imp=13/20 (còn 396s)
2026-04-04 11:32:12,742 -   [Inner 326.15] cost=701.00 no_imp=14/20 (còn 396s)
2026-04-04 11:32:12,868 -   [Inner 326.16] cost=701.00 no_imp=15/20 (còn 396s)
2026-04-04 11:32:12,990 -   [Inner 326.17] cost=701.00 no_imp=16/20 (còn 396s)
2026-04-04 11:32:13,113 -   [Inner 326.18] cost=701.00 no_imp=17/20 (còn 396s)
2026-04-04 11:32:13,236 -   [Inner 326.19] cost=701.00 no_imp=18/20 (còn 395s)
2026-04-04 11:32:13,358 -   [Inner 326.20] cost=701.00 no_imp=19/20 (còn 395s)
2026-04-04 11:32:13,481 -   [Outer 326] Chạy Pairwise MaxSAT...
2026-04-04 11:32:13,482 -   [Outer] Pairwise không cải thiện cặp nào, quay lại inner.
2026-04-04 11:32:13,482 - === OUTER 327 | cost=701.00 (còn 395s) ===
2026-04-04 11:32:13,482 -   [Inner 327.1] cost=701.00 no_imp=0/20 (còn 395s)
2026-04-04 11:32:13,604 -   [Inner 327.2] cost=701.00 no_imp=1/20 (còn 395s)
2026-04-04 11:32:13,726 -   [Inner 327.3] cost=701.00 no_imp=2/20 (còn 395s)
2026-04-04 11:32:13,848 -   [Inner 327.4] cost=701.00 no_imp=3/20 (còn 395s)
2026-04-04 11:32:14,018 -   [Inner 327.5] cost=701.00 no_imp=4/20 (còn 395s)
2026-04-04 11:32:14,141 -   [Inner 327.6] cost=701.00 no_imp=5/20 (còn 395s)
2026-04-04 11:32:14,265 -   [Inner 327.7] cost=701.00 no_imp=6/20 (còn 394s)
2026-04-04 11:32:14,388 -   [Inner 327.8] cost=701.00 no_imp=7/20 (còn 394s)
2026-04-04 11:32:14,510 -   [Inner 327.9] cost=701.00 no_imp=8/20 (còn 394s)
2026-04-04 11:32:14,632 -   [Inner 327.10] cost=701.00 no_imp=9/20 (còn 394s)
2026-04-04 11:32:14,755 -   [Inner 327.11] cost=701.00 no_imp=10/20 (còn 394s)
2026-04-04 11:32:14,881 -   [Inner 327.12] cost=701.00 no_imp=11/20 (còn 394s)
2026-04-04 11:32:15,003 -   [Inner 327.13] cost=701.00 no_imp=12/20 (còn 394s)
2026-04-04 11:32:15,125 -   [Inner 327.14] cost=701.00 no_imp=13/20 (còn 394s)
2026-04-04 11:32:15,249 -   [Inner 327.15] cost=701.00 no_imp=14/20 (còn 393s)
2026-04-04 11:32:15,371 -   [Inner 327.16] cost=701.00 no_imp=15/20 (còn 393s)
2026-04-04 11:32:15,494 -   [Inner 327.17] cost=701.00 no_imp=16/20 (còn 393s)
2026-04-04 11:32:15,617 -   [Inner 327.18] cost=701.00 no_imp=17/20 (còn 393s)
2026-04-04 11:32:15,740 -   [Inner 327.19] cost=701.00 no_imp=18/20 (còn 393s)
2026-04-04 11:32:15,863 -   [Inner 327.20] cost=701.00 no_imp=19/20 (còn 393s)
2026-04-04 11:32:15,986 -   [Outer 327] Chạy Pairwise MaxSAT...
2026-04-04 11:32:15,987 -   [Outer] Pairwise không cải thiện cặp nào, quay lại inner.
2026-04-04 11:32:15,987 - === OUTER 328 | cost=701.00 (còn 393s) ===
2026-04-04 11:32:15,987 -   [Inner 328.1] cost=701.00 no_imp=0/20 (còn 393s)
2026-04-04 11:32:16,109 -   [Inner 328.2] cost=701.00 no_imp=1/20 (còn 393s)
2026-04-04 11:32:16,233 -   [Inner 328.3] cost=701.00 no_imp=2/20 (còn 392s)
2026-04-04 11:32:16,357 -   [Inner 328.4] cost=701.00 no_imp=3/20 (còn 392s)
2026-04-04 11:32:16,480 -   [Inner 328.5] cost=701.00 no_imp=4/20 (còn 392s)
2026-04-04 11:32:16,603 -   [Inner 328.6] cost=701.00 no_imp=5/20 (còn 392s)
2026-04-04 11:32:16,726 -   [Inner 328.7] cost=701.00 no_imp=6/20 (còn 392s)
2026-04-04 11:32:16,850 -   [Inner 328.8] cost=701.00 no_imp=7/20 (còn 392s)
2026-04-04 11:32:16,973 -   [Inner 328.9] cost=701.00 no_imp=8/20 (còn 392s)
2026-04-04 11:32:17,097 -   [Inner 328.10] cost=701.00 no_imp=9/20 (còn 392s)
2026-04-04 11:32:17,219 -   [Inner 328.11] cost=701.00 no_imp=10/20 (còn 391s)
2026-04-04 11:32:17,342 -   [Inner 328.12] cost=701.00 no_imp=11/20 (còn 391s)
2026-04-04 11:32:17,464 -   [Inner 328.13] cost=701.00 no_imp=12/20 (còn 391s)
2026-04-04 11:32:17,588 -   [Inner 328.14] cost=701.00 no_imp=13/20 (còn 391s)
2026-04-04 11:32:17,710 -   [Inner 328.15] cost=701.00 no_imp=14/20 (còn 391s)
2026-04-04 11:32:17,833 -   [Inner 328.16] cost=701.00 no_imp=15/20 (còn 391s)
2026-04-04 11:32:17,956 -   [Inner 328.17] cost=701.00 no_imp=16/20 (còn 391s)
2026-04-04 11:32:18,079 -   [Inner 328.18] cost=701.00 no_imp=17/20 (còn 391s)
2026-04-04 11:32:18,201 -   [Inner 328.19] cost=701.00 no_imp=18/20 (còn 390s)
2026-04-04 11:32:18,324 -   [Inner 328.20] cost=701.00 no_imp=19/20 (còn 390s)
2026-04-04 11:32:18,447 -   [Outer 328] Chạy Pairwise MaxSAT...
2026-04-04 11:32:18,447 -   [Outer] Pairwise không cải thiện cặp nào, quay lại inner.
2026-04-04 11:32:18,447 - === OUTER 329 | cost=701.00 (còn 390s) ===
2026-04-04 11:32:18,447 -   [Inner 329.1] cost=701.00 no_imp=0/20 (còn 390s)
2026-04-04 11:32:18,570 -   [Inner 329.2] cost=701.00 no_imp=1/20 (còn 390s)
2026-04-04 11:32:18,692 -   [Inner 329.3] cost=701.00 no_imp=2/20 (còn 390s)
2026-04-04 11:32:18,816 -   [Inner 329.4] cost=701.00 no_imp=3/20 (còn 390s)
2026-04-04 11:32:18,942 -   [Inner 329.5] cost=701.00 no_imp=4/20 (còn 390s)
2026-04-04 11:32:19,064 -   [Inner 329.6] cost=701.00 no_imp=5/20 (còn 390s)
2026-04-04 11:32:19,186 -   [Inner 329.7] cost=701.00 no_imp=6/20 (còn 390s)
2026-04-04 11:32:19,310 -   [Inner 329.8] cost=701.00 no_imp=7/20 (còn 389s)
2026-04-04 11:32:19,432 -   [Inner 329.9] cost=701.00 no_imp=8/20 (còn 389s)
2026-04-04 11:32:19,556 -   [Inner 329.10] cost=701.00 no_imp=9/20 (còn 389s)
2026-04-04 11:32:19,678 -   [Inner 329.11] cost=701.00 no_imp=10/20 (còn 389s)
2026-04-04 11:32:19,801 -   [Inner 329.12] cost=701.00 no_imp=11/20 (còn 389s)
2026-04-04 11:32:19,925 -   [Inner 329.13] cost=701.00 no_imp=12/20 (còn 389s)
2026-04-04 11:32:20,049 -   [Inner 329.14] cost=701.00 no_imp=13/20 (còn 389s)
2026-04-04 11:32:20,172 -   [Inner 329.15] cost=701.00 no_imp=14/20 (còn 389s)
2026-04-04 11:32:20,294 -   [Inner 329.16] cost=701.00 no_imp=15/20 (còn 388s)
2026-04-04 11:32:20,417 -   [Inner 329.17] cost=701.00 no_imp=16/20 (còn 388s)
2026-04-04 11:32:20,539 -   [Inner 329.18] cost=701.00 no_imp=17/20 (còn 388s)
2026-04-04 11:32:20,663 -   [Inner 329.19] cost=701.00 no_imp=18/20 (còn 388s)
2026-04-04 11:32:20,785 -   [Inner 329.20] cost=701.00 no_imp=19/20 (còn 388s)
2026-04-04 11:32:20,910 -   [Outer 329] Chạy Pairwise MaxSAT...
2026-04-04 11:32:20,911 -   [Outer] Pairwise không cải thiện cặp nào, quay lại inner.
2026-04-04 11:32:20,911 - === OUTER 330 | cost=701.00 (còn 388s) ===
2026-04-04 11:32:20,911 -   [Inner 330.1] cost=701.00 no_imp=0/20 (còn 388s)
2026-04-04 11:32:21,035 -   [Inner 330.2] cost=701.00 no_imp=1/20 (còn 388s)
2026-04-04 11:32:21,157 -   [Inner 330.3] cost=701.00 no_imp=2/20 (còn 388s)
2026-04-04 11:32:21,280 -   [Inner 330.4] cost=701.00 no_imp=3/20 (còn 387s)
2026-04-04 11:32:21,403 -   [Inner 330.5] cost=701.00 no_imp=4/20 (còn 387s)
2026-04-04 11:32:21,524 -   [Inner 330.6] cost=701.00 no_imp=5/20 (còn 387s)
2026-04-04 11:32:21,647 -   [Inner 330.7] cost=701.00 no_imp=6/20 (còn 387s)
2026-04-04 11:32:21,769 -   [Inner 330.8] cost=701.00 no_imp=7/20 (còn 387s)
2026-04-04 11:32:21,894 -   [Inner 330.9] cost=701.00 no_imp=8/20 (còn 387s)
2026-04-04 11:32:22,017 -   [Inner 330.10] cost=701.00 no_imp=9/20 (còn 387s)
2026-04-04 11:32:22,142 -   [Inner 330.11] cost=701.00 no_imp=10/20 (còn 387s)
2026-04-04 11:32:22,266 -   [Inner 330.12] cost=701.00 no_imp=11/20 (còn 386s)
2026-04-04 11:32:22,388 -   [Inner 330.13] cost=701.00 no_imp=12/20 (còn 386s)
2026-04-04 11:32:22,510 -   [Inner 330.14] cost=701.00 no_imp=13/20 (còn 386s)
2026-04-04 11:32:22,633 -   [Inner 330.15] cost=701.00 no_imp=14/20 (còn 386s)
2026-04-04 11:32:22,755 -   [Inner 330.16] cost=701.00 no_imp=15/20 (còn 386s)
2026-04-04 11:32:22,878 -   [Inner 330.17] cost=701.00 no_imp=16/20 (còn 386s)
2026-04-04 11:32:23,003 -   [Inner 330.18] cost=701.00 no_imp=17/20 (còn 386s)
2026-04-04 11:32:23,126 -   [Inner 330.19] cost=701.00 no_imp=18/20 (còn 386s)
2026-04-04 11:32:23,249 -   [Inner 330.20] cost=701.00 no_imp=19/20 (còn 385s)
2026-04-04 11:32:23,372 -   [Outer 330] Chạy Pairwise MaxSAT...
2026-04-04 11:32:23,372 -   [Outer] Pairwise không cải thiện cặp nào, quay lại inner.
2026-04-04 11:32:23,372 - === OUTER 331 | cost=701.00 (còn 385s) ===
2026-04-04 11:32:23,372 -   [Inner 331.1] cost=701.00 no_imp=0/20 (còn 385s)
2026-04-04 11:32:23,495 -   [Inner 331.2] cost=701.00 no_imp=1/20 (còn 385s)
2026-04-04 11:32:23,618 -   [Inner 331.3] cost=701.00 no_imp=2/20 (còn 385s)
2026-04-04 11:32:23,740 -   [Inner 331.4] cost=701.00 no_imp=3/20 (còn 385s)
2026-04-04 11:32:23,864 -   [Inner 331.5] cost=701.00 no_imp=4/20 (còn 385s)
2026-04-04 11:32:23,985 -   [Inner 331.6] cost=701.00 no_imp=5/20 (còn 385s)
2026-04-04 11:32:24,107 -   [Inner 331.7] cost=701.00 no_imp=6/20 (còn 385s)
2026-04-04 11:32:24,231 -   [Inner 331.8] cost=701.00 no_imp=7/20 (còn 384s)
2026-04-04 11:32:24,356 -   [Inner 331.9] cost=701.00 no_imp=8/20 (còn 384s)
2026-04-04 11:32:24,479 -   [Inner 331.10] cost=701.00 no_imp=9/20 (còn 384s)
2026-04-04 11:32:24,602 -   [Inner 331.11] cost=701.00 no_imp=10/20 (còn 384s)
2026-04-04 11:32:24,723 -   [Inner 331.12] cost=701.00 no_imp=11/20 (còn 384s)
2026-04-04 11:32:24,847 -   [Inner 331.13] cost=701.00 no_imp=12/20 (còn 384s)
2026-04-04 11:32:24,973 -   [Inner 331.14] cost=701.00 no_imp=13/20 (còn 384s)
2026-04-04 11:32:25,097 -   [Inner 331.15] cost=701.00 no_imp=14/20 (còn 384s)
2026-04-04 11:32:25,219 -   [Inner 331.16] cost=701.00 no_imp=15/20 (còn 383s)
2026-04-04 11:32:25,343 -   [Inner 331.17] cost=701.00 no_imp=16/20 (còn 383s)
2026-04-04 11:32:25,465 -   [Inner 331.18] cost=701.00 no_imp=17/20 (còn 383s)
2026-04-04 11:32:25,588 -   [Inner 331.19] cost=701.00 no_imp=18/20 (còn 383s)
2026-04-04 11:32:25,711 -   [Inner 331.20] cost=701.00 no_imp=19/20 (còn 383s)
2026-04-04 11:32:25,835 -   [Outer 331] Chạy Pairwise MaxSAT...
2026-04-04 11:32:25,836 -   [Outer] Pairwise không cải thiện cặp nào, quay lại inner.
2026-04-04 11:32:25,836 - === OUTER 332 | cost=701.00 (còn 383s) ===
2026-04-04 11:32:25,836 -   [Inner 332.1] cost=701.00 no_imp=0/20 (còn 383s)
2026-04-04 11:32:25,958 -   [Inner 332.2] cost=701.00 no_imp=1/20 (còn 383s)
2026-04-04 11:32:26,081 -   [Inner 332.3] cost=701.00 no_imp=2/20 (còn 383s)
2026-04-04 11:32:26,204 -   [Inner 332.4] cost=701.00 no_imp=3/20 (còn 382s)
2026-04-04 11:32:26,327 -   [Inner 332.5] cost=701.00 no_imp=4/20 (còn 382s)
2026-04-04 11:32:26,451 -   [Inner 332.6] cost=701.00 no_imp=5/20 (còn 382s)
2026-04-04 11:32:26,575 -   [Inner 332.7] cost=701.00 no_imp=6/20 (còn 382s)
2026-04-04 11:32:26,698 -   [Inner 332.8] cost=701.00 no_imp=7/20 (còn 382s)
2026-04-04 11:32:26,821 -   [Inner 332.9] cost=701.00 no_imp=8/20 (còn 382s)
2026-04-04 11:32:26,943 -   [Inner 332.10] cost=701.00 no_imp=9/20 (còn 382s)
2026-04-04 11:32:27,069 -   [Inner 332.11] cost=701.00 no_imp=10/20 (còn 382s)
2026-04-04 11:32:27,191 -   [Inner 332.12] cost=701.00 no_imp=11/20 (còn 381s)
2026-04-04 11:32:27,315 -   [Inner 332.13] cost=701.00 no_imp=12/20 (còn 381s)
2026-04-04 11:32:27,439 -   [Inner 332.14] cost=701.00 no_imp=13/20 (còn 381s)
2026-04-04 11:32:27,562 -   [Inner 332.15] cost=701.00 no_imp=14/20 (còn 381s)
2026-04-04 11:32:27,684 -   [Inner 332.16] cost=701.00 no_imp=15/20 (còn 381s)
2026-04-04 11:32:27,808 -   [Inner 332.17] cost=701.00 no_imp=16/20 (còn 381s)
2026-04-04 11:32:27,932 -   [Inner 332.18] cost=701.00 no_imp=17/20 (còn 381s)
2026-04-04 11:32:28,055 -   [Inner 332.19] cost=701.00 no_imp=18/20 (còn 381s)
2026-04-04 11:32:28,177 -   [Inner 332.20] cost=701.00 no_imp=19/20 (còn 381s)
2026-04-04 11:32:28,299 -   [Outer 332] Chạy Pairwise MaxSAT...
2026-04-04 11:32:28,300 -   [Outer] Pairwise không cải thiện cặp nào, quay lại inner.
2026-04-04 11:32:28,300 - === OUTER 333 | cost=701.00 (còn 380s) ===
2026-04-04 11:32:28,300 -   [Inner 333.1] cost=701.00 no_imp=0/20 (còn 380s)
2026-04-04 11:32:28,423 -   [Inner 333.2] cost=701.00 no_imp=1/20 (còn 380s)
2026-04-04 11:32:28,546 -   [Inner 333.3] cost=701.00 no_imp=2/20 (còn 380s)
2026-04-04 11:32:28,667 -   [Inner 333.4] cost=701.00 no_imp=3/20 (còn 380s)
2026-04-04 11:32:28,790 -   [Inner 333.5] cost=701.00 no_imp=4/20 (còn 380s)
2026-04-04 11:32:28,912 -   [Inner 333.6] cost=701.00 no_imp=5/20 (còn 380s)
2026-04-04 11:32:29,038 -   [Inner 333.7] cost=701.00 no_imp=6/20 (còn 380s)
2026-04-04 11:32:29,159 -   [Inner 333.8] cost=701.00 no_imp=7/20 (còn 380s)
2026-04-04 11:32:29,281 -   [Inner 333.9] cost=701.00 no_imp=8/20 (còn 379s)
2026-04-04 11:32:29,405 -   [Inner 333.10] cost=701.00 no_imp=9/20 (còn 379s)
2026-04-04 11:32:29,528 -   [Inner 333.11] cost=701.00 no_imp=10/20 (còn 379s)
2026-04-04 11:32:29,650 -   [Inner 333.12] cost=701.00 no_imp=11/20 (còn 379s)
2026-04-04 11:32:29,772 -   [Inner 333.13] cost=701.00 no_imp=12/20 (còn 379s)
2026-04-04 11:32:29,896 -   [Inner 333.14] cost=701.00 no_imp=13/20 (còn 379s)
2026-04-04 11:32:30,019 -   [Inner 333.15] cost=701.00 no_imp=14/20 (còn 379s)
2026-04-04 11:32:30,141 -   [Inner 333.16] cost=701.00 no_imp=15/20 (còn 379s)
2026-04-04 11:32:30,265 -   [Inner 333.17] cost=701.00 no_imp=16/20 (còn 378s)
2026-04-04 11:32:30,389 -   [Inner 333.18] cost=701.00 no_imp=17/20 (còn 378s)
2026-04-04 11:32:30,511 -   [Inner 333.19] cost=701.00 no_imp=18/20 (còn 378s)
2026-04-04 11:32:30,634 -   [Inner 333.20] cost=701.00 no_imp=19/20 (còn 378s)
2026-04-04 11:32:30,757 -   [Outer 333] Chạy Pairwise MaxSAT...
2026-04-04 11:32:30,758 -   [Outer] Pairwise không cải thiện cặp nào, quay lại inner.
2026-04-04 11:32:30,758 - === OUTER 334 | cost=701.00 (còn 378s) ===
2026-04-04 11:32:30,758 -   [Inner 334.1] cost=701.00 no_imp=0/20 (còn 378s)
2026-04-04 11:32:30,881 -   [Inner 334.2] cost=701.00 no_imp=1/20 (còn 378s)
2026-04-04 11:32:31,004 -   [Inner 334.3] cost=701.00 no_imp=2/20 (còn 378s)
2026-04-04 11:32:31,128 -   [Inner 334.4] cost=701.00 no_imp=3/20 (còn 378s)
2026-04-04 11:32:31,251 -   [Inner 334.5] cost=701.00 no_imp=4/20 (còn 377s)
2026-04-04 11:32:31,373 -   [Inner 334.6] cost=701.00 no_imp=5/20 (còn 377s)
2026-04-04 11:32:31,496 -   [Inner 334.7] cost=701.00 no_imp=6/20 (còn 377s)
2026-04-04 11:32:31,618 -   [Inner 334.8] cost=701.00 no_imp=7/20 (còn 377s)
2026-04-04 11:32:31,740 -   [Inner 334.9] cost=701.00 no_imp=8/20 (còn 377s)
2026-04-04 11:32:31,861 -   [Inner 334.10] cost=701.00 no_imp=9/20 (còn 377s)
2026-04-04 11:32:31,983 -   [Inner 334.11] cost=701.00 no_imp=10/20 (còn 377s)
2026-04-04 11:32:32,108 -   [Inner 334.12] cost=701.00 no_imp=11/20 (còn 377s)
2026-04-04 11:32:32,231 -   [Inner 334.13] cost=701.00 no_imp=12/20 (còn 376s)
2026-04-04 11:32:32,356 -   [Inner 334.14] cost=701.00 no_imp=13/20 (còn 376s)
2026-04-04 11:32:32,479 -   [Inner 334.15] cost=701.00 no_imp=14/20 (còn 376s)
2026-04-04 11:32:32,602 -   [Inner 334.16] cost=701.00 no_imp=15/20 (còn 376s)
2026-04-04 11:32:32,724 -   [Inner 334.17] cost=701.00 no_imp=16/20 (còn 376s)
2026-04-04 11:32:32,846 -   [Inner 334.18] cost=701.00 no_imp=17/20 (còn 376s)
2026-04-04 11:32:32,968 -   [Inner 334.19] cost=701.00 no_imp=18/20 (còn 376s)
2026-04-04 11:32:33,093 -   [Inner 334.20] cost=701.00 no_imp=19/20 (còn 376s)
2026-04-04 11:32:33,214 -   [Outer 334] Chạy Pairwise MaxSAT...
2026-04-04 11:32:33,214 -   [Outer] Pairwise không cải thiện cặp nào, quay lại inner.
2026-04-04 11:32:33,215 - === OUTER 335 | cost=701.00 (còn 375s) ===
2026-04-04 11:32:33,215 -   [Inner 335.1] cost=701.00 no_imp=0/20 (còn 375s)
2026-04-04 11:32:33,337 -   [Inner 335.2] cost=701.00 no_imp=1/20 (còn 375s)
2026-04-04 11:32:33,461 -   [Inner 335.3] cost=701.00 no_imp=2/20 (còn 375s)
2026-04-04 11:32:33,585 -   [Inner 335.4] cost=701.00 no_imp=3/20 (còn 375s)
2026-04-04 11:32:33,708 -   [Inner 335.5] cost=701.00 no_imp=4/20 (còn 375s)
2026-04-04 11:32:33,832 -   [Inner 335.6] cost=701.00 no_imp=5/20 (còn 375s)
2026-04-04 11:32:33,956 -   [Inner 335.7] cost=701.00 no_imp=6/20 (còn 375s)
2026-04-04 11:32:34,080 -   [Inner 335.8] cost=701.00 no_imp=7/20 (còn 375s)
2026-04-04 11:32:34,202 -   [Inner 335.9] cost=701.00 no_imp=8/20 (còn 374s)
2026-04-04 11:32:34,329 -   [Inner 335.10] cost=701.00 no_imp=9/20 (còn 374s)
2026-04-04 11:32:34,459 -   [Inner 335.11] cost=701.00 no_imp=10/20 (còn 374s)
2026-04-04 11:32:34,584 -   [Inner 335.12] cost=701.00 no_imp=11/20 (còn 374s)
2026-04-04 11:32:34,705 -   [Inner 335.13] cost=701.00 no_imp=12/20 (còn 374s)
2026-04-04 11:32:34,829 -   [Inner 335.14] cost=701.00 no_imp=13/20 (còn 374s)
2026-04-04 11:32:34,952 -   [Inner 335.15] cost=701.00 no_imp=14/20 (còn 374s)
2026-04-04 11:32:35,080 -   [Inner 335.16] cost=701.00 no_imp=15/20 (còn 374s)
2026-04-04 11:32:35,203 -   [Inner 335.17] cost=701.00 no_imp=16/20 (còn 373s)
2026-04-04 11:32:35,329 -   [Inner 335.18] cost=701.00 no_imp=17/20 (còn 373s)
2026-04-04 11:32:35,452 -   [Inner 335.19] cost=701.00 no_imp=18/20 (còn 373s)
2026-04-04 11:32:35,575 -   [Inner 335.20] cost=701.00 no_imp=19/20 (còn 373s)
2026-04-04 11:32:35,699 -   [Outer 335] Chạy Pairwise MaxSAT...
2026-04-04 11:32:35,699 -   [Outer] Pairwise không cải thiện cặp nào, quay lại inner.
2026-04-04 11:32:35,700 - === OUTER 336 | cost=701.00 (còn 373s) ===
2026-04-04 11:32:35,700 -   [Inner 336.1] cost=701.00 no_imp=0/20 (còn 373s)
2026-04-04 11:32:35,824 -   [Inner 336.2] cost=701.00 no_imp=1/20 (còn 373s)
2026-04-04 11:32:35,947 -   [Inner 336.3] cost=701.00 no_imp=2/20 (còn 373s)
2026-04-04 11:32:36,071 -   [Inner 336.4] cost=701.00 no_imp=3/20 (còn 373s)
2026-04-04 11:32:36,194 -   [Inner 336.5] cost=701.00 no_imp=4/20 (còn 372s)
2026-04-04 11:32:36,317 -   [Inner 336.6] cost=701.00 no_imp=5/20 (còn 372s)
2026-04-04 11:32:36,440 -   [Inner 336.7] cost=701.00 no_imp=6/20 (còn 372s)
2026-04-04 11:32:36,564 -   [Inner 336.8] cost=701.00 no_imp=7/20 (còn 372s)
2026-04-04 11:32:36,685 -   [Inner 336.9] cost=701.00 no_imp=8/20 (còn 372s)
2026-04-04 11:32:36,809 -   [Inner 336.10] cost=701.00 no_imp=9/20 (còn 372s)
2026-04-04 11:32:36,930 -   [Inner 336.11] cost=701.00 no_imp=10/20 (còn 372s)
2026-04-04 11:32:37,054 -   [Inner 336.12] cost=701.00 no_imp=11/20 (còn 372s)
2026-04-04 11:32:37,179 -   [Inner 336.13] cost=701.00 no_imp=12/20 (còn 372s)
2026-04-04 11:32:37,300 -   [Inner 336.14] cost=701.00 no_imp=13/20 (còn 371s)
2026-04-04 11:32:37,424 -   [Inner 336.15] cost=701.00 no_imp=14/20 (còn 371s)
2026-04-04 11:32:37,549 -   [Inner 336.16] cost=701.00 no_imp=15/20 (còn 371s)
2026-04-04 11:32:37,671 -   [Inner 336.17] cost=701.00 no_imp=16/20 (còn 371s)
2026-04-04 11:32:37,793 -   [Inner 336.18] cost=701.00 no_imp=17/20 (còn 371s)
2026-04-04 11:32:37,915 -   [Inner 336.19] cost=701.00 no_imp=18/20 (còn 371s)
2026-04-04 11:32:38,039 -   [Inner 336.20] cost=701.00 no_imp=19/20 (còn 371s)
2026-04-04 11:32:38,163 -   [Outer 336] Chạy Pairwise MaxSAT...
2026-04-04 11:32:38,164 -   [Outer] Pairwise không cải thiện cặp nào, quay lại inner.
2026-04-04 11:32:38,164 - === OUTER 337 | cost=701.00 (còn 371s) ===
2026-04-04 11:32:38,164 -   [Inner 337.1] cost=701.00 no_imp=0/20 (còn 371s)
2026-04-04 11:32:38,286 -   [Inner 337.2] cost=701.00 no_imp=1/20 (còn 370s)
2026-04-04 11:32:38,408 -   [Inner 337.3] cost=701.00 no_imp=2/20 (còn 370s)
2026-04-04 11:32:38,531 -   [Inner 337.4] cost=701.00 no_imp=3/20 (còn 370s)
2026-04-04 11:32:38,655 -   [Inner 337.5] cost=701.00 no_imp=4/20 (còn 370s)
2026-04-04 11:32:38,778 -   [Inner 337.6] cost=701.00 no_imp=5/20 (còn 370s)
2026-04-04 11:32:38,901 -   [Inner 337.7] cost=701.00 no_imp=6/20 (còn 370s)
2026-04-04 11:32:39,024 -   [Inner 337.8] cost=701.00 no_imp=7/20 (còn 370s)
2026-04-04 11:32:39,150 -   [Inner 337.9] cost=701.00 no_imp=8/20 (còn 370s)
2026-04-04 11:32:39,273 -   [Inner 337.10] cost=701.00 no_imp=9/20 (còn 369s)
2026-04-04 11:32:39,396 -   [Inner 337.11] cost=701.00 no_imp=10/20 (còn 369s)
2026-04-04 11:32:39,518 -   [Inner 337.12] cost=701.00 no_imp=11/20 (còn 369s)
2026-04-04 11:32:39,642 -   [Inner 337.13] cost=701.00 no_imp=12/20 (còn 369s)
2026-04-04 11:32:39,764 -   [Inner 337.14] cost=701.00 no_imp=13/20 (còn 369s)
2026-04-04 11:32:39,887 -   [Inner 337.15] cost=701.00 no_imp=14/20 (còn 369s)
2026-04-04 11:32:40,010 -   [Inner 337.16] cost=701.00 no_imp=15/20 (còn 369s)
2026-04-04 11:32:40,173 -   [Inner 337.17] cost=701.00 no_imp=16/20 (còn 369s)
2026-04-04 11:32:40,294 -   [Inner 337.18] cost=701.00 no_imp=17/20 (còn 368s)
2026-04-04 11:32:40,417 -   [Inner 337.19] cost=701.00 no_imp=18/20 (còn 368s)
2026-04-04 11:32:40,541 -   [Inner 337.20] cost=701.00 no_imp=19/20 (còn 368s)
2026-04-04 11:32:40,664 -   [Outer 337] Chạy Pairwise MaxSAT...
2026-04-04 11:32:40,664 -   [Outer] Pairwise không cải thiện cặp nào, quay lại inner.
2026-04-04 11:32:40,664 - === OUTER 338 | cost=701.00 (còn 368s) ===
2026-04-04 11:32:40,664 -   [Inner 338.1] cost=701.00 no_imp=0/20 (còn 368s)
2026-04-04 11:32:40,788 -   [Inner 338.2] cost=701.00 no_imp=1/20 (còn 368s)
2026-04-04 11:32:40,911 -   [Inner 338.3] cost=701.00 no_imp=2/20 (còn 368s)
2026-04-04 11:32:41,035 -   [Inner 338.4] cost=701.00 no_imp=3/20 (còn 368s)
2026-04-04 11:32:41,160 -   [Inner 338.5] cost=701.00 no_imp=4/20 (còn 368s)
2026-04-04 11:32:41,284 -   [Inner 338.6] cost=701.00 no_imp=5/20 (còn 367s)
2026-04-04 11:32:41,407 -   [Inner 338.7] cost=701.00 no_imp=6/20 (còn 367s)
2026-04-04 11:32:41,529 -   [Inner 338.8] cost=701.00 no_imp=7/20 (còn 367s)
2026-04-04 11:32:41,652 -   [Inner 338.9] cost=701.00 no_imp=8/20 (còn 367s)
2026-04-04 11:32:41,774 -   [Inner 338.10] cost=701.00 no_imp=9/20 (còn 367s)
2026-04-04 11:32:41,899 -   [Inner 338.11] cost=701.00 no_imp=10/20 (còn 367s)
2026-04-04 11:32:42,022 -   [Inner 338.12] cost=701.00 no_imp=11/20 (còn 367s)
2026-04-04 11:32:42,144 -   [Inner 338.13] cost=701.00 no_imp=12/20 (còn 367s)
2026-04-04 11:32:42,268 -   [Inner 338.14] cost=701.00 no_imp=13/20 (còn 366s)
2026-04-04 11:32:42,389 -   [Inner 338.15] cost=701.00 no_imp=14/20 (còn 366s)
2026-04-04 11:32:42,512 -   [Inner 338.16] cost=701.00 no_imp=15/20 (còn 366s)
2026-04-04 11:32:42,634 -   [Inner 338.17] cost=701.00 no_imp=16/20 (còn 366s)
2026-04-04 11:32:42,758 -   [Inner 338.18] cost=701.00 no_imp=17/20 (còn 366s)
2026-04-04 11:32:42,881 -   [Inner 338.19] cost=701.00 no_imp=18/20 (còn 366s)
2026-04-04 11:32:43,003 -   [Inner 338.20] cost=701.00 no_imp=19/20 (còn 366s)
2026-04-04 11:32:43,127 -   [Outer 338] Chạy Pairwise MaxSAT...
2026-04-04 11:32:43,127 -   [Outer] Pairwise không cải thiện cặp nào, quay lại inner.
2026-04-04 11:32:43,127 - === OUTER 339 | cost=701.00 (còn 366s) ===
2026-04-04 11:32:43,127 -   [Inner 339.1] cost=701.00 no_imp=0/20 (còn 366s)
2026-04-04 11:32:43,252 -   [Inner 339.2] cost=701.00 no_imp=1/20 (còn 365s)
2026-04-04 11:32:43,374 -   [Inner 339.3] cost=701.00 no_imp=2/20 (còn 365s)
2026-04-04 11:32:43,496 -   [Inner 339.4] cost=701.00 no_imp=3/20 (còn 365s)
2026-04-04 11:32:43,619 -   [Inner 339.5] cost=701.00 no_imp=4/20 (còn 365s)
2026-04-04 11:32:43,742 -   [Inner 339.6] cost=701.00 no_imp=5/20 (còn 365s)
2026-04-04 11:32:43,864 -   [Inner 339.7] cost=701.00 no_imp=6/20 (còn 365s)
2026-04-04 11:32:43,988 -   [Inner 339.8] cost=701.00 no_imp=7/20 (còn 365s)
2026-04-04 11:32:44,111 -   [Inner 339.9] cost=701.00 no_imp=8/20 (còn 365s)
2026-04-04 11:32:44,233 -   [Inner 339.10] cost=701.00 no_imp=9/20 (còn 364s)
2026-04-04 11:32:44,355 -   [Inner 339.11] cost=701.00 no_imp=10/20 (còn 364s)
2026-04-04 11:32:44,477 -   [Inner 339.12] cost=701.00 no_imp=11/20 (còn 364s)
2026-04-04 11:32:44,601 -   [Inner 339.13] cost=701.00 no_imp=12/20 (còn 364s)
2026-04-04 11:32:44,724 -   [Inner 339.14] cost=701.00 no_imp=13/20 (còn 364s)
2026-04-04 11:32:44,847 -   [Inner 339.15] cost=701.00 no_imp=14/20 (còn 364s)
2026-04-04 11:32:44,968 -   [Inner 339.16] cost=701.00 no_imp=15/20 (còn 364s)
2026-04-04 11:32:45,091 -   [Inner 339.17] cost=701.00 no_imp=16/20 (còn 364s)
2026-04-04 11:32:45,215 -   [Inner 339.18] cost=701.00 no_imp=17/20 (còn 363s)
2026-04-04 11:32:45,339 -   [Inner 339.19] cost=701.00 no_imp=18/20 (còn 363s)
2026-04-04 11:32:45,462 -   [Inner 339.20] cost=701.00 no_imp=19/20 (còn 363s)
2026-04-04 11:32:45,586 -   [Outer 339] Chạy Pairwise MaxSAT...
2026-04-04 11:32:45,586 -   [Outer] Pairwise không cải thiện cặp nào, quay lại inner.
2026-04-04 11:32:45,587 - === OUTER 340 | cost=701.00 (còn 363s) ===
2026-04-04 11:32:45,587 -   [Inner 340.1] cost=701.00 no_imp=0/20 (còn 363s)
2026-04-04 11:32:45,709 -   [Inner 340.2] cost=701.00 no_imp=1/20 (còn 363s)
2026-04-04 11:32:45,836 -   [Inner 340.3] cost=701.00 no_imp=2/20 (còn 363s)
2026-04-04 11:32:45,960 -   [Inner 340.4] cost=701.00 no_imp=3/20 (còn 363s)
2026-04-04 11:32:46,082 -   [Inner 340.5] cost=701.00 no_imp=4/20 (còn 363s)
2026-04-04 11:32:46,207 -   [Inner 340.6] cost=701.00 no_imp=5/20 (còn 362s)
2026-04-04 11:32:46,330 -   [Inner 340.7] cost=701.00 no_imp=6/20 (còn 362s)
2026-04-04 11:32:46,453 -   [Inner 340.8] cost=701.00 no_imp=7/20 (còn 362s)
2026-04-04 11:32:46,576 -   [Inner 340.9] cost=701.00 no_imp=8/20 (còn 362s)
2026-04-04 11:32:46,699 -   [Inner 340.10] cost=701.00 no_imp=9/20 (còn 362s)
2026-04-04 11:32:46,823 -   [Inner 340.11] cost=701.00 no_imp=10/20 (còn 362s)
2026-04-04 11:32:46,944 -   [Inner 340.12] cost=701.00 no_imp=11/20 (còn 362s)
2026-04-04 11:32:47,068 -   [Inner 340.13] cost=701.00 no_imp=12/20 (còn 362s)
2026-04-04 11:32:47,193 -   [Inner 340.14] cost=701.00 no_imp=13/20 (còn 361s)
2026-04-04 11:32:47,318 -   [Inner 340.15] cost=701.00 no_imp=14/20 (còn 361s)
2026-04-04 11:32:47,440 -   [Inner 340.16] cost=701.00 no_imp=15/20 (còn 361s)
2026-04-04 11:32:47,561 -   [Inner 340.17] cost=701.00 no_imp=16/20 (còn 361s)
2026-04-04 11:32:47,686 -   [Inner 340.18] cost=701.00 no_imp=17/20 (còn 361s)
2026-04-04 11:32:47,808 -   [Inner 340.19] cost=701.00 no_imp=18/20 (còn 361s)
2026-04-04 11:32:47,929 -   [Inner 340.20] cost=701.00 no_imp=19/20 (còn 361s)
2026-04-04 11:32:48,051 -   [Outer 340] Chạy Pairwise MaxSAT...
2026-04-04 11:32:48,052 -   [Outer] Pairwise không cải thiện cặp nào, quay lại inner.
2026-04-04 11:32:48,052 - === OUTER 341 | cost=701.00 (còn 361s) ===
2026-04-04 11:32:48,052 -   [Inner 341.1] cost=701.00 no_imp=0/20 (còn 361s)
2026-04-04 11:32:48,175 -   [Inner 341.2] cost=701.00 no_imp=1/20 (còn 361s)
2026-04-04 11:32:48,298 -   [Inner 341.3] cost=701.00 no_imp=2/20 (còn 360s)
2026-04-04 11:32:48,421 -   [Inner 341.4] cost=701.00 no_imp=3/20 (còn 360s)
2026-04-04 11:32:48,543 -   [Inner 341.5] cost=701.00 no_imp=4/20 (còn 360s)
2026-04-04 11:32:48,665 -   [Inner 341.6] cost=701.00 no_imp=5/20 (còn 360s)
2026-04-04 11:32:48,787 -   [Inner 341.7] cost=701.00 no_imp=6/20 (còn 360s)
2026-04-04 11:32:48,910 -   [Inner 341.8] cost=701.00 no_imp=7/20 (còn 360s)
2026-04-04 11:32:49,034 -   [Inner 341.9] cost=701.00 no_imp=8/20 (còn 360s)
2026-04-04 11:32:49,156 -   [Inner 341.10] cost=701.00 no_imp=9/20 (còn 360s)
2026-04-04 11:32:49,281 -   [Inner 341.11] cost=701.00 no_imp=10/20 (còn 359s)
2026-04-04 11:32:49,402 -   [Inner 341.12] cost=701.00 no_imp=11/20 (còn 359s)
2026-04-04 11:32:49,526 -   [Inner 341.13] cost=701.00 no_imp=12/20 (còn 359s)
2026-04-04 11:32:49,650 -   [Inner 341.14] cost=701.00 no_imp=13/20 (còn 359s)
2026-04-04 11:32:49,773 -   [Inner 341.15] cost=701.00 no_imp=14/20 (còn 359s)
2026-04-04 11:32:49,896 -   [Inner 341.16] cost=701.00 no_imp=15/20 (còn 359s)
2026-04-04 11:32:50,020 -   [Inner 341.17] cost=701.00 no_imp=16/20 (còn 359s)
2026-04-04 11:32:50,143 -   [Inner 341.18] cost=701.00 no_imp=17/20 (còn 359s)
2026-04-04 11:32:50,268 -   [Inner 341.19] cost=701.00 no_imp=18/20 (còn 358s)
2026-04-04 11:32:50,390 -   [Inner 341.20] cost=701.00 no_imp=19/20 (còn 358s)
2026-04-04 11:32:50,513 -   [Outer 341] Chạy Pairwise MaxSAT...
2026-04-04 11:32:50,513 -   [Outer] Pairwise không cải thiện cặp nào, quay lại inner.
2026-04-04 11:32:50,513 - === OUTER 342 | cost=701.00 (còn 358s) ===
2026-04-04 11:32:50,513 -   [Inner 342.1] cost=701.00 no_imp=0/20 (còn 358s)
2026-04-04 11:32:50,635 -   [Inner 342.2] cost=701.00 no_imp=1/20 (còn 358s)
2026-04-04 11:32:50,757 -   [Inner 342.3] cost=701.00 no_imp=2/20 (còn 358s)
2026-04-04 11:32:50,881 -   [Inner 342.4] cost=701.00 no_imp=3/20 (còn 358s)
2026-04-04 11:32:51,002 -   [Inner 342.5] cost=701.00 no_imp=4/20 (còn 358s)
2026-04-04 11:32:51,124 -   [Inner 342.6] cost=701.00 no_imp=5/20 (còn 358s)
2026-04-04 11:32:51,247 -   [Inner 342.7] cost=701.00 no_imp=6/20 (còn 357s)
2026-04-04 11:32:51,374 -   [Inner 342.8] cost=701.00 no_imp=7/20 (còn 357s)
2026-04-04 11:32:51,497 -   [Inner 342.9] cost=701.00 no_imp=8/20 (còn 357s)
2026-04-04 11:32:51,618 -   [Inner 342.10] cost=701.00 no_imp=9/20 (còn 357s)
2026-04-04 11:32:51,740 -   [Inner 342.11] cost=701.00 no_imp=10/20 (còn 357s)
2026-04-04 11:32:51,863 -   [Inner 342.12] cost=701.00 no_imp=11/20 (còn 357s)
2026-04-04 11:32:51,985 -   [Inner 342.13] cost=701.00 no_imp=12/20 (còn 357s)
2026-04-04 11:32:52,108 -   [Inner 342.14] cost=701.00 no_imp=13/20 (còn 357s)
2026-04-04 11:32:52,231 -   [Inner 342.15] cost=701.00 no_imp=14/20 (còn 356s)
2026-04-04 11:32:52,354 -   [Inner 342.16] cost=701.00 no_imp=15/20 (còn 356s)
2026-04-04 11:32:52,477 -   [Inner 342.17] cost=701.00 no_imp=16/20 (còn 356s)
2026-04-04 11:32:52,600 -   [Inner 342.18] cost=701.00 no_imp=17/20 (còn 356s)
2026-04-04 11:32:52,722 -   [Inner 342.19] cost=701.00 no_imp=18/20 (còn 356s)
2026-04-04 11:32:52,845 -   [Inner 342.20] cost=701.00 no_imp=19/20 (còn 356s)
2026-04-04 11:32:52,969 -   [Outer 342] Chạy Pairwise MaxSAT...
2026-04-04 11:32:52,969 -   [Outer] Pairwise không cải thiện cặp nào, quay lại inner.
2026-04-04 11:32:52,969 - === OUTER 343 | cost=701.00 (còn 356s) ===
2026-04-04 11:32:52,969 -   [Inner 343.1] cost=701.00 no_imp=0/20 (còn 356s)
2026-04-04 11:32:53,092 -   [Inner 343.2] cost=701.00 no_imp=1/20 (còn 356s)
2026-04-04 11:32:53,214 -   [Inner 343.3] cost=701.00 no_imp=2/20 (còn 355s)
2026-04-04 11:32:53,341 -   [Inner 343.4] cost=701.00 no_imp=3/20 (còn 355s)
2026-04-04 11:32:53,464 -   [Inner 343.5] cost=701.00 no_imp=4/20 (còn 355s)
2026-04-04 11:32:53,588 -   [Inner 343.6] cost=701.00 no_imp=5/20 (còn 355s)
2026-04-04 11:32:53,711 -   [Inner 343.7] cost=701.00 no_imp=6/20 (còn 355s)
2026-04-04 11:32:53,834 -   [Inner 343.8] cost=701.00 no_imp=7/20 (còn 355s)
2026-04-04 11:32:53,957 -   [Inner 343.9] cost=701.00 no_imp=8/20 (còn 355s)
2026-04-04 11:32:54,080 -   [Inner 343.10] cost=701.00 no_imp=9/20 (còn 355s)
2026-04-04 11:32:54,203 -   [Inner 343.11] cost=701.00 no_imp=10/20 (còn 354s)
2026-04-04 11:32:54,327 -   [Inner 343.12] cost=701.00 no_imp=11/20 (còn 354s)
2026-04-04 11:32:54,450 -   [Inner 343.13] cost=701.00 no_imp=12/20 (còn 354s)
2026-04-04 11:32:54,571 -   [Inner 343.14] cost=701.00 no_imp=13/20 (còn 354s)
2026-04-04 11:32:54,693 -   [Inner 343.15] cost=701.00 no_imp=14/20 (còn 354s)
2026-04-04 11:32:54,815 -   [Inner 343.16] cost=701.00 no_imp=15/20 (còn 354s)
2026-04-04 11:32:54,939 -   [Inner 343.17] cost=701.00 no_imp=16/20 (còn 354s)
2026-04-04 11:32:55,062 -   [Inner 343.18] cost=701.00 no_imp=17/20 (còn 354s)
2026-04-04 11:32:55,184 -   [Inner 343.19] cost=701.00 no_imp=18/20 (còn 354s)
2026-04-04 11:32:55,307 -   [Inner 343.20] cost=701.00 no_imp=19/20 (còn 353s)
2026-04-04 11:32:55,431 -   [Outer 343] Chạy Pairwise MaxSAT...
2026-04-04 11:32:55,432 -   [Outer] Pairwise không cải thiện cặp nào, quay lại inner.
2026-04-04 11:32:55,432 - === OUTER 344 | cost=701.00 (còn 353s) ===
2026-04-04 11:32:55,432 -   [Inner 344.1] cost=701.00 no_imp=0/20 (còn 353s)
2026-04-04 11:32:55,554 -   [Inner 344.2] cost=701.00 no_imp=1/20 (còn 353s)
2026-04-04 11:32:55,677 -   [Inner 344.3] cost=701.00 no_imp=2/20 (còn 353s)
2026-04-04 11:32:55,799 -   [Inner 344.4] cost=701.00 no_imp=3/20 (còn 353s)
2026-04-04 11:32:55,920 -   [Inner 344.5] cost=701.00 no_imp=4/20 (còn 353s)
2026-04-04 11:32:56,043 -   [Inner 344.6] cost=701.00 no_imp=5/20 (còn 353s)
2026-04-04 11:32:56,167 -   [Inner 344.7] cost=701.00 no_imp=6/20 (còn 353s)
2026-04-04 11:32:56,292 -   [Inner 344.8] cost=701.00 no_imp=7/20 (còn 352s)
2026-04-04 11:32:56,414 -   [Inner 344.9] cost=701.00 no_imp=8/20 (còn 352s)
2026-04-04 11:32:56,536 -   [Inner 344.10] cost=701.00 no_imp=9/20 (còn 352s)
2026-04-04 11:32:56,660 -   [Inner 344.11] cost=701.00 no_imp=10/20 (còn 352s)
2026-04-04 11:32:56,781 -   [Inner 344.12] cost=701.00 no_imp=11/20 (còn 352s)
2026-04-04 11:32:56,903 -   [Inner 344.13] cost=701.00 no_imp=12/20 (còn 352s)
2026-04-04 11:32:57,025 -   [Inner 344.14] cost=701.00 no_imp=13/20 (còn 352s)
2026-04-04 11:32:57,148 -   [Inner 344.15] cost=701.00 no_imp=14/20 (còn 352s)
2026-04-04 11:32:57,273 -   [Inner 344.16] cost=701.00 no_imp=15/20 (còn 351s)
2026-04-04 11:32:57,398 -   [Inner 344.17] cost=701.00 no_imp=16/20 (còn 351s)
2026-04-04 11:32:57,521 -   [Inner 344.18] cost=701.00 no_imp=17/20 (còn 351s)
2026-04-04 11:32:57,644 -   [Inner 344.19] cost=701.00 no_imp=18/20 (còn 351s)
2026-04-04 11:32:57,767 -   [Inner 344.20] cost=701.00 no_imp=19/20 (còn 351s)
2026-04-04 11:32:57,892 -   [Outer 344] Chạy Pairwise MaxSAT...
2026-04-04 11:32:57,892 -   [Outer] Pairwise không cải thiện cặp nào, quay lại inner.
2026-04-04 11:32:57,892 - === OUTER 345 | cost=701.00 (còn 351s) ===
2026-04-04 11:32:57,892 -   [Inner 345.1] cost=701.00 no_imp=0/20 (còn 351s)
2026-04-04 11:32:58,015 -   [Inner 345.2] cost=701.00 no_imp=1/20 (còn 351s)
2026-04-04 11:32:58,138 -   [Inner 345.3] cost=701.00 no_imp=2/20 (còn 351s)
2026-04-04 11:32:58,262 -   [Inner 345.4] cost=701.00 no_imp=3/20 (còn 350s)
2026-04-04 11:32:58,385 -   [Inner 345.5] cost=701.00 no_imp=4/20 (còn 350s)
2026-04-04 11:32:58,509 -   [Inner 345.6] cost=701.00 no_imp=5/20 (còn 350s)
2026-04-04 11:32:58,633 -   [Inner 345.7] cost=701.00 no_imp=6/20 (còn 350s)
2026-04-04 11:32:58,756 -   [Inner 345.8] cost=701.00 no_imp=7/20 (còn 350s)
2026-04-04 11:32:58,879 -   [Inner 345.9] cost=701.00 no_imp=8/20 (còn 350s)
2026-04-04 11:32:59,001 -   [Inner 345.10] cost=701.00 no_imp=9/20 (còn 350s)
2026-04-04 11:32:59,124 -   [Inner 345.11] cost=701.00 no_imp=10/20 (còn 350s)
2026-04-04 11:32:59,246 -   [Inner 345.12] cost=701.00 no_imp=11/20 (còn 349s)
2026-04-04 11:32:59,369 -   [Inner 345.13] cost=701.00 no_imp=12/20 (còn 349s)
2026-04-04 11:32:59,497 -   [Inner 345.14] cost=701.00 no_imp=13/20 (còn 349s)
2026-04-04 11:32:59,619 -   [Inner 345.15] cost=701.00 no_imp=14/20 (còn 349s)
2026-04-04 11:32:59,742 -   [Inner 345.16] cost=701.00 no_imp=15/20 (còn 349s)
2026-04-04 11:32:59,866 -   [Inner 345.17] cost=701.00 no_imp=16/20 (còn 349s)
2026-04-04 11:32:59,988 -   [Inner 345.18] cost=701.00 no_imp=17/20 (còn 349s)
2026-04-04 11:33:00,113 -   [Inner 345.19] cost=701.00 no_imp=18/20 (còn 349s)
2026-04-04 11:33:00,236 -   [Inner 345.20] cost=701.00 no_imp=19/20 (còn 348s)
2026-04-04 11:33:00,359 -   [Outer 345] Chạy Pairwise MaxSAT...
2026-04-04 11:33:00,359 -   [Outer] Pairwise không cải thiện cặp nào, quay lại inner.
2026-04-04 11:33:00,359 - === OUTER 346 | cost=701.00 (còn 348s) ===
2026-04-04 11:33:00,359 -   [Inner 346.1] cost=701.00 no_imp=0/20 (còn 348s)
2026-04-04 11:33:00,483 -   [Inner 346.2] cost=701.00 no_imp=1/20 (còn 348s)
2026-04-04 11:33:00,606 -   [Inner 346.3] cost=701.00 no_imp=2/20 (còn 348s)
2026-04-04 11:33:00,729 -   [Inner 346.4] cost=701.00 no_imp=3/20 (còn 348s)
2026-04-04 11:33:00,856 -   [Inner 346.5] cost=701.00 no_imp=4/20 (còn 348s)
2026-04-04 11:33:00,981 -   [Inner 346.6] cost=701.00 no_imp=5/20 (còn 348s)
2026-04-04 11:33:01,107 -   [Inner 346.7] cost=701.00 no_imp=6/20 (còn 348s)
2026-04-04 11:33:01,228 -   [Inner 346.8] cost=701.00 no_imp=7/20 (còn 347s)
2026-04-04 11:33:01,353 -   [Inner 346.9] cost=701.00 no_imp=8/20 (còn 347s)
2026-04-04 11:33:01,479 -   [Inner 346.10] cost=701.00 no_imp=9/20 (còn 347s)
2026-04-04 11:33:01,604 -   [Inner 346.11] cost=701.00 no_imp=10/20 (còn 347s)
2026-04-04 11:33:01,727 -   [Inner 346.12] cost=701.00 no_imp=11/20 (còn 347s)
2026-04-04 11:33:01,850 -   [Inner 346.13] cost=701.00 no_imp=12/20 (còn 347s)
2026-04-04 11:33:01,974 -   [Inner 346.14] cost=701.00 no_imp=13/20 (còn 347s)
2026-04-04 11:33:02,098 -   [Inner 346.15] cost=701.00 no_imp=14/20 (còn 347s)
2026-04-04 11:33:02,221 -   [Inner 346.16] cost=701.00 no_imp=15/20 (còn 346s)
2026-04-04 11:33:02,346 -   [Inner 346.17] cost=701.00 no_imp=16/20 (còn 346s)
2026-04-04 11:33:02,469 -   [Inner 346.18] cost=701.00 no_imp=17/20 (còn 346s)
2026-04-04 11:33:02,591 -   [Inner 346.19] cost=701.00 no_imp=18/20 (còn 346s)
2026-04-04 11:33:02,712 -   [Inner 346.20] cost=701.00 no_imp=19/20 (còn 346s)
2026-04-04 11:33:02,834 -   [Outer 346] Chạy Pairwise MaxSAT...
2026-04-04 11:33:02,834 -   [Outer] Pairwise không cải thiện cặp nào, quay lại inner.
2026-04-04 11:33:02,834 - === OUTER 347 | cost=701.00 (còn 346s) ===
2026-04-04 11:33:02,834 -   [Inner 347.1] cost=701.00 no_imp=0/20 (còn 346s)
2026-04-04 11:33:02,957 -   [Inner 347.2] cost=701.00 no_imp=1/20 (còn 346s)
2026-04-04 11:33:03,079 -   [Inner 347.3] cost=701.00 no_imp=2/20 (còn 346s)
2026-04-04 11:33:03,201 -   [Inner 347.4] cost=701.00 no_imp=3/20 (còn 345s)
2026-04-04 11:33:03,324 -   [Inner 347.5] cost=701.00 no_imp=4/20 (còn 345s)
2026-04-04 11:33:03,444 -   [Inner 347.6] cost=701.00 no_imp=5/20 (còn 345s)
2026-04-04 11:33:03,569 -   [Inner 347.7] cost=701.00 no_imp=6/20 (còn 345s)
2026-04-04 11:33:03,691 -   [Inner 347.8] cost=701.00 no_imp=7/20 (còn 345s)
2026-04-04 11:33:03,814 -   [Inner 347.9] cost=701.00 no_imp=8/20 (còn 345s)
2026-04-04 11:33:03,936 -   [Inner 347.10] cost=701.00 no_imp=9/20 (còn 345s)
2026-04-04 11:33:04,058 -   [Inner 347.11] cost=701.00 no_imp=10/20 (còn 345s)
2026-04-04 11:33:04,180 -   [Inner 347.12] cost=701.00 no_imp=11/20 (còn 345s)
2026-04-04 11:33:04,309 -   [Inner 347.13] cost=701.00 no_imp=12/20 (còn 344s)
2026-04-04 11:33:04,434 -   [Inner 347.14] cost=701.00 no_imp=13/20 (còn 344s)
2026-04-04 11:33:04,559 -   [Inner 347.15] cost=701.00 no_imp=14/20 (còn 344s)
2026-04-04 11:33:04,681 -   [Inner 347.16] cost=701.00 no_imp=15/20 (còn 344s)
2026-04-04 11:33:04,804 -   [Inner 347.17] cost=701.00 no_imp=16/20 (còn 344s)
2026-04-04 11:33:04,927 -   [Inner 347.18] cost=701.00 no_imp=17/20 (còn 344s)
2026-04-04 11:33:05,050 -   [Inner 347.19] cost=701.00 no_imp=18/20 (còn 344s)
2026-04-04 11:33:05,174 -   [Inner 347.20] cost=701.00 no_imp=19/20 (còn 344s)
2026-04-04 11:33:05,298 -   [Outer 347] Chạy Pairwise MaxSAT...
2026-04-04 11:33:05,298 -   [Outer] Pairwise không cải thiện cặp nào, quay lại inner.
2026-04-04 11:33:05,299 - === OUTER 348 | cost=701.00 (còn 343s) ===
2026-04-04 11:33:05,299 -   [Inner 348.1] cost=701.00 no_imp=0/20 (còn 343s)
2026-04-04 11:33:05,421 -   [Inner 348.2] cost=701.00 no_imp=1/20 (còn 343s)
2026-04-04 11:33:05,546 -   [Inner 348.3] cost=701.00 no_imp=2/20 (còn 343s)
2026-04-04 11:33:05,671 -   [Inner 348.4] cost=701.00 no_imp=3/20 (còn 343s)
2026-04-04 11:33:05,794 -   [Inner 348.5] cost=701.00 no_imp=4/20 (còn 343s)
2026-04-04 11:33:05,916 -   [Inner 348.6] cost=701.00 no_imp=5/20 (còn 343s)
2026-04-04 11:33:06,038 -   [Inner 348.7] cost=701.00 no_imp=6/20 (còn 343s)
2026-04-04 11:33:06,161 -   [Inner 348.8] cost=701.00 no_imp=7/20 (còn 343s)
2026-04-04 11:33:06,285 -   [Inner 348.9] cost=701.00 no_imp=8/20 (còn 342s)
2026-04-04 11:33:06,407 -   [Inner 348.10] cost=701.00 no_imp=9/20 (còn 342s)
2026-04-04 11:33:06,530 -   [Inner 348.11] cost=701.00 no_imp=10/20 (còn 342s)
2026-04-04 11:33:06,655 -   [Inner 348.12] cost=701.00 no_imp=11/20 (còn 342s)
2026-04-04 11:33:06,777 -   [Inner 348.13] cost=701.00 no_imp=12/20 (còn 342s)
2026-04-04 11:33:06,946 -   [Inner 348.14] cost=701.00 no_imp=13/20 (còn 342s)
2026-04-04 11:33:07,068 -   [Inner 348.15] cost=701.00 no_imp=14/20 (còn 342s)
2026-04-04 11:33:07,192 -   [Inner 348.16] cost=701.00 no_imp=15/20 (còn 341s)
2026-04-04 11:33:07,315 -   [Inner 348.17] cost=701.00 no_imp=16/20 (còn 341s)
2026-04-04 11:33:07,436 -   [Inner 348.18] cost=701.00 no_imp=17/20 (còn 341s)
2026-04-04 11:33:07,564 -   [Inner 348.19] cost=701.00 no_imp=18/20 (còn 341s)
2026-04-04 11:33:07,686 -   [Inner 348.20] cost=701.00 no_imp=19/20 (còn 341s)
2026-04-04 11:33:07,809 -   [Outer 348] Chạy Pairwise MaxSAT...
2026-04-04 11:33:07,809 -   [Outer] Pairwise không cải thiện cặp nào, quay lại inner.
2026-04-04 11:33:07,809 - === OUTER 349 | cost=701.00 (còn 341s) ===
2026-04-04 11:33:07,809 -   [Inner 349.1] cost=701.00 no_imp=0/20 (còn 341s)
2026-04-04 11:33:07,930 -   [Inner 349.2] cost=701.00 no_imp=1/20 (còn 341s)
2026-04-04 11:33:08,052 -   [Inner 349.3] cost=701.00 no_imp=2/20 (còn 341s)
2026-04-04 11:33:08,175 -   [Inner 349.4] cost=701.00 no_imp=3/20 (còn 341s)
2026-04-04 11:33:08,298 -   [Inner 349.5] cost=701.00 no_imp=4/20 (còn 340s)
2026-04-04 11:33:08,420 -   [Inner 349.6] cost=701.00 no_imp=5/20 (còn 340s)
2026-04-04 11:33:08,541 -   [Inner 349.7] cost=701.00 no_imp=6/20 (còn 340s)
2026-04-04 11:33:08,664 -   [Inner 349.8] cost=701.00 no_imp=7/20 (còn 340s)
2026-04-04 11:33:08,787 -   [Inner 349.9] cost=701.00 no_imp=8/20 (còn 340s)
2026-04-04 11:33:08,910 -   [Inner 349.10] cost=701.00 no_imp=9/20 (còn 340s)
2026-04-04 11:33:09,033 -   [Inner 349.11] cost=701.00 no_imp=10/20 (còn 340s)
2026-04-04 11:33:09,157 -   [Inner 349.12] cost=701.00 no_imp=11/20 (còn 340s)
2026-04-04 11:33:09,280 -   [Inner 349.13] cost=701.00 no_imp=12/20 (còn 339s)
2026-04-04 11:33:09,403 -   [Inner 349.14] cost=701.00 no_imp=13/20 (còn 339s)
2026-04-04 11:33:09,525 -   [Inner 349.15] cost=701.00 no_imp=14/20 (còn 339s)
2026-04-04 11:33:09,651 -   [Inner 349.16] cost=701.00 no_imp=15/20 (còn 339s)
2026-04-04 11:33:09,774 -   [Inner 349.17] cost=701.00 no_imp=16/20 (còn 339s)
2026-04-04 11:33:09,899 -   [Inner 349.18] cost=701.00 no_imp=17/20 (còn 339s)
2026-04-04 11:33:10,021 -   [Inner 349.19] cost=701.00 no_imp=18/20 (còn 339s)
2026-04-04 11:33:10,143 -   [Inner 349.20] cost=701.00 no_imp=19/20 (còn 339s)
2026-04-04 11:33:10,264 -   [Outer 349] Chạy Pairwise MaxSAT...
2026-04-04 11:33:10,265 -   [Outer] Pairwise không cải thiện cặp nào, quay lại inner.
2026-04-04 11:33:10,265 - === OUTER 350 | cost=701.00 (còn 338s) ===
2026-04-04 11:33:10,265 -   [Inner 350.1] cost=701.00 no_imp=0/20 (còn 338s)
2026-04-04 11:33:10,387 -   [Inner 350.2] cost=701.00 no_imp=1/20 (còn 338s)
2026-04-04 11:33:10,511 -   [Inner 350.3] cost=701.00 no_imp=2/20 (còn 338s)
2026-04-04 11:33:10,634 -   [Inner 350.4] cost=701.00 no_imp=3/20 (còn 338s)
2026-04-04 11:33:10,757 -   [Inner 350.5] cost=701.00 no_imp=4/20 (còn 338s)
2026-04-04 11:33:10,879 -   [Inner 350.6] cost=701.00 no_imp=5/20 (còn 338s)
2026-04-04 11:33:11,000 -   [Inner 350.7] cost=701.00 no_imp=6/20 (còn 338s)
2026-04-04 11:33:11,123 -   [Inner 350.8] cost=701.00 no_imp=7/20 (còn 338s)
2026-04-04 11:33:11,244 -   [Inner 350.9] cost=701.00 no_imp=8/20 (còn 337s)
2026-04-04 11:33:11,367 -   [Inner 350.10] cost=701.00 no_imp=9/20 (còn 337s)
2026-04-04 11:33:11,490 -   [Inner 350.11] cost=701.00 no_imp=10/20 (còn 337s)
2026-04-04 11:33:11,615 -   [Inner 350.12] cost=701.00 no_imp=11/20 (còn 337s)
2026-04-04 11:33:11,740 -   [Inner 350.13] cost=701.00 no_imp=12/20 (còn 337s)
2026-04-04 11:33:11,862 -   [Inner 350.14] cost=701.00 no_imp=13/20 (còn 337s)
2026-04-04 11:33:11,985 -   [Inner 350.15] cost=701.00 no_imp=14/20 (còn 337s)
2026-04-04 11:33:12,107 -   [Inner 350.16] cost=701.00 no_imp=15/20 (còn 337s)
2026-04-04 11:33:12,229 -   [Inner 350.17] cost=701.00 no_imp=16/20 (còn 336s)
2026-04-04 11:33:12,353 -   [Inner 350.18] cost=701.00 no_imp=17/20 (còn 336s)
2026-04-04 11:33:12,476 -   [Inner 350.19] cost=701.00 no_imp=18/20 (còn 336s)
2026-04-04 11:33:12,598 -   [Inner 350.20] cost=701.00 no_imp=19/20 (còn 336s)
2026-04-04 11:33:12,722 -   [Outer 350] Chạy Pairwise MaxSAT...
2026-04-04 11:33:12,722 -   [Outer] Pairwise không cải thiện cặp nào, quay lại inner.
2026-04-04 11:33:12,722 - === OUTER 351 | cost=701.00 (còn 336s) ===
2026-04-04 11:33:12,722 -   [Inner 351.1] cost=701.00 no_imp=0/20 (còn 336s)
2026-04-04 11:33:12,844 -   [Inner 351.2] cost=701.00 no_imp=1/20 (còn 336s)
2026-04-04 11:33:12,966 -   [Inner 351.3] cost=701.00 no_imp=2/20 (còn 336s)
2026-04-04 11:33:13,088 -   [Inner 351.4] cost=701.00 no_imp=3/20 (còn 336s)
2026-04-04 11:33:13,209 -   [Inner 351.5] cost=701.00 no_imp=4/20 (còn 335s)
2026-04-04 11:33:13,332 -   [Inner 351.6] cost=701.00 no_imp=5/20 (còn 335s)
2026-04-04 11:33:13,454 -   [Inner 351.7] cost=701.00 no_imp=6/20 (còn 335s)
2026-04-04 11:33:13,577 -   [Inner 351.8] cost=701.00 no_imp=7/20 (còn 335s)
2026-04-04 11:33:13,703 -   [Inner 351.9] cost=701.00 no_imp=8/20 (còn 335s)
2026-04-04 11:33:13,827 -   [Inner 351.10] cost=701.00 no_imp=9/20 (còn 335s)
2026-04-04 11:33:13,950 -   [Inner 351.11] cost=701.00 no_imp=10/20 (còn 335s)
2026-04-04 11:33:14,073 -   [Inner 351.12] cost=701.00 no_imp=11/20 (còn 335s)
2026-04-04 11:33:14,195 -   [Inner 351.13] cost=701.00 no_imp=12/20 (còn 334s)
2026-04-04 11:33:14,319 -   [Inner 351.14] cost=701.00 no_imp=13/20 (còn 334s)
2026-04-04 11:33:14,441 -   [Inner 351.15] cost=701.00 no_imp=14/20 (còn 334s)
2026-04-04 11:33:14,564 -   [Inner 351.16] cost=701.00 no_imp=15/20 (còn 334s)
2026-04-04 11:33:14,687 -   [Inner 351.17] cost=701.00 no_imp=16/20 (còn 334s)
2026-04-04 11:33:14,810 -   [Inner 351.18] cost=701.00 no_imp=17/20 (còn 334s)
2026-04-04 11:33:14,933 -   [Inner 351.19] cost=701.00 no_imp=18/20 (còn 334s)
2026-04-04 11:33:15,054 -   [Inner 351.20] cost=701.00 no_imp=19/20 (còn 334s)
2026-04-04 11:33:15,176 -   [Outer 351] Chạy Pairwise MaxSAT...
2026-04-04 11:33:15,176 -   [Outer] Pairwise không cải thiện cặp nào, quay lại inner.
2026-04-04 11:33:15,176 - === OUTER 352 | cost=701.00 (còn 334s) ===
2026-04-04 11:33:15,176 -   [Inner 352.1] cost=701.00 no_imp=0/20 (còn 334s)
2026-04-04 11:33:15,300 -   [Inner 352.2] cost=701.00 no_imp=1/20 (còn 333s)
2026-04-04 11:33:15,424 -   [Inner 352.3] cost=701.00 no_imp=2/20 (còn 333s)
2026-04-04 11:33:15,545 -   [Inner 352.4] cost=701.00 no_imp=3/20 (còn 333s)
2026-04-04 11:33:15,675 -   [Inner 352.5] cost=701.00 no_imp=4/20 (còn 333s)
2026-04-04 11:33:15,798 -   [Inner 352.6] cost=701.00 no_imp=5/20 (còn 333s)
2026-04-04 11:33:15,922 -   [Inner 352.7] cost=701.00 no_imp=6/20 (còn 333s)
2026-04-04 11:33:16,045 -   [Inner 352.8] cost=701.00 no_imp=7/20 (còn 333s)
2026-04-04 11:33:16,168 -   [Inner 352.9] cost=701.00 no_imp=8/20 (còn 333s)
2026-04-04 11:33:16,290 -   [Inner 352.10] cost=701.00 no_imp=9/20 (còn 332s)
2026-04-04 11:33:16,412 -   [Inner 352.11] cost=701.00 no_imp=10/20 (còn 332s)
2026-04-04 11:33:16,534 -   [Inner 352.12] cost=701.00 no_imp=11/20 (còn 332s)
2026-04-04 11:33:16,658 -   [Inner 352.13] cost=701.00 no_imp=12/20 (còn 332s)
2026-04-04 11:33:16,781 -   [Inner 352.14] cost=701.00 no_imp=13/20 (còn 332s)
2026-04-04 11:33:16,902 -   [Inner 352.15] cost=701.00 no_imp=14/20 (còn 332s)
2026-04-04 11:33:17,025 -   [Inner 352.16] cost=701.00 no_imp=15/20 (còn 332s)
2026-04-04 11:33:17,147 -   [Inner 352.17] cost=701.00 no_imp=16/20 (còn 332s)
2026-04-04 11:33:17,270 -   [Inner 352.18] cost=701.00 no_imp=17/20 (còn 331s)
2026-04-04 11:33:17,392 -   [Inner 352.19] cost=701.00 no_imp=18/20 (còn 331s)
2026-04-04 11:33:17,513 -   [Inner 352.20] cost=701.00 no_imp=19/20 (còn 331s)
2026-04-04 11:33:17,637 -   [Outer 352] Chạy Pairwise MaxSAT...
2026-04-04 11:33:17,637 -   [Outer] Pairwise không cải thiện cặp nào, quay lại inner.
2026-04-04 11:33:17,638 - === OUTER 353 | cost=701.00 (còn 331s) ===
2026-04-04 11:33:17,638 -   [Inner 353.1] cost=701.00 no_imp=0/20 (còn 331s)
2026-04-04 11:33:17,765 -   [Inner 353.2] cost=701.00 no_imp=1/20 (còn 331s)
2026-04-04 11:33:17,888 -   [Inner 353.3] cost=701.00 no_imp=2/20 (còn 331s)
2026-04-04 11:33:18,010 -   [Inner 353.4] cost=701.00 no_imp=3/20 (còn 331s)
2026-04-04 11:33:18,133 -   [Inner 353.5] cost=701.00 no_imp=4/20 (còn 331s)
2026-04-04 11:33:18,254 -   [Inner 353.6] cost=701.00 no_imp=5/20 (còn 330s)
2026-04-04 11:33:18,378 -   [Inner 353.7] cost=701.00 no_imp=6/20 (còn 330s)
2026-04-04 11:33:18,500 -   [Inner 353.8] cost=701.00 no_imp=7/20 (còn 330s)
2026-04-04 11:33:18,625 -   [Inner 353.9] cost=701.00 no_imp=8/20 (còn 330s)
2026-04-04 11:33:18,747 -   [Inner 353.10] cost=701.00 no_imp=9/20 (còn 330s)
2026-04-04 11:33:18,870 -   [Inner 353.11] cost=701.00 no_imp=10/20 (còn 330s)
2026-04-04 11:33:18,995 -   [Inner 353.12] cost=701.00 no_imp=11/20 (còn 330s)
2026-04-04 11:33:19,117 -   [Inner 353.13] cost=701.00 no_imp=12/20 (còn 330s)
2026-04-04 11:33:19,238 -   [Inner 353.14] cost=701.00 no_imp=13/20 (còn 329s)
2026-04-04 11:33:19,362 -   [Inner 353.15] cost=701.00 no_imp=14/20 (còn 329s)
2026-04-04 11:33:19,487 -   [Inner 353.16] cost=701.00 no_imp=15/20 (còn 329s)
2026-04-04 11:33:19,610 -   [Inner 353.17] cost=701.00 no_imp=16/20 (còn 329s)
2026-04-04 11:33:19,738 -   [Inner 353.18] cost=701.00 no_imp=17/20 (còn 329s)
2026-04-04 11:33:19,860 -   [Inner 353.19] cost=701.00 no_imp=18/20 (còn 329s)
2026-04-04 11:33:19,983 -   [Inner 353.20] cost=701.00 no_imp=19/20 (còn 329s)
2026-04-04 11:33:20,109 -   [Outer 353] Chạy Pairwise MaxSAT...
2026-04-04 11:33:20,109 -   [Outer] Pairwise không cải thiện cặp nào, quay lại inner.
2026-04-04 11:33:20,109 - === OUTER 354 | cost=701.00 (còn 329s) ===
2026-04-04 11:33:20,109 -   [Inner 354.1] cost=701.00 no_imp=0/20 (còn 329s)
2026-04-04 11:33:20,232 -   [Inner 354.2] cost=701.00 no_imp=1/20 (còn 328s)
2026-04-04 11:33:20,354 -   [Inner 354.3] cost=701.00 no_imp=2/20 (còn 328s)
2026-04-04 11:33:20,476 -   [Inner 354.4] cost=701.00 no_imp=3/20 (còn 328s)
2026-04-04 11:33:20,598 -   [Inner 354.5] cost=701.00 no_imp=4/20 (còn 328s)
2026-04-04 11:33:20,723 -   [Inner 354.6] cost=701.00 no_imp=5/20 (còn 328s)
2026-04-04 11:33:20,845 -   [Inner 354.7] cost=701.00 no_imp=6/20 (còn 328s)
2026-04-04 11:33:20,968 -   [Inner 354.8] cost=701.00 no_imp=7/20 (còn 328s)
2026-04-04 11:33:21,090 -   [Inner 354.9] cost=701.00 no_imp=8/20 (còn 328s)
2026-04-04 11:33:21,214 -   [Inner 354.10] cost=701.00 no_imp=9/20 (còn 327s)
2026-04-04 11:33:21,338 -   [Inner 354.11] cost=701.00 no_imp=10/20 (còn 327s)
2026-04-04 11:33:21,459 -   [Inner 354.12] cost=701.00 no_imp=11/20 (còn 327s)
2026-04-04 11:33:21,582 -   [Inner 354.13] cost=701.00 no_imp=12/20 (còn 327s)
2026-04-04 11:33:21,706 -   [Inner 354.14] cost=701.00 no_imp=13/20 (còn 327s)
2026-04-04 11:33:21,832 -   [Inner 354.15] cost=701.00 no_imp=14/20 (còn 327s)
2026-04-04 11:33:21,954 -   [Inner 354.16] cost=701.00 no_imp=15/20 (còn 327s)
2026-04-04 11:33:22,076 -   [Inner 354.17] cost=701.00 no_imp=16/20 (còn 327s)
2026-04-04 11:33:22,200 -   [Inner 354.18] cost=701.00 no_imp=17/20 (còn 326s)
2026-04-04 11:33:22,323 -   [Inner 354.19] cost=701.00 no_imp=18/20 (còn 326s)
2026-04-04 11:33:22,445 -   [Inner 354.20] cost=701.00 no_imp=19/20 (còn 326s)
2026-04-04 11:33:22,567 -   [Outer 354] Chạy Pairwise MaxSAT...
2026-04-04 11:33:22,568 -   [Outer] Pairwise không cải thiện cặp nào, quay lại inner.
2026-04-04 11:33:22,568 - === OUTER 355 | cost=701.00 (còn 326s) ===
2026-04-04 11:33:22,568 -   [Inner 355.1] cost=701.00 no_imp=0/20 (còn 326s)
2026-04-04 11:33:22,690 -   [Inner 355.2] cost=701.00 no_imp=1/20 (còn 326s)
2026-04-04 11:33:22,812 -   [Inner 355.3] cost=701.00 no_imp=2/20 (còn 326s)
2026-04-04 11:33:22,933 -   [Inner 355.4] cost=701.00 no_imp=3/20 (còn 326s)
2026-04-04 11:33:23,055 -   [Inner 355.5] cost=701.00 no_imp=4/20 (còn 326s)
2026-04-04 11:33:23,177 -   [Inner 355.6] cost=701.00 no_imp=5/20 (còn 326s)
2026-04-04 11:33:23,301 -   [Inner 355.7] cost=701.00 no_imp=6/20 (còn 325s)
2026-04-04 11:33:23,422 -   [Inner 355.8] cost=701.00 no_imp=7/20 (còn 325s)
2026-04-04 11:33:23,546 -   [Inner 355.9] cost=701.00 no_imp=8/20 (còn 325s)
2026-04-04 11:33:23,669 -   [Inner 355.10] cost=701.00 no_imp=9/20 (còn 325s)
2026-04-04 11:33:23,794 -   [Inner 355.11] cost=701.00 no_imp=10/20 (còn 325s)
2026-04-04 11:33:23,918 -   [Inner 355.12] cost=701.00 no_imp=11/20 (còn 325s)
2026-04-04 11:33:24,041 -   [Inner 355.13] cost=701.00 no_imp=12/20 (còn 325s)
2026-04-04 11:33:24,162 -   [Inner 355.14] cost=701.00 no_imp=13/20 (còn 325s)
2026-04-04 11:33:24,286 -   [Inner 355.15] cost=701.00 no_imp=14/20 (còn 324s)
2026-04-04 11:33:24,410 -   [Inner 355.16] cost=701.00 no_imp=15/20 (còn 324s)
2026-04-04 11:33:24,532 -   [Inner 355.17] cost=701.00 no_imp=16/20 (còn 324s)
2026-04-04 11:33:24,654 -   [Inner 355.18] cost=701.00 no_imp=17/20 (còn 324s)
2026-04-04 11:33:24,777 -   [Inner 355.19] cost=701.00 no_imp=18/20 (còn 324s)
2026-04-04 11:33:24,901 -   [Inner 355.20] cost=701.00 no_imp=19/20 (còn 324s)
2026-04-04 11:33:25,023 -   [Outer 355] Chạy Pairwise MaxSAT...
2026-04-04 11:33:25,023 -   [Outer] Pairwise không cải thiện cặp nào, quay lại inner.
2026-04-04 11:33:25,023 - === OUTER 356 | cost=701.00 (còn 324s) ===
2026-04-04 11:33:25,023 -   [Inner 356.1] cost=701.00 no_imp=0/20 (còn 324s)
2026-04-04 11:33:25,146 -   [Inner 356.2] cost=701.00 no_imp=1/20 (còn 324s)
2026-04-04 11:33:25,269 -   [Inner 356.3] cost=701.00 no_imp=2/20 (còn 323s)
2026-04-04 11:33:25,392 -   [Inner 356.4] cost=701.00 no_imp=3/20 (còn 323s)
2026-04-04 11:33:25,515 -   [Inner 356.5] cost=701.00 no_imp=4/20 (còn 323s)
2026-04-04 11:33:25,638 -   [Inner 356.6] cost=701.00 no_imp=5/20 (còn 323s)
2026-04-04 11:33:25,762 -   [Inner 356.7] cost=701.00 no_imp=6/20 (còn 323s)
2026-04-04 11:33:25,886 -   [Inner 356.8] cost=701.00 no_imp=7/20 (còn 323s)
2026-04-04 11:33:26,009 -   [Inner 356.9] cost=701.00 no_imp=8/20 (còn 323s)
2026-04-04 11:33:26,132 -   [Inner 356.10] cost=701.00 no_imp=9/20 (còn 323s)
2026-04-04 11:33:26,254 -   [Inner 356.11] cost=701.00 no_imp=10/20 (còn 322s)
2026-04-04 11:33:26,378 -   [Inner 356.12] cost=701.00 no_imp=11/20 (còn 322s)
2026-04-04 11:33:26,501 -   [Inner 356.13] cost=701.00 no_imp=12/20 (còn 322s)
2026-04-04 11:33:26,624 -   [Inner 356.14] cost=701.00 no_imp=13/20 (còn 322s)
2026-04-04 11:33:26,747 -   [Inner 356.15] cost=701.00 no_imp=14/20 (còn 322s)
2026-04-04 11:33:26,870 -   [Inner 356.16] cost=701.00 no_imp=15/20 (còn 322s)
2026-04-04 11:33:26,992 -   [Inner 356.17] cost=701.00 no_imp=16/20 (còn 322s)
2026-04-04 11:33:27,117 -   [Inner 356.18] cost=701.00 no_imp=17/20 (còn 322s)
2026-04-04 11:33:27,240 -   [Inner 356.19] cost=701.00 no_imp=18/20 (còn 321s)
2026-04-04 11:33:27,365 -   [Inner 356.20] cost=701.00 no_imp=19/20 (còn 321s)
2026-04-04 11:33:27,487 -   [Outer 356] Chạy Pairwise MaxSAT...
2026-04-04 11:33:27,487 -   [Outer] Pairwise không cải thiện cặp nào, quay lại inner.
2026-04-04 11:33:27,487 - === OUTER 357 | cost=701.00 (còn 321s) ===
2026-04-04 11:33:27,487 -   [Inner 357.1] cost=701.00 no_imp=0/20 (còn 321s)
2026-04-04 11:33:27,609 -   [Inner 357.2] cost=701.00 no_imp=1/20 (còn 321s)
2026-04-04 11:33:27,732 -   [Inner 357.3] cost=701.00 no_imp=2/20 (còn 321s)
2026-04-04 11:33:27,856 -   [Inner 357.4] cost=701.00 no_imp=3/20 (còn 321s)
2026-04-04 11:33:27,979 -   [Inner 357.5] cost=701.00 no_imp=4/20 (còn 321s)
2026-04-04 11:33:28,102 -   [Inner 357.6] cost=701.00 no_imp=5/20 (còn 321s)
2026-04-04 11:33:28,224 -   [Inner 357.7] cost=701.00 no_imp=6/20 (còn 320s)
2026-04-04 11:33:28,347 -   [Inner 357.8] cost=701.00 no_imp=7/20 (còn 320s)
2026-04-04 11:33:28,469 -   [Inner 357.9] cost=701.00 no_imp=8/20 (còn 320s)
2026-04-04 11:33:28,592 -   [Inner 357.10] cost=701.00 no_imp=9/20 (còn 320s)
2026-04-04 11:33:28,715 -   [Inner 357.11] cost=701.00 no_imp=10/20 (còn 320s)
2026-04-04 11:33:28,837 -   [Inner 357.12] cost=701.00 no_imp=11/20 (còn 320s)
2026-04-04 11:33:28,963 -   [Inner 357.13] cost=701.00 no_imp=12/20 (còn 320s)
2026-04-04 11:33:29,086 -   [Inner 357.14] cost=701.00 no_imp=13/20 (còn 320s)
2026-04-04 11:33:29,208 -   [Inner 357.15] cost=701.00 no_imp=14/20 (còn 319s)
2026-04-04 11:33:29,330 -   [Inner 357.16] cost=701.00 no_imp=15/20 (còn 319s)
2026-04-04 11:33:29,453 -   [Inner 357.17] cost=701.00 no_imp=16/20 (còn 319s)
2026-04-04 11:33:29,575 -   [Inner 357.18] cost=701.00 no_imp=17/20 (còn 319s)
2026-04-04 11:33:29,699 -   [Inner 357.19] cost=701.00 no_imp=18/20 (còn 319s)
2026-04-04 11:33:29,825 -   [Inner 357.20] cost=701.00 no_imp=19/20 (còn 319s)
2026-04-04 11:33:29,949 -   [Outer 357] Chạy Pairwise MaxSAT...
2026-04-04 11:33:29,949 -   [Outer] Pairwise không cải thiện cặp nào, quay lại inner.
2026-04-04 11:33:29,949 - === OUTER 358 | cost=701.00 (còn 319s) ===
2026-04-04 11:33:29,949 -   [Inner 358.1] cost=701.00 no_imp=0/20 (còn 319s)
2026-04-04 11:33:30,070 -   [Inner 358.2] cost=701.00 no_imp=1/20 (còn 319s)
2026-04-04 11:33:30,193 -   [Inner 358.3] cost=701.00 no_imp=2/20 (còn 318s)
2026-04-04 11:33:30,317 -   [Inner 358.4] cost=701.00 no_imp=3/20 (còn 318s)
2026-04-04 11:33:30,439 -   [Inner 358.5] cost=701.00 no_imp=4/20 (còn 318s)
2026-04-04 11:33:30,561 -   [Inner 358.6] cost=701.00 no_imp=5/20 (còn 318s)
2026-04-04 11:33:30,683 -   [Inner 358.7] cost=701.00 no_imp=6/20 (còn 318s)
2026-04-04 11:33:30,806 -   [Inner 358.8] cost=701.00 no_imp=7/20 (còn 318s)
2026-04-04 11:33:30,929 -   [Inner 358.9] cost=701.00 no_imp=8/20 (còn 318s)
2026-04-04 11:33:31,052 -   [Inner 358.10] cost=701.00 no_imp=9/20 (còn 318s)
2026-04-04 11:33:31,176 -   [Inner 358.11] cost=701.00 no_imp=10/20 (còn 318s)
2026-04-04 11:33:31,298 -   [Inner 358.12] cost=701.00 no_imp=11/20 (còn 317s)
2026-04-04 11:33:31,421 -   [Inner 358.13] cost=701.00 no_imp=12/20 (còn 317s)
2026-04-04 11:33:31,543 -   [Inner 358.14] cost=701.00 no_imp=13/20 (còn 317s)
2026-04-04 11:33:31,665 -   [Inner 358.15] cost=701.00 no_imp=14/20 (còn 317s)
2026-04-04 11:33:31,787 -   [Inner 358.16] cost=701.00 no_imp=15/20 (còn 317s)
2026-04-04 11:33:31,912 -   [Inner 358.17] cost=701.00 no_imp=16/20 (còn 317s)
2026-04-04 11:33:32,035 -   [Inner 358.18] cost=701.00 no_imp=17/20 (còn 317s)
2026-04-04 11:33:32,159 -   [Inner 358.19] cost=701.00 no_imp=18/20 (còn 317s)
2026-04-04 11:33:32,282 -   [Inner 358.20] cost=701.00 no_imp=19/20 (còn 316s)
2026-04-04 11:33:32,406 -   [Outer 358] Chạy Pairwise MaxSAT...
2026-04-04 11:33:32,406 -   [Outer] Pairwise không cải thiện cặp nào, quay lại inner.
2026-04-04 11:33:32,406 - === OUTER 359 | cost=701.00 (còn 316s) ===
2026-04-04 11:33:32,406 -   [Inner 359.1] cost=701.00 no_imp=0/20 (còn 316s)
2026-04-04 11:33:32,529 -   [Inner 359.2] cost=701.00 no_imp=1/20 (còn 316s)
2026-04-04 11:33:32,650 -   [Inner 359.3] cost=701.00 no_imp=2/20 (còn 316s)
2026-04-04 11:33:32,772 -   [Inner 359.4] cost=701.00 no_imp=3/20 (còn 316s)
2026-04-04 11:33:32,894 -   [Inner 359.5] cost=701.00 no_imp=4/20 (còn 316s)
2026-04-04 11:33:33,016 -   [Inner 359.6] cost=701.00 no_imp=5/20 (còn 316s)
2026-04-04 11:33:33,139 -   [Inner 359.7] cost=701.00 no_imp=6/20 (còn 316s)
2026-04-04 11:33:33,291 -   [Inner 359.8] cost=701.00 no_imp=7/20 (còn 315s)
2026-04-04 11:33:33,413 -   [Inner 359.9] cost=701.00 no_imp=8/20 (còn 315s)
2026-04-04 11:33:33,535 -   [Inner 359.10] cost=701.00 no_imp=9/20 (còn 315s)
2026-04-04 11:33:33,656 -   [Inner 359.11] cost=701.00 no_imp=10/20 (còn 315s)
2026-04-04 11:33:33,779 -   [Inner 359.12] cost=701.00 no_imp=11/20 (còn 315s)
2026-04-04 11:33:33,905 -   [Inner 359.13] cost=701.00 no_imp=12/20 (còn 315s)
2026-04-04 11:33:34,027 -   [Inner 359.14] cost=701.00 no_imp=13/20 (còn 315s)
2026-04-04 11:33:34,149 -   [Inner 359.15] cost=701.00 no_imp=14/20 (còn 315s)
2026-04-04 11:33:34,274 -   [Inner 359.16] cost=701.00 no_imp=15/20 (còn 314s)
2026-04-04 11:33:34,399 -   [Inner 359.17] cost=701.00 no_imp=16/20 (còn 314s)
2026-04-04 11:33:34,529 -   [Inner 359.18] cost=701.00 no_imp=17/20 (còn 314s)
2026-04-04 11:33:34,649 -   [Inner 359.19] cost=701.00 no_imp=18/20 (còn 314s)
2026-04-04 11:33:34,773 -   [Inner 359.20] cost=701.00 no_imp=19/20 (còn 314s)
2026-04-04 11:33:34,895 -   [Outer 359] Chạy Pairwise MaxSAT...
2026-04-04 11:33:34,896 -   [Outer] Pairwise không cải thiện cặp nào, quay lại inner.
2026-04-04 11:33:34,896 - === OUTER 360 | cost=701.00 (còn 314s) ===
2026-04-04 11:33:34,896 -   [Inner 360.1] cost=701.00 no_imp=0/20 (còn 314s)
2026-04-04 11:33:35,019 -   [Inner 360.2] cost=701.00 no_imp=1/20 (còn 314s)
2026-04-04 11:33:35,141 -   [Inner 360.3] cost=701.00 no_imp=2/20 (còn 314s)
2026-04-04 11:33:35,266 -   [Inner 360.4] cost=701.00 no_imp=3/20 (còn 313s)
2026-04-04 11:33:35,388 -   [Inner 360.5] cost=701.00 no_imp=4/20 (còn 313s)
2026-04-04 11:33:35,509 -   [Inner 360.6] cost=701.00 no_imp=5/20 (còn 313s)
2026-04-04 11:33:35,631 -   [Inner 360.7] cost=701.00 no_imp=6/20 (còn 313s)
2026-04-04 11:33:35,755 -   [Inner 360.8] cost=701.00 no_imp=7/20 (còn 313s)
2026-04-04 11:33:35,877 -   [Inner 360.9] cost=701.00 no_imp=8/20 (còn 313s)
2026-04-04 11:33:36,003 -   [Inner 360.10] cost=701.00 no_imp=9/20 (còn 313s)
2026-04-04 11:33:36,125 -   [Inner 360.11] cost=701.00 no_imp=10/20 (còn 313s)
2026-04-04 11:33:36,248 -   [Inner 360.12] cost=701.00 no_imp=11/20 (còn 312s)
2026-04-04 11:33:36,371 -   [Inner 360.13] cost=701.00 no_imp=12/20 (còn 312s)
2026-04-04 11:33:36,494 -   [Inner 360.14] cost=701.00 no_imp=13/20 (còn 312s)
2026-04-04 11:33:36,618 -   [Inner 360.15] cost=701.00 no_imp=14/20 (còn 312s)
2026-04-04 11:33:36,742 -   [Inner 360.16] cost=701.00 no_imp=15/20 (còn 312s)
2026-04-04 11:33:36,864 -   [Inner 360.17] cost=701.00 no_imp=16/20 (còn 312s)
2026-04-04 11:33:36,987 -   [Inner 360.18] cost=701.00 no_imp=17/20 (còn 312s)
2026-04-04 11:33:37,110 -   [Inner 360.19] cost=701.00 no_imp=18/20 (còn 312s)
2026-04-04 11:33:37,233 -   [Inner 360.20] cost=701.00 no_imp=19/20 (còn 311s)
2026-04-04 11:33:37,355 -   [Outer 360] Chạy Pairwise MaxSAT...
2026-04-04 11:33:37,355 -   [Outer] Pairwise không cải thiện cặp nào, quay lại inner.
2026-04-04 11:33:37,355 - === OUTER 361 | cost=701.00 (còn 311s) ===
2026-04-04 11:33:37,355 -   [Inner 361.1] cost=701.00 no_imp=0/20 (còn 311s)
2026-04-04 11:33:37,479 -   [Inner 361.2] cost=701.00 no_imp=1/20 (còn 311s)
2026-04-04 11:33:37,602 -   [Inner 361.3] cost=701.00 no_imp=2/20 (còn 311s)
2026-04-04 11:33:37,725 -   [Inner 361.4] cost=701.00 no_imp=3/20 (còn 311s)
2026-04-04 11:33:37,848 -   [Inner 361.5] cost=701.00 no_imp=4/20 (còn 311s)
2026-04-04 11:33:37,973 -   [Inner 361.6] cost=701.00 no_imp=5/20 (còn 311s)
2026-04-04 11:33:38,097 -   [Inner 361.7] cost=701.00 no_imp=6/20 (còn 311s)
2026-04-04 11:33:38,220 -   [Inner 361.8] cost=701.00 no_imp=7/20 (còn 310s)
2026-04-04 11:33:38,343 -   [Inner 361.9] cost=701.00 no_imp=8/20 (còn 310s)
2026-04-04 11:33:38,474 -   [Inner 361.10] cost=701.00 no_imp=9/20 (còn 310s)
2026-04-04 11:33:38,611 -   [Inner 361.11] cost=701.00 no_imp=10/20 (còn 310s)
2026-04-04 11:33:38,734 -   [Inner 361.12] cost=701.00 no_imp=11/20 (còn 310s)
2026-04-04 11:33:38,857 -   [Inner 361.13] cost=701.00 no_imp=12/20 (còn 310s)
2026-04-04 11:33:38,980 -   [Inner 361.14] cost=701.00 no_imp=13/20 (còn 310s)
2026-04-04 11:33:39,102 -   [Inner 361.15] cost=701.00 no_imp=14/20 (còn 310s)
2026-04-04 11:33:39,224 -   [Inner 361.16] cost=701.00 no_imp=15/20 (còn 309s)
2026-04-04 11:33:39,349 -   [Inner 361.17] cost=701.00 no_imp=16/20 (còn 309s)
2026-04-04 11:33:39,479 -   [Inner 361.18] cost=701.00 no_imp=17/20 (còn 309s)
2026-04-04 11:33:39,603 -   [Inner 361.19] cost=701.00 no_imp=18/20 (còn 309s)
2026-04-04 11:33:39,726 -   [Inner 361.20] cost=701.00 no_imp=19/20 (còn 309s)
2026-04-04 11:33:39,850 -   [Outer 361] Chạy Pairwise MaxSAT...
2026-04-04 11:33:39,850 -   [Outer] Pairwise không cải thiện cặp nào, quay lại inner.
2026-04-04 11:33:39,851 - === OUTER 362 | cost=701.00 (còn 309s) ===
2026-04-04 11:33:39,851 -   [Inner 362.1] cost=701.00 no_imp=0/20 (còn 309s)
2026-04-04 11:33:39,974 -   [Inner 362.2] cost=701.00 no_imp=1/20 (còn 309s)
2026-04-04 11:33:40,097 -   [Inner 362.3] cost=701.00 no_imp=2/20 (còn 309s)
2026-04-04 11:33:40,220 -   [Inner 362.4] cost=701.00 no_imp=3/20 (còn 308s)
2026-04-04 11:33:40,342 -   [Inner 362.5] cost=701.00 no_imp=4/20 (còn 308s)
2026-04-04 11:33:40,464 -   [Inner 362.6] cost=701.00 no_imp=5/20 (còn 308s)
2026-04-04 11:33:40,589 -   [Inner 362.7] cost=701.00 no_imp=6/20 (còn 308s)
2026-04-04 11:33:40,712 -   [Inner 362.8] cost=701.00 no_imp=7/20 (còn 308s)
2026-04-04 11:33:40,836 -   [Inner 362.9] cost=701.00 no_imp=8/20 (còn 308s)
2026-04-04 11:33:40,959 -   [Inner 362.10] cost=701.00 no_imp=9/20 (còn 308s)
2026-04-04 11:33:41,082 -   [Inner 362.11] cost=701.00 no_imp=10/20 (còn 308s)
2026-04-04 11:33:41,204 -   [Inner 362.12] cost=701.00 no_imp=11/20 (còn 307s)
2026-04-04 11:33:41,327 -   [Inner 362.13] cost=701.00 no_imp=12/20 (còn 307s)
2026-04-04 11:33:41,450 -   [Inner 362.14] cost=701.00 no_imp=13/20 (còn 307s)
2026-04-04 11:33:41,581 -   [Inner 362.15] cost=701.00 no_imp=14/20 (còn 307s)
2026-04-04 11:33:41,706 -   [Inner 362.16] cost=701.00 no_imp=15/20 (còn 307s)
2026-04-04 11:33:41,828 -   [Inner 362.17] cost=701.00 no_imp=16/20 (còn 307s)
2026-04-04 11:33:41,952 -   [Inner 362.18] cost=701.00 no_imp=17/20 (còn 307s)
2026-04-04 11:33:42,078 -   [Inner 362.19] cost=701.00 no_imp=18/20 (còn 307s)
2026-04-04 11:33:42,201 -   [Inner 362.20] cost=701.00 no_imp=19/20 (còn 306s)
2026-04-04 11:33:42,324 -   [Outer 362] Chạy Pairwise MaxSAT...
2026-04-04 11:33:42,325 -   [Outer] Pairwise không cải thiện cặp nào, quay lại inner.
2026-04-04 11:33:42,325 - === OUTER 363 | cost=701.00 (còn 306s) ===
2026-04-04 11:33:42,325 -   [Inner 363.1] cost=701.00 no_imp=0/20 (còn 306s)
2026-04-04 11:33:42,448 -   [Inner 363.2] cost=701.00 no_imp=1/20 (còn 306s)
2026-04-04 11:33:42,570 -   [Inner 363.3] cost=701.00 no_imp=2/20 (còn 306s)
2026-04-04 11:33:42,692 -   [Inner 363.4] cost=701.00 no_imp=3/20 (còn 306s)
2026-04-04 11:33:42,815 -   [Inner 363.5] cost=701.00 no_imp=4/20 (còn 306s)
2026-04-04 11:33:42,938 -   [Inner 363.6] cost=701.00 no_imp=5/20 (còn 306s)
2026-04-04 11:33:43,061 -   [Inner 363.7] cost=701.00 no_imp=6/20 (còn 306s)
2026-04-04 11:33:43,184 -   [Inner 363.8] cost=701.00 no_imp=7/20 (còn 306s)
2026-04-04 11:33:43,308 -   [Inner 363.9] cost=701.00 no_imp=8/20 (còn 305s)
2026-04-04 11:33:43,429 -   [Inner 363.10] cost=701.00 no_imp=9/20 (còn 305s)
2026-04-04 11:33:43,554 -   [Inner 363.11] cost=701.00 no_imp=10/20 (còn 305s)
2026-04-04 11:33:43,678 -   [Inner 363.12] cost=701.00 no_imp=11/20 (còn 305s)
2026-04-04 11:33:43,801 -   [Inner 363.13] cost=701.00 no_imp=12/20 (còn 305s)
2026-04-04 11:33:43,923 -   [Inner 363.14] cost=701.00 no_imp=13/20 (còn 305s)
2026-04-04 11:33:44,048 -   [Inner 363.15] cost=701.00 no_imp=14/20 (còn 305s)
2026-04-04 11:33:44,170 -   [Inner 363.16] cost=701.00 no_imp=15/20 (còn 305s)
2026-04-04 11:33:44,292 -   [Inner 363.17] cost=701.00 no_imp=16/20 (còn 304s)
2026-04-04 11:33:44,416 -   [Inner 363.18] cost=701.00 no_imp=17/20 (còn 304s)
2026-04-04 11:33:44,540 -   [Inner 363.19] cost=701.00 no_imp=18/20 (còn 304s)
2026-04-04 11:33:44,662 -   [Inner 363.20] cost=701.00 no_imp=19/20 (còn 304s)
2026-04-04 11:33:44,784 -   [Outer 363] Chạy Pairwise MaxSAT...
2026-04-04 11:33:44,785 -   [Outer] Pairwise không cải thiện cặp nào, quay lại inner.
2026-04-04 11:33:44,785 - === OUTER 364 | cost=701.00 (còn 304s) ===
2026-04-04 11:33:44,785 -   [Inner 364.1] cost=701.00 no_imp=0/20 (còn 304s)
2026-04-04 11:33:44,907 -   [Inner 364.2] cost=701.00 no_imp=1/20 (còn 304s)
2026-04-04 11:33:45,029 -   [Inner 364.3] cost=701.00 no_imp=2/20 (còn 304s)
2026-04-04 11:33:45,151 -   [Inner 364.4] cost=701.00 no_imp=3/20 (còn 304s)
2026-04-04 11:33:45,273 -   [Inner 364.5] cost=701.00 no_imp=4/20 (còn 303s)
2026-04-04 11:33:45,397 -   [Inner 364.6] cost=701.00 no_imp=5/20 (còn 303s)
2026-04-04 11:33:45,520 -   [Inner 364.7] cost=701.00 no_imp=6/20 (còn 303s)
2026-04-04 11:33:45,644 -   [Inner 364.8] cost=701.00 no_imp=7/20 (còn 303s)
2026-04-04 11:33:45,766 -   [Inner 364.9] cost=701.00 no_imp=8/20 (còn 303s)
2026-04-04 11:33:45,888 -   [Inner 364.10] cost=701.00 no_imp=9/20 (còn 303s)
2026-04-04 11:33:46,011 -   [Inner 364.11] cost=701.00 no_imp=10/20 (còn 303s)
2026-04-04 11:33:46,136 -   [Inner 364.12] cost=701.00 no_imp=11/20 (còn 303s)
2026-04-04 11:33:46,259 -   [Inner 364.13] cost=701.00 no_imp=12/20 (còn 302s)
2026-04-04 11:33:46,381 -   [Inner 364.14] cost=701.00 no_imp=13/20 (còn 302s)
2026-04-04 11:33:46,505 -   [Inner 364.15] cost=701.00 no_imp=14/20 (còn 302s)
2026-04-04 11:33:46,628 -   [Inner 364.16] cost=701.00 no_imp=15/20 (còn 302s)
2026-04-04 11:33:46,751 -   [Inner 364.17] cost=701.00 no_imp=16/20 (còn 302s)
2026-04-04 11:33:46,873 -   [Inner 364.18] cost=701.00 no_imp=17/20 (còn 302s)
2026-04-04 11:33:46,996 -   [Inner 364.19] cost=701.00 no_imp=18/20 (còn 302s)
2026-04-04 11:33:47,119 -   [Inner 364.20] cost=701.00 no_imp=19/20 (còn 302s)
2026-04-04 11:33:47,243 -   [Outer 364] Chạy Pairwise MaxSAT...
2026-04-04 11:33:47,243 -   [Outer] Pairwise không cải thiện cặp nào, quay lại inner.
2026-04-04 11:33:47,243 - === OUTER 365 | cost=701.00 (còn 301s) ===
2026-04-04 11:33:47,243 -   [Inner 365.1] cost=701.00 no_imp=0/20 (còn 301s)
2026-04-04 11:33:47,366 -   [Inner 365.2] cost=701.00 no_imp=1/20 (còn 301s)
2026-04-04 11:33:47,488 -   [Inner 365.3] cost=701.00 no_imp=2/20 (còn 301s)
2026-04-04 11:33:47,612 -   [Inner 365.4] cost=701.00 no_imp=3/20 (còn 301s)
2026-04-04 11:33:47,737 -   [Inner 365.5] cost=701.00 no_imp=4/20 (còn 301s)
2026-04-04 11:33:47,858 -   [Inner 365.6] cost=701.00 no_imp=5/20 (còn 301s)
2026-04-04 11:33:47,980 -   [Inner 365.7] cost=701.00 no_imp=6/20 (còn 301s)
2026-04-04 11:33:48,105 -   [Inner 365.8] cost=701.00 no_imp=7/20 (còn 301s)
2026-04-04 11:33:48,228 -   [Inner 365.9] cost=701.00 no_imp=8/20 (còn 300s)
2026-04-04 11:33:48,351 -   [Inner 365.10] cost=701.00 no_imp=9/20 (còn 300s)
2026-04-04 11:33:48,473 -   [Inner 365.11] cost=701.00 no_imp=10/20 (còn 300s)
2026-04-04 11:33:48,595 -   [Inner 365.12] cost=701.00 no_imp=11/20 (còn 300s)
2026-04-04 11:33:48,719 -   [Inner 365.13] cost=701.00 no_imp=12/20 (còn 300s)
2026-04-04 11:33:48,842 -   [Inner 365.14] cost=701.00 no_imp=13/20 (còn 300s)
2026-04-04 11:33:48,966 -   [Inner 365.15] cost=701.00 no_imp=14/20 (còn 300s)
2026-04-04 11:33:49,089 -   [Inner 365.16] cost=701.00 no_imp=15/20 (còn 300s)
2026-04-04 11:33:49,212 -   [Inner 365.17] cost=701.00 no_imp=16/20 (còn 299s)
2026-04-04 11:33:49,334 -   [Inner 365.18] cost=701.00 no_imp=17/20 (còn 299s)
2026-04-04 11:33:49,458 -   [Inner 365.19] cost=701.00 no_imp=18/20 (còn 299s)
2026-04-04 11:33:49,582 -   [Inner 365.20] cost=701.00 no_imp=19/20 (còn 299s)
2026-04-04 11:33:49,703 -   [Outer 365] Chạy Pairwise MaxSAT...
2026-04-04 11:33:49,703 -   [Outer] Pairwise không cải thiện cặp nào, quay lại inner.
2026-04-04 11:33:49,704 - === OUTER 366 | cost=701.00 (còn 299s) ===
2026-04-04 11:33:49,704 -   [Inner 366.1] cost=701.00 no_imp=0/20 (còn 299s)
2026-04-04 11:33:49,828 -   [Inner 366.2] cost=701.00 no_imp=1/20 (còn 299s)
2026-04-04 11:33:49,950 -   [Inner 366.3] cost=701.00 no_imp=2/20 (còn 299s)
2026-04-04 11:33:50,079 -   [Inner 366.4] cost=701.00 no_imp=3/20 (còn 299s)
2026-04-04 11:33:50,203 -   [Inner 366.5] cost=701.00 no_imp=4/20 (còn 298s)
2026-04-04 11:33:50,328 -   [Inner 366.6] cost=701.00 no_imp=5/20 (còn 298s)
2026-04-04 11:33:50,450 -   [Inner 366.7] cost=701.00 no_imp=6/20 (còn 298s)
2026-04-04 11:33:50,574 -   [Inner 366.8] cost=701.00 no_imp=7/20 (còn 298s)
2026-04-04 11:33:50,697 -   [Inner 366.9] cost=701.00 no_imp=8/20 (còn 298s)
2026-04-04 11:33:50,820 -   [Inner 366.10] cost=701.00 no_imp=9/20 (còn 298s)
2026-04-04 11:33:50,943 -   [Inner 366.11] cost=701.00 no_imp=10/20 (còn 298s)
2026-04-04 11:33:51,064 -   [Inner 366.12] cost=701.00 no_imp=11/20 (còn 298s)
2026-04-04 11:33:51,185 -   [Inner 366.13] cost=701.00 no_imp=12/20 (còn 298s)
2026-04-04 11:33:51,309 -   [Inner 366.14] cost=701.00 no_imp=13/20 (còn 297s)
2026-04-04 11:33:51,430 -   [Inner 366.15] cost=701.00 no_imp=14/20 (còn 297s)
2026-04-04 11:33:51,553 -   [Inner 366.16] cost=701.00 no_imp=15/20 (còn 297s)
2026-04-04 11:33:51,676 -   [Inner 366.17] cost=701.00 no_imp=16/20 (còn 297s)
2026-04-04 11:33:51,799 -   [Inner 366.18] cost=701.00 no_imp=17/20 (còn 297s)
2026-04-04 11:33:51,921 -   [Inner 366.19] cost=701.00 no_imp=18/20 (còn 297s)
2026-04-04 11:33:52,044 -   [Inner 366.20] cost=701.00 no_imp=19/20 (còn 297s)
2026-04-04 11:33:52,171 -   [Outer 366] Chạy Pairwise MaxSAT...
2026-04-04 11:33:52,172 -   [Outer] Pairwise không cải thiện cặp nào, quay lại inner.
2026-04-04 11:33:52,172 - === OUTER 367 | cost=701.00 (còn 297s) ===
2026-04-04 11:33:52,172 -   [Inner 367.1] cost=701.00 no_imp=0/20 (còn 297s)
2026-04-04 11:33:52,294 -   [Inner 367.2] cost=701.00 no_imp=1/20 (còn 296s)
2026-04-04 11:33:52,417 -   [Inner 367.3] cost=701.00 no_imp=2/20 (còn 296s)
2026-04-04 11:33:52,540 -   [Inner 367.4] cost=701.00 no_imp=3/20 (còn 296s)
2026-04-04 11:33:52,663 -   [Inner 367.5] cost=701.00 no_imp=4/20 (còn 296s)
2026-04-04 11:33:52,785 -   [Inner 367.6] cost=701.00 no_imp=5/20 (còn 296s)
2026-04-04 11:33:52,908 -   [Inner 367.7] cost=701.00 no_imp=6/20 (còn 296s)
2026-04-04 11:33:53,030 -   [Inner 367.8] cost=701.00 no_imp=7/20 (còn 296s)
2026-04-04 11:33:53,152 -   [Inner 367.9] cost=701.00 no_imp=8/20 (còn 296s)
2026-04-04 11:33:53,275 -   [Inner 367.10] cost=701.00 no_imp=9/20 (còn 295s)
2026-04-04 11:33:53,397 -   [Inner 367.11] cost=701.00 no_imp=10/20 (còn 295s)
2026-04-04 11:33:53,518 -   [Inner 367.12] cost=701.00 no_imp=11/20 (còn 295s)
2026-04-04 11:33:53,641 -   [Inner 367.13] cost=701.00 no_imp=12/20 (còn 295s)
2026-04-04 11:33:53,766 -   [Inner 367.14] cost=701.00 no_imp=13/20 (còn 295s)
2026-04-04 11:33:53,889 -   [Inner 367.15] cost=701.00 no_imp=14/20 (còn 295s)
2026-04-04 11:33:54,012 -   [Inner 367.16] cost=701.00 no_imp=15/20 (còn 295s)
2026-04-04 11:33:54,136 -   [Inner 367.17] cost=701.00 no_imp=16/20 (còn 295s)
2026-04-04 11:33:54,262 -   [Inner 367.18] cost=701.00 no_imp=17/20 (còn 294s)
2026-04-04 11:33:54,385 -   [Inner 367.19] cost=701.00 no_imp=18/20 (còn 294s)
2026-04-04 11:33:54,508 -   [Inner 367.20] cost=701.00 no_imp=19/20 (còn 294s)
2026-04-04 11:33:54,631 -   [Outer 367] Chạy Pairwise MaxSAT...
2026-04-04 11:33:54,631 -   [Outer] Pairwise không cải thiện cặp nào, quay lại inner.
2026-04-04 11:33:54,631 - === OUTER 368 | cost=701.00 (còn 294s) ===
2026-04-04 11:33:54,631 -   [Inner 368.1] cost=701.00 no_imp=0/20 (còn 294s)
2026-04-04 11:33:54,753 -   [Inner 368.2] cost=701.00 no_imp=1/20 (còn 294s)
2026-04-04 11:33:54,876 -   [Inner 368.3] cost=701.00 no_imp=2/20 (còn 294s)
2026-04-04 11:33:54,999 -   [Inner 368.4] cost=701.00 no_imp=3/20 (còn 294s)
2026-04-04 11:33:55,120 -   [Inner 368.5] cost=701.00 no_imp=4/20 (còn 294s)
2026-04-04 11:33:55,242 -   [Inner 368.6] cost=701.00 no_imp=5/20 (còn 293s)
2026-04-04 11:33:55,364 -   [Inner 368.7] cost=701.00 no_imp=6/20 (còn 293s)
2026-04-04 11:33:55,487 -   [Inner 368.8] cost=701.00 no_imp=7/20 (còn 293s)
2026-04-04 11:33:55,610 -   [Inner 368.9] cost=701.00 no_imp=8/20 (còn 293s)
2026-04-04 11:33:55,734 -   [Inner 368.10] cost=701.00 no_imp=9/20 (còn 293s)
2026-04-04 11:33:55,858 -   [Inner 368.11] cost=701.00 no_imp=10/20 (còn 293s)
2026-04-04 11:33:55,981 -   [Inner 368.12] cost=701.00 no_imp=11/20 (còn 293s)
2026-04-04 11:33:56,104 -   [Inner 368.13] cost=701.00 no_imp=12/20 (còn 293s)
2026-04-04 11:33:56,230 -   [Inner 368.14] cost=701.00 no_imp=13/20 (còn 292s)
2026-04-04 11:33:56,354 -   [Inner 368.15] cost=701.00 no_imp=14/20 (còn 292s)
2026-04-04 11:33:56,478 -   [Inner 368.16] cost=701.00 no_imp=15/20 (còn 292s)
2026-04-04 11:33:56,602 -   [Inner 368.17] cost=701.00 no_imp=16/20 (còn 292s)
2026-04-04 11:33:56,724 -   [Inner 368.18] cost=701.00 no_imp=17/20 (còn 292s)
2026-04-04 11:33:56,846 -   [Inner 368.19] cost=701.00 no_imp=18/20 (còn 292s)
2026-04-04 11:33:56,968 -   [Inner 368.20] cost=701.00 no_imp=19/20 (còn 292s)
2026-04-04 11:33:57,091 -   [Outer 368] Chạy Pairwise MaxSAT...
2026-04-04 11:33:57,091 -   [Outer] Pairwise không cải thiện cặp nào, quay lại inner.
2026-04-04 11:33:57,092 - === OUTER 369 | cost=701.00 (còn 292s) ===
2026-04-04 11:33:57,092 -   [Inner 369.1] cost=701.00 no_imp=0/20 (còn 292s)
2026-04-04 11:33:57,214 -   [Inner 369.2] cost=701.00 no_imp=1/20 (còn 291s)
2026-04-04 11:33:57,338 -   [Inner 369.3] cost=701.00 no_imp=2/20 (còn 291s)
2026-04-04 11:33:57,461 -   [Inner 369.4] cost=701.00 no_imp=3/20 (còn 291s)
2026-04-04 11:33:57,585 -   [Inner 369.5] cost=701.00 no_imp=4/20 (còn 291s)
2026-04-04 11:33:57,708 -   [Inner 369.6] cost=701.00 no_imp=5/20 (còn 291s)
2026-04-04 11:33:57,832 -   [Inner 369.7] cost=701.00 no_imp=6/20 (còn 291s)
2026-04-04 11:33:57,954 -   [Inner 369.8] cost=701.00 no_imp=7/20 (còn 291s)
2026-04-04 11:33:58,077 -   [Inner 369.9] cost=701.00 no_imp=8/20 (còn 291s)
2026-04-04 11:33:58,199 -   [Inner 369.10] cost=701.00 no_imp=9/20 (còn 290s)
2026-04-04 11:33:58,324 -   [Inner 369.11] cost=701.00 no_imp=10/20 (còn 290s)
2026-04-04 11:33:58,492 -   [Inner 369.12] cost=701.00 no_imp=11/20 (còn 290s)
2026-04-04 11:33:58,614 -   [Inner 369.13] cost=701.00 no_imp=12/20 (còn 290s)
2026-04-04 11:33:58,737 -   [Inner 369.14] cost=701.00 no_imp=13/20 (còn 290s)
2026-04-04 11:33:58,860 -   [Inner 369.15] cost=701.00 no_imp=14/20 (còn 290s)
2026-04-04 11:33:58,983 -   [Inner 369.16] cost=701.00 no_imp=15/20 (còn 290s)
2026-04-04 11:33:59,108 -   [Inner 369.17] cost=701.00 no_imp=16/20 (còn 290s)
2026-04-04 11:33:59,228 -   [Inner 369.18] cost=701.00 no_imp=17/20 (còn 289s)
2026-04-04 11:33:59,350 -   [Inner 369.19] cost=701.00 no_imp=18/20 (còn 289s)
2026-04-04 11:33:59,473 -   [Inner 369.20] cost=701.00 no_imp=19/20 (còn 289s)
2026-04-04 11:33:59,596 -   [Outer 369] Chạy Pairwise MaxSAT...
2026-04-04 11:33:59,596 -   [Outer] Pairwise không cải thiện cặp nào, quay lại inner.
2026-04-04 11:33:59,596 - === OUTER 370 | cost=701.00 (còn 289s) ===
2026-04-04 11:33:59,596 -   [Inner 370.1] cost=701.00 no_imp=0/20 (còn 289s)
2026-04-04 11:33:59,719 -   [Inner 370.2] cost=701.00 no_imp=1/20 (còn 289s)
2026-04-04 11:33:59,842 -   [Inner 370.3] cost=701.00 no_imp=2/20 (còn 289s)
2026-04-04 11:33:59,966 -   [Inner 370.4] cost=701.00 no_imp=3/20 (còn 289s)
2026-04-04 11:34:00,090 -   [Inner 370.5] cost=701.00 no_imp=4/20 (còn 289s)
2026-04-04 11:34:00,216 -   [Inner 370.6] cost=701.00 no_imp=5/20 (còn 288s)
2026-04-04 11:34:00,342 -   [Inner 370.7] cost=701.00 no_imp=6/20 (còn 288s)
2026-04-04 11:34:00,463 -   [Inner 370.8] cost=701.00 no_imp=7/20 (còn 288s)
2026-04-04 11:34:00,587 -   [Inner 370.9] cost=701.00 no_imp=8/20 (còn 288s)
2026-04-04 11:34:00,709 -   [Inner 370.10] cost=701.00 no_imp=9/20 (còn 288s)
2026-04-04 11:34:00,831 -   [Inner 370.11] cost=701.00 no_imp=10/20 (còn 288s)
2026-04-04 11:34:00,956 -   [Inner 370.12] cost=701.00 no_imp=11/20 (còn 288s)
2026-04-04 11:34:01,082 -   [Inner 370.13] cost=701.00 no_imp=12/20 (còn 288s)
2026-04-04 11:34:01,205 -   [Inner 370.14] cost=701.00 no_imp=13/20 (còn 287s)
2026-04-04 11:34:01,328 -   [Inner 370.15] cost=701.00 no_imp=14/20 (còn 287s)
2026-04-04 11:34:01,451 -   [Inner 370.16] cost=701.00 no_imp=15/20 (còn 287s)
2026-04-04 11:34:01,575 -   [Inner 370.17] cost=701.00 no_imp=16/20 (còn 287s)
2026-04-04 11:34:01,698 -   [Inner 370.18] cost=701.00 no_imp=17/20 (còn 287s)
2026-04-04 11:34:01,821 -   [Inner 370.19] cost=701.00 no_imp=18/20 (còn 287s)
2026-04-04 11:34:01,944 -   [Inner 370.20] cost=701.00 no_imp=19/20 (còn 287s)
2026-04-04 11:34:02,067 -   [Outer 370] Chạy Pairwise MaxSAT...
2026-04-04 11:34:02,067 -   [Outer] Pairwise không cải thiện cặp nào, quay lại inner.
2026-04-04 11:34:02,067 - === OUTER 371 | cost=701.00 (còn 287s) ===
2026-04-04 11:34:02,067 -   [Inner 371.1] cost=701.00 no_imp=0/20 (còn 287s)
2026-04-04 11:34:02,190 -   [Inner 371.2] cost=701.00 no_imp=1/20 (còn 286s)
2026-04-04 11:34:02,316 -   [Inner 371.3] cost=701.00 no_imp=2/20 (còn 286s)
2026-04-04 11:34:02,437 -   [Inner 371.4] cost=701.00 no_imp=3/20 (còn 286s)
2026-04-04 11:34:02,560 -   [Inner 371.5] cost=701.00 no_imp=4/20 (còn 286s)
2026-04-04 11:34:02,684 -   [Inner 371.6] cost=701.00 no_imp=5/20 (còn 286s)
2026-04-04 11:34:02,807 -   [Inner 371.7] cost=701.00 no_imp=6/20 (còn 286s)
2026-04-04 11:34:02,929 -   [Inner 371.8] cost=701.00 no_imp=7/20 (còn 286s)
2026-04-04 11:34:03,051 -   [Inner 371.9] cost=701.00 no_imp=8/20 (còn 286s)
2026-04-04 11:34:03,173 -   [Inner 371.10] cost=701.00 no_imp=9/20 (còn 286s)
2026-04-04 11:34:03,297 -   [Inner 371.11] cost=701.00 no_imp=10/20 (còn 285s)
2026-04-04 11:34:03,419 -   [Inner 371.12] cost=701.00 no_imp=11/20 (còn 285s)
2026-04-04 11:34:03,541 -   [Inner 371.13] cost=701.00 no_imp=12/20 (còn 285s)
2026-04-04 11:34:03,663 -   [Inner 371.14] cost=701.00 no_imp=13/20 (còn 285s)
2026-04-04 11:34:03,786 -   [Inner 371.15] cost=701.00 no_imp=14/20 (còn 285s)
2026-04-04 11:34:03,910 -   [Inner 371.16] cost=701.00 no_imp=15/20 (còn 285s)
2026-04-04 11:34:04,032 -   [Inner 371.17] cost=701.00 no_imp=16/20 (còn 285s)
2026-04-04 11:34:04,155 -   [Inner 371.18] cost=701.00 no_imp=17/20 (còn 285s)
2026-04-04 11:34:04,278 -   [Inner 371.19] cost=701.00 no_imp=18/20 (còn 284s)
2026-04-04 11:34:04,408 -   [Inner 371.20] cost=701.00 no_imp=19/20 (còn 284s)
2026-04-04 11:34:04,532 -   [Outer 371] Chạy Pairwise MaxSAT...
2026-04-04 11:34:04,532 -   [Outer] Pairwise không cải thiện cặp nào, quay lại inner.
2026-04-04 11:34:04,532 - === OUTER 372 | cost=701.00 (còn 284s) ===
2026-04-04 11:34:04,532 -   [Inner 372.1] cost=701.00 no_imp=0/20 (còn 284s)
2026-04-04 11:34:04,655 -   [Inner 372.2] cost=701.00 no_imp=1/20 (còn 284s)
2026-04-04 11:34:04,777 -   [Inner 372.3] cost=701.00 no_imp=2/20 (còn 284s)
2026-04-04 11:34:04,900 -   [Inner 372.4] cost=701.00 no_imp=3/20 (còn 284s)
2026-04-04 11:34:05,023 -   [Inner 372.5] cost=701.00 no_imp=4/20 (còn 284s)
2026-04-04 11:34:05,148 -   [Inner 372.6] cost=701.00 no_imp=5/20 (còn 284s)
2026-04-04 11:34:05,271 -   [Inner 372.7] cost=701.00 no_imp=6/20 (còn 283s)
2026-04-04 11:34:05,395 -   [Inner 372.8] cost=701.00 no_imp=7/20 (còn 283s)
2026-04-04 11:34:05,517 -   [Inner 372.9] cost=701.00 no_imp=8/20 (còn 283s)
2026-04-04 11:34:05,641 -   [Inner 372.10] cost=701.00 no_imp=9/20 (còn 283s)
2026-04-04 11:34:05,765 -   [Inner 372.11] cost=701.00 no_imp=10/20 (còn 283s)
2026-04-04 11:34:05,887 -   [Inner 372.12] cost=701.00 no_imp=11/20 (còn 283s)
2026-04-04 11:34:06,010 -   [Inner 372.13] cost=701.00 no_imp=12/20 (còn 283s)
2026-04-04 11:34:06,132 -   [Inner 372.14] cost=701.00 no_imp=13/20 (còn 283s)
2026-04-04 11:34:06,255 -   [Inner 372.15] cost=701.00 no_imp=14/20 (còn 282s)
2026-04-04 11:34:06,382 -   [Inner 372.16] cost=701.00 no_imp=15/20 (còn 282s)
2026-04-04 11:34:06,504 -   [Inner 372.17] cost=701.00 no_imp=16/20 (còn 282s)
2026-04-04 11:34:06,628 -   [Inner 372.18] cost=701.00 no_imp=17/20 (còn 282s)
2026-04-04 11:34:06,749 -   [Inner 372.19] cost=701.00 no_imp=18/20 (còn 282s)
2026-04-04 11:34:06,873 -   [Inner 372.20] cost=701.00 no_imp=19/20 (còn 282s)
2026-04-04 11:34:06,996 -   [Outer 372] Chạy Pairwise MaxSAT...
2026-04-04 11:34:06,996 -   [Outer] Pairwise không cải thiện cặp nào, quay lại inner.
2026-04-04 11:34:06,996 - === OUTER 373 | cost=701.00 (còn 282s) ===
2026-04-04 11:34:06,996 -   [Inner 373.1] cost=701.00 no_imp=0/20 (còn 282s)
2026-04-04 11:34:07,120 -   [Inner 373.2] cost=701.00 no_imp=1/20 (còn 282s)
2026-04-04 11:34:07,243 -   [Inner 373.3] cost=701.00 no_imp=2/20 (còn 281s)
2026-04-04 11:34:07,365 -   [Inner 373.4] cost=701.00 no_imp=3/20 (còn 281s)
2026-04-04 11:34:07,489 -   [Inner 373.5] cost=701.00 no_imp=4/20 (còn 281s)
2026-04-04 11:34:07,612 -   [Inner 373.6] cost=701.00 no_imp=5/20 (còn 281s)
2026-04-04 11:34:07,735 -   [Inner 373.7] cost=701.00 no_imp=6/20 (còn 281s)
2026-04-04 11:34:07,856 -   [Inner 373.8] cost=701.00 no_imp=7/20 (còn 281s)
2026-04-04 11:34:07,979 -   [Inner 373.9] cost=701.00 no_imp=8/20 (còn 281s)
2026-04-04 11:34:08,103 -   [Inner 373.10] cost=701.00 no_imp=9/20 (còn 281s)
2026-04-04 11:34:08,226 -   [Inner 373.11] cost=701.00 no_imp=10/20 (còn 280s)
2026-04-04 11:34:08,351 -   [Inner 373.12] cost=701.00 no_imp=11/20 (còn 280s)
2026-04-04 11:34:08,472 -   [Inner 373.13] cost=701.00 no_imp=12/20 (còn 280s)
2026-04-04 11:34:08,595 -   [Inner 373.14] cost=701.00 no_imp=13/20 (còn 280s)
2026-04-04 11:34:08,720 -   [Inner 373.15] cost=701.00 no_imp=14/20 (còn 280s)
2026-04-04 11:34:08,843 -   [Inner 373.16] cost=701.00 no_imp=15/20 (còn 280s)
2026-04-04 11:34:08,966 -   [Inner 373.17] cost=701.00 no_imp=16/20 (còn 280s)
2026-04-04 11:34:09,092 -   [Inner 373.18] cost=701.00 no_imp=17/20 (còn 280s)
2026-04-04 11:34:09,215 -   [Inner 373.19] cost=701.00 no_imp=18/20 (còn 279s)
2026-04-04 11:34:09,337 -   [Inner 373.20] cost=701.00 no_imp=19/20 (còn 279s)
2026-04-04 11:34:09,459 -   [Outer 373] Chạy Pairwise MaxSAT...
2026-04-04 11:34:09,460 -   [Outer] Pairwise không cải thiện cặp nào, quay lại inner.
2026-04-04 11:34:09,460 - === OUTER 374 | cost=701.00 (còn 279s) ===
2026-04-04 11:34:09,460 -   [Inner 374.1] cost=701.00 no_imp=0/20 (còn 279s)
2026-04-04 11:34:09,582 -   [Inner 374.2] cost=701.00 no_imp=1/20 (còn 279s)
2026-04-04 11:34:09,706 -   [Inner 374.3] cost=701.00 no_imp=2/20 (còn 279s)
2026-04-04 11:34:09,828 -   [Inner 374.4] cost=701.00 no_imp=3/20 (còn 279s)
2026-04-04 11:34:09,952 -   [Inner 374.5] cost=701.00 no_imp=4/20 (còn 279s)
2026-04-04 11:34:10,074 -   [Inner 374.6] cost=701.00 no_imp=5/20 (còn 279s)
2026-04-04 11:34:10,196 -   [Inner 374.7] cost=701.00 no_imp=6/20 (còn 278s)
2026-04-04 11:34:10,318 -   [Inner 374.8] cost=701.00 no_imp=7/20 (còn 278s)
2026-04-04 11:34:10,443 -   [Inner 374.9] cost=701.00 no_imp=8/20 (còn 278s)
2026-04-04 11:34:10,567 -   [Inner 374.10] cost=701.00 no_imp=9/20 (còn 278s)
2026-04-04 11:34:10,690 -   [Inner 374.11] cost=701.00 no_imp=10/20 (còn 278s)
2026-04-04 11:34:10,814 -   [Inner 374.12] cost=701.00 no_imp=11/20 (còn 278s)
2026-04-04 11:34:10,935 -   [Inner 374.13] cost=701.00 no_imp=12/20 (còn 278s)
2026-04-04 11:34:11,058 -   [Inner 374.14] cost=701.00 no_imp=13/20 (còn 278s)
2026-04-04 11:34:11,180 -   [Inner 374.15] cost=701.00 no_imp=14/20 (còn 278s)
2026-04-04 11:34:11,302 -   [Inner 374.16] cost=701.00 no_imp=15/20 (còn 277s)
2026-04-04 11:34:11,425 -   [Inner 374.17] cost=701.00 no_imp=16/20 (còn 277s)
2026-04-04 11:34:11,547 -   [Inner 374.18] cost=701.00 no_imp=17/20 (còn 277s)
2026-04-04 11:34:11,671 -   [Inner 374.19] cost=701.00 no_imp=18/20 (còn 277s)
2026-04-04 11:34:11,796 -   [Inner 374.20] cost=701.00 no_imp=19/20 (còn 277s)
2026-04-04 11:34:11,919 -   [Outer 374] Chạy Pairwise MaxSAT...
2026-04-04 11:34:11,919 -   [Outer] Pairwise không cải thiện cặp nào, quay lại inner.
2026-04-04 11:34:11,919 - === OUTER 375 | cost=701.00 (còn 277s) ===
2026-04-04 11:34:11,919 -   [Inner 375.1] cost=701.00 no_imp=0/20 (còn 277s)
2026-04-04 11:34:12,043 -   [Inner 375.2] cost=701.00 no_imp=1/20 (còn 277s)
2026-04-04 11:34:12,166 -   [Inner 375.3] cost=701.00 no_imp=2/20 (còn 277s)
2026-04-04 11:34:12,290 -   [Inner 375.4] cost=701.00 no_imp=3/20 (còn 276s)
2026-04-04 11:34:12,413 -   [Inner 375.5] cost=701.00 no_imp=4/20 (còn 276s)
2026-04-04 11:34:12,536 -   [Inner 375.6] cost=701.00 no_imp=5/20 (còn 276s)
2026-04-04 11:34:12,659 -   [Inner 375.7] cost=701.00 no_imp=6/20 (còn 276s)
2026-04-04 11:34:12,781 -   [Inner 375.8] cost=701.00 no_imp=7/20 (còn 276s)
2026-04-04 11:34:12,903 -   [Inner 375.9] cost=701.00 no_imp=8/20 (còn 276s)
2026-04-04 11:34:13,024 -   [Inner 375.10] cost=701.00 no_imp=9/20 (còn 276s)
2026-04-04 11:34:13,146 -   [Inner 375.11] cost=701.00 no_imp=10/20 (còn 276s)
2026-04-04 11:34:13,269 -   [Inner 375.12] cost=701.00 no_imp=11/20 (còn 275s)
2026-04-04 11:34:13,391 -   [Inner 375.13] cost=701.00 no_imp=12/20 (còn 275s)
2026-04-04 11:34:13,513 -   [Inner 375.14] cost=701.00 no_imp=13/20 (còn 275s)
2026-04-04 11:34:13,634 -   [Inner 375.15] cost=701.00 no_imp=14/20 (còn 275s)
2026-04-04 11:34:13,760 -   [Inner 375.16] cost=701.00 no_imp=15/20 (còn 275s)
2026-04-04 11:34:13,882 -   [Inner 375.17] cost=701.00 no_imp=16/20 (còn 275s)
2026-04-04 11:34:14,004 -   [Inner 375.18] cost=701.00 no_imp=17/20 (còn 275s)
2026-04-04 11:34:14,126 -   [Inner 375.19] cost=701.00 no_imp=18/20 (còn 275s)
2026-04-04 11:34:14,249 -   [Inner 375.20] cost=701.00 no_imp=19/20 (còn 274s)
2026-04-04 11:34:14,372 -   [Outer 375] Chạy Pairwise MaxSAT...
2026-04-04 11:34:14,373 -   [Outer] Pairwise không cải thiện cặp nào, quay lại inner.
2026-04-04 11:34:14,373 - === OUTER 376 | cost=701.00 (còn 274s) ===
2026-04-04 11:34:14,373 -   [Inner 376.1] cost=701.00 no_imp=0/20 (còn 274s)
2026-04-04 11:34:14,499 -   [Inner 376.2] cost=701.00 no_imp=1/20 (còn 274s)
2026-04-04 11:34:14,621 -   [Inner 376.3] cost=701.00 no_imp=2/20 (còn 274s)
2026-04-04 11:34:14,746 -   [Inner 376.4] cost=701.00 no_imp=3/20 (còn 274s)
2026-04-04 11:34:14,869 -   [Inner 376.5] cost=701.00 no_imp=4/20 (còn 274s)
2026-04-04 11:34:14,991 -   [Inner 376.6] cost=701.00 no_imp=5/20 (còn 274s)
2026-04-04 11:34:15,114 -   [Inner 376.7] cost=701.00 no_imp=6/20 (còn 274s)
2026-04-04 11:34:15,237 -   [Inner 376.8] cost=701.00 no_imp=7/20 (còn 273s)
2026-04-04 11:34:15,359 -   [Inner 376.9] cost=701.00 no_imp=8/20 (còn 273s)
2026-04-04 11:34:15,481 -   [Inner 376.10] cost=701.00 no_imp=9/20 (còn 273s)
2026-04-04 11:34:15,604 -   [Inner 376.11] cost=701.00 no_imp=10/20 (còn 273s)
2026-04-04 11:34:15,728 -   [Inner 376.12] cost=701.00 no_imp=11/20 (còn 273s)
2026-04-04 11:34:15,852 -   [Inner 376.13] cost=701.00 no_imp=12/20 (còn 273s)
2026-04-04 11:34:15,976 -   [Inner 376.14] cost=701.00 no_imp=13/20 (còn 273s)
2026-04-04 11:34:16,098 -   [Inner 376.15] cost=701.00 no_imp=14/20 (còn 273s)
2026-04-04 11:34:16,221 -   [Inner 376.16] cost=701.00 no_imp=15/20 (còn 272s)
2026-04-04 11:34:16,342 -   [Inner 376.17] cost=701.00 no_imp=16/20 (còn 272s)
2026-04-04 11:34:16,467 -   [Inner 376.18] cost=701.00 no_imp=17/20 (còn 272s)
2026-04-04 11:34:16,590 -   [Inner 376.19] cost=701.00 no_imp=18/20 (còn 272s)
2026-04-04 11:34:16,712 -   [Inner 376.20] cost=701.00 no_imp=19/20 (còn 272s)
2026-04-04 11:34:16,835 -   [Outer 376] Chạy Pairwise MaxSAT...
2026-04-04 11:34:16,835 -   [Outer] Pairwise không cải thiện cặp nào, quay lại inner.
2026-04-04 11:34:16,836 - === OUTER 377 | cost=701.00 (còn 272s) ===
2026-04-04 11:34:16,836 -   [Inner 377.1] cost=701.00 no_imp=0/20 (còn 272s)
2026-04-04 11:34:16,957 -   [Inner 377.2] cost=701.00 no_imp=1/20 (còn 272s)
2026-04-04 11:34:17,080 -   [Inner 377.3] cost=701.00 no_imp=2/20 (còn 272s)
2026-04-04 11:34:17,202 -   [Inner 377.4] cost=701.00 no_imp=3/20 (còn 271s)
2026-04-04 11:34:17,324 -   [Inner 377.5] cost=701.00 no_imp=4/20 (còn 271s)
2026-04-04 11:34:17,447 -   [Inner 377.6] cost=701.00 no_imp=5/20 (còn 271s)
2026-04-04 11:34:17,569 -   [Inner 377.7] cost=701.00 no_imp=6/20 (còn 271s)
2026-04-04 11:34:17,693 -   [Inner 377.8] cost=701.00 no_imp=7/20 (còn 271s)
2026-04-04 11:34:17,816 -   [Inner 377.9] cost=701.00 no_imp=8/20 (còn 271s)
2026-04-04 11:34:17,939 -   [Inner 377.10] cost=701.00 no_imp=9/20 (còn 271s)
2026-04-04 11:34:18,061 -   [Inner 377.11] cost=701.00 no_imp=10/20 (còn 271s)
2026-04-04 11:34:18,182 -   [Inner 377.12] cost=701.00 no_imp=11/20 (còn 271s)
2026-04-04 11:34:18,304 -   [Inner 377.13] cost=701.00 no_imp=12/20 (còn 270s)
2026-04-04 11:34:18,427 -   [Inner 377.14] cost=701.00 no_imp=13/20 (còn 270s)
2026-04-04 11:34:18,553 -   [Inner 377.15] cost=701.00 no_imp=14/20 (còn 270s)
2026-04-04 11:34:18,675 -   [Inner 377.16] cost=701.00 no_imp=15/20 (còn 270s)
2026-04-04 11:34:18,799 -   [Inner 377.17] cost=701.00 no_imp=16/20 (còn 270s)
2026-04-04 11:34:18,920 -   [Inner 377.18] cost=701.00 no_imp=17/20 (còn 270s)
2026-04-04 11:34:19,044 -   [Inner 377.19] cost=701.00 no_imp=18/20 (còn 270s)
2026-04-04 11:34:19,166 -   [Inner 377.20] cost=701.00 no_imp=19/20 (còn 270s)
2026-04-04 11:34:19,289 -   [Outer 377] Chạy Pairwise MaxSAT...
2026-04-04 11:34:19,290 -   [Outer] Pairwise không cải thiện cặp nào, quay lại inner.
2026-04-04 11:34:19,290 - === OUTER 378 | cost=701.00 (còn 269s) ===
2026-04-04 11:34:19,290 -   [Inner 378.1] cost=701.00 no_imp=0/20 (còn 269s)
2026-04-04 11:34:19,411 -   [Inner 378.2] cost=701.00 no_imp=1/20 (còn 269s)
2026-04-04 11:34:19,535 -   [Inner 378.3] cost=701.00 no_imp=2/20 (còn 269s)
2026-04-04 11:34:19,658 -   [Inner 378.4] cost=701.00 no_imp=3/20 (còn 269s)
2026-04-04 11:34:19,781 -   [Inner 378.5] cost=701.00 no_imp=4/20 (còn 269s)
2026-04-04 11:34:19,904 -   [Inner 378.6] cost=701.00 no_imp=5/20 (còn 269s)
2026-04-04 11:34:20,027 -   [Inner 378.7] cost=701.00 no_imp=6/20 (còn 269s)
2026-04-04 11:34:20,152 -   [Inner 378.8] cost=701.00 no_imp=7/20 (còn 269s)
2026-04-04 11:34:20,275 -   [Inner 378.9] cost=701.00 no_imp=8/20 (còn 268s)
2026-04-04 11:34:20,398 -   [Inner 378.10] cost=701.00 no_imp=9/20 (còn 268s)
2026-04-04 11:34:20,524 -   [Inner 378.11] cost=701.00 no_imp=10/20 (còn 268s)
2026-04-04 11:34:20,646 -   [Inner 378.12] cost=701.00 no_imp=11/20 (còn 268s)
2026-04-04 11:34:20,769 -   [Inner 378.13] cost=701.00 no_imp=12/20 (còn 268s)
2026-04-04 11:34:20,892 -   [Inner 378.14] cost=701.00 no_imp=13/20 (còn 268s)
2026-04-04 11:34:21,013 -   [Inner 378.15] cost=701.00 no_imp=14/20 (còn 268s)
2026-04-04 11:34:21,136 -   [Inner 378.16] cost=701.00 no_imp=15/20 (còn 268s)
2026-04-04 11:34:21,259 -   [Inner 378.17] cost=701.00 no_imp=16/20 (còn 267s)
2026-04-04 11:34:21,381 -   [Inner 378.18] cost=701.00 no_imp=17/20 (còn 267s)
2026-04-04 11:34:21,505 -   [Inner 378.19] cost=701.00 no_imp=18/20 (còn 267s)
2026-04-04 11:34:21,627 -   [Inner 378.20] cost=701.00 no_imp=19/20 (còn 267s)
2026-04-04 11:34:21,752 -   [Outer 378] Chạy Pairwise MaxSAT...
2026-04-04 11:34:21,752 -   [Outer] Pairwise không cải thiện cặp nào, quay lại inner.
2026-04-04 11:34:21,752 - === OUTER 379 | cost=701.00 (còn 267s) ===
2026-04-04 11:34:21,752 -   [Inner 379.1] cost=701.00 no_imp=0/20 (còn 267s)
2026-04-04 11:34:21,876 -   [Inner 379.2] cost=701.00 no_imp=1/20 (còn 267s)
2026-04-04 11:34:21,998 -   [Inner 379.3] cost=701.00 no_imp=2/20 (còn 267s)
2026-04-04 11:34:22,122 -   [Inner 379.4] cost=701.00 no_imp=3/20 (còn 267s)
2026-04-04 11:34:22,245 -   [Inner 379.5] cost=701.00 no_imp=4/20 (còn 266s)
2026-04-04 11:34:22,369 -   [Inner 379.6] cost=701.00 no_imp=5/20 (còn 266s)
2026-04-04 11:34:22,493 -   [Inner 379.7] cost=701.00 no_imp=6/20 (còn 266s)
2026-04-04 11:34:22,618 -   [Inner 379.8] cost=701.00 no_imp=7/20 (còn 266s)
2026-04-04 11:34:22,741 -   [Inner 379.9] cost=701.00 no_imp=8/20 (còn 266s)
2026-04-04 11:34:22,863 -   [Inner 379.10] cost=701.00 no_imp=9/20 (còn 266s)
2026-04-04 11:34:22,985 -   [Inner 379.11] cost=701.00 no_imp=10/20 (còn 266s)
2026-04-04 11:34:23,107 -   [Inner 379.12] cost=701.00 no_imp=11/20 (còn 266s)
2026-04-04 11:34:23,230 -   [Inner 379.13] cost=701.00 no_imp=12/20 (còn 265s)
2026-04-04 11:34:23,353 -   [Inner 379.14] cost=701.00 no_imp=13/20 (còn 265s)
2026-04-04 11:34:23,474 -   [Inner 379.15] cost=701.00 no_imp=14/20 (còn 265s)
2026-04-04 11:34:23,596 -   [Inner 379.16] cost=701.00 no_imp=15/20 (còn 265s)
2026-04-04 11:34:23,719 -   [Inner 379.17] cost=701.00 no_imp=16/20 (còn 265s)
2026-04-04 11:34:23,842 -   [Inner 379.18] cost=701.00 no_imp=17/20 (còn 265s)
2026-04-04 11:34:23,965 -   [Inner 379.19] cost=701.00 no_imp=18/20 (còn 265s)
2026-04-04 11:34:24,089 -   [Inner 379.20] cost=701.00 no_imp=19/20 (còn 265s)
2026-04-04 11:34:24,213 -   [Outer 379] Chạy Pairwise MaxSAT...
2026-04-04 11:34:24,213 -   [Outer] Pairwise không cải thiện cặp nào, quay lại inner.
2026-04-04 11:34:24,213 - === OUTER 380 | cost=701.00 (còn 264s) ===
2026-04-04 11:34:24,213 -   [Inner 380.1] cost=701.00 no_imp=0/20 (còn 264s)
2026-04-04 11:34:24,335 -   [Inner 380.2] cost=701.00 no_imp=1/20 (còn 264s)
2026-04-04 11:34:24,457 -   [Inner 380.3] cost=701.00 no_imp=2/20 (còn 264s)
2026-04-04 11:34:24,617 -   [Inner 380.4] cost=701.00 no_imp=3/20 (còn 264s)
2026-04-04 11:34:24,739 -   [Inner 380.5] cost=701.00 no_imp=4/20 (còn 264s)
2026-04-04 11:34:24,862 -   [Inner 380.6] cost=701.00 no_imp=5/20 (còn 264s)
2026-04-04 11:34:24,984 -   [Inner 380.7] cost=701.00 no_imp=6/20 (còn 264s)
2026-04-04 11:34:25,106 -   [Inner 380.8] cost=701.00 no_imp=7/20 (còn 264s)
2026-04-04 11:34:25,229 -   [Inner 380.9] cost=701.00 no_imp=8/20 (còn 263s)
2026-04-04 11:34:25,351 -   [Inner 380.10] cost=701.00 no_imp=9/20 (còn 263s)
2026-04-04 11:34:25,474 -   [Inner 380.11] cost=701.00 no_imp=10/20 (còn 263s)
2026-04-04 11:34:25,596 -   [Inner 380.12] cost=701.00 no_imp=11/20 (còn 263s)
2026-04-04 11:34:25,720 -   [Inner 380.13] cost=701.00 no_imp=12/20 (còn 263s)
2026-04-04 11:34:25,843 -   [Inner 380.14] cost=701.00 no_imp=13/20 (còn 263s)
2026-04-04 11:34:25,965 -   [Inner 380.15] cost=701.00 no_imp=14/20 (còn 263s)
2026-04-04 11:34:26,090 -   [Inner 380.16] cost=701.00 no_imp=15/20 (còn 263s)
2026-04-04 11:34:26,212 -   [Inner 380.17] cost=701.00 no_imp=16/20 (còn 262s)
2026-04-04 11:34:26,335 -   [Inner 380.18] cost=701.00 no_imp=17/20 (còn 262s)
2026-04-04 11:34:26,456 -   [Inner 380.19] cost=701.00 no_imp=18/20 (còn 262s)
2026-04-04 11:34:26,579 -   [Inner 380.20] cost=701.00 no_imp=19/20 (còn 262s)
2026-04-04 11:34:26,705 -   [Outer 380] Chạy Pairwise MaxSAT...
2026-04-04 11:34:26,705 -   [Outer] Pairwise không cải thiện cặp nào, quay lại inner.
2026-04-04 11:34:26,706 - === OUTER 381 | cost=701.00 (còn 262s) ===
2026-04-04 11:34:26,706 -   [Inner 381.1] cost=701.00 no_imp=0/20 (còn 262s)
2026-04-04 11:34:26,828 -   [Inner 381.2] cost=701.00 no_imp=1/20 (còn 262s)
2026-04-04 11:34:26,951 -   [Inner 381.3] cost=701.00 no_imp=2/20 (còn 262s)
2026-04-04 11:34:27,072 -   [Inner 381.4] cost=701.00 no_imp=3/20 (còn 262s)
2026-04-04 11:34:27,194 -   [Inner 381.5] cost=701.00 no_imp=4/20 (còn 261s)
2026-04-04 11:34:27,320 -   [Inner 381.6] cost=701.00 no_imp=5/20 (còn 261s)
2026-04-04 11:34:27,443 -   [Inner 381.7] cost=701.00 no_imp=6/20 (còn 261s)
2026-04-04 11:34:27,565 -   [Inner 381.8] cost=701.00 no_imp=7/20 (còn 261s)
2026-04-04 11:34:27,688 -   [Inner 381.9] cost=701.00 no_imp=8/20 (còn 261s)
2026-04-04 11:34:27,811 -   [Inner 381.10] cost=701.00 no_imp=9/20 (còn 261s)
2026-04-04 11:34:27,935 -   [Inner 381.11] cost=701.00 no_imp=10/20 (còn 261s)
2026-04-04 11:34:28,058 -   [Inner 381.12] cost=701.00 no_imp=11/20 (còn 261s)
2026-04-04 11:34:28,179 -   [Inner 381.13] cost=701.00 no_imp=12/20 (còn 261s)
2026-04-04 11:34:28,302 -   [Inner 381.14] cost=701.00 no_imp=13/20 (còn 260s)
2026-04-04 11:34:28,426 -   [Inner 381.15] cost=701.00 no_imp=14/20 (còn 260s)
2026-04-04 11:34:28,549 -   [Inner 381.16] cost=701.00 no_imp=15/20 (còn 260s)
2026-04-04 11:34:28,673 -   [Inner 381.17] cost=701.00 no_imp=16/20 (còn 260s)
2026-04-04 11:34:28,795 -   [Inner 381.18] cost=701.00 no_imp=17/20 (còn 260s)
2026-04-04 11:34:28,916 -   [Inner 381.19] cost=701.00 no_imp=18/20 (còn 260s)
2026-04-04 11:34:29,039 -   [Inner 381.20] cost=701.00 no_imp=19/20 (còn 260s)
2026-04-04 11:34:29,162 -   [Outer 381] Chạy Pairwise MaxSAT...
2026-04-04 11:34:29,162 -   [Outer] Pairwise không cải thiện cặp nào, quay lại inner.
2026-04-04 11:34:29,162 - === OUTER 382 | cost=701.00 (còn 260s) ===
2026-04-04 11:34:29,162 -   [Inner 382.1] cost=701.00 no_imp=0/20 (còn 260s)
2026-04-04 11:34:29,284 -   [Inner 382.2] cost=701.00 no_imp=1/20 (còn 259s)
2026-04-04 11:34:29,408 -   [Inner 382.3] cost=701.00 no_imp=2/20 (còn 259s)
2026-04-04 11:34:29,529 -   [Inner 382.4] cost=701.00 no_imp=3/20 (còn 259s)
2026-04-04 11:34:29,654 -   [Inner 382.5] cost=701.00 no_imp=4/20 (còn 259s)
2026-04-04 11:34:29,779 -   [Inner 382.6] cost=701.00 no_imp=5/20 (còn 259s)
2026-04-04 11:34:29,903 -   [Inner 382.7] cost=701.00 no_imp=6/20 (còn 259s)
2026-04-04 11:34:30,028 -   [Inner 382.8] cost=701.00 no_imp=7/20 (còn 259s)
2026-04-04 11:34:30,149 -   [Inner 382.9] cost=701.00 no_imp=8/20 (còn 259s)
2026-04-04 11:34:30,273 -   [Inner 382.10] cost=701.00 no_imp=9/20 (còn 258s)
2026-04-04 11:34:30,396 -   [Inner 382.11] cost=701.00 no_imp=10/20 (còn 258s)
2026-04-04 11:34:30,518 -   [Inner 382.12] cost=701.00 no_imp=11/20 (còn 258s)
2026-04-04 11:34:30,640 -   [Inner 382.13] cost=701.00 no_imp=12/20 (còn 258s)
2026-04-04 11:34:30,768 -   [Inner 382.14] cost=701.00 no_imp=13/20 (còn 258s)
2026-04-04 11:34:30,892 -   [Inner 382.15] cost=701.00 no_imp=14/20 (còn 258s)
2026-04-04 11:34:31,015 -   [Inner 382.16] cost=701.00 no_imp=15/20 (còn 258s)
2026-04-04 11:34:31,137 -   [Inner 382.17] cost=701.00 no_imp=16/20 (còn 258s)
2026-04-04 11:34:31,261 -   [Inner 382.18] cost=701.00 no_imp=17/20 (còn 257s)
2026-04-04 11:34:31,383 -   [Inner 382.19] cost=701.00 no_imp=18/20 (còn 257s)
2026-04-04 11:34:31,507 -   [Inner 382.20] cost=701.00 no_imp=19/20 (còn 257s)
2026-04-04 11:34:31,629 -   [Outer 382] Chạy Pairwise MaxSAT...
2026-04-04 11:34:31,629 -   [Outer] Pairwise không cải thiện cặp nào, quay lại inner.
2026-04-04 11:34:31,629 - === OUTER 383 | cost=701.00 (còn 257s) ===
2026-04-04 11:34:31,629 -   [Inner 383.1] cost=701.00 no_imp=0/20 (còn 257s)
2026-04-04 11:34:31,753 -   [Inner 383.2] cost=701.00 no_imp=1/20 (còn 257s)
2026-04-04 11:34:31,875 -   [Inner 383.3] cost=701.00 no_imp=2/20 (còn 257s)
2026-04-04 11:34:31,996 -   [Inner 383.4] cost=701.00 no_imp=3/20 (còn 257s)
2026-04-04 11:34:32,119 -   [Inner 383.5] cost=701.00 no_imp=4/20 (còn 257s)
2026-04-04 11:34:32,242 -   [Inner 383.6] cost=701.00 no_imp=5/20 (còn 256s)
2026-04-04 11:34:32,366 -   [Inner 383.7] cost=701.00 no_imp=6/20 (còn 256s)
2026-04-04 11:34:32,489 -   [Inner 383.8] cost=701.00 no_imp=7/20 (còn 256s)
2026-04-04 11:34:32,611 -   [Inner 383.9] cost=701.00 no_imp=8/20 (còn 256s)
2026-04-04 11:34:32,737 -   [Inner 383.10] cost=701.00 no_imp=9/20 (còn 256s)
2026-04-04 11:34:32,859 -   [Inner 383.11] cost=701.00 no_imp=10/20 (còn 256s)
2026-04-04 11:34:32,980 -   [Inner 383.12] cost=701.00 no_imp=11/20 (còn 256s)
2026-04-04 11:34:33,103 -   [Inner 383.13] cost=701.00 no_imp=12/20 (còn 256s)
2026-04-04 11:34:33,224 -   [Inner 383.14] cost=701.00 no_imp=13/20 (còn 255s)
2026-04-04 11:34:33,348 -   [Inner 383.15] cost=701.00 no_imp=14/20 (còn 255s)
2026-04-04 11:34:33,471 -   [Inner 383.16] cost=701.00 no_imp=15/20 (còn 255s)
2026-04-04 11:34:33,594 -   [Inner 383.17] cost=701.00 no_imp=16/20 (còn 255s)
2026-04-04 11:34:33,716 -   [Inner 383.18] cost=701.00 no_imp=17/20 (còn 255s)
2026-04-04 11:34:33,839 -   [Inner 383.19] cost=701.00 no_imp=18/20 (còn 255s)
2026-04-04 11:34:33,962 -   [Inner 383.20] cost=701.00 no_imp=19/20 (còn 255s)
2026-04-04 11:34:34,085 -   [Outer 383] Chạy Pairwise MaxSAT...
2026-04-04 11:34:34,085 -   [Outer] Pairwise không cải thiện cặp nào, quay lại inner.
2026-04-04 11:34:34,085 - === OUTER 384 | cost=701.00 (còn 255s) ===
2026-04-04 11:34:34,085 -   [Inner 384.1] cost=701.00 no_imp=0/20 (còn 255s)
2026-04-04 11:34:34,208 -   [Inner 384.2] cost=701.00 no_imp=1/20 (còn 254s)
2026-04-04 11:34:34,337 -   [Inner 384.3] cost=701.00 no_imp=2/20 (còn 254s)
2026-04-04 11:34:34,460 -   [Inner 384.4] cost=701.00 no_imp=3/20 (còn 254s)
2026-04-04 11:34:34,584 -   [Inner 384.5] cost=701.00 no_imp=4/20 (còn 254s)
2026-04-04 11:34:34,707 -   [Inner 384.6] cost=701.00 no_imp=5/20 (còn 254s)
2026-04-04 11:34:34,835 -   [Inner 384.7] cost=701.00 no_imp=6/20 (còn 254s)
2026-04-04 11:34:34,957 -   [Inner 384.8] cost=701.00 no_imp=7/20 (còn 254s)
2026-04-04 11:34:35,082 -   [Inner 384.9] cost=701.00 no_imp=8/20 (còn 254s)
2026-04-04 11:34:35,205 -   [Inner 384.10] cost=701.00 no_imp=9/20 (còn 253s)
2026-04-04 11:34:35,330 -   [Inner 384.11] cost=701.00 no_imp=10/20 (còn 253s)
2026-04-04 11:34:35,452 -   [Inner 384.12] cost=701.00 no_imp=11/20 (còn 253s)
2026-04-04 11:34:35,574 -   [Inner 384.13] cost=701.00 no_imp=12/20 (còn 253s)
2026-04-04 11:34:35,697 -   [Inner 384.14] cost=701.00 no_imp=13/20 (còn 253s)
2026-04-04 11:34:35,821 -   [Inner 384.15] cost=701.00 no_imp=14/20 (còn 253s)
2026-04-04 11:34:35,945 -   [Inner 384.16] cost=701.00 no_imp=15/20 (còn 253s)
2026-04-04 11:34:36,068 -   [Inner 384.17] cost=701.00 no_imp=16/20 (còn 253s)
2026-04-04 11:34:36,190 -   [Inner 384.18] cost=701.00 no_imp=17/20 (còn 252s)
2026-04-04 11:34:36,314 -   [Inner 384.19] cost=701.00 no_imp=18/20 (còn 252s)
2026-04-04 11:34:36,437 -   [Inner 384.20] cost=701.00 no_imp=19/20 (còn 252s)
2026-04-04 11:34:36,561 -   [Outer 384] Chạy Pairwise MaxSAT...
2026-04-04 11:34:36,562 -   [Outer] Pairwise không cải thiện cặp nào, quay lại inner.
2026-04-04 11:34:36,562 - === OUTER 385 | cost=701.00 (còn 252s) ===
2026-04-04 11:34:36,562 -   [Inner 385.1] cost=701.00 no_imp=0/20 (còn 252s)
2026-04-04 11:34:36,685 -   [Inner 385.2] cost=701.00 no_imp=1/20 (còn 252s)
2026-04-04 11:34:36,810 -   [Inner 385.3] cost=701.00 no_imp=2/20 (còn 252s)
2026-04-04 11:34:36,932 -   [Inner 385.4] cost=701.00 no_imp=3/20 (còn 252s)
2026-04-04 11:34:37,055 -   [Inner 385.5] cost=701.00 no_imp=4/20 (còn 252s)
2026-04-04 11:34:37,179 -   [Inner 385.6] cost=701.00 no_imp=5/20 (còn 252s)
2026-04-04 11:34:37,303 -   [Inner 385.7] cost=701.00 no_imp=6/20 (còn 251s)
2026-04-04 11:34:37,424 -   [Inner 385.8] cost=701.00 no_imp=7/20 (còn 251s)
2026-04-04 11:34:37,548 -   [Inner 385.9] cost=701.00 no_imp=8/20 (còn 251s)
2026-04-04 11:34:37,672 -   [Inner 385.10] cost=701.00 no_imp=9/20 (còn 251s)
2026-04-04 11:34:37,794 -   [Inner 385.11] cost=701.00 no_imp=10/20 (còn 251s)
2026-04-04 11:34:37,917 -   [Inner 385.12] cost=701.00 no_imp=11/20 (còn 251s)
2026-04-04 11:34:38,040 -   [Inner 385.13] cost=701.00 no_imp=12/20 (còn 251s)
2026-04-04 11:34:38,163 -   [Inner 385.14] cost=701.00 no_imp=13/20 (còn 251s)
2026-04-04 11:34:38,286 -   [Inner 385.15] cost=701.00 no_imp=14/20 (còn 250s)
2026-04-04 11:34:38,408 -   [Inner 385.16] cost=701.00 no_imp=15/20 (còn 250s)
2026-04-04 11:34:38,530 -   [Inner 385.17] cost=701.00 no_imp=16/20 (còn 250s)
2026-04-04 11:34:38,653 -   [Inner 385.18] cost=701.00 no_imp=17/20 (còn 250s)
2026-04-04 11:34:38,781 -   [Inner 385.19] cost=701.00 no_imp=18/20 (còn 250s)
2026-04-04 11:34:38,903 -   [Inner 385.20] cost=701.00 no_imp=19/20 (còn 250s)
2026-04-04 11:34:39,025 -   [Outer 385] Chạy Pairwise MaxSAT...
2026-04-04 11:34:39,025 -   [Outer] Pairwise không cải thiện cặp nào, quay lại inner.
2026-04-04 11:34:39,025 - === OUTER 386 | cost=701.00 (còn 250s) ===
2026-04-04 11:34:39,025 -   [Inner 386.1] cost=701.00 no_imp=0/20 (còn 250s)
2026-04-04 11:34:39,148 -   [Inner 386.2] cost=701.00 no_imp=1/20 (còn 250s)
2026-04-04 11:34:39,271 -   [Inner 386.3] cost=701.00 no_imp=2/20 (còn 249s)
2026-04-04 11:34:39,393 -   [Inner 386.4] cost=701.00 no_imp=3/20 (còn 249s)
2026-04-04 11:34:39,517 -   [Inner 386.5] cost=701.00 no_imp=4/20 (còn 249s)
2026-04-04 11:34:39,640 -   [Inner 386.6] cost=701.00 no_imp=5/20 (còn 249s)
2026-04-04 11:34:39,763 -   [Inner 386.7] cost=701.00 no_imp=6/20 (còn 249s)
2026-04-04 11:34:39,888 -   [Inner 386.8] cost=701.00 no_imp=7/20 (còn 249s)
2026-04-04 11:34:40,009 -   [Inner 386.9] cost=701.00 no_imp=8/20 (còn 249s)
2026-04-04 11:34:40,131 -   [Inner 386.10] cost=701.00 no_imp=9/20 (còn 249s)
2026-04-04 11:34:40,253 -   [Inner 386.11] cost=701.00 no_imp=10/20 (còn 248s)
2026-04-04 11:34:40,374 -   [Inner 386.12] cost=701.00 no_imp=11/20 (còn 248s)
2026-04-04 11:34:40,497 -   [Inner 386.13] cost=701.00 no_imp=12/20 (còn 248s)
2026-04-04 11:34:40,620 -   [Inner 386.14] cost=701.00 no_imp=13/20 (còn 248s)
2026-04-04 11:34:40,745 -   [Inner 386.15] cost=701.00 no_imp=14/20 (còn 248s)
2026-04-04 11:34:40,870 -   [Inner 386.16] cost=701.00 no_imp=15/20 (còn 248s)
2026-04-04 11:34:40,991 -   [Inner 386.17] cost=701.00 no_imp=16/20 (còn 248s)
2026-04-04 11:34:41,115 -   [Inner 386.18] cost=701.00 no_imp=17/20 (còn 248s)
2026-04-04 11:34:41,237 -   [Inner 386.19] cost=701.00 no_imp=18/20 (còn 247s)
2026-04-04 11:34:41,358 -   [Inner 386.20] cost=701.00 no_imp=19/20 (còn 247s)
2026-04-04 11:34:41,480 -   [Outer 386] Chạy Pairwise MaxSAT...
2026-04-04 11:34:41,480 -   [Outer] Pairwise không cải thiện cặp nào, quay lại inner.
2026-04-04 11:34:41,480 - === OUTER 387 | cost=701.00 (còn 247s) ===
2026-04-04 11:34:41,480 -   [Inner 387.1] cost=701.00 no_imp=0/20 (còn 247s)
2026-04-04 11:34:41,604 -   [Inner 387.2] cost=701.00 no_imp=1/20 (còn 247s)
2026-04-04 11:34:41,729 -   [Inner 387.3] cost=701.00 no_imp=2/20 (còn 247s)
2026-04-04 11:34:41,850 -   [Inner 387.4] cost=701.00 no_imp=3/20 (còn 247s)
2026-04-04 11:34:41,972 -   [Inner 387.5] cost=701.00 no_imp=4/20 (còn 247s)
2026-04-04 11:34:42,095 -   [Inner 387.6] cost=701.00 no_imp=5/20 (còn 247s)
2026-04-04 11:34:42,217 -   [Inner 387.7] cost=701.00 no_imp=6/20 (còn 246s)
2026-04-04 11:34:42,341 -   [Inner 387.8] cost=701.00 no_imp=7/20 (còn 246s)
2026-04-04 11:34:42,463 -   [Inner 387.9] cost=701.00 no_imp=8/20 (còn 246s)
2026-04-04 11:34:42,586 -   [Inner 387.10] cost=701.00 no_imp=9/20 (còn 246s)
2026-04-04 11:34:42,709 -   [Inner 387.11] cost=701.00 no_imp=10/20 (còn 246s)
2026-04-04 11:34:42,834 -   [Inner 387.12] cost=701.00 no_imp=11/20 (còn 246s)
2026-04-04 11:34:42,958 -   [Inner 387.13] cost=701.00 no_imp=12/20 (còn 246s)
2026-04-04 11:34:43,081 -   [Inner 387.14] cost=701.00 no_imp=13/20 (còn 246s)
2026-04-04 11:34:43,203 -   [Inner 387.15] cost=701.00 no_imp=14/20 (còn 245s)
2026-04-04 11:34:43,325 -   [Inner 387.16] cost=701.00 no_imp=15/20 (còn 245s)
2026-04-04 11:34:43,448 -   [Inner 387.17] cost=701.00 no_imp=16/20 (còn 245s)
2026-04-04 11:34:43,569 -   [Inner 387.18] cost=701.00 no_imp=17/20 (còn 245s)
2026-04-04 11:34:43,693 -   [Inner 387.19] cost=701.00 no_imp=18/20 (còn 245s)
2026-04-04 11:34:43,822 -   [Inner 387.20] cost=701.00 no_imp=19/20 (còn 245s)
2026-04-04 11:34:43,943 -   [Outer 387] Chạy Pairwise MaxSAT...
2026-04-04 11:34:43,943 -   [Outer] Pairwise không cải thiện cặp nào, quay lại inner.
2026-04-04 11:34:43,943 - === OUTER 388 | cost=701.00 (còn 245s) ===
2026-04-04 11:34:43,943 -   [Inner 388.1] cost=701.00 no_imp=0/20 (còn 245s)
2026-04-04 11:34:44,066 -   [Inner 388.2] cost=701.00 no_imp=1/20 (còn 245s)
2026-04-04 11:34:44,189 -   [Inner 388.3] cost=701.00 no_imp=2/20 (còn 244s)
2026-04-04 11:34:44,313 -   [Inner 388.4] cost=701.00 no_imp=3/20 (còn 244s)
2026-04-04 11:34:44,436 -   [Inner 388.5] cost=701.00 no_imp=4/20 (còn 244s)
2026-04-04 11:34:44,559 -   [Inner 388.6] cost=701.00 no_imp=5/20 (còn 244s)
2026-04-04 11:34:44,682 -   [Inner 388.7] cost=701.00 no_imp=6/20 (còn 244s)
2026-04-04 11:34:44,804 -   [Inner 388.8] cost=701.00 no_imp=7/20 (còn 244s)
2026-04-04 11:34:44,931 -   [Inner 388.9] cost=701.00 no_imp=8/20 (còn 244s)
2026-04-04 11:34:45,053 -   [Inner 388.10] cost=701.00 no_imp=9/20 (còn 244s)
2026-04-04 11:34:45,176 -   [Inner 388.11] cost=701.00 no_imp=10/20 (còn 244s)
2026-04-04 11:34:45,300 -   [Inner 388.12] cost=701.00 no_imp=11/20 (còn 243s)
2026-04-04 11:34:45,421 -   [Inner 388.13] cost=701.00 no_imp=12/20 (còn 243s)
2026-04-04 11:34:45,543 -   [Inner 388.14] cost=701.00 no_imp=13/20 (còn 243s)
2026-04-04 11:34:45,666 -   [Inner 388.15] cost=701.00 no_imp=14/20 (còn 243s)
2026-04-04 11:34:45,790 -   [Inner 388.16] cost=701.00 no_imp=15/20 (còn 243s)
2026-04-04 11:34:45,912 -   [Inner 388.17] cost=701.00 no_imp=16/20 (còn 243s)
2026-04-04 11:34:46,034 -   [Inner 388.18] cost=701.00 no_imp=17/20 (còn 243s)
2026-04-04 11:34:46,156 -   [Inner 388.19] cost=701.00 no_imp=18/20 (còn 243s)
2026-04-04 11:34:46,279 -   [Inner 388.20] cost=701.00 no_imp=19/20 (còn 242s)
2026-04-04 11:34:46,401 -   [Outer 388] Chạy Pairwise MaxSAT...
2026-04-04 11:34:46,402 -   [Outer] Pairwise không cải thiện cặp nào, quay lại inner.
2026-04-04 11:34:46,402 - === OUTER 389 | cost=701.00 (còn 242s) ===
2026-04-04 11:34:46,402 -   [Inner 389.1] cost=701.00 no_imp=0/20 (còn 242s)
2026-04-04 11:34:46,526 -   [Inner 389.2] cost=701.00 no_imp=1/20 (còn 242s)
2026-04-04 11:34:46,648 -   [Inner 389.3] cost=701.00 no_imp=2/20 (còn 242s)
2026-04-04 11:34:46,771 -   [Inner 389.4] cost=701.00 no_imp=3/20 (còn 242s)
2026-04-04 11:34:46,897 -   [Inner 389.5] cost=701.00 no_imp=4/20 (còn 242s)
2026-04-04 11:34:47,019 -   [Inner 389.6] cost=701.00 no_imp=5/20 (còn 242s)
2026-04-04 11:34:47,143 -   [Inner 389.7] cost=701.00 no_imp=6/20 (còn 242s)
2026-04-04 11:34:47,265 -   [Inner 389.8] cost=701.00 no_imp=7/20 (còn 241s)
2026-04-04 11:34:47,386 -   [Inner 389.9] cost=701.00 no_imp=8/20 (còn 241s)
2026-04-04 11:34:47,508 -   [Inner 389.10] cost=701.00 no_imp=9/20 (còn 241s)
2026-04-04 11:34:47,631 -   [Inner 389.11] cost=701.00 no_imp=10/20 (còn 241s)
2026-04-04 11:34:47,755 -   [Inner 389.12] cost=701.00 no_imp=11/20 (còn 241s)
2026-04-04 11:34:47,880 -   [Inner 389.13] cost=701.00 no_imp=12/20 (còn 241s)
2026-04-04 11:34:48,003 -   [Inner 389.14] cost=701.00 no_imp=13/20 (còn 241s)
2026-04-04 11:34:48,124 -   [Inner 389.15] cost=701.00 no_imp=14/20 (còn 241s)
2026-04-04 11:34:48,248 -   [Inner 389.16] cost=701.00 no_imp=15/20 (còn 240s)
2026-04-04 11:34:48,370 -   [Inner 389.17] cost=701.00 no_imp=16/20 (còn 240s)
2026-04-04 11:34:48,493 -   [Inner 389.18] cost=701.00 no_imp=17/20 (còn 240s)
2026-04-04 11:34:48,616 -   [Inner 389.19] cost=701.00 no_imp=18/20 (còn 240s)
2026-04-04 11:34:48,739 -   [Inner 389.20] cost=701.00 no_imp=19/20 (còn 240s)
2026-04-04 11:34:48,862 -   [Outer 389] Chạy Pairwise MaxSAT...
2026-04-04 11:34:48,862 -   [Outer] Pairwise không cải thiện cặp nào, quay lại inner.
2026-04-04 11:34:48,862 - === OUTER 390 | cost=701.00 (còn 240s) ===
2026-04-04 11:34:48,863 -   [Inner 390.1] cost=701.00 no_imp=0/20 (còn 240s)
2026-04-04 11:34:48,986 -   [Inner 390.2] cost=701.00 no_imp=1/20 (còn 240s)
2026-04-04 11:34:49,110 -   [Inner 390.3] cost=701.00 no_imp=2/20 (còn 240s)
2026-04-04 11:34:49,233 -   [Inner 390.4] cost=701.00 no_imp=3/20 (còn 239s)
2026-04-04 11:34:49,357 -   [Inner 390.5] cost=701.00 no_imp=4/20 (còn 239s)
2026-04-04 11:34:49,480 -   [Inner 390.6] cost=701.00 no_imp=5/20 (còn 239s)
2026-04-04 11:34:49,602 -   [Inner 390.7] cost=701.00 no_imp=6/20 (còn 239s)
2026-04-04 11:34:49,724 -   [Inner 390.8] cost=701.00 no_imp=7/20 (còn 239s)
2026-04-04 11:34:49,848 -   [Inner 390.9] cost=701.00 no_imp=8/20 (còn 239s)
2026-04-04 11:34:49,970 -   [Inner 390.10] cost=701.00 no_imp=9/20 (còn 239s)
2026-04-04 11:34:50,098 -   [Inner 390.11] cost=701.00 no_imp=10/20 (còn 239s)
2026-04-04 11:34:50,222 -   [Inner 390.12] cost=701.00 no_imp=11/20 (còn 238s)
2026-04-04 11:34:50,346 -   [Inner 390.13] cost=701.00 no_imp=12/20 (còn 238s)
2026-04-04 11:34:50,467 -   [Inner 390.14] cost=701.00 no_imp=13/20 (còn 238s)
2026-04-04 11:34:50,590 -   [Inner 390.15] cost=701.00 no_imp=14/20 (còn 238s)
2026-04-04 11:34:50,714 -   [Inner 390.16] cost=701.00 no_imp=15/20 (còn 238s)
2026-04-04 11:34:50,836 -   [Inner 390.17] cost=701.00 no_imp=16/20 (còn 238s)
2026-04-04 11:34:50,962 -   [Inner 390.18] cost=701.00 no_imp=17/20 (còn 238s)
2026-04-04 11:34:51,083 -   [Inner 390.19] cost=701.00 no_imp=18/20 (còn 238s)
2026-04-04 11:34:51,246 -   [Inner 390.20] cost=701.00 no_imp=19/20 (còn 237s)
2026-04-04 11:34:51,369 -   [Outer 390] Chạy Pairwise MaxSAT...
2026-04-04 11:34:51,370 -   [Outer] Pairwise không cải thiện cặp nào, quay lại inner.
2026-04-04 11:34:51,370 - === OUTER 391 | cost=701.00 (còn 237s) ===
2026-04-04 11:34:51,370 -   [Inner 391.1] cost=701.00 no_imp=0/20 (còn 237s)
2026-04-04 11:34:51,493 -   [Inner 391.2] cost=701.00 no_imp=1/20 (còn 237s)
2026-04-04 11:34:51,614 -   [Inner 391.3] cost=701.00 no_imp=2/20 (còn 237s)
2026-04-04 11:34:51,737 -   [Inner 391.4] cost=701.00 no_imp=3/20 (còn 237s)
2026-04-04 11:34:51,861 -   [Inner 391.5] cost=701.00 no_imp=4/20 (còn 237s)
2026-04-04 11:34:51,981 -   [Inner 391.6] cost=701.00 no_imp=5/20 (còn 237s)
2026-04-04 11:34:52,105 -   [Inner 391.7] cost=701.00 no_imp=6/20 (còn 237s)
2026-04-04 11:34:52,227 -   [Inner 391.8] cost=701.00 no_imp=7/20 (còn 236s)
2026-04-04 11:34:52,351 -   [Inner 391.9] cost=701.00 no_imp=8/20 (còn 236s)
2026-04-04 11:34:52,474 -   [Inner 391.10] cost=701.00 no_imp=9/20 (còn 236s)
2026-04-04 11:34:52,596 -   [Inner 391.11] cost=701.00 no_imp=10/20 (còn 236s)
2026-04-04 11:34:52,718 -   [Inner 391.12] cost=701.00 no_imp=11/20 (còn 236s)
2026-04-04 11:34:52,841 -   [Inner 391.13] cost=701.00 no_imp=12/20 (còn 236s)
2026-04-04 11:34:52,966 -   [Inner 391.14] cost=701.00 no_imp=13/20 (còn 236s)
2026-04-04 11:34:53,090 -   [Inner 391.15] cost=701.00 no_imp=14/20 (còn 236s)
2026-04-04 11:34:53,212 -   [Inner 391.16] cost=701.00 no_imp=15/20 (còn 235s)
2026-04-04 11:34:53,336 -   [Inner 391.17] cost=701.00 no_imp=16/20 (còn 235s)
2026-04-04 11:34:53,459 -   [Inner 391.18] cost=701.00 no_imp=17/20 (còn 235s)
2026-04-04 11:34:53,581 -   [Inner 391.19] cost=701.00 no_imp=18/20 (còn 235s)
2026-04-04 11:34:53,705 -   [Inner 391.20] cost=701.00 no_imp=19/20 (còn 235s)
2026-04-04 11:34:53,828 -   [Outer 391] Chạy Pairwise MaxSAT...
2026-04-04 11:34:53,828 -   [Outer] Pairwise không cải thiện cặp nào, quay lại inner.
2026-04-04 11:34:53,828 - === OUTER 392 | cost=701.00 (còn 235s) ===
2026-04-04 11:34:53,828 -   [Inner 392.1] cost=701.00 no_imp=0/20 (còn 235s)
2026-04-04 11:34:53,951 -   [Inner 392.2] cost=701.00 no_imp=1/20 (còn 235s)
2026-04-04 11:34:54,073 -   [Inner 392.3] cost=701.00 no_imp=2/20 (còn 235s)
2026-04-04 11:34:54,195 -   [Inner 392.4] cost=701.00 no_imp=3/20 (còn 234s)
2026-04-04 11:34:54,319 -   [Inner 392.5] cost=701.00 no_imp=4/20 (còn 234s)
2026-04-04 11:34:54,442 -   [Inner 392.6] cost=701.00 no_imp=5/20 (còn 234s)
2026-04-04 11:34:54,564 -   [Inner 392.7] cost=701.00 no_imp=6/20 (còn 234s)
2026-04-04 11:34:54,687 -   [Inner 392.8] cost=701.00 no_imp=7/20 (còn 234s)
2026-04-04 11:34:54,809 -   [Inner 392.9] cost=701.00 no_imp=8/20 (còn 234s)
2026-04-04 11:34:54,933 -   [Inner 392.10] cost=701.00 no_imp=9/20 (còn 234s)
2026-04-04 11:34:55,058 -   [Inner 392.11] cost=701.00 no_imp=10/20 (còn 234s)
2026-04-04 11:34:55,180 -   [Inner 392.12] cost=701.00 no_imp=11/20 (còn 234s)
2026-04-04 11:34:55,303 -   [Inner 392.13] cost=701.00 no_imp=12/20 (còn 233s)
2026-04-04 11:34:55,425 -   [Inner 392.14] cost=701.00 no_imp=13/20 (còn 233s)
2026-04-04 11:34:55,548 -   [Inner 392.15] cost=701.00 no_imp=14/20 (còn 233s)
2026-04-04 11:34:55,670 -   [Inner 392.16] cost=701.00 no_imp=15/20 (còn 233s)
2026-04-04 11:34:55,794 -   [Inner 392.17] cost=701.00 no_imp=16/20 (còn 233s)
2026-04-04 11:34:55,917 -   [Inner 392.18] cost=701.00 no_imp=17/20 (còn 233s)
2026-04-04 11:34:56,040 -   [Inner 392.19] cost=701.00 no_imp=18/20 (còn 233s)
2026-04-04 11:34:56,164 -   [Inner 392.20] cost=701.00 no_imp=19/20 (còn 233s)
2026-04-04 11:34:56,288 -   [Outer 392] Chạy Pairwise MaxSAT...
2026-04-04 11:34:56,288 -   [Outer] Pairwise không cải thiện cặp nào, quay lại inner.
2026-04-04 11:34:56,288 - === OUTER 393 | cost=701.00 (còn 232s) ===
2026-04-04 11:34:56,288 -   [Inner 393.1] cost=701.00 no_imp=0/20 (còn 232s)
2026-04-04 11:34:56,412 -   [Inner 393.2] cost=701.00 no_imp=1/20 (còn 232s)
2026-04-04 11:34:56,533 -   [Inner 393.3] cost=701.00 no_imp=2/20 (còn 232s)
2026-04-04 11:34:56,657 -   [Inner 393.4] cost=701.00 no_imp=3/20 (còn 232s)
2026-04-04 11:34:56,780 -   [Inner 393.5] cost=701.00 no_imp=4/20 (còn 232s)
2026-04-04 11:34:56,902 -   [Inner 393.6] cost=701.00 no_imp=5/20 (còn 232s)
2026-04-04 11:34:57,026 -   [Inner 393.7] cost=701.00 no_imp=6/20 (còn 232s)
2026-04-04 11:34:57,148 -   [Inner 393.8] cost=701.00 no_imp=7/20 (còn 232s)
2026-04-04 11:34:57,274 -   [Inner 393.9] cost=701.00 no_imp=8/20 (còn 231s)
2026-04-04 11:34:57,397 -   [Inner 393.10] cost=701.00 no_imp=9/20 (còn 231s)
2026-04-04 11:34:57,520 -   [Inner 393.11] cost=701.00 no_imp=10/20 (còn 231s)
2026-04-04 11:34:57,642 -   [Inner 393.12] cost=701.00 no_imp=11/20 (còn 231s)
2026-04-04 11:34:57,766 -   [Inner 393.13] cost=701.00 no_imp=12/20 (còn 231s)
2026-04-04 11:34:57,890 -   [Inner 393.14] cost=701.00 no_imp=13/20 (còn 231s)
2026-04-04 11:34:58,011 -   [Inner 393.15] cost=701.00 no_imp=14/20 (còn 231s)
2026-04-04 11:34:58,133 -   [Inner 393.16] cost=701.00 no_imp=15/20 (còn 231s)
2026-04-04 11:34:58,257 -   [Inner 393.17] cost=701.00 no_imp=16/20 (còn 230s)
2026-04-04 11:34:58,379 -   [Inner 393.18] cost=701.00 no_imp=17/20 (còn 230s)
2026-04-04 11:34:58,503 -   [Inner 393.19] cost=701.00 no_imp=18/20 (còn 230s)
2026-04-04 11:34:58,626 -   [Inner 393.20] cost=701.00 no_imp=19/20 (còn 230s)
2026-04-04 11:34:58,748 -   [Outer 393] Chạy Pairwise MaxSAT...
2026-04-04 11:34:58,748 -   [Outer] Pairwise không cải thiện cặp nào, quay lại inner.
2026-04-04 11:34:58,748 - === OUTER 394 | cost=701.00 (còn 230s) ===
2026-04-04 11:34:58,749 -   [Inner 394.1] cost=701.00 no_imp=0/20 (còn 230s)
2026-04-04 11:34:58,871 -   [Inner 394.2] cost=701.00 no_imp=1/20 (còn 230s)
2026-04-04 11:34:58,993 -   [Inner 394.3] cost=701.00 no_imp=2/20 (còn 230s)
2026-04-04 11:34:59,121 -   [Inner 394.4] cost=701.00 no_imp=3/20 (còn 230s)
2026-04-04 11:34:59,243 -   [Inner 394.5] cost=701.00 no_imp=4/20 (còn 229s)
2026-04-04 11:34:59,365 -   [Inner 394.6] cost=701.00 no_imp=5/20 (còn 229s)
2026-04-04 11:34:59,489 -   [Inner 394.7] cost=701.00 no_imp=6/20 (còn 229s)
2026-04-04 11:34:59,611 -   [Inner 394.8] cost=701.00 no_imp=7/20 (còn 229s)
2026-04-04 11:34:59,736 -   [Inner 394.9] cost=701.00 no_imp=8/20 (còn 229s)
2026-04-04 11:34:59,858 -   [Inner 394.10] cost=701.00 no_imp=9/20 (còn 229s)
2026-04-04 11:34:59,981 -   [Inner 394.11] cost=701.00 no_imp=10/20 (còn 229s)
2026-04-04 11:35:00,108 -   [Inner 394.12] cost=701.00 no_imp=11/20 (còn 229s)
2026-04-04 11:35:00,231 -   [Inner 394.13] cost=701.00 no_imp=12/20 (còn 228s)
2026-04-04 11:35:00,354 -   [Inner 394.14] cost=701.00 no_imp=13/20 (còn 228s)
2026-04-04 11:35:00,475 -   [Inner 394.15] cost=701.00 no_imp=14/20 (còn 228s)
2026-04-04 11:35:00,598 -   [Inner 394.16] cost=701.00 no_imp=15/20 (còn 228s)
2026-04-04 11:35:00,722 -   [Inner 394.17] cost=701.00 no_imp=16/20 (còn 228s)
2026-04-04 11:35:00,846 -   [Inner 394.18] cost=701.00 no_imp=17/20 (còn 228s)
2026-04-04 11:35:00,970 -   [Inner 394.19] cost=701.00 no_imp=18/20 (còn 228s)
2026-04-04 11:35:01,100 -   [Inner 394.20] cost=701.00 no_imp=19/20 (còn 228s)
2026-04-04 11:35:01,224 -   [Outer 394] Chạy Pairwise MaxSAT...
2026-04-04 11:35:01,224 -   [Outer] Pairwise không cải thiện cặp nào, quay lại inner.
2026-04-04 11:35:01,224 - === OUTER 395 | cost=701.00 (còn 227s) ===
2026-04-04 11:35:01,225 -   [Inner 395.1] cost=701.00 no_imp=0/20 (còn 227s)
2026-04-04 11:35:01,346 -   [Inner 395.2] cost=701.00 no_imp=1/20 (còn 227s)
2026-04-04 11:35:01,469 -   [Inner 395.3] cost=701.00 no_imp=2/20 (còn 227s)
2026-04-04 11:35:01,592 -   [Inner 395.4] cost=701.00 no_imp=3/20 (còn 227s)
2026-04-04 11:35:01,715 -   [Inner 395.5] cost=701.00 no_imp=4/20 (còn 227s)
2026-04-04 11:35:01,838 -   [Inner 395.6] cost=701.00 no_imp=5/20 (còn 227s)
2026-04-04 11:35:01,960 -   [Inner 395.7] cost=701.00 no_imp=6/20 (còn 227s)
2026-04-04 11:35:02,084 -   [Inner 395.8] cost=701.00 no_imp=7/20 (còn 227s)
2026-04-04 11:35:02,208 -   [Inner 395.9] cost=701.00 no_imp=8/20 (còn 226s)
2026-04-04 11:35:02,331 -   [Inner 395.10] cost=701.00 no_imp=9/20 (còn 226s)
2026-04-04 11:35:02,452 -   [Inner 395.11] cost=701.00 no_imp=10/20 (còn 226s)
2026-04-04 11:35:02,576 -   [Inner 395.12] cost=701.00 no_imp=11/20 (còn 226s)
2026-04-04 11:35:02,699 -   [Inner 395.13] cost=701.00 no_imp=12/20 (còn 226s)
2026-04-04 11:35:02,822 -   [Inner 395.14] cost=701.00 no_imp=13/20 (còn 226s)
2026-04-04 11:35:02,945 -   [Inner 395.15] cost=701.00 no_imp=14/20 (còn 226s)
2026-04-04 11:35:03,069 -   [Inner 395.16] cost=701.00 no_imp=15/20 (còn 226s)
2026-04-04 11:35:03,193 -   [Inner 395.17] cost=701.00 no_imp=16/20 (còn 225s)
2026-04-04 11:35:03,317 -   [Inner 395.18] cost=701.00 no_imp=17/20 (còn 225s)
2026-04-04 11:35:03,439 -   [Inner 395.19] cost=701.00 no_imp=18/20 (còn 225s)
2026-04-04 11:35:03,563 -   [Inner 395.20] cost=701.00 no_imp=19/20 (còn 225s)
2026-04-04 11:35:03,684 -   [Outer 395] Chạy Pairwise MaxSAT...
2026-04-04 11:35:03,684 -   [Outer] Pairwise không cải thiện cặp nào, quay lại inner.
2026-04-04 11:35:03,684 - === OUTER 396 | cost=701.00 (còn 225s) ===
2026-04-04 11:35:03,685 -   [Inner 396.1] cost=701.00 no_imp=0/20 (còn 225s)
2026-04-04 11:35:03,808 -   [Inner 396.2] cost=701.00 no_imp=1/20 (còn 225s)
2026-04-04 11:35:03,930 -   [Inner 396.3] cost=701.00 no_imp=2/20 (còn 225s)
2026-04-04 11:35:04,053 -   [Inner 396.4] cost=701.00 no_imp=3/20 (còn 225s)
2026-04-04 11:35:04,175 -   [Inner 396.5] cost=701.00 no_imp=4/20 (còn 225s)
2026-04-04 11:35:04,299 -   [Inner 396.6] cost=701.00 no_imp=5/20 (còn 224s)
2026-04-04 11:35:04,428 -   [Inner 396.7] cost=701.00 no_imp=6/20 (còn 224s)
2026-04-04 11:35:04,553 -   [Inner 396.8] cost=701.00 no_imp=7/20 (còn 224s)
2026-04-04 11:35:04,676 -   [Inner 396.9] cost=701.00 no_imp=8/20 (còn 224s)
2026-04-04 11:35:04,798 -   [Inner 396.10] cost=701.00 no_imp=9/20 (còn 224s)
2026-04-04 11:35:04,921 -   [Inner 396.11] cost=701.00 no_imp=10/20 (còn 224s)
2026-04-04 11:35:05,045 -   [Inner 396.12] cost=701.00 no_imp=11/20 (còn 224s)
2026-04-04 11:35:05,171 -   [Inner 396.13] cost=701.00 no_imp=12/20 (còn 224s)
2026-04-04 11:35:05,296 -   [Inner 396.14] cost=701.00 no_imp=13/20 (còn 223s)
2026-04-04 11:35:05,419 -   [Inner 396.15] cost=701.00 no_imp=14/20 (còn 223s)
2026-04-04 11:35:05,543 -   [Inner 396.16] cost=701.00 no_imp=15/20 (còn 223s)
2026-04-04 11:35:05,667 -   [Inner 396.17] cost=701.00 no_imp=16/20 (còn 223s)
2026-04-04 11:35:05,793 -   [Inner 396.18] cost=701.00 no_imp=17/20 (còn 223s)
2026-04-04 11:35:05,917 -   [Inner 396.19] cost=701.00 no_imp=18/20 (còn 223s)
2026-04-04 11:35:06,041 -   [Inner 396.20] cost=701.00 no_imp=19/20 (còn 223s)
2026-04-04 11:35:06,164 -   [Outer 396] Chạy Pairwise MaxSAT...
2026-04-04 11:35:06,164 -   [Outer] Pairwise không cải thiện cặp nào, quay lại inner.
2026-04-04 11:35:06,164 - === OUTER 397 | cost=701.00 (còn 223s) ===
2026-04-04 11:35:06,164 -   [Inner 397.1] cost=701.00 no_imp=0/20 (còn 223s)
2026-04-04 11:35:06,288 -   [Inner 397.2] cost=701.00 no_imp=1/20 (còn 222s)
2026-04-04 11:35:06,411 -   [Inner 397.3] cost=701.00 no_imp=2/20 (còn 222s)
2026-04-04 11:35:06,533 -   [Inner 397.4] cost=701.00 no_imp=3/20 (còn 222s)
2026-04-04 11:35:06,660 -   [Inner 397.5] cost=701.00 no_imp=4/20 (còn 222s)
2026-04-04 11:35:06,783 -   [Inner 397.6] cost=701.00 no_imp=5/20 (còn 222s)
2026-04-04 11:35:06,906 -   [Inner 397.7] cost=701.00 no_imp=6/20 (còn 222s)
2026-04-04 11:35:07,030 -   [Inner 397.8] cost=701.00 no_imp=7/20 (còn 222s)
2026-04-04 11:35:07,155 -   [Inner 397.9] cost=701.00 no_imp=8/20 (còn 222s)
2026-04-04 11:35:07,281 -   [Inner 397.10] cost=701.00 no_imp=9/20 (còn 221s)
2026-04-04 11:35:07,402 -   [Inner 397.11] cost=701.00 no_imp=10/20 (còn 221s)
2026-04-04 11:35:07,525 -   [Inner 397.12] cost=701.00 no_imp=11/20 (còn 221s)
2026-04-04 11:35:07,648 -   [Inner 397.13] cost=701.00 no_imp=12/20 (còn 221s)
2026-04-04 11:35:07,772 -   [Inner 397.14] cost=701.00 no_imp=13/20 (còn 221s)
2026-04-04 11:35:07,896 -   [Inner 397.15] cost=701.00 no_imp=14/20 (còn 221s)
2026-04-04 11:35:08,020 -   [Inner 397.16] cost=701.00 no_imp=15/20 (còn 221s)
2026-04-04 11:35:08,142 -   [Inner 397.17] cost=701.00 no_imp=16/20 (còn 221s)
2026-04-04 11:35:08,264 -   [Inner 397.18] cost=701.00 no_imp=17/20 (còn 220s)
2026-04-04 11:35:08,385 -   [Inner 397.19] cost=701.00 no_imp=18/20 (còn 220s)
2026-04-04 11:35:08,508 -   [Inner 397.20] cost=701.00 no_imp=19/20 (còn 220s)
2026-04-04 11:35:08,632 -   [Outer 397] Chạy Pairwise MaxSAT...
2026-04-04 11:35:08,632 -   [Outer] Pairwise không cải thiện cặp nào, quay lại inner.
2026-04-04 11:35:08,632 - === OUTER 398 | cost=701.00 (còn 220s) ===
2026-04-04 11:35:08,632 -   [Inner 398.1] cost=701.00 no_imp=0/20 (còn 220s)
2026-04-04 11:35:08,757 -   [Inner 398.2] cost=701.00 no_imp=1/20 (còn 220s)
2026-04-04 11:35:08,879 -   [Inner 398.3] cost=701.00 no_imp=2/20 (còn 220s)
2026-04-04 11:35:09,001 -   [Inner 398.4] cost=701.00 no_imp=3/20 (còn 220s)
2026-04-04 11:35:09,124 -   [Inner 398.5] cost=701.00 no_imp=4/20 (còn 220s)
2026-04-04 11:35:09,250 -   [Inner 398.6] cost=701.00 no_imp=5/20 (còn 219s)
2026-04-04 11:35:09,371 -   [Inner 398.7] cost=701.00 no_imp=6/20 (còn 219s)
2026-04-04 11:35:09,493 -   [Inner 398.8] cost=701.00 no_imp=7/20 (còn 219s)
2026-04-04 11:35:09,617 -   [Inner 398.9] cost=701.00 no_imp=8/20 (còn 219s)
2026-04-04 11:35:09,742 -   [Inner 398.10] cost=701.00 no_imp=9/20 (còn 219s)
2026-04-04 11:35:09,866 -   [Inner 398.11] cost=701.00 no_imp=10/20 (còn 219s)
2026-04-04 11:35:09,988 -   [Inner 398.12] cost=701.00 no_imp=11/20 (còn 219s)
2026-04-04 11:35:10,110 -   [Inner 398.13] cost=701.00 no_imp=12/20 (còn 219s)
2026-04-04 11:35:10,232 -   [Inner 398.14] cost=701.00 no_imp=13/20 (còn 218s)
2026-04-04 11:35:10,356 -   [Inner 398.15] cost=701.00 no_imp=14/20 (còn 218s)
2026-04-04 11:35:10,480 -   [Inner 398.16] cost=701.00 no_imp=15/20 (còn 218s)
2026-04-04 11:35:10,602 -   [Inner 398.17] cost=701.00 no_imp=16/20 (còn 218s)
2026-04-04 11:35:10,728 -   [Inner 398.18] cost=701.00 no_imp=17/20 (còn 218s)
2026-04-04 11:35:10,850 -   [Inner 398.19] cost=701.00 no_imp=18/20 (còn 218s)
2026-04-04 11:35:10,972 -   [Inner 398.20] cost=701.00 no_imp=19/20 (còn 218s)
2026-04-04 11:35:11,095 -   [Outer 398] Chạy Pairwise MaxSAT...
2026-04-04 11:35:11,096 -   [Outer] Pairwise không cải thiện cặp nào, quay lại inner.
2026-04-04 11:35:11,096 - === OUTER 399 | cost=701.00 (còn 218s) ===
2026-04-04 11:35:11,096 -   [Inner 399.1] cost=701.00 no_imp=0/20 (còn 218s)
2026-04-04 11:35:11,219 -   [Inner 399.2] cost=701.00 no_imp=1/20 (còn 217s)
2026-04-04 11:35:11,343 -   [Inner 399.3] cost=701.00 no_imp=2/20 (còn 217s)
2026-04-04 11:35:11,464 -   [Inner 399.4] cost=701.00 no_imp=3/20 (còn 217s)
2026-04-04 11:35:11,588 -   [Inner 399.5] cost=701.00 no_imp=4/20 (còn 217s)
2026-04-04 11:35:11,710 -   [Inner 399.6] cost=701.00 no_imp=5/20 (còn 217s)
2026-04-04 11:35:11,834 -   [Inner 399.7] cost=701.00 no_imp=6/20 (còn 217s)
2026-04-04 11:35:11,957 -   [Inner 399.8] cost=701.00 no_imp=7/20 (còn 217s)
2026-04-04 11:35:12,080 -   [Inner 399.9] cost=701.00 no_imp=8/20 (còn 217s)
2026-04-04 11:35:12,202 -   [Inner 399.10] cost=701.00 no_imp=9/20 (còn 216s)
2026-04-04 11:35:12,327 -   [Inner 399.11] cost=701.00 no_imp=10/20 (còn 216s)
2026-04-04 11:35:12,449 -   [Inner 399.12] cost=701.00 no_imp=11/20 (còn 216s)
2026-04-04 11:35:12,573 -   [Inner 399.13] cost=701.00 no_imp=12/20 (còn 216s)
2026-04-04 11:35:12,695 -   [Inner 399.14] cost=701.00 no_imp=13/20 (còn 216s)
2026-04-04 11:35:12,818 -   [Inner 399.15] cost=701.00 no_imp=14/20 (còn 216s)
2026-04-04 11:35:12,941 -   [Inner 399.16] cost=701.00 no_imp=15/20 (còn 216s)
2026-04-04 11:35:13,065 -   [Inner 399.17] cost=701.00 no_imp=16/20 (còn 216s)
2026-04-04 11:35:13,187 -   [Inner 399.18] cost=701.00 no_imp=17/20 (còn 215s)
2026-04-04 11:35:13,313 -   [Inner 399.19] cost=701.00 no_imp=18/20 (còn 215s)
2026-04-04 11:35:13,434 -   [Inner 399.20] cost=701.00 no_imp=19/20 (còn 215s)
2026-04-04 11:35:13,559 -   [Outer 399] Chạy Pairwise MaxSAT...
2026-04-04 11:35:13,559 -   [Outer] Pairwise không cải thiện cặp nào, quay lại inner.
2026-04-04 11:35:13,559 - === OUTER 400 | cost=701.00 (còn 215s) ===
2026-04-04 11:35:13,559 -   [Inner 400.1] cost=701.00 no_imp=0/20 (còn 215s)
2026-04-04 11:35:13,680 -   [Inner 400.2] cost=701.00 no_imp=1/20 (còn 215s)
2026-04-04 11:35:13,805 -   [Inner 400.3] cost=701.00 no_imp=2/20 (còn 215s)
2026-04-04 11:35:13,928 -   [Inner 400.4] cost=701.00 no_imp=3/20 (còn 215s)
2026-04-04 11:35:14,052 -   [Inner 400.5] cost=701.00 no_imp=4/20 (còn 215s)
2026-04-04 11:35:14,174 -   [Inner 400.6] cost=701.00 no_imp=5/20 (còn 215s)
2026-04-04 11:35:14,297 -   [Inner 400.7] cost=701.00 no_imp=6/20 (còn 214s)
2026-04-04 11:35:14,419 -   [Inner 400.8] cost=701.00 no_imp=7/20 (còn 214s)
2026-04-04 11:35:14,542 -   [Inner 400.9] cost=701.00 no_imp=8/20 (còn 214s)
2026-04-04 11:35:14,665 -   [Inner 400.10] cost=701.00 no_imp=9/20 (còn 214s)
2026-04-04 11:35:14,788 -   [Inner 400.11] cost=701.00 no_imp=10/20 (còn 214s)
2026-04-04 11:35:14,911 -   [Inner 400.12] cost=701.00 no_imp=11/20 (còn 214s)
2026-04-04 11:35:15,034 -   [Inner 400.13] cost=701.00 no_imp=12/20 (còn 214s)
2026-04-04 11:35:15,155 -   [Inner 400.14] cost=701.00 no_imp=13/20 (còn 214s)
2026-04-04 11:35:15,281 -   [Inner 400.15] cost=701.00 no_imp=14/20 (còn 213s)
2026-04-04 11:35:15,402 -   [Inner 400.16] cost=701.00 no_imp=15/20 (còn 213s)
2026-04-04 11:35:15,525 -   [Inner 400.17] cost=701.00 no_imp=16/20 (còn 213s)
2026-04-04 11:35:15,647 -   [Inner 400.18] cost=701.00 no_imp=17/20 (còn 213s)
2026-04-04 11:35:15,773 -   [Inner 400.19] cost=701.00 no_imp=18/20 (còn 213s)
2026-04-04 11:35:15,898 -   [Inner 400.20] cost=701.00 no_imp=19/20 (còn 213s)
2026-04-04 11:35:16,019 -   [Outer 400] Chạy Pairwise MaxSAT...
2026-04-04 11:35:16,019 -   [Outer] Pairwise không cải thiện cặp nào, quay lại inner.
2026-04-04 11:35:16,019 - === OUTER 401 | cost=701.00 (còn 213s) ===
2026-04-04 11:35:16,020 -   [Inner 401.1] cost=701.00 no_imp=0/20 (còn 213s)
2026-04-04 11:35:16,141 -   [Inner 401.2] cost=701.00 no_imp=1/20 (còn 213s)
2026-04-04 11:35:16,265 -   [Inner 401.3] cost=701.00 no_imp=2/20 (còn 212s)
2026-04-04 11:35:16,388 -   [Inner 401.4] cost=701.00 no_imp=3/20 (còn 212s)
2026-04-04 11:35:16,510 -   [Inner 401.5] cost=701.00 no_imp=4/20 (còn 212s)
2026-04-04 11:35:16,635 -   [Inner 401.6] cost=701.00 no_imp=5/20 (còn 212s)
2026-04-04 11:35:16,758 -   [Inner 401.7] cost=701.00 no_imp=6/20 (còn 212s)
2026-04-04 11:35:16,882 -   [Inner 401.8] cost=701.00 no_imp=7/20 (còn 212s)
2026-04-04 11:35:17,004 -   [Inner 401.9] cost=701.00 no_imp=8/20 (còn 212s)
2026-04-04 11:35:17,127 -   [Inner 401.10] cost=701.00 no_imp=9/20 (còn 212s)
2026-04-04 11:35:17,251 -   [Inner 401.11] cost=701.00 no_imp=10/20 (còn 211s)
2026-04-04 11:35:17,377 -   [Inner 401.12] cost=701.00 no_imp=11/20 (còn 211s)
2026-04-04 11:35:17,500 -   [Inner 401.13] cost=701.00 no_imp=12/20 (còn 211s)
2026-04-04 11:35:17,650 -   [Inner 401.14] cost=701.00 no_imp=13/20 (còn 211s)
2026-04-04 11:35:17,774 -   [Inner 401.15] cost=701.00 no_imp=14/20 (còn 211s)
2026-04-04 11:35:17,898 -   [Inner 401.16] cost=701.00 no_imp=15/20 (còn 211s)
2026-04-04 11:35:18,020 -   [Inner 401.17] cost=701.00 no_imp=16/20 (còn 211s)
2026-04-04 11:35:18,142 -   [Inner 401.18] cost=701.00 no_imp=17/20 (còn 211s)
2026-04-04 11:35:18,267 -   [Inner 401.19] cost=701.00 no_imp=18/20 (còn 210s)
2026-04-04 11:35:18,389 -   [Inner 401.20] cost=701.00 no_imp=19/20 (còn 210s)
2026-04-04 11:35:18,511 -   [Outer 401] Chạy Pairwise MaxSAT...
2026-04-04 11:35:18,511 -   [Outer] Pairwise không cải thiện cặp nào, quay lại inner.
2026-04-04 11:35:18,511 - === OUTER 402 | cost=701.00 (còn 210s) ===
2026-04-04 11:35:18,511 -   [Inner 402.1] cost=701.00 no_imp=0/20 (còn 210s)
2026-04-04 11:35:18,634 -   [Inner 402.2] cost=701.00 no_imp=1/20 (còn 210s)
2026-04-04 11:35:18,756 -   [Inner 402.3] cost=701.00 no_imp=2/20 (còn 210s)
2026-04-04 11:35:18,880 -   [Inner 402.4] cost=701.00 no_imp=3/20 (còn 210s)
2026-04-04 11:35:19,003 -   [Inner 402.5] cost=701.00 no_imp=4/20 (còn 210s)
2026-04-04 11:35:19,128 -   [Inner 402.6] cost=701.00 no_imp=5/20 (còn 210s)
2026-04-04 11:35:19,251 -   [Inner 402.7] cost=701.00 no_imp=6/20 (còn 209s)
2026-04-04 11:35:19,377 -   [Inner 402.8] cost=701.00 no_imp=7/20 (còn 209s)
2026-04-04 11:35:19,501 -   [Inner 402.9] cost=701.00 no_imp=8/20 (còn 209s)
2026-04-04 11:35:19,625 -   [Inner 402.10] cost=701.00 no_imp=9/20 (còn 209s)
2026-04-04 11:35:19,748 -   [Inner 402.11] cost=701.00 no_imp=10/20 (còn 209s)
2026-04-04 11:35:19,870 -   [Inner 402.12] cost=701.00 no_imp=11/20 (còn 209s)
2026-04-04 11:35:19,992 -   [Inner 402.13] cost=701.00 no_imp=12/20 (còn 209s)
2026-04-04 11:35:20,118 -   [Inner 402.14] cost=701.00 no_imp=13/20 (còn 209s)
2026-04-04 11:35:20,243 -   [Inner 402.15] cost=701.00 no_imp=14/20 (còn 208s)
2026-04-04 11:35:20,365 -   [Inner 402.16] cost=701.00 no_imp=15/20 (còn 208s)
2026-04-04 11:35:20,487 -   [Inner 402.17] cost=701.00 no_imp=16/20 (còn 208s)
2026-04-04 11:35:20,610 -   [Inner 402.18] cost=701.00 no_imp=17/20 (còn 208s)
2026-04-04 11:35:20,735 -   [Inner 402.19] cost=701.00 no_imp=18/20 (còn 208s)
2026-04-04 11:35:20,856 -   [Inner 402.20] cost=701.00 no_imp=19/20 (còn 208s)
2026-04-04 11:35:20,979 -   [Outer 402] Chạy Pairwise MaxSAT...
2026-04-04 11:35:20,980 -   [Outer] Pairwise không cải thiện cặp nào, quay lại inner.
2026-04-04 11:35:20,980 - === OUTER 403 | cost=701.00 (còn 208s) ===
2026-04-04 11:35:20,980 -   [Inner 403.1] cost=701.00 no_imp=0/20 (còn 208s)
2026-04-04 11:35:21,104 -   [Inner 403.2] cost=701.00 no_imp=1/20 (còn 208s)
2026-04-04 11:35:21,228 -   [Inner 403.3] cost=701.00 no_imp=2/20 (còn 207s)
2026-04-04 11:35:21,353 -   [Inner 403.4] cost=701.00 no_imp=3/20 (còn 207s)
2026-04-04 11:35:21,477 -   [Inner 403.5] cost=701.00 no_imp=4/20 (còn 207s)
2026-04-04 11:35:21,601 -   [Inner 403.6] cost=701.00 no_imp=5/20 (còn 207s)
2026-04-04 11:35:21,724 -   [Inner 403.7] cost=701.00 no_imp=6/20 (còn 207s)
2026-04-04 11:35:21,847 -   [Inner 403.8] cost=701.00 no_imp=7/20 (còn 207s)
2026-04-04 11:35:21,970 -   [Inner 403.9] cost=701.00 no_imp=8/20 (còn 207s)
2026-04-04 11:35:22,093 -   [Inner 403.10] cost=701.00 no_imp=9/20 (còn 207s)
2026-04-04 11:35:22,215 -   [Inner 403.11] cost=701.00 no_imp=10/20 (còn 206s)
2026-04-04 11:35:22,338 -   [Inner 403.12] cost=701.00 no_imp=11/20 (còn 206s)
2026-04-04 11:35:22,461 -   [Inner 403.13] cost=701.00 no_imp=12/20 (còn 206s)
2026-04-04 11:35:22,585 -   [Inner 403.14] cost=701.00 no_imp=13/20 (còn 206s)
2026-04-04 11:35:22,708 -   [Inner 403.15] cost=701.00 no_imp=14/20 (còn 206s)
2026-04-04 11:35:22,831 -   [Inner 403.16] cost=701.00 no_imp=15/20 (còn 206s)
2026-04-04 11:35:22,953 -   [Inner 403.17] cost=701.00 no_imp=16/20 (còn 206s)
2026-04-04 11:35:23,076 -   [Inner 403.18] cost=701.00 no_imp=17/20 (còn 206s)
2026-04-04 11:35:23,198 -   [Inner 403.19] cost=701.00 no_imp=18/20 (còn 205s)
2026-04-04 11:35:23,321 -   [Inner 403.20] cost=701.00 no_imp=19/20 (còn 205s)
2026-04-04 11:35:23,445 -   [Outer 403] Chạy Pairwise MaxSAT...
2026-04-04 11:35:23,446 -   [Outer] Pairwise không cải thiện cặp nào, quay lại inner.
2026-04-04 11:35:23,446 - === OUTER 404 | cost=701.00 (còn 205s) ===
2026-04-04 11:35:23,446 -   [Inner 404.1] cost=701.00 no_imp=0/20 (còn 205s)
2026-04-04 11:35:23,569 -   [Inner 404.2] cost=701.00 no_imp=1/20 (còn 205s)
2026-04-04 11:35:23,692 -   [Inner 404.3] cost=701.00 no_imp=2/20 (còn 205s)
2026-04-04 11:35:23,814 -   [Inner 404.4] cost=701.00 no_imp=3/20 (còn 205s)
2026-04-04 11:35:23,937 -   [Inner 404.5] cost=701.00 no_imp=4/20 (còn 205s)
2026-04-04 11:35:24,062 -   [Inner 404.6] cost=701.00 no_imp=5/20 (còn 205s)
2026-04-04 11:35:24,185 -   [Inner 404.7] cost=701.00 no_imp=6/20 (còn 205s)
2026-04-04 11:35:24,310 -   [Inner 404.8] cost=701.00 no_imp=7/20 (còn 204s)
2026-04-04 11:35:24,431 -   [Inner 404.9] cost=701.00 no_imp=8/20 (còn 204s)
2026-04-04 11:35:24,553 -   [Inner 404.10] cost=701.00 no_imp=9/20 (còn 204s)
2026-04-04 11:35:24,676 -   [Inner 404.11] cost=701.00 no_imp=10/20 (còn 204s)
2026-04-04 11:35:24,799 -   [Inner 404.12] cost=701.00 no_imp=11/20 (còn 204s)
2026-04-04 11:35:24,921 -   [Inner 404.13] cost=701.00 no_imp=12/20 (còn 204s)
2026-04-04 11:35:25,045 -   [Inner 404.14] cost=701.00 no_imp=13/20 (còn 204s)
2026-04-04 11:35:25,167 -   [Inner 404.15] cost=701.00 no_imp=14/20 (còn 204s)
2026-04-04 11:35:25,291 -   [Inner 404.16] cost=701.00 no_imp=15/20 (còn 203s)
2026-04-04 11:35:25,418 -   [Inner 404.17] cost=701.00 no_imp=16/20 (còn 203s)
2026-04-04 11:35:25,541 -   [Inner 404.18] cost=701.00 no_imp=17/20 (còn 203s)
2026-04-04 11:35:25,663 -   [Inner 404.19] cost=701.00 no_imp=18/20 (còn 203s)
2026-04-04 11:35:25,851 -   [Inner 404.20] cost=701.00 no_imp=19/20 (còn 203s)
2026-04-04 11:35:25,973 -   [Outer 404] Chạy Pairwise MaxSAT...
2026-04-04 11:35:25,973 -   [Outer] Pairwise không cải thiện cặp nào, quay lại inner.
2026-04-04 11:35:25,973 - === OUTER 405 | cost=701.00 (còn 203s) ===
2026-04-04 11:35:25,974 -   [Inner 405.1] cost=701.00 no_imp=0/20 (còn 203s)
2026-04-04 11:35:26,098 -   [Inner 405.2] cost=701.00 no_imp=1/20 (còn 203s)
2026-04-04 11:35:26,222 -   [Inner 405.3] cost=701.00 no_imp=2/20 (còn 202s)
2026-04-04 11:35:26,345 -   [Inner 405.4] cost=701.00 no_imp=3/20 (còn 202s)
2026-04-04 11:35:26,509 -   [Inner 405.5] cost=701.00 no_imp=4/20 (còn 202s)
2026-04-04 11:35:26,643 -   [Inner 405.6] cost=701.00 no_imp=5/20 (còn 202s)
2026-04-04 11:35:26,767 -   [Inner 405.7] cost=701.00 no_imp=6/20 (còn 202s)
2026-04-04 11:35:26,890 -   [Inner 405.8] cost=701.00 no_imp=7/20 (còn 202s)
2026-04-04 11:35:27,013 -   [Inner 405.9] cost=701.00 no_imp=8/20 (còn 202s)
2026-04-04 11:35:27,136 -   [Inner 405.10] cost=701.00 no_imp=9/20 (còn 202s)
2026-04-04 11:35:27,260 -   [Inner 405.11] cost=701.00 no_imp=10/20 (còn 201s)
2026-04-04 11:35:27,383 -   [Inner 405.12] cost=701.00 no_imp=11/20 (còn 201s)
2026-04-04 11:35:27,510 -   [Inner 405.13] cost=701.00 no_imp=12/20 (còn 201s)
2026-04-04 11:35:27,633 -   [Inner 405.14] cost=701.00 no_imp=13/20 (còn 201s)
2026-04-04 11:35:27,757 -   [Inner 405.15] cost=701.00 no_imp=14/20 (còn 201s)
2026-04-04 11:35:27,880 -   [Inner 405.16] cost=701.00 no_imp=15/20 (còn 201s)
2026-04-04 11:35:28,004 -   [Inner 405.17] cost=701.00 no_imp=16/20 (còn 201s)
2026-04-04 11:35:28,126 -   [Inner 405.18] cost=701.00 no_imp=17/20 (còn 201s)
2026-04-04 11:35:28,250 -   [Inner 405.19] cost=701.00 no_imp=18/20 (còn 200s)
2026-04-04 11:35:28,371 -   [Inner 405.20] cost=701.00 no_imp=19/20 (còn 200s)
2026-04-04 11:35:28,494 -   [Outer 405] Chạy Pairwise MaxSAT...
2026-04-04 11:35:28,495 -   [Outer] Pairwise không cải thiện cặp nào, quay lại inner.
2026-04-04 11:35:28,495 - === OUTER 406 | cost=701.00 (còn 200s) ===
2026-04-04 11:35:28,495 -   [Inner 406.1] cost=701.00 no_imp=0/20 (còn 200s)
2026-04-04 11:35:28,618 -   [Inner 406.2] cost=701.00 no_imp=1/20 (còn 200s)
2026-04-04 11:35:28,738 -   [Inner 406.3] cost=701.00 no_imp=2/20 (còn 200s)
2026-04-04 11:35:28,862 -   [Inner 406.4] cost=701.00 no_imp=3/20 (còn 200s)
2026-04-04 11:35:28,986 -   [Inner 406.5] cost=701.00 no_imp=4/20 (còn 200s)
2026-04-04 11:35:29,112 -   [Inner 406.6] cost=701.00 no_imp=5/20 (còn 200s)
2026-04-04 11:35:29,234 -   [Inner 406.7] cost=701.00 no_imp=6/20 (còn 199s)
2026-04-04 11:35:29,357 -   [Inner 406.8] cost=701.00 no_imp=7/20 (còn 199s)
2026-04-04 11:35:29,482 -   [Inner 406.9] cost=701.00 no_imp=8/20 (còn 199s)
2026-04-04 11:35:29,605 -   [Inner 406.10] cost=701.00 no_imp=9/20 (còn 199s)
2026-04-04 11:35:29,730 -   [Inner 406.11] cost=701.00 no_imp=10/20 (còn 199s)
2026-04-04 11:35:29,856 -   [Inner 406.12] cost=701.00 no_imp=11/20 (còn 199s)
2026-04-04 11:35:29,980 -   [Inner 406.13] cost=701.00 no_imp=12/20 (còn 199s)
2026-04-04 11:35:30,103 -   [Inner 406.14] cost=701.00 no_imp=13/20 (còn 199s)
2026-04-04 11:35:30,224 -   [Inner 406.15] cost=701.00 no_imp=14/20 (còn 198s)
2026-04-04 11:35:30,351 -   [Inner 406.16] cost=701.00 no_imp=15/20 (còn 198s)
2026-04-04 11:35:30,472 -   [Inner 406.17] cost=701.00 no_imp=16/20 (còn 198s)
2026-04-04 11:35:30,596 -   [Inner 406.18] cost=701.00 no_imp=17/20 (còn 198s)
2026-04-04 11:35:30,718 -   [Inner 406.19] cost=701.00 no_imp=18/20 (còn 198s)
2026-04-04 11:35:30,841 -   [Inner 406.20] cost=701.00 no_imp=19/20 (còn 198s)
2026-04-04 11:35:30,964 -   [Outer 406] Chạy Pairwise MaxSAT...
2026-04-04 11:35:30,964 -   [Outer] Pairwise không cải thiện cặp nào, quay lại inner.
2026-04-04 11:35:30,964 - === OUTER 407 | cost=701.00 (còn 198s) ===
2026-04-04 11:35:30,964 -   [Inner 407.1] cost=701.00 no_imp=0/20 (còn 198s)
2026-04-04 11:35:31,088 -   [Inner 407.2] cost=701.00 no_imp=1/20 (còn 198s)
2026-04-04 11:35:31,214 -   [Inner 407.3] cost=701.00 no_imp=2/20 (còn 197s)
2026-04-04 11:35:31,337 -   [Inner 407.4] cost=701.00 no_imp=3/20 (còn 197s)
2026-04-04 11:35:31,460 -   [Inner 407.5] cost=701.00 no_imp=4/20 (còn 197s)
2026-04-04 11:35:31,587 -   [Inner 407.6] cost=701.00 no_imp=5/20 (còn 197s)
2026-04-04 11:35:31,712 -   [Inner 407.7] cost=701.00 no_imp=6/20 (còn 197s)
2026-04-04 11:35:31,836 -   [Inner 407.8] cost=701.00 no_imp=7/20 (còn 197s)
2026-04-04 11:35:31,958 -   [Inner 407.9] cost=701.00 no_imp=8/20 (còn 197s)
2026-04-04 11:35:32,083 -   [Inner 407.10] cost=701.00 no_imp=9/20 (còn 197s)
2026-04-04 11:35:32,206 -   [Inner 407.11] cost=701.00 no_imp=10/20 (còn 196s)
2026-04-04 11:35:32,330 -   [Inner 407.12] cost=701.00 no_imp=11/20 (còn 196s)
2026-04-04 11:35:32,453 -   [Inner 407.13] cost=701.00 no_imp=12/20 (còn 196s)
2026-04-04 11:35:32,575 -   [Inner 407.14] cost=701.00 no_imp=13/20 (còn 196s)
2026-04-04 11:35:32,699 -   [Inner 407.15] cost=701.00 no_imp=14/20 (còn 196s)
2026-04-04 11:35:32,824 -   [Inner 407.16] cost=701.00 no_imp=15/20 (còn 196s)
2026-04-04 11:35:32,947 -   [Inner 407.17] cost=701.00 no_imp=16/20 (còn 196s)
2026-04-04 11:35:33,070 -   [Inner 407.18] cost=701.00 no_imp=17/20 (còn 196s)
2026-04-04 11:35:33,193 -   [Inner 407.19] cost=701.00 no_imp=18/20 (còn 195s)
2026-04-04 11:35:33,319 -   [Inner 407.20] cost=701.00 no_imp=19/20 (còn 195s)
2026-04-04 11:35:33,441 -   [Outer 407] Chạy Pairwise MaxSAT...
2026-04-04 11:35:33,441 -   [Outer] Pairwise không cải thiện cặp nào, quay lại inner.
2026-04-04 11:35:33,441 - === OUTER 408 | cost=701.00 (còn 195s) ===
2026-04-04 11:35:33,441 -   [Inner 408.1] cost=701.00 no_imp=0/20 (còn 195s)
2026-04-04 11:35:33,568 -   [Inner 408.2] cost=701.00 no_imp=1/20 (còn 195s)
2026-04-04 11:35:33,690 -   [Inner 408.3] cost=701.00 no_imp=2/20 (còn 195s)
2026-04-04 11:35:33,813 -   [Inner 408.4] cost=701.00 no_imp=3/20 (còn 195s)
2026-04-04 11:35:33,938 -   [Inner 408.5] cost=701.00 no_imp=4/20 (còn 195s)
2026-04-04 11:35:34,061 -   [Inner 408.6] cost=701.00 no_imp=5/20 (còn 195s)
2026-04-04 11:35:34,184 -   [Inner 408.7] cost=701.00 no_imp=6/20 (còn 195s)
2026-04-04 11:35:34,308 -   [Inner 408.8] cost=701.00 no_imp=7/20 (còn 194s)
2026-04-04 11:35:34,434 -   [Inner 408.9] cost=701.00 no_imp=8/20 (còn 194s)
2026-04-04 11:35:34,559 -   [Inner 408.10] cost=701.00 no_imp=9/20 (còn 194s)
2026-04-04 11:35:34,686 -   [Inner 408.11] cost=701.00 no_imp=10/20 (còn 194s)
2026-04-04 11:35:34,809 -   [Inner 408.12] cost=701.00 no_imp=11/20 (còn 194s)
2026-04-04 11:35:34,932 -   [Inner 408.13] cost=701.00 no_imp=12/20 (còn 194s)
2026-04-04 11:35:35,056 -   [Inner 408.14] cost=701.00 no_imp=13/20 (còn 194s)
2026-04-04 11:35:35,186 -   [Inner 408.15] cost=701.00 no_imp=14/20 (còn 194s)
2026-04-04 11:35:35,311 -   [Inner 408.16] cost=701.00 no_imp=15/20 (còn 193s)
2026-04-04 11:35:35,437 -   [Inner 408.17] cost=701.00 no_imp=16/20 (còn 193s)
2026-04-04 11:35:35,564 -   [Inner 408.18] cost=701.00 no_imp=17/20 (còn 193s)
2026-04-04 11:35:35,690 -   [Inner 408.19] cost=701.00 no_imp=18/20 (còn 193s)
2026-04-04 11:35:35,816 -   [Inner 408.20] cost=701.00 no_imp=19/20 (còn 193s)
2026-04-04 11:35:35,939 -   [Outer 408] Chạy Pairwise MaxSAT...
2026-04-04 11:35:35,939 -   [Outer] Pairwise không cải thiện cặp nào, quay lại inner.
2026-04-04 11:35:35,939 - === OUTER 409 | cost=701.00 (còn 193s) ===
2026-04-04 11:35:35,939 -   [Inner 409.1] cost=701.00 no_imp=0/20 (còn 193s)
2026-04-04 11:35:36,062 -   [Inner 409.2] cost=701.00 no_imp=1/20 (còn 193s)
2026-04-04 11:35:36,185 -   [Inner 409.3] cost=701.00 no_imp=2/20 (còn 193s)
2026-04-04 11:35:36,308 -   [Inner 409.4] cost=701.00 no_imp=3/20 (còn 192s)
2026-04-04 11:35:36,433 -   [Inner 409.5] cost=701.00 no_imp=4/20 (còn 192s)
2026-04-04 11:35:36,560 -   [Inner 409.6] cost=701.00 no_imp=5/20 (còn 192s)
2026-04-04 11:35:36,683 -   [Inner 409.7] cost=701.00 no_imp=6/20 (còn 192s)
2026-04-04 11:35:36,809 -   [Inner 409.8] cost=701.00 no_imp=7/20 (còn 192s)
2026-04-04 11:35:36,934 -   [Inner 409.9] cost=701.00 no_imp=8/20 (còn 192s)
2026-04-04 11:35:37,060 -   [Inner 409.10] cost=701.00 no_imp=9/20 (còn 192s)
2026-04-04 11:35:37,186 -   [Inner 409.11] cost=701.00 no_imp=10/20 (còn 192s)
2026-04-04 11:35:37,311 -   [Inner 409.12] cost=701.00 no_imp=11/20 (còn 191s)
2026-04-04 11:35:37,437 -   [Inner 409.13] cost=701.00 no_imp=12/20 (còn 191s)
2026-04-04 11:35:37,566 -   [Inner 409.14] cost=701.00 no_imp=13/20 (còn 191s)
2026-04-04 11:35:37,691 -   [Inner 409.15] cost=701.00 no_imp=14/20 (còn 191s)
2026-04-04 11:35:37,816 -   [Inner 409.16] cost=701.00 no_imp=15/20 (còn 191s)
2026-04-04 11:35:37,939 -   [Inner 409.17] cost=701.00 no_imp=16/20 (còn 191s)
2026-04-04 11:35:38,063 -   [Inner 409.18] cost=701.00 no_imp=17/20 (còn 191s)
2026-04-04 11:35:38,186 -   [Inner 409.19] cost=701.00 no_imp=18/20 (còn 191s)
2026-04-04 11:35:38,308 -   [Inner 409.20] cost=701.00 no_imp=19/20 (còn 190s)
2026-04-04 11:35:38,430 -   [Outer 409] Chạy Pairwise MaxSAT...
2026-04-04 11:35:38,431 -   [Outer] Pairwise không cải thiện cặp nào, quay lại inner.
2026-04-04 11:35:38,431 - === OUTER 410 | cost=701.00 (còn 190s) ===
2026-04-04 11:35:38,431 -   [Inner 410.1] cost=701.00 no_imp=0/20 (còn 190s)
2026-04-04 11:35:38,553 -   [Inner 410.2] cost=701.00 no_imp=1/20 (còn 190s)
2026-04-04 11:35:38,676 -   [Inner 410.3] cost=701.00 no_imp=2/20 (còn 190s)
2026-04-04 11:35:38,798 -   [Inner 410.4] cost=701.00 no_imp=3/20 (còn 190s)
2026-04-04 11:35:38,919 -   [Inner 410.5] cost=701.00 no_imp=4/20 (còn 190s)
2026-04-04 11:35:39,043 -   [Inner 410.6] cost=701.00 no_imp=5/20 (còn 190s)
2026-04-04 11:35:39,165 -   [Inner 410.7] cost=701.00 no_imp=6/20 (còn 190s)
2026-04-04 11:35:39,289 -   [Inner 410.8] cost=701.00 no_imp=7/20 (còn 189s)
2026-04-04 11:35:39,411 -   [Inner 410.9] cost=701.00 no_imp=8/20 (còn 189s)
2026-04-04 11:35:39,534 -   [Inner 410.10] cost=701.00 no_imp=9/20 (còn 189s)
2026-04-04 11:35:39,660 -   [Inner 410.11] cost=701.00 no_imp=10/20 (còn 189s)
2026-04-04 11:35:39,783 -   [Inner 410.12] cost=701.00 no_imp=11/20 (còn 189s)
2026-04-04 11:35:39,906 -   [Inner 410.13] cost=701.00 no_imp=12/20 (còn 189s)
2026-04-04 11:35:40,029 -   [Inner 410.14] cost=701.00 no_imp=13/20 (còn 189s)
2026-04-04 11:35:40,151 -   [Inner 410.15] cost=701.00 no_imp=14/20 (còn 189s)
2026-04-04 11:35:40,272 -   [Inner 410.16] cost=701.00 no_imp=15/20 (còn 188s)
2026-04-04 11:35:40,395 -   [Inner 410.17] cost=701.00 no_imp=16/20 (còn 188s)
2026-04-04 11:35:40,518 -   [Inner 410.18] cost=701.00 no_imp=17/20 (còn 188s)
2026-04-04 11:35:40,641 -   [Inner 410.19] cost=701.00 no_imp=18/20 (còn 188s)
2026-04-04 11:35:40,765 -   [Inner 410.20] cost=701.00 no_imp=19/20 (còn 188s)
2026-04-04 11:35:40,887 -   [Outer 410] Chạy Pairwise MaxSAT...
2026-04-04 11:35:40,887 -   [Outer] Pairwise không cải thiện cặp nào, quay lại inner.
2026-04-04 11:35:40,888 - === OUTER 411 | cost=701.00 (còn 188s) ===
2026-04-04 11:35:40,888 -   [Inner 411.1] cost=701.00 no_imp=0/20 (còn 188s)
2026-04-04 11:35:41,010 -   [Inner 411.2] cost=701.00 no_imp=1/20 (còn 188s)
2026-04-04 11:35:41,133 -   [Inner 411.3] cost=701.00 no_imp=2/20 (còn 188s)
2026-04-04 11:35:41,256 -   [Inner 411.4] cost=701.00 no_imp=3/20 (còn 187s)
2026-04-04 11:35:41,378 -   [Inner 411.5] cost=701.00 no_imp=4/20 (còn 187s)
2026-04-04 11:35:41,500 -   [Inner 411.6] cost=701.00 no_imp=5/20 (còn 187s)
2026-04-04 11:35:41,623 -   [Inner 411.7] cost=701.00 no_imp=6/20 (còn 187s)
2026-04-04 11:35:41,751 -   [Inner 411.8] cost=701.00 no_imp=7/20 (còn 187s)
2026-04-04 11:35:41,874 -   [Inner 411.9] cost=701.00 no_imp=8/20 (còn 187s)
2026-04-04 11:35:41,996 -   [Inner 411.10] cost=701.00 no_imp=9/20 (còn 187s)
2026-04-04 11:35:42,119 -   [Inner 411.11] cost=701.00 no_imp=10/20 (còn 187s)
2026-04-04 11:35:42,243 -   [Inner 411.12] cost=701.00 no_imp=11/20 (còn 186s)
2026-04-04 11:35:42,369 -   [Inner 411.13] cost=701.00 no_imp=12/20 (còn 186s)
2026-04-04 11:35:42,495 -   [Inner 411.14] cost=701.00 no_imp=13/20 (còn 186s)
2026-04-04 11:35:42,622 -   [Inner 411.15] cost=701.00 no_imp=14/20 (còn 186s)
2026-04-04 11:35:42,749 -   [Inner 411.16] cost=701.00 no_imp=15/20 (còn 186s)
2026-04-04 11:35:42,873 -   [Inner 411.17] cost=701.00 no_imp=16/20 (còn 186s)
2026-04-04 11:35:42,996 -   [Inner 411.18] cost=701.00 no_imp=17/20 (còn 186s)
2026-04-04 11:35:43,120 -   [Inner 411.19] cost=701.00 no_imp=18/20 (còn 186s)
2026-04-04 11:35:43,243 -   [Inner 411.20] cost=701.00 no_imp=19/20 (còn 185s)
2026-04-04 11:35:43,366 -   [Outer 411] Chạy Pairwise MaxSAT...
2026-04-04 11:35:43,366 -   [Outer] Pairwise không cải thiện cặp nào, quay lại inner.
2026-04-04 11:35:43,366 - === OUTER 412 | cost=701.00 (còn 185s) ===
2026-04-04 11:35:43,367 -   [Inner 412.1] cost=701.00 no_imp=0/20 (còn 185s)
2026-04-04 11:35:43,490 -   [Inner 412.2] cost=701.00 no_imp=1/20 (còn 185s)
2026-04-04 11:35:43,614 -   [Inner 412.3] cost=701.00 no_imp=2/20 (còn 185s)
2026-04-04 11:35:43,743 -   [Inner 412.4] cost=701.00 no_imp=3/20 (còn 185s)
2026-04-04 11:35:43,868 -   [Inner 412.5] cost=701.00 no_imp=4/20 (còn 185s)
2026-04-04 11:35:43,994 -   [Inner 412.6] cost=701.00 no_imp=5/20 (còn 185s)
2026-04-04 11:35:44,120 -   [Inner 412.7] cost=701.00 no_imp=6/20 (còn 185s)
2026-04-04 11:35:44,245 -   [Inner 412.8] cost=701.00 no_imp=7/20 (còn 184s)
2026-04-04 11:35:44,371 -   [Inner 412.9] cost=701.00 no_imp=8/20 (còn 184s)
2026-04-04 11:35:44,496 -   [Inner 412.10] cost=701.00 no_imp=9/20 (còn 184s)
2026-04-04 11:35:44,622 -   [Inner 412.11] cost=701.00 no_imp=10/20 (còn 184s)
2026-04-04 11:35:44,748 -   [Inner 412.12] cost=701.00 no_imp=11/20 (còn 184s)
2026-04-04 11:35:44,873 -   [Inner 412.13] cost=701.00 no_imp=12/20 (còn 184s)
2026-04-04 11:35:44,994 -   [Inner 412.14] cost=701.00 no_imp=13/20 (còn 184s)
2026-04-04 11:35:45,114 -   [Inner 412.15] cost=701.00 no_imp=14/20 (còn 184s)
2026-04-04 11:35:45,236 -   [Inner 412.16] cost=701.00 no_imp=15/20 (còn 183s)
2026-04-04 11:35:45,359 -   [Inner 412.17] cost=701.00 no_imp=16/20 (còn 183s)
2026-04-04 11:35:45,480 -   [Inner 412.18] cost=701.00 no_imp=17/20 (còn 183s)
2026-04-04 11:35:45,602 -   [Inner 412.19] cost=701.00 no_imp=18/20 (còn 183s)
2026-04-04 11:35:45,728 -   [Inner 412.20] cost=701.00 no_imp=19/20 (còn 183s)
2026-04-04 11:35:45,852 -   [Outer 412] Chạy Pairwise MaxSAT...
2026-04-04 11:35:45,853 -   [Outer] Pairwise không cải thiện cặp nào, quay lại inner.
2026-04-04 11:35:45,853 - === OUTER 413 | cost=701.00 (còn 183s) ===
2026-04-04 11:35:45,853 -   [Inner 413.1] cost=701.00 no_imp=0/20 (còn 183s)
2026-04-04 11:35:45,974 -   [Inner 413.2] cost=701.00 no_imp=1/20 (còn 183s)
2026-04-04 11:35:46,097 -   [Inner 413.3] cost=701.00 no_imp=2/20 (còn 183s)
2026-04-04 11:35:46,219 -   [Inner 413.4] cost=701.00 no_imp=3/20 (còn 182s)
2026-04-04 11:35:46,343 -   [Inner 413.5] cost=701.00 no_imp=4/20 (còn 182s)
2026-04-04 11:35:46,464 -   [Inner 413.6] cost=701.00 no_imp=5/20 (còn 182s)
2026-04-04 11:35:46,588 -   [Inner 413.7] cost=701.00 no_imp=6/20 (còn 182s)
2026-04-04 11:35:46,709 -   [Inner 413.8] cost=701.00 no_imp=7/20 (còn 182s)
2026-04-04 11:35:46,834 -   [Inner 413.9] cost=701.00 no_imp=8/20 (còn 182s)
2026-04-04 11:35:46,956 -   [Inner 413.10] cost=701.00 no_imp=9/20 (còn 182s)
2026-04-04 11:35:47,079 -   [Inner 413.11] cost=701.00 no_imp=10/20 (còn 182s)
2026-04-04 11:35:47,202 -   [Inner 413.12] cost=701.00 no_imp=11/20 (còn 181s)
2026-04-04 11:35:47,326 -   [Inner 413.13] cost=701.00 no_imp=12/20 (còn 181s)
2026-04-04 11:35:47,448 -   [Inner 413.14] cost=701.00 no_imp=13/20 (còn 181s)
2026-04-04 11:35:47,572 -   [Inner 413.15] cost=701.00 no_imp=14/20 (còn 181s)
2026-04-04 11:35:47,696 -   [Inner 413.16] cost=701.00 no_imp=15/20 (còn 181s)
2026-04-04 11:35:47,823 -   [Inner 413.17] cost=701.00 no_imp=16/20 (còn 181s)
2026-04-04 11:35:47,945 -   [Inner 413.18] cost=701.00 no_imp=17/20 (còn 181s)
2026-04-04 11:35:48,068 -   [Inner 413.19] cost=701.00 no_imp=18/20 (còn 181s)
2026-04-04 11:35:48,191 -   [Inner 413.20] cost=701.00 no_imp=19/20 (còn 180s)
2026-04-04 11:35:48,316 -   [Outer 413] Chạy Pairwise MaxSAT...
2026-04-04 11:35:48,316 -   [Outer] Pairwise không cải thiện cặp nào, quay lại inner.
2026-04-04 11:35:48,316 - === OUTER 414 | cost=701.00 (còn 180s) ===
2026-04-04 11:35:48,316 -   [Inner 414.1] cost=701.00 no_imp=0/20 (còn 180s)
2026-04-04 11:35:48,438 -   [Inner 414.2] cost=701.00 no_imp=1/20 (còn 180s)
2026-04-04 11:35:48,560 -   [Inner 414.3] cost=701.00 no_imp=2/20 (còn 180s)
2026-04-04 11:35:48,683 -   [Inner 414.4] cost=701.00 no_imp=3/20 (còn 180s)
2026-04-04 11:35:48,805 -   [Inner 414.5] cost=701.00 no_imp=4/20 (còn 180s)
2026-04-04 11:35:48,929 -   [Inner 414.6] cost=701.00 no_imp=5/20 (còn 180s)
2026-04-04 11:35:49,052 -   [Inner 414.7] cost=701.00 no_imp=6/20 (còn 180s)
2026-04-04 11:35:49,174 -   [Inner 414.8] cost=701.00 no_imp=7/20 (còn 180s)
2026-04-04 11:35:49,297 -   [Inner 414.9] cost=701.00 no_imp=8/20 (còn 179s)
2026-04-04 11:35:49,420 -   [Inner 414.10] cost=701.00 no_imp=9/20 (còn 179s)
2026-04-04 11:35:49,543 -   [Inner 414.11] cost=701.00 no_imp=10/20 (còn 179s)
2026-04-04 11:35:49,666 -   [Inner 414.12] cost=701.00 no_imp=11/20 (còn 179s)
2026-04-04 11:35:49,792 -   [Inner 414.13] cost=701.00 no_imp=12/20 (còn 179s)
2026-04-04 11:35:49,914 -   [Inner 414.14] cost=701.00 no_imp=13/20 (còn 179s)
2026-04-04 11:35:50,040 -   [Inner 414.15] cost=701.00 no_imp=14/20 (còn 179s)
2026-04-04 11:35:50,174 -   [Inner 414.16] cost=701.00 no_imp=15/20 (còn 179s)
2026-04-04 11:35:50,307 -   [Inner 414.17] cost=701.00 no_imp=16/20 (còn 178s)
2026-04-04 11:35:50,429 -   [Inner 414.18] cost=701.00 no_imp=17/20 (còn 178s)
2026-04-04 11:35:50,551 -   [Inner 414.19] cost=701.00 no_imp=18/20 (còn 178s)
2026-04-04 11:35:50,674 -   [Inner 414.20] cost=701.00 no_imp=19/20 (còn 178s)
2026-04-04 11:35:50,796 -   [Outer 414] Chạy Pairwise MaxSAT...
2026-04-04 11:35:50,796 -   [Outer] Pairwise không cải thiện cặp nào, quay lại inner.
2026-04-04 11:35:50,796 - === OUTER 415 | cost=701.00 (còn 178s) ===
2026-04-04 11:35:50,796 -   [Inner 415.1] cost=701.00 no_imp=0/20 (còn 178s)
2026-04-04 11:35:50,918 -   [Inner 415.2] cost=701.00 no_imp=1/20 (còn 178s)
2026-04-04 11:35:51,041 -   [Inner 415.3] cost=701.00 no_imp=2/20 (còn 178s)
2026-04-04 11:35:51,164 -   [Inner 415.4] cost=701.00 no_imp=3/20 (còn 178s)
2026-04-04 11:35:51,289 -   [Inner 415.5] cost=701.00 no_imp=4/20 (còn 177s)
2026-04-04 11:35:51,410 -   [Inner 415.6] cost=701.00 no_imp=5/20 (còn 177s)
2026-04-04 11:35:51,533 -   [Inner 415.7] cost=701.00 no_imp=6/20 (còn 177s)
2026-04-04 11:35:51,656 -   [Inner 415.8] cost=701.00 no_imp=7/20 (còn 177s)
2026-04-04 11:35:51,784 -   [Inner 415.9] cost=701.00 no_imp=8/20 (còn 177s)
2026-04-04 11:35:51,908 -   [Inner 415.10] cost=701.00 no_imp=9/20 (còn 177s)
2026-04-04 11:35:52,030 -   [Inner 415.11] cost=701.00 no_imp=10/20 (còn 177s)
2026-04-04 11:35:52,153 -   [Inner 415.12] cost=701.00 no_imp=11/20 (còn 177s)
2026-04-04 11:35:52,276 -   [Inner 415.13] cost=701.00 no_imp=12/20 (còn 176s)
2026-04-04 11:35:52,399 -   [Inner 415.14] cost=701.00 no_imp=13/20 (còn 176s)
2026-04-04 11:35:52,521 -   [Inner 415.15] cost=701.00 no_imp=14/20 (còn 176s)
2026-04-04 11:35:52,644 -   [Inner 415.16] cost=701.00 no_imp=15/20 (còn 176s)
2026-04-04 11:35:52,766 -   [Inner 415.17] cost=701.00 no_imp=16/20 (còn 176s)
2026-04-04 11:35:52,888 -   [Inner 415.18] cost=701.00 no_imp=17/20 (còn 176s)
2026-04-04 11:35:53,009 -   [Inner 415.19] cost=701.00 no_imp=18/20 (còn 176s)
2026-04-04 11:35:53,132 -   [Inner 415.20] cost=701.00 no_imp=19/20 (còn 176s)
2026-04-04 11:35:53,255 -   [Outer 415] Chạy Pairwise MaxSAT...
2026-04-04 11:35:53,255 -   [Outer] Pairwise không cải thiện cặp nào, quay lại inner.
2026-04-04 11:35:53,255 - === OUTER 416 | cost=701.00 (còn 175s) ===
2026-04-04 11:35:53,255 -   [Inner 416.1] cost=701.00 no_imp=0/20 (còn 175s)
2026-04-04 11:35:53,379 -   [Inner 416.2] cost=701.00 no_imp=1/20 (còn 175s)
2026-04-04 11:35:53,502 -   [Inner 416.3] cost=701.00 no_imp=2/20 (còn 175s)
2026-04-04 11:35:53,624 -   [Inner 416.4] cost=701.00 no_imp=3/20 (còn 175s)
2026-04-04 11:35:53,747 -   [Inner 416.5] cost=701.00 no_imp=4/20 (còn 175s)
2026-04-04 11:35:53,872 -   [Inner 416.6] cost=701.00 no_imp=5/20 (còn 175s)
2026-04-04 11:35:53,995 -   [Inner 416.7] cost=701.00 no_imp=6/20 (còn 175s)
2026-04-04 11:35:54,118 -   [Inner 416.8] cost=701.00 no_imp=7/20 (còn 175s)
2026-04-04 11:35:54,242 -   [Inner 416.9] cost=701.00 no_imp=8/20 (còn 174s)
2026-04-04 11:35:54,407 -   [Inner 416.10] cost=701.00 no_imp=9/20 (còn 174s)
2026-04-04 11:35:54,534 -   [Inner 416.11] cost=701.00 no_imp=10/20 (còn 174s)
2026-04-04 11:35:54,657 -   [Inner 416.12] cost=701.00 no_imp=11/20 (còn 174s)
2026-04-04 11:35:54,780 -   [Inner 416.13] cost=701.00 no_imp=12/20 (còn 174s)
2026-04-04 11:35:54,904 -   [Inner 416.14] cost=701.00 no_imp=13/20 (còn 174s)
2026-04-04 11:35:55,026 -   [Inner 416.15] cost=701.00 no_imp=14/20 (còn 174s)
2026-04-04 11:35:55,149 -   [Inner 416.16] cost=701.00 no_imp=15/20 (còn 174s)
2026-04-04 11:35:55,274 -   [Inner 416.17] cost=701.00 no_imp=16/20 (còn 173s)
2026-04-04 11:35:55,396 -   [Inner 416.18] cost=701.00 no_imp=17/20 (còn 173s)
2026-04-04 11:35:55,520 -   [Inner 416.19] cost=701.00 no_imp=18/20 (còn 173s)
2026-04-04 11:35:55,643 -   [Inner 416.20] cost=701.00 no_imp=19/20 (còn 173s)
2026-04-04 11:35:55,767 -   [Outer 416] Chạy Pairwise MaxSAT...
2026-04-04 11:35:55,767 -   [Outer] Pairwise không cải thiện cặp nào, quay lại inner.
2026-04-04 11:35:55,767 - === OUTER 417 | cost=701.00 (còn 173s) ===
2026-04-04 11:35:55,767 -   [Inner 417.1] cost=701.00 no_imp=0/20 (còn 173s)
2026-04-04 11:35:55,891 -   [Inner 417.2] cost=701.00 no_imp=1/20 (còn 173s)
2026-04-04 11:35:56,014 -   [Inner 417.3] cost=701.00 no_imp=2/20 (còn 173s)
2026-04-04 11:35:56,136 -   [Inner 417.4] cost=701.00 no_imp=3/20 (còn 173s)
2026-04-04 11:35:56,260 -   [Inner 417.5] cost=701.00 no_imp=4/20 (còn 172s)
2026-04-04 11:35:56,382 -   [Inner 417.6] cost=701.00 no_imp=5/20 (còn 172s)
2026-04-04 11:35:56,506 -   [Inner 417.7] cost=701.00 no_imp=6/20 (còn 172s)
2026-04-04 11:35:56,628 -   [Inner 417.8] cost=701.00 no_imp=7/20 (còn 172s)
2026-04-04 11:35:56,752 -   [Inner 417.9] cost=701.00 no_imp=8/20 (còn 172s)
2026-04-04 11:35:56,875 -   [Inner 417.10] cost=701.00 no_imp=9/20 (còn 172s)
2026-04-04 11:35:56,995 -   [Inner 417.11] cost=701.00 no_imp=10/20 (còn 172s)
2026-04-04 11:35:57,119 -   [Inner 417.12] cost=701.00 no_imp=11/20 (còn 172s)
2026-04-04 11:35:57,241 -   [Inner 417.13] cost=701.00 no_imp=12/20 (còn 171s)
2026-04-04 11:35:57,365 -   [Inner 417.14] cost=701.00 no_imp=13/20 (còn 171s)
2026-04-04 11:35:57,488 -   [Inner 417.15] cost=701.00 no_imp=14/20 (còn 171s)
2026-04-04 11:35:57,611 -   [Inner 417.16] cost=701.00 no_imp=15/20 (còn 171s)
2026-04-04 11:35:57,733 -   [Inner 417.17] cost=701.00 no_imp=16/20 (còn 171s)
2026-04-04 11:35:57,860 -   [Inner 417.18] cost=701.00 no_imp=17/20 (còn 171s)
2026-04-04 11:35:57,982 -   [Inner 417.19] cost=701.00 no_imp=18/20 (còn 171s)
2026-04-04 11:35:58,105 -   [Inner 417.20] cost=701.00 no_imp=19/20 (còn 171s)
2026-04-04 11:35:58,227 -   [Outer 417] Chạy Pairwise MaxSAT...
2026-04-04 11:35:58,228 -   [Outer] Pairwise không cải thiện cặp nào, quay lại inner.
2026-04-04 11:35:58,228 - === OUTER 418 | cost=701.00 (còn 170s) ===
2026-04-04 11:35:58,228 -   [Inner 418.1] cost=701.00 no_imp=0/20 (còn 170s)
2026-04-04 11:35:58,351 -   [Inner 418.2] cost=701.00 no_imp=1/20 (còn 170s)
2026-04-04 11:35:58,476 -   [Inner 418.3] cost=701.00 no_imp=2/20 (còn 170s)
2026-04-04 11:35:58,599 -   [Inner 418.4] cost=701.00 no_imp=3/20 (còn 170s)
2026-04-04 11:35:58,721 -   [Inner 418.5] cost=701.00 no_imp=4/20 (còn 170s)
2026-04-04 11:35:58,844 -   [Inner 418.6] cost=701.00 no_imp=5/20 (còn 170s)
2026-04-04 11:35:58,966 -   [Inner 418.7] cost=701.00 no_imp=6/20 (còn 170s)
2026-04-04 11:35:59,090 -   [Inner 418.8] cost=701.00 no_imp=7/20 (còn 170s)
2026-04-04 11:35:59,212 -   [Inner 418.9] cost=701.00 no_imp=8/20 (còn 169s)
2026-04-04 11:35:59,336 -   [Inner 418.10] cost=701.00 no_imp=9/20 (còn 169s)
2026-04-04 11:35:59,459 -   [Inner 418.11] cost=701.00 no_imp=10/20 (còn 169s)
2026-04-04 11:35:59,583 -   [Inner 418.12] cost=701.00 no_imp=11/20 (còn 169s)
2026-04-04 11:35:59,706 -   [Inner 418.13] cost=701.00 no_imp=12/20 (còn 169s)
2026-04-04 11:35:59,830 -   [Inner 418.14] cost=701.00 no_imp=13/20 (còn 169s)
2026-04-04 11:35:59,956 -   [Inner 418.15] cost=701.00 no_imp=14/20 (còn 169s)
2026-04-04 11:36:00,084 -   [Inner 418.16] cost=701.00 no_imp=15/20 (còn 169s)
2026-04-04 11:36:00,205 -   [Inner 418.17] cost=701.00 no_imp=16/20 (còn 168s)
2026-04-04 11:36:00,329 -   [Inner 418.18] cost=701.00 no_imp=17/20 (còn 168s)
2026-04-04 11:36:00,451 -   [Inner 418.19] cost=701.00 no_imp=18/20 (còn 168s)
2026-04-04 11:36:00,574 -   [Inner 418.20] cost=701.00 no_imp=19/20 (còn 168s)
2026-04-04 11:36:00,697 -   [Outer 418] Chạy Pairwise MaxSAT...
2026-04-04 11:36:00,697 -   [Outer] Pairwise không cải thiện cặp nào, quay lại inner.
2026-04-04 11:36:00,697 - === OUTER 419 | cost=701.00 (còn 168s) ===
2026-04-04 11:36:00,697 -   [Inner 419.1] cost=701.00 no_imp=0/20 (còn 168s)
2026-04-04 11:36:00,820 -   [Inner 419.2] cost=701.00 no_imp=1/20 (còn 168s)
2026-04-04 11:36:00,943 -   [Inner 419.3] cost=701.00 no_imp=2/20 (còn 168s)
2026-04-04 11:36:01,067 -   [Inner 419.4] cost=701.00 no_imp=3/20 (còn 168s)
2026-04-04 11:36:01,193 -   [Inner 419.5] cost=701.00 no_imp=4/20 (còn 167s)
2026-04-04 11:36:01,322 -   [Inner 419.6] cost=701.00 no_imp=5/20 (còn 167s)
2026-04-04 11:36:01,442 -   [Inner 419.7] cost=701.00 no_imp=6/20 (còn 167s)
2026-04-04 11:36:01,567 -   [Inner 419.8] cost=701.00 no_imp=7/20 (còn 167s)
2026-04-04 11:36:01,689 -   [Inner 419.9] cost=701.00 no_imp=8/20 (còn 167s)
2026-04-04 11:36:01,811 -   [Inner 419.10] cost=701.00 no_imp=9/20 (còn 167s)
2026-04-04 11:36:01,937 -   [Inner 419.11] cost=701.00 no_imp=10/20 (còn 167s)
2026-04-04 11:36:02,061 -   [Inner 419.12] cost=701.00 no_imp=11/20 (còn 167s)
2026-04-04 11:36:02,184 -   [Inner 419.13] cost=701.00 no_imp=12/20 (còn 167s)
2026-04-04 11:36:02,309 -   [Inner 419.14] cost=701.00 no_imp=13/20 (còn 166s)
2026-04-04 11:36:02,432 -   [Inner 419.15] cost=701.00 no_imp=14/20 (còn 166s)
2026-04-04 11:36:02,554 -   [Inner 419.16] cost=701.00 no_imp=15/20 (còn 166s)
2026-04-04 11:36:02,679 -   [Inner 419.17] cost=701.00 no_imp=16/20 (còn 166s)
2026-04-04 11:36:02,801 -   [Inner 419.18] cost=701.00 no_imp=17/20 (còn 166s)
2026-04-04 11:36:02,923 -   [Inner 419.19] cost=701.00 no_imp=18/20 (còn 166s)
2026-04-04 11:36:03,046 -   [Inner 419.20] cost=701.00 no_imp=19/20 (còn 166s)
2026-04-04 11:36:03,169 -   [Outer 419] Chạy Pairwise MaxSAT...
2026-04-04 11:36:03,170 -   [Outer] Pairwise không cải thiện cặp nào, quay lại inner.
2026-04-04 11:36:03,170 - === OUTER 420 | cost=701.00 (còn 166s) ===
2026-04-04 11:36:03,170 -   [Inner 420.1] cost=701.00 no_imp=0/20 (còn 166s)
2026-04-04 11:36:03,293 -   [Inner 420.2] cost=701.00 no_imp=1/20 (còn 165s)
2026-04-04 11:36:03,415 -   [Inner 420.3] cost=701.00 no_imp=2/20 (còn 165s)
2026-04-04 11:36:03,538 -   [Inner 420.4] cost=701.00 no_imp=3/20 (còn 165s)
2026-04-04 11:36:03,662 -   [Inner 420.5] cost=701.00 no_imp=4/20 (còn 165s)
2026-04-04 11:36:03,784 -   [Inner 420.6] cost=701.00 no_imp=5/20 (còn 165s)
2026-04-04 11:36:03,908 -   [Inner 420.7] cost=701.00 no_imp=6/20 (còn 165s)
2026-04-04 11:36:04,034 -   [Inner 420.8] cost=701.00 no_imp=7/20 (còn 165s)
2026-04-04 11:36:04,157 -   [Inner 420.9] cost=701.00 no_imp=8/20 (còn 165s)
2026-04-04 11:36:04,279 -   [Inner 420.10] cost=701.00 no_imp=9/20 (còn 164s)
2026-04-04 11:36:04,409 -   [Inner 420.11] cost=701.00 no_imp=10/20 (còn 164s)
2026-04-04 11:36:04,531 -   [Inner 420.12] cost=701.00 no_imp=11/20 (còn 164s)
2026-04-04 11:36:04,654 -   [Inner 420.13] cost=701.00 no_imp=12/20 (còn 164s)
2026-04-04 11:36:04,778 -   [Inner 420.14] cost=701.00 no_imp=13/20 (còn 164s)
2026-04-04 11:36:04,900 -   [Inner 420.15] cost=701.00 no_imp=14/20 (còn 164s)
2026-04-04 11:36:05,025 -   [Inner 420.16] cost=701.00 no_imp=15/20 (còn 164s)
2026-04-04 11:36:05,147 -   [Inner 420.17] cost=701.00 no_imp=16/20 (còn 164s)
2026-04-04 11:36:05,270 -   [Inner 420.18] cost=701.00 no_imp=17/20 (còn 163s)
2026-04-04 11:36:05,392 -   [Inner 420.19] cost=701.00 no_imp=18/20 (còn 163s)
2026-04-04 11:36:05,514 -   [Inner 420.20] cost=701.00 no_imp=19/20 (còn 163s)
2026-04-04 11:36:05,639 -   [Outer 420] Chạy Pairwise MaxSAT...
2026-04-04 11:36:05,639 -   [Outer] Pairwise không cải thiện cặp nào, quay lại inner.
2026-04-04 11:36:05,639 - === OUTER 421 | cost=701.00 (còn 163s) ===
2026-04-04 11:36:05,640 -   [Inner 421.1] cost=701.00 no_imp=0/20 (còn 163s)
2026-04-04 11:36:05,763 -   [Inner 421.2] cost=701.00 no_imp=1/20 (còn 163s)
2026-04-04 11:36:05,888 -   [Inner 421.3] cost=701.00 no_imp=2/20 (còn 163s)
2026-04-04 11:36:06,014 -   [Inner 421.4] cost=701.00 no_imp=3/20 (còn 163s)
2026-04-04 11:36:06,138 -   [Inner 421.5] cost=701.00 no_imp=4/20 (còn 163s)
2026-04-04 11:36:06,261 -   [Inner 421.6] cost=701.00 no_imp=5/20 (còn 162s)
2026-04-04 11:36:06,384 -   [Inner 421.7] cost=701.00 no_imp=6/20 (còn 162s)
2026-04-04 11:36:06,507 -   [Inner 421.8] cost=701.00 no_imp=7/20 (còn 162s)
2026-04-04 11:36:06,630 -   [Inner 421.9] cost=701.00 no_imp=8/20 (còn 162s)
2026-04-04 11:36:06,752 -   [Inner 421.10] cost=701.00 no_imp=9/20 (còn 162s)
2026-04-04 11:36:06,876 -   [Inner 421.11] cost=701.00 no_imp=10/20 (còn 162s)
2026-04-04 11:36:06,997 -   [Inner 421.12] cost=701.00 no_imp=11/20 (còn 162s)
2026-04-04 11:36:07,121 -   [Inner 421.13] cost=701.00 no_imp=12/20 (còn 162s)
2026-04-04 11:36:07,244 -   [Inner 421.14] cost=701.00 no_imp=13/20 (còn 161s)
2026-04-04 11:36:07,367 -   [Inner 421.15] cost=701.00 no_imp=14/20 (còn 161s)
2026-04-04 11:36:07,491 -   [Inner 421.16] cost=701.00 no_imp=15/20 (còn 161s)
2026-04-04 11:36:07,614 -   [Inner 421.17] cost=701.00 no_imp=16/20 (còn 161s)
2026-04-04 11:36:07,738 -   [Inner 421.18] cost=701.00 no_imp=17/20 (còn 161s)
2026-04-04 11:36:07,860 -   [Inner 421.19] cost=701.00 no_imp=18/20 (còn 161s)
2026-04-04 11:36:07,985 -   [Inner 421.20] cost=701.00 no_imp=19/20 (còn 161s)
2026-04-04 11:36:08,110 -   [Outer 421] Chạy Pairwise MaxSAT...
2026-04-04 11:36:08,110 -   [Outer] Pairwise không cải thiện cặp nào, quay lại inner.
2026-04-04 11:36:08,111 - === OUTER 422 | cost=701.00 (còn 161s) ===
2026-04-04 11:36:08,111 -   [Inner 422.1] cost=701.00 no_imp=0/20 (còn 161s)
2026-04-04 11:36:08,233 -   [Inner 422.2] cost=701.00 no_imp=1/20 (còn 160s)
2026-04-04 11:36:08,355 -   [Inner 422.3] cost=701.00 no_imp=2/20 (còn 160s)
2026-04-04 11:36:08,477 -   [Inner 422.4] cost=701.00 no_imp=3/20 (còn 160s)
2026-04-04 11:36:08,601 -   [Inner 422.5] cost=701.00 no_imp=4/20 (còn 160s)
2026-04-04 11:36:08,725 -   [Inner 422.6] cost=701.00 no_imp=5/20 (còn 160s)
2026-04-04 11:36:08,848 -   [Inner 422.7] cost=701.00 no_imp=6/20 (còn 160s)
2026-04-04 11:36:08,971 -   [Inner 422.8] cost=701.00 no_imp=7/20 (còn 160s)
2026-04-04 11:36:09,095 -   [Inner 422.9] cost=701.00 no_imp=8/20 (còn 160s)
2026-04-04 11:36:09,217 -   [Inner 422.10] cost=701.00 no_imp=9/20 (còn 159s)
2026-04-04 11:36:09,340 -   [Inner 422.11] cost=701.00 no_imp=10/20 (còn 159s)
2026-04-04 11:36:09,462 -   [Inner 422.12] cost=701.00 no_imp=11/20 (còn 159s)
2026-04-04 11:36:09,585 -   [Inner 422.13] cost=701.00 no_imp=12/20 (còn 159s)
2026-04-04 11:36:09,710 -   [Inner 422.14] cost=701.00 no_imp=13/20 (còn 159s)
2026-04-04 11:36:09,833 -   [Inner 422.15] cost=701.00 no_imp=14/20 (còn 159s)
2026-04-04 11:36:09,957 -   [Inner 422.16] cost=701.00 no_imp=15/20 (còn 159s)
2026-04-04 11:36:10,086 -   [Inner 422.17] cost=701.00 no_imp=16/20 (còn 159s)
2026-04-04 11:36:10,208 -   [Inner 422.18] cost=701.00 no_imp=17/20 (còn 158s)
2026-04-04 11:36:10,328 -   [Inner 422.19] cost=701.00 no_imp=18/20 (còn 158s)
2026-04-04 11:36:10,450 -   [Inner 422.20] cost=701.00 no_imp=19/20 (còn 158s)
2026-04-04 11:36:10,575 -   [Outer 422] Chạy Pairwise MaxSAT...
2026-04-04 11:36:10,575 -   [Outer] Pairwise không cải thiện cặp nào, quay lại inner.
2026-04-04 11:36:10,576 - === OUTER 423 | cost=701.00 (còn 158s) ===
2026-04-04 11:36:10,576 -   [Inner 423.1] cost=701.00 no_imp=0/20 (còn 158s)
2026-04-04 11:36:10,698 -   [Inner 423.2] cost=701.00 no_imp=1/20 (còn 158s)
2026-04-04 11:36:10,823 -   [Inner 423.3] cost=701.00 no_imp=2/20 (còn 158s)
2026-04-04 11:36:10,944 -   [Inner 423.4] cost=701.00 no_imp=3/20 (còn 158s)
2026-04-04 11:36:11,068 -   [Inner 423.5] cost=701.00 no_imp=4/20 (còn 158s)
2026-04-04 11:36:11,191 -   [Inner 423.6] cost=701.00 no_imp=5/20 (còn 157s)
2026-04-04 11:36:11,313 -   [Inner 423.7] cost=701.00 no_imp=6/20 (còn 157s)
2026-04-04 11:36:11,435 -   [Inner 423.8] cost=701.00 no_imp=7/20 (còn 157s)
2026-04-04 11:36:11,557 -   [Inner 423.9] cost=701.00 no_imp=8/20 (còn 157s)
2026-04-04 11:36:11,681 -   [Inner 423.10] cost=701.00 no_imp=9/20 (còn 157s)
2026-04-04 11:36:11,805 -   [Inner 423.11] cost=701.00 no_imp=10/20 (còn 157s)
2026-04-04 11:36:11,927 -   [Inner 423.12] cost=701.00 no_imp=11/20 (còn 157s)
2026-04-04 11:36:12,051 -   [Inner 423.13] cost=701.00 no_imp=12/20 (còn 157s)
2026-04-04 11:36:12,175 -   [Inner 423.14] cost=701.00 no_imp=13/20 (còn 157s)
2026-04-04 11:36:12,298 -   [Inner 423.15] cost=701.00 no_imp=14/20 (còn 156s)
2026-04-04 11:36:12,419 -   [Inner 423.16] cost=701.00 no_imp=15/20 (còn 156s)
2026-04-04 11:36:12,542 -   [Inner 423.17] cost=701.00 no_imp=16/20 (còn 156s)
2026-04-04 11:36:12,665 -   [Inner 423.18] cost=701.00 no_imp=17/20 (còn 156s)
2026-04-04 11:36:12,789 -   [Inner 423.19] cost=701.00 no_imp=18/20 (còn 156s)
2026-04-04 11:36:12,913 -   [Inner 423.20] cost=701.00 no_imp=19/20 (còn 156s)
2026-04-04 11:36:13,035 -   [Outer 423] Chạy Pairwise MaxSAT...
2026-04-04 11:36:13,036 -   [Outer] Pairwise không cải thiện cặp nào, quay lại inner.
2026-04-04 11:36:13,036 - === OUTER 424 | cost=701.00 (còn 156s) ===
2026-04-04 11:36:13,036 -   [Inner 424.1] cost=701.00 no_imp=0/20 (còn 156s)
2026-04-04 11:36:13,159 -   [Inner 424.2] cost=701.00 no_imp=1/20 (còn 156s)
2026-04-04 11:36:13,282 -   [Inner 424.3] cost=701.00 no_imp=2/20 (còn 155s)
2026-04-04 11:36:13,404 -   [Inner 424.4] cost=701.00 no_imp=3/20 (còn 155s)
2026-04-04 11:36:13,527 -   [Inner 424.5] cost=701.00 no_imp=4/20 (còn 155s)
2026-04-04 11:36:13,650 -   [Inner 424.6] cost=701.00 no_imp=5/20 (còn 155s)
2026-04-04 11:36:13,774 -   [Inner 424.7] cost=701.00 no_imp=6/20 (còn 155s)
2026-04-04 11:36:13,897 -   [Inner 424.8] cost=701.00 no_imp=7/20 (còn 155s)
2026-04-04 11:36:14,018 -   [Inner 424.9] cost=701.00 no_imp=8/20 (còn 155s)
2026-04-04 11:36:14,145 -   [Inner 424.10] cost=701.00 no_imp=9/20 (còn 155s)
2026-04-04 11:36:14,267 -   [Inner 424.11] cost=701.00 no_imp=10/20 (còn 154s)
2026-04-04 11:36:14,389 -   [Inner 424.12] cost=701.00 no_imp=11/20 (còn 154s)
2026-04-04 11:36:14,511 -   [Inner 424.13] cost=701.00 no_imp=12/20 (còn 154s)
2026-04-04 11:36:14,634 -   [Inner 424.14] cost=701.00 no_imp=13/20 (còn 154s)
2026-04-04 11:36:14,758 -   [Inner 424.15] cost=701.00 no_imp=14/20 (còn 154s)
2026-04-04 11:36:14,881 -   [Inner 424.16] cost=701.00 no_imp=15/20 (còn 154s)
2026-04-04 11:36:15,002 -   [Inner 424.17] cost=701.00 no_imp=16/20 (còn 154s)
2026-04-04 11:36:15,125 -   [Inner 424.18] cost=701.00 no_imp=17/20 (còn 154s)
2026-04-04 11:36:15,247 -   [Inner 424.19] cost=701.00 no_imp=18/20 (còn 153s)
2026-04-04 11:36:15,370 -   [Inner 424.20] cost=701.00 no_imp=19/20 (còn 153s)
2026-04-04 11:36:15,492 -   [Outer 424] Chạy Pairwise MaxSAT...
2026-04-04 11:36:15,493 -   [Outer] Pairwise không cải thiện cặp nào, quay lại inner.
2026-04-04 11:36:15,493 - === OUTER 425 | cost=701.00 (còn 153s) ===
2026-04-04 11:36:15,493 -   [Inner 425.1] cost=701.00 no_imp=0/20 (còn 153s)
2026-04-04 11:36:15,617 -   [Inner 425.2] cost=701.00 no_imp=1/20 (còn 153s)
2026-04-04 11:36:15,741 -   [Inner 425.3] cost=701.00 no_imp=2/20 (còn 153s)
2026-04-04 11:36:15,866 -   [Inner 425.4] cost=701.00 no_imp=3/20 (còn 153s)
2026-04-04 11:36:15,988 -   [Inner 425.5] cost=701.00 no_imp=4/20 (còn 153s)
2026-04-04 11:36:16,116 -   [Inner 425.6] cost=701.00 no_imp=5/20 (còn 153s)
2026-04-04 11:36:16,238 -   [Inner 425.7] cost=701.00 no_imp=6/20 (còn 152s)
2026-04-04 11:36:16,359 -   [Inner 425.8] cost=701.00 no_imp=7/20 (còn 152s)
2026-04-04 11:36:16,483 -   [Inner 425.9] cost=701.00 no_imp=8/20 (còn 152s)
2026-04-04 11:36:16,607 -   [Inner 425.10] cost=701.00 no_imp=9/20 (còn 152s)
2026-04-04 11:36:16,730 -   [Inner 425.11] cost=701.00 no_imp=10/20 (còn 152s)
2026-04-04 11:36:16,855 -   [Inner 425.12] cost=701.00 no_imp=11/20 (còn 152s)
2026-04-04 11:36:16,977 -   [Inner 425.13] cost=701.00 no_imp=12/20 (còn 152s)
2026-04-04 11:36:17,100 -   [Inner 425.14] cost=701.00 no_imp=13/20 (còn 152s)
2026-04-04 11:36:17,224 -   [Inner 425.15] cost=701.00 no_imp=14/20 (còn 151s)
2026-04-04 11:36:17,348 -   [Inner 425.16] cost=701.00 no_imp=15/20 (còn 151s)
2026-04-04 11:36:17,470 -   [Inner 425.17] cost=701.00 no_imp=16/20 (còn 151s)
2026-04-04 11:36:17,593 -   [Inner 425.18] cost=701.00 no_imp=17/20 (còn 151s)
2026-04-04 11:36:17,717 -   [Inner 425.19] cost=701.00 no_imp=18/20 (còn 151s)
2026-04-04 11:36:17,842 -   [Inner 425.20] cost=701.00 no_imp=19/20 (còn 151s)
2026-04-04 11:36:17,964 -   [Outer 425] Chạy Pairwise MaxSAT...
2026-04-04 11:36:17,964 -   [Outer] Pairwise không cải thiện cặp nào, quay lại inner.
2026-04-04 11:36:17,964 - === OUTER 426 | cost=701.00 (còn 151s) ===
2026-04-04 11:36:17,964 -   [Inner 426.1] cost=701.00 no_imp=0/20 (còn 151s)
2026-04-04 11:36:18,088 -   [Inner 426.2] cost=701.00 no_imp=1/20 (còn 151s)
2026-04-04 11:36:18,214 -   [Inner 426.3] cost=701.00 no_imp=2/20 (còn 150s)
2026-04-04 11:36:18,338 -   [Inner 426.4] cost=701.00 no_imp=3/20 (còn 150s)
2026-04-04 11:36:18,460 -   [Inner 426.5] cost=701.00 no_imp=4/20 (còn 150s)
2026-04-04 11:36:18,583 -   [Inner 426.6] cost=701.00 no_imp=5/20 (còn 150s)
2026-04-04 11:36:18,705 -   [Inner 426.7] cost=701.00 no_imp=6/20 (còn 150s)
2026-04-04 11:36:18,828 -   [Inner 426.8] cost=701.00 no_imp=7/20 (còn 150s)
2026-04-04 11:36:18,951 -   [Inner 426.9] cost=701.00 no_imp=8/20 (còn 150s)
2026-04-04 11:36:19,075 -   [Inner 426.10] cost=701.00 no_imp=9/20 (còn 150s)
2026-04-04 11:36:19,198 -   [Inner 426.11] cost=701.00 no_imp=10/20 (còn 149s)
2026-04-04 11:36:19,321 -   [Inner 426.12] cost=701.00 no_imp=11/20 (còn 149s)
2026-04-04 11:36:19,443 -   [Inner 426.13] cost=701.00 no_imp=12/20 (còn 149s)
2026-04-04 11:36:19,566 -   [Inner 426.14] cost=701.00 no_imp=13/20 (còn 149s)
2026-04-04 11:36:19,689 -   [Inner 426.15] cost=701.00 no_imp=14/20 (còn 149s)
2026-04-04 11:36:19,812 -   [Inner 426.16] cost=701.00 no_imp=15/20 (còn 149s)
2026-04-04 11:36:19,936 -   [Inner 426.17] cost=701.00 no_imp=16/20 (còn 149s)
2026-04-04 11:36:20,060 -   [Inner 426.18] cost=701.00 no_imp=17/20 (còn 149s)
2026-04-04 11:36:20,186 -   [Inner 426.19] cost=701.00 no_imp=18/20 (còn 149s)
2026-04-04 11:36:20,310 -   [Inner 426.20] cost=701.00 no_imp=19/20 (còn 148s)
2026-04-04 11:36:20,432 -   [Outer 426] Chạy Pairwise MaxSAT...
2026-04-04 11:36:20,432 -   [Outer] Pairwise không cải thiện cặp nào, quay lại inner.
2026-04-04 11:36:20,432 - === OUTER 427 | cost=701.00 (còn 148s) ===
2026-04-04 11:36:20,432 -   [Inner 427.1] cost=701.00 no_imp=0/20 (còn 148s)
2026-04-04 11:36:20,555 -   [Inner 427.2] cost=701.00 no_imp=1/20 (còn 148s)
2026-04-04 11:36:20,679 -   [Inner 427.3] cost=701.00 no_imp=2/20 (còn 148s)
2026-04-04 11:36:20,803 -   [Inner 427.4] cost=701.00 no_imp=3/20 (còn 148s)
2026-04-04 11:36:20,976 -   [Inner 427.5] cost=701.00 no_imp=4/20 (còn 148s)
2026-04-04 11:36:21,099 -   [Inner 427.6] cost=701.00 no_imp=5/20 (còn 148s)
2026-04-04 11:36:21,222 -   [Inner 427.7] cost=701.00 no_imp=6/20 (còn 147s)
2026-04-04 11:36:21,345 -   [Inner 427.8] cost=701.00 no_imp=7/20 (còn 147s)
2026-04-04 11:36:21,466 -   [Inner 427.9] cost=701.00 no_imp=8/20 (còn 147s)
2026-04-04 11:36:21,590 -   [Inner 427.10] cost=701.00 no_imp=9/20 (còn 147s)
2026-04-04 11:36:21,712 -   [Inner 427.11] cost=701.00 no_imp=10/20 (còn 147s)
2026-04-04 11:36:21,837 -   [Inner 427.12] cost=701.00 no_imp=11/20 (còn 147s)
2026-04-04 11:36:21,961 -   [Inner 427.13] cost=701.00 no_imp=12/20 (còn 147s)
2026-04-04 11:36:22,085 -   [Inner 427.14] cost=701.00 no_imp=13/20 (còn 147s)
2026-04-04 11:36:22,212 -   [Inner 427.15] cost=701.00 no_imp=14/20 (còn 146s)
2026-04-04 11:36:22,334 -   [Inner 427.16] cost=701.00 no_imp=15/20 (còn 146s)
2026-04-04 11:36:22,458 -   [Inner 427.17] cost=701.00 no_imp=16/20 (còn 146s)
2026-04-04 11:36:22,581 -   [Inner 427.18] cost=701.00 no_imp=17/20 (còn 146s)
2026-04-04 11:36:22,703 -   [Inner 427.19] cost=701.00 no_imp=18/20 (còn 146s)
2026-04-04 11:36:22,827 -   [Inner 427.20] cost=701.00 no_imp=19/20 (còn 146s)
2026-04-04 11:36:22,948 -   [Outer 427] Chạy Pairwise MaxSAT...
2026-04-04 11:36:22,949 -   [Outer] Pairwise không cải thiện cặp nào, quay lại inner.
2026-04-04 11:36:22,949 - === OUTER 428 | cost=701.00 (còn 146s) ===
2026-04-04 11:36:22,949 -   [Inner 428.1] cost=701.00 no_imp=0/20 (còn 146s)
2026-04-04 11:36:23,072 -   [Inner 428.2] cost=701.00 no_imp=1/20 (còn 146s)
2026-04-04 11:36:23,195 -   [Inner 428.3] cost=701.00 no_imp=2/20 (còn 145s)
2026-04-04 11:36:23,318 -   [Inner 428.4] cost=701.00 no_imp=3/20 (còn 145s)
2026-04-04 11:36:23,441 -   [Inner 428.5] cost=701.00 no_imp=4/20 (còn 145s)
2026-04-04 11:36:23,563 -   [Inner 428.6] cost=701.00 no_imp=5/20 (còn 145s)
2026-04-04 11:36:23,687 -   [Inner 428.7] cost=701.00 no_imp=6/20 (còn 145s)
2026-04-04 11:36:23,811 -   [Inner 428.8] cost=701.00 no_imp=7/20 (còn 145s)
2026-04-04 11:36:23,934 -   [Inner 428.9] cost=701.00 no_imp=8/20 (còn 145s)
2026-04-04 11:36:24,056 -   [Inner 428.10] cost=701.00 no_imp=9/20 (còn 145s)
2026-04-04 11:36:24,179 -   [Inner 428.11] cost=701.00 no_imp=10/20 (còn 145s)
2026-04-04 11:36:24,305 -   [Inner 428.12] cost=701.00 no_imp=11/20 (còn 144s)
2026-04-04 11:36:24,426 -   [Inner 428.13] cost=701.00 no_imp=12/20 (còn 144s)
2026-04-04 11:36:24,547 -   [Inner 428.14] cost=701.00 no_imp=13/20 (còn 144s)
2026-04-04 11:36:24,670 -   [Inner 428.15] cost=701.00 no_imp=14/20 (còn 144s)
2026-04-04 11:36:24,792 -   [Inner 428.16] cost=701.00 no_imp=15/20 (còn 144s)
2026-04-04 11:36:24,916 -   [Inner 428.17] cost=701.00 no_imp=16/20 (còn 144s)
2026-04-04 11:36:25,038 -   [Inner 428.18] cost=701.00 no_imp=17/20 (còn 144s)
2026-04-04 11:36:25,162 -   [Inner 428.19] cost=701.00 no_imp=18/20 (còn 144s)
2026-04-04 11:36:25,284 -   [Inner 428.20] cost=701.00 no_imp=19/20 (còn 143s)
2026-04-04 11:36:25,407 -   [Outer 428] Chạy Pairwise MaxSAT...
2026-04-04 11:36:25,408 -   [Outer] Pairwise không cải thiện cặp nào, quay lại inner.
2026-04-04 11:36:25,408 - === OUTER 429 | cost=701.00 (còn 143s) ===
2026-04-04 11:36:25,408 -   [Inner 429.1] cost=701.00 no_imp=0/20 (còn 143s)
2026-04-04 11:36:25,531 -   [Inner 429.2] cost=701.00 no_imp=1/20 (còn 143s)
2026-04-04 11:36:25,653 -   [Inner 429.3] cost=701.00 no_imp=2/20 (còn 143s)
2026-04-04 11:36:25,777 -   [Inner 429.4] cost=701.00 no_imp=3/20 (còn 143s)
2026-04-04 11:36:25,901 -   [Inner 429.5] cost=701.00 no_imp=4/20 (còn 143s)
2026-04-04 11:36:26,024 -   [Inner 429.6] cost=701.00 no_imp=5/20 (còn 143s)
2026-04-04 11:36:26,148 -   [Inner 429.7] cost=701.00 no_imp=6/20 (còn 143s)
2026-04-04 11:36:26,275 -   [Inner 429.8] cost=701.00 no_imp=7/20 (còn 142s)
2026-04-04 11:36:26,396 -   [Inner 429.9] cost=701.00 no_imp=8/20 (còn 142s)
2026-04-04 11:36:26,519 -   [Inner 429.10] cost=701.00 no_imp=9/20 (còn 142s)
2026-04-04 11:36:26,642 -   [Inner 429.11] cost=701.00 no_imp=10/20 (còn 142s)
2026-04-04 11:36:26,765 -   [Inner 429.12] cost=701.00 no_imp=11/20 (còn 142s)
2026-04-04 11:36:26,887 -   [Inner 429.13] cost=701.00 no_imp=12/20 (còn 142s)
2026-04-04 11:36:27,011 -   [Inner 429.14] cost=701.00 no_imp=13/20 (còn 142s)
2026-04-04 11:36:27,133 -   [Inner 429.15] cost=701.00 no_imp=14/20 (còn 142s)
2026-04-04 11:36:27,257 -   [Inner 429.16] cost=701.00 no_imp=15/20 (còn 141s)
2026-04-04 11:36:27,380 -   [Inner 429.17] cost=701.00 no_imp=16/20 (còn 141s)
2026-04-04 11:36:27,503 -   [Inner 429.18] cost=701.00 no_imp=17/20 (còn 141s)
2026-04-04 11:36:27,629 -   [Inner 429.19] cost=701.00 no_imp=18/20 (còn 141s)
2026-04-04 11:36:27,752 -   [Inner 429.20] cost=701.00 no_imp=19/20 (còn 141s)
2026-04-04 11:36:27,877 -   [Outer 429] Chạy Pairwise MaxSAT...
2026-04-04 11:36:27,877 -   [Outer] Pairwise không cải thiện cặp nào, quay lại inner.
2026-04-04 11:36:27,877 - === OUTER 430 | cost=701.00 (còn 141s) ===
2026-04-04 11:36:27,877 -   [Inner 430.1] cost=701.00 no_imp=0/20 (còn 141s)
2026-04-04 11:36:27,999 -   [Inner 430.2] cost=701.00 no_imp=1/20 (còn 141s)
2026-04-04 11:36:28,121 -   [Inner 430.3] cost=701.00 no_imp=2/20 (còn 141s)
2026-04-04 11:36:28,243 -   [Inner 430.4] cost=701.00 no_imp=3/20 (còn 140s)
2026-04-04 11:36:28,367 -   [Inner 430.5] cost=701.00 no_imp=4/20 (còn 140s)
2026-04-04 11:36:28,489 -   [Inner 430.6] cost=701.00 no_imp=5/20 (còn 140s)
2026-04-04 11:36:28,612 -   [Inner 430.7] cost=701.00 no_imp=6/20 (còn 140s)
2026-04-04 11:36:28,734 -   [Inner 430.8] cost=701.00 no_imp=7/20 (còn 140s)
2026-04-04 11:36:28,856 -   [Inner 430.9] cost=701.00 no_imp=8/20 (còn 140s)
2026-04-04 11:36:28,979 -   [Inner 430.10] cost=701.00 no_imp=9/20 (còn 140s)
2026-04-04 11:36:29,104 -   [Inner 430.11] cost=701.00 no_imp=10/20 (còn 140s)
2026-04-04 11:36:29,227 -   [Inner 430.12] cost=701.00 no_imp=11/20 (còn 139s)
2026-04-04 11:36:29,351 -   [Inner 430.13] cost=701.00 no_imp=12/20 (còn 139s)
2026-04-04 11:36:29,473 -   [Inner 430.14] cost=701.00 no_imp=13/20 (còn 139s)
2026-04-04 11:36:29,594 -   [Inner 430.15] cost=701.00 no_imp=14/20 (còn 139s)
2026-04-04 11:36:29,718 -   [Inner 430.16] cost=701.00 no_imp=15/20 (còn 139s)
2026-04-04 11:36:29,842 -   [Inner 430.17] cost=701.00 no_imp=16/20 (còn 139s)
2026-04-04 11:36:29,966 -   [Inner 430.18] cost=701.00 no_imp=17/20 (còn 139s)
2026-04-04 11:36:30,091 -   [Inner 430.19] cost=701.00 no_imp=18/20 (còn 139s)
2026-04-04 11:36:30,213 -   [Inner 430.20] cost=701.00 no_imp=19/20 (còn 138s)
2026-04-04 11:36:30,339 -   [Outer 430] Chạy Pairwise MaxSAT...
2026-04-04 11:36:30,340 -   [Outer] Pairwise không cải thiện cặp nào, quay lại inner.
2026-04-04 11:36:30,340 - === OUTER 431 | cost=701.00 (còn 138s) ===
2026-04-04 11:36:30,340 -   [Inner 431.1] cost=701.00 no_imp=0/20 (còn 138s)
2026-04-04 11:36:30,461 -   [Inner 431.2] cost=701.00 no_imp=1/20 (còn 138s)
2026-04-04 11:36:30,585 -   [Inner 431.3] cost=701.00 no_imp=2/20 (còn 138s)
2026-04-04 11:36:30,707 -   [Inner 431.4] cost=701.00 no_imp=3/20 (còn 138s)
2026-04-04 11:36:30,830 -   [Inner 431.5] cost=701.00 no_imp=4/20 (còn 138s)
2026-04-04 11:36:30,954 -   [Inner 431.6] cost=701.00 no_imp=5/20 (còn 138s)
2026-04-04 11:36:31,077 -   [Inner 431.7] cost=701.00 no_imp=6/20 (còn 138s)
2026-04-04 11:36:31,199 -   [Inner 431.8] cost=701.00 no_imp=7/20 (còn 137s)
2026-04-04 11:36:31,322 -   [Inner 431.9] cost=701.00 no_imp=8/20 (còn 137s)
2026-04-04 11:36:31,444 -   [Inner 431.10] cost=701.00 no_imp=9/20 (còn 137s)
2026-04-04 11:36:31,567 -   [Inner 431.11] cost=701.00 no_imp=10/20 (còn 137s)
2026-04-04 11:36:31,689 -   [Inner 431.12] cost=701.00 no_imp=11/20 (còn 137s)
2026-04-04 11:36:31,812 -   [Inner 431.13] cost=701.00 no_imp=12/20 (còn 137s)
2026-04-04 11:36:31,934 -   [Inner 431.14] cost=701.00 no_imp=13/20 (còn 137s)
2026-04-04 11:36:32,056 -   [Inner 431.15] cost=701.00 no_imp=14/20 (còn 137s)
2026-04-04 11:36:32,179 -   [Inner 431.16] cost=701.00 no_imp=15/20 (còn 137s)
2026-04-04 11:36:32,303 -   [Inner 431.17] cost=701.00 no_imp=16/20 (còn 136s)
2026-04-04 11:36:32,431 -   [Inner 431.18] cost=701.00 no_imp=17/20 (còn 136s)
2026-04-04 11:36:32,553 -   [Inner 431.19] cost=701.00 no_imp=18/20 (còn 136s)
2026-04-04 11:36:32,679 -   [Inner 431.20] cost=701.00 no_imp=19/20 (còn 136s)
2026-04-04 11:36:32,802 -   [Outer 431] Chạy Pairwise MaxSAT...
2026-04-04 11:36:32,802 -   [Outer] Pairwise không cải thiện cặp nào, quay lại inner.
2026-04-04 11:36:32,802 - === OUTER 432 | cost=701.00 (còn 136s) ===
2026-04-04 11:36:32,803 -   [Inner 432.1] cost=701.00 no_imp=0/20 (còn 136s)
2026-04-04 11:36:32,925 -   [Inner 432.2] cost=701.00 no_imp=1/20 (còn 136s)
2026-04-04 11:36:33,050 -   [Inner 432.3] cost=701.00 no_imp=2/20 (còn 136s)
2026-04-04 11:36:33,173 -   [Inner 432.4] cost=701.00 no_imp=3/20 (còn 136s)
2026-04-04 11:36:33,296 -   [Inner 432.5] cost=701.00 no_imp=4/20 (còn 135s)
2026-04-04 11:36:33,420 -   [Inner 432.6] cost=701.00 no_imp=5/20 (còn 135s)
2026-04-04 11:36:33,544 -   [Inner 432.7] cost=701.00 no_imp=6/20 (còn 135s)
2026-04-04 11:36:33,667 -   [Inner 432.8] cost=701.00 no_imp=7/20 (còn 135s)
2026-04-04 11:36:33,790 -   [Inner 432.9] cost=701.00 no_imp=8/20 (còn 135s)
2026-04-04 11:36:33,913 -   [Inner 432.10] cost=701.00 no_imp=9/20 (còn 135s)
2026-04-04 11:36:34,036 -   [Inner 432.11] cost=701.00 no_imp=10/20 (còn 135s)
2026-04-04 11:36:34,159 -   [Inner 432.12] cost=701.00 no_imp=11/20 (còn 135s)
2026-04-04 11:36:34,281 -   [Inner 432.13] cost=701.00 no_imp=12/20 (còn 134s)
2026-04-04 11:36:34,406 -   [Inner 432.14] cost=701.00 no_imp=13/20 (còn 134s)
2026-04-04 11:36:34,529 -   [Inner 432.15] cost=701.00 no_imp=14/20 (còn 134s)
2026-04-04 11:36:34,655 -   [Inner 432.16] cost=701.00 no_imp=15/20 (còn 134s)
2026-04-04 11:36:34,777 -   [Inner 432.17] cost=701.00 no_imp=16/20 (còn 134s)
2026-04-04 11:36:34,900 -   [Inner 432.18] cost=701.00 no_imp=17/20 (còn 134s)
2026-04-04 11:36:35,025 -   [Inner 432.19] cost=701.00 no_imp=18/20 (còn 134s)
2026-04-04 11:36:35,148 -   [Inner 432.20] cost=701.00 no_imp=19/20 (còn 134s)
2026-04-04 11:36:35,271 -   [Outer 432] Chạy Pairwise MaxSAT...
2026-04-04 11:36:35,271 -   [Outer] Pairwise không cải thiện cặp nào, quay lại inner.
2026-04-04 11:36:35,271 - === OUTER 433 | cost=701.00 (còn 133s) ===
2026-04-04 11:36:35,271 -   [Inner 433.1] cost=701.00 no_imp=0/20 (còn 133s)
2026-04-04 11:36:35,395 -   [Inner 433.2] cost=701.00 no_imp=1/20 (còn 133s)
2026-04-04 11:36:35,516 -   [Inner 433.3] cost=701.00 no_imp=2/20 (còn 133s)
2026-04-04 11:36:35,639 -   [Inner 433.4] cost=701.00 no_imp=3/20 (còn 133s)
2026-04-04 11:36:35,763 -   [Inner 433.5] cost=701.00 no_imp=4/20 (còn 133s)
2026-04-04 11:36:35,891 -   [Inner 433.6] cost=701.00 no_imp=5/20 (còn 133s)
2026-04-04 11:36:36,013 -   [Inner 433.7] cost=701.00 no_imp=6/20 (còn 133s)
2026-04-04 11:36:36,136 -   [Inner 433.8] cost=701.00 no_imp=7/20 (còn 133s)
2026-04-04 11:36:36,259 -   [Inner 433.9] cost=701.00 no_imp=8/20 (còn 132s)
2026-04-04 11:36:36,386 -   [Inner 433.10] cost=701.00 no_imp=9/20 (còn 132s)
2026-04-04 11:36:36,507 -   [Inner 433.11] cost=701.00 no_imp=10/20 (còn 132s)
2026-04-04 11:36:36,630 -   [Inner 433.12] cost=701.00 no_imp=11/20 (còn 132s)
2026-04-04 11:36:36,752 -   [Inner 433.13] cost=701.00 no_imp=12/20 (còn 132s)
2026-04-04 11:36:36,876 -   [Inner 433.14] cost=701.00 no_imp=13/20 (còn 132s)
2026-04-04 11:36:36,997 -   [Inner 433.15] cost=701.00 no_imp=14/20 (còn 132s)
2026-04-04 11:36:37,119 -   [Inner 433.16] cost=701.00 no_imp=15/20 (còn 132s)
2026-04-04 11:36:37,243 -   [Inner 433.17] cost=701.00 no_imp=16/20 (còn 131s)
2026-04-04 11:36:37,365 -   [Inner 433.18] cost=701.00 no_imp=17/20 (còn 131s)
2026-04-04 11:36:37,489 -   [Inner 433.19] cost=701.00 no_imp=18/20 (còn 131s)
2026-04-04 11:36:37,611 -   [Inner 433.20] cost=701.00 no_imp=19/20 (còn 131s)
2026-04-04 11:36:37,735 -   [Outer 433] Chạy Pairwise MaxSAT...
2026-04-04 11:36:37,735 -   [Outer] Pairwise không cải thiện cặp nào, quay lại inner.
2026-04-04 11:36:37,735 - === OUTER 434 | cost=701.00 (còn 131s) ===
2026-04-04 11:36:37,735 -   [Inner 434.1] cost=701.00 no_imp=0/20 (còn 131s)
2026-04-04 11:36:37,859 -   [Inner 434.2] cost=701.00 no_imp=1/20 (còn 131s)
2026-04-04 11:36:37,984 -   [Inner 434.3] cost=701.00 no_imp=2/20 (còn 131s)
2026-04-04 11:36:38,107 -   [Inner 434.4] cost=701.00 no_imp=3/20 (còn 131s)
2026-04-04 11:36:38,230 -   [Inner 434.5] cost=701.00 no_imp=4/20 (còn 130s)
2026-04-04 11:36:38,353 -   [Inner 434.6] cost=701.00 no_imp=5/20 (còn 130s)
2026-04-04 11:36:38,478 -   [Inner 434.7] cost=701.00 no_imp=6/20 (còn 130s)
2026-04-04 11:36:38,600 -   [Inner 434.8] cost=701.00 no_imp=7/20 (còn 130s)
2026-04-04 11:36:38,722 -   [Inner 434.9] cost=701.00 no_imp=8/20 (còn 130s)
2026-04-04 11:36:38,846 -   [Inner 434.10] cost=701.00 no_imp=9/20 (còn 130s)
2026-04-04 11:36:38,968 -   [Inner 434.11] cost=701.00 no_imp=10/20 (còn 130s)
2026-04-04 11:36:39,091 -   [Inner 434.12] cost=701.00 no_imp=11/20 (còn 130s)
2026-04-04 11:36:39,214 -   [Inner 434.13] cost=701.00 no_imp=12/20 (còn 129s)
2026-04-04 11:36:39,335 -   [Inner 434.14] cost=701.00 no_imp=13/20 (còn 129s)
2026-04-04 11:36:39,459 -   [Inner 434.15] cost=701.00 no_imp=14/20 (còn 129s)
2026-04-04 11:36:39,581 -   [Inner 434.16] cost=701.00 no_imp=15/20 (còn 129s)
2026-04-04 11:36:39,703 -   [Inner 434.17] cost=701.00 no_imp=16/20 (còn 129s)
2026-04-04 11:36:39,828 -   [Inner 434.18] cost=701.00 no_imp=17/20 (còn 129s)
2026-04-04 11:36:39,952 -   [Inner 434.19] cost=701.00 no_imp=18/20 (còn 129s)
2026-04-04 11:36:40,076 -   [Inner 434.20] cost=701.00 no_imp=19/20 (còn 129s)
2026-04-04 11:36:40,199 -   [Outer 434] Chạy Pairwise MaxSAT...
2026-04-04 11:36:40,199 -   [Outer] Pairwise không cải thiện cặp nào, quay lại inner.
2026-04-04 11:36:40,199 - === OUTER 435 | cost=701.00 (còn 128s) ===
2026-04-04 11:36:40,200 -   [Inner 435.1] cost=701.00 no_imp=0/20 (còn 128s)
2026-04-04 11:36:40,322 -   [Inner 435.2] cost=701.00 no_imp=1/20 (còn 128s)
2026-04-04 11:36:40,447 -   [Inner 435.3] cost=701.00 no_imp=2/20 (còn 128s)
2026-04-04 11:36:40,569 -   [Inner 435.4] cost=701.00 no_imp=3/20 (còn 128s)
2026-04-04 11:36:40,691 -   [Inner 435.5] cost=701.00 no_imp=4/20 (còn 128s)
2026-04-04 11:36:40,816 -   [Inner 435.6] cost=701.00 no_imp=5/20 (còn 128s)
2026-04-04 11:36:40,939 -   [Inner 435.7] cost=701.00 no_imp=6/20 (còn 128s)
2026-04-04 11:36:41,062 -   [Inner 435.8] cost=701.00 no_imp=7/20 (còn 128s)
2026-04-04 11:36:41,185 -   [Inner 435.9] cost=701.00 no_imp=8/20 (còn 128s)
2026-04-04 11:36:41,309 -   [Inner 435.10] cost=701.00 no_imp=9/20 (còn 127s)
2026-04-04 11:36:41,430 -   [Inner 435.11] cost=701.00 no_imp=10/20 (còn 127s)
2026-04-04 11:36:41,555 -   [Inner 435.12] cost=701.00 no_imp=11/20 (còn 127s)
2026-04-04 11:36:41,677 -   [Inner 435.13] cost=701.00 no_imp=12/20 (còn 127s)
2026-04-04 11:36:41,801 -   [Inner 435.14] cost=701.00 no_imp=13/20 (còn 127s)
2026-04-04 11:36:41,925 -   [Inner 435.15] cost=701.00 no_imp=14/20 (còn 127s)
2026-04-04 11:36:42,048 -   [Inner 435.16] cost=701.00 no_imp=15/20 (còn 127s)
2026-04-04 11:36:42,171 -   [Inner 435.17] cost=701.00 no_imp=16/20 (còn 127s)
2026-04-04 11:36:42,293 -   [Inner 435.18] cost=701.00 no_imp=17/20 (còn 126s)
2026-04-04 11:36:42,415 -   [Inner 435.19] cost=701.00 no_imp=18/20 (còn 126s)
2026-04-04 11:36:42,541 -   [Inner 435.20] cost=701.00 no_imp=19/20 (còn 126s)
2026-04-04 11:36:42,664 -   [Outer 435] Chạy Pairwise MaxSAT...
2026-04-04 11:36:42,664 -   [Outer] Pairwise không cải thiện cặp nào, quay lại inner.
2026-04-04 11:36:42,664 - === OUTER 436 | cost=701.00 (còn 126s) ===
2026-04-04 11:36:42,665 -   [Inner 436.1] cost=701.00 no_imp=0/20 (còn 126s)
2026-04-04 11:36:42,787 -   [Inner 436.2] cost=701.00 no_imp=1/20 (còn 126s)
2026-04-04 11:36:42,911 -   [Inner 436.3] cost=701.00 no_imp=2/20 (còn 126s)
2026-04-04 11:36:43,033 -   [Inner 436.4] cost=701.00 no_imp=3/20 (còn 126s)
2026-04-04 11:36:43,156 -   [Inner 436.5] cost=701.00 no_imp=4/20 (còn 126s)
2026-04-04 11:36:43,279 -   [Inner 436.6] cost=701.00 no_imp=5/20 (còn 125s)
2026-04-04 11:36:43,402 -   [Inner 436.7] cost=701.00 no_imp=6/20 (còn 125s)
2026-04-04 11:36:43,524 -   [Inner 436.8] cost=701.00 no_imp=7/20 (còn 125s)
2026-04-04 11:36:43,647 -   [Inner 436.9] cost=701.00 no_imp=8/20 (còn 125s)
2026-04-04 11:36:43,768 -   [Inner 436.10] cost=701.00 no_imp=9/20 (còn 125s)
2026-04-04 11:36:43,892 -   [Inner 436.11] cost=701.00 no_imp=10/20 (còn 125s)
2026-04-04 11:36:44,015 -   [Inner 436.12] cost=701.00 no_imp=11/20 (còn 125s)
2026-04-04 11:36:44,139 -   [Inner 436.13] cost=701.00 no_imp=12/20 (còn 125s)
2026-04-04 11:36:44,262 -   [Inner 436.14] cost=701.00 no_imp=13/20 (còn 124s)
2026-04-04 11:36:44,385 -   [Inner 436.15] cost=701.00 no_imp=14/20 (còn 124s)
2026-04-04 11:36:44,511 -   [Inner 436.16] cost=701.00 no_imp=15/20 (còn 124s)
2026-04-04 11:36:44,633 -   [Inner 436.17] cost=701.00 no_imp=16/20 (còn 124s)
2026-04-04 11:36:44,758 -   [Inner 436.18] cost=701.00 no_imp=17/20 (còn 124s)
2026-04-04 11:36:44,881 -   [Inner 436.19] cost=701.00 no_imp=18/20 (còn 124s)
2026-04-04 11:36:45,004 -   [Inner 436.20] cost=701.00 no_imp=19/20 (còn 124s)
2026-04-04 11:36:45,126 -   [Outer 436] Chạy Pairwise MaxSAT...
2026-04-04 11:36:45,127 -   [Outer] Pairwise không cải thiện cặp nào, quay lại inner.
2026-04-04 11:36:45,127 - === OUTER 437 | cost=701.00 (còn 124s) ===
2026-04-04 11:36:45,127 -   [Inner 437.1] cost=701.00 no_imp=0/20 (còn 124s)
2026-04-04 11:36:45,250 -   [Inner 437.2] cost=701.00 no_imp=1/20 (còn 123s)
2026-04-04 11:36:45,372 -   [Inner 437.3] cost=701.00 no_imp=2/20 (còn 123s)
2026-04-04 11:36:45,495 -   [Inner 437.4] cost=701.00 no_imp=3/20 (còn 123s)
2026-04-04 11:36:45,618 -   [Inner 437.5] cost=701.00 no_imp=4/20 (còn 123s)
2026-04-04 11:36:45,740 -   [Inner 437.6] cost=701.00 no_imp=5/20 (còn 123s)
2026-04-04 11:36:45,867 -   [Inner 437.7] cost=701.00 no_imp=6/20 (còn 123s)
2026-04-04 11:36:45,989 -   [Inner 437.8] cost=701.00 no_imp=7/20 (còn 123s)
2026-04-04 11:36:46,113 -   [Inner 437.9] cost=701.00 no_imp=8/20 (còn 123s)
2026-04-04 11:36:46,235 -   [Inner 437.10] cost=701.00 no_imp=9/20 (còn 122s)
2026-04-04 11:36:46,358 -   [Inner 437.11] cost=701.00 no_imp=10/20 (còn 122s)
2026-04-04 11:36:46,482 -   [Inner 437.12] cost=701.00 no_imp=11/20 (còn 122s)
2026-04-04 11:36:46,609 -   [Inner 437.13] cost=701.00 no_imp=12/20 (còn 122s)
2026-04-04 11:36:46,730 -   [Inner 437.14] cost=701.00 no_imp=13/20 (còn 122s)
2026-04-04 11:36:46,853 -   [Inner 437.15] cost=701.00 no_imp=14/20 (còn 122s)
2026-04-04 11:36:46,975 -   [Inner 437.16] cost=701.00 no_imp=15/20 (còn 122s)
2026-04-04 11:36:47,099 -   [Inner 437.17] cost=701.00 no_imp=16/20 (còn 122s)
2026-04-04 11:36:47,221 -   [Inner 437.18] cost=701.00 no_imp=17/20 (còn 121s)
2026-04-04 11:36:47,343 -   [Inner 437.19] cost=701.00 no_imp=18/20 (còn 121s)
2026-04-04 11:36:47,465 -   [Inner 437.20] cost=701.00 no_imp=19/20 (còn 121s)
2026-04-04 11:36:47,587 -   [Outer 437] Chạy Pairwise MaxSAT...
2026-04-04 11:36:47,587 -   [Outer] Pairwise không cải thiện cặp nào, quay lại inner.
2026-04-04 11:36:47,587 - === OUTER 438 | cost=701.00 (còn 121s) ===
2026-04-04 11:36:47,587 -   [Inner 438.1] cost=701.00 no_imp=0/20 (còn 121s)
2026-04-04 11:36:47,711 -   [Inner 438.2] cost=701.00 no_imp=1/20 (còn 121s)
2026-04-04 11:36:47,835 -   [Inner 438.3] cost=701.00 no_imp=2/20 (còn 121s)
2026-04-04 11:36:47,959 -   [Inner 438.4] cost=701.00 no_imp=3/20 (còn 121s)
2026-04-04 11:36:48,083 -   [Inner 438.5] cost=701.00 no_imp=4/20 (còn 121s)
2026-04-04 11:36:48,206 -   [Inner 438.6] cost=701.00 no_imp=5/20 (còn 120s)
2026-04-04 11:36:48,331 -   [Inner 438.7] cost=701.00 no_imp=6/20 (còn 120s)
2026-04-04 11:36:48,454 -   [Inner 438.8] cost=701.00 no_imp=7/20 (còn 120s)
2026-04-04 11:36:48,579 -   [Inner 438.9] cost=701.00 no_imp=8/20 (còn 120s)
2026-04-04 11:36:48,701 -   [Inner 438.10] cost=701.00 no_imp=9/20 (còn 120s)
2026-04-04 11:36:48,849 -   [Inner 438.11] cost=701.00 no_imp=10/20 (còn 120s)
2026-04-04 11:36:48,971 -   [Inner 438.12] cost=701.00 no_imp=11/20 (còn 120s)
2026-04-04 11:36:49,095 -   [Inner 438.13] cost=701.00 no_imp=12/20 (còn 120s)
2026-04-04 11:36:49,219 -   [Inner 438.14] cost=701.00 no_imp=13/20 (còn 119s)
2026-04-04 11:36:49,342 -   [Inner 438.15] cost=701.00 no_imp=14/20 (còn 119s)
2026-04-04 11:36:49,464 -   [Inner 438.16] cost=701.00 no_imp=15/20 (còn 119s)
2026-04-04 11:36:49,588 -   [Inner 438.17] cost=701.00 no_imp=16/20 (còn 119s)
2026-04-04 11:36:49,711 -   [Inner 438.18] cost=701.00 no_imp=17/20 (còn 119s)
2026-04-04 11:36:49,835 -   [Inner 438.19] cost=701.00 no_imp=18/20 (còn 119s)
2026-04-04 11:36:49,959 -   [Inner 438.20] cost=701.00 no_imp=19/20 (còn 119s)
2026-04-04 11:36:50,085 -   [Outer 438] Chạy Pairwise MaxSAT...
2026-04-04 11:36:50,086 -   [Outer] Pairwise không cải thiện cặp nào, quay lại inner.
2026-04-04 11:36:50,086 - === OUTER 439 | cost=701.00 (còn 119s) ===
2026-04-04 11:36:50,086 -   [Inner 439.1] cost=701.00 no_imp=0/20 (còn 119s)
2026-04-04 11:36:50,209 -   [Inner 439.2] cost=701.00 no_imp=1/20 (còn 118s)
2026-04-04 11:36:50,333 -   [Inner 439.3] cost=701.00 no_imp=2/20 (còn 118s)
2026-04-04 11:36:50,455 -   [Inner 439.4] cost=701.00 no_imp=3/20 (còn 118s)
2026-04-04 11:36:50,581 -   [Inner 439.5] cost=701.00 no_imp=4/20 (còn 118s)
2026-04-04 11:36:50,704 -   [Inner 439.6] cost=701.00 no_imp=5/20 (còn 118s)
2026-04-04 11:36:50,828 -   [Inner 439.7] cost=701.00 no_imp=6/20 (còn 118s)
2026-04-04 11:36:50,951 -   [Inner 439.8] cost=701.00 no_imp=7/20 (còn 118s)
2026-04-04 11:36:51,073 -   [Inner 439.9] cost=701.00 no_imp=8/20 (còn 118s)
2026-04-04 11:36:51,196 -   [Inner 439.10] cost=701.00 no_imp=9/20 (còn 117s)
2026-04-04 11:36:51,321 -   [Inner 439.11] cost=701.00 no_imp=10/20 (còn 117s)
2026-04-04 11:36:51,443 -   [Inner 439.12] cost=701.00 no_imp=11/20 (còn 117s)
2026-04-04 11:36:51,565 -   [Inner 439.13] cost=701.00 no_imp=12/20 (còn 117s)
2026-04-04 11:36:51,687 -   [Inner 439.14] cost=701.00 no_imp=13/20 (còn 117s)
2026-04-04 11:36:51,812 -   [Inner 439.15] cost=701.00 no_imp=14/20 (còn 117s)
2026-04-04 11:36:51,935 -   [Inner 439.16] cost=701.00 no_imp=15/20 (còn 117s)
2026-04-04 11:36:52,060 -   [Inner 439.17] cost=701.00 no_imp=16/20 (còn 117s)
2026-04-04 11:36:52,183 -   [Inner 439.18] cost=701.00 no_imp=17/20 (còn 117s)
2026-04-04 11:36:52,319 -   [Inner 439.19] cost=701.00 no_imp=18/20 (còn 116s)
2026-04-04 11:36:52,442 -   [Inner 439.20] cost=701.00 no_imp=19/20 (còn 116s)
2026-04-04 11:36:52,565 -   [Outer 439] Chạy Pairwise MaxSAT...
2026-04-04 11:36:52,566 -   [Outer] Pairwise không cải thiện cặp nào, quay lại inner.
2026-04-04 11:36:52,566 - === OUTER 440 | cost=701.00 (còn 116s) ===
2026-04-04 11:36:52,566 -   [Inner 440.1] cost=701.00 no_imp=0/20 (còn 116s)
2026-04-04 11:36:52,692 -   [Inner 440.2] cost=701.00 no_imp=1/20 (còn 116s)
2026-04-04 11:36:52,814 -   [Inner 440.3] cost=701.00 no_imp=2/20 (còn 116s)
2026-04-04 11:36:52,936 -   [Inner 440.4] cost=701.00 no_imp=3/20 (còn 116s)
2026-04-04 11:36:53,057 -   [Inner 440.5] cost=701.00 no_imp=4/20 (còn 116s)
2026-04-04 11:36:53,181 -   [Inner 440.6] cost=701.00 no_imp=5/20 (còn 116s)
2026-04-04 11:36:53,306 -   [Inner 440.7] cost=701.00 no_imp=6/20 (còn 115s)
2026-04-04 11:36:53,429 -   [Inner 440.8] cost=701.00 no_imp=7/20 (còn 115s)
2026-04-04 11:36:53,551 -   [Inner 440.9] cost=701.00 no_imp=8/20 (còn 115s)
2026-04-04 11:36:53,675 -   [Inner 440.10] cost=701.00 no_imp=9/20 (còn 115s)
2026-04-04 11:36:53,797 -   [Inner 440.11] cost=701.00 no_imp=10/20 (còn 115s)
2026-04-04 11:36:53,921 -   [Inner 440.12] cost=701.00 no_imp=11/20 (còn 115s)
2026-04-04 11:36:54,043 -   [Inner 440.13] cost=701.00 no_imp=12/20 (còn 115s)
2026-04-04 11:36:54,165 -   [Inner 440.14] cost=701.00 no_imp=13/20 (còn 115s)
2026-04-04 11:36:54,291 -   [Inner 440.15] cost=701.00 no_imp=14/20 (còn 114s)
2026-04-04 11:36:54,430 -   [Inner 440.16] cost=701.00 no_imp=15/20 (còn 114s)
2026-04-04 11:36:54,578 -   [Inner 440.17] cost=701.00 no_imp=16/20 (còn 114s)
2026-04-04 11:36:54,724 -   [Inner 440.18] cost=701.00 no_imp=17/20 (còn 114s)
2026-04-04 11:36:54,876 -   [Inner 440.19] cost=701.00 no_imp=18/20 (còn 114s)
2026-04-04 11:36:55,025 -   [Inner 440.20] cost=701.00 no_imp=19/20 (còn 114s)
2026-04-04 11:36:55,176 -   [Outer 440] Chạy Pairwise MaxSAT...
2026-04-04 11:36:55,178 -   [Outer] Pairwise không cải thiện cặp nào, quay lại inner.
2026-04-04 11:36:55,178 - === OUTER 441 | cost=701.00 (còn 114s) ===
2026-04-04 11:36:55,178 -   [Inner 441.1] cost=701.00 no_imp=0/20 (còn 114s)
2026-04-04 11:36:55,330 -   [Inner 441.2] cost=701.00 no_imp=1/20 (còn 113s)
2026-04-04 11:36:55,470 -   [Inner 441.3] cost=701.00 no_imp=2/20 (còn 113s)
2026-04-04 11:36:55,601 -   [Inner 441.4] cost=701.00 no_imp=3/20 (còn 113s)
2026-04-04 11:36:55,738 -   [Inner 441.5] cost=701.00 no_imp=4/20 (còn 113s)
2026-04-04 11:36:55,866 -   [Inner 441.6] cost=701.00 no_imp=5/20 (còn 113s)
2026-04-04 11:36:55,998 -   [Inner 441.7] cost=701.00 no_imp=6/20 (còn 113s)
2026-04-04 11:36:56,123 -   [Inner 441.8] cost=701.00 no_imp=7/20 (còn 113s)
2026-04-04 11:36:56,259 -   [Inner 441.9] cost=701.00 no_imp=8/20 (còn 112s)
2026-04-04 11:36:56,383 -   [Inner 441.10] cost=701.00 no_imp=9/20 (còn 112s)
2026-04-04 11:36:56,509 -   [Inner 441.11] cost=701.00 no_imp=10/20 (còn 112s)
2026-04-04 11:36:56,654 -   [Inner 441.12] cost=701.00 no_imp=11/20 (còn 112s)
2026-04-04 11:36:56,796 -   [Inner 441.13] cost=701.00 no_imp=12/20 (còn 112s)
2026-04-04 11:36:56,930 -   [Inner 441.14] cost=701.00 no_imp=13/20 (còn 112s)
2026-04-04 11:36:57,053 -   [Inner 441.15] cost=701.00 no_imp=14/20 (còn 112s)
2026-04-04 11:36:57,185 -   [Inner 441.16] cost=701.00 no_imp=15/20 (còn 112s)
2026-04-04 11:36:57,313 -   [Inner 441.17] cost=701.00 no_imp=16/20 (còn 111s)
2026-04-04 11:36:57,440 -   [Inner 441.18] cost=701.00 no_imp=17/20 (còn 111s)
2026-04-04 11:36:57,575 -   [Inner 441.19] cost=701.00 no_imp=18/20 (còn 111s)
2026-04-04 11:36:57,740 -   [Inner 441.20] cost=701.00 no_imp=19/20 (còn 111s)
2026-04-04 11:36:57,955 -   [Outer 441] Chạy Pairwise MaxSAT...
2026-04-04 11:36:57,956 -   [Outer] Pairwise không cải thiện cặp nào, quay lại inner.
2026-04-04 11:36:57,957 - === OUTER 442 | cost=701.00 (còn 111s) ===
2026-04-04 11:36:57,957 -   [Inner 442.1] cost=701.00 no_imp=0/20 (còn 111s)
2026-04-04 11:36:58,120 -   [Inner 442.2] cost=701.00 no_imp=1/20 (còn 111s)
2026-04-04 11:36:58,273 -   [Inner 442.3] cost=701.00 no_imp=2/20 (còn 110s)
2026-04-04 11:36:58,406 -   [Inner 442.4] cost=701.00 no_imp=3/20 (còn 110s)
2026-04-04 11:36:58,542 -   [Inner 442.5] cost=701.00 no_imp=4/20 (còn 110s)
2026-04-04 11:36:58,698 -   [Inner 442.6] cost=701.00 no_imp=5/20 (còn 110s)
2026-04-04 11:36:58,851 -   [Inner 442.7] cost=701.00 no_imp=6/20 (còn 110s)
2026-04-04 11:36:58,983 -   [Inner 442.8] cost=701.00 no_imp=7/20 (còn 110s)
2026-04-04 11:36:59,112 -   [Inner 442.9] cost=701.00 no_imp=8/20 (còn 110s)
2026-04-04 11:36:59,246 -   [Inner 442.10] cost=701.00 no_imp=9/20 (còn 109s)
2026-04-04 11:36:59,387 -   [Inner 442.11] cost=701.00 no_imp=10/20 (còn 109s)
2026-04-04 11:36:59,514 -   [Inner 442.12] cost=701.00 no_imp=11/20 (còn 109s)
2026-04-04 11:36:59,641 -   [Inner 442.13] cost=701.00 no_imp=12/20 (còn 109s)
2026-04-04 11:36:59,779 -   [Inner 442.14] cost=701.00 no_imp=13/20 (còn 109s)
2026-04-04 11:36:59,912 -   [Inner 442.15] cost=701.00 no_imp=14/20 (còn 109s)
2026-04-04 11:37:00,044 -   [Inner 442.16] cost=701.00 no_imp=15/20 (còn 109s)
2026-04-04 11:37:00,169 -   [Inner 442.17] cost=701.00 no_imp=16/20 (còn 109s)
2026-04-04 11:37:00,298 -   [Inner 442.18] cost=701.00 no_imp=17/20 (còn 108s)
2026-04-04 11:37:00,419 -   [Inner 442.19] cost=701.00 no_imp=18/20 (còn 108s)
2026-04-04 11:37:00,546 -   [Inner 442.20] cost=701.00 no_imp=19/20 (còn 108s)
2026-04-04 11:37:00,672 -   [Outer 442] Chạy Pairwise MaxSAT...
2026-04-04 11:37:00,672 -   [Outer] Pairwise không cải thiện cặp nào, quay lại inner.
2026-04-04 11:37:00,672 - === OUTER 443 | cost=701.00 (còn 108s) ===
2026-04-04 11:37:00,672 -   [Inner 443.1] cost=701.00 no_imp=0/20 (còn 108s)
2026-04-04 11:37:00,803 -   [Inner 443.2] cost=701.00 no_imp=1/20 (còn 108s)
2026-04-04 11:37:00,926 -   [Inner 443.3] cost=701.00 no_imp=2/20 (còn 108s)
2026-04-04 11:37:01,053 -   [Inner 443.4] cost=701.00 no_imp=3/20 (còn 108s)
2026-04-04 11:37:01,180 -   [Inner 443.5] cost=701.00 no_imp=4/20 (còn 108s)
2026-04-04 11:37:01,312 -   [Inner 443.6] cost=701.00 no_imp=5/20 (còn 107s)
2026-04-04 11:37:01,438 -   [Inner 443.7] cost=701.00 no_imp=6/20 (còn 107s)
2026-04-04 11:37:01,566 -   [Inner 443.8] cost=701.00 no_imp=7/20 (còn 107s)
2026-04-04 11:37:01,689 -   [Inner 443.9] cost=701.00 no_imp=8/20 (còn 107s)
2026-04-04 11:37:01,818 -   [Inner 443.10] cost=701.00 no_imp=9/20 (còn 107s)
2026-04-04 11:37:01,941 -   [Inner 443.11] cost=701.00 no_imp=10/20 (còn 107s)
2026-04-04 11:37:02,068 -   [Inner 443.12] cost=701.00 no_imp=11/20 (còn 107s)
2026-04-04 11:37:02,191 -   [Inner 443.13] cost=701.00 no_imp=12/20 (còn 106s)
2026-04-04 11:37:02,322 -   [Inner 443.14] cost=701.00 no_imp=13/20 (còn 106s)
2026-04-04 11:37:02,444 -   [Inner 443.15] cost=701.00 no_imp=14/20 (còn 106s)
2026-04-04 11:37:02,570 -   [Inner 443.16] cost=701.00 no_imp=15/20 (còn 106s)
2026-04-04 11:37:02,704 -   [Inner 443.17] cost=701.00 no_imp=16/20 (còn 106s)
2026-04-04 11:37:02,832 -   [Inner 443.18] cost=701.00 no_imp=17/20 (còn 106s)
2026-04-04 11:37:02,957 -   [Inner 443.19] cost=701.00 no_imp=18/20 (còn 106s)
2026-04-04 11:37:03,083 -   [Inner 443.20] cost=701.00 no_imp=19/20 (còn 106s)
2026-04-04 11:37:03,209 -   [Outer 443] Chạy Pairwise MaxSAT...
2026-04-04 11:37:03,209 -   [Outer] Pairwise không cải thiện cặp nào, quay lại inner.
2026-04-04 11:37:03,210 - === OUTER 444 | cost=701.00 (còn 105s) ===
2026-04-04 11:37:03,210 -   [Inner 444.1] cost=701.00 no_imp=0/20 (còn 105s)
2026-04-04 11:37:03,337 -   [Inner 444.2] cost=701.00 no_imp=1/20 (còn 105s)
2026-04-04 11:37:03,462 -   [Inner 444.3] cost=701.00 no_imp=2/20 (còn 105s)
2026-04-04 11:37:03,589 -   [Inner 444.4] cost=701.00 no_imp=3/20 (còn 105s)
2026-04-04 11:37:03,724 -   [Inner 444.5] cost=701.00 no_imp=4/20 (còn 105s)
2026-04-04 11:37:03,848 -   [Inner 444.6] cost=701.00 no_imp=5/20 (còn 105s)
2026-04-04 11:37:03,971 -   [Inner 444.7] cost=701.00 no_imp=6/20 (còn 105s)
2026-04-04 11:37:04,099 -   [Inner 444.8] cost=701.00 no_imp=7/20 (còn 105s)
2026-04-04 11:37:04,222 -   [Inner 444.9] cost=701.00 no_imp=8/20 (còn 104s)
2026-04-04 11:37:04,347 -   [Inner 444.10] cost=701.00 no_imp=9/20 (còn 104s)
2026-04-04 11:37:04,473 -   [Inner 444.11] cost=701.00 no_imp=10/20 (còn 104s)
2026-04-04 11:37:04,600 -   [Inner 444.12] cost=701.00 no_imp=11/20 (còn 104s)
2026-04-04 11:37:04,737 -   [Inner 444.13] cost=701.00 no_imp=12/20 (còn 104s)
2026-04-04 11:37:04,865 -   [Inner 444.14] cost=701.00 no_imp=13/20 (còn 104s)
2026-04-04 11:37:04,995 -   [Inner 444.15] cost=701.00 no_imp=14/20 (còn 104s)
2026-04-04 11:37:05,120 -   [Inner 444.16] cost=701.00 no_imp=15/20 (còn 104s)
2026-04-04 11:37:05,249 -   [Inner 444.17] cost=701.00 no_imp=16/20 (còn 103s)
2026-04-04 11:37:05,371 -   [Inner 444.18] cost=701.00 no_imp=17/20 (còn 103s)
2026-04-04 11:37:05,496 -   [Inner 444.19] cost=701.00 no_imp=18/20 (còn 103s)
2026-04-04 11:37:05,623 -   [Inner 444.20] cost=701.00 no_imp=19/20 (còn 103s)
2026-04-04 11:37:05,748 -   [Outer 444] Chạy Pairwise MaxSAT...
2026-04-04 11:37:05,749 -   [Outer] Pairwise không cải thiện cặp nào, quay lại inner.
2026-04-04 11:37:05,749 - === OUTER 445 | cost=701.00 (còn 103s) ===
2026-04-04 11:37:05,749 -   [Inner 445.1] cost=701.00 no_imp=0/20 (còn 103s)
2026-04-04 11:37:05,877 -   [Inner 445.2] cost=701.00 no_imp=1/20 (còn 103s)
2026-04-04 11:37:06,000 -   [Inner 445.3] cost=701.00 no_imp=2/20 (còn 103s)
2026-04-04 11:37:06,127 -   [Inner 445.4] cost=701.00 no_imp=3/20 (còn 103s)
2026-04-04 11:37:06,304 -   [Inner 445.5] cost=701.00 no_imp=4/20 (còn 102s)
2026-04-04 11:37:06,427 -   [Inner 445.6] cost=701.00 no_imp=5/20 (còn 102s)
2026-04-04 11:37:06,556 -   [Inner 445.7] cost=701.00 no_imp=6/20 (còn 102s)
2026-04-04 11:37:06,680 -   [Inner 445.8] cost=701.00 no_imp=7/20 (còn 102s)
2026-04-04 11:37:06,808 -   [Inner 445.9] cost=701.00 no_imp=8/20 (còn 102s)
2026-04-04 11:37:06,935 -   [Inner 445.10] cost=701.00 no_imp=9/20 (còn 102s)
2026-04-04 11:37:07,067 -   [Inner 445.11] cost=701.00 no_imp=10/20 (còn 102s)
2026-04-04 11:37:07,189 -   [Inner 445.12] cost=701.00 no_imp=11/20 (còn 101s)
2026-04-04 11:37:07,316 -   [Inner 445.13] cost=701.00 no_imp=12/20 (còn 101s)
2026-04-04 11:37:07,455 -   [Inner 445.14] cost=701.00 no_imp=13/20 (còn 101s)
2026-04-04 11:37:07,583 -   [Inner 445.15] cost=701.00 no_imp=14/20 (còn 101s)
2026-04-04 11:37:07,710 -   [Inner 445.16] cost=701.00 no_imp=15/20 (còn 101s)
2026-04-04 11:37:07,869 -   [Inner 445.17] cost=701.00 no_imp=16/20 (còn 101s)
2026-04-04 11:37:08,040 -   [Inner 445.18] cost=701.00 no_imp=17/20 (còn 101s)
2026-04-04 11:37:08,164 -   [Inner 445.19] cost=701.00 no_imp=18/20 (còn 101s)
2026-04-04 11:37:08,290 -   [Inner 445.20] cost=701.00 no_imp=19/20 (còn 100s)
2026-04-04 11:37:08,465 -   [Outer 445] Chạy Pairwise MaxSAT...
2026-04-04 11:37:08,465 -   [Outer] Pairwise không cải thiện cặp nào, quay lại inner.
2026-04-04 11:37:08,465 - === OUTER 446 | cost=701.00 (còn 100s) ===
2026-04-04 11:37:08,465 -   [Inner 446.1] cost=701.00 no_imp=0/20 (còn 100s)
2026-04-04 11:37:08,588 -   [Inner 446.2] cost=701.00 no_imp=1/20 (còn 100s)
2026-04-04 11:37:08,717 -   [Inner 446.3] cost=701.00 no_imp=2/20 (còn 100s)
2026-04-04 11:37:08,840 -   [Inner 446.4] cost=701.00 no_imp=3/20 (còn 100s)
2026-04-04 11:37:08,970 -   [Inner 446.5] cost=701.00 no_imp=4/20 (còn 100s)
2026-04-04 11:37:09,092 -   [Inner 446.6] cost=701.00 no_imp=5/20 (còn 100s)
2026-04-04 11:37:09,219 -   [Inner 446.7] cost=701.00 no_imp=6/20 (còn 99s)
2026-04-04 11:37:09,346 -   [Inner 446.8] cost=701.00 no_imp=7/20 (còn 99s)
2026-04-04 11:37:09,525 -   [Inner 446.9] cost=701.00 no_imp=8/20 (còn 99s)
2026-04-04 11:37:09,649 -   [Inner 446.10] cost=701.00 no_imp=9/20 (còn 99s)
2026-04-04 11:37:09,777 -   [Inner 446.11] cost=701.00 no_imp=10/20 (còn 99s)
2026-04-04 11:37:09,904 -   [Inner 446.12] cost=701.00 no_imp=11/20 (còn 99s)
2026-04-04 11:37:10,034 -   [Inner 446.13] cost=701.00 no_imp=12/20 (còn 99s)
2026-04-04 11:37:10,157 -   [Inner 446.14] cost=701.00 no_imp=13/20 (còn 99s)
2026-04-04 11:37:10,284 -   [Inner 446.15] cost=701.00 no_imp=14/20 (còn 98s)
2026-04-04 11:37:10,413 -   [Inner 446.16] cost=701.00 no_imp=15/20 (còn 98s)
2026-04-04 11:37:10,535 -   [Inner 446.17] cost=701.00 no_imp=16/20 (còn 98s)
2026-04-04 11:37:10,713 -   [Inner 446.18] cost=701.00 no_imp=17/20 (còn 98s)
2026-04-04 11:37:10,837 -   [Inner 446.19] cost=701.00 no_imp=18/20 (còn 98s)
2026-04-04 11:37:10,964 -   [Inner 446.20] cost=701.00 no_imp=19/20 (còn 98s)
2026-04-04 11:37:11,090 -   [Outer 446] Chạy Pairwise MaxSAT...
2026-04-04 11:37:11,090 -   [Outer] Pairwise không cải thiện cặp nào, quay lại inner.
2026-04-04 11:37:11,090 - === OUTER 447 | cost=701.00 (còn 98s) ===
2026-04-04 11:37:11,090 -   [Inner 447.1] cost=701.00 no_imp=0/20 (còn 98s)
2026-04-04 11:37:11,221 -   [Inner 447.2] cost=701.00 no_imp=1/20 (còn 97s)
2026-04-04 11:37:11,343 -   [Inner 447.3] cost=701.00 no_imp=2/20 (còn 97s)
2026-04-04 11:37:11,468 -   [Inner 447.4] cost=701.00 no_imp=3/20 (còn 97s)
2026-04-04 11:37:11,650 -   [Inner 447.5] cost=701.00 no_imp=4/20 (còn 97s)
2026-04-04 11:37:11,773 -   [Inner 447.6] cost=701.00 no_imp=5/20 (còn 97s)
2026-04-04 11:37:11,901 -   [Inner 447.7] cost=701.00 no_imp=6/20 (còn 97s)
2026-04-04 11:37:12,028 -   [Inner 447.8] cost=701.00 no_imp=7/20 (còn 97s)
2026-04-04 11:37:12,163 -   [Inner 447.9] cost=701.00 no_imp=8/20 (còn 97s)
2026-04-04 11:37:12,286 -   [Inner 447.10] cost=701.00 no_imp=9/20 (còn 96s)
2026-04-04 11:37:12,412 -   [Inner 447.11] cost=701.00 no_imp=10/20 (còn 96s)
2026-04-04 11:37:12,593 -   [Inner 447.12] cost=701.00 no_imp=11/20 (còn 96s)
2026-04-04 11:37:12,718 -   [Inner 447.13] cost=701.00 no_imp=12/20 (còn 96s)
2026-04-04 11:37:12,845 -   [Inner 447.14] cost=701.00 no_imp=13/20 (còn 96s)
2026-04-04 11:37:12,971 -   [Inner 447.15] cost=701.00 no_imp=14/20 (còn 96s)
2026-04-04 11:37:13,098 -   [Inner 447.16] cost=701.00 no_imp=15/20 (còn 96s)
2026-04-04 11:37:13,222 -   [Inner 447.17] cost=701.00 no_imp=16/20 (còn 95s)
2026-04-04 11:37:13,348 -   [Inner 447.18] cost=701.00 no_imp=17/20 (còn 95s)
2026-04-04 11:37:13,472 -   [Inner 447.19] cost=701.00 no_imp=18/20 (còn 95s)
2026-04-04 11:37:13,650 -   [Inner 447.20] cost=701.00 no_imp=19/20 (còn 95s)
2026-04-04 11:37:13,773 -   [Outer 447] Chạy Pairwise MaxSAT...
2026-04-04 11:37:13,773 -   [Outer] Pairwise không cải thiện cặp nào, quay lại inner.
2026-04-04 11:37:13,774 - === OUTER 448 | cost=701.00 (còn 95s) ===
2026-04-04 11:37:13,774 -   [Inner 448.1] cost=701.00 no_imp=0/20 (còn 95s)
2026-04-04 11:37:13,901 -   [Inner 448.2] cost=701.00 no_imp=1/20 (còn 95s)
2026-04-04 11:37:14,023 -   [Inner 448.3] cost=701.00 no_imp=2/20 (còn 95s)
2026-04-04 11:37:14,154 -   [Inner 448.4] cost=701.00 no_imp=3/20 (còn 95s)
2026-04-04 11:37:14,278 -   [Inner 448.5] cost=701.00 no_imp=4/20 (còn 94s)
2026-04-04 11:37:14,404 -   [Inner 448.6] cost=701.00 no_imp=5/20 (còn 94s)
2026-04-04 11:37:14,529 -   [Inner 448.7] cost=701.00 no_imp=6/20 (còn 94s)
2026-04-04 11:37:14,709 -   [Inner 448.8] cost=701.00 no_imp=7/20 (còn 94s)
2026-04-04 11:37:14,832 -   [Inner 448.9] cost=701.00 no_imp=8/20 (còn 94s)
2026-04-04 11:37:14,961 -   [Inner 448.10] cost=701.00 no_imp=9/20 (còn 94s)
2026-04-04 11:37:15,084 -   [Inner 448.11] cost=701.00 no_imp=10/20 (còn 94s)
2026-04-04 11:37:15,209 -   [Inner 448.12] cost=701.00 no_imp=11/20 (còn 93s)
2026-04-04 11:37:15,353 -   [Inner 448.13] cost=701.00 no_imp=12/20 (còn 93s)
2026-04-04 11:37:15,514 -   [Inner 448.14] cost=701.00 no_imp=13/20 (còn 93s)
2026-04-04 11:37:15,639 -   [Inner 448.15] cost=701.00 no_imp=14/20 (còn 93s)
2026-04-04 11:37:15,791 -   [Inner 448.16] cost=701.00 no_imp=15/20 (còn 93s)
2026-04-04 11:37:15,922 -   [Inner 448.17] cost=701.00 no_imp=16/20 (còn 93s)
2026-04-04 11:37:16,047 -   [Inner 448.18] cost=701.00 no_imp=17/20 (còn 93s)
2026-04-04 11:37:16,174 -   [Inner 448.19] cost=701.00 no_imp=18/20 (còn 93s)
2026-04-04 11:37:16,298 -   [Inner 448.20] cost=701.00 no_imp=19/20 (còn 92s)
2026-04-04 11:37:16,428 -   [Outer 448] Chạy Pairwise MaxSAT...
2026-04-04 11:37:16,428 -   [Outer] Pairwise không cải thiện cặp nào, quay lại inner.
2026-04-04 11:37:16,429 - === OUTER 449 | cost=701.00 (còn 92s) ===
2026-04-04 11:37:16,429 -   [Inner 449.1] cost=701.00 no_imp=0/20 (còn 92s)
2026-04-04 11:37:16,555 -   [Inner 449.2] cost=701.00 no_imp=1/20 (còn 92s)
2026-04-04 11:37:16,683 -   [Inner 449.3] cost=701.00 no_imp=2/20 (còn 92s)
2026-04-04 11:37:16,806 -   [Inner 449.4] cost=701.00 no_imp=3/20 (còn 92s)
2026-04-04 11:37:17,001 -   [Inner 449.5] cost=701.00 no_imp=4/20 (còn 92s)
2026-04-04 11:37:17,125 -   [Inner 449.6] cost=701.00 no_imp=5/20 (còn 92s)
2026-04-04 11:37:17,251 -   [Inner 449.7] cost=701.00 no_imp=6/20 (còn 91s)
2026-04-04 11:37:17,379 -   [Inner 449.8] cost=701.00 no_imp=7/20 (còn 91s)
2026-04-04 11:37:17,502 -   [Inner 449.9] cost=701.00 no_imp=8/20 (còn 91s)
2026-04-04 11:37:17,629 -   [Inner 449.10] cost=701.00 no_imp=9/20 (còn 91s)
2026-04-04 11:37:17,755 -   [Inner 449.11] cost=701.00 no_imp=10/20 (còn 91s)
2026-04-04 11:37:17,936 -   [Inner 449.12] cost=701.00 no_imp=11/20 (còn 91s)
2026-04-04 11:37:18,060 -   [Inner 449.13] cost=701.00 no_imp=12/20 (còn 91s)
2026-04-04 11:37:18,191 -   [Inner 449.14] cost=701.00 no_imp=13/20 (còn 90s)
2026-04-04 11:37:18,319 -   [Inner 449.15] cost=701.00 no_imp=14/20 (còn 90s)
2026-04-04 11:37:18,445 -   [Inner 449.16] cost=701.00 no_imp=15/20 (còn 90s)
2026-04-04 11:37:18,571 -   [Inner 449.17] cost=701.00 no_imp=16/20 (còn 90s)
2026-04-04 11:37:18,698 -   [Inner 449.18] cost=701.00 no_imp=17/20 (còn 90s)
2026-04-04 11:37:18,821 -   [Inner 449.19] cost=701.00 no_imp=18/20 (còn 90s)
2026-04-04 11:37:19,000 -   [Inner 449.20] cost=701.00 no_imp=19/20 (còn 90s)
2026-04-04 11:37:19,125 -   [Outer 449] Chạy Pairwise MaxSAT...
2026-04-04 11:37:19,125 -   [Outer] Pairwise không cải thiện cặp nào, quay lại inner.
2026-04-04 11:37:19,125 - === OUTER 450 | cost=701.00 (còn 90s) ===
2026-04-04 11:37:19,125 -   [Inner 450.1] cost=701.00 no_imp=0/20 (còn 90s)
2026-04-04 11:37:19,253 -   [Inner 450.2] cost=701.00 no_imp=1/20 (còn 89s)
2026-04-04 11:37:19,375 -   [Inner 450.3] cost=701.00 no_imp=2/20 (còn 89s)
2026-04-04 11:37:19,506 -   [Inner 450.4] cost=701.00 no_imp=3/20 (còn 89s)
2026-04-04 11:37:19,630 -   [Inner 450.5] cost=701.00 no_imp=4/20 (còn 89s)
2026-04-04 11:37:19,757 -   [Inner 450.6] cost=701.00 no_imp=5/20 (còn 89s)
2026-04-04 11:37:19,885 -   [Inner 450.7] cost=701.00 no_imp=6/20 (còn 89s)
2026-04-04 11:37:20,008 -   [Inner 450.8] cost=701.00 no_imp=7/20 (còn 89s)
2026-04-04 11:37:20,179 -   [Inner 450.9] cost=701.00 no_imp=8/20 (còn 89s)
2026-04-04 11:37:20,303 -   [Inner 450.10] cost=701.00 no_imp=9/20 (còn 88s)
2026-04-04 11:37:20,431 -   [Inner 450.11] cost=701.00 no_imp=10/20 (còn 88s)
2026-04-04 11:37:20,558 -   [Inner 450.12] cost=701.00 no_imp=11/20 (còn 88s)
2026-04-04 11:37:20,699 -   [Inner 450.13] cost=701.00 no_imp=12/20 (còn 88s)
2026-04-04 11:37:20,827 -   [Inner 450.14] cost=701.00 no_imp=13/20 (còn 88s)
2026-04-04 11:37:20,952 -   [Inner 450.15] cost=701.00 no_imp=14/20 (còn 88s)
2026-04-04 11:37:21,160 -   [Inner 450.16] cost=701.00 no_imp=15/20 (còn 88s)
2026-04-04 11:37:21,285 -   [Inner 450.17] cost=701.00 no_imp=16/20 (còn 87s)
2026-04-04 11:37:21,412 -   [Inner 450.18] cost=701.00 no_imp=17/20 (còn 87s)
2026-04-04 11:37:21,543 -   [Inner 450.19] cost=701.00 no_imp=18/20 (còn 87s)
2026-04-04 11:37:21,670 -   [Inner 450.20] cost=701.00 no_imp=19/20 (còn 87s)
2026-04-04 11:37:21,797 -   [Outer 450] Chạy Pairwise MaxSAT...
2026-04-04 11:37:21,798 -   [Outer] Pairwise không cải thiện cặp nào, quay lại inner.
2026-04-04 11:37:21,798 - === OUTER 451 | cost=701.00 (còn 87s) ===
2026-04-04 11:37:21,798 -   [Inner 451.1] cost=701.00 no_imp=0/20 (còn 87s)
2026-04-04 11:37:21,922 -   [Inner 451.2] cost=701.00 no_imp=1/20 (còn 87s)
2026-04-04 11:37:22,106 -   [Inner 451.3] cost=701.00 no_imp=2/20 (còn 87s)
2026-04-04 11:37:22,229 -   [Inner 451.4] cost=701.00 no_imp=3/20 (còn 86s)
2026-04-04 11:37:22,362 -   [Inner 451.5] cost=701.00 no_imp=4/20 (còn 86s)
2026-04-04 11:37:22,494 -   [Inner 451.6] cost=701.00 no_imp=5/20 (còn 86s)
2026-04-04 11:37:22,620 -   [Inner 451.7] cost=701.00 no_imp=6/20 (còn 86s)
2026-04-04 11:37:22,747 -   [Inner 451.8] cost=701.00 no_imp=7/20 (còn 86s)
2026-04-04 11:37:22,882 -   [Inner 451.9] cost=701.00 no_imp=8/20 (còn 86s)
2026-04-04 11:37:23,060 -   [Inner 451.10] cost=701.00 no_imp=9/20 (còn 86s)
2026-04-04 11:37:23,185 -   [Inner 451.11] cost=701.00 no_imp=10/20 (còn 86s)
2026-04-04 11:37:23,323 -   [Inner 451.12] cost=701.00 no_imp=11/20 (còn 85s)
2026-04-04 11:37:23,447 -   [Inner 451.13] cost=701.00 no_imp=12/20 (còn 85s)
2026-04-04 11:37:23,574 -   [Inner 451.14] cost=701.00 no_imp=13/20 (còn 85s)
2026-04-04 11:37:23,699 -   [Inner 451.15] cost=701.00 no_imp=14/20 (còn 85s)
2026-04-04 11:37:23,887 -   [Inner 451.16] cost=701.00 no_imp=15/20 (còn 85s)
2026-04-04 11:37:24,012 -   [Inner 451.17] cost=701.00 no_imp=16/20 (còn 85s)
2026-04-04 11:37:24,171 -   [Inner 451.18] cost=701.00 no_imp=17/20 (còn 85s)
2026-04-04 11:37:24,339 -   [Inner 451.19] cost=701.00 no_imp=18/20 (còn 84s)
2026-04-04 11:37:24,462 -   [Inner 451.20] cost=701.00 no_imp=19/20 (còn 84s)
2026-04-04 11:37:24,588 -   [Outer 451] Chạy Pairwise MaxSAT...
2026-04-04 11:37:24,589 -   [Outer] Pairwise không cải thiện cặp nào, quay lại inner.
2026-04-04 11:37:24,589 - === OUTER 452 | cost=701.00 (còn 84s) ===
2026-04-04 11:37:24,589 -   [Inner 452.1] cost=701.00 no_imp=0/20 (còn 84s)
2026-04-04 11:37:24,715 -   [Inner 452.2] cost=701.00 no_imp=1/20 (còn 84s)
2026-04-04 11:37:24,910 -   [Inner 452.3] cost=701.00 no_imp=2/20 (còn 84s)
2026-04-04 11:37:25,034 -   [Inner 452.4] cost=701.00 no_imp=3/20 (còn 84s)
2026-04-04 11:37:25,172 -   [Inner 452.5] cost=701.00 no_imp=4/20 (còn 84s)
2026-04-04 11:37:25,299 -   [Inner 452.6] cost=701.00 no_imp=5/20 (còn 83s)
2026-04-04 11:37:25,428 -   [Inner 452.7] cost=701.00 no_imp=6/20 (còn 83s)
2026-04-04 11:37:25,564 -   [Inner 452.8] cost=701.00 no_imp=7/20 (còn 83s)
2026-04-04 11:37:25,691 -   [Inner 452.9] cost=701.00 no_imp=8/20 (còn 83s)
2026-04-04 11:37:25,868 -   [Inner 452.10] cost=701.00 no_imp=9/20 (còn 83s)
2026-04-04 11:37:25,998 -   [Inner 452.11] cost=701.00 no_imp=10/20 (còn 83s)
2026-04-04 11:37:26,132 -   [Inner 452.12] cost=701.00 no_imp=11/20 (còn 83s)
2026-04-04 11:37:26,281 -   [Inner 452.13] cost=701.00 no_imp=12/20 (còn 82s)
2026-04-04 11:37:26,421 -   [Inner 452.14] cost=701.00 no_imp=13/20 (còn 82s)
2026-04-04 11:37:26,560 -   [Inner 452.15] cost=701.00 no_imp=14/20 (còn 82s)
2026-04-04 11:37:26,698 -   [Inner 452.16] cost=701.00 no_imp=15/20 (còn 82s)
2026-04-04 11:37:26,882 -   [Inner 452.17] cost=701.00 no_imp=16/20 (còn 82s)
2026-04-04 11:37:27,015 -   [Inner 452.18] cost=701.00 no_imp=17/20 (còn 82s)
2026-04-04 11:37:27,144 -   [Inner 452.19] cost=701.00 no_imp=18/20 (còn 82s)
2026-04-04 11:37:27,273 -   [Inner 452.20] cost=701.00 no_imp=19/20 (còn 81s)
2026-04-04 11:37:27,396 -   [Outer 452] Chạy Pairwise MaxSAT...
2026-04-04 11:37:27,397 -   [Outer] Pairwise không cải thiện cặp nào, quay lại inner.
2026-04-04 11:37:27,397 - === OUTER 453 | cost=701.00 (còn 81s) ===
2026-04-04 11:37:27,397 -   [Inner 453.1] cost=701.00 no_imp=0/20 (còn 81s)
2026-04-04 11:37:27,527 -   [Inner 453.2] cost=701.00 no_imp=1/20 (còn 81s)
2026-04-04 11:37:27,651 -   [Inner 453.3] cost=701.00 no_imp=2/20 (còn 81s)
2026-04-04 11:37:27,796 -   [Inner 453.4] cost=701.00 no_imp=3/20 (còn 81s)
2026-04-04 11:37:27,922 -   [Inner 453.5] cost=701.00 no_imp=4/20 (còn 81s)
2026-04-04 11:37:28,054 -   [Inner 453.6] cost=701.00 no_imp=5/20 (còn 81s)
2026-04-04 11:37:28,176 -   [Inner 453.7] cost=701.00 no_imp=6/20 (còn 81s)
2026-04-04 11:37:28,302 -   [Inner 453.8] cost=701.00 no_imp=7/20 (còn 80s)
2026-04-04 11:37:28,429 -   [Inner 453.9] cost=701.00 no_imp=8/20 (còn 80s)
2026-04-04 11:37:28,552 -   [Inner 453.10] cost=701.00 no_imp=9/20 (còn 80s)
2026-04-04 11:37:28,680 -   [Inner 453.11] cost=701.00 no_imp=10/20 (còn 80s)
2026-04-04 11:37:28,809 -   [Inner 453.12] cost=701.00 no_imp=11/20 (còn 80s)
2026-04-04 11:37:29,004 -   [Inner 453.13] cost=701.00 no_imp=12/20 (còn 80s)
2026-04-04 11:37:29,135 -   [Inner 453.14] cost=701.00 no_imp=13/20 (còn 80s)
2026-04-04 11:37:29,269 -   [Inner 453.15] cost=701.00 no_imp=14/20 (còn 79s)
2026-04-04 11:37:29,394 -   [Inner 453.16] cost=701.00 no_imp=15/20 (còn 79s)
2026-04-04 11:37:29,536 -   [Inner 453.17] cost=701.00 no_imp=16/20 (còn 79s)
2026-04-04 11:37:29,674 -   [Inner 453.18] cost=701.00 no_imp=17/20 (còn 79s)
2026-04-04 11:37:29,888 -   [Inner 453.19] cost=701.00 no_imp=18/20 (còn 79s)
2026-04-04 11:37:30,030 -   [Inner 453.20] cost=701.00 no_imp=19/20 (còn 79s)
2026-04-04 11:37:30,165 -   [Outer 453] Chạy Pairwise MaxSAT...
2026-04-04 11:37:30,165 -   [Outer] Pairwise không cải thiện cặp nào, quay lại inner.
2026-04-04 11:37:30,165 - === OUTER 454 | cost=701.00 (còn 79s) ===
2026-04-04 11:37:30,165 -   [Inner 454.1] cost=701.00 no_imp=0/20 (còn 79s)
2026-04-04 11:37:30,304 -   [Inner 454.2] cost=701.00 no_imp=1/20 (còn 78s)
2026-04-04 11:37:30,435 -   [Inner 454.3] cost=701.00 no_imp=2/20 (còn 78s)
2026-04-04 11:37:30,564 -   [Inner 454.4] cost=701.00 no_imp=3/20 (còn 78s)
2026-04-04 11:37:30,750 -   [Inner 454.5] cost=701.00 no_imp=4/20 (còn 78s)
2026-04-04 11:37:30,879 -   [Inner 454.6] cost=701.00 no_imp=5/20 (còn 78s)
2026-04-04 11:37:31,008 -   [Inner 454.7] cost=701.00 no_imp=6/20 (còn 78s)
2026-04-04 11:37:31,134 -   [Inner 454.8] cost=701.00 no_imp=7/20 (còn 78s)
2026-04-04 11:37:31,263 -   [Inner 454.9] cost=701.00 no_imp=8/20 (còn 77s)
2026-04-04 11:37:31,388 -   [Inner 454.10] cost=701.00 no_imp=9/20 (còn 77s)
2026-04-04 11:37:31,516 -   [Inner 454.11] cost=701.00 no_imp=10/20 (còn 77s)
2026-04-04 11:37:31,639 -   [Inner 454.12] cost=701.00 no_imp=11/20 (còn 77s)
2026-04-04 11:37:31,765 -   [Inner 454.13] cost=701.00 no_imp=12/20 (còn 77s)
2026-04-04 11:37:31,891 -   [Inner 454.14] cost=701.00 no_imp=13/20 (còn 77s)
2026-04-04 11:37:32,073 -   [Inner 454.15] cost=701.00 no_imp=14/20 (còn 77s)
2026-04-04 11:37:32,205 -   [Inner 454.16] cost=701.00 no_imp=15/20 (còn 76s)
2026-04-04 11:37:32,348 -   [Inner 454.17] cost=701.00 no_imp=16/20 (còn 76s)
2026-04-04 11:37:32,476 -   [Inner 454.18] cost=701.00 no_imp=17/20 (còn 76s)
2026-04-04 11:37:32,605 -   [Inner 454.19] cost=701.00 no_imp=18/20 (còn 76s)
2026-04-04 11:37:32,789 -   [Inner 454.20] cost=701.00 no_imp=19/20 (còn 76s)
2026-04-04 11:37:32,970 -   [Outer 454] Chạy Pairwise MaxSAT...
2026-04-04 11:37:32,971 -   [Outer] Pairwise không cải thiện cặp nào, quay lại inner.
2026-04-04 11:37:32,973 - === OUTER 455 | cost=701.00 (còn 76s) ===
2026-04-04 11:37:32,973 -   [Inner 455.1] cost=701.00 no_imp=0/20 (còn 76s)
2026-04-04 11:37:33,146 -   [Inner 455.2] cost=701.00 no_imp=1/20 (còn 76s)
2026-04-04 11:37:33,283 -   [Inner 455.3] cost=701.00 no_imp=2/20 (còn 75s)
2026-04-04 11:37:33,416 -   [Inner 455.4] cost=701.00 no_imp=3/20 (còn 75s)
2026-04-04 11:37:33,547 -   [Inner 455.5] cost=701.00 no_imp=4/20 (còn 75s)
2026-04-04 11:37:33,688 -   [Inner 455.6] cost=701.00 no_imp=5/20 (còn 75s)
2026-04-04 11:37:33,862 -   [Inner 455.7] cost=701.00 no_imp=6/20 (còn 75s)
2026-04-04 11:37:34,004 -   [Inner 455.8] cost=701.00 no_imp=7/20 (còn 75s)
2026-04-04 11:37:34,130 -   [Inner 455.9] cost=701.00 no_imp=8/20 (còn 75s)
2026-04-04 11:37:34,256 -   [Inner 455.10] cost=701.00 no_imp=9/20 (còn 74s)
2026-04-04 11:37:34,384 -   [Inner 455.11] cost=701.00 no_imp=10/20 (còn 74s)
2026-04-04 11:37:34,508 -   [Inner 455.12] cost=701.00 no_imp=11/20 (còn 74s)
2026-04-04 11:37:34,637 -   [Inner 455.13] cost=701.00 no_imp=12/20 (còn 74s)
2026-04-04 11:37:34,764 -   [Inner 455.14] cost=701.00 no_imp=13/20 (còn 74s)
2026-04-04 11:37:34,895 -   [Inner 455.15] cost=701.00 no_imp=14/20 (còn 74s)
2026-04-04 11:37:35,021 -   [Inner 455.16] cost=701.00 no_imp=15/20 (còn 74s)
2026-04-04 11:37:35,149 -   [Inner 455.17] cost=701.00 no_imp=16/20 (còn 74s)
2026-04-04 11:37:35,278 -   [Inner 455.18] cost=701.00 no_imp=17/20 (còn 73s)
2026-04-04 11:37:35,404 -   [Inner 455.19] cost=701.00 no_imp=18/20 (còn 73s)
2026-04-04 11:37:35,533 -   [Inner 455.20] cost=701.00 no_imp=19/20 (còn 73s)
2026-04-04 11:37:35,655 -   [Outer 455] Chạy Pairwise MaxSAT...
2026-04-04 11:37:35,656 -   [Outer] Pairwise không cải thiện cặp nào, quay lại inner.
2026-04-04 11:37:35,656 - === OUTER 456 | cost=701.00 (còn 73s) ===
2026-04-04 11:37:35,656 -   [Inner 456.1] cost=701.00 no_imp=0/20 (còn 73s)
2026-04-04 11:37:35,784 -   [Inner 456.2] cost=701.00 no_imp=1/20 (còn 73s)
2026-04-04 11:37:35,910 -   [Inner 456.3] cost=701.00 no_imp=2/20 (còn 73s)
2026-04-04 11:37:36,038 -   [Inner 456.4] cost=701.00 no_imp=3/20 (còn 73s)
2026-04-04 11:37:36,161 -   [Inner 456.5] cost=701.00 no_imp=4/20 (còn 73s)
2026-04-04 11:37:36,289 -   [Inner 456.6] cost=701.00 no_imp=5/20 (còn 72s)
2026-04-04 11:37:36,417 -   [Inner 456.7] cost=701.00 no_imp=6/20 (còn 72s)
2026-04-04 11:37:36,560 -   [Inner 456.8] cost=701.00 no_imp=7/20 (còn 72s)
2026-04-04 11:37:36,688 -   [Inner 456.9] cost=701.00 no_imp=8/20 (còn 72s)
2026-04-04 11:37:36,820 -   [Inner 456.10] cost=701.00 no_imp=9/20 (còn 72s)
2026-04-04 11:37:36,964 -   [Inner 456.11] cost=701.00 no_imp=10/20 (còn 72s)
2026-04-04 11:37:37,091 -   [Inner 456.12] cost=701.00 no_imp=11/20 (còn 72s)
2026-04-04 11:37:37,219 -   [Inner 456.13] cost=701.00 no_imp=12/20 (còn 71s)
2026-04-04 11:37:37,362 -   [Inner 456.14] cost=701.00 no_imp=13/20 (còn 71s)
2026-04-04 11:37:37,496 -   [Inner 456.15] cost=701.00 no_imp=14/20 (còn 71s)
2026-04-04 11:37:37,628 -   [Inner 456.16] cost=701.00 no_imp=15/20 (còn 71s)
2026-04-04 11:37:37,760 -   [Inner 456.17] cost=701.00 no_imp=16/20 (còn 71s)
2026-04-04 11:37:37,890 -   [Inner 456.18] cost=701.00 no_imp=17/20 (còn 71s)
2026-04-04 11:37:38,022 -   [Inner 456.19] cost=701.00 no_imp=18/20 (còn 71s)
2026-04-04 11:37:38,161 -   [Inner 456.20] cost=701.00 no_imp=19/20 (còn 71s)
2026-04-04 11:37:38,285 -   [Outer 456] Chạy Pairwise MaxSAT...
2026-04-04 11:37:38,285 -   [Outer] Pairwise không cải thiện cặp nào, quay lại inner.
2026-04-04 11:37:38,286 - === OUTER 457 | cost=701.00 (còn 70s) ===
2026-04-04 11:37:38,286 -   [Inner 457.1] cost=701.00 no_imp=0/20 (còn 70s)
2026-04-04 11:37:38,484 -   [Inner 457.2] cost=701.00 no_imp=1/20 (còn 70s)
2026-04-04 11:37:38,615 -   [Inner 457.3] cost=701.00 no_imp=2/20 (còn 70s)
2026-04-04 11:37:38,754 -   [Inner 457.4] cost=701.00 no_imp=3/20 (còn 70s)
2026-04-04 11:37:38,890 -   [Inner 457.5] cost=701.00 no_imp=4/20 (còn 70s)
2026-04-04 11:37:39,026 -   [Inner 457.6] cost=701.00 no_imp=5/20 (còn 70s)
2026-04-04 11:37:39,178 -   [Inner 457.7] cost=701.00 no_imp=6/20 (còn 70s)
2026-04-04 11:37:39,381 -   [Inner 457.8] cost=701.00 no_imp=7/20 (còn 69s)
2026-04-04 11:37:39,538 -   [Inner 457.9] cost=701.00 no_imp=8/20 (còn 69s)
2026-04-04 11:37:39,670 -   [Inner 457.10] cost=701.00 no_imp=9/20 (còn 69s)
2026-04-04 11:37:39,808 -   [Inner 457.11] cost=701.00 no_imp=10/20 (còn 69s)
2026-04-04 11:37:39,943 -   [Inner 457.12] cost=701.00 no_imp=11/20 (còn 69s)
2026-04-04 11:37:40,075 -   [Inner 457.13] cost=701.00 no_imp=12/20 (còn 69s)
2026-04-04 11:37:40,289 -   [Inner 457.14] cost=701.00 no_imp=13/20 (còn 68s)
2026-04-04 11:37:40,424 -   [Inner 457.15] cost=701.00 no_imp=14/20 (còn 68s)
2026-04-04 11:37:40,551 -   [Inner 457.16] cost=701.00 no_imp=15/20 (còn 68s)
2026-04-04 11:37:40,716 -   [Inner 457.17] cost=701.00 no_imp=16/20 (còn 68s)
2026-04-04 11:37:40,848 -   [Inner 457.18] cost=701.00 no_imp=17/20 (còn 68s)
2026-04-04 11:37:40,987 -   [Inner 457.19] cost=701.00 no_imp=18/20 (còn 68s)
2026-04-04 11:37:41,120 -   [Inner 457.20] cost=701.00 no_imp=19/20 (còn 68s)
2026-04-04 11:37:41,253 -   [Outer 457] Chạy Pairwise MaxSAT...
2026-04-04 11:37:41,253 -   [Outer] Pairwise không cải thiện cặp nào, quay lại inner.
2026-04-04 11:37:41,254 - === OUTER 458 | cost=701.00 (còn 67s) ===
2026-04-04 11:37:41,254 -   [Inner 458.1] cost=701.00 no_imp=0/20 (còn 67s)
2026-04-04 11:37:41,391 -   [Inner 458.2] cost=701.00 no_imp=1/20 (còn 67s)
2026-04-04 11:37:41,514 -   [Inner 458.3] cost=701.00 no_imp=2/20 (còn 67s)
2026-04-04 11:37:41,647 -   [Inner 458.4] cost=701.00 no_imp=3/20 (còn 67s)
2026-04-04 11:37:41,774 -   [Inner 458.5] cost=701.00 no_imp=4/20 (còn 67s)
2026-04-04 11:37:41,931 -   [Inner 458.6] cost=701.00 no_imp=5/20 (còn 67s)
2026-04-04 11:37:42,058 -   [Inner 458.7] cost=701.00 no_imp=6/20 (còn 67s)
2026-04-04 11:37:42,191 -   [Inner 458.8] cost=701.00 no_imp=7/20 (còn 66s)
2026-04-04 11:37:42,356 -   [Inner 458.9] cost=701.00 no_imp=8/20 (còn 66s)
2026-04-04 11:37:42,574 -   [Inner 458.10] cost=701.00 no_imp=9/20 (còn 66s)
2026-04-04 11:37:42,742 -   [Inner 458.11] cost=701.00 no_imp=10/20 (còn 66s)
2026-04-04 11:37:42,912 -   [Inner 458.12] cost=701.00 no_imp=11/20 (còn 66s)
2026-04-04 11:37:43,088 -   [Inner 458.13] cost=701.00 no_imp=12/20 (còn 66s)
2026-04-04 11:37:43,284 -   [Inner 458.14] cost=701.00 no_imp=13/20 (còn 65s)
2026-04-04 11:37:43,419 -   [Inner 458.15] cost=701.00 no_imp=14/20 (còn 65s)
2026-04-04 11:37:43,546 -   [Inner 458.16] cost=701.00 no_imp=15/20 (còn 65s)
2026-04-04 11:37:43,686 -   [Inner 458.17] cost=701.00 no_imp=16/20 (còn 65s)
2026-04-04 11:37:43,820 -   [Inner 458.18] cost=701.00 no_imp=17/20 (còn 65s)
2026-04-04 11:37:43,960 -   [Inner 458.19] cost=701.00 no_imp=18/20 (còn 65s)
2026-04-04 11:37:44,093 -   [Inner 458.20] cost=701.00 no_imp=19/20 (còn 65s)
2026-04-04 11:37:44,220 -   [Outer 458] Chạy Pairwise MaxSAT...
2026-04-04 11:37:44,220 -   [Outer] Pairwise không cải thiện cặp nào, quay lại inner.
2026-04-04 11:37:44,220 - === OUTER 459 | cost=701.00 (còn 64s) ===
2026-04-04 11:37:44,220 -   [Inner 459.1] cost=701.00 no_imp=0/20 (còn 64s)
2026-04-04 11:37:44,357 -   [Inner 459.2] cost=701.00 no_imp=1/20 (còn 64s)
2026-04-04 11:37:44,491 -   [Inner 459.3] cost=701.00 no_imp=2/20 (còn 64s)
2026-04-04 11:37:44,626 -   [Inner 459.4] cost=701.00 no_imp=3/20 (còn 64s)
2026-04-04 11:37:44,752 -   [Inner 459.5] cost=701.00 no_imp=4/20 (còn 64s)
2026-04-04 11:37:44,897 -   [Inner 459.6] cost=701.00 no_imp=5/20 (còn 64s)
2026-04-04 11:37:45,039 -   [Inner 459.7] cost=701.00 no_imp=6/20 (còn 64s)
2026-04-04 11:37:45,167 -   [Inner 459.8] cost=701.00 no_imp=7/20 (còn 64s)
2026-04-04 11:37:45,304 -   [Inner 459.9] cost=701.00 no_imp=8/20 (còn 63s)
2026-04-04 11:37:45,435 -   [Inner 459.10] cost=701.00 no_imp=9/20 (còn 63s)
2026-04-04 11:37:45,568 -   [Inner 459.11] cost=701.00 no_imp=10/20 (còn 63s)
2026-04-04 11:37:45,699 -   [Inner 459.12] cost=701.00 no_imp=11/20 (còn 63s)
2026-04-04 11:37:45,827 -   [Inner 459.13] cost=701.00 no_imp=12/20 (còn 63s)
2026-04-04 11:37:45,955 -   [Inner 459.14] cost=701.00 no_imp=13/20 (còn 63s)
2026-04-04 11:37:46,092 -   [Inner 459.15] cost=701.00 no_imp=14/20 (còn 63s)
2026-04-04 11:37:46,243 -   [Inner 459.16] cost=701.00 no_imp=15/20 (còn 62s)
2026-04-04 11:37:46,381 -   [Inner 459.17] cost=701.00 no_imp=16/20 (còn 62s)
2026-04-04 11:37:46,522 -   [Inner 459.18] cost=701.00 no_imp=17/20 (còn 62s)
2026-04-04 11:37:46,651 -   [Inner 459.19] cost=701.00 no_imp=18/20 (còn 62s)
2026-04-04 11:37:46,778 -   [Inner 459.20] cost=701.00 no_imp=19/20 (còn 62s)
2026-04-04 11:37:46,905 -   [Outer 459] Chạy Pairwise MaxSAT...
2026-04-04 11:37:46,906 -   [Outer] Pairwise không cải thiện cặp nào, quay lại inner.
2026-04-04 11:37:46,906 - === OUTER 460 | cost=701.00 (còn 62s) ===
2026-04-04 11:37:46,906 -   [Inner 460.1] cost=701.00 no_imp=0/20 (còn 62s)
2026-04-04 11:37:47,032 -   [Inner 460.2] cost=701.00 no_imp=1/20 (còn 62s)
2026-04-04 11:37:47,163 -   [Inner 460.3] cost=701.00 no_imp=2/20 (còn 62s)
2026-04-04 11:37:47,286 -   [Inner 460.4] cost=701.00 no_imp=3/20 (còn 61s)
