2026-04-20 12:50:08,243 - ======================================================================
2026-04-20 12:50:08,243 - FILE: X-n106-k14.vrp
2026-04-20 12:50:08,243 - ======================================================================
2026-04-20 12:50:08,264 - Dim=106 K=14 Cap=600
2026-04-20 12:50:08,264 - --- Step 1: Clarke-Wright Heuristic ---
2026-04-20 12:50:08,277 -   cost=29479 time=0.01s
2026-04-20 12:50:08,277 - --- Step 2, 3, 4: Advanced Optimization Pipeline ---
2026-04-20 12:50:08,277 - =========================================
2026-04-20 12:50:08,277 - BẮT ĐẦU TUYẾN TRÌNH TỐI ƯU (PIPELINE)
2026-04-20 12:50:08,277 - =========================================
2026-04-20 12:50:08,277 - === GIAI ĐOẠN 2: LOCAL SEARCH ĐA TOÁN TỬ | Bắt đầu: 29479.00 ===
2026-04-20 12:50:08,659 -   [LS Iter 1] Cải thiện cost: 29479.00 -> 27848.00
2026-04-20 12:50:09,063 -   [LS Iter 2] Cải thiện cost: 27848.00 -> 27402.00
2026-04-20 12:50:09,406 -   [LS Iter 3] Cải thiện cost: 27402.00 -> 27380.00
2026-04-20 12:50:09,763 - === KẾT THÚC GIAI ĐOẠN 2 | Đạt cực trị tại: 27380.00 ===
2026-04-20 12:50:09,763 - === BẮT ĐẦU CHẶNG 3: ALNS + GLS | Vòng lặp: 300 | Cost: 27380.00 ===
2026-04-20 12:50:11,233 -   [ALNS Iter 1] Worst Destroy phá vỡ giới hạn -> BEST MỚI: 27287.00
2026-04-20 12:50:13,969 -   [ALNS Iter 4] Worst Destroy phá vỡ giới hạn -> BEST MỚI: 27182.00
2026-04-20 12:50:15,297 -   [ALNS Iter 5] Worst Destroy phá vỡ giới hạn -> BEST MỚI: 27086.00
2026-04-20 12:50:18,058 -   [ALNS Iter 7] Worst Destroy phá vỡ giới hạn -> BEST MỚI: 27060.00
2026-04-20 12:50:20,812 -   [ALNS Iter 8] Worst Destroy phá vỡ giới hạn -> BEST MỚI: 27036.00
2026-04-20 12:50:51,311 -   [ALNS Iter 32] Worst Destroy phá vỡ giới hạn -> BEST MỚI: 26997.00
2026-04-20 12:51:02,436 -   [ALNS Iter 40] Worst Destroy phá vỡ giới hạn -> BEST MỚI: 26974.00
2026-04-20 12:51:04,294 -   [ALNS Iter 41] Worst Destroy phá vỡ giới hạn -> BEST MỚI: 26859.00
2026-04-20 12:51:27,609 -   [ALNS Iter 61] Worst Destroy phá vỡ giới hạn -> BEST MỚI: 26849.00
2026-04-20 12:51:36,181 -   [ALNS Iter 69] Worst Destroy phá vỡ giới hạn -> BEST MỚI: 26758.00
2026-04-20 12:51:51,089 -   [GLS Iter 81] Cập nhật ma trận phạt để thay đổi hướng đi.
2026-04-20 12:53:18,851 -   [GLS Iter 141] Cập nhật ma trận phạt để thay đổi hướng đi.
2026-04-20 12:54:48,135 -   [GLS Iter 201] Cập nhật ma trận phạt để thay đổi hướng đi.
2026-04-20 12:56:09,611 -   [GLS Iter 261] Cập nhật ma trận phạt để thay đổi hướng đi.
2026-04-20 12:57:06,476 - === KẾT THÚC CHẶNG 3 | Cost xuất sắc nhất đạt được: 26758.00 ===
2026-04-20 12:57:06,477 - === BẮT ĐẦU CHẶNG 4: MAX-SAT CHÍNH XÁC | Cost: 26758.00 ===
2026-04-20 12:57:06,477 -   [GĐ 4.1] Giải bài toán TSP trên từng tuyến đơn...
2026-04-20 12:58:05,400 -     [S-Timeout 40.0s]
2026-04-20 12:58:45,411 -     [S-Timeout 40.0s]
2026-04-20 12:59:25,953 -     [S-Timeout 40.0s]
2026-04-20 13:00:05,975 -     [S-Timeout 40.0s]
2026-04-20 13:00:45,988 -     [S-Timeout 40.0s]
2026-04-20 13:02:02,681 -     [S-Timeout 40.0s]
2026-04-20 13:02:02,690 -   [GĐ 4.2] Xét từng cặp tuyến để phân bổ lại khách hàng...
2026-04-20 13:02:02,690 -   --- Pairwise Iter 1 (còn 486s) ---
2026-04-20 13:03:02,695 -     [P-Timeout 60.0s]
2026-04-20 13:04:02,715 -     [P-Timeout 60.0s]
2026-04-20 13:05:02,737 -     [P-Timeout 60.0s]
2026-04-20 13:06:02,752 -     [P-Timeout 60.0s]
2026-04-20 13:07:02,775 -     [P-Timeout 60.0s]
2026-04-20 13:08:02,793 -     [P-Timeout 60.0s]
2026-04-20 13:09:02,816 -     [P-Timeout 60.0s]
2026-04-20 13:10:02,840 -     [P-Timeout 60.0s]
2026-04-20 13:10:06,281 -     [P-Timeout 3.4s]
2026-04-20 13:10:06,294 -     -> Đã đạt cực trị toàn cục cho mọi cặp dưới ngưỡng. KẾT THÚC CHẶNG 4.
2026-04-20 13:10:06,294 - HOÀN THÀNH PIPELINE. Final cost=26758.00 | Time=1198.0s
2026-04-20 13:10:06,295 - ======================================================================
2026-04-20 13:10:06,295 - CW Khởi tạo = 29479 → Sau Pipeline = 26758
2026-04-20 13:10:06,295 - Cải thiện so CW: 2721
2026-04-20 13:10:06,295 - Tổng thời gian: 1198.0s
2026-04-20 13:10:06,295 - Verified cost: 26758
2026-04-20 13:10:06,300 - ======================================================================
2026-04-20 13:10:06,300 - FILE: X-n110-k13.vrp
2026-04-20 13:10:06,300 - ======================================================================
2026-04-20 13:10:06,320 - Dim=110 K=13 Cap=66
2026-04-20 13:10:06,320 - --- Step 1: Clarke-Wright Heuristic ---
2026-04-20 13:10:06,334 -   cost=19434 time=0.01s
2026-04-20 13:10:06,334 - --- Step 2, 3, 4: Advanced Optimization Pipeline ---
2026-04-20 13:10:06,334 - =========================================
2026-04-20 13:10:06,334 - BẮT ĐẦU TUYẾN TRÌNH TỐI ƯU (PIPELINE)
2026-04-20 13:10:06,334 - =========================================
2026-04-20 13:10:06,334 - === GIAI ĐOẠN 2: LOCAL SEARCH ĐA TOÁN TỬ | Bắt đầu: 19434.00 ===
2026-04-20 13:10:06,742 -   [LS Iter 1] Cải thiện cost: 19434.00 -> 16707.00
2026-04-20 13:10:07,159 -   [LS Iter 2] Cải thiện cost: 16707.00 -> 16314.00
2026-04-20 13:10:07,582 -   [LS Iter 3] Cải thiện cost: 16314.00 -> 16210.00
2026-04-20 13:10:07,990 -   [LS Iter 4] Cải thiện cost: 16210.00 -> 16169.00
2026-04-20 13:10:08,391 -   [LS Iter 5] Cải thiện cost: 16169.00 -> 16122.00
2026-04-20 13:10:08,765 -   [LS Iter 6] Cải thiện cost: 16122.00 -> 15987.00
2026-04-20 13:10:09,147 - === KẾT THÚC GIAI ĐOẠN 2 | Đạt cực trị tại: 15987.00 ===
2026-04-20 13:10:09,147 - === BẮT ĐẦU CHẶNG 3: ALNS + GLS | Vòng lặp: 300 | Cost: 15987.00 ===
2026-04-20 13:10:09,896 -   [ALNS Iter 1] Worst Destroy phá vỡ giới hạn -> BEST MỚI: 15984.00
2026-04-20 13:10:10,617 -   [ALNS Iter 2] Worst Destroy phá vỡ giới hạn -> BEST MỚI: 15611.00
2026-04-20 13:10:49,951 -   [GLS Iter 41] Cập nhật ma trận phạt để thay đổi hướng đi.
2026-04-20 13:10:57,136 -   [ALNS Iter 47] Related Destroy phá vỡ giới hạn -> BEST MỚI: 15500.00
2026-04-20 13:11:40,311 -   [ALNS Iter 91] Worst Destroy phá vỡ giới hạn -> BEST MỚI: 15479.00
2026-04-20 13:11:41,170 -   [ALNS Iter 92] Worst Destroy phá vỡ giới hạn -> BEST MỚI: 15386.00
2026-04-20 13:11:46,149 -   [ALNS Iter 96] Related Destroy phá vỡ giới hạn -> BEST MỚI: 15358.00
2026-04-20 13:11:48,533 -   [ALNS Iter 97] Worst Destroy phá vỡ giới hạn -> BEST MỚI: 15316.00
2026-04-20 13:12:20,113 -   [GLS Iter 121] Cập nhật ma trận phạt để thay đổi hướng đi.
2026-04-20 13:13:18,709 -   [ALNS Iter 171] Worst Destroy phá vỡ giới hạn -> BEST MỚI: 15255.00
2026-04-20 13:13:19,806 -   [ALNS Iter 172] Worst Destroy phá vỡ giới hạn -> BEST MỚI: 15206.00
2026-04-20 13:13:30,793 -   [GLS Iter 181] Cập nhật ma trận phạt để thay đổi hướng đi.
2026-04-20 13:14:37,945 -   [GLS Iter 241] Cập nhật ma trận phạt để thay đổi hướng đi.
2026-04-20 13:15:48,956 - === KẾT THÚC CHẶNG 3 | Cost xuất sắc nhất đạt được: 15206.00 ===
2026-04-20 13:15:48,956 - === BẮT ĐẦU CHẶNG 4: MAX-SAT CHÍNH XÁC | Cost: 15206.00 ===
2026-04-20 13:15:48,956 -   [GĐ 4.1] Giải bài toán TSP trên từng tuyến đơn...
2026-04-20 13:16:28,960 -     [S-Timeout 40.0s]
2026-04-20 13:17:09,533 -     [S-Timeout 40.0s]
2026-04-20 13:17:49,547 -     [S-Timeout 40.0s]
2026-04-20 13:18:42,055 -     [S-Timeout 40.0s]
2026-04-20 13:19:22,066 -     [S-Timeout 40.0s]
2026-04-20 13:20:43,150 -     [S-Timeout 40.0s]
2026-04-20 13:20:46,195 -   [GĐ 4.2] Xét từng cặp tuyến để phân bổ lại khách hàng...
2026-04-20 13:20:46,196 -   --- Pairwise Iter 1 (còn 560s) ---
2026-04-20 13:21:46,200 -     [P-Timeout 60.0s]
2026-04-20 13:22:46,230 -     [P-Timeout 60.0s]
2026-04-20 13:23:46,255 -     [P-Timeout 60.0s]
2026-04-20 13:24:46,283 -     [P-Timeout 60.0s]
2026-04-20 13:25:46,307 -     [P-Timeout 60.0s]
2026-04-20 13:26:46,333 -     [P-Timeout 60.0s]
2026-04-20 13:27:46,360 -     [P-Timeout 60.0s]
2026-04-20 13:28:46,384 -     [P-Timeout 60.0s]
2026-04-20 13:29:46,410 -     [P-Timeout 60.0s]
2026-04-20 13:30:04,337 -     [P-Timeout 17.9s]
2026-04-20 13:30:04,358 -     -> Đã đạt cực trị toàn cục cho mọi cặp dưới ngưỡng. KẾT THÚC CHẶNG 4.
2026-04-20 13:30:04,358 - HOÀN THÀNH PIPELINE. Final cost=15206.00 | Time=1198.0s
2026-04-20 13:30:04,358 - ======================================================================
2026-04-20 13:30:04,358 - CW Khởi tạo = 19434 → Sau Pipeline = 15206
2026-04-20 13:30:04,358 - Cải thiện so CW: 4228
2026-04-20 13:30:04,358 - Tổng thời gian: 1198.0s
2026-04-20 13:30:04,358 - Verified cost: 15206
2026-04-20 13:30:04,363 - ======================================================================
2026-04-20 13:30:04,363 - FILE: X-n115-k10.vrp
2026-04-20 13:30:04,363 - ======================================================================
2026-04-20 13:30:04,388 - Dim=115 K=10 Cap=169
2026-04-20 13:30:04,388 - --- Step 1: Clarke-Wright Heuristic ---
2026-04-20 13:30:04,406 -   cost=20672 time=0.02s
2026-04-20 13:30:04,406 - --- Step 2, 3, 4: Advanced Optimization Pipeline ---
2026-04-20 13:30:04,406 - =========================================
2026-04-20 13:30:04,407 - BẮT ĐẦU TUYẾN TRÌNH TỐI ƯU (PIPELINE)
2026-04-20 13:30:04,407 - =========================================
2026-04-20 13:30:04,407 - === GIAI ĐOẠN 2: LOCAL SEARCH ĐA TOÁN TỬ | Bắt đầu: 20672.00 ===
2026-04-20 13:30:05,434 -   [LS Iter 1] Cải thiện cost: 20672.00 -> 15856.00
2026-04-20 13:30:06,170 -   [LS Iter 2] Cải thiện cost: 15856.00 -> 15529.00
2026-04-20 13:30:06,817 -   [LS Iter 3] Cải thiện cost: 15529.00 -> 15425.00
2026-04-20 13:30:07,454 -   [LS Iter 4] Cải thiện cost: 15425.00 -> 15269.00
2026-04-20 13:30:08,059 -   [LS Iter 5] Cải thiện cost: 15269.00 -> 15193.00
2026-04-20 13:30:08,665 -   [LS Iter 6] Cải thiện cost: 15193.00 -> 15125.00
2026-04-20 13:30:09,308 -   [LS Iter 7] Cải thiện cost: 15125.00 -> 15083.00
2026-04-20 13:30:09,952 -   [LS Iter 8] Cải thiện cost: 15083.00 -> 15030.00
2026-04-20 13:30:10,605 -   [LS Iter 9] Cải thiện cost: 15030.00 -> 14965.00
2026-04-20 13:30:11,277 -   [LS Iter 10] Cải thiện cost: 14965.00 -> 14923.00
2026-04-20 13:30:11,939 -   [LS Iter 11] Cải thiện cost: 14923.00 -> 14867.00
2026-04-20 13:30:12,578 -   [LS Iter 12] Cải thiện cost: 14867.00 -> 14828.00
2026-04-20 13:30:13,214 -   [LS Iter 13] Cải thiện cost: 14828.00 -> 14797.00
2026-04-20 13:30:13,848 -   [LS Iter 14] Cải thiện cost: 14797.00 -> 14773.00
2026-04-20 13:30:14,477 -   [LS Iter 15] Cải thiện cost: 14773.00 -> 14754.00
2026-04-20 13:30:15,111 -   [LS Iter 16] Cải thiện cost: 14754.00 -> 14750.00
2026-04-20 13:30:15,683 -   [LS Iter 17] Cải thiện cost: 14750.00 -> 14714.00
2026-04-20 13:30:16,221 - === KẾT THÚC GIAI ĐOẠN 2 | Đạt cực trị tại: 14714.00 ===
2026-04-20 13:30:16,221 - === BẮT ĐẦU CHẶNG 3: ALNS + GLS | Vòng lặp: 300 | Cost: 14714.00 ===
2026-04-20 13:30:21,971 -   [ALNS Iter 9] Random Destroy phá vỡ giới hạn -> BEST MỚI: 14658.00
2026-04-20 13:30:27,701 -   [ALNS Iter 12] Random Destroy phá vỡ giới hạn -> BEST MỚI: 14648.00
2026-04-20 13:30:32,033 -   [ALNS Iter 15] Random Destroy phá vỡ giới hạn -> BEST MỚI: 14401.00
2026-04-20 13:30:34,800 -   [ALNS Iter 16] Random Destroy phá vỡ giới hạn -> BEST MỚI: 14358.00
2026-04-20 13:31:48,215 -   [GLS Iter 61] Cập nhật ma trận phạt để thay đổi hướng đi.
2026-04-20 13:32:27,041 -   [ALNS Iter 81] Worst Destroy phá vỡ giới hạn -> BEST MỚI: 14354.00
2026-04-20 13:32:33,443 -   [ALNS Iter 86] Random Destroy phá vỡ giới hạn -> BEST MỚI: 14334.00
2026-04-20 13:32:54,445 -   [ALNS Iter 94] Related Destroy phá vỡ giới hạn -> BEST MỚI: 13263.00
2026-04-20 13:32:59,306 -   [ALNS Iter 97] Random Destroy phá vỡ giới hạn -> BEST MỚI: 13109.00
2026-04-20 13:33:19,898 -   [ALNS Iter 107] Worst Destroy phá vỡ giới hạn -> BEST MỚI: 13050.00
2026-04-20 13:34:53,920 -   [GLS Iter 161] Cập nhật ma trận phạt do kẹt tải trọng liên tục.
2026-04-20 13:35:46,407 -   [ALNS Iter 193] Random Destroy phá vỡ giới hạn -> BEST MỚI: 13021.00
2026-04-20 13:35:58,834 -   [ALNS Iter 199] Random Destroy phá vỡ giới hạn -> BEST MỚI: 12977.00
2026-04-20 13:36:08,569 -   [ALNS Iter 204] Random Destroy phá vỡ giới hạn -> BEST MỚI: 12934.00
2026-04-20 13:38:08,898 -   [GLS Iter 261] Cập nhật ma trận phạt để thay đổi hướng đi.
2026-04-20 13:38:21,089 -   [ALNS Iter 265] Random Destroy phá vỡ giới hạn -> BEST MỚI: 12926.00
2026-04-20 13:39:36,735 - === KẾT THÚC CHẶNG 3 | Cost xuất sắc nhất đạt được: 12926.00 ===
2026-04-20 13:39:36,735 - === BẮT ĐẦU CHẶNG 4: MAX-SAT CHÍNH XÁC | Cost: 12926.00 ===
2026-04-20 13:39:36,735 -   [GĐ 4.1] Giải bài toán TSP trên từng tuyến đơn...
2026-04-20 13:40:20,809 -     [S-Timeout 40.0s]
2026-04-20 13:41:08,633 -     [S-Timeout 40.0s]
2026-04-20 13:41:48,650 -     [S-Timeout 40.0s]
2026-04-20 13:42:28,664 -     [S-Timeout 40.0s]
2026-04-20 13:42:28,730 -   [GĐ 4.2] Xét từng cặp tuyến để phân bổ lại khách hàng...
2026-04-20 13:42:28,730 -   --- Pairwise Iter 1 (còn 456s) ---
2026-04-20 13:43:37,735 -     [P-Timeout 69.0s]
2026-04-20 13:44:46,759 -     [P-Timeout 69.0s]
2026-04-20 13:45:55,782 -     [P-Timeout 69.0s]
2026-04-20 13:47:04,814 -     [P-Timeout 69.0s]
2026-04-20 13:48:13,841 -     [P-Timeout 69.0s]
2026-04-20 13:49:22,869 -     [P-Timeout 69.0s]
2026-04-20 13:50:02,410 -     [P-Timeout 39.5s]
2026-04-20 13:50:02,441 -     -> Đã đạt cực trị toàn cục cho mọi cặp dưới ngưỡng. KẾT THÚC CHẶNG 4.
2026-04-20 13:50:02,441 - HOÀN THÀNH PIPELINE. Final cost=12926.00 | Time=1198.0s
2026-04-20 13:50:02,442 - ======================================================================
2026-04-20 13:50:02,442 - CW Khởi tạo = 20672 → Sau Pipeline = 12926
2026-04-20 13:50:02,442 - Cải thiện so CW: 7746
2026-04-20 13:50:02,442 - Tổng thời gian: 1198.1s
2026-04-20 13:50:02,442 - Verified cost: 12926
2026-04-20 13:50:02,447 - ======================================================================
2026-04-20 13:50:02,447 - FILE: X-n120-k6.vrp
2026-04-20 13:50:02,447 - ======================================================================
2026-04-20 13:50:02,473 - Dim=120 K=6 Cap=21
2026-04-20 13:50:02,473 - --- Step 1: Clarke-Wright Heuristic ---
2026-04-20 13:50:02,493 -   cost=18648 time=0.02s
2026-04-20 13:50:02,493 - --- Step 2, 3, 4: Advanced Optimization Pipeline ---
2026-04-20 13:50:02,493 - =========================================
2026-04-20 13:50:02,493 - BẮT ĐẦU TUYẾN TRÌNH TỐI ƯU (PIPELINE)
2026-04-20 13:50:02,494 - =========================================
2026-04-20 13:50:02,494 - === GIAI ĐOẠN 2: LOCAL SEARCH ĐA TOÁN TỬ | Bắt đầu: 18648.00 ===
2026-04-20 13:50:04,224 -   [LS Iter 1] Cải thiện cost: 18648.00 -> 14590.00
2026-04-20 13:50:05,423 -   [LS Iter 2] Cải thiện cost: 14590.00 -> 14442.00
2026-04-20 13:50:06,585 -   [LS Iter 3] Cải thiện cost: 14442.00 -> 14315.00
2026-04-20 13:50:07,738 -   [LS Iter 4] Cải thiện cost: 14315.00 -> 14263.00
2026-04-20 13:50:08,890 -   [LS Iter 5] Cải thiện cost: 14263.00 -> 14245.00
2026-04-20 13:50:10,032 - === KẾT THÚC GIAI ĐOẠN 2 | Đạt cực trị tại: 14245.00 ===
2026-04-20 13:50:10,033 - === BẮT ĐẦU CHẶNG 3: ALNS + GLS | Vòng lặp: 300 | Cost: 14245.00 ===
2026-04-20 13:50:13,404 -   [ALNS Iter 1] Worst Destroy phá vỡ giới hạn -> BEST MỚI: 14104.00
2026-04-20 13:50:15,606 -   [ALNS Iter 2] Worst Destroy phá vỡ giới hạn -> BEST MỚI: 14020.00
2026-04-20 13:50:24,866 -   [ALNS Iter 5] Worst Destroy phá vỡ giới hạn -> BEST MỚI: 14004.00
2026-04-20 13:50:28,929 -   [ALNS Iter 7] Worst Destroy phá vỡ giới hạn -> BEST MỚI: 13918.00
2026-04-20 13:50:53,818 -   [ALNS Iter 13] Worst Destroy phá vỡ giới hạn -> BEST MỚI: 13902.00
2026-04-20 13:50:55,751 -   [ALNS Iter 14] Worst Destroy phá vỡ giới hạn -> BEST MỚI: 13797.00
2026-04-20 13:51:27,951 -   [ALNS Iter 26] Worst Destroy phá vỡ giới hạn -> BEST MỚI: 13788.00
2026-04-20 13:51:28,938 -   [ALNS Iter 27] Worst Destroy phá vỡ giới hạn -> BEST MỚI: 13775.00
2026-04-20 13:53:42,803 -   [GLS Iter 81] Cập nhật ma trận phạt để thay đổi hướng đi.
2026-04-20 13:56:50,521 -   [GLS Iter 141] Cập nhật ma trận phạt để thay đổi hướng đi.
2026-04-20 13:59:50,378 -   [GLS Iter 201] Cập nhật ma trận phạt để thay đổi hướng đi.
2026-04-20 14:02:29,971 -   [GLS Iter 261] Cập nhật ma trận phạt để thay đổi hướng đi.
2026-04-20 14:04:40,490 - === KẾT THÚC CHẶNG 3 | Cost xuất sắc nhất đạt được: 13775.00 ===
2026-04-20 14:04:40,490 - === BẮT ĐẦU CHẶNG 4: MAX-SAT CHÍNH XÁC | Cost: 13775.00 ===
2026-04-20 14:04:40,490 -   [GĐ 4.1] Giải bài toán TSP trên từng tuyến đơn...
2026-04-20 14:05:20,494 -     [S-Timeout 40.0s]
2026-04-20 14:05:20,506 -   [GĐ 4.2] Xét từng cặp tuyến để phân bổ lại khách hàng...
2026-04-20 14:05:20,506 -   --- Pairwise Iter 1 (còn 282s) ---
2026-04-20 14:05:20,507 -     -> Đã đạt cực trị toàn cục cho mọi cặp dưới ngưỡng. KẾT THÚC CHẶNG 4.
2026-04-20 14:05:20,508 - HOÀN THÀNH PIPELINE. Final cost=13775.00 | Time=918.0s
2026-04-20 14:05:20,508 - ======================================================================
2026-04-20 14:05:20,508 - CW Khởi tạo = 18648 → Sau Pipeline = 13775
2026-04-20 14:05:20,508 - Cải thiện so CW: 4873
2026-04-20 14:05:20,508 - Tổng thời gian: 918.0s
2026-04-20 14:05:20,508 - Verified cost: 13775
2026-04-20 14:05:20,513 - ======================================================================
2026-04-20 14:05:20,513 - FILE: X-n125-k30.vrp
2026-04-20 14:05:20,513 - ======================================================================
2026-04-20 14:05:20,538 - Dim=125 K=30 Cap=188
2026-04-20 14:05:20,538 - --- Step 1: Clarke-Wright Heuristic ---
2026-04-20 14:05:20,624 -   cost=88682 time=0.09s
2026-04-20 14:05:20,624 - --- Step 2, 3, 4: Advanced Optimization Pipeline ---
2026-04-20 14:05:20,624 - =========================================
2026-04-20 14:05:20,624 - BẮT ĐẦU TUYẾN TRÌNH TỐI ƯU (PIPELINE)
2026-04-20 14:05:20,624 - =========================================
2026-04-20 14:05:20,625 - === GIAI ĐOẠN 2: LOCAL SEARCH ĐA TOÁN TỬ | Bắt đầu: 88682.00 ===
2026-04-20 14:05:20,913 -   [LS Iter 1] Cải thiện cost: 88682.00 -> 63648.00
2026-04-20 14:05:21,182 -   [LS Iter 2] Cải thiện cost: 63648.00 -> 60688.00
2026-04-20 14:05:21,458 -   [LS Iter 3] Cải thiện cost: 60688.00 -> 59239.00
2026-04-20 14:05:21,733 -   [LS Iter 4] Cải thiện cost: 59239.00 -> 58399.00
2026-04-20 14:05:21,980 -   [LS Iter 5] Cải thiện cost: 58399.00 -> 58053.00
2026-04-20 14:05:22,213 -   [LS Iter 6] Cải thiện cost: 58053.00 -> 58025.00
2026-04-20 14:05:22,442 - === KẾT THÚC GIAI ĐOẠN 2 | Đạt cực trị tại: 58025.00 ===
2026-04-20 14:05:22,442 - === BẮT ĐẦU CHẶNG 3: ALNS + GLS | Vòng lặp: 300 | Cost: 58025.00 ===
2026-04-20 14:05:22,800 -   [GLS Iter 21] Cập nhật ma trận phạt do kẹt tải trọng liên tục.
2026-04-20 14:05:24,161 -   [ALNS Iter 22] Related Destroy phá vỡ giới hạn -> BEST MỚI: 57901.00
2026-04-20 14:05:26,052 -   [ALNS Iter 39] Related Destroy phá vỡ giới hạn -> BEST MỚI: 57621.00
2026-04-20 14:05:29,633 -   [ALNS Iter 51] Related Destroy phá vỡ giới hạn -> BEST MỚI: 56795.00
2026-04-20 14:05:30,340 -   [ALNS Iter 55] Related Destroy phá vỡ giới hạn -> BEST MỚI: 56764.00
2026-04-20 14:05:32,273 -   [GLS Iter 61] Cập nhật ma trận phạt do kẹt tải trọng liên tục.
2026-04-20 14:05:34,106 -   [ALNS Iter 62] Related Destroy phá vỡ giới hạn -> BEST MỚI: 56556.00
2026-04-20 14:05:35,282 -   [ALNS Iter 63] Related Destroy phá vỡ giới hạn -> BEST MỚI: 56475.00
2026-04-20 14:05:38,640 -   [ALNS Iter 66] Related Destroy phá vỡ giới hạn -> BEST MỚI: 56336.00
2026-04-20 14:05:43,565 -   [GLS Iter 81] Cập nhật ma trận phạt do kẹt tải trọng liên tục.
2026-04-20 14:06:00,406 -   [GLS Iter 141] Cập nhật ma trận phạt do kẹt tải trọng liên tục.
2026-04-20 14:06:13,616 -   [GLS Iter 201] Cập nhật ma trận phạt do kẹt tải trọng liên tục.
2026-04-20 14:06:28,830 -   [GLS Iter 261] Cập nhật ma trận phạt do kẹt tải trọng liên tục.
2026-04-20 14:06:40,291 - === KẾT THÚC CHẶNG 3 | Cost xuất sắc nhất đạt được: 56336.00 ===
2026-04-20 14:06:40,292 - === BẮT ĐẦU CHẶNG 4: MAX-SAT CHÍNH XÁC | Cost: 56336.00 ===
2026-04-20 14:06:40,292 -   [GĐ 4.1] Giải bài toán TSP trên từng tuyến đơn...
2026-04-20 14:07:20,296 -     [S-Timeout 40.0s]
2026-04-20 14:07:45,977 -   [GĐ 4.2] Xét từng cặp tuyến để phân bổ lại khách hàng...
2026-04-20 14:07:45,978 -   --- Pairwise Iter 1 (còn 1055s) ---
2026-04-20 14:08:45,983 -     [P-Timeout 60.0s]
2026-04-20 14:10:02,500 -     [P-Timeout 60.0s]
2026-04-20 14:11:02,513 -     [P-Timeout 60.0s]
2026-04-20 14:12:02,527 -     [P-Timeout 60.0s]
2026-04-20 14:13:02,539 -     [P-Timeout 60.0s]
2026-04-20 14:14:02,556 -     [P-Timeout 60.0s]
2026-04-20 14:15:02,569 -     [P-Timeout 60.0s]
2026-04-20 14:16:02,583 -     [P-Timeout 60.0s]
2026-04-20 14:17:02,596 -     [P-Timeout 60.0s]
2026-04-20 14:18:02,612 -     [P-Timeout 60.0s]
2026-04-20 14:19:02,630 -     [P-Timeout 60.0s]
2026-04-20 14:20:27,625 -     [P-Timeout 60.0s]
2026-04-20 14:21:27,645 -     [P-Timeout 60.0s]
2026-04-20 14:22:27,657 -     [P-Timeout 60.0s]
2026-04-20 14:23:27,669 -     [P-Timeout 60.0s]
2026-04-20 14:24:27,681 -     [P-Timeout 60.0s]
2026-04-20 14:25:18,628 -     [P-Timeout 50.9s]
2026-04-20 14:25:18,643 -     -> Đã đạt cực trị toàn cục cho mọi cặp dưới ngưỡng. KẾT THÚC CHẶNG 4.
2026-04-20 14:25:18,643 - HOÀN THÀNH PIPELINE. Final cost=56336.00 | Time=1198.0s
2026-04-20 14:25:18,644 - ======================================================================
2026-04-20 14:25:18,644 - CW Khởi tạo = 88682 → Sau Pipeline = 56336
2026-04-20 14:25:18,644 - Cải thiện so CW: 32346
2026-04-20 14:25:18,644 - Tổng thời gian: 1198.1s
2026-04-20 14:25:18,644 - Verified cost: 56336
2026-04-20 14:25:18,649 - ======================================================================
2026-04-20 14:25:18,649 - FILE: X-n129-k18.vrp
2026-04-20 14:25:18,649 - ======================================================================
2026-04-20 14:25:18,683 - Dim=129 K=18 Cap=39
2026-04-20 14:25:18,683 - --- Step 1: Clarke-Wright Heuristic ---
2026-04-20 14:25:18,703 -   cost=35681 time=0.02s
2026-04-20 14:25:18,703 - --- Step 2, 3, 4: Advanced Optimization Pipeline ---
2026-04-20 14:25:18,703 - =========================================
2026-04-20 14:25:18,703 - BẮT ĐẦU TUYẾN TRÌNH TỐI ƯU (PIPELINE)
2026-04-20 14:25:18,703 - =========================================
2026-04-20 14:25:18,703 - === GIAI ĐOẠN 2: LOCAL SEARCH ĐA TOÁN TỬ | Bắt đầu: 35681.00 ===
2026-04-20 14:25:19,225 -   [LS Iter 1] Cải thiện cost: 35681.00 -> 31552.00
2026-04-20 14:25:19,712 -   [LS Iter 2] Cải thiện cost: 31552.00 -> 31052.00
2026-04-20 14:25:20,185 -   [LS Iter 3] Cải thiện cost: 31052.00 -> 30986.00
2026-04-20 14:25:20,619 -   [LS Iter 4] Cải thiện cost: 30986.00 -> 30920.00
2026-04-20 14:25:21,040 -   [LS Iter 5] Cải thiện cost: 30920.00 -> 30792.00
2026-04-20 14:25:21,467 -   [LS Iter 6] Cải thiện cost: 30792.00 -> 30462.00
2026-04-20 14:25:21,891 -   [LS Iter 7] Cải thiện cost: 30462.00 -> 30377.00
2026-04-20 14:25:22,317 -   [LS Iter 8] Cải thiện cost: 30377.00 -> 30351.00
2026-04-20 14:25:22,732 -   [LS Iter 9] Cải thiện cost: 30351.00 -> 30181.00
2026-04-20 14:25:23,139 -   [LS Iter 10] Cải thiện cost: 30181.00 -> 30178.00
2026-04-20 14:25:23,538 -   [LS Iter 11] Cải thiện cost: 30178.00 -> 30170.00
2026-04-20 14:25:23,917 -   [LS Iter 12] Cải thiện cost: 30170.00 -> 30139.00
2026-04-20 14:25:24,293 - === KẾT THÚC GIAI ĐOẠN 2 | Đạt cực trị tại: 30139.00 ===
2026-04-20 14:25:24,293 - === BẮT ĐẦU CHẶNG 3: ALNS + GLS | Vòng lặp: 300 | Cost: 30139.00 ===
2026-04-20 14:25:26,297 -   [ALNS Iter 1] Random Destroy phá vỡ giới hạn -> BEST MỚI: 30078.00
2026-04-20 14:27:34,793 -   [ALNS Iter 52] Worst Destroy phá vỡ giới hạn -> BEST MỚI: 30070.00
2026-04-20 14:28:04,315 -   [GLS Iter 61] Cập nhật ma trận phạt để thay đổi hướng đi.
2026-04-20 14:28:45,188 -   [ALNS Iter 76] Random Destroy phá vỡ giới hạn -> BEST MỚI: 29661.00
2026-04-20 14:30:44,282 -   [GLS Iter 121] Cập nhật ma trận phạt để thay đổi hướng đi.
2026-04-20 14:33:28,181 -   [GLS Iter 181] Cập nhật ma trận phạt để thay đổi hướng đi.
2026-04-20 14:35:58,539 -   [GLS Iter 241] Cập nhật ma trận phạt để thay đổi hướng đi.
2026-04-20 14:38:45,351 - === KẾT THÚC CHẶNG 3 | Cost xuất sắc nhất đạt được: 29661.00 ===
2026-04-20 14:38:45,352 - === BẮT ĐẦU CHẶNG 4: MAX-SAT CHÍNH XÁC | Cost: 29661.00 ===
2026-04-20 14:38:45,352 -   [GĐ 4.1] Giải bài toán TSP trên từng tuyến đơn...
2026-04-20 14:39:25,356 -     [S-Timeout 40.0s]
2026-04-20 14:40:05,367 -     [S-Timeout 40.0s]
2026-04-20 14:40:45,379 -     [S-Timeout 40.0s]
2026-04-20 14:41:48,421 -     [S-Timeout 40.0s]
2026-04-20 14:42:36,105 -     [S-Timeout 40.0s]
2026-04-20 14:43:16,119 -     [S-Timeout 40.0s]
2026-04-20 14:43:56,133 -     [S-Timeout 40.0s]
2026-04-20 14:44:36,144 -     [S-Timeout 40.0s]
2026-04-20 14:45:16,706 -     [S-Timeout 33.4s]
2026-04-20 14:45:16,715 -   [GĐ 4.2] Xét từng cặp tuyến để phân bổ lại khách hàng...
2026-04-20 14:45:16,715 -   --- Pairwise Iter 1 (còn 2s) ---
2026-04-20 14:45:16,717 -     -> Đã đạt cực trị toàn cục cho mọi cặp dưới ngưỡng. KẾT THÚC CHẶNG 4.
2026-04-20 14:45:16,717 - HOÀN THÀNH PIPELINE. Final cost=29661.00 | Time=1198.0s
2026-04-20 14:45:16,717 - ======================================================================
2026-04-20 14:45:16,717 - CW Khởi tạo = 35681 → Sau Pipeline = 29661
2026-04-20 14:45:16,717 - Cải thiện so CW: 6020
2026-04-20 14:45:16,717 - Tổng thời gian: 1198.0s
2026-04-20 14:45:16,717 - Verified cost: 29661
2026-04-20 14:45:16,723 - ======================================================================
2026-04-20 14:45:16,723 - FILE: X-n134-k13.vrp
2026-04-20 14:45:16,723 - ======================================================================
2026-04-20 14:45:16,758 - Dim=134 K=13 Cap=643
2026-04-20 14:45:16,758 - --- Step 1: Clarke-Wright Heuristic ---
2026-04-20 14:45:16,780 -   cost=14297 time=0.02s
2026-04-20 14:45:16,781 - --- Step 2, 3, 4: Advanced Optimization Pipeline ---
2026-04-20 14:45:16,781 - =========================================
2026-04-20 14:45:16,781 - BẮT ĐẦU TUYẾN TRÌNH TỐI ƯU (PIPELINE)
2026-04-20 14:45:16,781 - =========================================
2026-04-20 14:45:16,781 - === GIAI ĐOẠN 2: LOCAL SEARCH ĐA TOÁN TỬ | Bắt đầu: 14297.00 ===
2026-04-20 14:45:17,368 -   [LS Iter 1] Cải thiện cost: 14297.00 -> 12452.00
2026-04-20 14:45:17,951 -   [LS Iter 2] Cải thiện cost: 12452.00 -> 12092.00
2026-04-20 14:45:18,482 -   [LS Iter 3] Cải thiện cost: 12092.00 -> 12011.00
2026-04-20 14:45:18,997 -   [LS Iter 4] Cải thiện cost: 12011.00 -> 11903.00
2026-04-20 14:45:19,503 - === KẾT THÚC GIAI ĐOẠN 2 | Đạt cực trị tại: 11903.00 ===
2026-04-20 14:45:19,503 - === BẮT ĐẦU CHẶNG 3: ALNS + GLS | Vòng lặp: 300 | Cost: 11903.00 ===
2026-04-20 14:45:28,881 -   [GLS Iter 21] Cập nhật ma trận phạt do kẹt tải trọng liên tục.
2026-04-20 14:45:39,673 -   [ALNS Iter 36] Related Destroy phá vỡ giới hạn -> BEST MỚI: 11844.00
2026-04-20 14:45:41,851 -   [ALNS Iter 37] Related Destroy phá vỡ giới hạn -> BEST MỚI: 11677.00
2026-04-20 14:45:42,948 -   [ALNS Iter 39] Related Destroy phá vỡ giới hạn -> BEST MỚI: 11617.00
2026-04-20 14:45:45,025 -   [ALNS Iter 41] Related Destroy phá vỡ giới hạn -> BEST MỚI: 11548.00
2026-04-20 14:45:55,672 -   [ALNS Iter 69] Random Destroy phá vỡ giới hạn -> BEST MỚI: 11509.00
2026-04-20 14:46:05,114 -   [GLS Iter 81] Cập nhật ma trận phạt do kẹt tải trọng liên tục.
2026-04-20 14:46:10,738 -   [ALNS Iter 88] Related Destroy phá vỡ giới hạn -> BEST MỚI: 11498.00
2026-04-20 14:46:12,996 -   [ALNS Iter 90] Related Destroy phá vỡ giới hạn -> BEST MỚI: 11458.00
2026-04-20 14:46:50,298 -   [GLS Iter 141] Cập nhật ma trận phạt do kẹt tải trọng liên tục.
2026-04-20 14:47:25,001 -   [GLS Iter 201] Cập nhật ma trận phạt do kẹt tải trọng liên tục.
2026-04-20 14:48:13,399 -   [GLS Iter 261] Cập nhật ma trận phạt do kẹt tải trọng liên tục.
2026-04-20 14:48:36,135 -   [ALNS Iter 286] Related Destroy phá vỡ giới hạn -> BEST MỚI: 11443.00
2026-04-20 14:48:39,929 -   [ALNS Iter 292] Related Destroy phá vỡ giới hạn -> BEST MỚI: 11438.00
2026-04-20 14:48:45,889 - === KẾT THÚC CHẶNG 3 | Cost xuất sắc nhất đạt được: 11438.00 ===
2026-04-20 14:48:45,889 - === BẮT ĐẦU CHẶNG 4: MAX-SAT CHÍNH XÁC | Cost: 11438.00 ===
2026-04-20 14:48:45,889 -   [GĐ 4.1] Giải bài toán TSP trên từng tuyến đơn...
2026-04-20 14:49:27,496 -     [S-Timeout 40.0s]
2026-04-20 14:50:07,506 -     [S-Timeout 40.0s]
2026-04-20 14:50:48,096 -     [S-Timeout 40.0s]
2026-04-20 14:51:40,125 -     [S-Timeout 40.0s]
2026-04-20 14:52:20,135 -     [S-Timeout 40.0s]
2026-04-20 14:53:00,145 -     [S-Timeout 40.0s]
2026-04-20 14:53:40,156 -     [S-Timeout 40.0s]
2026-04-20 14:53:59,465 -   [GĐ 4.2] Xét từng cặp tuyến để phân bổ lại khách hàng...
2026-04-20 14:53:59,465 -   --- Pairwise Iter 1 (còn 677s) ---
2026-04-20 14:55:01,470 -     [P-Timeout 62.0s]
2026-04-20 14:56:03,493 -     [P-Timeout 62.0s]
2026-04-20 14:57:05,511 -     [P-Timeout 62.0s]
2026-04-20 14:58:07,532 -     [P-Timeout 62.0s]
2026-04-20 14:59:09,550 -     [P-Timeout 62.0s]
2026-04-20 15:00:11,574 -     [P-Timeout 62.0s]
2026-04-20 15:01:13,600 -     [P-Timeout 62.0s]
2026-04-20 15:02:15,628 -     [P-Timeout 62.0s]
2026-04-20 15:03:17,653 -     [P-Timeout 62.0s]
2026-04-20 15:04:19,679 -     [P-Timeout 62.0s]
2026-04-20 15:04:19,702 -     -> Đã đạt cực trị toàn cục cho mọi cặp dưới ngưỡng. KẾT THÚC CHẶNG 4.
2026-04-20 15:04:19,702 - HOÀN THÀNH PIPELINE. Final cost=11438.00 | Time=1142.9s
2026-04-20 15:04:19,703 - ======================================================================
2026-04-20 15:04:19,703 - CW Khởi tạo = 14297 → Sau Pipeline = 11438
2026-04-20 15:04:19,703 - Cải thiện so CW: 2859
2026-04-20 15:04:19,703 - Tổng thời gian: 1142.9s
2026-04-20 15:04:19,703 - Verified cost: 11438
2026-04-20 15:04:19,708 - ======================================================================
2026-04-20 15:04:19,708 - FILE: X-n139-k10.vrp
2026-04-20 15:04:19,708 - ======================================================================
2026-04-20 15:04:19,738 - Dim=139 K=10 Cap=106
2026-04-20 15:04:19,738 - --- Step 1: Clarke-Wright Heuristic ---
2026-04-20 15:04:19,765 -   cost=20423 time=0.03s
2026-04-20 15:04:19,765 - --- Step 2, 3, 4: Advanced Optimization Pipeline ---
2026-04-20 15:04:19,765 - =========================================
2026-04-20 15:04:19,765 - BẮT ĐẦU TUYẾN TRÌNH TỐI ƯU (PIPELINE)
2026-04-20 15:04:19,765 - =========================================
2026-04-20 15:04:19,765 - === GIAI ĐOẠN 2: LOCAL SEARCH ĐA TOÁN TỬ | Bắt đầu: 20423.00 ===
2026-04-20 15:04:20,694 -   [LS Iter 1] Cải thiện cost: 20423.00 -> 15082.00
2026-04-20 15:04:21,469 -   [LS Iter 2] Cải thiện cost: 15082.00 -> 14798.00
2026-04-20 15:04:22,227 - === KẾT THÚC GIAI ĐOẠN 2 | Đạt cực trị tại: 14798.00 ===
2026-04-20 15:04:22,228 - === BẮT ĐẦU CHẶNG 3: ALNS + GLS | Vòng lặp: 300 | Cost: 14798.00 ===
2026-04-20 15:04:25,274 -   [ALNS Iter 1] Random Destroy phá vỡ giới hạn -> BEST MỚI: 14612.00
2026-04-20 15:04:30,949 -   [ALNS Iter 7] Random Destroy phá vỡ giới hạn -> BEST MỚI: 14520.00
2026-04-20 15:04:32,431 -   [ALNS Iter 8] Random Destroy phá vỡ giới hạn -> BEST MỚI: 14366.00
2026-04-20 15:04:38,516 -   [ALNS Iter 10] Random Destroy phá vỡ giới hạn -> BEST MỚI: 14323.00
2026-04-20 15:05:05,668 -   [ALNS Iter 28] Random Destroy phá vỡ giới hạn -> BEST MỚI: 14245.00
2026-04-20 15:05:07,225 -   [ALNS Iter 29] Random Destroy phá vỡ giới hạn -> BEST MỚI: 14228.00
2026-04-20 15:05:08,816 -   [ALNS Iter 30] Random Destroy phá vỡ giới hạn -> BEST MỚI: 14165.00
2026-04-20 15:05:24,427 -   [ALNS Iter 40] Random Destroy phá vỡ giới hạn -> BEST MỚI: 14073.00
2026-04-20 15:06:00,136 -   [GLS Iter 61] Cập nhật ma trận phạt để thay đổi hướng đi.
2026-04-20 15:07:41,871 -   [GLS Iter 121] Cập nhật ma trận phạt do kẹt tải trọng liên tục.
2026-04-20 15:09:26,926 -   [ALNS Iter 176] Random Destroy phá vỡ giới hạn -> BEST MỚI: 13955.00
2026-04-20 15:10:35,797 -   [GLS Iter 221] Cập nhật ma trận phạt do kẹt tải trọng liên tục.
2026-04-20 15:12:23,437 -   [GLS Iter 281] Cập nhật ma trận phạt để thay đổi hướng đi.
2026-04-20 15:13:03,425 - === KẾT THÚC CHẶNG 3 | Cost xuất sắc nhất đạt được: 13955.00 ===
2026-04-20 15:13:03,425 - === BẮT ĐẦU CHẶNG 4: MAX-SAT CHÍNH XÁC | Cost: 13955.00 ===
2026-04-20 15:13:03,426 -   [GĐ 4.1] Giải bài toán TSP trên từng tuyến đơn...
2026-04-20 15:13:43,429 -     [S-Timeout 40.0s]
2026-04-20 15:14:23,444 -     [S-Timeout 40.0s]
2026-04-20 15:15:03,461 -     [S-Timeout 40.0s]
2026-04-20 15:15:43,476 -     [S-Timeout 40.0s]
2026-04-20 15:16:23,491 -     [S-Timeout 40.0s]
2026-04-20 15:17:03,507 -     [S-Timeout 40.0s]
2026-04-20 15:17:43,521 -     [S-Timeout 40.0s]
2026-04-20 15:18:23,537 -     [S-Timeout 40.0s]
2026-04-20 15:19:03,554 -     [S-Timeout 40.0s]
2026-04-20 15:19:43,570 -     [S-Timeout 40.0s]
2026-04-20 15:19:43,583 -   [GĐ 4.2] Xét từng cặp tuyến để phân bổ lại khách hàng...
2026-04-20 15:19:43,583 -   --- Pairwise Iter 1 (còn 276s) ---
2026-04-20 15:19:43,585 -     -> Đã đạt cực trị toàn cục cho mọi cặp dưới ngưỡng. KẾT THÚC CHẶNG 4.
2026-04-20 15:19:43,585 - HOÀN THÀNH PIPELINE. Final cost=13955.00 | Time=923.8s
2026-04-20 15:19:43,586 - ======================================================================
2026-04-20 15:19:43,586 - CW Khởi tạo = 20423 → Sau Pipeline = 13955
2026-04-20 15:19:43,586 - Cải thiện so CW: 6468
2026-04-20 15:19:43,586 - Tổng thời gian: 923.8s
2026-04-20 15:19:43,586 - Verified cost: 13955
2026-04-20 15:19:43,591 - ======================================================================
2026-04-20 15:19:43,591 - FILE: X-n143-k7.vrp
2026-04-20 15:19:43,591 - ======================================================================
2026-04-20 15:19:43,626 - Dim=143 K=7 Cap=1190
2026-04-20 15:19:43,627 - --- Step 1: Clarke-Wright Heuristic ---
2026-04-20 15:19:43,660 -   cost=20588 time=0.03s
2026-04-20 15:19:43,660 - --- Step 2, 3, 4: Advanced Optimization Pipeline ---
2026-04-20 15:19:43,660 - =========================================
2026-04-20 15:19:43,660 - BẮT ĐẦU TUYẾN TRÌNH TỐI ƯU (PIPELINE)
2026-04-20 15:19:43,660 - =========================================
2026-04-20 15:19:43,660 - === GIAI ĐOẠN 2: LOCAL SEARCH ĐA TOÁN TỬ | Bắt đầu: 20588.00 ===
2026-04-20 15:19:46,002 -   [LS Iter 1] Cải thiện cost: 20588.00 -> 17842.00
2026-04-20 15:19:48,186 -   [LS Iter 2] Cải thiện cost: 17842.00 -> 17502.00
2026-04-20 15:19:50,147 -   [LS Iter 3] Cải thiện cost: 17502.00 -> 17373.00
2026-04-20 15:19:51,895 -   [LS Iter 4] Cải thiện cost: 17373.00 -> 17334.00
2026-04-20 15:19:53,512 -   [LS Iter 5] Cải thiện cost: 17334.00 -> 17246.00
2026-04-20 15:19:55,140 -   [LS Iter 6] Cải thiện cost: 17246.00 -> 17208.00
2026-04-20 15:19:56,650 -   [LS Iter 7] Cải thiện cost: 17208.00 -> 17195.00
2026-04-20 15:19:58,246 -   [LS Iter 8] Cải thiện cost: 17195.00 -> 17187.00
2026-04-20 15:19:59,876 -   [LS Iter 9] Cải thiện cost: 17187.00 -> 17179.00
2026-04-20 15:20:01,451 -   [LS Iter 10] Cải thiện cost: 17179.00 -> 17174.00
2026-04-20 15:20:02,997 -   [LS Iter 11] Cải thiện cost: 17174.00 -> 17172.00
2026-04-20 15:20:04,544 - === KẾT THÚC GIAI ĐOẠN 2 | Đạt cực trị tại: 17172.00 ===
2026-04-20 15:20:04,545 - === BẮT ĐẦU CHẶNG 3: ALNS + GLS | Vòng lặp: 300 | Cost: 17172.00 ===
2026-04-20 15:21:42,185 -   [GLS Iter 21] Cập nhật ma trận phạt để thay đổi hướng đi.
2026-04-20 15:26:57,493 -   [ALNS Iter 73] Worst Destroy phá vỡ giới hạn -> BEST MỚI: 16918.00
2026-04-20 15:31:19,107 -   [GLS Iter 121] Cập nhật ma trận phạt để thay đổi hướng đi.
2026-04-20 15:38:20,924 -   [GLS Iter 181] Cập nhật ma trận phạt để thay đổi hướng đi.
2026-04-20 15:38:26,085 -   [ALNS Iter 182] Random Destroy phá vỡ giới hạn -> BEST MỚI: 16874.00
2026-04-20 15:39:44,687 - === KẾT THÚC CHẶNG 3 | Cost xuất sắc nhất đạt được: 16874.00 ===
2026-04-20 15:39:44,687 - ======================================================================
2026-04-20 15:39:44,687 - CW Khởi tạo = 20588 → Sau Pipeline = 16874
2026-04-20 15:39:44,687 - Cải thiện so CW: 3714
2026-04-20 15:39:44,687 - Tổng thời gian: 1201.1s
2026-04-20 15:39:44,687 - Verified cost: 16874
2026-04-20 15:39:44,692 - ======================================================================
2026-04-20 15:39:44,692 - FILE: X-n148-k46.vrp
2026-04-20 15:39:44,692 - ======================================================================
2026-04-20 15:39:44,733 - Dim=148 K=46 Cap=18
2026-04-20 15:39:44,733 - --- Step 1: Clarke-Wright Heuristic ---
2026-04-20 15:39:44,895 -   cost=83571 time=0.16s
2026-04-20 15:39:44,895 - --- Step 2, 3, 4: Advanced Optimization Pipeline ---
2026-04-20 15:39:44,895 - =========================================
2026-04-20 15:39:44,896 - BẮT ĐẦU TUYẾN TRÌNH TỐI ƯU (PIPELINE)
2026-04-20 15:39:44,896 - =========================================
2026-04-20 15:39:44,896 - === GIAI ĐOẠN 2: LOCAL SEARCH ĐA TOÁN TỬ | Bắt đầu: 83571.00 ===
2026-04-20 15:39:45,159 -   [LS Iter 1] Cải thiện cost: 83571.00 -> 52090.00
2026-04-20 15:39:45,467 -   [LS Iter 2] Cải thiện cost: 52090.00 -> 47355.00
2026-04-20 15:39:45,761 -   [LS Iter 3] Cải thiện cost: 47355.00 -> 46502.00
2026-04-20 15:39:46,043 -   [LS Iter 4] Cải thiện cost: 46502.00 -> 46464.00
2026-04-20 15:39:46,292 -   [LS Iter 5] Cải thiện cost: 46464.00 -> 46460.00
2026-04-20 15:39:46,550 - === KẾT THÚC GIAI ĐOẠN 2 | Đạt cực trị tại: 46460.00 ===
2026-04-20 15:39:46,550 - === BẮT ĐẦU CHẶNG 3: ALNS + GLS | Vòng lặp: 300 | Cost: 46460.00 ===
2026-04-20 15:39:47,644 -   [ALNS Iter 3] Related Destroy phá vỡ giới hạn -> BEST MỚI: 46101.00
2026-04-20 15:39:50,014 -   [ALNS Iter 16] Related Destroy phá vỡ giới hạn -> BEST MỚI: 45710.00
2026-04-20 15:39:58,475 -   [GLS Iter 61] Cập nhật ma trận phạt do kẹt tải trọng liên tục.
2026-04-20 15:40:02,806 -   [ALNS Iter 105] Related Destroy phá vỡ giới hạn -> BEST MỚI: 45657.00
2026-04-20 15:40:03,820 -   [ALNS Iter 106] Related Destroy phá vỡ giới hạn -> BEST MỚI: 45495.00
2026-04-20 15:40:06,810 -   [ALNS Iter 115] Related Destroy phá vỡ giới hạn -> BEST MỚI: 45343.00
2026-04-20 15:40:08,202 -   [GLS Iter 121] Cập nhật ma trận phạt do kẹt tải trọng liên tục.
2026-04-20 15:40:09,461 -   [ALNS Iter 122] Related Destroy phá vỡ giới hạn -> BEST MỚI: 45289.00
2026-04-20 15:40:13,003 -   [GLS Iter 161] Cập nhật ma trận phạt do kẹt tải trọng liên tục.
2026-04-20 15:40:23,162 -   [GLS Iter 221] Cập nhật ma trận phạt do kẹt tải trọng liên tục.
2026-04-20 15:40:35,066 -   [ALNS Iter 280] Related Destroy phá vỡ giới hạn -> BEST MỚI: 45253.00
2026-04-20 15:40:36,156 - === KẾT THÚC CHẶNG 3 | Cost xuất sắc nhất đạt được: 45253.00 ===
2026-04-20 15:40:36,156 - === BẮT ĐẦU CHẶNG 4: MAX-SAT CHÍNH XÁC | Cost: 45253.00 ===
2026-04-20 15:40:36,156 -   [GĐ 4.1] Giải bài toán TSP trên từng tuyến đơn...
2026-04-20 15:41:19,753 -     [S-Timeout 40.0s]
2026-04-20 15:41:19,944 -   [GĐ 4.2] Xét từng cặp tuyến để phân bổ lại khách hàng...
2026-04-20 15:41:19,944 -   --- Pairwise Iter 1 (còn 1105s) ---
2026-04-20 15:42:19,951 -     [P-Timeout 60.0s]
2026-04-20 15:43:19,967 -     [P-Timeout 60.0s]
2026-04-20 15:44:19,979 -     [P-Timeout 60.0s]
2026-04-20 15:45:38,390 -     [P-Timeout 60.0s]
2026-04-20 15:46:38,403 -     [P-Timeout 60.0s]
2026-04-20 15:47:38,414 -     [P-Timeout 60.0s]
2026-04-20 15:48:39,579 -     [P-Timeout 60.0s]
2026-04-20 15:49:39,593 -     [P-Timeout 60.0s]
2026-04-20 15:50:39,607 -     [P-Timeout 60.0s]
2026-04-20 15:51:39,628 -     [P-Timeout 60.0s]
2026-04-20 15:52:39,652 -     [P-Timeout 60.0s]
2026-04-20 15:53:39,671 -     [P-Timeout 60.0s]
2026-04-20 15:54:39,688 -     [P-Timeout 60.0s]
2026-04-20 15:55:39,705 -     [P-Timeout 60.0s]
2026-04-20 15:56:39,717 -     [P-Timeout 60.0s]
2026-04-20 15:57:39,732 -     [P-Timeout 60.0s]
2026-04-20 15:58:39,748 -     [P-Timeout 60.0s]
2026-04-20 15:59:39,770 -     [P-Timeout 60.0s]
2026-04-20 15:59:42,899 -     [P-Timeout 3.1s]
2026-04-20 15:59:42,907 -     -> Đã đạt cực trị toàn cục cho mọi cặp dưới ngưỡng. KẾT THÚC CHẶNG 4.
2026-04-20 15:59:42,907 - HOÀN THÀNH PIPELINE. Final cost=45253.00 | Time=1198.0s
2026-04-20 15:59:42,908 - ======================================================================
2026-04-20 15:59:42,908 - CW Khởi tạo = 83571 → Sau Pipeline = 45253
2026-04-20 15:59:42,908 - Cải thiện so CW: 38318
2026-04-20 15:59:42,908 - Tổng thời gian: 1198.2s
2026-04-20 15:59:42,908 - Verified cost: 45253
2026-04-20 15:59:42,913 - ======================================================================
2026-04-20 15:59:42,913 - FILE: X-n153-k22.vrp
2026-04-20 15:59:42,913 - ======================================================================
2026-04-20 15:59:42,953 - Dim=153 K=22 Cap=144
2026-04-20 15:59:42,953 - --- Step 1: Clarke-Wright Heuristic ---
2026-04-20 15:59:43,211 -   cost=64204 time=0.26s
2026-04-20 15:59:43,211 - --- Step 2, 3, 4: Advanced Optimization Pipeline ---
2026-04-20 15:59:43,212 - =========================================
2026-04-20 15:59:43,212 - BẮT ĐẦU TUYẾN TRÌNH TỐI ƯU (PIPELINE)
2026-04-20 15:59:43,212 - =========================================
2026-04-20 15:59:43,212 - === GIAI ĐOẠN 2: LOCAL SEARCH ĐA TOÁN TỬ | Bắt đầu: 64204.00 ===
2026-04-20 15:59:44,278 -   [LS Iter 1] Cải thiện cost: 64204.00 -> 29610.00
2026-04-20 15:59:45,238 -   [LS Iter 2] Cải thiện cost: 29610.00 -> 25409.00
2026-04-20 15:59:46,142 -   [LS Iter 3] Cải thiện cost: 25409.00 -> 23900.00
2026-04-20 15:59:46,929 -   [LS Iter 4] Cải thiện cost: 23900.00 -> 23687.00
2026-04-20 15:59:47,717 -   [LS Iter 5] Cải thiện cost: 23687.00 -> 23519.00
2026-04-20 15:59:48,481 -   [LS Iter 6] Cải thiện cost: 23519.00 -> 23444.00
2026-04-20 15:59:49,246 -   [LS Iter 7] Cải thiện cost: 23444.00 -> 23411.00
2026-04-20 15:59:50,003 -   [LS Iter 8] Cải thiện cost: 23411.00 -> 23398.00
2026-04-20 15:59:50,766 -   [LS Iter 9] Cải thiện cost: 23398.00 -> 23389.00
2026-04-20 15:59:51,549 -   [LS Iter 10] Cải thiện cost: 23389.00 -> 23380.00
2026-04-20 15:59:52,322 -   [LS Iter 11] Cải thiện cost: 23380.00 -> 23375.00
2026-04-20 15:59:53,099 -   [LS Iter 12] Cải thiện cost: 23375.00 -> 23373.00
2026-04-20 15:59:53,874 -   [LS Iter 13] Cải thiện cost: 23373.00 -> 23343.00
2026-04-20 15:59:54,648 -   [LS Iter 14] Cải thiện cost: 23343.00 -> 23281.00
2026-04-20 15:59:55,426 -   [LS Iter 15] Cải thiện cost: 23281.00 -> 23279.00
2026-04-20 15:59:56,216 -   [LS Iter 16] Cải thiện cost: 23279.00 -> 23278.00
2026-04-20 15:59:57,001 -   [LS Iter 17] Cải thiện cost: 23278.00 -> 23272.00
2026-04-20 15:59:57,786 -   [LS Iter 18] Cải thiện cost: 23272.00 -> 23271.00
2026-04-20 15:59:58,572 - === KẾT THÚC GIAI ĐOẠN 2 | Đạt cực trị tại: 23271.00 ===
2026-04-20 15:59:58,572 - === BẮT ĐẦU CHẶNG 3: ALNS + GLS | Vòng lặp: 300 | Cost: 23271.00 ===
2026-04-20 16:00:10,963 -   [ALNS Iter 13] Random Destroy phá vỡ giới hạn -> BEST MỚI: 23229.00
2026-04-20 16:00:14,114 -   [ALNS Iter 17] Random Destroy phá vỡ giới hạn -> BEST MỚI: 23163.00
2026-04-20 16:00:28,138 -   [ALNS Iter 19] Random Destroy phá vỡ giới hạn -> BEST MỚI: 22555.00
2026-04-20 16:00:45,411 -   [GLS Iter 61] Cập nhật ma trận phạt do kẹt tải trọng liên tục.
2026-04-20 16:01:01,526 -   [ALNS Iter 78] Random Destroy phá vỡ giới hạn -> BEST MỚI: 22354.00
2026-04-20 16:01:01,759 -   [GLS Iter 81] Cập nhật ma trận phạt do kẹt tải trọng liên tục.
2026-04-20 16:01:31,557 -   [ALNS Iter 122] Random Destroy phá vỡ giới hạn -> BEST MỚI: 22305.00
2026-04-20 16:01:45,351 -   [GLS Iter 161] Cập nhật ma trận phạt do kẹt tải trọng liên tục.
2026-04-20 16:01:53,444 -   [ALNS Iter 171] Random Destroy phá vỡ giới hạn -> BEST MỚI: 22230.00
2026-04-20 16:02:22,362 -   [GLS Iter 201] Cập nhật ma trận phạt do kẹt tải trọng liên tục.
2026-04-20 16:02:28,899 -   [ALNS Iter 207] Random Destroy phá vỡ giới hạn -> BEST MỚI: 22204.00
2026-04-20 16:02:33,065 -   [ALNS Iter 213] Random Destroy phá vỡ giới hạn -> BEST MỚI: 22185.00
2026-04-20 16:03:22,324 -   [GLS Iter 261] Cập nhật ma trận phạt do kẹt tải trọng liên tục.
2026-04-20 16:03:31,507 -   [ALNS Iter 274] Random Destroy phá vỡ giới hạn -> BEST MỚI: 22111.00
2026-04-20 16:03:35,316 - === KẾT THÚC CHẶNG 3 | Cost xuất sắc nhất đạt được: 22111.00 ===
2026-04-20 16:03:35,316 - === BẮT ĐẦU CHẶNG 4: MAX-SAT CHÍNH XÁC | Cost: 22111.00 ===
2026-04-20 16:03:35,316 -   [GĐ 4.1] Giải bài toán TSP trên từng tuyến đơn...
2026-04-20 16:04:31,238 -     [S-Timeout 40.0s]
2026-04-20 16:05:11,252 -     [S-Timeout 40.0s]
2026-04-20 16:05:51,263 -     [S-Timeout 40.0s]
2026-04-20 16:06:31,277 -     [S-Timeout 40.0s]
2026-04-20 16:07:11,311 -     [S-Timeout 40.0s]
2026-04-20 16:07:51,328 -     [S-Timeout 40.0s]
2026-04-20 16:08:31,340 -     [S-Timeout 40.0s]
2026-04-20 16:09:20,946 -     [S-Timeout 40.0s]
2026-04-20 16:10:01,028 -     [S-Timeout 40.0s]
2026-04-20 16:10:06,958 -   [GĐ 4.2] Xét từng cặp tuyến để phân bổ lại khách hàng...
2026-04-20 16:10:06,958 -   --- Pairwise Iter 1 (còn 576s) ---
2026-04-20 16:11:06,966 -     [P-Timeout 60.0s]
2026-04-20 16:12:06,990 -     [P-Timeout 60.0s]
2026-04-20 16:13:07,005 -     [P-Timeout 60.0s]
2026-04-20 16:14:07,025 -     [P-Timeout 60.0s]
2026-04-20 16:15:07,043 -     [P-Timeout 60.0s]
2026-04-20 16:16:07,064 -     [P-Timeout 60.0s]
2026-04-20 16:17:07,089 -     [P-Timeout 60.0s]
2026-04-20 16:18:07,108 -     [P-Timeout 60.0s]
2026-04-20 16:19:07,121 -     [P-Timeout 60.0s]
2026-04-20 16:19:41,215 -     [P-Timeout 34.1s]
2026-04-20 16:19:41,228 -     -> Đã đạt cực trị toàn cục cho mọi cặp dưới ngưỡng. KẾT THÚC CHẶNG 4.
2026-04-20 16:19:41,228 - HOÀN THÀNH PIPELINE. Final cost=22111.00 | Time=1198.0s
2026-04-20 16:19:41,228 - ======================================================================
2026-04-20 16:19:41,228 - CW Khởi tạo = 64204 → Sau Pipeline = 22111
2026-04-20 16:19:41,228 - Cải thiện so CW: 42093
2026-04-20 16:19:41,228 - Tổng thời gian: 1198.3s
2026-04-20 16:19:41,228 - Verified cost: 22111
2026-04-20 16:19:41,233 - ======================================================================
2026-04-20 16:19:41,233 - FILE: X-n157-k13.vrp
2026-04-20 16:19:41,233 - ======================================================================
2026-04-20 16:19:41,278 - Dim=157 K=13 Cap=12
2026-04-20 16:19:41,278 - --- Step 1: Clarke-Wright Heuristic ---
2026-04-20 16:19:41,307 -   cost=22283 time=0.03s
2026-04-20 16:19:41,307 - --- Step 2, 3, 4: Advanced Optimization Pipeline ---
2026-04-20 16:19:41,307 - =========================================
2026-04-20 16:19:41,307 - BẮT ĐẦU TUYẾN TRÌNH TỐI ƯU (PIPELINE)
2026-04-20 16:19:41,307 - =========================================
2026-04-20 16:19:41,307 - === GIAI ĐOẠN 2: LOCAL SEARCH ĐA TOÁN TỬ | Bắt đầu: 22283.00 ===
2026-04-20 16:19:42,478 -   [LS Iter 1] Cải thiện cost: 22283.00 -> 17909.00
2026-04-20 16:19:43,566 -   [LS Iter 2] Cải thiện cost: 17909.00 -> 17795.00
2026-04-20 16:19:44,630 -   [LS Iter 3] Cải thiện cost: 17795.00 -> 17786.00
2026-04-20 16:19:45,671 - === KẾT THÚC GIAI ĐOẠN 2 | Đạt cực trị tại: 17786.00 ===
2026-04-20 16:19:45,671 - === BẮT ĐẦU CHẶNG 3: ALNS + GLS | Vòng lặp: 300 | Cost: 17786.00 ===
2026-04-20 16:19:59,609 -   [ALNS Iter 4] Worst Destroy phá vỡ giới hạn -> BEST MỚI: 17623.00
2026-04-20 16:20:02,983 -   [ALNS Iter 5] Worst Destroy phá vỡ giới hạn -> BEST MỚI: 17493.00
2026-04-20 16:20:07,561 -   [ALNS Iter 6] Worst Destroy phá vỡ giới hạn -> BEST MỚI: 17457.00
2026-04-20 16:20:19,516 -   [ALNS Iter 10] Worst Destroy phá vỡ giới hạn -> BEST MỚI: 17389.00
2026-04-20 16:20:22,708 -   [ALNS Iter 11] Worst Destroy phá vỡ giới hạn -> BEST MỚI: 17339.00
2026-04-20 16:20:26,056 -   [ALNS Iter 12] Worst Destroy phá vỡ giới hạn -> BEST MỚI: 17270.00
2026-04-20 16:20:28,174 -   [ALNS Iter 13] Worst Destroy phá vỡ giới hạn -> BEST MỚI: 17245.00
2026-04-20 16:20:31,446 -   [ALNS Iter 14] Worst Destroy phá vỡ giới hạn -> BEST MỚI: 17235.00
2026-04-20 16:20:38,077 -   [ALNS Iter 16] Worst Destroy phá vỡ giới hạn -> BEST MỚI: 17196.00
2026-04-20 16:20:43,489 -   [ALNS Iter 18] Worst Destroy phá vỡ giới hạn -> BEST MỚI: 17187.00
2026-04-20 16:20:47,739 -   [ALNS Iter 20] Worst Destroy phá vỡ giới hạn -> BEST MỚI: 17184.00
2026-04-20 16:21:13,904 -   [ALNS Iter 30] Worst Destroy phá vỡ giới hạn -> BEST MỚI: 17155.00
2026-04-20 16:21:58,423 -   [ALNS Iter 46] Worst Destroy phá vỡ giới hạn -> BEST MỚI: 17137.00
2026-04-20 16:22:43,161 -   [GLS Iter 61] Cập nhật ma trận phạt để thay đổi hướng đi.
2026-04-20 16:24:15,237 -   [ALNS Iter 94] Worst Destroy phá vỡ giới hạn -> BEST MỚI: 17132.00
2026-04-20 16:24:20,913 -   [ALNS Iter 96] Random Destroy phá vỡ giới hạn -> BEST MỚI: 17128.00
2026-04-20 16:25:41,580 -   [ALNS Iter 122] Random Destroy phá vỡ giới hạn -> BEST MỚI: 17126.00
2026-04-20 16:25:43,698 -   [ALNS Iter 123] Random Destroy phá vỡ giới hạn -> BEST MỚI: 17123.00
2026-04-20 16:26:38,001 -   [GLS Iter 141] Cập nhật ma trận phạt để thay đổi hướng đi.
2026-04-20 16:29:09,353 -   [GLS Iter 201] Cập nhật ma trận phạt để thay đổi hướng đi.
2026-04-20 16:29:58,097 -   [ALNS Iter 216] Worst Destroy phá vỡ giới hạn -> BEST MỚI: 17097.00
2026-04-20 16:30:05,743 -   [ALNS Iter 218] Worst Destroy phá vỡ giới hạn -> BEST MỚI: 17086.00
2026-04-20 16:30:08,074 -   [ALNS Iter 219] Worst Destroy phá vỡ giới hạn -> BEST MỚI: 17076.00
2026-04-20 16:31:10,314 -   [ALNS Iter 238] Worst Destroy phá vỡ giới hạn -> BEST MỚI: 17043.00
2026-04-20 16:31:16,907 -   [GLS Iter 241] Cập nhật ma trận phạt để thay đổi hướng đi.
2026-04-20 16:33:37,411 -   [ALNS Iter 286] Worst Destroy phá vỡ giới hạn -> BEST MỚI: 17034.00
2026-04-20 16:34:19,933 - === KẾT THÚC CHẶNG 3 | Cost xuất sắc nhất đạt được: 17034.00 ===
2026-04-20 16:34:19,933 - === BẮT ĐẦU CHẶNG 4: MAX-SAT CHÍNH XÁC | Cost: 17034.00 ===
2026-04-20 16:34:19,933 -   [GĐ 4.1] Giải bài toán TSP trên từng tuyến đơn...
2026-04-20 16:34:59,937 -     [S-Timeout 40.0s]
2026-04-20 16:35:39,950 -     [S-Timeout 40.0s]
2026-04-20 16:36:19,965 -     [S-Timeout 40.0s]
2026-04-20 16:36:59,978 -     [S-Timeout 40.0s]
2026-04-20 16:37:39,990 -     [S-Timeout 40.0s]
2026-04-20 16:38:20,001 -     [S-Timeout 40.0s]
2026-04-20 16:39:00,016 -     [S-Timeout 40.0s]
2026-04-20 16:39:39,311 -     [S-Timeout 39.3s]
2026-04-20 16:39:39,321 -   [GĐ 4.2] Xét từng cặp tuyến để phân bổ lại khách hàng...
2026-04-20 16:39:39,321 -   --- Pairwise Iter 1 (còn 2s) ---
2026-04-20 16:39:39,324 -     -> Đã đạt cực trị toàn cục cho mọi cặp dưới ngưỡng. KẾT THÚC CHẶNG 4.
2026-04-20 16:39:39,324 - HOÀN THÀNH PIPELINE. Final cost=17034.00 | Time=1198.0s
2026-04-20 16:39:39,324 - ======================================================================
2026-04-20 16:39:39,324 - CW Khởi tạo = 22283 → Sau Pipeline = 17034
2026-04-20 16:39:39,324 - Cải thiện so CW: 5249
2026-04-20 16:39:39,324 - Tổng thời gian: 1198.0s
2026-04-20 16:39:39,324 - Verified cost: 17034
2026-04-20 16:39:39,329 - ======================================================================
2026-04-20 16:39:39,329 - FILE: X-n162-k11.vrp
2026-04-20 16:39:39,329 - ======================================================================
2026-04-20 16:39:39,371 - Dim=162 K=11 Cap=1174
2026-04-20 16:39:39,372 - --- Step 1: Clarke-Wright Heuristic ---
2026-04-20 16:39:39,399 -   cost=20608 time=0.03s
2026-04-20 16:39:39,400 - --- Step 2, 3, 4: Advanced Optimization Pipeline ---
2026-04-20 16:39:39,400 - =========================================
2026-04-20 16:39:39,400 - BẮT ĐẦU TUYẾN TRÌNH TỐI ƯU (PIPELINE)
2026-04-20 16:39:39,400 - =========================================
2026-04-20 16:39:39,400 - === GIAI ĐOẠN 2: LOCAL SEARCH ĐA TOÁN TỬ | Bắt đầu: 20608.00 ===
2026-04-20 16:39:41,149 -   [LS Iter 1] Cải thiện cost: 20608.00 -> 16195.00
2026-04-20 16:39:42,736 -   [LS Iter 2] Cải thiện cost: 16195.00 -> 15663.00
2026-04-20 16:39:44,286 -   [LS Iter 3] Cải thiện cost: 15663.00 -> 15283.00
2026-04-20 16:39:45,856 -   [LS Iter 4] Cải thiện cost: 15283.00 -> 15141.00
2026-04-20 16:39:47,387 -   [LS Iter 5] Cải thiện cost: 15141.00 -> 15119.00
2026-04-20 16:39:48,891 -   [LS Iter 6] Cải thiện cost: 15119.00 -> 14997.00
2026-04-20 16:39:50,361 -   [LS Iter 7] Cải thiện cost: 14997.00 -> 14976.00
2026-04-20 16:39:51,839 - === KẾT THÚC GIAI ĐOẠN 2 | Đạt cực trị tại: 14976.00 ===
2026-04-20 16:39:51,839 - === BẮT ĐẦU CHẶNG 3: ALNS + GLS | Vòng lặp: 300 | Cost: 14976.00 ===
2026-04-20 16:40:02,855 -   [ALNS Iter 1] Related Destroy phá vỡ giới hạn -> BEST MỚI: 14889.00
2026-04-20 16:41:09,703 -   [ALNS Iter 13] Related Destroy phá vỡ giới hạn -> BEST MỚI: 14839.00
2026-04-20 16:41:12,767 -   [ALNS Iter 14] Worst Destroy phá vỡ giới hạn -> BEST MỚI: 14804.00
2026-04-20 16:41:18,557 -   [ALNS Iter 15] Worst Destroy phá vỡ giới hạn -> BEST MỚI: 14715.00
2026-04-20 16:42:11,375 -   [GLS Iter 21] Cập nhật ma trận phạt để thay đổi hướng đi.
2026-04-20 16:43:56,992 -   [ALNS Iter 43] Related Destroy phá vỡ giới hạn -> BEST MỚI: 14710.00
2026-04-20 16:45:47,857 -   [GLS Iter 61] Cập nhật ma trận phạt để thay đổi hướng đi.
2026-04-20 16:47:07,791 -   [ALNS Iter 70] Related Destroy phá vỡ giới hạn -> BEST MỚI: 14657.00
2026-04-20 16:47:43,258 -   [ALNS Iter 77] Related Destroy phá vỡ giới hạn -> BEST MỚI: 14649.00
2026-04-20 16:47:48,796 -   [ALNS Iter 78] Worst Destroy phá vỡ giới hạn -> BEST MỚI: 14568.00
2026-04-20 16:47:57,104 -   [ALNS Iter 80] Related Destroy phá vỡ giới hạn -> BEST MỚI: 14543.00
2026-04-20 16:49:13,367 -   [ALNS Iter 90] Related Destroy phá vỡ giới hạn -> BEST MỚI: 14476.00
2026-04-20 16:49:48,238 -   [ALNS Iter 97] Worst Destroy phá vỡ giới hạn -> BEST MỚI: 14467.00
2026-04-20 16:49:58,362 -   [ALNS Iter 100] Worst Destroy phá vỡ giới hạn -> BEST MỚI: 14446.00
2026-04-20 16:51:32,859 -   [ALNS Iter 115] Related Destroy phá vỡ giới hạn -> BEST MỚI: 14412.00
2026-04-20 16:51:35,511 -   [ALNS Iter 116] Worst Destroy phá vỡ giới hạn -> BEST MỚI: 14381.00
2026-04-20 16:56:07,995 -   [GLS Iter 161] Cập nhật ma trận phạt để thay đổi hướng đi.
2026-04-20 16:58:45,372 -   [ALNS Iter 194] Related Destroy phá vỡ giới hạn -> BEST MỚI: 14357.00
2026-04-20 16:59:40,716 - === KẾT THÚC CHẶNG 3 | Cost xuất sắc nhất đạt được: 14357.00 ===
2026-04-20 16:59:40,716 - ======================================================================
2026-04-20 16:59:40,716 - CW Khởi tạo = 20608 → Sau Pipeline = 14357
2026-04-20 16:59:40,716 - Cải thiện so CW: 6251
2026-04-20 16:59:40,716 - Tổng thời gian: 1201.3s
2026-04-20 16:59:40,716 - Verified cost: 14357
2026-04-20 16:59:40,721 - ======================================================================
2026-04-20 16:59:40,721 - FILE: X-n167-k10.vrp
2026-04-20 16:59:40,721 - ======================================================================
2026-04-20 16:59:40,765 - Dim=167 K=10 Cap=133
2026-04-20 16:59:40,765 - --- Step 1: Clarke-Wright Heuristic ---
2026-04-20 16:59:40,796 -   cost=27009 time=0.03s
2026-04-20 16:59:40,796 - --- Step 2, 3, 4: Advanced Optimization Pipeline ---
2026-04-20 16:59:40,796 - =========================================
2026-04-20 16:59:40,796 - BẮT ĐẦU TUYẾN TRÌNH TỐI ƯU (PIPELINE)
2026-04-20 16:59:40,796 - =========================================
2026-04-20 16:59:40,796 - === GIAI ĐOẠN 2: LOCAL SEARCH ĐA TOÁN TỬ | Bắt đầu: 27009.00 ===
2026-04-20 16:59:43,125 -   [LS Iter 1] Cải thiện cost: 27009.00 -> 23735.00
2026-04-20 16:59:45,190 -   [LS Iter 2] Cải thiện cost: 23735.00 -> 23216.00
2026-04-20 16:59:47,122 -   [LS Iter 3] Cải thiện cost: 23216.00 -> 23060.00
2026-04-20 16:59:49,040 -   [LS Iter 4] Cải thiện cost: 23060.00 -> 22926.00
2026-04-20 16:59:50,929 -   [LS Iter 5] Cải thiện cost: 22926.00 -> 22846.00
2026-04-20 16:59:52,785 -   [LS Iter 6] Cải thiện cost: 22846.00 -> 22789.00
2026-04-20 16:59:54,585 -   [LS Iter 7] Cải thiện cost: 22789.00 -> 22738.00
2026-04-20 16:59:56,232 -   [LS Iter 8] Cải thiện cost: 22738.00 -> 22692.00
2026-04-20 16:59:57,919 -   [LS Iter 9] Cải thiện cost: 22692.00 -> 22673.00
2026-04-20 16:59:59,614 -   [LS Iter 10] Cải thiện cost: 22673.00 -> 22621.00
2026-04-20 17:00:01,219 -   [LS Iter 11] Cải thiện cost: 22621.00 -> 22543.00
2026-04-20 17:00:02,763 -   [LS Iter 12] Cải thiện cost: 22543.00 -> 22529.00
2026-04-20 17:00:04,270 -   [LS Iter 13] Cải thiện cost: 22529.00 -> 22517.00
2026-04-20 17:00:05,747 -   [LS Iter 14] Cải thiện cost: 22517.00 -> 22516.00
2026-04-20 17:00:07,180 - === KẾT THÚC GIAI ĐOẠN 2 | Đạt cực trị tại: 22516.00 ===
2026-04-20 17:00:07,180 - === BẮT ĐẦU CHẶNG 3: ALNS + GLS | Vòng lặp: 300 | Cost: 22516.00 ===
2026-04-20 17:00:24,006 -   [ALNS Iter 3] Worst Destroy phá vỡ giới hạn -> BEST MỚI: 22445.00
2026-04-20 17:00:50,113 -   [ALNS Iter 7] Random Destroy phá vỡ giới hạn -> BEST MỚI: 22306.00
2026-04-20 17:00:54,035 -   [ALNS Iter 8] Random Destroy phá vỡ giới hạn -> BEST MỚI: 22293.00
2026-04-20 17:00:58,110 -   [ALNS Iter 9] Random Destroy phá vỡ giới hạn -> BEST MỚI: 22286.00
2026-04-20 17:01:03,343 -   [ALNS Iter 10] Random Destroy phá vỡ giới hạn -> BEST MỚI: 22160.00
2026-04-20 17:01:53,060 -   [ALNS Iter 20] Random Destroy phá vỡ giới hạn -> BEST MỚI: 22049.00
2026-04-20 17:02:06,492 -   [ALNS Iter 24] Random Destroy phá vỡ giới hạn -> BEST MỚI: 21767.00
2026-04-20 17:08:13,382 -   [GLS Iter 81] Cập nhật ma trận phạt để thay đổi hướng đi.
2026-04-20 17:11:41,994 -   [ALNS Iter 110] Random Destroy phá vỡ giới hạn -> BEST MỚI: 21686.00
2026-04-20 17:16:43,503 -   [GLS Iter 161] Cập nhật ma trận phạt để thay đổi hướng đi.
2026-04-20 17:19:41,051 - === KẾT THÚC CHẶNG 3 | Cost xuất sắc nhất đạt được: 21686.00 ===
2026-04-20 17:19:41,051 - ======================================================================
2026-04-20 17:19:41,051 - CW Khởi tạo = 27009 → Sau Pipeline = 21686
2026-04-20 17:19:41,051 - Cải thiện so CW: 5323
2026-04-20 17:19:41,051 - Tổng thời gian: 1200.3s
2026-04-20 17:19:41,051 - Verified cost: 21686
2026-04-20 17:19:41,056 - ======================================================================
2026-04-20 17:19:41,056 - FILE: X-n172-k51.vrp
2026-04-20 17:19:41,056 - ======================================================================
2026-04-20 17:19:41,097 - Dim=172 K=51 Cap=161
2026-04-20 17:19:41,097 - --- Step 1: Clarke-Wright Heuristic ---
2026-04-20 17:19:41,314 -   cost=98031 time=0.22s
2026-04-20 17:19:41,314 - --- Step 2, 3, 4: Advanced Optimization Pipeline ---
2026-04-20 17:19:41,314 - =========================================
2026-04-20 17:19:41,314 - BẮT ĐẦU TUYẾN TRÌNH TỐI ƯU (PIPELINE)
2026-04-20 17:19:41,314 - =========================================
2026-04-20 17:19:41,314 - === GIAI ĐOẠN 2: LOCAL SEARCH ĐA TOÁN TỬ | Bắt đầu: 98031.00 ===
2026-04-20 17:19:41,716 -   [LS Iter 1] Cải thiện cost: 98031.00 -> 66539.00
2026-04-20 17:19:42,079 -   [LS Iter 2] Cải thiện cost: 66539.00 -> 56009.00
2026-04-20 17:19:42,432 -   [LS Iter 3] Cải thiện cost: 56009.00 -> 52064.00
2026-04-20 17:19:42,786 -   [LS Iter 4] Cải thiện cost: 52064.00 -> 50846.00
2026-04-20 17:19:43,144 -   [LS Iter 5] Cải thiện cost: 50846.00 -> 49609.00
2026-04-20 17:19:43,497 -   [LS Iter 6] Cải thiện cost: 49609.00 -> 49598.00
2026-04-20 17:19:43,858 - === KẾT THÚC GIAI ĐOẠN 2 | Đạt cực trị tại: 49598.00 ===
2026-04-20 17:19:43,858 - === BẮT ĐẦU CHẶNG 3: ALNS + GLS | Vòng lặp: 300 | Cost: 49598.00 ===
2026-04-20 17:19:47,618 -   [GLS Iter 21] Cập nhật ma trận phạt do kẹt tải trọng liên tục.
2026-04-20 17:19:49,500 -   [ALNS Iter 22] Related Destroy phá vỡ giới hạn -> BEST MỚI: 49548.00
2026-04-20 17:19:55,166 -   [GLS Iter 61] Cập nhật ma trận phạt do kẹt tải trọng liên tục.
2026-04-20 17:20:03,545 -   [GLS Iter 121] Cập nhật ma trận phạt do kẹt tải trọng liên tục.
2026-04-20 17:20:11,320 -   [GLS Iter 181] Cập nhật ma trận phạt do kẹt tải trọng liên tục.
2026-04-20 17:20:29,684 -   [GLS Iter 241] Cập nhật ma trận phạt để thay đổi hướng đi.
2026-04-20 17:20:37,046 -   [ALNS Iter 289] Related Destroy phá vỡ giới hạn -> BEST MỚI: 49454.00
2026-04-20 17:20:39,537 - === KẾT THÚC CHẶNG 3 | Cost xuất sắc nhất đạt được: 49454.00 ===
2026-04-20 17:20:39,538 - === BẮT ĐẦU CHẶNG 4: MAX-SAT CHÍNH XÁC | Cost: 49454.00 ===
2026-04-20 17:20:39,538 -   [GĐ 4.1] Giải bài toán TSP trên từng tuyến đơn...
2026-04-20 17:21:19,722 -     [S-Timeout 40.0s]
2026-04-20 17:22:06,001 -     [S-Timeout 40.0s]
2026-04-20 17:22:07,743 -   [GĐ 4.2] Xét từng cặp tuyến để phân bổ lại khách hàng...
2026-04-20 17:22:07,743 -   --- Pairwise Iter 1 (còn 1054s) ---
2026-04-20 17:23:30,536 -     [P-Timeout 60.0s]
2026-04-20 17:24:30,556 -     [P-Timeout 60.0s]
2026-04-20 17:25:30,572 -     [P-Timeout 60.0s]
2026-04-20 17:26:55,053 -     [P-Timeout 60.0s]
2026-04-20 17:27:55,066 -     [P-Timeout 60.0s]
2026-04-20 17:28:55,090 -     [P-Timeout 60.0s]
2026-04-20 17:29:55,103 -     [P-Timeout 60.0s]
2026-04-20 17:30:55,120 -     [P-Timeout 60.0s]
2026-04-20 17:31:55,134 -     [P-Timeout 60.0s]
2026-04-20 17:32:55,576 -     [P-Timeout 60.0s]
2026-04-20 17:33:55,595 -     [P-Timeout 60.0s]
2026-04-20 17:34:55,617 -     [P-Timeout 60.0s]
2026-04-20 17:36:03,909 -     [P-Timeout 60.0s]
2026-04-20 17:37:13,593 -     [P-Timeout 60.0s]
2026-04-20 17:38:13,612 -     [P-Timeout 60.0s]
2026-04-20 17:39:39,318 -     [P-Timeout 22.8s]
2026-04-20 17:39:39,341 -     -> Đã đạt cực trị toàn cục cho mọi cặp dưới ngưỡng. KẾT THÚC CHẶNG 4.
2026-04-20 17:39:39,341 - HOÀN THÀNH PIPELINE. Final cost=49454.00 | Time=1198.0s
2026-04-20 17:39:39,341 - ======================================================================
2026-04-20 17:39:39,341 - CW Khởi tạo = 98031 → Sau Pipeline = 49454
2026-04-20 17:39:39,341 - Cải thiện so CW: 48577
2026-04-20 17:39:39,342 - Tổng thời gian: 1198.2s
2026-04-20 17:39:39,342 - Verified cost: 49454
2026-04-20 17:39:39,348 - ======================================================================
2026-04-20 17:39:39,348 - FILE: X-n176-k26.vrp
2026-04-20 17:39:39,348 - ======================================================================
2026-04-20 17:39:39,406 - Dim=176 K=26 Cap=142
2026-04-20 17:39:39,406 - --- Step 1: Clarke-Wright Heuristic ---
2026-04-20 17:39:39,607 -   cost=76340 time=0.20s
2026-04-20 17:39:39,608 - --- Step 2, 3, 4: Advanced Optimization Pipeline ---
2026-04-20 17:39:39,608 - =========================================
2026-04-20 17:39:39,608 - BẮT ĐẦU TUYẾN TRÌNH TỐI ƯU (PIPELINE)
2026-04-20 17:39:39,608 - =========================================
2026-04-20 17:39:39,608 - === GIAI ĐOẠN 2: LOCAL SEARCH ĐA TOÁN TỬ | Bắt đầu: 76340.00 ===
2026-04-20 17:39:40,601 -   [LS Iter 1] Cải thiện cost: 76340.00 -> 53981.00
2026-04-20 17:39:41,556 -   [LS Iter 2] Cải thiện cost: 53981.00 -> 52083.00
2026-04-20 17:39:42,487 -   [LS Iter 3] Cải thiện cost: 52083.00 -> 51476.00
2026-04-20 17:39:43,379 -   [LS Iter 4] Cải thiện cost: 51476.00 -> 51436.00
2026-04-20 17:39:44,279 -   [LS Iter 5] Cải thiện cost: 51436.00 -> 51146.00
2026-04-20 17:39:45,176 -   [LS Iter 6] Cải thiện cost: 51146.00 -> 50685.00
2026-04-20 17:39:46,051 -   [LS Iter 7] Cải thiện cost: 50685.00 -> 50658.00
2026-04-20 17:39:46,912 -   [LS Iter 8] Cải thiện cost: 50658.00 -> 50643.00
2026-04-20 17:39:47,761 -   [LS Iter 9] Cải thiện cost: 50643.00 -> 50630.00
2026-04-20 17:39:48,624 -   [LS Iter 10] Cải thiện cost: 50630.00 -> 50582.00
2026-04-20 17:39:49,511 -   [LS Iter 11] Cải thiện cost: 50582.00 -> 50567.00
2026-04-20 17:39:50,384 -   [LS Iter 12] Cải thiện cost: 50567.00 -> 50549.00
2026-04-20 17:39:51,249 -   [LS Iter 13] Cải thiện cost: 50549.00 -> 50528.00
2026-04-20 17:39:52,138 -   [LS Iter 14] Cải thiện cost: 50528.00 -> 50509.00
2026-04-20 17:39:53,030 -   [LS Iter 15] Cải thiện cost: 50509.00 -> 50505.00
2026-04-20 17:39:53,920 -   [LS Iter 16] Cải thiện cost: 50505.00 -> 50501.00
2026-04-20 17:39:54,810 -   [LS Iter 17] Cải thiện cost: 50501.00 -> 50499.00
2026-04-20 17:39:55,701 -   [LS Iter 18] Cải thiện cost: 50499.00 -> 50493.00
2026-04-20 17:39:56,597 -   [LS Iter 19] Cải thiện cost: 50493.00 -> 50490.00
2026-04-20 17:39:57,500 -   [LS Iter 20] Cải thiện cost: 50490.00 -> 50478.00
2026-04-20 17:39:58,392 -   [LS Iter 21] Cải thiện cost: 50478.00 -> 50461.00
2026-04-20 17:39:59,281 -   [LS Iter 22] Cải thiện cost: 50461.00 -> 50433.00
2026-04-20 17:40:00,190 -   [LS Iter 23] Cải thiện cost: 50433.00 -> 50428.00
2026-04-20 17:40:01,074 -   [LS Iter 24] Cải thiện cost: 50428.00 -> 50420.00
2026-04-20 17:40:01,986 -   [LS Iter 25] Cải thiện cost: 50420.00 -> 50398.00
2026-04-20 17:40:02,865 -   [LS Iter 26] Cải thiện cost: 50398.00 -> 50394.00
2026-04-20 17:40:03,736 - === KẾT THÚC GIAI ĐOẠN 2 | Đạt cực trị tại: 50394.00 ===
2026-04-20 17:40:03,737 - === BẮT ĐẦU CHẶNG 3: ALNS + GLS | Vòng lặp: 300 | Cost: 50394.00 ===
2026-04-20 17:40:11,090 -   [ALNS Iter 1] Random Destroy phá vỡ giới hạn -> BEST MỚI: 50109.00
2026-04-20 17:40:49,123 -   [GLS Iter 61] Cập nhật ma trận phạt do kẹt tải trọng liên tục.
2026-04-20 17:40:52,874 -   [ALNS Iter 71] Random Destroy phá vỡ giới hạn -> BEST MỚI: 50096.00
2026-04-20 17:40:56,859 -   [ALNS Iter 78] Random Destroy phá vỡ giới hạn -> BEST MỚI: 49928.00
2026-04-20 17:40:57,020 -   [GLS Iter 81] Cập nhật ma trận phạt do kẹt tải trọng liên tục.
2026-04-20 17:41:02,328 -   [ALNS Iter 83] Random Destroy phá vỡ giới hạn -> BEST MỚI: 49910.00
2026-04-20 17:41:06,982 -   [GLS Iter 101] Cập nhật ma trận phạt do kẹt tải trọng liên tục.
2026-04-20 17:41:35,378 -   [ALNS Iter 117] Random Destroy phá vỡ giới hạn -> BEST MỚI: 49832.00
2026-04-20 17:41:57,896 -   [GLS Iter 141] Cập nhật ma trận phạt do kẹt tải trọng liên tục.
2026-04-20 17:42:16,686 -   [ALNS Iter 162] Random Destroy phá vỡ giới hạn -> BEST MỚI: 49804.00
2026-04-20 17:42:48,554 -   [GLS Iter 201] Cập nhật ma trận phạt do kẹt tải trọng liên tục.
2026-04-20 17:42:56,778 -   [ALNS Iter 204] Random Destroy phá vỡ giới hạn -> BEST MỚI: 49523.00
2026-04-20 17:43:45,219 -   [GLS Iter 261] Cập nhật ma trận phạt do kẹt tải trọng liên tục.
2026-04-20 17:44:17,202 -   [ALNS Iter 276] Random Destroy phá vỡ giới hạn -> BEST MỚI: 49455.00
2026-04-20 17:44:20,405 -   [ALNS Iter 281] Random Destroy phá vỡ giới hạn -> BEST MỚI: 49436.00
2026-04-20 17:44:21,578 - === KẾT THÚC CHẶNG 3 | Cost xuất sắc nhất đạt được: 49436.00 ===
2026-04-20 17:44:21,578 - === BẮT ĐẦU CHẶNG 4: MAX-SAT CHÍNH XÁC | Cost: 49436.00 ===
2026-04-20 17:44:21,579 -   [GĐ 4.1] Giải bài toán TSP trên từng tuyến đơn...
2026-04-20 17:45:01,583 -     [S-Timeout 40.0s]
2026-04-20 17:45:42,275 -     [S-Timeout 40.0s]
2026-04-20 17:46:22,290 -     [S-Timeout 40.0s]
2026-04-20 17:47:11,556 -     [S-Timeout 40.0s]
2026-04-20 17:48:00,218 -     [S-Timeout 40.0s]
2026-04-20 17:48:40,234 -     [S-Timeout 40.0s]
2026-04-20 17:49:20,251 -     [S-Timeout 40.0s]
2026-04-20 17:50:00,268 -     [S-Timeout 40.0s]
2026-04-20 17:50:40,282 -     [S-Timeout 40.0s]
2026-04-20 17:51:28,508 -     [S-Timeout 40.0s]
2026-04-20 17:52:11,374 -     [S-Timeout 40.0s]
2026-04-20 17:52:51,401 -     [S-Timeout 40.0s]
2026-04-20 17:52:51,412 -   [GĐ 4.2] Xét từng cặp tuyến để phân bổ lại khách hàng...
2026-04-20 17:52:51,412 -   --- Pairwise Iter 1 (còn 408s) ---
2026-04-20 17:53:51,419 -     [P-Timeout 60.0s]
2026-04-20 17:54:51,438 -     [P-Timeout 60.0s]
2026-04-20 17:55:51,470 -     [P-Timeout 60.0s]
2026-04-20 17:56:51,492 -     [P-Timeout 60.0s]
2026-04-20 17:57:51,529 -     [P-Timeout 60.0s]
2026-04-20 17:58:51,549 -     [P-Timeout 60.0s]
2026-04-20 17:59:37,611 -     [P-Timeout 46.0s]
2026-04-20 17:59:37,629 -     -> Đã đạt cực trị toàn cục cho mọi cặp dưới ngưỡng. KẾT THÚC CHẶNG 4.
2026-04-20 17:59:37,629 - HOÀN THÀNH PIPELINE. Final cost=49436.00 | Time=1198.0s
2026-04-20 17:59:37,629 - ======================================================================
2026-04-20 17:59:37,629 - CW Khởi tạo = 76340 → Sau Pipeline = 49436
2026-04-20 17:59:37,629 - Cải thiện so CW: 26904
2026-04-20 17:59:37,629 - Tổng thời gian: 1198.2s
2026-04-20 17:59:37,629 - Verified cost: 49436
2026-04-20 17:59:37,634 - ======================================================================
2026-04-20 17:59:37,634 - FILE: X-n181-k23.vrp
2026-04-20 17:59:37,634 - ======================================================================
2026-04-20 17:59:37,677 - Dim=181 K=23 Cap=8
2026-04-20 17:59:37,677 - --- Step 1: Clarke-Wright Heuristic ---
2026-04-20 17:59:37,707 -   cost=28836 time=0.03s
2026-04-20 17:59:37,707 - --- Step 2, 3, 4: Advanced Optimization Pipeline ---
2026-04-20 17:59:37,707 - =========================================
2026-04-20 17:59:37,707 - BẮT ĐẦU TUYẾN TRÌNH TỐI ƯU (PIPELINE)
2026-04-20 17:59:37,707 - =========================================
2026-04-20 17:59:37,707 - === GIAI ĐOẠN 2: LOCAL SEARCH ĐA TOÁN TỬ | Bắt đầu: 28836.00 ===
2026-04-20 17:59:38,910 -   [LS Iter 1] Cải thiện cost: 28836.00 -> 26635.00
2026-04-20 17:59:40,060 -   [LS Iter 2] Cải thiện cost: 26635.00 -> 26314.00
2026-04-20 17:59:41,189 -   [LS Iter 3] Cải thiện cost: 26314.00 -> 26301.00
2026-04-20 17:59:42,328 -   [LS Iter 4] Cải thiện cost: 26301.00 -> 26291.00
2026-04-20 17:59:43,425 - === KẾT THÚC GIAI ĐOẠN 2 | Đạt cực trị tại: 26291.00 ===
2026-04-20 17:59:43,425 - === BẮT ĐẦU CHẶNG 3: ALNS + GLS | Vòng lặp: 300 | Cost: 26291.00 ===
2026-04-20 17:59:49,149 -   [ALNS Iter 1] Related Destroy phá vỡ giới hạn -> BEST MỚI: 26123.00
2026-04-20 18:00:13,022 -   [ALNS Iter 6] Related Destroy phá vỡ giới hạn -> BEST MỚI: 26067.00
2026-04-20 18:00:20,784 -   [ALNS Iter 7] Related Destroy phá vỡ giới hạn -> BEST MỚI: 25976.00
2026-04-20 18:04:16,623 -   [ALNS Iter 51] Related Destroy phá vỡ giới hạn -> BEST MỚI: 25823.00
2026-04-20 18:06:52,594 -   [GLS Iter 81] Cập nhật ma trận phạt để thay đổi hướng đi.
2026-04-20 18:11:48,182 -   [GLS Iter 141] Cập nhật ma trận phạt để thay đổi hướng đi.
2026-04-20 18:17:10,543 -   [GLS Iter 201] Cập nhật ma trận phạt để thay đổi hướng đi.
2026-04-20 18:19:38,378 - === KẾT THÚC CHẶNG 3 | Cost xuất sắc nhất đạt được: 25823.00 ===
2026-04-20 18:19:38,378 - ======================================================================
2026-04-20 18:19:38,378 - CW Khởi tạo = 28836 → Sau Pipeline = 25823
2026-04-20 18:19:38,378 - Cải thiện so CW: 3013
2026-04-20 18:19:38,378 - Tổng thời gian: 1200.7s
2026-04-20 18:19:38,378 - Verified cost: 25823
2026-04-20 18:19:38,384 - ======================================================================
2026-04-20 18:19:38,384 - FILE: X-n186-k15.vrp
2026-04-20 18:19:38,384 - ======================================================================
2026-04-20 18:19:38,435 - Dim=186 K=15 Cap=974
2026-04-20 18:19:38,436 - --- Step 1: Clarke-Wright Heuristic ---
2026-04-20 18:19:38,474 -   cost=36380 time=0.04s
2026-04-20 18:19:38,475 - --- Step 2, 3, 4: Advanced Optimization Pipeline ---
2026-04-20 18:19:38,475 - =========================================
2026-04-20 18:19:38,475 - BẮT ĐẦU TUYẾN TRÌNH TỐI ƯU (PIPELINE)
2026-04-20 18:19:38,475 - =========================================
2026-04-20 18:19:38,475 - === GIAI ĐOẠN 2: LOCAL SEARCH ĐA TOÁN TỬ | Bắt đầu: 36380.00 ===
2026-04-20 18:19:40,426 -   [LS Iter 1] Cải thiện cost: 36380.00 -> 28215.00
2026-04-20 18:19:42,171 -   [LS Iter 2] Cải thiện cost: 28215.00 -> 27214.00
2026-04-20 18:19:43,879 -   [LS Iter 3] Cải thiện cost: 27214.00 -> 26550.00
2026-04-20 18:19:45,536 -   [LS Iter 4] Cải thiện cost: 26550.00 -> 26231.00
2026-04-20 18:19:47,071 -   [LS Iter 5] Cải thiện cost: 26231.00 -> 25974.00
2026-04-20 18:19:48,564 -   [LS Iter 6] Cải thiện cost: 25974.00 -> 25898.00
2026-04-20 18:19:49,977 -   [LS Iter 7] Cải thiện cost: 25898.00 -> 25815.00
2026-04-20 18:19:51,365 -   [LS Iter 8] Cải thiện cost: 25815.00 -> 25764.00
2026-04-20 18:19:52,749 -   [LS Iter 9] Cải thiện cost: 25764.00 -> 25713.00
2026-04-20 18:19:54,065 -   [LS Iter 10] Cải thiện cost: 25713.00 -> 25648.00
2026-04-20 18:19:55,354 - === KẾT THÚC GIAI ĐOẠN 2 | Đạt cực trị tại: 25648.00 ===
2026-04-20 18:19:55,354 - === BẮT ĐẦU CHẶNG 3: ALNS + GLS | Vòng lặp: 300 | Cost: 25648.00 ===
2026-04-20 18:20:00,580 -   [ALNS Iter 1] Random Destroy phá vỡ giới hạn -> BEST MỚI: 25468.00
2026-04-20 18:20:08,160 -   [ALNS Iter 2] Random Destroy phá vỡ giới hạn -> BEST MỚI: 25406.00
2026-04-20 18:20:19,455 -   [ALNS Iter 4] Random Destroy phá vỡ giới hạn -> BEST MỚI: 25399.00
2026-04-20 18:20:35,912 -   [ALNS Iter 7] Random Destroy phá vỡ giới hạn -> BEST MỚI: 25325.00
2026-04-20 18:20:41,187 -   [ALNS Iter 8] Random Destroy phá vỡ giới hạn -> BEST MỚI: 25302.00
2026-04-20 18:22:52,624 -   [ALNS Iter 33] Random Destroy phá vỡ giới hạn -> BEST MỚI: 25263.00
2026-04-20 18:27:26,050 -   [GLS Iter 81] Cập nhật ma trận phạt để thay đổi hướng đi.
2026-04-20 18:33:53,717 -   [GLS Iter 141] Cập nhật ma trận phạt để thay đổi hướng đi.
2026-04-20 18:39:38,830 - === KẾT THÚC CHẶNG 3 | Cost xuất sắc nhất đạt được: 25263.00 ===
2026-04-20 18:39:38,831 - ======================================================================
2026-04-20 18:39:38,831 - CW Khởi tạo = 36380 → Sau Pipeline = 25263
2026-04-20 18:39:38,831 - Cải thiện so CW: 11117
2026-04-20 18:39:38,831 - Tổng thời gian: 1200.4s
2026-04-20 18:39:38,831 - Verified cost: 25263
2026-04-20 18:39:38,836 - ======================================================================
2026-04-20 18:39:38,836 - FILE: X-n190-k8.vrp
2026-04-20 18:39:38,836 - ======================================================================
2026-04-20 18:39:38,889 - Dim=190 K=8 Cap=138
2026-04-20 18:39:38,889 - --- Step 1: Clarke-Wright Heuristic ---
2026-04-20 18:39:38,952 -   cost=20571 time=0.06s
2026-04-20 18:39:38,952 - --- Step 2, 3, 4: Advanced Optimization Pipeline ---
2026-04-20 18:39:38,952 - =========================================
2026-04-20 18:39:38,952 - BẮT ĐẦU TUYẾN TRÌNH TỐI ƯU (PIPELINE)
2026-04-20 18:39:38,953 - =========================================
2026-04-20 18:39:38,953 - === GIAI ĐOẠN 2: LOCAL SEARCH ĐA TOÁN TỬ | Bắt đầu: 20571.00 ===
2026-04-20 18:39:42,722 -   [LS Iter 1] Cải thiện cost: 20571.00 -> 18414.00
2026-04-20 18:39:46,202 -   [LS Iter 2] Cải thiện cost: 18414.00 -> 18142.00
2026-04-20 18:39:49,424 -   [LS Iter 3] Cải thiện cost: 18142.00 -> 18047.00
2026-04-20 18:39:52,676 -   [LS Iter 4] Cải thiện cost: 18047.00 -> 17965.00
2026-04-20 18:39:55,781 -   [LS Iter 5] Cải thiện cost: 17965.00 -> 17925.00
2026-04-20 18:39:58,869 -   [LS Iter 6] Cải thiện cost: 17925.00 -> 17884.00
2026-04-20 18:40:01,815 -   [LS Iter 7] Cải thiện cost: 17884.00 -> 17852.00
2026-04-20 18:40:04,751 -   [LS Iter 8] Cải thiện cost: 17852.00 -> 17627.00
2026-04-20 18:40:07,295 -   [LS Iter 9] Cải thiện cost: 17627.00 -> 17600.00
2026-04-20 18:40:09,750 -   [LS Iter 10] Cải thiện cost: 17600.00 -> 17585.00
2026-04-20 18:40:12,197 -   [LS Iter 11] Cải thiện cost: 17585.00 -> 17573.00
2026-04-20 18:40:14,600 -   [LS Iter 12] Cải thiện cost: 17573.00 -> 17564.00
2026-04-20 18:40:16,993 -   [LS Iter 13] Cải thiện cost: 17564.00 -> 17557.00
2026-04-20 18:40:19,331 -   [LS Iter 14] Cải thiện cost: 17557.00 -> 17555.00
2026-04-20 18:40:21,629 -   [LS Iter 15] Cải thiện cost: 17555.00 -> 17519.00
2026-04-20 18:40:23,932 - === KẾT THÚC GIAI ĐOẠN 2 | Đạt cực trị tại: 17519.00 ===
2026-04-20 18:40:23,932 - === BẮT ĐẦU CHẶNG 3: ALNS + GLS | Vòng lặp: 300 | Cost: 17519.00 ===
2026-04-20 18:45:41,584 -   [GLS Iter 21] Cập nhật ma trận phạt để thay đổi hướng đi.
2026-04-20 18:59:39,949 -   [GLS Iter 81] Cập nhật ma trận phạt để thay đổi hướng đi.
2026-04-20 18:59:39,949 - === KẾT THÚC CHẶNG 3 | Cost xuất sắc nhất đạt được: 17519.00 ===
2026-04-20 18:59:39,949 - ======================================================================
2026-04-20 18:59:39,949 - CW Khởi tạo = 20571 → Sau Pipeline = 17519
2026-04-20 18:59:39,950 - Cải thiện so CW: 3052
2026-04-20 18:59:39,950 - Tổng thời gian: 1201.1s
2026-04-20 18:59:39,950 - Verified cost: 17519
2026-04-20 18:59:39,954 - ======================================================================
2026-04-20 18:59:39,955 - FILE: X-n195-k51.vrp
2026-04-20 18:59:39,955 - ======================================================================
2026-04-20 18:59:40,011 - Dim=195 K=51 Cap=181
2026-04-20 18:59:40,011 - --- Step 1: Clarke-Wright Heuristic ---
2026-04-20 18:59:40,306 -   cost=109251 time=0.29s
2026-04-20 18:59:40,306 - --- Step 2, 3, 4: Advanced Optimization Pipeline ---
2026-04-20 18:59:40,306 - =========================================
2026-04-20 18:59:40,306 - BẮT ĐẦU TUYẾN TRÌNH TỐI ƯU (PIPELINE)
2026-04-20 18:59:40,306 - =========================================
2026-04-20 18:59:40,306 - === GIAI ĐOẠN 2: LOCAL SEARCH ĐA TOÁN TỬ | Bắt đầu: 109251.00 ===
2026-04-20 18:59:40,807 -   [LS Iter 1] Cải thiện cost: 109251.00 -> 73475.00
2026-04-20 18:59:41,313 -   [LS Iter 2] Cải thiện cost: 73475.00 -> 65688.00
2026-04-20 18:59:41,829 -   [LS Iter 3] Cải thiện cost: 65688.00 -> 61889.00
2026-04-20 18:59:42,350 -   [LS Iter 4] Cải thiện cost: 61889.00 -> 60611.00
2026-04-20 18:59:42,811 -   [LS Iter 5] Cải thiện cost: 60611.00 -> 59902.00
2026-04-20 18:59:43,281 -   [LS Iter 6] Cải thiện cost: 59902.00 -> 59873.00
2026-04-20 18:59:43,749 - === KẾT THÚC GIAI ĐOẠN 2 | Đạt cực trị tại: 59873.00 ===
2026-04-20 18:59:43,749 - === BẮT ĐẦU CHẶNG 3: ALNS + GLS | Vòng lặp: 300 | Cost: 59873.00 ===
2026-04-20 18:59:45,052 -   [GLS Iter 21] Cập nhật ma trận phạt do kẹt tải trọng liên tục.
2026-04-20 18:59:48,486 -   [GLS Iter 81] Cập nhật ma trận phạt do kẹt tải trọng liên tục.
2026-04-20 18:59:52,098 -   [GLS Iter 141] Cập nhật ma trận phạt do kẹt tải trọng liên tục.
2026-04-20 18:59:56,092 -   [GLS Iter 201] Cập nhật ma trận phạt do kẹt tải trọng liên tục.
2026-04-20 18:59:59,938 -   [GLS Iter 261] Cập nhật ma trận phạt do kẹt tải trọng liên tục.
2026-04-20 19:00:02,483 - === KẾT THÚC CHẶNG 3 | Cost xuất sắc nhất đạt được: 59873.00 ===
2026-04-20 19:00:02,483 - === BẮT ĐẦU CHẶNG 4: MAX-SAT CHÍNH XÁC | Cost: 59873.00 ===
2026-04-20 19:00:02,483 -   [GĐ 4.1] Giải bài toán TSP trên từng tuyến đơn...
2026-04-20 19:00:42,487 -     [S-Timeout 40.0s]
2026-04-20 19:01:22,546 -     [S-Timeout 40.0s]
2026-04-20 19:02:07,490 -     [S-Timeout 40.0s]
2026-04-20 19:02:15,567 -   [GĐ 4.2] Xét từng cặp tuyến để phân bổ lại khách hàng...
2026-04-20 19:02:15,568 -   --- Pairwise Iter 1 (còn 1045s) ---
2026-04-20 19:03:15,577 -     [P-Timeout 60.0s]
2026-04-20 19:04:15,598 -     [P-Timeout 60.0s]
2026-04-20 19:05:15,637 -     [P-Timeout 60.0s]
2026-04-20 19:06:15,651 -     [P-Timeout 60.0s]
2026-04-20 19:07:15,671 -     [P-Timeout 60.0s]
2026-04-20 19:08:15,687 -     [P-Timeout 60.0s]
2026-04-20 19:09:15,703 -     [P-Timeout 60.0s]
2026-04-20 19:10:15,717 -     [P-Timeout 60.0s]
2026-04-20 19:11:15,729 -     [P-Timeout 60.0s]
2026-04-20 19:12:15,746 -     [P-Timeout 60.0s]
2026-04-20 19:13:15,765 -     [P-Timeout 60.0s]
2026-04-20 19:14:15,783 -     [P-Timeout 60.0s]
2026-04-20 19:15:15,812 -     [P-Timeout 60.0s]
2026-04-20 19:16:15,826 -     [P-Timeout 60.0s]
2026-04-20 19:17:15,839 -     [P-Timeout 60.0s]
2026-04-20 19:18:15,854 -     [P-Timeout 60.0s]
2026-04-20 19:19:15,869 -     [P-Timeout 60.0s]
2026-04-20 19:19:38,312 -     [P-Timeout 22.4s]
2026-04-20 19:19:38,329 -     -> Đã đạt cực trị toàn cục cho mọi cặp dưới ngưỡng. KẾT THÚC CHẶNG 4.
2026-04-20 19:19:38,329 - HOÀN THÀNH PIPELINE. Final cost=59873.00 | Time=1198.0s
2026-04-20 19:19:38,329 - ======================================================================
2026-04-20 19:19:38,329 - CW Khởi tạo = 109251 → Sau Pipeline = 59873
2026-04-20 19:19:38,329 - Cải thiện so CW: 49378
2026-04-20 19:19:38,329 - Tổng thời gian: 1198.3s
2026-04-20 19:19:38,329 - Verified cost: 59873
2026-04-20 19:19:38,334 - ======================================================================
2026-04-20 19:19:38,335 - FILE: X-n200-k36.vrp
2026-04-20 19:19:38,335 - ======================================================================
2026-04-20 19:19:38,399 - Dim=200 K=36 Cap=402
2026-04-20 19:19:38,399 - --- Step 1: Clarke-Wright Heuristic ---
2026-04-20 19:19:38,744 -   cost=123489 time=0.35s
2026-04-20 19:19:38,745 - --- Step 2, 3, 4: Advanced Optimization Pipeline ---
2026-04-20 19:19:38,745 - =========================================
2026-04-20 19:19:38,745 - BẮT ĐẦU TUYẾN TRÌNH TỐI ƯU (PIPELINE)
2026-04-20 19:19:38,745 - =========================================
2026-04-20 19:19:38,745 - === GIAI ĐOẠN 2: LOCAL SEARCH ĐA TOÁN TỬ | Bắt đầu: 123489.00 ===
2026-04-20 19:19:39,487 -   [LS Iter 1] Cải thiện cost: 123489.00 -> 66951.00
2026-04-20 19:19:40,228 -   [LS Iter 2] Cải thiện cost: 66951.00 -> 63398.00
2026-04-20 19:19:40,941 -   [LS Iter 3] Cải thiện cost: 63398.00 -> 62097.00
2026-04-20 19:19:41,646 -   [LS Iter 4] Cải thiện cost: 62097.00 -> 61648.00
2026-04-20 19:19:42,343 -   [LS Iter 5] Cải thiện cost: 61648.00 -> 61405.00
2026-04-20 19:19:43,047 -   [LS Iter 6] Cải thiện cost: 61405.00 -> 61371.00
2026-04-20 19:19:43,741 -   [LS Iter 7] Cải thiện cost: 61371.00 -> 61321.00
2026-04-20 19:19:44,448 -   [LS Iter 8] Cải thiện cost: 61321.00 -> 61188.00
2026-04-20 19:19:45,151 -   [LS Iter 9] Cải thiện cost: 61188.00 -> 61138.00
2026-04-20 19:19:45,840 -   [LS Iter 10] Cải thiện cost: 61138.00 -> 61099.00
2026-04-20 19:19:46,536 - === KẾT THÚC GIAI ĐOẠN 2 | Đạt cực trị tại: 61099.00 ===
2026-04-20 19:19:46,536 - === BẮT ĐẦU CHẶNG 3: ALNS + GLS | Vòng lặp: 300 | Cost: 61099.00 ===
2026-04-20 19:19:51,971 -   [ALNS Iter 13] Worst Destroy phá vỡ giới hạn -> BEST MỚI: 60734.00
2026-04-20 19:19:56,179 -   [GLS Iter 61] Cập nhật ma trận phạt do kẹt tải trọng liên tục.
2026-04-20 19:20:01,165 -   [GLS Iter 121] Cập nhật ma trận phạt do kẹt tải trọng liên tục.
2026-04-20 19:20:07,709 -   [GLS Iter 181] Cập nhật ma trận phạt do kẹt tải trọng liên tục.
2026-04-20 19:20:16,546 -   [ALNS Iter 239] Related Destroy phá vỡ giới hạn -> BEST MỚI: 60348.00
2026-04-20 19:20:20,545 -   [GLS Iter 281] Cập nhật ma trận phạt do kẹt tải trọng liên tục.
2026-04-20 19:20:22,238 - === KẾT THÚC CHẶNG 3 | Cost xuất sắc nhất đạt được: 60348.00 ===
2026-04-20 19:20:22,238 - === BẮT ĐẦU CHẶNG 4: MAX-SAT CHÍNH XÁC | Cost: 60348.00 ===
2026-04-20 19:20:22,238 -   [GĐ 4.1] Giải bài toán TSP trên từng tuyến đơn...
2026-04-20 19:21:27,078 -     [S-Timeout 40.0s]
2026-04-20 19:22:07,631 -     [S-Timeout 40.0s]
2026-04-20 19:22:47,813 -     [S-Timeout 40.0s]
2026-04-20 19:23:03,734 -   [GĐ 4.2] Xét từng cặp tuyến để phân bổ lại khách hàng...
2026-04-20 19:23:03,734 -   --- Pairwise Iter 1 (còn 995s) ---
2026-04-20 19:24:03,743 -     [P-Timeout 60.0s]
2026-04-20 19:25:03,768 -     [P-Timeout 60.0s]
2026-04-20 19:26:03,783 -     [P-Timeout 60.0s]
2026-04-20 19:27:03,797 -     [P-Timeout 60.0s]
2026-04-20 19:28:03,811 -     [P-Timeout 60.0s]
2026-04-20 19:29:03,832 -     [P-Timeout 60.0s]
2026-04-20 19:30:03,850 -     [P-Timeout 60.0s]
2026-04-20 19:31:03,862 -     [P-Timeout 60.0s]
2026-04-20 19:32:03,880 -     [P-Timeout 60.0s]
2026-04-20 19:33:03,896 -     [P-Timeout 60.0s]
2026-04-20 19:34:03,910 -     [P-Timeout 60.0s]
2026-04-20 19:35:03,926 -     [P-Timeout 60.0s]
2026-04-20 19:36:03,941 -     [P-Timeout 60.0s]
2026-04-20 19:37:03,956 -     [P-Timeout 60.0s]
2026-04-20 19:38:03,976 -     [P-Timeout 60.0s]
2026-04-20 19:39:03,990 -     [P-Timeout 60.0s]
2026-04-20 19:39:36,748 -     [P-Timeout 32.7s]
2026-04-20 19:39:36,760 -     -> Đã đạt cực trị toàn cục cho mọi cặp dưới ngưỡng. KẾT THÚC CHẶNG 4.
2026-04-20 19:39:36,760 - HOÀN THÀNH PIPELINE. Final cost=60348.00 | Time=1198.0s
2026-04-20 19:39:36,760 - ======================================================================
2026-04-20 19:39:36,760 - CW Khởi tạo = 123489 → Sau Pipeline = 60348
2026-04-20 19:39:36,760 - Cải thiện so CW: 63141
2026-04-20 19:39:36,760 - Tổng thời gian: 1198.4s
2026-04-20 19:39:36,760 - Verified cost: 60348
2026-04-20 19:39:36,766 - ======================================================================
2026-04-20 19:39:36,767 - FILE: X-n204-k19.vrp
2026-04-20 19:39:36,767 - ======================================================================
2026-04-20 19:39:36,827 - Dim=204 K=19 Cap=836
2026-04-20 19:39:36,827 - --- Step 1: Clarke-Wright Heuristic ---
2026-04-20 19:39:36,879 -   cost=28923 time=0.05s
2026-04-20 19:39:36,879 - --- Step 2, 3, 4: Advanced Optimization Pipeline ---
2026-04-20 19:39:36,879 - =========================================
2026-04-20 19:39:36,879 - BẮT ĐẦU TUYẾN TRÌNH TỐI ƯU (PIPELINE)
2026-04-20 19:39:36,879 - =========================================
2026-04-20 19:39:36,880 - === GIAI ĐOẠN 2: LOCAL SEARCH ĐA TOÁN TỬ | Bắt đầu: 28923.00 ===
2026-04-20 19:39:38,675 -   [LS Iter 1] Cải thiện cost: 28923.00 -> 24513.00
2026-04-20 19:39:40,414 -   [LS Iter 2] Cải thiện cost: 24513.00 -> 22258.00
2026-04-20 19:39:42,061 -   [LS Iter 3] Cải thiện cost: 22258.00 -> 21587.00
2026-04-20 19:39:43,664 -   [LS Iter 4] Cải thiện cost: 21587.00 -> 21460.00
2026-04-20 19:39:45,269 -   [LS Iter 5] Cải thiện cost: 21460.00 -> 21422.00
2026-04-20 19:39:46,859 -   [LS Iter 6] Cải thiện cost: 21422.00 -> 21361.00
2026-04-20 19:39:48,455 -   [LS Iter 7] Cải thiện cost: 21361.00 -> 21278.00
2026-04-20 19:39:50,013 -   [LS Iter 8] Cải thiện cost: 21278.00 -> 21265.00
2026-04-20 19:39:51,537 -   [LS Iter 9] Cải thiện cost: 21265.00 -> 21263.00
2026-04-20 19:39:53,034 - === KẾT THÚC GIAI ĐOẠN 2 | Đạt cực trị tại: 21263.00 ===
2026-04-20 19:39:53,035 - === BẮT ĐẦU CHẶNG 3: ALNS + GLS | Vòng lặp: 300 | Cost: 21263.00 ===
2026-04-20 19:40:08,042 -   [ALNS Iter 2] Related Destroy phá vỡ giới hạn -> BEST MỚI: 21017.00
2026-04-20 19:40:22,295 -   [ALNS Iter 3] Related Destroy phá vỡ giới hạn -> BEST MỚI: 20684.00
2026-04-20 19:40:28,022 -   [ALNS Iter 4] Related Destroy phá vỡ giới hạn -> BEST MỚI: 20623.00
2026-04-20 19:49:28,661 -   [GLS Iter 61] Cập nhật ma trận phạt để thay đổi hướng đi.
2026-04-20 19:51:43,365 -   [ALNS Iter 74] Random Destroy phá vỡ giới hạn -> BEST MỚI: 20598.00
2026-04-20 19:55:59,862 -   [ALNS Iter 101] Related Destroy phá vỡ giới hạn -> BEST MỚI: 20590.00
2026-04-20 19:56:16,274 -   [ALNS Iter 102] Random Destroy phá vỡ giới hạn -> BEST MỚI: 20394.00
2026-04-20 19:56:31,100 -   [ALNS Iter 103] Related Destroy phá vỡ giới hạn -> BEST MỚI: 20311.00
2026-04-20 19:56:52,138 -   [ALNS Iter 105] Related Destroy phá vỡ giới hạn -> BEST MỚI: 20229.00
2026-04-20 19:59:37,903 - === KẾT THÚC CHẶNG 3 | Cost xuất sắc nhất đạt được: 20229.00 ===
2026-04-20 19:59:37,903 - ======================================================================
2026-04-20 19:59:37,904 - CW Khởi tạo = 28923 → Sau Pipeline = 20229
2026-04-20 19:59:37,904 - Cải thiện so CW: 8694
2026-04-20 19:59:37,904 - Tổng thời gian: 1201.1s
2026-04-20 19:59:37,904 - Verified cost: 20229
2026-04-20 19:59:37,908 - ======================================================================
2026-04-20 19:59:37,908 - FILE: X-n209-k16.vrp
2026-04-20 19:59:37,908 - ======================================================================
2026-04-20 19:59:37,969 - Dim=209 K=16 Cap=101
2026-04-20 19:59:37,969 - --- Step 1: Clarke-Wright Heuristic ---
2026-04-20 19:59:38,019 -   cost=39478 time=0.05s
2026-04-20 19:59:38,019 - --- Step 2, 3, 4: Advanced Optimization Pipeline ---
2026-04-20 19:59:38,019 - =========================================
2026-04-20 19:59:38,019 - BẮT ĐẦU TUYẾN TRÌNH TỐI ƯU (PIPELINE)
2026-04-20 19:59:38,019 - =========================================
2026-04-20 19:59:38,019 - === GIAI ĐOẠN 2: LOCAL SEARCH ĐA TOÁN TỬ | Bắt đầu: 39478.00 ===
2026-04-20 19:59:40,423 -   [LS Iter 1] Cải thiện cost: 39478.00 -> 34655.00
2026-04-20 19:59:42,592 -   [LS Iter 2] Cải thiện cost: 34655.00 -> 33775.00
2026-04-20 19:59:44,653 -   [LS Iter 3] Cải thiện cost: 33775.00 -> 33489.00
2026-04-20 19:59:46,704 -   [LS Iter 4] Cải thiện cost: 33489.00 -> 33182.00
2026-04-20 19:59:48,705 -   [LS Iter 5] Cải thiện cost: 33182.00 -> 33112.00
2026-04-20 19:59:50,736 -   [LS Iter 6] Cải thiện cost: 33112.00 -> 32841.00
2026-04-20 19:59:52,712 -   [LS Iter 7] Cải thiện cost: 32841.00 -> 32767.00
2026-04-20 19:59:54,623 -   [LS Iter 8] Cải thiện cost: 32767.00 -> 32670.00
2026-04-20 19:59:56,510 -   [LS Iter 9] Cải thiện cost: 32670.00 -> 32652.00
2026-04-20 19:59:58,342 -   [LS Iter 10] Cải thiện cost: 32652.00 -> 32586.00
2026-04-20 20:00:00,140 -   [LS Iter 11] Cải thiện cost: 32586.00 -> 32574.00
2026-04-20 20:00:01,922 -   [LS Iter 12] Cải thiện cost: 32574.00 -> 32547.00
2026-04-20 20:00:03,643 - === KẾT THÚC GIAI ĐOẠN 2 | Đạt cực trị tại: 32547.00 ===
2026-04-20 20:00:03,644 - === BẮT ĐẦU CHẶNG 3: ALNS + GLS | Vòng lặp: 300 | Cost: 32547.00 ===
2026-04-20 20:04:00,650 -   [ALNS Iter 18] Worst Destroy phá vỡ giới hạn -> BEST MỚI: 32546.00
2026-04-20 20:04:37,434 -   [ALNS Iter 20] Worst Destroy phá vỡ giới hạn -> BEST MỚI: 32306.00
2026-04-20 20:07:52,582 -   [GLS Iter 41] Cập nhật ma trận phạt để thay đổi hướng đi.
2026-04-20 20:15:42,175 -   [ALNS Iter 91] Random Destroy phá vỡ giới hạn -> BEST MỚI: 32007.00
2026-04-20 20:16:47,756 -   [ALNS Iter 97] Related Destroy phá vỡ giới hạn -> BEST MỚI: 31950.00
2026-04-20 20:19:38,271 - === KẾT THÚC CHẶNG 3 | Cost xuất sắc nhất đạt được: 31950.00 ===
2026-04-20 20:19:38,271 - ======================================================================
2026-04-20 20:19:38,271 - CW Khởi tạo = 39478 → Sau Pipeline = 31950
2026-04-20 20:19:38,271 - Cải thiện so CW: 7528
2026-04-20 20:19:38,271 - Tổng thời gian: 1200.3s
2026-04-20 20:19:38,271 - Verified cost: 31950
2026-04-20 20:19:38,276 - ======================================================================
2026-04-20 20:19:38,276 - FILE: X-n214-k11.vrp
2026-04-20 20:19:38,276 - ======================================================================
2026-04-20 20:19:38,344 - Dim=214 K=11 Cap=944
2026-04-20 20:19:38,344 - --- Step 1: Clarke-Wright Heuristic ---
2026-04-20 20:19:38,401 -   cost=15887 time=0.06s
2026-04-20 20:19:38,401 - --- Step 2, 3, 4: Advanced Optimization Pipeline ---
2026-04-20 20:19:38,401 - =========================================
2026-04-20 20:19:38,401 - BẮT ĐẦU TUYẾN TRÌNH TỐI ƯU (PIPELINE)
2026-04-20 20:19:38,402 - =========================================
2026-04-20 20:19:38,402 - === GIAI ĐOẠN 2: LOCAL SEARCH ĐA TOÁN TỬ | Bắt đầu: 15887.00 ===
2026-04-20 20:19:40,353 -   [LS Iter 1] Cải thiện cost: 15887.00 -> 13413.00
2026-04-20 20:19:42,174 -   [LS Iter 2] Cải thiện cost: 13413.00 -> 13316.00
2026-04-20 20:19:43,992 -   [LS Iter 3] Cải thiện cost: 13316.00 -> 13224.00
2026-04-20 20:19:45,894 -   [LS Iter 4] Cải thiện cost: 13224.00 -> 12960.00
2026-04-20 20:19:47,700 -   [LS Iter 5] Cải thiện cost: 12960.00 -> 12772.00
2026-04-20 20:19:49,471 -   [LS Iter 6] Cải thiện cost: 12772.00 -> 12759.00
2026-04-20 20:19:51,251 - === KẾT THÚC GIAI ĐOẠN 2 | Đạt cực trị tại: 12759.00 ===
2026-04-20 20:19:51,252 - === BẮT ĐẦU CHẶNG 3: ALNS + GLS | Vòng lặp: 300 | Cost: 12759.00 ===
2026-04-20 20:20:05,155 -   [GLS Iter 21] Cập nhật ma trận phạt do kẹt tải trọng liên tục.
2026-04-20 20:21:03,092 -   [GLS Iter 81] Cập nhật ma trận phạt để thay đổi hướng đi.
2026-04-20 20:21:23,701 -   [ALNS Iter 87] Related Destroy phá vỡ giới hạn -> BEST MỚI: 12711.00
2026-04-20 20:22:16,661 -   [ALNS Iter 109] Related Destroy phá vỡ giới hạn -> BEST MỚI: 12548.00
2026-04-20 20:22:23,558 -   [GLS Iter 121] Cập nhật ma trận phạt do kẹt tải trọng liên tục.
2026-04-20 20:22:32,710 -   [ALNS Iter 147] Related Destroy phá vỡ giới hạn -> BEST MỚI: 12529.00
2026-04-20 20:22:38,678 -   [ALNS Iter 149] Related Destroy phá vỡ giới hạn -> BEST MỚI: 12468.00
2026-04-20 20:22:44,353 -   [GLS Iter 161] Cập nhật ma trận phạt do kẹt tải trọng liên tục.
2026-04-20 20:23:16,189 -   [GLS Iter 221] Cập nhật ma trận phạt do kẹt tải trọng liên tục.
2026-04-20 20:24:10,067 -   [GLS Iter 281] Cập nhật ma trận phạt để thay đổi hướng đi.
2026-04-20 20:24:12,438 - === KẾT THÚC CHẶNG 3 | Cost xuất sắc nhất đạt được: 12468.00 ===
2026-04-20 20:24:12,438 - === BẮT ĐẦU CHẶNG 4: MAX-SAT CHÍNH XÁC | Cost: 12468.00 ===
2026-04-20 20:24:12,438 -   [GĐ 4.1] Giải bài toán TSP trên từng tuyến đơn...
2026-04-20 20:24:52,442 -     [S-Timeout 40.0s]
2026-04-20 20:24:52,452 -   [GĐ 4.2] Xét từng cặp tuyến để phân bổ lại khách hàng...
2026-04-20 20:24:52,452 -   --- Pairwise Iter 1 (còn 886s) ---
2026-04-20 20:24:52,457 -     -> Đã đạt cực trị toàn cục cho mọi cặp dưới ngưỡng. KẾT THÚC CHẶNG 4.
2026-04-20 20:24:52,457 - HOÀN THÀNH PIPELINE. Final cost=12468.00 | Time=314.1s
2026-04-20 20:24:52,457 - ======================================================================
2026-04-20 20:24:52,457 - CW Khởi tạo = 15887 → Sau Pipeline = 12468
2026-04-20 20:24:52,457 - Cải thiện so CW: 3419
2026-04-20 20:24:52,457 - Tổng thời gian: 314.1s
2026-04-20 20:24:52,457 - Verified cost: 12468
2026-04-20 20:24:52,462 - ======================================================================
2026-04-20 20:24:52,462 - FILE: X-n219-k73.vrp
2026-04-20 20:24:52,462 - ======================================================================
2026-04-20 20:24:52,537 - Dim=219 K=73 Cap=3
2026-04-20 20:24:52,537 - --- Step 1: Clarke-Wright Heuristic ---
2026-04-20 20:24:52,573 -   cost=118801 time=0.04s
2026-04-20 20:24:52,573 - --- Step 2, 3, 4: Advanced Optimization Pipeline ---
2026-04-20 20:24:52,573 - =========================================
2026-04-20 20:24:52,573 - BẮT ĐẦU TUYẾN TRÌNH TỐI ƯU (PIPELINE)
2026-04-20 20:24:52,573 - =========================================
2026-04-20 20:24:52,573 - === GIAI ĐOẠN 2: LOCAL SEARCH ĐA TOÁN TỬ | Bắt đầu: 118801.00 ===
2026-04-20 20:24:53,297 -   [LS Iter 1] Cải thiện cost: 118801.00 -> 118332.00
2026-04-20 20:24:54,020 -   [LS Iter 2] Cải thiện cost: 118332.00 -> 118306.00
2026-04-20 20:24:54,743 -   [LS Iter 3] Cải thiện cost: 118306.00 -> 118270.00
2026-04-20 20:24:55,453 - === KẾT THÚC GIAI ĐOẠN 2 | Đạt cực trị tại: 118270.00 ===
2026-04-20 20:24:55,453 - === BẮT ĐẦU CHẶNG 3: ALNS + GLS | Vòng lặp: 300 | Cost: 118270.00 ===
2026-04-20 20:25:01,733 -   [ALNS Iter 2] Worst Destroy phá vỡ giới hạn -> BEST MỚI: 118055.00
2026-04-20 20:25:14,621 -   [ALNS Iter 6] Worst Destroy phá vỡ giới hạn -> BEST MỚI: 117858.00
2026-04-20 20:25:17,762 -   [ALNS Iter 7] Worst Destroy phá vỡ giới hạn -> BEST MỚI: 117854.00
2026-04-20 20:28:10,286 -   [GLS Iter 61] Cập nhật ma trận phạt để thay đổi hướng đi.
2026-04-20 20:31:24,930 -   [GLS Iter 121] Cập nhật ma trận phạt để thay đổi hướng đi.
2026-04-20 20:32:41,365 -   [ALNS Iter 144] Worst Destroy phá vỡ giới hạn -> BEST MỚI: 117814.00
2026-04-20 20:35:36,997 -   [GLS Iter 201] Cập nhật ma trận phạt để thay đổi hướng đi.
2026-04-20 20:38:47,501 -   [GLS Iter 261] Cập nhật ma trận phạt để thay đổi hướng đi.
2026-04-20 20:40:54,109 - === KẾT THÚC CHẶNG 3 | Cost xuất sắc nhất đạt được: 117814.00 ===
2026-04-20 20:40:54,110 - === BẮT ĐẦU CHẶNG 4: MAX-SAT CHÍNH XÁC | Cost: 117814.00 ===
2026-04-20 20:40:54,110 -   [GĐ 4.1] Giải bài toán TSP trên từng tuyến đơn...
2026-04-20 20:40:55,024 -   [GĐ 4.2] Xét từng cặp tuyến để phân bổ lại khách hàng...
2026-04-20 20:40:55,025 -   --- Pairwise Iter 1 (còn 238s) ---
2026-04-20 20:41:55,037 -     [P-Timeout 60.0s]
2026-04-20 20:42:55,047 -     [P-Timeout 60.0s]
2026-04-20 20:43:55,058 -     [P-Timeout 60.0s]
2026-04-20 20:44:07,237 -     [P4.2] Pair (11,84) giảm 14 -> BEST = 117800.00
2026-04-20 20:44:07,237 -   --- Pairwise Iter 2 (còn 45s) ---
2026-04-20 20:44:50,577 -     [P-Timeout 43.3s]
2026-04-20 20:44:50,591 -     -> Đã đạt cực trị toàn cục cho mọi cặp dưới ngưỡng. KẾT THÚC CHẶNG 4.
2026-04-20 20:44:50,592 - HOÀN THÀNH PIPELINE. Final cost=117800.00 | Time=1198.0s
2026-04-20 20:44:50,592 - ======================================================================
2026-04-20 20:44:50,592 - CW Khởi tạo = 118801 → Sau Pipeline = 117800
2026-04-20 20:44:50,592 - Cải thiện so CW: 1001
2026-04-20 20:44:50,592 - Tổng thời gian: 1198.1s
2026-04-20 20:44:50,592 - Verified cost: 117800
2026-04-20 20:44:50,597 - ======================================================================
2026-04-20 20:44:50,597 - FILE: X-n223-k34.vrp
2026-04-20 20:44:50,597 - ======================================================================
2026-04-20 20:44:50,664 - Dim=223 K=34 Cap=37
2026-04-20 20:44:50,664 - --- Step 1: Clarke-Wright Heuristic ---
2026-04-20 20:44:50,710 -   cost=55499 time=0.05s
2026-04-20 20:44:50,710 - --- Step 2, 3, 4: Advanced Optimization Pipeline ---
2026-04-20 20:44:50,710 - =========================================
2026-04-20 20:44:50,710 - BẮT ĐẦU TUYẾN TRÌNH TỐI ƯU (PIPELINE)
2026-04-20 20:44:50,710 - =========================================
2026-04-20 20:44:50,711 - === GIAI ĐOẠN 2: LOCAL SEARCH ĐA TOÁN TỬ | Bắt đầu: 55499.00 ===
2026-04-20 20:44:51,843 -   [LS Iter 1] Cải thiện cost: 55499.00 -> 47366.00
2026-04-20 20:44:52,946 -   [LS Iter 2] Cải thiện cost: 47366.00 -> 45321.00
2026-04-20 20:44:54,029 -   [LS Iter 3] Cải thiện cost: 45321.00 -> 44439.00
2026-04-20 20:44:55,101 -   [LS Iter 4] Cải thiện cost: 44439.00 -> 43730.00
2026-04-20 20:44:56,177 -   [LS Iter 5] Cải thiện cost: 43730.00 -> 43431.00
2026-04-20 20:44:57,262 -   [LS Iter 6] Cải thiện cost: 43431.00 -> 42953.00
2026-04-20 20:44:58,341 -   [LS Iter 7] Cải thiện cost: 42953.00 -> 42883.00
2026-04-20 20:44:59,375 -   [LS Iter 8] Cải thiện cost: 42883.00 -> 42803.00
2026-04-20 20:45:00,427 -   [LS Iter 9] Cải thiện cost: 42803.00 -> 42790.00
2026-04-20 20:45:01,467 -   [LS Iter 10] Cải thiện cost: 42790.00 -> 42776.00
2026-04-20 20:45:02,517 -   [LS Iter 11] Cải thiện cost: 42776.00 -> 42767.00
2026-04-20 20:45:03,555 -   [LS Iter 12] Cải thiện cost: 42767.00 -> 42751.00
2026-04-20 20:45:04,636 -   [LS Iter 13] Cải thiện cost: 42751.00 -> 42750.00
2026-04-20 20:45:05,683 - === KẾT THÚC GIAI ĐOẠN 2 | Đạt cực trị tại: 42750.00 ===
2026-04-20 20:45:05,683 - === BẮT ĐẦU CHẶNG 3: ALNS + GLS | Vòng lặp: 300 | Cost: 42750.00 ===
2026-04-20 20:45:25,892 -   [ALNS Iter 3] Related Destroy phá vỡ giới hạn -> BEST MỚI: 42599.00
2026-04-20 20:46:06,701 -   [ALNS Iter 13] Related Destroy phá vỡ giới hạn -> BEST MỚI: 42391.00
2026-04-20 20:46:21,702 -   [ALNS Iter 15] Related Destroy phá vỡ giới hạn -> BEST MỚI: 42271.00
2026-04-20 20:46:27,028 -   [ALNS Iter 16] Related Destroy phá vỡ giới hạn -> BEST MỚI: 42161.00
2026-04-20 20:46:34,610 -   [ALNS Iter 18] Related Destroy phá vỡ giới hạn -> BEST MỚI: 42117.00
2026-04-20 20:46:48,841 -   [ALNS Iter 20] Related Destroy phá vỡ giới hạn -> BEST MỚI: 41862.00
2026-04-20 20:49:00,868 -   [GLS Iter 41] Cập nhật ma trận phạt để thay đổi hướng đi.
2026-04-20 20:55:18,037 -   [GLS Iter 101] Cập nhật ma trận phạt để thay đổi hướng đi.
2026-04-20 21:01:35,184 -   [GLS Iter 161] Cập nhật ma trận phạt để thay đổi hướng đi.
2026-04-20 21:04:51,113 - === KẾT THÚC CHẶNG 3 | Cost xuất sắc nhất đạt được: 41862.00 ===
2026-04-20 21:04:51,113 - ======================================================================
2026-04-20 21:04:51,113 - CW Khởi tạo = 55499 → Sau Pipeline = 41862
2026-04-20 21:04:51,113 - Cải thiện so CW: 13637
2026-04-20 21:04:51,114 - Tổng thời gian: 1200.4s
2026-04-20 21:04:51,114 - Verified cost: 41862
2026-04-20 21:04:51,119 - ======================================================================
2026-04-20 21:04:51,119 - FILE: X-n228-k23.vrp
2026-04-20 21:04:51,119 - ======================================================================
2026-04-20 21:04:51,195 - Dim=228 K=23 Cap=154
2026-04-20 21:04:51,195 - --- Step 1: Clarke-Wright Heuristic ---
2026-04-20 21:04:51,262 -   cost=33806 time=0.07s
2026-04-20 21:04:51,263 - --- Step 2, 3, 4: Advanced Optimization Pipeline ---
2026-04-20 21:04:51,263 - =========================================
2026-04-20 21:04:51,263 - BẮT ĐẦU TUYẾN TRÌNH TỐI ƯU (PIPELINE)
2026-04-20 21:04:51,263 - =========================================
2026-04-20 21:04:51,263 - === GIAI ĐOẠN 2: LOCAL SEARCH ĐA TOÁN TỬ | Bắt đầu: 33806.00 ===
2026-04-20 21:04:53,051 -   [LS Iter 1] Cải thiện cost: 33806.00 -> 29407.00
2026-04-20 21:04:54,837 -   [LS Iter 2] Cải thiện cost: 29407.00 -> 28483.00
2026-04-20 21:04:56,609 -   [LS Iter 3] Cải thiện cost: 28483.00 -> 28052.00
2026-04-20 21:04:58,405 -   [LS Iter 4] Cải thiện cost: 28052.00 -> 27714.00
2026-04-20 21:05:00,231 -   [LS Iter 5] Cải thiện cost: 27714.00 -> 27595.00
2026-04-20 21:05:02,085 -   [LS Iter 6] Cải thiện cost: 27595.00 -> 27519.00
2026-04-20 21:05:03,940 -   [LS Iter 7] Cải thiện cost: 27519.00 -> 27485.00
2026-04-20 21:05:05,759 -   [LS Iter 8] Cải thiện cost: 27485.00 -> 27453.00
2026-04-20 21:05:07,570 -   [LS Iter 9] Cải thiện cost: 27453.00 -> 27420.00
2026-04-20 21:05:09,338 -   [LS Iter 10] Cải thiện cost: 27420.00 -> 27392.00
2026-04-20 21:05:11,052 -   [LS Iter 11] Cải thiện cost: 27392.00 -> 27329.00
2026-04-20 21:05:12,789 -   [LS Iter 12] Cải thiện cost: 27329.00 -> 27310.00
2026-04-20 21:05:14,518 -   [LS Iter 13] Cải thiện cost: 27310.00 -> 27287.00
2026-04-20 21:05:16,252 -   [LS Iter 14] Cải thiện cost: 27287.00 -> 27238.00
2026-04-20 21:05:17,963 -   [LS Iter 15] Cải thiện cost: 27238.00 -> 27225.00
2026-04-20 21:05:19,674 -   [LS Iter 16] Cải thiện cost: 27225.00 -> 27213.00
2026-04-20 21:05:21,433 -   [LS Iter 17] Cải thiện cost: 27213.00 -> 26997.00
2026-04-20 21:05:23,190 -   [LS Iter 18] Cải thiện cost: 26997.00 -> 26877.00
2026-04-20 21:05:24,968 -   [LS Iter 19] Cải thiện cost: 26877.00 -> 26867.00
2026-04-20 21:05:26,738 -   [LS Iter 20] Cải thiện cost: 26867.00 -> 26839.00
2026-04-20 21:05:28,502 -   [LS Iter 21] Cải thiện cost: 26839.00 -> 26822.00
2026-04-20 21:05:30,273 -   [LS Iter 22] Cải thiện cost: 26822.00 -> 26813.00
2026-04-20 21:05:32,019 -   [LS Iter 23] Cải thiện cost: 26813.00 -> 26808.00
2026-04-20 21:05:33,745 -   [LS Iter 24] Cải thiện cost: 26808.00 -> 26804.00
2026-04-20 21:05:35,452 -   [LS Iter 25] Cải thiện cost: 26804.00 -> 26784.00
2026-04-20 21:05:37,180 -   [LS Iter 26] Cải thiện cost: 26784.00 -> 26781.00
2026-04-20 21:05:38,912 -   [LS Iter 27] Cải thiện cost: 26781.00 -> 26765.00
2026-04-20 21:05:40,669 -   [LS Iter 28] Cải thiện cost: 26765.00 -> 26749.00
2026-04-20 21:05:42,450 -   [LS Iter 29] Cải thiện cost: 26749.00 -> 26739.00
2026-04-20 21:05:44,193 -   [LS Iter 30] Cải thiện cost: 26739.00 -> 26738.00
2026-04-20 21:05:45,940 -   [LS Iter 31] Cải thiện cost: 26738.00 -> 26735.00
2026-04-20 21:05:47,665 -   [LS Iter 32] Cải thiện cost: 26735.00 -> 26732.00
2026-04-20 21:05:49,384 - === KẾT THÚC GIAI ĐOẠN 2 | Đạt cực trị tại: 26732.00 ===
2026-04-20 21:05:49,385 - === BẮT ĐẦU CHẶNG 3: ALNS + GLS | Vòng lặp: 300 | Cost: 26732.00 ===
2026-04-20 21:06:35,915 -   [ALNS Iter 7] Related Destroy phá vỡ giới hạn -> BEST MỚI: 26676.00
2026-04-20 21:06:47,815 -   [ALNS Iter 9] Related Destroy phá vỡ giới hạn -> BEST MỚI: 26475.00
2026-04-20 21:08:51,003 -   [GLS Iter 21] Cập nhật ma trận phạt để thay đổi hướng đi.
2026-04-20 21:17:48,635 -   [GLS Iter 81] Cập nhật ma trận phạt do kẹt tải trọng liên tục.
2026-04-20 21:24:51,810 - === KẾT THÚC CHẶNG 3 | Cost xuất sắc nhất đạt được: 26475.00 ===
2026-04-20 21:24:51,810 - ======================================================================
2026-04-20 21:24:51,810 - CW Khởi tạo = 33806 → Sau Pipeline = 26475
2026-04-20 21:24:51,810 - Cải thiện so CW: 7331
2026-04-20 21:24:51,810 - Tổng thời gian: 1200.6s
2026-04-20 21:24:51,810 - Verified cost: 26475
2026-04-20 21:24:51,815 - ======================================================================
2026-04-20 21:24:51,815 - FILE: X-n233-k16.vrp
2026-04-20 21:24:51,816 - ======================================================================
2026-04-20 21:24:51,896 - Dim=233 K=16 Cap=631
2026-04-20 21:24:51,896 - --- Step 1: Clarke-Wright Heuristic ---
2026-04-20 21:24:52,019 -   cost=111784 time=0.12s
2026-04-20 21:24:52,019 - --- Step 2, 3, 4: Advanced Optimization Pipeline ---
2026-04-20 21:24:52,019 - =========================================
2026-04-20 21:24:52,019 - BẮT ĐẦU TUYẾN TRÌNH TỐI ƯU (PIPELINE)
2026-04-20 21:24:52,019 - =========================================
2026-04-20 21:24:52,019 - === GIAI ĐOẠN 2: LOCAL SEARCH ĐA TOÁN TỬ | Bắt đầu: 111784.00 ===
2026-04-20 21:24:56,522 -   [LS Iter 1] Cải thiện cost: 111784.00 -> 40786.00
2026-04-20 21:24:58,495 -   [LS Iter 2] Cải thiện cost: 40786.00 -> 38445.00
2026-04-20 21:25:00,402 -   [LS Iter 3] Cải thiện cost: 38445.00 -> 37655.00
2026-04-20 21:25:02,220 -   [LS Iter 4] Cải thiện cost: 37655.00 -> 37519.00
2026-04-20 21:25:04,005 -   [LS Iter 5] Cải thiện cost: 37519.00 -> 37238.00
2026-04-20 21:25:05,842 -   [LS Iter 6] Cải thiện cost: 37238.00 -> 36844.00
2026-04-20 21:25:07,711 -   [LS Iter 7] Cải thiện cost: 36844.00 -> 36695.00
2026-04-20 21:25:09,521 -   [LS Iter 8] Cải thiện cost: 36695.00 -> 36325.00
2026-04-20 21:25:11,318 - === KẾT THÚC GIAI ĐOẠN 2 | Đạt cực trị tại: 36325.00 ===
2026-04-20 21:25:11,318 - === BẮT ĐẦU CHẶNG 3: ALNS + GLS | Vòng lặp: 300 | Cost: 36325.00 ===
2026-04-20 21:25:16,138 -   [GLS Iter 21] Cập nhật ma trận phạt do kẹt tải trọng liên tục.
2026-04-20 21:25:29,611 -   [GLS Iter 81] Cập nhật ma trận phạt do kẹt tải trọng liên tục.
2026-04-20 21:25:41,513 -   [GLS Iter 141] Cập nhật ma trận phạt do kẹt tải trọng liên tục.
2026-04-20 21:25:56,496 -   [GLS Iter 201] Cập nhật ma trận phạt do kẹt tải trọng liên tục.
2026-04-20 21:26:11,696 -   [GLS Iter 261] Cập nhật ma trận phạt do kẹt tải trọng liên tục.
2026-04-20 21:26:21,209 - === KẾT THÚC CHẶNG 3 | Cost xuất sắc nhất đạt được: 36325.00 ===
2026-04-20 21:26:21,209 - === BẮT ĐẦU CHẶNG 4: MAX-SAT CHÍNH XÁC | Cost: 36325.00 ===
2026-04-20 21:26:21,209 -   [GĐ 4.1] Giải bài toán TSP trên từng tuyến đơn...
2026-04-20 21:27:01,214 -     [S-Timeout 40.0s]
2026-04-20 21:27:42,775 -     [S-Timeout 40.0s]
2026-04-20 21:28:23,100 -     [S-Timeout 40.0s]
2026-04-20 21:29:03,120 -     [S-Timeout 40.0s]
2026-04-20 21:29:43,137 -     [S-Timeout 40.0s]
2026-04-20 21:30:23,152 -     [S-Timeout 40.0s]
2026-04-20 21:31:03,167 -     [S-Timeout 40.0s]
2026-04-20 21:31:43,187 -     [S-Timeout 40.0s]
2026-04-20 21:32:23,205 -     [S-Timeout 40.0s]
2026-04-20 21:32:23,222 -   [GĐ 4.2] Xét từng cặp tuyến để phân bổ lại khách hàng...
2026-04-20 21:32:23,222 -   --- Pairwise Iter 1 (còn 749s) ---
2026-04-20 21:33:51,232 -     [P-Timeout 88.0s]
2026-04-20 21:35:19,273 -     [P-Timeout 88.0s]
2026-04-20 21:36:47,317 -     [P-Timeout 88.0s]
2026-04-20 21:36:47,354 -     -> Đã đạt cực trị toàn cục cho mọi cặp dưới ngưỡng. KẾT THÚC CHẶNG 4.
2026-04-20 21:36:47,354 - HOÀN THÀNH PIPELINE. Final cost=36325.00 | Time=715.3s
2026-04-20 21:36:47,354 - ======================================================================
2026-04-20 21:36:47,354 - CW Khởi tạo = 111784 → Sau Pipeline = 36325
2026-04-20 21:36:47,355 - Cải thiện so CW: 75459
2026-04-20 21:36:47,355 - Tổng thời gian: 715.5s
2026-04-20 21:36:47,355 - Verified cost: 36325
2026-04-20 21:36:47,360 - ======================================================================
2026-04-20 21:36:47,360 - FILE: X-n237-k14.vrp
2026-04-20 21:36:47,360 - ======================================================================
2026-04-20 21:36:47,442 - Dim=237 K=14 Cap=18
2026-04-20 21:36:47,442 - --- Step 1: Clarke-Wright Heuristic ---
2026-04-20 21:36:47,514 -   cost=35645 time=0.07s
2026-04-20 21:36:47,514 - --- Step 2, 3, 4: Advanced Optimization Pipeline ---
2026-04-20 21:36:47,515 - =========================================
2026-04-20 21:36:47,515 - BẮT ĐẦU TUYẾN TRÌNH TỐI ƯU (PIPELINE)
2026-04-20 21:36:47,515 - =========================================
2026-04-20 21:36:47,515 - === GIAI ĐOẠN 2: LOCAL SEARCH ĐA TOÁN TỬ | Bắt đầu: 35645.00 ===
2026-04-20 21:36:52,140 -   [LS Iter 1] Cải thiện cost: 35645.00 -> 31496.00
2026-04-20 21:36:56,750 -   [LS Iter 2] Cải thiện cost: 31496.00 -> 30791.00
2026-04-20 21:37:01,051 -   [LS Iter 3] Cải thiện cost: 30791.00 -> 30670.00
2026-04-20 21:37:05,273 -   [LS Iter 4] Cải thiện cost: 30670.00 -> 30594.00
2026-04-20 21:37:09,466 -   [LS Iter 5] Cải thiện cost: 30594.00 -> 30546.00
2026-04-20 21:37:13,640 -   [LS Iter 6] Cải thiện cost: 30546.00 -> 30489.00
2026-04-20 21:37:17,705 -   [LS Iter 7] Cải thiện cost: 30489.00 -> 30420.00
2026-04-20 21:37:21,860 -   [LS Iter 8] Cải thiện cost: 30420.00 -> 30214.00
2026-04-20 21:37:25,918 -   [LS Iter 9] Cải thiện cost: 30214.00 -> 30161.00
2026-04-20 21:37:29,940 -   [LS Iter 10] Cải thiện cost: 30161.00 -> 30117.00
2026-04-20 21:37:33,983 -   [LS Iter 11] Cải thiện cost: 30117.00 -> 30073.00
2026-04-20 21:37:37,975 -   [LS Iter 12] Cải thiện cost: 30073.00 -> 30043.00
2026-04-20 21:37:42,029 -   [LS Iter 13] Cải thiện cost: 30043.00 -> 30016.00
2026-04-20 21:37:45,859 -   [LS Iter 14] Cải thiện cost: 30016.00 -> 29986.00
2026-04-20 21:37:49,725 -   [LS Iter 15] Cải thiện cost: 29986.00 -> 29962.00
2026-04-20 21:37:53,560 -   [LS Iter 16] Cải thiện cost: 29962.00 -> 29942.00
2026-04-20 21:37:57,338 -   [LS Iter 17] Cải thiện cost: 29942.00 -> 29915.00
2026-04-20 21:38:01,048 -   [LS Iter 18] Cải thiện cost: 29915.00 -> 29823.00
2026-04-20 21:38:04,664 -   [LS Iter 19] Cải thiện cost: 29823.00 -> 29763.00
2026-04-20 21:38:08,244 -   [LS Iter 20] Cải thiện cost: 29763.00 -> 29690.00
2026-04-20 21:38:11,860 -   [LS Iter 21] Cải thiện cost: 29690.00 -> 29632.00
2026-04-20 21:38:15,449 -   [LS Iter 22] Cải thiện cost: 29632.00 -> 29617.00
2026-04-20 21:38:19,026 -   [LS Iter 23] Cải thiện cost: 29617.00 -> 29603.00
2026-04-20 21:38:22,597 -   [LS Iter 24] Cải thiện cost: 29603.00 -> 29598.00
2026-04-20 21:38:26,183 -   [LS Iter 25] Cải thiện cost: 29598.00 -> 29591.00
2026-04-20 21:38:29,684 -   [LS Iter 26] Cải thiện cost: 29591.00 -> 29586.00
2026-04-20 21:38:33,039 -   [LS Iter 27] Cải thiện cost: 29586.00 -> 29514.00
2026-04-20 21:38:36,335 - === KẾT THÚC GIAI ĐOẠN 2 | Đạt cực trị tại: 29514.00 ===
2026-04-20 21:38:36,335 - === BẮT ĐẦU CHẶNG 3: ALNS + GLS | Vòng lặp: 300 | Cost: 29514.00 ===
2026-04-20 21:38:50,207 -   [ALNS Iter 2] Worst Destroy phá vỡ giới hạn -> BEST MỚI: 29481.00
2026-04-20 21:39:04,324 -   [ALNS Iter 3] Worst Destroy phá vỡ giới hạn -> BEST MỚI: 29239.00
2026-04-20 21:39:18,464 -   [ALNS Iter 4] Worst Destroy phá vỡ giới hạn -> BEST MỚI: 29126.00
2026-04-20 21:40:06,941 -   [ALNS Iter 8] Worst Destroy phá vỡ giới hạn -> BEST MỚI: 29116.00
2026-04-20 21:40:20,914 -   [ALNS Iter 9] Worst Destroy phá vỡ giới hạn -> BEST MỚI: 29074.00
2026-04-20 21:40:34,615 -   [ALNS Iter 10] Worst Destroy phá vỡ giới hạn -> BEST MỚI: 28799.00
2026-04-20 21:41:19,779 -   [ALNS Iter 14] Worst Destroy phá vỡ giới hạn -> BEST MỚI: 28764.00
2026-04-20 21:45:05,000 -   [ALNS Iter 30] Worst Destroy phá vỡ giới hạn -> BEST MỚI: 28641.00
2026-04-20 21:47:03,698 -   [ALNS Iter 39] Worst Destroy phá vỡ giới hạn -> BEST MỚI: 28471.00
2026-04-20 21:49:15,680 -   [ALNS Iter 49] Worst Destroy phá vỡ giới hạn -> BEST MỚI: 28454.00
2026-04-20 21:49:29,279 -   [ALNS Iter 50] Worst Destroy phá vỡ giới hạn -> BEST MỚI: 28449.00
2026-04-20 21:55:35,052 -   [ALNS Iter 79] Worst Destroy phá vỡ giới hạn -> BEST MỚI: 28381.00
2026-04-20 21:55:52,875 -   [ALNS Iter 80] Worst Destroy phá vỡ giới hạn -> BEST MỚI: 28307.00
2026-04-20 21:56:27,999 -   [ALNS Iter 83] Worst Destroy phá vỡ giới hạn -> BEST MỚI: 28293.00
2026-04-20 21:56:49,366 - === KẾT THÚC CHẶNG 3 | Cost xuất sắc nhất đạt được: 28293.00 ===
2026-04-20 21:56:49,366 - ======================================================================
2026-04-20 21:56:49,366 - CW Khởi tạo = 35645 → Sau Pipeline = 28293
2026-04-20 21:56:49,367 - Cải thiện so CW: 7352
2026-04-20 21:56:49,367 - Tổng thời gian: 1201.9s
2026-04-20 21:56:49,367 - Verified cost: 28293
2026-04-20 21:56:49,372 - ======================================================================
2026-04-20 21:56:49,372 - FILE: X-n242-k48.vrp
2026-04-20 21:56:49,372 - ======================================================================
2026-04-20 21:56:49,448 - Dim=242 K=48 Cap=28
2026-04-20 21:56:49,448 - --- Step 1: Clarke-Wright Heuristic ---
2026-04-20 21:56:49,514 -   cost=98297 time=0.07s
2026-04-20 21:56:49,514 - --- Step 2, 3, 4: Advanced Optimization Pipeline ---
2026-04-20 21:56:49,514 - =========================================
2026-04-20 21:56:49,514 - BẮT ĐẦU TUYẾN TRÌNH TỐI ƯU (PIPELINE)
2026-04-20 21:56:49,514 - =========================================
2026-04-20 21:56:49,514 - === GIAI ĐOẠN 2: LOCAL SEARCH ĐA TOÁN TỬ | Bắt đầu: 98297.00 ===
2026-04-20 21:56:50,609 -   [LS Iter 1] Cải thiện cost: 98297.00 -> 88350.00
2026-04-20 21:56:51,663 -   [LS Iter 2] Cải thiện cost: 88350.00 -> 87198.00
2026-04-20 21:56:52,675 -   [LS Iter 3] Cải thiện cost: 87198.00 -> 86535.00
2026-04-20 21:56:53,685 -   [LS Iter 4] Cải thiện cost: 86535.00 -> 86476.00
2026-04-20 21:56:54,701 -   [LS Iter 5] Cải thiện cost: 86476.00 -> 86385.00
2026-04-20 21:56:55,718 -   [LS Iter 6] Cải thiện cost: 86385.00 -> 86229.00
2026-04-20 21:56:56,737 -   [LS Iter 7] Cải thiện cost: 86229.00 -> 86168.00
2026-04-20 21:56:57,756 -   [LS Iter 8] Cải thiện cost: 86168.00 -> 85993.00
2026-04-20 21:56:58,770 -   [LS Iter 9] Cải thiện cost: 85993.00 -> 85849.00
2026-04-20 21:56:59,770 -   [LS Iter 10] Cải thiện cost: 85849.00 -> 85769.00
2026-04-20 21:57:00,806 -   [LS Iter 11] Cải thiện cost: 85769.00 -> 85737.00
2026-04-20 21:57:01,806 -   [LS Iter 12] Cải thiện cost: 85737.00 -> 85627.00
2026-04-20 21:57:02,818 -   [LS Iter 13] Cải thiện cost: 85627.00 -> 85623.00
2026-04-20 21:57:03,816 -   [LS Iter 14] Cải thiện cost: 85623.00 -> 85621.00
2026-04-20 21:57:04,830 -   [LS Iter 15] Cải thiện cost: 85621.00 -> 85619.00
2026-04-20 21:57:05,821 -   [LS Iter 16] Cải thiện cost: 85619.00 -> 85618.00
2026-04-20 21:57:06,824 - === KẾT THÚC GIAI ĐOẠN 2 | Đạt cực trị tại: 85618.00 ===
2026-04-20 21:57:06,824 - === BẮT ĐẦU CHẶNG 3: ALNS + GLS | Vòng lặp: 300 | Cost: 85618.00 ===
2026-04-20 21:57:34,903 -   [ALNS Iter 16] Related Destroy phá vỡ giới hạn -> BEST MỚI: 85287.00
2026-04-20 21:58:11,702 -   [ALNS Iter 23] Related Destroy phá vỡ giới hạn -> BEST MỚI: 85100.00
2026-04-20 21:58:32,556 -   [ALNS Iter 25] Related Destroy phá vỡ giới hạn -> BEST MỚI: 84999.00
2026-04-20 22:01:07,251 -   [ALNS Iter 47] Related Destroy phá vỡ giới hạn -> BEST MỚI: 84870.00
2026-04-20 22:06:05,758 -   [GLS Iter 101] Cập nhật ma trận phạt để thay đổi hướng đi.
2026-04-20 22:12:34,361 -   [GLS Iter 161] Cập nhật ma trận phạt do kẹt tải trọng liên tục.
2026-04-20 22:16:49,531 - === KẾT THÚC CHẶNG 3 | Cost xuất sắc nhất đạt được: 84870.00 ===
2026-04-20 22:16:49,532 - ======================================================================
2026-04-20 22:16:49,532 - CW Khởi tạo = 98297 → Sau Pipeline = 84870
2026-04-20 22:16:49,532 - Cải thiện so CW: 13427
2026-04-20 22:16:49,532 - Tổng thời gian: 1200.1s
2026-04-20 22:16:49,532 - Verified cost: 84870
2026-04-20 22:16:49,537 - ======================================================================
2026-04-20 22:16:49,537 - FILE: X-n247-k50.vrp
2026-04-20 22:16:49,537 - ======================================================================
2026-04-20 22:16:49,640 - Dim=247 K=50 Cap=134
2026-04-20 22:16:49,640 - --- Step 1: Clarke-Wright Heuristic ---
2026-04-20 22:16:51,650 -   cost=79089 time=2.01s
2026-04-20 22:16:51,650 - --- Step 2, 3, 4: Advanced Optimization Pipeline ---
2026-04-20 22:16:51,650 - =========================================
2026-04-20 22:16:51,650 - BẮT ĐẦU TUYẾN TRÌNH TỐI ƯU (PIPELINE)
2026-04-20 22:16:51,650 - =========================================
2026-04-20 22:16:51,650 - === GIAI ĐOẠN 2: LOCAL SEARCH ĐA TOÁN TỬ | Bắt đầu: 79089.00 ===
2026-04-20 22:16:53,744 -   [LS Iter 1] Cải thiện cost: 79089.00 -> 44931.00
2026-04-20 22:16:55,739 -   [LS Iter 2] Cải thiện cost: 44931.00 -> 41086.00
2026-04-20 22:16:57,557 -   [LS Iter 3] Cải thiện cost: 41086.00 -> 40179.00
2026-04-20 22:16:59,393 -   [LS Iter 4] Cải thiện cost: 40179.00 -> 39749.00
2026-04-20 22:17:01,230 -   [LS Iter 5] Cải thiện cost: 39749.00 -> 39620.00
2026-04-20 22:17:03,054 -   [LS Iter 6] Cải thiện cost: 39620.00 -> 39511.00
2026-04-20 22:17:04,865 -   [LS Iter 7] Cải thiện cost: 39511.00 -> 39459.00
2026-04-20 22:17:06,724 -   [LS Iter 8] Cải thiện cost: 39459.00 -> 39400.00
2026-04-20 22:17:08,544 -   [LS Iter 9] Cải thiện cost: 39400.00 -> 39283.00
2026-04-20 22:17:10,359 -   [LS Iter 10] Cải thiện cost: 39283.00 -> 39155.00
2026-04-20 22:17:12,167 -   [LS Iter 11] Cải thiện cost: 39155.00 -> 39102.00
2026-04-20 22:17:13,958 -   [LS Iter 12] Cải thiện cost: 39102.00 -> 39082.00
2026-04-20 22:17:15,741 -   [LS Iter 13] Cải thiện cost: 39082.00 -> 39063.00
2026-04-20 22:17:17,523 -   [LS Iter 14] Cải thiện cost: 39063.00 -> 39046.00
2026-04-20 22:17:19,297 -   [LS Iter 15] Cải thiện cost: 39046.00 -> 39031.00
2026-04-20 22:17:21,082 -   [LS Iter 16] Cải thiện cost: 39031.00 -> 39003.00
2026-04-20 22:17:22,853 -   [LS Iter 17] Cải thiện cost: 39003.00 -> 38990.00
2026-04-20 22:17:24,644 -   [LS Iter 18] Cải thiện cost: 38990.00 -> 38970.00
2026-04-20 22:17:26,422 -   [LS Iter 19] Cải thiện cost: 38970.00 -> 38942.00
2026-04-20 22:17:28,149 -   [LS Iter 20] Cải thiện cost: 38942.00 -> 38929.00
2026-04-20 22:17:29,886 -   [LS Iter 21] Cải thiện cost: 38929.00 -> 38918.00
2026-04-20 22:17:31,663 -   [LS Iter 22] Cải thiện cost: 38918.00 -> 38900.00
2026-04-20 22:17:33,427 -   [LS Iter 23] Cải thiện cost: 38900.00 -> 38892.00
2026-04-20 22:17:35,179 -   [LS Iter 24] Cải thiện cost: 38892.00 -> 38886.00
2026-04-20 22:17:36,937 -   [LS Iter 25] Cải thiện cost: 38886.00 -> 38880.00
2026-04-20 22:17:38,674 -   [LS Iter 26] Cải thiện cost: 38880.00 -> 38874.00
2026-04-20 22:17:40,407 -   [LS Iter 27] Cải thiện cost: 38874.00 -> 38860.00
2026-04-20 22:17:42,137 -   [LS Iter 28] Cải thiện cost: 38860.00 -> 38856.00
2026-04-20 22:17:43,854 -   [LS Iter 29] Cải thiện cost: 38856.00 -> 38838.00
2026-04-20 22:17:45,557 -   [LS Iter 30] Cải thiện cost: 38838.00 -> 38830.00
2026-04-20 22:17:47,276 -   [LS Iter 31] Cải thiện cost: 38830.00 -> 38827.00
2026-04-20 22:17:48,975 -   [LS Iter 32] Cải thiện cost: 38827.00 -> 38824.00
2026-04-20 22:17:50,672 -   [LS Iter 33] Cải thiện cost: 38824.00 -> 38815.00
2026-04-20 22:17:52,335 -   [LS Iter 34] Cải thiện cost: 38815.00 -> 38805.00
2026-04-20 22:17:54,007 -   [LS Iter 35] Cải thiện cost: 38805.00 -> 38798.00
2026-04-20 22:17:55,687 -   [LS Iter 36] Cải thiện cost: 38798.00 -> 38791.00
2026-04-20 22:17:57,342 -   [LS Iter 37] Cải thiện cost: 38791.00 -> 38790.00
2026-04-20 22:17:58,991 -   [LS Iter 38] Cải thiện cost: 38790.00 -> 38789.00
2026-04-20 22:18:00,652 -   [LS Iter 39] Cải thiện cost: 38789.00 -> 38775.00
2026-04-20 22:18:02,302 -   [LS Iter 40] Cải thiện cost: 38775.00 -> 38774.00
2026-04-20 22:18:03,957 -   [LS Iter 41] Cải thiện cost: 38774.00 -> 38760.00
2026-04-20 22:18:05,621 - === KẾT THÚC GIAI ĐOẠN 2 | Đạt cực trị tại: 38760.00 ===
2026-04-20 22:18:05,622 - === BẮT ĐẦU CHẶNG 3: ALNS + GLS | Vòng lặp: 300 | Cost: 38760.00 ===
2026-04-20 22:18:16,422 -   [ALNS Iter 12] Random Destroy phá vỡ giới hạn -> BEST MỚI: 38757.00
2026-04-20 22:18:27,770 -   [GLS Iter 21] Cập nhật ma trận phạt do kẹt tải trọng liên tục.
2026-04-20 22:19:15,113 -   [GLS Iter 81] Cập nhật ma trận phạt do kẹt tải trọng liên tục.
2026-04-20 22:19:41,684 -   [GLS Iter 141] Cập nhật ma trận phạt do kẹt tải trọng liên tục.
2026-04-20 22:20:06,683 -   [GLS Iter 201] Cập nhật ma trận phạt do kẹt tải trọng liên tục.
2026-04-20 22:22:14,541 -   [GLS Iter 261] Cập nhật ma trận phạt do kẹt tải trọng liên tục.
2026-04-20 22:22:52,929 -   [ALNS Iter 267] Random Destroy phá vỡ giới hạn -> BEST MỚI: 38729.00
2026-04-20 22:23:07,808 -   [ALNS Iter 270] Random Destroy phá vỡ giới hạn -> BEST MỚI: 38688.00
2026-04-20 22:23:26,010 -   [ALNS Iter 296] Random Destroy phá vỡ giới hạn -> BEST MỚI: 38671.00
2026-04-20 22:23:27,150 - === KẾT THÚC CHẶNG 3 | Cost xuất sắc nhất đạt được: 38671.00 ===
2026-04-20 22:23:27,151 - === BẮT ĐẦU CHẶNG 4: MAX-SAT CHÍNH XÁC | Cost: 38671.00 ===
2026-04-20 22:23:27,151 -   [GĐ 4.1] Giải bài toán TSP trên từng tuyến đơn...
2026-04-20 22:24:07,157 -     [S-Timeout 40.0s]
2026-04-20 22:24:47,172 -     [S-Timeout 40.0s]
2026-04-20 22:25:27,190 -     [S-Timeout 40.0s]
2026-04-20 22:26:41,179 -     [S-Timeout 40.0s]
2026-04-20 22:27:27,263 -     [S-Timeout 40.0s]
2026-04-20 22:28:07,294 -     [S-Timeout 40.0s]
2026-04-20 22:28:47,356 -     [S-Timeout 40.0s]
2026-04-20 22:29:27,390 -     [S-Timeout 40.0s]
2026-04-20 22:30:07,404 -     [S-Timeout 40.0s]
2026-04-20 22:30:47,419 -     [S-Timeout 40.0s]
2026-04-20 22:31:31,839 -     [S-Timeout 40.0s]
2026-04-20 22:32:20,793 -     [S-Timeout 40.0s]
2026-04-20 22:32:28,175 -   [GĐ 4.2] Xét từng cặp tuyến để phân bổ lại khách hàng...
2026-04-20 22:32:28,176 -   --- Pairwise Iter 1 (còn 263s) ---
2026-04-20 22:33:28,187 -     [P-Timeout 60.0s]
2026-04-20 22:34:28,216 -     [P-Timeout 60.0s]
2026-04-20 22:35:28,229 -     [P-Timeout 60.0s]
2026-04-20 22:36:28,253 -     [P-Timeout 60.0s]
2026-04-20 22:36:49,654 -     [P-Timeout 21.4s]
2026-04-20 22:36:49,671 -     -> Đã đạt cực trị toàn cục cho mọi cặp dưới ngưỡng. KẾT THÚC CHẶNG 4.
2026-04-20 22:36:49,671 - HOÀN THÀNH PIPELINE. Final cost=38671.00 | Time=1198.0s
2026-04-20 22:36:49,671 - ======================================================================
2026-04-20 22:36:49,671 - CW Khởi tạo = 79089 → Sau Pipeline = 38671
2026-04-20 22:36:49,671 - Cải thiện so CW: 40418
2026-04-20 22:36:49,671 - Tổng thời gian: 1200.0s
2026-04-20 22:36:49,671 - Verified cost: 38671
2026-04-20 22:36:49,686 - ======================================================================
2026-04-20 22:36:49,686 - FILE: X-n251-k28.vrp
2026-04-20 22:36:49,686 - ======================================================================
2026-04-20 22:36:49,784 - Dim=251 K=28 Cap=69
2026-04-20 22:36:49,785 - --- Step 1: Clarke-Wright Heuristic ---
2026-04-20 22:36:49,866 -   cost=48571 time=0.08s
2026-04-20 22:36:49,866 - --- Step 2, 3, 4: Advanced Optimization Pipeline ---
2026-04-20 22:36:49,866 - =========================================
2026-04-20 22:36:49,866 - BẮT ĐẦU TUYẾN TRÌNH TỐI ƯU (PIPELINE)
2026-04-20 22:36:49,866 - =========================================
2026-04-20 22:36:49,867 - === GIAI ĐOẠN 2: LOCAL SEARCH ĐA TOÁN TỬ | Bắt đầu: 48571.00 ===
2026-04-20 22:36:52,095 -   [LS Iter 1] Cải thiện cost: 48571.00 -> 42674.00
2026-04-20 22:36:54,048 -   [LS Iter 2] Cải thiện cost: 42674.00 -> 41984.00
2026-04-20 22:36:55,981 -   [LS Iter 3] Cải thiện cost: 41984.00 -> 41858.00
2026-04-20 22:36:57,926 -   [LS Iter 4] Cải thiện cost: 41858.00 -> 41838.00
2026-04-20 22:36:59,892 -   [LS Iter 5] Cải thiện cost: 41838.00 -> 41814.00
2026-04-20 22:37:01,865 -   [LS Iter 6] Cải thiện cost: 41814.00 -> 41751.00
2026-04-20 22:37:03,808 -   [LS Iter 7] Cải thiện cost: 41751.00 -> 41740.00
2026-04-20 22:37:05,790 -   [LS Iter 8] Cải thiện cost: 41740.00 -> 41642.00
2026-04-20 22:37:07,760 -   [LS Iter 9] Cải thiện cost: 41642.00 -> 41340.00
2026-04-20 22:37:09,707 -   [LS Iter 10] Cải thiện cost: 41340.00 -> 41108.00
2026-04-20 22:37:11,658 -   [LS Iter 11] Cải thiện cost: 41108.00 -> 41082.00
2026-04-20 22:37:13,571 -   [LS Iter 12] Cải thiện cost: 41082.00 -> 41072.00
2026-04-20 22:37:15,502 - === KẾT THÚC GIAI ĐOẠN 2 | Đạt cực trị tại: 41072.00 ===
2026-04-20 22:37:15,503 - === BẮT ĐẦU CHẶNG 3: ALNS + GLS | Vòng lặp: 300 | Cost: 41072.00 ===
2026-04-20 22:37:53,159 -   [ALNS Iter 2] Related Destroy phá vỡ giới hạn -> BEST MỚI: 40602.00
2026-04-20 22:40:27,458 -   [ALNS Iter 14] Random Destroy phá vỡ giới hạn -> BEST MỚI: 40486.00
2026-04-20 22:40:54,666 -   [ALNS Iter 15] Worst Destroy phá vỡ giới hạn -> BEST MỚI: 40462.00
2026-04-20 22:41:24,082 -   [ALNS Iter 17] Random Destroy phá vỡ giới hạn -> BEST MỚI: 40389.00
2026-04-20 22:42:07,395 -   [ALNS Iter 21] Random Destroy phá vỡ giới hạn -> BEST MỚI: 40340.00
2026-04-20 22:43:47,521 -   [ALNS Iter 30] Worst Destroy phá vỡ giới hạn -> BEST MỚI: 40309.00
2026-04-20 22:48:15,857 -   [ALNS Iter 54] Related Destroy phá vỡ giới hạn -> BEST MỚI: 40158.00
2026-04-20 22:51:41,135 -   [ALNS Iter 74] Worst Destroy phá vỡ giới hạn -> BEST MỚI: 39954.00
2026-04-20 22:56:44,536 -   [ALNS Iter 101] Related Destroy phá vỡ giới hạn -> BEST MỚI: 39916.00
2026-04-20 22:56:50,205 - === KẾT THÚC CHẶNG 3 | Cost xuất sắc nhất đạt được: 39916.00 ===
2026-04-20 22:56:50,206 - ======================================================================
2026-04-20 22:56:50,206 - CW Khởi tạo = 48571 → Sau Pipeline = 39916
2026-04-20 22:56:50,206 - Cải thiện so CW: 8655
2026-04-20 22:56:50,206 - Tổng thời gian: 1200.4s
2026-04-20 22:56:50,206 - Verified cost: 39916
2026-04-20 22:56:50,211 - ======================================================================
2026-04-20 22:56:50,211 - FILE: X-n256-k16.vrp
2026-04-20 22:56:50,211 - ======================================================================
2026-04-20 22:56:50,320 - Dim=256 K=16 Cap=1225
2026-04-20 22:56:50,320 - --- Step 1: Clarke-Wright Heuristic ---
2026-04-20 22:56:50,448 -   cost=42189 time=0.13s
2026-04-20 22:56:50,449 - --- Step 2, 3, 4: Advanced Optimization Pipeline ---
2026-04-20 22:56:50,449 - =========================================
2026-04-20 22:56:50,449 - BẮT ĐẦU TUYẾN TRÌNH TỐI ƯU (PIPELINE)
2026-04-20 22:56:50,449 - =========================================
2026-04-20 22:56:50,449 - === GIAI ĐOẠN 2: LOCAL SEARCH ĐA TOÁN TỬ | Bắt đầu: 42189.00 ===
2026-04-20 22:56:53,635 -   [LS Iter 1] Cải thiện cost: 42189.00 -> 24918.00
2026-04-20 22:56:56,035 -   [LS Iter 2] Cải thiện cost: 24918.00 -> 23855.00
2026-04-20 22:56:58,536 -   [LS Iter 3] Cải thiện cost: 23855.00 -> 22499.00
2026-04-20 22:57:00,905 -   [LS Iter 4] Cải thiện cost: 22499.00 -> 22479.00
2026-04-20 22:57:03,275 -   [LS Iter 5] Cải thiện cost: 22479.00 -> 22426.00
2026-04-20 22:57:05,648 - === KẾT THÚC GIAI ĐOẠN 2 | Đạt cực trị tại: 22426.00 ===
2026-04-20 22:57:05,648 - === BẮT ĐẦU CHẶNG 3: ALNS + GLS | Vòng lặp: 300 | Cost: 22426.00 ===
2026-04-20 22:57:16,532 -   [ALNS Iter 7] Related Destroy phá vỡ giới hạn -> BEST MỚI: 22353.00
2026-04-20 22:57:26,577 -   [GLS Iter 61] Cập nhật ma trận phạt do kẹt tải trọng liên tục.
2026-04-20 22:57:47,673 -   [ALNS Iter 120] Related Destroy phá vỡ giới hạn -> BEST MỚI: 22289.00
2026-04-20 22:57:58,082 -   [ALNS Iter 138] Related Destroy phá vỡ giới hạn -> BEST MỚI: 22235.00
2026-04-20 22:57:58,313 -   [GLS Iter 141] Cập nhật ma trận phạt do kẹt tải trọng liên tục.
2026-04-20 22:58:13,840 -   [GLS Iter 201] Cập nhật ma trận phạt do kẹt tải trọng liên tục.
2026-04-20 22:58:21,510 -   [GLS Iter 261] Cập nhật ma trận phạt do kẹt tải trọng liên tục.
2026-04-20 22:58:39,723 - === KẾT THÚC CHẶNG 3 | Cost xuất sắc nhất đạt được: 22235.00 ===
2026-04-20 22:58:39,723 - === BẮT ĐẦU CHẶNG 4: MAX-SAT CHÍNH XÁC | Cost: 22235.00 ===
2026-04-20 22:58:39,723 -   [GĐ 4.1] Giải bài toán TSP trên từng tuyến đơn...
2026-04-20 22:59:19,727 -     [S-Timeout 40.0s]
2026-04-20 23:00:26,030 -     [S-Timeout 40.0s]
2026-04-20 23:01:06,045 -     [S-Timeout 40.0s]
2026-04-20 23:01:46,063 -     [S-Timeout 40.0s]
2026-04-20 23:01:46,077 -   [GĐ 4.2] Xét từng cặp tuyến để phân bổ lại khách hàng...
2026-04-20 23:01:46,077 -   --- Pairwise Iter 1 (còn 904s) ---
2026-04-20 23:01:46,084 -     -> Đã đạt cực trị toàn cục cho mọi cặp dưới ngưỡng. KẾT THÚC CHẶNG 4.
2026-04-20 23:01:46,084 - HOÀN THÀNH PIPELINE. Final cost=22235.00 | Time=295.6s
2026-04-20 23:01:46,084 - ======================================================================
2026-04-20 23:01:46,084 - CW Khởi tạo = 42189 → Sau Pipeline = 22235
2026-04-20 23:01:46,084 - Cải thiện so CW: 19954
2026-04-20 23:01:46,084 - Tổng thời gian: 295.8s
2026-04-20 23:01:46,084 - Verified cost: 22235
2026-04-20 23:01:46,090 - ======================================================================
2026-04-20 23:01:46,090 - FILE: X-n261-k13.vrp
2026-04-20 23:01:46,090 - ======================================================================
2026-04-20 23:01:46,198 - Dim=261 K=13 Cap=1081
2026-04-20 23:01:46,198 - --- Step 1: Clarke-Wright Heuristic ---
2026-04-20 23:01:46,302 -   cost=34932 time=0.10s
2026-04-20 23:01:46,302 - --- Step 2, 3, 4: Advanced Optimization Pipeline ---
2026-04-20 23:01:46,302 - =========================================
2026-04-20 23:01:46,302 - BẮT ĐẦU TUYẾN TRÌNH TỐI ƯU (PIPELINE)
2026-04-20 23:01:46,302 - =========================================
2026-04-20 23:01:46,303 - === GIAI ĐOẠN 2: LOCAL SEARCH ĐA TOÁN TỬ | Bắt đầu: 34932.00 ===
2026-04-20 23:01:51,929 -   [LS Iter 1] Cải thiện cost: 34932.00 -> 31041.00
2026-04-20 23:01:57,265 -   [LS Iter 2] Cải thiện cost: 31041.00 -> 30364.00
2026-04-20 23:02:02,058 -   [LS Iter 3] Cải thiện cost: 30364.00 -> 29904.00
2026-04-20 23:02:06,494 -   [LS Iter 4] Cải thiện cost: 29904.00 -> 29800.00
2026-04-20 23:02:10,951 -   [LS Iter 5] Cải thiện cost: 29800.00 -> 29760.00
2026-04-20 23:02:15,237 -   [LS Iter 6] Cải thiện cost: 29760.00 -> 29708.00
2026-04-20 23:02:19,336 -   [LS Iter 7] Cải thiện cost: 29708.00 -> 29684.00
2026-04-20 23:02:23,446 -   [LS Iter 8] Cải thiện cost: 29684.00 -> 29668.00
2026-04-20 23:02:27,613 -   [LS Iter 9] Cải thiện cost: 29668.00 -> 29656.00
2026-04-20 23:02:31,843 -   [LS Iter 10] Cải thiện cost: 29656.00 -> 29645.00
2026-04-20 23:02:36,110 -   [LS Iter 11] Cải thiện cost: 29645.00 -> 29636.00
2026-04-20 23:02:40,334 -   [LS Iter 12] Cải thiện cost: 29636.00 -> 29607.00
2026-04-20 23:02:44,546 -   [LS Iter 13] Cải thiện cost: 29607.00 -> 29598.00
2026-04-20 23:02:48,649 -   [LS Iter 14] Cải thiện cost: 29598.00 -> 29581.00
2026-04-20 23:02:52,537 -   [LS Iter 15] Cải thiện cost: 29581.00 -> 29576.00
2026-04-20 23:02:56,316 -   [LS Iter 16] Cải thiện cost: 29576.00 -> 29572.00
2026-04-20 23:03:00,051 -   [LS Iter 17] Cải thiện cost: 29572.00 -> 29569.00
2026-04-20 23:03:03,888 -   [LS Iter 18] Cải thiện cost: 29569.00 -> 29566.00
2026-04-20 23:03:07,749 -   [LS Iter 19] Cải thiện cost: 29566.00 -> 29557.00
2026-04-20 23:03:11,634 -   [LS Iter 20] Cải thiện cost: 29557.00 -> 29556.00
2026-04-20 23:03:15,507 -   [LS Iter 21] Cải thiện cost: 29556.00 -> 29546.00
2026-04-20 23:03:19,261 -   [LS Iter 22] Cải thiện cost: 29546.00 -> 29524.00
2026-04-20 23:03:23,083 -   [LS Iter 23] Cải thiện cost: 29524.00 -> 29523.00
2026-04-20 23:03:26,876 -   [LS Iter 24] Cải thiện cost: 29523.00 -> 29521.00
2026-04-20 23:03:30,659 -   [LS Iter 25] Cải thiện cost: 29521.00 -> 29520.00
2026-04-20 23:03:34,441 - === KẾT THÚC GIAI ĐOẠN 2 | Đạt cực trị tại: 29520.00 ===
2026-04-20 23:03:34,441 - === BẮT ĐẦU CHẶNG 3: ALNS + GLS | Vòng lặp: 300 | Cost: 29520.00 ===
2026-04-20 23:05:04,820 -   [ALNS Iter 1] Worst Destroy phá vỡ giới hạn -> BEST MỚI: 29467.00
2026-04-20 23:06:12,602 -   [ALNS Iter 3] Worst Destroy phá vỡ giới hạn -> BEST MỚI: 29432.00
2026-04-20 23:06:46,163 -   [ALNS Iter 4] Worst Destroy phá vỡ giới hạn -> BEST MỚI: 29349.00
2026-04-20 23:19:01,608 -   [ALNS Iter 19] Worst Destroy phá vỡ giới hạn -> BEST MỚI: 29339.00
2026-04-20 23:19:26,694 -   [ALNS Iter 20] Worst Destroy phá vỡ giới hạn -> BEST MỚI: 29050.00
2026-04-20 23:21:50,065 - === KẾT THÚC CHẶNG 3 | Cost xuất sắc nhất đạt được: 29050.00 ===
2026-04-20 23:21:50,066 - ======================================================================
2026-04-20 23:21:50,066 - CW Khởi tạo = 34932 → Sau Pipeline = 29050
2026-04-20 23:21:50,066 - Cải thiện so CW: 5882
2026-04-20 23:21:50,066 - Tổng thời gian: 1203.9s
2026-04-20 23:21:50,066 - Verified cost: 29050
2026-04-20 23:21:50,071 - ======================================================================
2026-04-20 23:21:50,071 - FILE: X-n266-k58.vrp
2026-04-20 23:21:50,071 - ======================================================================
2026-04-20 23:21:50,189 - Dim=266 K=58 Cap=35
2026-04-20 23:21:50,190 - --- Step 1: Clarke-Wright Heuristic ---
2026-04-20 23:21:50,485 -   cost=153569 time=0.30s
2026-04-20 23:21:50,485 - --- Step 2, 3, 4: Advanced Optimization Pipeline ---
2026-04-20 23:21:50,486 - =========================================
2026-04-20 23:21:50,486 - BẮT ĐẦU TUYẾN TRÌNH TỐI ƯU (PIPELINE)
2026-04-20 23:21:50,486 - =========================================
2026-04-20 23:21:50,486 - === GIAI ĐOẠN 2: LOCAL SEARCH ĐA TOÁN TỬ | Bắt đầu: 153569.00 ===
2026-04-20 23:21:51,918 -   [LS Iter 1] Cải thiện cost: 153569.00 -> 87883.00
2026-04-20 23:21:53,052 -   [LS Iter 2] Cải thiện cost: 87883.00 -> 83383.00
2026-04-20 23:21:54,140 -   [LS Iter 3] Cải thiện cost: 83383.00 -> 82097.00
2026-04-20 23:21:55,244 -   [LS Iter 4] Cải thiện cost: 82097.00 -> 81794.00
2026-04-20 23:21:56,346 -   [LS Iter 5] Cải thiện cost: 81794.00 -> 81664.00
2026-04-20 23:21:57,433 -   [LS Iter 6] Cải thiện cost: 81664.00 -> 81655.00
2026-04-20 23:21:58,527 - === KẾT THÚC GIAI ĐOẠN 2 | Đạt cực trị tại: 81655.00 ===
2026-04-20 23:21:58,528 - === BẮT ĐẦU CHẶNG 3: ALNS + GLS | Vòng lặp: 300 | Cost: 81655.00 ===
2026-04-20 23:22:02,704 -   [GLS Iter 21] Cập nhật ma trận phạt do kẹt tải trọng liên tục.
2026-04-20 23:22:16,685 -   [GLS Iter 81] Cập nhật ma trận phạt do kẹt tải trọng liên tục.
2026-04-20 23:22:23,370 -   [ALNS Iter 88] Worst Destroy phá vỡ giới hạn -> BEST MỚI: 80462.00
2026-04-20 23:22:31,673 -   [GLS Iter 121] Cập nhật ma trận phạt do kẹt tải trọng liên tục.
2026-04-20 23:22:44,425 -   [GLS Iter 181] Cập nhật ma trận phạt do kẹt tải trọng liên tục.
2026-04-20 23:22:59,275 -   [GLS Iter 241] Cập nhật ma trận phạt do kẹt tải trọng liên tục.
2026-04-20 23:23:10,760 - === KẾT THÚC CHẶNG 3 | Cost xuất sắc nhất đạt được: 80462.00 ===
2026-04-20 23:23:10,760 - === BẮT ĐẦU CHẶNG 4: MAX-SAT CHÍNH XÁC | Cost: 80462.00 ===
2026-04-20 23:23:10,760 -   [GĐ 4.1] Giải bài toán TSP trên từng tuyến đơn...
2026-04-20 23:24:26,315 -     -> Single MaxSAT cải thiện: 1.00. Cost mới: 80461.00
2026-04-20 23:24:26,315 -   [GĐ 4.2] Xét từng cặp tuyến để phân bổ lại khách hàng...
2026-04-20 23:24:26,316 -   --- Pairwise Iter 1 (còn 1044s) ---
2026-04-20 23:25:26,328 -     [P-Timeout 60.0s]
2026-04-20 23:26:26,343 -     [P-Timeout 60.0s]
2026-04-20 23:27:26,356 -     [P-Timeout 60.0s]
2026-04-20 23:28:26,371 -     [P-Timeout 60.0s]
2026-04-20 23:29:26,387 -     [P-Timeout 60.0s]
2026-04-20 23:30:26,408 -     [P-Timeout 60.0s]
2026-04-20 23:31:26,425 -     [P-Timeout 60.0s]
2026-04-20 23:32:26,442 -     [P-Timeout 60.0s]
2026-04-20 23:33:26,456 -     [P-Timeout 60.0s]
2026-04-20 23:34:26,472 -     [P-Timeout 60.0s]
2026-04-20 23:35:26,490 -     [P-Timeout 60.0s]
2026-04-20 23:36:26,510 -     [P-Timeout 60.0s]
2026-04-20 23:37:26,528 -     [P-Timeout 60.0s]
2026-04-20 23:38:26,542 -     [P-Timeout 60.0s]
2026-04-20 23:39:26,565 -     [P-Timeout 60.0s]
2026-04-20 23:40:26,582 -     [P-Timeout 60.0s]
2026-04-20 23:41:26,605 -     [P-Timeout 60.0s]
2026-04-20 23:41:48,489 -     [P-Timeout 21.9s]
2026-04-20 23:41:48,505 -     -> Đã đạt cực trị toàn cục cho mọi cặp dưới ngưỡng. KẾT THÚC CHẶNG 4.
2026-04-20 23:41:48,505 - HOÀN THÀNH PIPELINE. Final cost=80461.00 | Time=1198.0s
2026-04-20 23:41:48,505 - ======================================================================
2026-04-20 23:41:48,506 - CW Khởi tạo = 153569 → Sau Pipeline = 80461
2026-04-20 23:41:48,506 - Cải thiện so CW: 73108
2026-04-20 23:41:48,506 - Tổng thời gian: 1198.3s
2026-04-20 23:41:48,506 - Verified cost: 80461
2026-04-20 23:41:48,508 - ======================================================================
2026-04-20 23:41:48,508 - FILE: X-n270-k35.vrp
2026-04-20 23:41:48,508 - ======================================================================
2026-04-20 23:41:48,620 - Dim=270 K=35 Cap=585
2026-04-20 23:41:48,620 - --- Step 1: Clarke-Wright Heuristic ---
2026-04-20 23:42:31,526 - CW thất bại → fallback K=999
2026-04-20 23:42:31,574 -   cost=66590 time=0.04s
2026-04-20 23:42:31,574 - --- Step 2, 3, 4: Advanced Optimization Pipeline ---
2026-04-20 23:42:31,574 - =========================================
2026-04-20 23:42:31,574 - BẮT ĐẦU TUYẾN TRÌNH TỐI ƯU (PIPELINE)
2026-04-20 23:42:31,574 - =========================================
2026-04-20 23:42:31,575 - === GIAI ĐOẠN 2: LOCAL SEARCH ĐA TOÁN TỬ | Bắt đầu: 66590.00 ===
2026-04-20 23:42:33,988 -   [LS Iter 1] Cải thiện cost: 66590.00 -> 53307.00
2026-04-20 23:42:36,736 -   [LS Iter 2] Cải thiện cost: 53307.00 -> 50948.00
2026-04-20 23:42:39,373 -   [LS Iter 3] Cải thiện cost: 50948.00 -> 49794.00
2026-04-20 23:42:41,983 -   [LS Iter 4] Cải thiện cost: 49794.00 -> 49289.00
2026-04-20 23:42:44,546 -   [LS Iter 5] Cải thiện cost: 49289.00 -> 48766.00
2026-04-20 23:42:47,034 -   [LS Iter 6] Cải thiện cost: 48766.00 -> 48407.00
2026-04-20 23:42:49,576 -   [LS Iter 7] Cải thiện cost: 48407.00 -> 48027.00
2026-04-20 23:42:52,030 -   [LS Iter 8] Cải thiện cost: 48027.00 -> 47414.00
2026-04-20 23:42:54,501 -   [LS Iter 9] Cải thiện cost: 47414.00 -> 47094.00
2026-04-20 23:42:56,942 -   [LS Iter 10] Cải thiện cost: 47094.00 -> 46786.00
2026-04-20 23:42:59,419 -   [LS Iter 11] Cải thiện cost: 46786.00 -> 46413.00
2026-04-20 23:43:01,942 -   [LS Iter 12] Cải thiện cost: 46413.00 -> 46019.00
2026-04-20 23:43:04,414 -   [LS Iter 13] Cải thiện cost: 46019.00 -> 45574.00
2026-04-20 23:43:06,833 -   [LS Iter 14] Cải thiện cost: 45574.00 -> 45289.00
2026-04-20 23:43:09,275 -   [LS Iter 15] Cải thiện cost: 45289.00 -> 44637.00
2026-04-20 23:43:11,739 -   [LS Iter 16] Cải thiện cost: 44637.00 -> 44345.00
2026-04-20 23:43:14,197 -   [LS Iter 17] Cải thiện cost: 44345.00 -> 44074.00
2026-04-20 23:43:16,663 -   [LS Iter 18] Cải thiện cost: 44074.00 -> 43814.00
2026-04-20 23:43:19,098 -   [LS Iter 19] Cải thiện cost: 43814.00 -> 43360.00
2026-04-20 23:43:21,606 -   [LS Iter 20] Cải thiện cost: 43360.00 -> 43000.00
2026-04-20 23:43:24,086 -   [LS Iter 21] Cải thiện cost: 43000.00 -> 42619.00
2026-04-20 23:43:26,512 -   [LS Iter 22] Cải thiện cost: 42619.00 -> 42389.00
2026-04-20 23:43:28,926 -   [LS Iter 23] Cải thiện cost: 42389.00 -> 42163.00
2026-04-20 23:43:31,383 -   [LS Iter 24] Cải thiện cost: 42163.00 -> 41755.00
2026-04-20 23:43:33,720 -   [LS Iter 25] Cải thiện cost: 41755.00 -> 41539.00
2026-04-20 23:43:36,033 -   [LS Iter 26] Cải thiện cost: 41539.00 -> 41325.00
2026-04-20 23:43:38,319 -   [LS Iter 27] Cải thiện cost: 41325.00 -> 41045.00
2026-04-20 23:43:40,622 -   [LS Iter 28] Cải thiện cost: 41045.00 -> 40661.00
2026-04-20 23:43:43,027 -   [LS Iter 29] Cải thiện cost: 40661.00 -> 40006.00
2026-04-20 23:43:45,360 -   [LS Iter 30] Cải thiện cost: 40006.00 -> 39465.00
2026-04-20 23:43:47,682 -   [LS Iter 31] Cải thiện cost: 39465.00 -> 39160.00
2026-04-20 23:43:50,049 -   [LS Iter 32] Cải thiện cost: 39160.00 -> 38988.00
2026-04-20 23:43:52,411 -   [LS Iter 33] Cải thiện cost: 38988.00 -> 38830.00
2026-04-20 23:43:54,776 -   [LS Iter 34] Cải thiện cost: 38830.00 -> 38613.00
2026-04-20 23:43:57,120 -   [LS Iter 35] Cải thiện cost: 38613.00 -> 38525.00
2026-04-20 23:43:59,466 -   [LS Iter 36] Cải thiện cost: 38525.00 -> 38442.00
2026-04-20 23:44:01,821 -   [LS Iter 37] Cải thiện cost: 38442.00 -> 38371.00
2026-04-20 23:44:04,143 -   [LS Iter 38] Cải thiện cost: 38371.00 -> 38261.00
2026-04-20 23:44:06,477 -   [LS Iter 39] Cải thiện cost: 38261.00 -> 38169.00
2026-04-20 23:44:08,775 -   [LS Iter 40] Cải thiện cost: 38169.00 -> 37939.00
2026-04-20 23:44:11,045 -   [LS Iter 41] Cải thiện cost: 37939.00 -> 37739.00
2026-04-20 23:44:13,293 -   [LS Iter 42] Cải thiện cost: 37739.00 -> 37431.00
2026-04-20 23:44:15,508 -   [LS Iter 43] Cải thiện cost: 37431.00 -> 37353.00
2026-04-20 23:44:17,740 -   [LS Iter 44] Cải thiện cost: 37353.00 -> 37334.00
2026-04-20 23:44:19,960 -   [LS Iter 45] Cải thiện cost: 37334.00 -> 37309.00
2026-04-20 23:44:22,147 -   [LS Iter 46] Cải thiện cost: 37309.00 -> 37292.00
2026-04-20 23:44:24,311 -   [LS Iter 47] Cải thiện cost: 37292.00 -> 37285.00
2026-04-20 23:44:26,456 -   [LS Iter 48] Cải thiện cost: 37285.00 -> 37252.00
2026-04-20 23:44:28,563 -   [LS Iter 49] Cải thiện cost: 37252.00 -> 37193.00
2026-04-20 23:44:30,696 -   [LS Iter 50] Cải thiện cost: 37193.00 -> 37151.00
2026-04-20 23:44:32,807 - === KẾT THÚC GIAI ĐOẠN 2 | Đạt cực trị tại: 37151.00 ===
2026-04-20 23:44:32,807 - === BẮT ĐẦU CHẶNG 3: ALNS + GLS | Vòng lặp: 300 | Cost: 37151.00 ===
2026-04-20 23:45:02,506 -   [ALNS Iter 2] Related Destroy phá vỡ giới hạn -> BEST MỚI: 36947.00
2026-04-20 23:45:46,970 -   [ALNS Iter 7] Related Destroy phá vỡ giới hạn -> BEST MỚI: 36859.00
2026-04-20 23:47:20,866 -   [ALNS Iter 16] Related Destroy phá vỡ giới hạn -> BEST MỚI: 36858.00
2026-04-20 23:49:41,362 -   [ALNS Iter 28] Related Destroy phá vỡ giới hạn -> BEST MỚI: 36839.00
2026-04-20 23:49:49,355 -   [ALNS Iter 29] Worst Destroy phá vỡ giới hạn -> BEST MỚI: 36562.00
2026-04-20 23:52:08,891 -   [GLS Iter 41] Cập nhật ma trận phạt để thay đổi hướng đi.
2026-04-21 00:02:32,888 -   [GLS Iter 101] Cập nhật ma trận phạt để thay đổi hướng đi.
2026-04-21 00:02:32,888 - === KẾT THÚC CHẶNG 3 | Cost xuất sắc nhất đạt được: 36562.00 ===
2026-04-21 00:02:32,888 - ======================================================================
2026-04-21 00:02:32,889 - CW Khởi tạo = 66590 → Sau Pipeline = 36562
2026-04-21 00:02:32,889 - Cải thiện so CW: 30028
2026-04-21 00:02:32,889 - Tổng thời gian: 1201.4s
2026-04-21 00:02:32,889 - Verified cost: 36562
2026-04-21 00:02:32,894 - ======================================================================
2026-04-21 00:02:32,894 - FILE: X-n275-k28.vrp
2026-04-21 00:02:32,894 - ======================================================================
2026-04-21 00:02:33,020 - Dim=275 K=28 Cap=10
2026-04-21 00:02:33,020 - --- Step 1: Clarke-Wright Heuristic ---
2026-04-21 00:02:33,113 -   cost=27338 time=0.09s
2026-04-21 00:02:33,113 - --- Step 2, 3, 4: Advanced Optimization Pipeline ---
2026-04-21 00:02:33,113 - =========================================
2026-04-21 00:02:33,113 - BẮT ĐẦU TUYẾN TRÌNH TỐI ƯU (PIPELINE)
2026-04-21 00:02:33,114 - =========================================
2026-04-21 00:02:33,114 - === GIAI ĐOẠN 2: LOCAL SEARCH ĐA TOÁN TỬ | Bắt đầu: 27338.00 ===
2026-04-21 00:02:36,627 -   [LS Iter 1] Cải thiện cost: 27338.00 -> 23459.00
2026-04-21 00:02:39,874 -   [LS Iter 2] Cải thiện cost: 23459.00 -> 22952.00
2026-04-21 00:02:43,082 -   [LS Iter 3] Cải thiện cost: 22952.00 -> 22802.00
2026-04-21 00:02:46,248 -   [LS Iter 4] Cải thiện cost: 22802.00 -> 22769.00
2026-04-21 00:02:49,393 -   [LS Iter 5] Cải thiện cost: 22769.00 -> 22747.00
2026-04-21 00:02:52,572 -   [LS Iter 6] Cải thiện cost: 22747.00 -> 22729.00
2026-04-21 00:02:55,707 -   [LS Iter 7] Cải thiện cost: 22729.00 -> 22709.00
2026-04-21 00:02:58,831 -   [LS Iter 8] Cải thiện cost: 22709.00 -> 22698.00
2026-04-21 00:03:01,920 -   [LS Iter 9] Cải thiện cost: 22698.00 -> 22669.00
2026-04-21 00:03:05,009 -   [LS Iter 10] Cải thiện cost: 22669.00 -> 22658.00
2026-04-21 00:03:08,175 -   [LS Iter 11] Cải thiện cost: 22658.00 -> 22627.00
2026-04-21 00:03:11,369 -   [LS Iter 12] Cải thiện cost: 22627.00 -> 22601.00
2026-04-21 00:03:14,556 - === KẾT THÚC GIAI ĐOẠN 2 | Đạt cực trị tại: 22601.00 ===
2026-04-21 00:03:14,557 - === BẮT ĐẦU CHẶNG 3: ALNS + GLS | Vòng lặp: 300 | Cost: 22601.00 ===
2026-04-21 00:03:37,096 -   [ALNS Iter 2] Worst Destroy phá vỡ giới hạn -> BEST MỚI: 22277.00
2026-04-21 00:04:00,106 -   [ALNS Iter 4] Worst Destroy phá vỡ giới hạn -> BEST MỚI: 22045.00
2026-04-21 00:04:15,615 -   [ALNS Iter 5] Related Destroy phá vỡ giới hạn -> BEST MỚI: 22005.00
2026-04-21 00:10:15,377 -   [ALNS Iter 28] Related Destroy phá vỡ giới hạn -> BEST MỚI: 21981.00
2026-04-21 00:11:15,563 -   [ALNS Iter 33] Worst Destroy phá vỡ giới hạn -> BEST MỚI: 21951.00
2026-04-21 00:22:36,093 -   [GLS Iter 81] Cập nhật ma trận phạt để thay đổi hướng đi.
2026-04-21 00:22:36,094 - === KẾT THÚC CHẶNG 3 | Cost xuất sắc nhất đạt được: 21951.00 ===
2026-04-21 00:22:36,094 - ======================================================================
2026-04-21 00:22:36,094 - CW Khởi tạo = 27338 → Sau Pipeline = 21951
2026-04-21 00:22:36,094 - Cải thiện so CW: 5387
2026-04-21 00:22:36,094 - Tổng thời gian: 1203.1s
2026-04-21 00:22:36,094 - Verified cost: 21951
2026-04-21 00:22:36,099 - ======================================================================
2026-04-21 00:22:36,099 - FILE: X-n280-k17.vrp
2026-04-21 00:22:36,099 - ======================================================================
2026-04-21 00:22:36,230 - Dim=280 K=17 Cap=192
2026-04-21 00:22:36,230 - --- Step 1: Clarke-Wright Heuristic ---
2026-04-21 00:22:36,345 -   cost=46254 time=0.11s
2026-04-21 00:22:36,345 - --- Step 2, 3, 4: Advanced Optimization Pipeline ---
2026-04-21 00:22:36,345 - =========================================
2026-04-21 00:22:36,345 - BẮT ĐẦU TUYẾN TRÌNH TỐI ƯU (PIPELINE)
2026-04-21 00:22:36,345 - =========================================
2026-04-21 00:22:36,345 - === GIAI ĐOẠN 2: LOCAL SEARCH ĐA TOÁN TỬ | Bắt đầu: 46254.00 ===
2026-04-21 00:22:41,599 -   [LS Iter 1] Cải thiện cost: 46254.00 -> 39519.00
2026-04-21 00:22:46,343 -   [LS Iter 2] Cải thiện cost: 39519.00 -> 38372.00
2026-04-21 00:22:50,607 -   [LS Iter 3] Cải thiện cost: 38372.00 -> 38108.00
2026-04-21 00:22:54,876 -   [LS Iter 4] Cải thiện cost: 38108.00 -> 37983.00
2026-04-21 00:22:59,150 -   [LS Iter 5] Cải thiện cost: 37983.00 -> 37936.00
2026-04-21 00:23:03,260 -   [LS Iter 6] Cải thiện cost: 37936.00 -> 37890.00
2026-04-21 00:23:07,305 -   [LS Iter 7] Cải thiện cost: 37890.00 -> 37879.00
2026-04-21 00:23:11,366 -   [LS Iter 8] Cải thiện cost: 37879.00 -> 37867.00
2026-04-21 00:23:15,356 -   [LS Iter 9] Cải thiện cost: 37867.00 -> 37841.00
2026-04-21 00:23:19,591 -   [LS Iter 10] Cải thiện cost: 37841.00 -> 37829.00
2026-04-21 00:23:23,679 -   [LS Iter 11] Cải thiện cost: 37829.00 -> 37805.00
2026-04-21 00:23:27,681 -   [LS Iter 12] Cải thiện cost: 37805.00 -> 37794.00
2026-04-21 00:23:31,685 -   [LS Iter 13] Cải thiện cost: 37794.00 -> 37777.00
2026-04-21 00:23:35,787 -   [LS Iter 14] Cải thiện cost: 37777.00 -> 37767.00
2026-04-21 00:23:39,936 -   [LS Iter 15] Cải thiện cost: 37767.00 -> 37718.00
2026-04-21 00:23:43,875 -   [LS Iter 16] Cải thiện cost: 37718.00 -> 37710.00
2026-04-21 00:23:47,797 -   [LS Iter 17] Cải thiện cost: 37710.00 -> 37703.00
2026-04-21 00:23:51,768 -   [LS Iter 18] Cải thiện cost: 37703.00 -> 37698.00
2026-04-21 00:23:55,698 -   [LS Iter 19] Cải thiện cost: 37698.00 -> 37666.00
2026-04-21 00:23:59,809 -   [LS Iter 20] Cải thiện cost: 37666.00 -> 37659.00
2026-04-21 00:24:03,971 -   [LS Iter 21] Cải thiện cost: 37659.00 -> 37549.00
2026-04-21 00:24:08,124 -   [LS Iter 22] Cải thiện cost: 37549.00 -> 37523.00
2026-04-21 00:24:12,152 -   [LS Iter 23] Cải thiện cost: 37523.00 -> 37506.00
2026-04-21 00:24:16,266 -   [LS Iter 24] Cải thiện cost: 37506.00 -> 37504.00
2026-04-21 00:24:20,266 -   [LS Iter 25] Cải thiện cost: 37504.00 -> 37439.00
2026-04-21 00:24:24,275 -   [LS Iter 26] Cải thiện cost: 37439.00 -> 37426.00
2026-04-21 00:24:28,386 -   [LS Iter 27] Cải thiện cost: 37426.00 -> 37375.00
2026-04-21 00:24:32,518 -   [LS Iter 28] Cải thiện cost: 37375.00 -> 37361.00
2026-04-21 00:24:36,655 -   [LS Iter 29] Cải thiện cost: 37361.00 -> 37345.00
2026-04-21 00:24:40,905 -   [LS Iter 30] Cải thiện cost: 37345.00 -> 37334.00
2026-04-21 00:24:45,090 -   [LS Iter 31] Cải thiện cost: 37334.00 -> 37284.00
2026-04-21 00:24:49,398 -   [LS Iter 32] Cải thiện cost: 37284.00 -> 37227.00
2026-04-21 00:24:53,630 -   [LS Iter 33] Cải thiện cost: 37227.00 -> 37225.00
2026-04-21 00:24:57,822 - === KẾT THÚC GIAI ĐOẠN 2 | Đạt cực trị tại: 37225.00 ===
2026-04-21 00:24:57,822 - === BẮT ĐẦU CHẶNG 3: ALNS + GLS | Vòng lặp: 300 | Cost: 37225.00 ===
2026-04-21 00:25:23,536 -   [ALNS Iter 1] Random Destroy phá vỡ giới hạn -> BEST MỚI: 37061.00
2026-04-21 00:25:44,353 -   [ALNS Iter 3] Random Destroy phá vỡ giới hạn -> BEST MỚI: 36904.00
2026-04-21 00:26:01,785 -   [ALNS Iter 4] Random Destroy phá vỡ giới hạn -> BEST MỚI: 36870.00
2026-04-21 00:27:07,594 -   [ALNS Iter 5] Random Destroy phá vỡ giới hạn -> BEST MỚI: 36674.00
2026-04-21 00:34:47,191 -   [ALNS Iter 26] Random Destroy phá vỡ giới hạn -> BEST MỚI: 36481.00
2026-04-21 00:38:09,462 -   [ALNS Iter 38] Related Destroy phá vỡ giới hạn -> BEST MỚI: 36401.00
2026-04-21 00:38:40,974 -   [ALNS Iter 39] Random Destroy phá vỡ giới hạn -> BEST MỚI: 36309.00
2026-04-21 00:39:26,914 -   [ALNS Iter 43] Random Destroy phá vỡ giới hạn -> BEST MỚI: 36063.00
2026-04-21 00:39:30,758 -   [ALNS Iter 44] Random Destroy phá vỡ giới hạn -> BEST MỚI: 36061.00
2026-04-21 00:42:36,761 - === KẾT THÚC CHẶNG 3 | Cost xuất sắc nhất đạt được: 36061.00 ===
2026-04-21 00:42:36,762 - ======================================================================
2026-04-21 00:42:36,762 - CW Khởi tạo = 46254 → Sau Pipeline = 36061
2026-04-21 00:42:36,762 - Cải thiện so CW: 10193
2026-04-21 00:42:36,762 - Tổng thời gian: 1200.5s
2026-04-21 00:42:36,762 - Verified cost: 36061
2026-04-21 00:42:36,767 - ======================================================================
2026-04-21 00:42:36,767 - FILE: X-n284-k15.vrp
2026-04-21 00:42:36,767 - ======================================================================
2026-04-21 00:42:36,900 - Dim=284 K=15 Cap=109
2026-04-21 00:42:36,901 - --- Step 1: Clarke-Wright Heuristic ---
2026-04-21 00:42:37,017 -   cost=26852 time=0.12s
2026-04-21 00:42:37,017 - --- Step 2, 3, 4: Advanced Optimization Pipeline ---
2026-04-21 00:42:37,017 - =========================================
2026-04-21 00:42:37,017 - BẮT ĐẦU TUYẾN TRÌNH TỐI ƯU (PIPELINE)
2026-04-21 00:42:37,017 - =========================================
2026-04-21 00:42:37,018 - === GIAI ĐOẠN 2: LOCAL SEARCH ĐA TOÁN TỬ | Bắt đầu: 26852.00 ===
2026-04-21 00:42:43,421 -   [LS Iter 1] Cải thiện cost: 26852.00 -> 23594.00
2026-04-21 00:42:49,196 -   [LS Iter 2] Cải thiện cost: 23594.00 -> 23274.00
2026-04-21 00:42:55,079 -   [LS Iter 3] Cải thiện cost: 23274.00 -> 22932.00
2026-04-21 00:43:01,155 -   [LS Iter 4] Cải thiện cost: 22932.00 -> 22715.00
2026-04-21 00:43:07,135 -   [LS Iter 5] Cải thiện cost: 22715.00 -> 22651.00
2026-04-21 00:43:13,269 -   [LS Iter 6] Cải thiện cost: 22651.00 -> 22579.00
2026-04-21 00:43:19,320 -   [LS Iter 7] Cải thiện cost: 22579.00 -> 22511.00
2026-04-21 00:43:25,294 -   [LS Iter 8] Cải thiện cost: 22511.00 -> 22479.00
2026-04-21 00:43:31,159 -   [LS Iter 9] Cải thiện cost: 22479.00 -> 22455.00
2026-04-21 00:43:36,908 -   [LS Iter 10] Cải thiện cost: 22455.00 -> 22439.00
2026-04-21 00:43:42,442 -   [LS Iter 11] Cải thiện cost: 22439.00 -> 22423.00
2026-04-21 00:43:47,933 -   [LS Iter 12] Cải thiện cost: 22423.00 -> 22399.00
2026-04-21 00:43:53,395 -   [LS Iter 13] Cải thiện cost: 22399.00 -> 22387.00
2026-04-21 00:43:58,763 -   [LS Iter 14] Cải thiện cost: 22387.00 -> 22377.00
2026-04-21 00:44:04,112 -   [LS Iter 15] Cải thiện cost: 22377.00 -> 22365.00
2026-04-21 00:44:09,323 -   [LS Iter 16] Cải thiện cost: 22365.00 -> 22356.00
2026-04-21 00:44:14,449 -   [LS Iter 17] Cải thiện cost: 22356.00 -> 22332.00
2026-04-21 00:44:19,531 -   [LS Iter 18] Cải thiện cost: 22332.00 -> 22306.00
2026-04-21 00:44:25,066 -   [LS Iter 19] Cải thiện cost: 22306.00 -> 22296.00
2026-04-21 00:44:30,535 -   [LS Iter 20] Cải thiện cost: 22296.00 -> 22271.00
2026-04-21 00:44:35,768 -   [LS Iter 21] Cải thiện cost: 22271.00 -> 22265.00
2026-04-21 00:44:40,833 -   [LS Iter 22] Cải thiện cost: 22265.00 -> 22259.00
2026-04-21 00:44:46,062 -   [LS Iter 23] Cải thiện cost: 22259.00 -> 22243.00
2026-04-21 00:44:51,247 -   [LS Iter 24] Cải thiện cost: 22243.00 -> 22223.00
2026-04-21 00:44:56,298 -   [LS Iter 25] Cải thiện cost: 22223.00 -> 22204.00
2026-04-21 00:45:01,303 -   [LS Iter 26] Cải thiện cost: 22204.00 -> 22199.00
2026-04-21 00:45:06,542 -   [LS Iter 27] Cải thiện cost: 22199.00 -> 22183.00
2026-04-21 00:45:11,574 -   [LS Iter 28] Cải thiện cost: 22183.00 -> 22181.00
2026-04-21 00:45:16,459 -   [LS Iter 29] Cải thiện cost: 22181.00 -> 22179.00
2026-04-21 00:45:21,175 - === KẾT THÚC GIAI ĐOẠN 2 | Đạt cực trị tại: 22179.00 ===
2026-04-21 00:45:21,175 - === BẮT ĐẦU CHẶNG 3: ALNS + GLS | Vòng lặp: 300 | Cost: 22179.00 ===
2026-04-21 00:55:22,995 -   [ALNS Iter 16] Random Destroy phá vỡ giới hạn -> BEST MỚI: 22162.00
2026-04-21 01:02:37,194 - === KẾT THÚC CHẶNG 3 | Cost xuất sắc nhất đạt được: 22162.00 ===
2026-04-21 01:02:37,194 - ======================================================================
2026-04-21 01:02:37,194 - CW Khởi tạo = 26852 → Sau Pipeline = 22162
2026-04-21 01:02:37,194 - Cải thiện so CW: 4690
2026-04-21 01:02:37,194 - Tổng thời gian: 1200.3s
2026-04-21 01:02:37,194 - Verified cost: 22162
2026-04-21 01:02:37,199 - ======================================================================
2026-04-21 01:02:37,199 - FILE: X-n289-k60.vrp
2026-04-21 01:02:37,199 - ======================================================================
2026-04-21 01:02:37,332 - Dim=289 K=60 Cap=267
2026-04-21 01:02:37,333 - --- Step 1: Clarke-Wright Heuristic ---
2026-04-21 01:02:37,883 -   cost=201906 time=0.55s
2026-04-21 01:02:37,883 - --- Step 2, 3, 4: Advanced Optimization Pipeline ---
2026-04-21 01:02:37,884 - =========================================
2026-04-21 01:02:37,884 - BẮT ĐẦU TUYẾN TRÌNH TỐI ƯU (PIPELINE)
2026-04-21 01:02:37,884 - =========================================
2026-04-21 01:02:37,884 - === GIAI ĐOẠN 2: LOCAL SEARCH ĐA TOÁN TỬ | Bắt đầu: 201906.00 ===
2026-04-21 01:02:39,270 -   [LS Iter 1] Cải thiện cost: 201906.00 -> 123407.00
2026-04-21 01:02:40,619 -   [LS Iter 2] Cải thiện cost: 123407.00 -> 115096.00
2026-04-21 01:02:41,911 -   [LS Iter 3] Cải thiện cost: 115096.00 -> 112084.00
2026-04-21 01:02:43,232 -   [LS Iter 4] Cải thiện cost: 112084.00 -> 110227.00
2026-04-21 01:02:44,537 -   [LS Iter 5] Cải thiện cost: 110227.00 -> 109231.00
2026-04-21 01:02:45,834 -   [LS Iter 6] Cải thiện cost: 109231.00 -> 108947.00
2026-04-21 01:02:47,150 -   [LS Iter 7] Cải thiện cost: 108947.00 -> 108878.00
2026-04-21 01:02:48,442 -   [LS Iter 8] Cải thiện cost: 108878.00 -> 108758.00
2026-04-21 01:02:49,742 -   [LS Iter 9] Cải thiện cost: 108758.00 -> 108641.00
2026-04-21 01:02:51,052 -   [LS Iter 10] Cải thiện cost: 108641.00 -> 108542.00
2026-04-21 01:02:52,352 - === KẾT THÚC GIAI ĐOẠN 2 | Đạt cực trị tại: 108542.00 ===
2026-04-21 01:02:52,353 - === BẮT ĐẦU CHẶNG 3: ALNS + GLS | Vòng lặp: 300 | Cost: 108542.00 ===
2026-04-21 01:02:56,921 -   [GLS Iter 21] Cập nhật ma trận phạt do kẹt tải trọng liên tục.
2026-04-21 01:03:11,265 -   [GLS Iter 81] Cập nhật ma trận phạt do kẹt tải trọng liên tục.
2026-04-21 01:03:26,209 -   [GLS Iter 141] Cập nhật ma trận phạt do kẹt tải trọng liên tục.
2026-04-21 01:03:43,403 -   [GLS Iter 201] Cập nhật ma trận phạt do kẹt tải trọng liên tục.
2026-04-21 01:03:58,053 -   [GLS Iter 261] Cập nhật ma trận phạt do kẹt tải trọng liên tục.
2026-04-21 01:04:07,241 - === KẾT THÚC CHẶNG 3 | Cost xuất sắc nhất đạt được: 108542.00 ===
2026-04-21 01:04:07,242 - === BẮT ĐẦU CHẶNG 4: MAX-SAT CHÍNH XÁC | Cost: 108542.00 ===
2026-04-21 01:04:07,242 -   [GĐ 4.1] Giải bài toán TSP trên từng tuyến đơn...
2026-04-21 01:04:47,246 -     [S-Timeout 40.0s]
2026-04-21 01:05:27,262 -     [S-Timeout 40.0s]
2026-04-21 01:06:07,292 -     [S-Timeout 40.0s]
2026-04-21 01:06:47,321 -     [S-Timeout 40.0s]
2026-04-21 01:07:27,618 -     [S-Timeout 40.0s]
2026-04-21 01:08:18,841 -     [S-Timeout 40.0s]
2026-04-21 01:09:39,082 -     [S-Timeout 40.0s]
2026-04-21 01:10:21,982 -     [S-Timeout 40.0s]
2026-04-21 01:11:02,029 -     [S-Timeout 40.0s]
2026-04-21 01:11:56,609 -     [S-Timeout 40.0s]
2026-04-21 01:12:36,304 -   [GĐ 4.2] Xét từng cặp tuyến để phân bổ lại khách hàng...
2026-04-21 01:12:36,305 -   --- Pairwise Iter 1 (còn 602s) ---
2026-04-21 01:13:36,319 -     [P-Timeout 60.0s]
2026-04-21 01:14:36,348 -     [P-Timeout 60.0s]
2026-04-21 01:15:36,378 -     [P-Timeout 60.0s]
2026-04-21 01:16:36,392 -     [P-Timeout 60.0s]
2026-04-21 01:17:36,409 -     [P-Timeout 60.0s]
2026-04-21 01:18:36,428 -     [P-Timeout 60.0s]
2026-04-21 01:19:36,441 -     [P-Timeout 60.0s]
2026-04-21 01:20:36,454 -     [P-Timeout 60.0s]
2026-04-21 01:21:36,471 -     [P-Timeout 60.0s]
2026-04-21 01:22:35,887 -     [P-Timeout 59.4s]
2026-04-21 01:22:35,914 -     -> Đã đạt cực trị toàn cục cho mọi cặp dưới ngưỡng. KẾT THÚC CHẶNG 4.
2026-04-21 01:22:35,914 - HOÀN THÀNH PIPELINE. Final cost=108542.00 | Time=1198.0s
2026-04-21 01:22:35,915 - ======================================================================
2026-04-21 01:22:35,915 - CW Khởi tạo = 201906 → Sau Pipeline = 108542
2026-04-21 01:22:35,915 - Cải thiện so CW: 93364
2026-04-21 01:22:35,915 - Tổng thời gian: 1198.6s
2026-04-21 01:22:35,915 - Verified cost: 108542
2026-04-21 01:22:35,921 - ======================================================================
2026-04-21 01:22:35,921 - FILE: X-n294-k50.vrp
2026-04-21 01:22:35,921 - ======================================================================
2026-04-21 01:22:36,049 - Dim=294 K=50 Cap=285
2026-04-21 01:22:36,049 - --- Step 1: Clarke-Wright Heuristic ---
2026-04-21 01:22:36,532 -   cost=164029 time=0.48s
2026-04-21 01:22:36,532 - --- Step 2, 3, 4: Advanced Optimization Pipeline ---
2026-04-21 01:22:36,533 - =========================================
2026-04-21 01:22:36,533 - BẮT ĐẦU TUYẾN TRÌNH TỐI ƯU (PIPELINE)
2026-04-21 01:22:36,533 - =========================================
2026-04-21 01:22:36,533 - === GIAI ĐOẠN 2: LOCAL SEARCH ĐA TOÁN TỬ | Bắt đầu: 164029.00 ===
2026-04-21 01:22:38,671 -   [LS Iter 1] Cải thiện cost: 164029.00 -> 78762.00
2026-04-21 01:22:40,487 -   [LS Iter 2] Cải thiện cost: 78762.00 -> 64841.00
2026-04-21 01:22:42,114 -   [LS Iter 3] Cải thiện cost: 64841.00 -> 60113.00
2026-04-21 01:22:43,739 -   [LS Iter 4] Cải thiện cost: 60113.00 -> 57977.00
2026-04-21 01:22:45,318 -   [LS Iter 5] Cải thiện cost: 57977.00 -> 56723.00
2026-04-21 01:22:46,900 -   [LS Iter 6] Cải thiện cost: 56723.00 -> 56098.00
2026-04-21 01:22:48,490 -   [LS Iter 7] Cải thiện cost: 56098.00 -> 55719.00
2026-04-21 01:22:50,066 -   [LS Iter 8] Cải thiện cost: 55719.00 -> 55546.00
2026-04-21 01:22:51,712 -   [LS Iter 9] Cải thiện cost: 55546.00 -> 54807.00
2026-04-21 01:22:53,279 -   [LS Iter 10] Cải thiện cost: 54807.00 -> 54538.00
2026-04-21 01:22:54,869 -   [LS Iter 11] Cải thiện cost: 54538.00 -> 54239.00
2026-04-21 01:22:56,438 - === KẾT THÚC GIAI ĐOẠN 2 | Đạt cực trị tại: 54239.00 ===
2026-04-21 01:22:56,438 - === BẮT ĐẦU CHẶNG 3: ALNS + GLS | Vòng lặp: 300 | Cost: 54239.00 ===
2026-04-21 01:23:01,879 -   [GLS Iter 21] Cập nhật ma trận phạt do kẹt tải trọng liên tục.
2026-04-21 01:23:26,780 -   [ALNS Iter 39] Related Destroy phá vỡ giới hạn -> BEST MỚI: 53138.00
2026-04-21 01:23:48,157 -   [ALNS Iter 68] Related Destroy phá vỡ giới hạn -> BEST MỚI: 51999.00
2026-04-21 01:24:08,075 -   [GLS Iter 101] Cập nhật ma trận phạt do kẹt tải trọng liên tục.
2026-04-21 01:24:24,060 -   [GLS Iter 161] Cập nhật ma trận phạt do kẹt tải trọng liên tục.
2026-04-21 01:25:11,981 -   [ALNS Iter 217] Related Destroy phá vỡ giới hạn -> BEST MỚI: 51995.00
2026-04-21 01:25:15,800 -   [GLS Iter 241] Cập nhật ma trận phạt do kẹt tải trọng liên tục.
2026-04-21 01:25:38,300 -   [ALNS Iter 277] Related Destroy phá vỡ giới hạn -> BEST MỚI: 51976.00
2026-04-21 01:25:51,224 - === KẾT THÚC CHẶNG 3 | Cost xuất sắc nhất đạt được: 51976.00 ===
2026-04-21 01:25:51,224 - === BẮT ĐẦU CHẶNG 4: MAX-SAT CHÍNH XÁC | Cost: 51976.00 ===
2026-04-21 01:25:51,225 -   [GĐ 4.1] Giải bài toán TSP trên từng tuyến đơn...
2026-04-21 01:26:31,228 -     [S-Timeout 40.0s]
2026-04-21 01:27:11,242 -     [S-Timeout 40.0s]
2026-04-21 01:27:51,254 -     [S-Timeout 40.0s]
2026-04-21 01:28:32,441 -     [S-Timeout 40.0s]
2026-04-21 01:29:12,629 -     [S-Timeout 40.0s]
2026-04-21 01:29:52,642 -     [S-Timeout 40.0s]
2026-04-21 01:30:32,675 -     [S-Timeout 40.0s]
2026-04-21 01:31:31,607 -     [S-Timeout 40.0s]
2026-04-21 01:32:27,942 -     [S-Timeout 40.0s]
2026-04-21 01:33:16,557 -     [S-Timeout 40.0s]
2026-04-21 01:33:56,699 -     [S-Timeout 40.0s]
2026-04-21 01:35:37,057 -     [S-Timeout 40.0s]
2026-04-21 01:36:23,111 -     [S-Timeout 40.0s]
2026-04-21 01:36:32,104 -   [GĐ 4.2] Xét từng cặp tuyến để phân bổ lại khách hàng...
2026-04-21 01:36:32,104 -   --- Pairwise Iter 1 (còn 364s) ---
2026-04-21 01:37:32,117 -     [P-Timeout 60.0s]
2026-04-21 01:38:32,135 -     [P-Timeout 60.0s]
2026-04-21 01:39:32,153 -     [P-Timeout 60.0s]
2026-04-21 01:40:32,168 -     [P-Timeout 60.0s]
2026-04-21 01:41:32,187 -     [P-Timeout 60.0s]
2026-04-21 01:42:32,214 -     [P-Timeout 60.0s]
2026-04-21 01:42:34,536 -     [P-Timeout 2.3s]
2026-04-21 01:42:34,549 -     -> Đã đạt cực trị toàn cục cho mọi cặp dưới ngưỡng. KẾT THÚC CHẶNG 4.
2026-04-21 01:42:34,549 - HOÀN THÀNH PIPELINE. Final cost=51976.00 | Time=1198.0s
2026-04-21 01:42:34,549 - ======================================================================
2026-04-21 01:42:34,549 - CW Khởi tạo = 164029 → Sau Pipeline = 51976
2026-04-21 01:42:34,549 - Cải thiện so CW: 112053
2026-04-21 01:42:34,549 - Tổng thời gian: 1198.5s
2026-04-21 01:42:34,549 - Verified cost: 51976
2026-04-21 01:42:34,555 - ======================================================================
2026-04-21 01:42:34,555 - FILE: X-n298-k31.vrp
2026-04-21 01:42:34,555 - ======================================================================
2026-04-21 01:42:34,700 - Dim=298 K=31 Cap=55
2026-04-21 01:42:34,700 - --- Step 1: Clarke-Wright Heuristic ---
2026-04-21 01:42:34,824 -   cost=47798 time=0.12s
2026-04-21 01:42:34,824 - --- Step 2, 3, 4: Advanced Optimization Pipeline ---
2026-04-21 01:42:34,824 - =========================================
2026-04-21 01:42:34,824 - BẮT ĐẦU TUYẾN TRÌNH TỐI ƯU (PIPELINE)
2026-04-21 01:42:34,825 - =========================================
2026-04-21 01:42:34,825 - === GIAI ĐOẠN 2: LOCAL SEARCH ĐA TOÁN TỬ | Bắt đầu: 47798.00 ===
2026-04-21 01:42:37,659 -   [LS Iter 1] Cải thiện cost: 47798.00 -> 40766.00
2026-04-21 01:42:40,135 -   [LS Iter 2] Cải thiện cost: 40766.00 -> 39609.00
2026-04-21 01:42:42,628 -   [LS Iter 3] Cải thiện cost: 39609.00 -> 38701.00
2026-04-21 01:42:45,103 -   [LS Iter 4] Cải thiện cost: 38701.00 -> 38342.00
2026-04-21 01:42:47,595 -   [LS Iter 5] Cải thiện cost: 38342.00 -> 38181.00
2026-04-21 01:42:50,045 -   [LS Iter 6] Cải thiện cost: 38181.00 -> 38137.00
2026-04-21 01:42:52,564 -   [LS Iter 7] Cải thiện cost: 38137.00 -> 38091.00
2026-04-21 01:42:55,032 -   [LS Iter 8] Cải thiện cost: 38091.00 -> 38041.00
2026-04-21 01:42:57,519 -   [LS Iter 9] Cải thiện cost: 38041.00 -> 38017.00
2026-04-21 01:42:59,974 -   [LS Iter 10] Cải thiện cost: 38017.00 -> 37981.00
2026-04-21 01:43:02,435 -   [LS Iter 11] Cải thiện cost: 37981.00 -> 37967.00
2026-04-21 01:43:04,879 -   [LS Iter 12] Cải thiện cost: 37967.00 -> 37926.00
2026-04-21 01:43:07,357 -   [LS Iter 13] Cải thiện cost: 37926.00 -> 37905.00
2026-04-21 01:43:09,798 -   [LS Iter 14] Cải thiện cost: 37905.00 -> 37896.00
2026-04-21 01:43:12,254 -   [LS Iter 15] Cải thiện cost: 37896.00 -> 37888.00
2026-04-21 01:43:14,713 - === KẾT THÚC GIAI ĐOẠN 2 | Đạt cực trị tại: 37888.00 ===
2026-04-21 01:43:14,713 - === BẮT ĐẦU CHẶNG 3: ALNS + GLS | Vòng lặp: 300 | Cost: 37888.00 ===
2026-04-21 01:43:49,327 -   [ALNS Iter 2] Related Destroy phá vỡ giới hạn -> BEST MỚI: 37376.00
2026-04-21 01:44:46,611 -   [ALNS Iter 6] Related Destroy phá vỡ giới hạn -> BEST MỚI: 37256.00
2026-04-21 01:44:59,078 -   [ALNS Iter 8] Related Destroy phá vỡ giới hạn -> BEST MỚI: 37141.00
2026-04-21 01:45:21,510 -   [ALNS Iter 10] Related Destroy phá vỡ giới hạn -> BEST MỚI: 36626.00
2026-04-21 01:59:50,383 -   [GLS Iter 61] Cập nhật ma trận phạt để thay đổi hướng đi.
2026-04-21 02:02:36,485 - === KẾT THÚC CHẶNG 3 | Cost xuất sắc nhất đạt được: 36626.00 ===
2026-04-21 02:02:36,485 - ======================================================================
2026-04-21 02:02:36,485 - CW Khởi tạo = 47798 → Sau Pipeline = 36626
2026-04-21 02:02:36,485 - Cải thiện so CW: 11172
2026-04-21 02:02:36,485 - Tổng thời gian: 1201.8s
2026-04-21 02:02:36,485 - Verified cost: 36626
2026-04-21 02:02:36,491 - ======================================================================
2026-04-21 02:02:36,491 - FILE: X-n303-k21.vrp
2026-04-21 02:02:36,491 - ======================================================================
2026-04-21 02:02:36,640 - Dim=303 K=21 Cap=794
2026-04-21 02:02:36,640 - --- Step 1: Clarke-Wright Heuristic ---
2026-04-21 02:02:36,764 -   cost=30232 time=0.12s
2026-04-21 02:02:36,764 - --- Step 2, 3, 4: Advanced Optimization Pipeline ---
2026-04-21 02:02:36,764 - =========================================
2026-04-21 02:02:36,765 - BẮT ĐẦU TUYẾN TRÌNH TỐI ƯU (PIPELINE)
2026-04-21 02:02:36,765 - =========================================
2026-04-21 02:02:36,765 - === GIAI ĐOẠN 2: LOCAL SEARCH ĐA TOÁN TỬ | Bắt đầu: 30232.00 ===
2026-04-21 02:02:41,925 -   [LS Iter 1] Cải thiện cost: 30232.00 -> 26022.00
2026-04-21 02:02:46,880 -   [LS Iter 2] Cải thiện cost: 26022.00 -> 24931.00
2026-04-21 02:02:51,613 -   [LS Iter 3] Cải thiện cost: 24931.00 -> 24476.00
2026-04-21 02:02:56,361 -   [LS Iter 4] Cải thiện cost: 24476.00 -> 24435.00
2026-04-21 02:03:01,119 -   [LS Iter 5] Cải thiện cost: 24435.00 -> 24397.00
2026-04-21 02:03:05,828 -   [LS Iter 6] Cải thiện cost: 24397.00 -> 24369.00
2026-04-21 02:03:10,480 -   [LS Iter 7] Cải thiện cost: 24369.00 -> 24342.00
2026-04-21 02:03:14,983 -   [LS Iter 8] Cải thiện cost: 24342.00 -> 24237.00
2026-04-21 02:03:19,389 -   [LS Iter 9] Cải thiện cost: 24237.00 -> 24198.00
2026-04-21 02:03:23,738 -   [LS Iter 10] Cải thiện cost: 24198.00 -> 24135.00
2026-04-21 02:03:28,124 -   [LS Iter 11] Cải thiện cost: 24135.00 -> 24106.00
2026-04-21 02:03:32,516 -   [LS Iter 12] Cải thiện cost: 24106.00 -> 24083.00
2026-04-21 02:03:36,981 -   [LS Iter 13] Cải thiện cost: 24083.00 -> 24044.00
2026-04-21 02:03:41,397 -   [LS Iter 14] Cải thiện cost: 24044.00 -> 24024.00
2026-04-21 02:03:45,816 -   [LS Iter 15] Cải thiện cost: 24024.00 -> 24012.00
2026-04-21 02:03:50,251 -   [LS Iter 16] Cải thiện cost: 24012.00 -> 24000.00
2026-04-21 02:03:54,709 -   [LS Iter 17] Cải thiện cost: 24000.00 -> 23989.00
2026-04-21 02:03:59,057 -   [LS Iter 18] Cải thiện cost: 23989.00 -> 23978.00
2026-04-21 02:04:03,444 -   [LS Iter 19] Cải thiện cost: 23978.00 -> 23967.00
2026-04-21 02:04:07,642 -   [LS Iter 20] Cải thiện cost: 23967.00 -> 23959.00
2026-04-21 02:04:11,794 -   [LS Iter 21] Cải thiện cost: 23959.00 -> 23952.00
2026-04-21 02:04:16,074 -   [LS Iter 22] Cải thiện cost: 23952.00 -> 23947.00
2026-04-21 02:04:20,267 -   [LS Iter 23] Cải thiện cost: 23947.00 -> 23942.00
2026-04-21 02:04:24,452 -   [LS Iter 24] Cải thiện cost: 23942.00 -> 23906.00
2026-04-21 02:04:28,492 -   [LS Iter 25] Cải thiện cost: 23906.00 -> 23858.00
2026-04-21 02:04:32,434 -   [LS Iter 26] Cải thiện cost: 23858.00 -> 23825.00
2026-04-21 02:04:36,334 -   [LS Iter 27] Cải thiện cost: 23825.00 -> 23805.00
2026-04-21 02:04:40,225 -   [LS Iter 28] Cải thiện cost: 23805.00 -> 23801.00
2026-04-21 02:04:44,064 -   [LS Iter 29] Cải thiện cost: 23801.00 -> 23798.00
2026-04-21 02:04:47,855 -   [LS Iter 30] Cải thiện cost: 23798.00 -> 23795.00
2026-04-21 02:04:51,640 -   [LS Iter 31] Cải thiện cost: 23795.00 -> 23755.00
2026-04-21 02:04:55,460 -   [LS Iter 32] Cải thiện cost: 23755.00 -> 23754.00
2026-04-21 02:04:59,246 -   [LS Iter 33] Cải thiện cost: 23754.00 -> 23752.00
2026-04-21 02:05:03,046 - === KẾT THÚC GIAI ĐOẠN 2 | Đạt cực trị tại: 23752.00 ===
2026-04-21 02:05:03,047 - === BẮT ĐẦU CHẶNG 3: ALNS + GLS | Vòng lặp: 300 | Cost: 23752.00 ===
2026-04-21 02:05:27,849 -   [ALNS Iter 1] Random Destroy phá vỡ giới hạn -> BEST MỚI: 23542.00
2026-04-21 02:06:05,322 -   [ALNS Iter 2] Random Destroy phá vỡ giới hạn -> BEST MỚI: 23368.00
2026-04-21 02:07:23,133 -   [ALNS Iter 3] Worst Destroy phá vỡ giới hạn -> BEST MỚI: 23093.00
2026-04-21 02:10:20,544 -   [ALNS Iter 6] Random Destroy phá vỡ giới hạn -> BEST MỚI: 23080.00
2026-04-21 02:10:53,131 -   [ALNS Iter 7] Random Destroy phá vỡ giới hạn -> BEST MỚI: 22904.00
2026-04-21 02:18:59,627 -   [ALNS Iter 22] Random Destroy phá vỡ giới hạn -> BEST MỚI: 22878.00
2026-04-21 02:21:25,727 -   [ALNS Iter 29] Random Destroy phá vỡ giới hạn -> BEST MỚI: 22823.00
2026-04-21 02:21:52,096 -   [ALNS Iter 30] Random Destroy phá vỡ giới hạn -> BEST MỚI: 22662.00
2026-04-21 02:22:36,967 - === KẾT THÚC CHẶNG 3 | Cost xuất sắc nhất đạt được: 22662.00 ===
2026-04-21 02:22:36,967 - ======================================================================
2026-04-21 02:22:36,967 - CW Khởi tạo = 30232 → Sau Pipeline = 22662
2026-04-21 02:22:36,967 - Cải thiện so CW: 7570
2026-04-21 02:22:36,967 - Tổng thời gian: 1200.3s
2026-04-21 02:22:36,967 - Verified cost: 22662
2026-04-21 02:22:36,969 - ======================================================================
2026-04-21 02:22:36,969 - FILE: X-n308-k13.vrp
2026-04-21 02:22:36,969 - ======================================================================
2026-04-21 02:22:37,111 - Dim=308 K=13 Cap=246
2026-04-21 02:22:37,111 - --- Step 1: Clarke-Wright Heuristic ---
2026-04-21 02:22:37,259 -   cost=36790 time=0.15s
2026-04-21 02:22:37,259 - --- Step 2, 3, 4: Advanced Optimization Pipeline ---
2026-04-21 02:22:37,259 - =========================================
2026-04-21 02:22:37,259 - BẮT ĐẦU TUYẾN TRÌNH TỐI ƯU (PIPELINE)
2026-04-21 02:22:37,259 - =========================================
2026-04-21 02:22:37,259 - === GIAI ĐOẠN 2: LOCAL SEARCH ĐA TOÁN TỬ | Bắt đầu: 36790.00 ===
2026-04-21 02:22:47,194 -   [LS Iter 1] Cải thiện cost: 36790.00 -> 31257.00
2026-04-21 02:22:56,587 -   [LS Iter 2] Cải thiện cost: 31257.00 -> 30386.00
2026-04-21 02:23:05,809 -   [LS Iter 3] Cải thiện cost: 30386.00 -> 30098.00
2026-04-21 02:23:14,232 -   [LS Iter 4] Cải thiện cost: 30098.00 -> 29953.00
2026-04-21 02:23:22,290 -   [LS Iter 5] Cải thiện cost: 29953.00 -> 29905.00
2026-04-21 02:23:30,298 -   [LS Iter 6] Cải thiện cost: 29905.00 -> 29860.00
2026-04-21 02:23:38,544 -   [LS Iter 7] Cải thiện cost: 29860.00 -> 29819.00
2026-04-21 02:23:46,982 -   [LS Iter 8] Cải thiện cost: 29819.00 -> 29750.00
2026-04-21 02:23:55,291 -   [LS Iter 9] Cải thiện cost: 29750.00 -> 29650.00
2026-04-21 02:24:03,624 -   [LS Iter 10] Cải thiện cost: 29650.00 -> 29611.00
2026-04-21 02:24:11,987 -   [LS Iter 11] Cải thiện cost: 29611.00 -> 29573.00
2026-04-21 02:24:20,159 -   [LS Iter 12] Cải thiện cost: 29573.00 -> 29526.00
2026-04-21 02:24:28,062 -   [LS Iter 13] Cải thiện cost: 29526.00 -> 29497.00
2026-04-21 02:24:35,675 -   [LS Iter 14] Cải thiện cost: 29497.00 -> 29469.00
2026-04-21 02:24:43,720 -   [LS Iter 15] Cải thiện cost: 29469.00 -> 29451.00
2026-04-21 02:24:51,507 -   [LS Iter 16] Cải thiện cost: 29451.00 -> 29421.00
2026-04-21 02:24:59,107 -   [LS Iter 17] Cải thiện cost: 29421.00 -> 29406.00
2026-04-21 02:25:06,864 -   [LS Iter 18] Cải thiện cost: 29406.00 -> 29389.00
2026-04-21 02:25:14,353 -   [LS Iter 19] Cải thiện cost: 29389.00 -> 29364.00
2026-04-21 02:25:21,812 -   [LS Iter 20] Cải thiện cost: 29364.00 -> 29328.00
2026-04-21 02:25:28,730 -   [LS Iter 21] Cải thiện cost: 29328.00 -> 29302.00
2026-04-21 02:25:35,560 -   [LS Iter 22] Cải thiện cost: 29302.00 -> 29292.00
2026-04-21 02:25:42,350 -   [LS Iter 23] Cải thiện cost: 29292.00 -> 29284.00
2026-04-21 02:25:49,115 -   [LS Iter 24] Cải thiện cost: 29284.00 -> 29247.00
2026-04-21 02:25:55,873 -   [LS Iter 25] Cải thiện cost: 29247.00 -> 29240.00
2026-04-21 02:26:02,554 -   [LS Iter 26] Cải thiện cost: 29240.00 -> 29234.00
2026-04-21 02:26:09,216 - === KẾT THÚC GIAI ĐOẠN 2 | Đạt cực trị tại: 29234.00 ===
2026-04-21 02:26:09,216 - === BẮT ĐẦU CHẶNG 3: ALNS + GLS | Vòng lặp: 300 | Cost: 29234.00 ===
2026-04-21 02:29:18,779 -   [ALNS Iter 2] Related Destroy phá vỡ giới hạn -> BEST MỚI: 28885.00
2026-04-21 02:32:07,399 -   [ALNS Iter 5] Related Destroy phá vỡ giới hạn -> BEST MỚI: 28712.00
2026-04-21 02:36:56,701 -   [ALNS Iter 8] Random Destroy phá vỡ giới hạn -> BEST MỚI: 28653.00
2026-04-21 02:41:58,993 -   [ALNS Iter 14] Random Destroy phá vỡ giới hạn -> BEST MỚI: 28546.00
2026-04-21 02:42:41,406 - === KẾT THÚC CHẶNG 3 | Cost xuất sắc nhất đạt được: 28546.00 ===
2026-04-21 02:42:41,406 - ======================================================================
2026-04-21 02:42:41,406 - CW Khởi tạo = 36790 → Sau Pipeline = 28546
2026-04-21 02:42:41,407 - Cải thiện so CW: 8244
2026-04-21 02:42:41,407 - Tổng thời gian: 1204.3s
2026-04-21 02:42:41,407 - Verified cost: 28546
2026-04-21 02:42:41,412 - ======================================================================
2026-04-21 02:42:41,412 - FILE: X-n313-k71.vrp
2026-04-21 02:42:41,412 - ======================================================================
2026-04-21 02:42:41,571 - Dim=313 K=71 Cap=248
2026-04-21 02:42:41,571 - --- Step 1: Clarke-Wright Heuristic ---
2026-04-21 02:42:42,473 -   cost=201580 time=0.90s
2026-04-21 02:42:42,473 - --- Step 2, 3, 4: Advanced Optimization Pipeline ---
2026-04-21 02:42:42,477 - =========================================
2026-04-21 02:42:42,477 - BẮT ĐẦU TUYẾN TRÌNH TỐI ƯU (PIPELINE)
2026-04-21 02:42:42,477 - =========================================
2026-04-21 02:42:42,477 - === GIAI ĐOẠN 2: LOCAL SEARCH ĐA TOÁN TỬ | Bắt đầu: 201580.00 ===
2026-04-21 02:42:44,132 -   [LS Iter 1] Cải thiện cost: 201580.00 -> 130678.00
2026-04-21 02:42:45,651 -   [LS Iter 2] Cải thiện cost: 130678.00 -> 113731.00
2026-04-21 02:42:47,065 -   [LS Iter 3] Cải thiện cost: 113731.00 -> 109326.00
2026-04-21 02:42:48,487 -   [LS Iter 4] Cải thiện cost: 109326.00 -> 107518.00
2026-04-21 02:42:49,910 -   [LS Iter 5] Cải thiện cost: 107518.00 -> 107139.00
2026-04-21 02:42:51,372 -   [LS Iter 6] Cải thiện cost: 107139.00 -> 106374.00
2026-04-21 02:42:52,781 -   [LS Iter 7] Cải thiện cost: 106374.00 -> 106094.00
2026-04-21 02:42:54,191 -   [LS Iter 8] Cải thiện cost: 106094.00 -> 105962.00
2026-04-21 02:42:55,603 -   [LS Iter 9] Cải thiện cost: 105962.00 -> 105934.00
2026-04-21 02:42:57,011 - === KẾT THÚC GIAI ĐOẠN 2 | Đạt cực trị tại: 105934.00 ===
2026-04-21 02:42:57,011 - === BẮT ĐẦU CHẶNG 3: ALNS + GLS | Vòng lặp: 300 | Cost: 105934.00 ===
2026-04-21 02:43:02,640 -   [GLS Iter 21] Cập nhật ma trận phạt do kẹt tải trọng liên tục.
2026-04-21 02:43:21,851 -   [GLS Iter 81] Cập nhật ma trận phạt do kẹt tải trọng liên tục.
2026-04-21 02:43:39,277 -   [GLS Iter 141] Cập nhật ma trận phạt do kẹt tải trọng liên tục.
2026-04-21 02:43:58,756 -   [GLS Iter 201] Cập nhật ma trận phạt do kẹt tải trọng liên tục.
2026-04-21 02:44:16,755 -   [GLS Iter 261] Cập nhật ma trận phạt do kẹt tải trọng liên tục.
2026-04-21 02:44:30,082 - === KẾT THÚC CHẶNG 3 | Cost xuất sắc nhất đạt được: 105934.00 ===
2026-04-21 02:44:30,083 - === BẮT ĐẦU CHẶNG 4: MAX-SAT CHÍNH XÁC | Cost: 105934.00 ===
2026-04-21 02:44:30,086 -   [GĐ 4.1] Giải bài toán TSP trên từng tuyến đơn...
2026-04-21 02:45:10,091 -     [S-Timeout 40.0s]
2026-04-21 02:46:16,456 -     [S-Timeout 40.0s]
2026-04-21 02:46:56,470 -     [S-Timeout 40.0s]
2026-04-21 02:47:36,484 -     [S-Timeout 40.0s]
2026-04-21 02:48:18,760 -     [S-Timeout 40.0s]
2026-04-21 02:48:58,772 -     [S-Timeout 40.0s]
2026-04-21 02:49:38,803 -     [S-Timeout 40.0s]
2026-04-21 02:49:38,814 -   [GĐ 4.2] Xét từng cặp tuyến để phân bổ lại khách hàng...
2026-04-21 02:49:38,814 -   --- Pairwise Iter 1 (còn 784s) ---
2026-04-21 02:50:38,831 -     [P-Timeout 60.0s]
2026-04-21 02:51:38,846 -     [P-Timeout 60.0s]
2026-04-21 02:52:38,867 -     [P-Timeout 60.0s]
2026-04-21 02:53:38,879 -     [P-Timeout 60.0s]
2026-04-21 02:54:38,894 -     [P-Timeout 60.0s]
2026-04-21 02:55:38,910 -     [P-Timeout 60.0s]
2026-04-21 02:56:38,922 -     [P-Timeout 60.0s]
2026-04-21 02:57:38,942 -     [P-Timeout 60.0s]
2026-04-21 02:58:38,958 -     [P-Timeout 60.0s]
2026-04-21 02:59:38,976 -     [P-Timeout 60.0s]
2026-04-21 03:00:38,989 -     [P-Timeout 60.0s]
2026-04-21 03:01:39,007 -     [P-Timeout 60.0s]
2026-04-21 03:02:39,020 -     [P-Timeout 60.0s]
2026-04-21 03:02:40,481 -     [P-Timeout 1.4s]
2026-04-21 03:02:40,497 -     -> Đã đạt cực trị toàn cục cho mọi cặp dưới ngưỡng. KẾT THÚC CHẶNG 4.
2026-04-21 03:02:40,498 - HOÀN THÀNH PIPELINE. Final cost=105934.00 | Time=1198.0s
2026-04-21 03:02:40,498 - ======================================================================
2026-04-21 03:02:40,498 - CW Khởi tạo = 201580 → Sau Pipeline = 105934
2026-04-21 03:02:40,498 - Cải thiện so CW: 95646
2026-04-21 03:02:40,498 - Tổng thời gian: 1198.9s
2026-04-21 03:02:40,498 - Verified cost: 105934
2026-04-21 03:02:40,504 - ======================================================================
2026-04-21 03:02:40,504 - FILE: X-n317-k53.vrp
2026-04-21 03:02:40,504 - ======================================================================
2026-04-21 03:02:40,659 - Dim=317 K=53 Cap=6
2026-04-21 03:02:40,659 - --- Step 1: Clarke-Wright Heuristic ---
2026-04-21 03:02:40,773 -   cost=88156 time=0.11s
2026-04-21 03:02:40,773 - --- Step 2, 3, 4: Advanced Optimization Pipeline ---
2026-04-21 03:02:40,773 - =========================================
2026-04-21 03:02:40,773 - BẮT ĐẦU TUYẾN TRÌNH TỐI ƯU (PIPELINE)
2026-04-21 03:02:40,773 - =========================================
2026-04-21 03:02:40,773 - === GIAI ĐOẠN 2: LOCAL SEARCH ĐA TOÁN TỬ | Bắt đầu: 88156.00 ===
2026-04-21 03:02:43,782 -   [LS Iter 1] Cải thiện cost: 88156.00 -> 80796.00
2026-04-21 03:02:46,553 -   [LS Iter 2] Cải thiện cost: 80796.00 -> 80176.00
2026-04-21 03:02:49,288 -   [LS Iter 3] Cải thiện cost: 80176.00 -> 80012.00
2026-04-21 03:02:52,020 -   [LS Iter 4] Cải thiện cost: 80012.00 -> 80005.00
2026-04-21 03:02:54,763 -   [LS Iter 5] Cải thiện cost: 80005.00 -> 79989.00
2026-04-21 03:02:57,481 - === KẾT THÚC GIAI ĐOẠN 2 | Đạt cực trị tại: 79989.00 ===
2026-04-21 03:02:57,481 - === BẮT ĐẦU CHẶNG 3: ALNS + GLS | Vòng lặp: 300 | Cost: 79989.00 ===
2026-04-21 03:03:11,254 -   [ALNS Iter 1] Random Destroy phá vỡ giới hạn -> BEST MỚI: 79834.00
2026-04-21 03:03:36,945 -   [ALNS Iter 3] Random Destroy phá vỡ giới hạn -> BEST MỚI: 79674.00
2026-04-21 03:03:45,297 -   [ALNS Iter 4] Random Destroy phá vỡ giới hạn -> BEST MỚI: 79640.00
2026-04-21 03:04:54,572 -   [ALNS Iter 9] Random Destroy phá vỡ giới hạn -> BEST MỚI: 79604.00
2026-04-21 03:06:12,872 -   [ALNS Iter 15] Random Destroy phá vỡ giới hạn -> BEST MỚI: 79575.00
2026-04-21 03:06:55,294 -   [ALNS Iter 19] Random Destroy phá vỡ giới hạn -> BEST MỚI: 79480.00
2026-04-21 03:07:28,244 -   [ALNS Iter 22] Worst Destroy phá vỡ giới hạn -> BEST MỚI: 79467.00
2026-04-21 03:08:17,980 -   [ALNS Iter 26] Random Destroy phá vỡ giới hạn -> BEST MỚI: 79411.00
2026-04-21 03:08:35,356 -   [ALNS Iter 27] Random Destroy phá vỡ giới hạn -> BEST MỚI: 79391.00
2026-04-21 03:08:47,327 -   [ALNS Iter 28] Random Destroy phá vỡ giới hạn -> BEST MỚI: 79365.00
2026-04-21 03:10:33,986 -   [ALNS Iter 36] Random Destroy phá vỡ giới hạn -> BEST MỚI: 79281.00
2026-04-21 03:10:45,424 -   [ALNS Iter 37] Random Destroy phá vỡ giới hạn -> BEST MỚI: 79221.00
2026-04-21 03:12:40,972 -   [ALNS Iter 46] Random Destroy phá vỡ giới hạn -> BEST MỚI: 79218.00
2026-04-21 03:13:15,601 -   [ALNS Iter 49] Worst Destroy phá vỡ giới hạn -> BEST MỚI: 79138.00
2026-04-21 03:13:27,158 -   [ALNS Iter 50] Random Destroy phá vỡ giới hạn -> BEST MỚI: 79117.00
2026-04-21 03:13:38,194 -   [ALNS Iter 51] Random Destroy phá vỡ giới hạn -> BEST MỚI: 79083.00
2026-04-21 03:20:21,572 -   [GLS Iter 81] Cập nhật ma trận phạt để thay đổi hướng đi.
2026-04-21 03:22:43,111 - === KẾT THÚC CHẶNG 3 | Cost xuất sắc nhất đạt được: 79083.00 ===
2026-04-21 03:22:43,112 - ======================================================================
2026-04-21 03:22:43,112 - CW Khởi tạo = 88156 → Sau Pipeline = 79083
2026-04-21 03:22:43,112 - Cải thiện so CW: 9073
2026-04-21 03:22:43,112 - Tổng thời gian: 1202.5s
2026-04-21 03:22:43,112 - Verified cost: 79083
2026-04-21 03:22:43,117 - ======================================================================
2026-04-21 03:22:43,117 - FILE: X-n322-k28.vrp
2026-04-21 03:22:43,117 - ======================================================================
2026-04-21 03:22:43,290 - Dim=322 K=28 Cap=868
2026-04-21 03:22:43,290 - --- Step 1: Clarke-Wright Heuristic ---
2026-04-21 03:22:43,928 -   cost=170742 time=0.64s
2026-04-21 03:22:43,928 - --- Step 2, 3, 4: Advanced Optimization Pipeline ---
2026-04-21 03:22:43,929 - =========================================
2026-04-21 03:22:43,929 - BẮT ĐẦU TUYẾN TRÌNH TỐI ƯU (PIPELINE)
2026-04-21 03:22:43,929 - =========================================
2026-04-21 03:22:43,929 - === GIAI ĐOẠN 2: LOCAL SEARCH ĐA TOÁN TỬ | Bắt đầu: 170742.00 ===
2026-04-21 03:22:48,489 -   [LS Iter 1] Cải thiện cost: 170742.00 -> 50267.00
2026-04-21 03:22:52,167 -   [LS Iter 2] Cải thiện cost: 50267.00 -> 42072.00
2026-04-21 03:22:55,628 -   [LS Iter 3] Cải thiện cost: 42072.00 -> 39363.00
2026-04-21 03:22:58,915 -   [LS Iter 4] Cải thiện cost: 39363.00 -> 38026.00
2026-04-21 03:23:02,165 -   [LS Iter 5] Cải thiện cost: 38026.00 -> 37086.00
2026-04-21 03:23:05,411 -   [LS Iter 6] Cải thiện cost: 37086.00 -> 36735.00
2026-04-21 03:23:08,676 -   [LS Iter 7] Cải thiện cost: 36735.00 -> 36534.00
2026-04-21 03:23:11,977 -   [LS Iter 8] Cải thiện cost: 36534.00 -> 36324.00
2026-04-21 03:23:15,279 -   [LS Iter 9] Cải thiện cost: 36324.00 -> 36278.00
2026-04-21 03:23:18,578 - === KẾT THÚC GIAI ĐOẠN 2 | Đạt cực trị tại: 36278.00 ===
2026-04-21 03:23:18,578 - === BẮT ĐẦU CHẶNG 3: ALNS + GLS | Vòng lặp: 300 | Cost: 36278.00 ===
2026-04-21 03:23:44,841 -   [ALNS Iter 10] Random Destroy phá vỡ giới hạn -> BEST MỚI: 35303.00
2026-04-21 03:24:36,556 -   [GLS Iter 61] Cập nhật ma trận phạt do kẹt tải trọng liên tục.
2026-04-21 03:25:09,061 -   [ALNS Iter 81] Random Destroy phá vỡ giới hạn -> BEST MỚI: 34585.00
2026-04-21 03:25:34,026 -   [ALNS Iter 86] Random Destroy phá vỡ giới hạn -> BEST MỚI: 34382.00
2026-04-21 03:25:52,110 -   [GLS Iter 101] Cập nhật ma trận phạt do kẹt tải trọng liên tục.
2026-04-21 03:26:12,724 -   [ALNS Iter 113] Random Destroy phá vỡ giới hạn -> BEST MỚI: 34232.00
2026-04-21 03:26:50,051 -   [ALNS Iter 151] Worst Destroy phá vỡ giới hạn -> BEST MỚI: 33870.00
2026-04-21 03:27:11,427 -   [GLS Iter 181] Cập nhật ma trận phạt do kẹt tải trọng liên tục.
2026-04-21 03:27:53,573 -   [GLS Iter 241] Cập nhật ma trận phạt do kẹt tải trọng liên tục.
2026-04-21 03:28:31,830 - === KẾT THÚC CHẶNG 3 | Cost xuất sắc nhất đạt được: 33870.00 ===
2026-04-21 03:28:31,830 - === BẮT ĐẦU CHẶNG 4: MAX-SAT CHÍNH XÁC | Cost: 33870.00 ===
2026-04-21 03:28:31,830 -   [GĐ 4.1] Giải bài toán TSP trên từng tuyến đơn...
2026-04-21 03:29:11,834 -     [S-Timeout 40.0s]
2026-04-21 03:29:51,851 -     [S-Timeout 40.0s]
2026-04-21 03:30:31,867 -     [S-Timeout 40.0s]
2026-04-21 03:31:33,828 -     [S-Timeout 40.0s]
2026-04-21 03:32:13,843 -     [S-Timeout 40.0s]
2026-04-21 03:32:53,859 -     [S-Timeout 40.0s]
2026-04-21 03:33:33,874 -     [S-Timeout 40.0s]
2026-04-21 03:34:13,888 -     [S-Timeout 40.0s]
2026-04-21 03:34:53,905 -     [S-Timeout 40.0s]
2026-04-21 03:35:52,548 -     [S-Timeout 40.0s]
2026-04-21 03:36:32,567 -     [S-Timeout 40.0s]
2026-04-21 03:37:12,584 -     [S-Timeout 40.0s]
2026-04-21 03:37:52,600 -     [S-Timeout 40.0s]
2026-04-21 03:38:32,617 -     [S-Timeout 40.0s]
2026-04-21 03:39:12,631 -     [S-Timeout 40.0s]
2026-04-21 03:39:52,647 -     [S-Timeout 40.0s]
2026-04-21 03:40:32,666 -     [S-Timeout 40.0s]
2026-04-21 03:41:12,680 -     [S-Timeout 40.0s]
2026-04-21 03:41:52,697 -     [S-Timeout 40.0s]
2026-04-21 03:42:32,713 -     [S-Timeout 40.0s]
2026-04-21 03:42:41,932 -     [S-Timeout 9.2s]
2026-04-21 03:42:41,942 -   [GĐ 4.2] Xét từng cặp tuyến để phân bổ lại khách hàng...
2026-04-21 03:42:41,942 -   --- Pairwise Iter 1 (còn 2s) ---
2026-04-21 03:42:41,954 -     -> Đã đạt cực trị toàn cục cho mọi cặp dưới ngưỡng. KẾT THÚC CHẶNG 4.
2026-04-21 03:42:41,954 - HOÀN THÀNH PIPELINE. Final cost=33870.00 | Time=1198.0s
2026-04-21 03:42:41,954 - ======================================================================
2026-04-21 03:42:41,954 - CW Khởi tạo = 170742 → Sau Pipeline = 33870
2026-04-21 03:42:41,954 - Cải thiện so CW: 136872
2026-04-21 03:42:41,954 - Tổng thời gian: 1198.7s
2026-04-21 03:42:41,954 - Verified cost: 33870
2026-04-21 03:42:41,960 - ======================================================================
2026-04-21 03:42:41,960 - FILE: X-n327-k20.vrp
2026-04-21 03:42:41,960 - ======================================================================
2026-04-21 03:42:42,129 - Dim=327 K=20 Cap=128
2026-04-21 03:42:42,129 - --- Step 1: Clarke-Wright Heuristic ---
2026-04-21 03:42:42,297 -   cost=38109 time=0.17s
2026-04-21 03:42:42,297 - --- Step 2, 3, 4: Advanced Optimization Pipeline ---
2026-04-21 03:42:42,297 - =========================================
2026-04-21 03:42:42,297 - BẮT ĐẦU TUYẾN TRÌNH TỐI ƯU (PIPELINE)
2026-04-21 03:42:42,297 - =========================================
2026-04-21 03:42:42,298 - === GIAI ĐOẠN 2: LOCAL SEARCH ĐA TOÁN TỬ | Bắt đầu: 38109.00 ===
2026-04-21 03:42:49,905 -   [LS Iter 1] Cải thiện cost: 38109.00 -> 32700.00
2026-04-21 03:42:56,655 -   [LS Iter 2] Cải thiện cost: 32700.00 -> 31815.00
2026-04-21 03:43:03,264 -   [LS Iter 3] Cải thiện cost: 31815.00 -> 31548.00
2026-04-21 03:43:09,892 -   [LS Iter 4] Cải thiện cost: 31548.00 -> 31223.00
2026-04-21 03:43:16,292 -   [LS Iter 5] Cải thiện cost: 31223.00 -> 31148.00
2026-04-21 03:43:22,685 -   [LS Iter 6] Cải thiện cost: 31148.00 -> 31042.00
2026-04-21 03:43:29,124 -   [LS Iter 7] Cải thiện cost: 31042.00 -> 30989.00
2026-04-21 03:43:35,623 -   [LS Iter 8] Cải thiện cost: 30989.00 -> 30954.00
2026-04-21 03:43:41,990 -   [LS Iter 9] Cải thiện cost: 30954.00 -> 30911.00
2026-04-21 03:43:48,414 -   [LS Iter 10] Cải thiện cost: 30911.00 -> 30894.00
2026-04-21 03:43:54,627 -   [LS Iter 11] Cải thiện cost: 30894.00 -> 30889.00
2026-04-21 03:44:00,614 -   [LS Iter 12] Cải thiện cost: 30889.00 -> 30885.00
2026-04-21 03:44:06,602 -   [LS Iter 13] Cải thiện cost: 30885.00 -> 30883.00
2026-04-21 03:44:12,583 -   [LS Iter 14] Cải thiện cost: 30883.00 -> 30849.00
2026-04-21 03:44:18,726 -   [LS Iter 15] Cải thiện cost: 30849.00 -> 30769.00
2026-04-21 03:44:24,392 -   [LS Iter 16] Cải thiện cost: 30769.00 -> 30309.00
2026-04-21 03:44:29,981 - === KẾT THÚC GIAI ĐOẠN 2 | Đạt cực trị tại: 30309.00 ===
2026-04-21 03:44:29,981 - === BẮT ĐẦU CHẶNG 3: ALNS + GLS | Vòng lặp: 300 | Cost: 30309.00 ===
2026-04-21 03:45:02,406 -   [ALNS Iter 1] Worst Destroy phá vỡ giới hạn -> BEST MỚI: 30092.00
2026-04-21 03:46:13,487 -   [ALNS Iter 3] Worst Destroy phá vỡ giới hạn -> BEST MỚI: 29871.00
2026-04-21 03:50:23,644 -   [ALNS Iter 10] Related Destroy phá vỡ giới hạn -> BEST MỚI: 29753.00
2026-04-21 03:50:46,143 -   [ALNS Iter 11] Random Destroy phá vỡ giới hạn -> BEST MỚI: 29576.00
2026-04-21 03:51:36,557 -   [ALNS Iter 12] Worst Destroy phá vỡ giới hạn -> BEST MỚI: 29291.00
2026-04-21 03:55:15,077 -   [ALNS Iter 18] Worst Destroy phá vỡ giới hạn -> BEST MỚI: 28915.00
2026-04-21 03:56:33,524 -   [GLS Iter 21] Cập nhật ma trận phạt để thay đổi hướng đi.
2026-04-21 04:02:45,387 - === KẾT THÚC CHẶNG 3 | Cost xuất sắc nhất đạt được: 28915.00 ===
2026-04-21 04:02:45,387 - ======================================================================
2026-04-21 04:02:45,387 - CW Khởi tạo = 38109 → Sau Pipeline = 28915
2026-04-21 04:02:45,387 - Cải thiện so CW: 9194
2026-04-21 04:02:45,387 - Tổng thời gian: 1203.3s
2026-04-21 04:02:45,387 - Verified cost: 28915
2026-04-21 04:02:45,392 - ======================================================================
2026-04-21 04:02:45,392 - FILE: X-n331-k15.vrp
2026-04-21 04:02:45,393 - ======================================================================
2026-04-21 04:02:45,558 - Dim=331 K=15 Cap=23
2026-04-21 04:02:45,558 - --- Step 1: Clarke-Wright Heuristic ---
2026-04-21 04:02:45,739 -   cost=41236 time=0.18s
2026-04-21 04:02:45,739 - --- Step 2, 3, 4: Advanced Optimization Pipeline ---
2026-04-21 04:02:45,739 - =========================================
2026-04-21 04:02:45,739 - BẮT ĐẦU TUYẾN TRÌNH TỐI ƯU (PIPELINE)
2026-04-21 04:02:45,739 - =========================================
2026-04-21 04:02:45,740 - === GIAI ĐOẠN 2: LOCAL SEARCH ĐA TOÁN TỬ | Bắt đầu: 41236.00 ===
2026-04-21 04:02:57,720 -   [LS Iter 1] Cải thiện cost: 41236.00 -> 35440.00
2026-04-21 04:03:08,518 -   [LS Iter 2] Cải thiện cost: 35440.00 -> 34898.00
2026-04-21 04:03:19,404 -   [LS Iter 3] Cải thiện cost: 34898.00 -> 34585.00
2026-04-21 04:03:29,991 -   [LS Iter 4] Cải thiện cost: 34585.00 -> 34425.00
2026-04-21 04:03:40,310 -   [LS Iter 5] Cải thiện cost: 34425.00 -> 34344.00
2026-04-21 04:03:50,175 -   [LS Iter 6] Cải thiện cost: 34344.00 -> 34249.00
2026-04-21 04:03:59,804 -   [LS Iter 7] Cải thiện cost: 34249.00 -> 34197.00
2026-04-21 04:04:09,297 -   [LS Iter 8] Cải thiện cost: 34197.00 -> 34154.00
2026-04-21 04:04:18,787 -   [LS Iter 9] Cải thiện cost: 34154.00 -> 34123.00
2026-04-21 04:04:28,251 -   [LS Iter 10] Cải thiện cost: 34123.00 -> 34049.00
2026-04-21 04:04:37,293 -   [LS Iter 11] Cải thiện cost: 34049.00 -> 34007.00
2026-04-21 04:04:46,041 -   [LS Iter 12] Cải thiện cost: 34007.00 -> 33987.00
2026-04-21 04:04:54,641 -   [LS Iter 13] Cải thiện cost: 33987.00 -> 33975.00
2026-04-21 04:05:03,291 - === KẾT THÚC GIAI ĐOẠN 2 | Đạt cực trị tại: 33975.00 ===
2026-04-21 04:05:03,292 - === BẮT ĐẦU CHẶNG 3: ALNS + GLS | Vòng lặp: 300 | Cost: 33975.00 ===
2026-04-21 04:05:30,025 -   [ALNS Iter 1] Random Destroy phá vỡ giới hạn -> BEST MỚI: 33638.00
2026-04-21 04:06:04,173 -   [ALNS Iter 2] Random Destroy phá vỡ giới hạn -> BEST MỚI: 33563.00
2026-04-21 04:06:55,730 -   [ALNS Iter 4] Random Destroy phá vỡ giới hạn -> BEST MỚI: 33554.00
2026-04-21 04:07:21,774 -   [ALNS Iter 5] Random Destroy phá vỡ giới hạn -> BEST MỚI: 33447.00
2026-04-21 04:07:48,246 -   [ALNS Iter 6] Random Destroy phá vỡ giới hạn -> BEST MỚI: 33141.00
2026-04-21 04:08:13,782 -   [ALNS Iter 7] Random Destroy phá vỡ giới hạn -> BEST MỚI: 33090.00
2026-04-21 04:08:47,592 -   [ALNS Iter 8] Random Destroy phá vỡ giới hạn -> BEST MỚI: 33033.00
2026-04-21 04:22:49,328 - === KẾT THÚC CHẶNG 3 | Cost xuất sắc nhất đạt được: 33033.00 ===
2026-04-21 04:22:49,328 - ======================================================================
2026-04-21 04:22:49,328 - CW Khởi tạo = 41236 → Sau Pipeline = 33033
2026-04-21 04:22:49,328 - Cải thiện so CW: 8203
2026-04-21 04:22:49,328 - Tổng thời gian: 1203.8s
2026-04-21 04:22:49,328 - Verified cost: 33033
2026-04-21 04:22:49,334 - ======================================================================
2026-04-21 04:22:49,334 - FILE: X-n336-k84.vrp
2026-04-21 04:22:49,334 - ======================================================================
2026-04-21 04:22:49,511 - Dim=336 K=84 Cap=203
2026-04-21 04:22:49,511 - --- Step 1: Clarke-Wright Heuristic ---
2026-04-21 04:22:51,023 -   cost=264589 time=1.51s
2026-04-21 04:22:51,023 - --- Step 2, 3, 4: Advanced Optimization Pipeline ---
2026-04-21 04:22:51,024 - =========================================
2026-04-21 04:22:51,024 - BẮT ĐẦU TUYẾN TRÌNH TỐI ƯU (PIPELINE)
2026-04-21 04:22:51,024 - =========================================
2026-04-21 04:22:51,024 - === GIAI ĐOẠN 2: LOCAL SEARCH ĐA TOÁN TỬ | Bắt đầu: 264589.00 ===
2026-04-21 04:22:52,881 -   [LS Iter 1] Cải thiện cost: 264589.00 -> 180707.00
2026-04-21 04:22:54,690 -   [LS Iter 2] Cải thiện cost: 180707.00 -> 161529.00
2026-04-21 04:22:56,344 -   [LS Iter 3] Cải thiện cost: 161529.00 -> 157801.00
2026-04-21 04:22:57,930 -   [LS Iter 4] Cải thiện cost: 157801.00 -> 154965.00
2026-04-21 04:22:59,536 -   [LS Iter 5] Cải thiện cost: 154965.00 -> 153997.00
2026-04-21 04:23:01,149 -   [LS Iter 6] Cải thiện cost: 153997.00 -> 152888.00
2026-04-21 04:23:02,700 -   [LS Iter 7] Cải thiện cost: 152888.00 -> 152235.00
2026-04-21 04:23:04,265 -   [LS Iter 8] Cải thiện cost: 152235.00 -> 151981.00
2026-04-21 04:23:05,847 -   [LS Iter 9] Cải thiện cost: 151981.00 -> 151961.00
2026-04-21 04:23:07,421 -   [LS Iter 10] Cải thiện cost: 151961.00 -> 151955.00
2026-04-21 04:23:08,979 -   [LS Iter 11] Cải thiện cost: 151955.00 -> 151695.00
2026-04-21 04:23:10,561 -   [LS Iter 12] Cải thiện cost: 151695.00 -> 151694.00
2026-04-21 04:23:12,130 - === KẾT THÚC GIAI ĐOẠN 2 | Đạt cực trị tại: 151694.00 ===
2026-04-21 04:23:12,131 - === BẮT ĐẦU CHẶNG 3: ALNS + GLS | Vòng lặp: 300 | Cost: 151694.00 ===
2026-04-21 04:23:28,139 -   [GLS Iter 21] Cập nhật ma trận phạt do kẹt tải trọng liên tục.
2026-04-21 04:24:27,583 -   [ALNS Iter 75] Related Destroy phá vỡ giới hạn -> BEST MỚI: 150700.00
2026-04-21 04:24:29,191 -   [GLS Iter 81] Cập nhật ma trận phạt do kẹt tải trọng liên tục.
2026-04-21 04:25:17,069 -   [GLS Iter 141] Cập nhật ma trận phạt do kẹt tải trọng liên tục.
2026-04-21 04:25:33,347 -   [ALNS Iter 179] Related Destroy phá vỡ giới hạn -> BEST MỚI: 150013.00
2026-04-21 04:25:56,761 -   [ALNS Iter 212] Related Destroy phá vỡ giới hạn -> BEST MỚI: 149393.00
2026-04-21 04:26:03,119 -   [ALNS Iter 213] Related Destroy phá vỡ giới hạn -> BEST MỚI: 148954.00
2026-04-21 04:26:23,202 -   [ALNS Iter 218] Related Destroy phá vỡ giới hạn -> BEST MỚI: 148266.00
2026-04-21 04:26:31,697 -   [GLS Iter 221] Cập nhật ma trận phạt để thay đổi hướng đi.
2026-04-21 04:27:35,208 -   [GLS Iter 281] Cập nhật ma trận phạt do kẹt tải trọng liên tục.
2026-04-21 04:27:50,975 - === KẾT THÚC CHẶNG 3 | Cost xuất sắc nhất đạt được: 148266.00 ===
2026-04-21 04:27:50,976 - === BẮT ĐẦU CHẶNG 4: MAX-SAT CHÍNH XÁC | Cost: 148266.00 ===
2026-04-21 04:27:50,976 -   [GĐ 4.1] Giải bài toán TSP trên từng tuyến đơn...
2026-04-21 04:28:31,380 -     [S-Timeout 40.0s]
2026-04-21 04:29:11,485 -     [S-Timeout 40.0s]
2026-04-21 04:29:51,499 -     [S-Timeout 40.0s]
2026-04-21 04:31:07,370 -     [S-Timeout 40.0s]
2026-04-21 04:32:05,787 -     [S-Timeout 40.0s]
2026-04-21 04:32:46,432 -     [S-Timeout 40.0s]
2026-04-21 04:34:20,897 -   [GĐ 4.2] Xét từng cặp tuyến để phân bổ lại khách hàng...
2026-04-21 04:34:20,898 -   --- Pairwise Iter 1 (còn 510s) ---
2026-04-21 04:35:20,918 -     [P-Timeout 60.0s]
2026-04-21 04:36:20,938 -     [P-Timeout 60.0s]
2026-04-21 04:37:20,953 -     [P-Timeout 60.0s]
2026-04-21 04:38:20,973 -     [P-Timeout 60.0s]
2026-04-21 04:39:20,994 -     [P-Timeout 60.0s]
2026-04-21 04:40:21,009 -     [P-Timeout 60.0s]
2026-04-21 04:41:21,031 -     [P-Timeout 60.0s]
2026-04-21 04:42:21,043 -     [P-Timeout 60.0s]
2026-04-21 04:42:49,027 -     [P-Timeout 28.0s]
2026-04-21 04:42:49,050 -     -> Đã đạt cực trị toàn cục cho mọi cặp dưới ngưỡng. KẾT THÚC CHẶNG 4.
2026-04-21 04:42:49,050 - HOÀN THÀNH PIPELINE. Final cost=148266.00 | Time=1198.0s
2026-04-21 04:42:49,050 - ======================================================================
2026-04-21 04:42:49,050 - CW Khởi tạo = 264589 → Sau Pipeline = 148266
2026-04-21 04:42:49,050 - Cải thiện so CW: 116323
2026-04-21 04:42:49,050 - Tổng thời gian: 1199.5s
2026-04-21 04:42:49,050 - Verified cost: 148266
2026-04-21 04:42:49,056 - ======================================================================
2026-04-21 04:42:49,057 - FILE: X-n344-k43.vrp
2026-04-21 04:42:49,057 - ======================================================================
2026-04-21 04:42:49,240 - Dim=344 K=43 Cap=61
2026-04-21 04:42:49,240 - --- Step 1: Clarke-Wright Heuristic ---
2026-04-21 04:42:49,572 -   cost=137751 time=0.33s
2026-04-21 04:42:49,572 - --- Step 2, 3, 4: Advanced Optimization Pipeline ---
2026-04-21 04:42:49,572 - =========================================
2026-04-21 04:42:49,572 - BẮT ĐẦU TUYẾN TRÌNH TỐI ƯU (PIPELINE)
2026-04-21 04:42:49,572 - =========================================
2026-04-21 04:42:49,573 - === GIAI ĐOẠN 2: LOCAL SEARCH ĐA TOÁN TỬ | Bắt đầu: 137751.00 ===
2026-04-21 04:42:52,852 -   [LS Iter 1] Cải thiện cost: 137751.00 -> 55999.00
2026-04-21 04:42:55,928 -   [LS Iter 2] Cải thiện cost: 55999.00 -> 50290.00
2026-04-21 04:42:58,970 -   [LS Iter 3] Cải thiện cost: 50290.00 -> 48264.00
2026-04-21 04:43:01,906 -   [LS Iter 4] Cải thiện cost: 48264.00 -> 47697.00
2026-04-21 04:43:04,810 -   [LS Iter 5] Cải thiện cost: 47697.00 -> 46998.00
2026-04-21 04:43:07,679 -   [LS Iter 6] Cải thiện cost: 46998.00 -> 46926.00
2026-04-21 04:43:10,552 -   [LS Iter 7] Cải thiện cost: 46926.00 -> 46856.00
2026-04-21 04:43:13,426 -   [LS Iter 8] Cải thiện cost: 46856.00 -> 46800.00
2026-04-21 04:43:16,334 - === KẾT THÚC GIAI ĐOẠN 2 | Đạt cực trị tại: 46800.00 ===
2026-04-21 04:43:16,335 - === BẮT ĐẦU CHẶNG 3: ALNS + GLS | Vòng lặp: 300 | Cost: 46800.00 ===
2026-04-21 04:43:28,603 -   [GLS Iter 21] Cập nhật ma trận phạt do kẹt tải trọng liên tục.
2026-04-21 04:43:55,532 -   [ALNS Iter 42] Related Destroy phá vỡ giới hạn -> BEST MỚI: 46582.00
2026-04-21 04:44:12,500 -   [ALNS Iter 51] Related Destroy phá vỡ giới hạn -> BEST MỚI: 46396.00
2026-04-21 04:44:34,727 -   [GLS Iter 81] Cập nhật ma trận phạt do kẹt tải trọng liên tục.
2026-04-21 04:44:56,345 -   [GLS Iter 141] Cập nhật ma trận phạt do kẹt tải trọng liên tục.
2026-04-21 04:45:29,798 -   [GLS Iter 201] Cập nhật ma trận phạt do kẹt tải trọng liên tục.
2026-04-21 04:46:29,534 -   [GLS Iter 261] Cập nhật ma trận phạt do kẹt tải trọng liên tục.
2026-04-21 04:46:53,627 -   [ALNS Iter 271] Related Destroy phá vỡ giới hạn -> BEST MỚI: 45925.00
2026-04-21 04:47:14,572 - === KẾT THÚC CHẶNG 3 | Cost xuất sắc nhất đạt được: 45925.00 ===
2026-04-21 04:47:14,573 - === BẮT ĐẦU CHẶNG 4: MAX-SAT CHÍNH XÁC | Cost: 45925.00 ===
2026-04-21 04:47:14,573 -   [GĐ 4.1] Giải bài toán TSP trên từng tuyến đơn...
2026-04-21 04:48:19,443 -     [S-Timeout 40.0s]
2026-04-21 04:48:59,456 -     [S-Timeout 40.0s]
2026-04-21 04:50:00,389 -     [S-Timeout 40.0s]
2026-04-21 04:50:40,403 -     [S-Timeout 40.0s]
2026-04-21 04:51:20,414 -     [S-Timeout 40.0s]
2026-04-21 04:52:00,429 -     [S-Timeout 40.0s]
2026-04-21 04:52:40,441 -     [S-Timeout 40.0s]
2026-04-21 04:53:27,416 -     [S-Timeout 40.0s]
2026-04-21 04:54:22,858 -     [S-Timeout 40.0s]
2026-04-21 04:55:02,872 -     [S-Timeout 40.0s]
2026-04-21 04:55:42,887 -     [S-Timeout 40.0s]
2026-04-21 04:56:22,899 -     [S-Timeout 40.0s]
2026-04-21 04:57:42,656 -     [S-Timeout 40.0s]
2026-04-21 04:58:28,857 -     [S-Timeout 40.0s]
2026-04-21 04:59:10,072 -     [S-Timeout 40.0s]
2026-04-21 04:59:50,086 -     [S-Timeout 40.0s]
2026-04-21 05:00:30,102 -     [S-Timeout 40.0s]
2026-04-21 05:01:10,115 -     [S-Timeout 40.0s]
2026-04-21 05:01:50,127 -     [S-Timeout 40.0s]
2026-04-21 05:02:30,141 -     [S-Timeout 40.0s]
2026-04-21 05:02:47,576 -     [S-Timeout 17.4s]
2026-04-21 05:02:47,585 -   [GĐ 4.2] Xét từng cặp tuyến để phân bổ lại khách hàng...
2026-04-21 05:02:47,585 -   --- Pairwise Iter 1 (còn 2s) ---
2026-04-21 05:02:47,601 -     -> Đã đạt cực trị toàn cục cho mọi cặp dưới ngưỡng. KẾT THÚC CHẶNG 4.
2026-04-21 05:02:47,601 - HOÀN THÀNH PIPELINE. Final cost=45925.00 | Time=1198.0s
2026-04-21 05:02:47,601 - ======================================================================
2026-04-21 05:02:47,601 - CW Khởi tạo = 137751 → Sau Pipeline = 45925
2026-04-21 05:02:47,601 - Cải thiện so CW: 91826
2026-04-21 05:02:47,601 - Tổng thời gian: 1198.4s
2026-04-21 05:02:47,601 - Verified cost: 45925
2026-04-21 05:02:47,607 - ======================================================================
2026-04-21 05:02:47,607 - FILE: X-n351-k40.vrp
2026-04-21 05:02:47,608 - ======================================================================
2026-04-21 05:02:47,794 - Dim=351 K=40 Cap=436
2026-04-21 05:02:47,794 - --- Step 1: Clarke-Wright Heuristic ---
2026-04-21 05:02:48,533 -   cost=117334 time=0.74s
2026-04-21 05:02:48,533 - --- Step 2, 3, 4: Advanced Optimization Pipeline ---
2026-04-21 05:02:48,533 - =========================================
2026-04-21 05:02:48,533 - BẮT ĐẦU TUYẾN TRÌNH TỐI ƯU (PIPELINE)
2026-04-21 05:02:48,533 - =========================================
2026-04-21 05:02:48,534 - === GIAI ĐOẠN 2: LOCAL SEARCH ĐA TOÁN TỬ | Bắt đầu: 117334.00 ===
2026-04-21 05:02:54,576 -   [LS Iter 1] Cải thiện cost: 117334.00 -> 48879.00
2026-04-21 05:02:58,213 -   [LS Iter 2] Cải thiện cost: 48879.00 -> 38826.00
2026-04-21 05:03:01,527 -   [LS Iter 3] Cải thiện cost: 38826.00 -> 34003.00
2026-04-21 05:03:04,685 -   [LS Iter 4] Cải thiện cost: 34003.00 -> 32758.00
2026-04-21 05:03:07,811 -   [LS Iter 5] Cải thiện cost: 32758.00 -> 31992.00
2026-04-21 05:03:10,854 -   [LS Iter 6] Cải thiện cost: 31992.00 -> 31599.00
2026-04-21 05:03:13,901 -   [LS Iter 7] Cải thiện cost: 31599.00 -> 31425.00
2026-04-21 05:03:16,936 -   [LS Iter 8] Cải thiện cost: 31425.00 -> 31339.00
2026-04-21 05:03:19,960 -   [LS Iter 9] Cải thiện cost: 31339.00 -> 31279.00
2026-04-21 05:03:23,019 -   [LS Iter 10] Cải thiện cost: 31279.00 -> 31254.00
2026-04-21 05:03:26,045 -   [LS Iter 11] Cải thiện cost: 31254.00 -> 31238.00
2026-04-21 05:03:29,063 -   [LS Iter 12] Cải thiện cost: 31238.00 -> 31231.00
2026-04-21 05:03:32,122 -   [LS Iter 13] Cải thiện cost: 31231.00 -> 31230.00
2026-04-21 05:03:35,201 -   [LS Iter 14] Cải thiện cost: 31230.00 -> 31203.00
2026-04-21 05:03:38,253 - === KẾT THÚC GIAI ĐOẠN 2 | Đạt cực trị tại: 31203.00 ===
2026-04-21 05:03:38,253 - === BẮT ĐẦU CHẶNG 3: ALNS + GLS | Vòng lặp: 300 | Cost: 31203.00 ===
2026-04-21 05:04:06,470 -   [ALNS Iter 8] Related Destroy phá vỡ giới hạn -> BEST MỚI: 30652.00
2026-04-21 05:04:28,454 -   [ALNS Iter 10] Related Destroy phá vỡ giới hạn -> BEST MỚI: 30551.00
2026-04-21 05:04:54,469 -   [ALNS Iter 29] Related Destroy phá vỡ giới hạn -> BEST MỚI: 30318.00
2026-04-21 05:05:14,033 -   [GLS Iter 41] Cập nhật ma trận phạt do kẹt tải trọng liên tục.
2026-04-21 05:05:30,223 -   [ALNS Iter 47] Related Destroy phá vỡ giới hạn -> BEST MỚI: 30317.00
2026-04-21 05:05:52,504 -   [ALNS Iter 53] Related Destroy phá vỡ giới hạn -> BEST MỚI: 29986.00
2026-04-21 05:07:07,249 -   [ALNS Iter 96] Related Destroy phá vỡ giới hạn -> BEST MỚI: 29967.00
2026-04-21 05:07:19,275 -   [ALNS Iter 97] Related Destroy phá vỡ giới hạn -> BEST MỚI: 29922.00
2026-04-21 05:08:08,536 -   [GLS Iter 121] Cập nhật ma trận phạt do kẹt tải trọng liên tục.
2026-04-21 05:09:20,071 -   [ALNS Iter 132] Related Destroy phá vỡ giới hạn -> BEST MỚI: 29686.00
2026-04-21 05:09:41,061 -   [ALNS Iter 134] Related Destroy phá vỡ giới hạn -> BEST MỚI: 29492.00
2026-04-21 05:10:06,761 -   [GLS Iter 161] Cập nhật ma trận phạt do kẹt tải trọng liên tục.
2026-04-21 05:11:16,281 -   [ALNS Iter 176] Related Destroy phá vỡ giới hạn -> BEST MỚI: 29274.00
2026-04-21 05:13:50,570 -   [GLS Iter 221] Cập nhật ma trận phạt do kẹt tải trọng liên tục.
2026-04-21 05:14:28,909 -   [ALNS Iter 246] Related Destroy phá vỡ giới hạn -> BEST MỚI: 29183.00
2026-04-21 05:15:29,540 -   [GLS Iter 261] Cập nhật ma trận phạt để thay đổi hướng đi.
2026-04-21 05:15:59,858 -   [ALNS Iter 276] Related Destroy phá vỡ giới hạn -> BEST MỚI: 29133.00
2026-04-21 05:16:21,042 -   [ALNS Iter 277] Related Destroy phá vỡ giới hạn -> BEST MỚI: 29075.00
2026-04-21 05:17:08,955 - === KẾT THÚC CHẶNG 3 | Cost xuất sắc nhất đạt được: 29075.00 ===
2026-04-21 05:17:08,955 - === BẮT ĐẦU CHẶNG 4: MAX-SAT CHÍNH XÁC | Cost: 29075.00 ===
2026-04-21 05:17:08,955 -   [GĐ 4.1] Giải bài toán TSP trên từng tuyến đơn...
2026-04-21 05:17:48,960 -     [S-Timeout 40.0s]
2026-04-21 05:18:28,974 -     [S-Timeout 40.0s]
2026-04-21 05:19:19,771 -     [S-Timeout 40.0s]
2026-04-21 05:19:59,808 -     [S-Timeout 40.0s]
2026-04-21 05:20:39,820 -     [S-Timeout 40.0s]
2026-04-21 05:21:28,140 -     [S-Timeout 40.0s]
2026-04-21 05:22:08,153 -     [S-Timeout 40.0s]
2026-04-21 05:22:46,537 -     [S-Timeout 11.3s]
2026-04-21 05:22:46,544 -   [GĐ 4.2] Xét từng cặp tuyến để phân bổ lại khách hàng...
2026-04-21 05:22:46,544 -   --- Pairwise Iter 1 (còn 2s) ---
2026-04-21 05:22:46,564 -     -> Đã đạt cực trị toàn cục cho mọi cặp dưới ngưỡng. KẾT THÚC CHẶNG 4.
2026-04-21 05:22:46,564 - HOÀN THÀNH PIPELINE. Final cost=29075.00 | Time=1198.0s
2026-04-21 05:22:46,565 - ======================================================================
2026-04-21 05:22:46,565 - CW Khởi tạo = 117334 → Sau Pipeline = 29075
2026-04-21 05:22:46,565 - Cải thiện so CW: 88259
2026-04-21 05:22:46,565 - Tổng thời gian: 1198.8s
2026-04-21 05:22:46,565 - Verified cost: 29075
2026-04-21 05:22:46,571 - ======================================================================
2026-04-21 05:22:46,571 - FILE: X-n359-k29.vrp
2026-04-21 05:22:46,571 - ======================================================================
2026-04-21 05:22:46,769 - Dim=359 K=29 Cap=68
2026-04-21 05:22:46,769 - --- Step 1: Clarke-Wright Heuristic ---
2026-04-21 05:22:46,970 -   cost=64627 time=0.20s
2026-04-21 05:22:46,970 - --- Step 2, 3, 4: Advanced Optimization Pipeline ---
2026-04-21 05:22:46,971 - =========================================
2026-04-21 05:22:46,971 - BẮT ĐẦU TUYẾN TRÌNH TỐI ƯU (PIPELINE)
2026-04-21 05:22:46,971 - =========================================
2026-04-21 05:22:46,971 - === GIAI ĐOẠN 2: LOCAL SEARCH ĐA TOÁN TỬ | Bắt đầu: 64627.00 ===
2026-04-21 05:22:51,925 -   [LS Iter 1] Cải thiện cost: 64627.00 -> 58577.00
2026-04-21 05:22:56,576 -   [LS Iter 2] Cải thiện cost: 58577.00 -> 57230.00
2026-04-21 05:23:01,328 -   [LS Iter 3] Cải thiện cost: 57230.00 -> 56660.00
2026-04-21 05:23:05,977 -   [LS Iter 4] Cải thiện cost: 56660.00 -> 56493.00
2026-04-21 05:23:10,558 -   [LS Iter 5] Cải thiện cost: 56493.00 -> 56379.00
2026-04-21 05:23:15,044 -   [LS Iter 6] Cải thiện cost: 56379.00 -> 56349.00
2026-04-21 05:23:19,544 -   [LS Iter 7] Cải thiện cost: 56349.00 -> 56327.00
2026-04-21 05:23:23,997 -   [LS Iter 8] Cải thiện cost: 56327.00 -> 56318.00
2026-04-21 05:23:28,391 -   [LS Iter 9] Cải thiện cost: 56318.00 -> 56309.00
2026-04-21 05:23:32,755 -   [LS Iter 10] Cải thiện cost: 56309.00 -> 56304.00
2026-04-21 05:23:37,164 -   [LS Iter 11] Cải thiện cost: 56304.00 -> 56301.00
2026-04-21 05:23:41,600 -   [LS Iter 12] Cải thiện cost: 56301.00 -> 56294.00
2026-04-21 05:23:45,984 -   [LS Iter 13] Cải thiện cost: 56294.00 -> 56271.00
2026-04-21 05:23:50,312 -   [LS Iter 14] Cải thiện cost: 56271.00 -> 56244.00
2026-04-21 05:23:54,620 -   [LS Iter 15] Cải thiện cost: 56244.00 -> 56241.00
2026-04-21 05:23:58,911 -   [LS Iter 16] Cải thiện cost: 56241.00 -> 56234.00
2026-04-21 05:24:03,157 -   [LS Iter 17] Cải thiện cost: 56234.00 -> 56231.00
2026-04-21 05:24:07,389 - === KẾT THÚC GIAI ĐOẠN 2 | Đạt cực trị tại: 56231.00 ===
2026-04-21 05:24:07,389 - === BẮT ĐẦU CHẶNG 3: ALNS + GLS | Vòng lặp: 300 | Cost: 56231.00 ===
2026-04-21 05:26:23,547 -   [ALNS Iter 3] Random Destroy phá vỡ giới hạn -> BEST MỚI: 55833.00
2026-04-21 05:27:03,807 -   [ALNS Iter 4] Related Destroy phá vỡ giới hạn -> BEST MỚI: 55709.00
2026-04-21 05:28:41,625 -   [ALNS Iter 6] Related Destroy phá vỡ giới hạn -> BEST MỚI: 55483.00
2026-04-21 05:41:19,364 -   [ALNS Iter 20] Random Destroy phá vỡ giới hạn -> BEST MỚI: 55393.00
2026-04-21 05:42:13,763 -   [ALNS Iter 21] Related Destroy phá vỡ giới hạn -> BEST MỚI: 55249.00
2026-04-21 05:42:48,978 - === KẾT THÚC CHẶNG 3 | Cost xuất sắc nhất đạt được: 55249.00 ===
2026-04-21 05:42:48,978 - ======================================================================
2026-04-21 05:42:48,978 - CW Khởi tạo = 64627 → Sau Pipeline = 55249
2026-04-21 05:42:48,978 - Cải thiện so CW: 9378
2026-04-21 05:42:48,978 - Tổng thời gian: 1202.2s
2026-04-21 05:42:48,979 - Verified cost: 55249
2026-04-21 05:42:48,984 - ======================================================================
2026-04-21 05:42:48,984 - FILE: X-n367-k17.vrp
2026-04-21 05:42:48,984 - ======================================================================
2026-04-21 05:42:49,193 - Dim=367 K=17 Cap=218
2026-04-21 05:42:49,193 - --- Step 1: Clarke-Wright Heuristic ---
2026-04-21 05:42:49,446 -   cost=30991 time=0.25s
2026-04-21 05:42:49,446 - --- Step 2, 3, 4: Advanced Optimization Pipeline ---
2026-04-21 05:42:49,447 - =========================================
2026-04-21 05:42:49,447 - BẮT ĐẦU TUYẾN TRÌNH TỐI ƯU (PIPELINE)
2026-04-21 05:42:49,447 - =========================================
2026-04-21 05:42:49,447 - === GIAI ĐOẠN 2: LOCAL SEARCH ĐA TOÁN TỬ | Bắt đầu: 30991.00 ===
2026-04-21 05:42:59,499 -   [LS Iter 1] Cải thiện cost: 30991.00 -> 26899.00
2026-04-21 05:43:09,387 -   [LS Iter 2] Cải thiện cost: 26899.00 -> 26100.00
2026-04-21 05:43:19,115 -   [LS Iter 3] Cải thiện cost: 26100.00 -> 25976.00
2026-04-21 05:43:28,579 -   [LS Iter 4] Cải thiện cost: 25976.00 -> 25935.00
2026-04-21 05:43:37,878 -   [LS Iter 5] Cải thiện cost: 25935.00 -> 25913.00
2026-04-21 05:43:47,370 -   [LS Iter 6] Cải thiện cost: 25913.00 -> 25880.00
2026-04-21 05:43:56,723 -   [LS Iter 7] Cải thiện cost: 25880.00 -> 25857.00
2026-04-21 05:44:06,025 -   [LS Iter 8] Cải thiện cost: 25857.00 -> 25837.00
2026-04-21 05:44:15,368 -   [LS Iter 9] Cải thiện cost: 25837.00 -> 25823.00
2026-04-21 05:44:24,680 -   [LS Iter 10] Cải thiện cost: 25823.00 -> 25798.00
2026-04-21 05:44:33,972 -   [LS Iter 11] Cải thiện cost: 25798.00 -> 25767.00
2026-04-21 05:44:43,205 -   [LS Iter 12] Cải thiện cost: 25767.00 -> 25751.00
2026-04-21 05:44:52,702 -   [LS Iter 13] Cải thiện cost: 25751.00 -> 25715.00
2026-04-21 05:45:02,150 -   [LS Iter 14] Cải thiện cost: 25715.00 -> 25701.00
2026-04-21 05:45:11,772 -   [LS Iter 15] Cải thiện cost: 25701.00 -> 25694.00
2026-04-21 05:45:21,276 -   [LS Iter 16] Cải thiện cost: 25694.00 -> 25687.00
2026-04-21 05:45:30,881 -   [LS Iter 17] Cải thiện cost: 25687.00 -> 25682.00
2026-04-21 05:45:40,548 -   [LS Iter 18] Cải thiện cost: 25682.00 -> 25677.00
2026-04-21 05:45:50,530 -   [LS Iter 19] Cải thiện cost: 25677.00 -> 25672.00
2026-04-21 05:46:00,360 -   [LS Iter 20] Cải thiện cost: 25672.00 -> 25661.00
2026-04-21 05:46:10,093 -   [LS Iter 21] Cải thiện cost: 25661.00 -> 25657.00
2026-04-21 05:46:19,705 -   [LS Iter 22] Cải thiện cost: 25657.00 -> 25651.00
2026-04-21 05:46:29,451 -   [LS Iter 23] Cải thiện cost: 25651.00 -> 25637.00
2026-04-21 05:46:39,105 -   [LS Iter 24] Cải thiện cost: 25637.00 -> 25616.00
2026-04-21 05:46:48,721 -   [LS Iter 25] Cải thiện cost: 25616.00 -> 25597.00
2026-04-21 05:46:58,058 -   [LS Iter 26] Cải thiện cost: 25597.00 -> 25583.00
2026-04-21 05:47:07,391 -   [LS Iter 27] Cải thiện cost: 25583.00 -> 25576.00
2026-04-21 05:47:16,845 -   [LS Iter 28] Cải thiện cost: 25576.00 -> 25573.00
2026-04-21 05:47:26,155 -   [LS Iter 29] Cải thiện cost: 25573.00 -> 25500.00
2026-04-21 05:47:35,532 -   [LS Iter 30] Cải thiện cost: 25500.00 -> 25480.00
2026-04-21 05:47:44,955 -   [LS Iter 31] Cải thiện cost: 25480.00 -> 25473.00
2026-04-21 05:47:54,339 -   [LS Iter 32] Cải thiện cost: 25473.00 -> 25471.00
2026-04-21 05:48:03,795 -   [LS Iter 33] Cải thiện cost: 25471.00 -> 25469.00
2026-04-21 05:48:13,416 -   [LS Iter 34] Cải thiện cost: 25469.00 -> 25468.00
2026-04-21 05:48:22,917 -   [LS Iter 35] Cải thiện cost: 25468.00 -> 25457.00
2026-04-21 05:48:32,288 -   [LS Iter 36] Cải thiện cost: 25457.00 -> 25430.00
2026-04-21 05:48:41,913 -   [LS Iter 37] Cải thiện cost: 25430.00 -> 25429.00
2026-04-21 05:48:51,685 -   [LS Iter 38] Cải thiện cost: 25429.00 -> 25428.00
2026-04-21 05:49:01,418 - === KẾT THÚC GIAI ĐOẠN 2 | Đạt cực trị tại: 25428.00 ===
2026-04-21 05:49:01,419 - === BẮT ĐẦU CHẶNG 3: ALNS + GLS | Vòng lặp: 300 | Cost: 25428.00 ===
2026-04-21 05:49:51,649 -   [ALNS Iter 1] Random Destroy phá vỡ giới hạn -> BEST MỚI: 25412.00
2026-04-21 05:51:13,419 -   [ALNS Iter 2] Random Destroy phá vỡ giới hạn -> BEST MỚI: 25298.00
2026-04-21 05:54:57,923 -   [ALNS Iter 4] Related Destroy phá vỡ giới hạn -> BEST MỚI: 25271.00
2026-04-21 05:56:56,395 -   [ALNS Iter 6] Random Destroy phá vỡ giới hạn -> BEST MỚI: 25223.00
2026-04-21 05:57:52,341 -   [ALNS Iter 8] Random Destroy phá vỡ giới hạn -> BEST MỚI: 25112.00
2026-04-21 06:01:13,125 -   [ALNS Iter 11] Random Destroy phá vỡ giới hạn -> BEST MỚI: 25033.00
2026-04-21 06:02:55,088 - === KẾT THÚC CHẶNG 3 | Cost xuất sắc nhất đạt được: 25033.00 ===
2026-04-21 06:02:55,089 - ======================================================================
2026-04-21 06:02:55,089 - CW Khởi tạo = 30991 → Sau Pipeline = 25033
2026-04-21 06:02:55,089 - Cải thiện so CW: 5958
2026-04-21 06:02:55,089 - Tổng thời gian: 1205.9s
2026-04-21 06:02:55,089 - Verified cost: 25033
2026-04-21 06:02:55,094 - ======================================================================
2026-04-21 06:02:55,094 - FILE: X-n376-k94.vrp
2026-04-21 06:02:55,094 - ======================================================================
2026-04-21 06:02:55,308 - Dim=376 K=94 Cap=4
2026-04-21 06:02:55,309 - --- Step 1: Clarke-Wright Heuristic ---
2026-04-21 06:02:55,469 -   cost=159753 time=0.16s
2026-04-21 06:02:55,469 - --- Step 2, 3, 4: Advanced Optimization Pipeline ---
2026-04-21 06:02:55,469 - =========================================
2026-04-21 06:02:55,469 - BẮT ĐẦU TUYẾN TRÌNH TỐI ƯU (PIPELINE)
2026-04-21 06:02:55,469 - =========================================
2026-04-21 06:02:55,469 - === GIAI ĐOẠN 2: LOCAL SEARCH ĐA TOÁN TỬ | Bắt đầu: 159753.00 ===
2026-04-21 06:02:58,499 -   [LS Iter 1] Cải thiện cost: 159753.00 -> 150978.00
2026-04-21 06:03:01,410 -   [LS Iter 2] Cải thiện cost: 150978.00 -> 149573.00
2026-04-21 06:03:04,191 -   [LS Iter 3] Cải thiện cost: 149573.00 -> 149408.00
2026-04-21 06:03:07,034 -   [LS Iter 4] Cải thiện cost: 149408.00 -> 149365.00
2026-04-21 06:03:09,843 - === KẾT THÚC GIAI ĐOẠN 2 | Đạt cực trị tại: 149365.00 ===
2026-04-21 06:03:09,844 - === BẮT ĐẦU CHẶNG 3: ALNS + GLS | Vòng lặp: 300 | Cost: 149365.00 ===
2026-04-21 06:03:35,973 -   [ALNS Iter 2] Random Destroy phá vỡ giới hạn -> BEST MỚI: 149167.00
2026-04-21 06:04:22,638 -   [ALNS Iter 5] Worst Destroy phá vỡ giới hạn -> BEST MỚI: 149045.00
2026-04-21 06:04:46,396 -   [ALNS Iter 7] Worst Destroy phá vỡ giới hạn -> BEST MỚI: 148977.00
2026-04-21 06:05:55,530 -   [ALNS Iter 12] Random Destroy phá vỡ giới hạn -> BEST MỚI: 148871.00
2026-04-21 06:08:05,653 -   [GLS Iter 21] Cập nhật ma trận phạt để thay đổi hướng đi.
2026-04-21 06:09:33,241 -   [ALNS Iter 27] Random Destroy phá vỡ giới hạn -> BEST MỚI: 148852.00
2026-04-21 06:10:18,687 -   [ALNS Iter 30] Random Destroy phá vỡ giới hạn -> BEST MỚI: 148850.00
2026-04-21 06:11:13,808 -   [ALNS Iter 34] Worst Destroy phá vỡ giới hạn -> BEST MỚI: 148847.00
2026-04-21 06:15:52,166 -   [ALNS Iter 54] Worst Destroy phá vỡ giới hạn -> BEST MỚI: 148732.00
2026-04-21 06:21:36,463 -   [GLS Iter 81] Cập nhật ma trận phạt để thay đổi hướng đi.
2026-04-21 06:22:36,405 -   [ALNS Iter 85] Worst Destroy phá vỡ giới hạn -> BEST MỚI: 148697.00
2026-04-21 06:22:58,242 - === KẾT THÚC CHẶNG 3 | Cost xuất sắc nhất đạt được: 148697.00 ===
2026-04-21 06:22:58,242 - ======================================================================
2026-04-21 06:22:58,242 - CW Khởi tạo = 159753 → Sau Pipeline = 148697
2026-04-21 06:22:58,243 - Cải thiện so CW: 11056
2026-04-21 06:22:58,243 - Tổng thời gian: 1202.9s
2026-04-21 06:22:58,243 - Verified cost: 148697
2026-04-21 06:22:58,257 - ======================================================================
2026-04-21 06:22:58,257 - FILE: X-n384-k52.vrp
2026-04-21 06:22:58,257 - ======================================================================
2026-04-21 06:22:58,474 - Dim=384 K=52 Cap=564
2026-04-21 06:22:58,475 - --- Step 1: Clarke-Wright Heuristic ---
2026-04-21 06:23:07,614 -   cost=221877 time=9.14s
2026-04-21 06:23:07,614 - --- Step 2, 3, 4: Advanced Optimization Pipeline ---
2026-04-21 06:23:07,615 - =========================================
2026-04-21 06:23:07,615 - BẮT ĐẦU TUYẾN TRÌNH TỐI ƯU (PIPELINE)
2026-04-21 06:23:07,615 - =========================================
2026-04-21 06:23:07,615 - === GIAI ĐOẠN 2: LOCAL SEARCH ĐA TOÁN TỬ | Bắt đầu: 221877.00 ===
2026-04-21 06:23:11,386 -   [LS Iter 1] Cải thiện cost: 221877.00 -> 93223.00
2026-04-21 06:23:14,712 -   [LS Iter 2] Cải thiện cost: 93223.00 -> 82774.00
2026-04-21 06:23:17,930 -   [LS Iter 3] Cải thiện cost: 82774.00 -> 79641.00
2026-04-21 06:23:21,152 -   [LS Iter 4] Cải thiện cost: 79641.00 -> 78165.00
2026-04-21 06:23:24,346 -   [LS Iter 5] Cải thiện cost: 78165.00 -> 77461.00
2026-04-21 06:23:27,577 -   [LS Iter 6] Cải thiện cost: 77461.00 -> 76826.00
2026-04-21 06:23:30,791 -   [LS Iter 7] Cải thiện cost: 76826.00 -> 75551.00
2026-04-21 06:23:34,013 -   [LS Iter 8] Cải thiện cost: 75551.00 -> 75194.00
2026-04-21 06:23:37,192 - === KẾT THÚC GIAI ĐOẠN 2 | Đạt cực trị tại: 75194.00 ===
2026-04-21 06:23:37,192 - === BẮT ĐẦU CHẶNG 3: ALNS + GLS | Vòng lặp: 300 | Cost: 75194.00 ===
2026-04-21 06:23:52,444 -   [GLS Iter 21] Cập nhật ma trận phạt do kẹt tải trọng liên tục.
2026-04-21 06:24:39,357 -   [GLS Iter 81] Cập nhật ma trận phạt do kẹt tải trọng liên tục.
2026-04-21 06:25:19,684 -   [GLS Iter 141] Cập nhật ma trận phạt do kẹt tải trọng liên tục.
2026-04-21 06:25:54,825 -   [GLS Iter 201] Cập nhật ma trận phạt do kẹt tải trọng liên tục.
2026-04-21 06:26:35,304 -   [GLS Iter 261] Cập nhật ma trận phạt do kẹt tải trọng liên tục.
2026-04-21 06:26:58,376 - === KẾT THÚC CHẶNG 3 | Cost xuất sắc nhất đạt được: 75194.00 ===
2026-04-21 06:26:58,377 - === BẮT ĐẦU CHẶNG 4: MAX-SAT CHÍNH XÁC | Cost: 75194.00 ===
2026-04-21 06:26:58,377 -   [GĐ 4.1] Giải bài toán TSP trên từng tuyến đơn...
2026-04-21 06:27:38,381 -     [S-Timeout 40.0s]
2026-04-21 06:28:18,452 -     [S-Timeout 40.0s]
2026-04-21 06:28:58,466 -     [S-Timeout 40.0s]
2026-04-21 06:29:45,171 -     [S-Timeout 40.0s]
2026-04-21 06:30:25,186 -     [S-Timeout 40.0s]
2026-04-21 06:31:38,829 -     [S-Timeout 40.0s]
2026-04-21 06:32:18,842 -     [S-Timeout 40.0s]
2026-04-21 06:32:58,856 -     [S-Timeout 40.0s]
2026-04-21 06:33:53,922 -     [S-Timeout 40.0s]
2026-04-21 06:34:33,937 -     [S-Timeout 40.0s]
2026-04-21 06:35:13,950 -     [S-Timeout 40.0s]
2026-04-21 06:35:53,963 -     [S-Timeout 40.0s]
2026-04-21 06:37:36,674 -     [S-Timeout 40.0s]
2026-04-21 06:39:28,144 -     [S-Timeout 40.0s]
2026-04-21 06:40:39,321 -     [S-Timeout 40.0s]
2026-04-21 06:41:19,335 -     [S-Timeout 40.0s]
2026-04-21 06:41:59,349 -     [S-Timeout 40.0s]
2026-04-21 06:42:39,362 -     [S-Timeout 40.0s]
2026-04-21 06:43:05,619 -     [S-Timeout 26.2s]
2026-04-21 06:43:05,628 -   [GĐ 4.2] Xét từng cặp tuyến để phân bổ lại khách hàng...
2026-04-21 06:43:05,628 -   --- Pairwise Iter 1 (còn 2s) ---
2026-04-21 06:43:05,648 -     -> Đã đạt cực trị toàn cục cho mọi cặp dưới ngưỡng. KẾT THÚC CHẶNG 4.
2026-04-21 06:43:05,649 - HOÀN THÀNH PIPELINE. Final cost=75194.00 | Time=1198.0s
2026-04-21 06:43:05,649 - ======================================================================
2026-04-21 06:43:05,649 - CW Khởi tạo = 221877 → Sau Pipeline = 75194
2026-04-21 06:43:05,649 - Cải thiện so CW: 146683
2026-04-21 06:43:05,649 - Tổng thời gian: 1207.2s
2026-04-21 06:43:05,649 - Verified cost: 75194
2026-04-21 06:43:05,655 - ======================================================================
2026-04-21 06:43:05,655 - FILE: X-n393-k38.vrp
2026-04-21 06:43:05,655 - ======================================================================
2026-04-21 06:43:05,891 - Dim=393 K=38 Cap=78
2026-04-21 06:43:05,891 - --- Step 1: Clarke-Wright Heuristic ---
2026-04-21 06:43:06,128 -   cost=53877 time=0.24s
2026-04-21 06:43:06,129 - --- Step 2, 3, 4: Advanced Optimization Pipeline ---
2026-04-21 06:43:06,129 - =========================================
2026-04-21 06:43:06,129 - BẮT ĐẦU TUYẾN TRÌNH TỐI ƯU (PIPELINE)
2026-04-21 06:43:06,129 - =========================================
2026-04-21 06:43:06,129 - === GIAI ĐOẠN 2: LOCAL SEARCH ĐA TOÁN TỬ | Bắt đầu: 53877.00 ===
2026-04-21 06:43:11,557 -   [LS Iter 1] Cải thiện cost: 53877.00 -> 44057.00
2026-04-21 06:43:16,658 -   [LS Iter 2] Cải thiện cost: 44057.00 -> 42659.00
2026-04-21 06:43:21,646 -   [LS Iter 3] Cải thiện cost: 42659.00 -> 42245.00
2026-04-21 06:43:26,626 -   [LS Iter 4] Cải thiện cost: 42245.00 -> 42056.00
2026-04-21 06:43:31,601 -   [LS Iter 5] Cải thiện cost: 42056.00 -> 41986.00
2026-04-21 06:43:36,604 -   [LS Iter 6] Cải thiện cost: 41986.00 -> 41941.00
2026-04-21 06:43:41,570 - === KẾT THÚC GIAI ĐOẠN 2 | Đạt cực trị tại: 41941.00 ===
2026-04-21 06:43:41,570 - === BẮT ĐẦU CHẶNG 3: ALNS + GLS | Vòng lặp: 300 | Cost: 41941.00 ===
2026-04-21 06:44:29,082 -   [ALNS Iter 2] Random Destroy phá vỡ giới hạn -> BEST MỚI: 40941.00
2026-04-21 06:45:33,507 -   [ALNS Iter 4] Random Destroy phá vỡ giới hạn -> BEST MỚI: 40893.00
2026-04-21 06:46:36,300 -   [ALNS Iter 12] Random Destroy phá vỡ giới hạn -> BEST MỚI: 40856.00
2026-04-21 06:47:49,212 -   [ALNS Iter 17] Random Destroy phá vỡ giới hạn -> BEST MỚI: 40842.00
2026-04-21 06:48:11,850 -   [ALNS Iter 20] Random Destroy phá vỡ giới hạn -> BEST MỚI: 40688.00
2026-04-21 06:52:17,051 -   [ALNS Iter 33] Random Destroy phá vỡ giới hạn -> BEST MỚI: 40589.00
2026-04-21 06:52:43,950 -   [ALNS Iter 34] Random Destroy phá vỡ giới hạn -> BEST MỚI: 40552.00
2026-04-21 06:55:25,647 -   [ALNS Iter 47] Worst Destroy phá vỡ giới hạn -> BEST MỚI: 40480.00
2026-04-21 07:03:10,363 - === KẾT THÚC CHẶNG 3 | Cost xuất sắc nhất đạt được: 40480.00 ===
2026-04-21 07:03:10,364 - ======================================================================
2026-04-21 07:03:10,364 - CW Khởi tạo = 53877 → Sau Pipeline = 40480
2026-04-21 07:03:10,364 - Cải thiện so CW: 13397
2026-04-21 07:03:10,364 - Tổng thời gian: 1204.5s
2026-04-21 07:03:10,364 - Verified cost: 40480
2026-04-21 07:03:10,370 - ======================================================================
2026-04-21 07:03:10,370 - FILE: X-n401-k29.vrp
2026-04-21 07:03:10,370 - ======================================================================
2026-04-21 07:03:10,605 - Dim=401 K=29 Cap=745
2026-04-21 07:03:10,605 - --- Step 1: Clarke-Wright Heuristic ---
2026-04-21 07:03:10,889 -   cost=77323 time=0.28s
2026-04-21 07:03:10,890 - --- Step 2, 3, 4: Advanced Optimization Pipeline ---
2026-04-21 07:03:10,890 - =========================================
2026-04-21 07:03:10,890 - BẮT ĐẦU TUYẾN TRÌNH TỐI ƯU (PIPELINE)
2026-04-21 07:03:10,890 - =========================================
2026-04-21 07:03:10,890 - === GIAI ĐOẠN 2: LOCAL SEARCH ĐA TOÁN TỬ | Bắt đầu: 77323.00 ===
2026-04-21 07:03:19,284 -   [LS Iter 1] Cải thiện cost: 77323.00 -> 72744.00
2026-04-21 07:03:26,559 -   [LS Iter 2] Cải thiện cost: 72744.00 -> 71748.00
2026-04-21 07:03:33,799 -   [LS Iter 3] Cải thiện cost: 71748.00 -> 71232.00
2026-04-21 07:03:40,927 -   [LS Iter 4] Cải thiện cost: 71232.00 -> 70911.00
2026-04-21 07:03:47,760 -   [LS Iter 5] Cải thiện cost: 70911.00 -> 70883.00
2026-04-21 07:03:54,660 -   [LS Iter 6] Cải thiện cost: 70883.00 -> 70871.00
2026-04-21 07:04:01,567 -   [LS Iter 7] Cải thiện cost: 70871.00 -> 70840.00
2026-04-21 07:04:08,333 -   [LS Iter 8] Cải thiện cost: 70840.00 -> 70829.00
2026-04-21 07:04:15,401 -   [LS Iter 9] Cải thiện cost: 70829.00 -> 70818.00
2026-04-21 07:04:22,559 -   [LS Iter 10] Cải thiện cost: 70818.00 -> 70807.00
2026-04-21 07:04:29,716 -   [LS Iter 11] Cải thiện cost: 70807.00 -> 70799.00
2026-04-21 07:04:36,815 -   [LS Iter 12] Cải thiện cost: 70799.00 -> 70792.00
2026-04-21 07:04:43,695 -   [LS Iter 13] Cải thiện cost: 70792.00 -> 70775.00
2026-04-21 07:04:50,616 -   [LS Iter 14] Cải thiện cost: 70775.00 -> 70645.00
2026-04-21 07:04:57,690 -   [LS Iter 15] Cải thiện cost: 70645.00 -> 70623.00
2026-04-21 07:05:04,808 -   [LS Iter 16] Cải thiện cost: 70623.00 -> 70612.00
2026-04-21 07:05:11,985 -   [LS Iter 17] Cải thiện cost: 70612.00 -> 70605.00
2026-04-21 07:05:18,952 -   [LS Iter 18] Cải thiện cost: 70605.00 -> 70565.00
2026-04-21 07:05:25,914 -   [LS Iter 19] Cải thiện cost: 70565.00 -> 70559.00
2026-04-21 07:05:32,903 -   [LS Iter 20] Cải thiện cost: 70559.00 -> 70552.00
2026-04-21 07:05:39,965 -   [LS Iter 21] Cải thiện cost: 70552.00 -> 70542.00
2026-04-21 07:05:46,932 -   [LS Iter 22] Cải thiện cost: 70542.00 -> 70528.00
2026-04-21 07:05:53,830 -   [LS Iter 23] Cải thiện cost: 70528.00 -> 70524.00
2026-04-21 07:06:00,819 -   [LS Iter 24] Cải thiện cost: 70524.00 -> 70520.00
2026-04-21 07:06:07,804 -   [LS Iter 25] Cải thiện cost: 70520.00 -> 70517.00
2026-04-21 07:06:14,813 -   [LS Iter 26] Cải thiện cost: 70517.00 -> 70511.00
2026-04-21 07:06:21,741 -   [LS Iter 27] Cải thiện cost: 70511.00 -> 70504.00
2026-04-21 07:06:28,577 -   [LS Iter 28] Cải thiện cost: 70504.00 -> 70502.00
2026-04-21 07:06:35,581 -   [LS Iter 29] Cải thiện cost: 70502.00 -> 70492.00
2026-04-21 07:06:42,624 -   [LS Iter 30] Cải thiện cost: 70492.00 -> 70490.00
2026-04-21 07:06:49,678 -   [LS Iter 31] Cải thiện cost: 70490.00 -> 70488.00
2026-04-21 07:06:56,694 -   [LS Iter 32] Cải thiện cost: 70488.00 -> 70482.00
2026-04-21 07:07:03,909 -   [LS Iter 33] Cải thiện cost: 70482.00 -> 70468.00
2026-04-21 07:07:11,342 -   [LS Iter 34] Cải thiện cost: 70468.00 -> 70451.00
2026-04-21 07:07:18,674 - === KẾT THÚC GIAI ĐOẠN 2 | Đạt cực trị tại: 70451.00 ===
2026-04-21 07:07:18,674 - === BẮT ĐẦU CHẶNG 3: ALNS + GLS | Vòng lặp: 300 | Cost: 70451.00 ===
2026-04-21 07:11:37,300 -   [ALNS Iter 3] Worst Destroy phá vỡ giới hạn -> BEST MỚI: 69972.00
2026-04-21 07:13:13,089 -   [ALNS Iter 5] Worst Destroy phá vỡ giới hạn -> BEST MỚI: 69828.00
2026-04-21 07:14:37,096 -   [ALNS Iter 6] Related Destroy phá vỡ giới hạn -> BEST MỚI: 69657.00
2026-04-21 07:23:15,785 - === KẾT THÚC CHẶNG 3 | Cost xuất sắc nhất đạt được: 69657.00 ===
2026-04-21 07:23:15,785 - ======================================================================
2026-04-21 07:23:15,785 - CW Khởi tạo = 77323 → Sau Pipeline = 69657
2026-04-21 07:23:15,785 - Cải thiện so CW: 7666
2026-04-21 07:23:15,785 - Tổng thời gian: 1205.2s
2026-04-21 07:23:15,785 - Verified cost: 69657
2026-04-21 07:23:15,791 - ======================================================================
2026-04-21 07:23:15,791 - FILE: X-n411-k19.vrp
2026-04-21 07:23:15,791 - ======================================================================
2026-04-21 07:23:16,048 - Dim=411 K=19 Cap=216
2026-04-21 07:23:16,048 - --- Step 1: Clarke-Wright Heuristic ---
2026-04-21 07:23:16,359 -   cost=26328 time=0.31s
2026-04-21 07:23:16,359 - --- Step 2, 3, 4: Advanced Optimization Pipeline ---
2026-04-21 07:23:16,360 - =========================================
2026-04-21 07:23:16,360 - BẮT ĐẦU TUYẾN TRÌNH TỐI ƯU (PIPELINE)
2026-04-21 07:23:16,360 - =========================================
2026-04-21 07:23:16,360 - === GIAI ĐOẠN 2: LOCAL SEARCH ĐA TOÁN TỬ | Bắt đầu: 26328.00 ===
2026-04-21 07:23:34,283 -   [LS Iter 1] Cải thiện cost: 26328.00 -> 23294.00
2026-04-21 07:23:51,536 -   [LS Iter 2] Cải thiện cost: 23294.00 -> 22678.00
2026-04-21 07:24:08,985 -   [LS Iter 3] Cải thiện cost: 22678.00 -> 22554.00
2026-04-21 07:24:26,368 -   [LS Iter 4] Cải thiện cost: 22554.00 -> 22406.00
2026-04-21 07:24:42,679 -   [LS Iter 5] Cải thiện cost: 22406.00 -> 22335.00
2026-04-21 07:24:58,723 -   [LS Iter 6] Cải thiện cost: 22335.00 -> 22259.00
2026-04-21 07:25:14,743 -   [LS Iter 7] Cải thiện cost: 22259.00 -> 22169.00
2026-04-21 07:25:29,955 -   [LS Iter 8] Cải thiện cost: 22169.00 -> 22128.00
2026-04-21 07:25:45,308 -   [LS Iter 9] Cải thiện cost: 22128.00 -> 22085.00
2026-04-21 07:26:01,226 -   [LS Iter 10] Cải thiện cost: 22085.00 -> 21946.00
2026-04-21 07:26:17,248 -   [LS Iter 11] Cải thiện cost: 21946.00 -> 21841.00
2026-04-21 07:26:32,655 -   [LS Iter 12] Cải thiện cost: 21841.00 -> 21813.00
2026-04-21 07:26:47,583 -   [LS Iter 13] Cải thiện cost: 21813.00 -> 21780.00
2026-04-21 07:27:02,474 -   [LS Iter 14] Cải thiện cost: 21780.00 -> 21755.00
2026-04-21 07:27:17,505 -   [LS Iter 15] Cải thiện cost: 21755.00 -> 21740.00
2026-04-21 07:27:32,290 -   [LS Iter 16] Cải thiện cost: 21740.00 -> 21641.00
2026-04-21 07:27:47,053 -   [LS Iter 17] Cải thiện cost: 21641.00 -> 21593.00
2026-04-21 07:28:01,132 -   [LS Iter 18] Cải thiện cost: 21593.00 -> 21576.00
2026-04-21 07:28:14,964 -   [LS Iter 19] Cải thiện cost: 21576.00 -> 21548.00
2026-04-21 07:28:28,584 -   [LS Iter 20] Cải thiện cost: 21548.00 -> 21522.00
2026-04-21 07:28:42,102 -   [LS Iter 21] Cải thiện cost: 21522.00 -> 21503.00
2026-04-21 07:28:55,162 -   [LS Iter 22] Cải thiện cost: 21503.00 -> 21489.00
2026-04-21 07:29:08,275 -   [LS Iter 23] Cải thiện cost: 21489.00 -> 21467.00
2026-04-21 07:29:20,725 -   [LS Iter 24] Cải thiện cost: 21467.00 -> 21449.00
2026-04-21 07:29:33,026 -   [LS Iter 25] Cải thiện cost: 21449.00 -> 21440.00
2026-04-21 07:29:45,276 -   [LS Iter 26] Cải thiện cost: 21440.00 -> 21432.00
2026-04-21 07:29:57,210 -   [LS Iter 27] Cải thiện cost: 21432.00 -> 21425.00
2026-04-21 07:30:09,274 -   [LS Iter 28] Cải thiện cost: 21425.00 -> 21420.00
2026-04-21 07:30:21,362 -   [LS Iter 29] Cải thiện cost: 21420.00 -> 21414.00
2026-04-21 07:30:33,251 -   [LS Iter 30] Cải thiện cost: 21414.00 -> 21380.00
2026-04-21 07:30:45,663 -   [LS Iter 31] Cải thiện cost: 21380.00 -> 21376.00
2026-04-21 07:30:58,412 -   [LS Iter 32] Cải thiện cost: 21376.00 -> 21364.00
2026-04-21 07:31:11,381 -   [LS Iter 33] Cải thiện cost: 21364.00 -> 21353.00
2026-04-21 07:31:24,134 -   [LS Iter 34] Cải thiện cost: 21353.00 -> 21342.00
2026-04-21 07:31:36,485 -   [LS Iter 35] Cải thiện cost: 21342.00 -> 21341.00
2026-04-21 07:31:49,187 -   [LS Iter 36] Cải thiện cost: 21341.00 -> 21339.00
2026-04-21 07:32:01,340 -   [LS Iter 37] Cải thiện cost: 21339.00 -> 21333.00
2026-04-21 07:32:13,285 -   [LS Iter 38] Cải thiện cost: 21333.00 -> 21332.00
2026-04-21 07:32:25,508 -   [LS Iter 39] Cải thiện cost: 21332.00 -> 21299.00
2026-04-21 07:32:37,884 -   [LS Iter 40] Cải thiện cost: 21299.00 -> 21296.00
2026-04-21 07:32:49,773 -   [LS Iter 41] Cải thiện cost: 21296.00 -> 21293.00
2026-04-21 07:33:01,673 -   [LS Iter 42] Cải thiện cost: 21293.00 -> 21290.00
2026-04-21 07:33:13,828 -   [LS Iter 43] Cải thiện cost: 21290.00 -> 21286.00
2026-04-21 07:33:25,877 -   [LS Iter 44] Cải thiện cost: 21286.00 -> 21285.00
2026-04-21 07:33:37,993 - === KẾT THÚC GIAI ĐOẠN 2 | Đạt cực trị tại: 21285.00 ===
2026-04-21 07:33:37,993 - === BẮT ĐẦU CHẶNG 3: ALNS + GLS | Vòng lặp: 300 | Cost: 21285.00 ===
2026-04-21 07:43:19,490 - === KẾT THÚC CHẶNG 3 | Cost xuất sắc nhất đạt được: 21285.00 ===
2026-04-21 07:43:19,490 - ======================================================================
2026-04-21 07:43:19,490 - CW Khởi tạo = 26328 → Sau Pipeline = 21285
2026-04-21 07:43:19,490 - Cải thiện so CW: 5043
2026-04-21 07:43:19,491 - Tổng thời gian: 1203.4s
2026-04-21 07:43:19,491 - Verified cost: 21285
2026-04-21 07:43:19,492 - ======================================================================
2026-04-21 07:43:19,492 - FILE: X-n420-k130.vrp
2026-04-21 07:43:19,492 - ======================================================================
2026-04-21 07:43:19,754 - Dim=420 K=130 Cap=18
2026-04-21 07:43:19,754 - --- Step 1: Clarke-Wright Heuristic ---
2026-04-21 07:43:24,189 -   cost=220761 time=4.43s
2026-04-21 07:43:24,189 - --- Step 2, 3, 4: Advanced Optimization Pipeline ---
2026-04-21 07:43:24,190 - =========================================
2026-04-21 07:43:24,190 - BẮT ĐẦU TUYẾN TRÌNH TỐI ƯU (PIPELINE)
2026-04-21 07:43:24,190 - =========================================
2026-04-21 07:43:24,190 - === GIAI ĐOẠN 2: LOCAL SEARCH ĐA TOÁN TỬ | Bắt đầu: 220761.00 ===
2026-04-21 07:43:26,528 -   [LS Iter 1] Cải thiện cost: 220761.00 -> 125108.00
2026-04-21 07:43:28,851 -   [LS Iter 2] Cải thiện cost: 125108.00 -> 117329.00
2026-04-21 07:43:30,941 -   [LS Iter 3] Cải thiện cost: 117329.00 -> 115474.00
2026-04-21 07:43:33,035 -   [LS Iter 4] Cải thiện cost: 115474.00 -> 114025.00
2026-04-21 07:43:35,126 -   [LS Iter 5] Cải thiện cost: 114025.00 -> 113627.00
2026-04-21 07:43:37,183 -   [LS Iter 6] Cải thiện cost: 113627.00 -> 113504.00
2026-04-21 07:43:39,252 -   [LS Iter 7] Cải thiện cost: 113504.00 -> 113486.00
2026-04-21 07:43:41,305 - === KẾT THÚC GIAI ĐOẠN 2 | Đạt cực trị tại: 113486.00 ===
2026-04-21 07:43:41,306 - === BẮT ĐẦU CHẶNG 3: ALNS + GLS | Vòng lặp: 300 | Cost: 113486.00 ===
2026-04-21 07:44:15,103 -   [ALNS Iter 16] Related Destroy phá vỡ giới hạn -> BEST MỚI: 112571.00
2026-04-21 07:44:43,889 -   [ALNS Iter 40] Related Destroy phá vỡ giới hạn -> BEST MỚI: 112019.00
2026-04-21 07:45:04,378 -   [ALNS Iter 48] Related Destroy phá vỡ giới hạn -> BEST MỚI: 111506.00
2026-04-21 07:45:13,440 -   [ALNS Iter 50] Related Destroy phá vỡ giới hạn -> BEST MỚI: 111444.00
2026-04-21 07:45:24,410 -   [ALNS Iter 51] Related Destroy phá vỡ giới hạn -> BEST MỚI: 111420.00
2026-04-21 07:45:46,910 -   [ALNS Iter 56] Related Destroy phá vỡ giới hạn -> BEST MỚI: 111355.00
2026-04-21 07:45:59,637 -   [ALNS Iter 62] Related Destroy phá vỡ giới hạn -> BEST MỚI: 111059.00
2026-04-21 07:46:17,100 -   [GLS Iter 101] Cập nhật ma trận phạt do kẹt tải trọng liên tục.
2026-04-21 07:46:26,304 -   [ALNS Iter 103] Related Destroy phá vỡ giới hạn -> BEST MỚI: 110918.00
2026-04-21 07:46:35,378 -   [GLS Iter 121] Cập nhật ma trận phạt do kẹt tải trọng liên tục.
2026-04-21 07:46:54,196 -   [ALNS Iter 125] Related Destroy phá vỡ giới hạn -> BEST MỚI: 110743.00
2026-04-21 07:47:09,999 -   [GLS Iter 161] Cập nhật ma trận phạt do kẹt tải trọng liên tục.
2026-04-21 07:48:15,525 -   [GLS Iter 221] Cập nhật ma trận phạt do kẹt tải trọng liên tục.
2026-04-21 07:48:31,277 -   [ALNS Iter 226] Related Destroy phá vỡ giới hạn -> BEST MỚI: 110480.00
2026-04-21 07:48:39,657 -   [GLS Iter 241] Cập nhật ma trận phạt do kẹt tải trọng liên tục.
2026-04-21 07:50:01,849 - === KẾT THÚC CHẶNG 3 | Cost xuất sắc nhất đạt được: 110480.00 ===
2026-04-21 07:50:01,849 - === BẮT ĐẦU CHẶNG 4: MAX-SAT CHÍNH XÁC | Cost: 110480.00 ===
2026-04-21 07:50:01,849 -   [GĐ 4.1] Giải bài toán TSP trên từng tuyến đơn...
2026-04-21 07:50:07,752 -   [GĐ 4.2] Xét từng cặp tuyến để phân bổ lại khách hàng...
2026-04-21 07:50:07,753 -   --- Pairwise Iter 1 (còn 796s) ---
2026-04-21 07:51:31,092 -     [P-Timeout 60.0s]
2026-04-21 07:52:31,104 -     [P-Timeout 60.0s]
2026-04-21 07:53:31,116 -     [P-Timeout 60.0s]
2026-04-21 07:54:31,128 -     [P-Timeout 60.0s]
2026-04-21 07:55:54,372 -     [P-Timeout 60.0s]
2026-04-21 07:56:54,384 -     [P-Timeout 60.0s]
2026-04-21 07:58:29,188 -     [P-Timeout 60.0s]
2026-04-21 07:59:29,200 -     [P-Timeout 60.0s]
2026-04-21 08:00:29,212 -     [P-Timeout 60.0s]
2026-04-21 08:01:29,224 -     [P-Timeout 60.0s]
2026-04-21 08:03:22,193 -     [P-Timeout 59.2s]
2026-04-21 08:03:22,230 -     -> Đã đạt cực trị toàn cục cho mọi cặp dưới ngưỡng. KẾT THÚC CHẶNG 4.
2026-04-21 08:03:22,231 - HOÀN THÀNH PIPELINE. Final cost=110480.00 | Time=1198.0s
2026-04-21 08:03:22,231 - ======================================================================
2026-04-21 08:03:22,231 - CW Khởi tạo = 220761 → Sau Pipeline = 110480
2026-04-21 08:03:22,231 - Cải thiện so CW: 110281
2026-04-21 08:03:22,231 - Tổng thời gian: 1202.5s
2026-04-21 08:03:22,231 - Verified cost: 110480
2026-04-21 08:03:22,238 - ======================================================================
2026-04-21 08:03:22,238 - FILE: X-n429-k61.vrp
2026-04-21 08:03:22,238 - ======================================================================
2026-04-21 08:03:22,523 - Dim=429 K=61 Cap=536
2026-04-21 08:03:22,523 - --- Step 1: Clarke-Wright Heuristic ---
2026-04-21 08:03:27,199 -   cost=241642 time=4.68s
2026-04-21 08:03:27,199 - --- Step 2, 3, 4: Advanced Optimization Pipeline ---
2026-04-21 08:03:27,199 - =========================================
2026-04-21 08:03:27,200 - BẮT ĐẦU TUYẾN TRÌNH TỐI ƯU (PIPELINE)
2026-04-21 08:03:27,200 - =========================================
2026-04-21 08:03:27,200 - === GIAI ĐOẠN 2: LOCAL SEARCH ĐA TOÁN TỬ | Bắt đầu: 241642.00 ===
2026-04-21 08:03:32,547 -   [LS Iter 1] Cải thiện cost: 241642.00 -> 92514.00
2026-04-21 08:03:36,909 -   [LS Iter 2] Cải thiện cost: 92514.00 -> 78582.00
2026-04-21 08:03:41,031 -   [LS Iter 3] Cải thiện cost: 78582.00 -> 76110.00
2026-04-21 08:03:45,137 -   [LS Iter 4] Cải thiện cost: 76110.00 -> 74484.00
2026-04-21 08:03:49,188 -   [LS Iter 5] Cải thiện cost: 74484.00 -> 73629.00
2026-04-21 08:03:53,248 -   [LS Iter 6] Cải thiện cost: 73629.00 -> 73450.00
2026-04-21 08:03:57,298 -   [LS Iter 7] Cải thiện cost: 73450.00 -> 73387.00
2026-04-21 08:04:01,339 -   [LS Iter 8] Cải thiện cost: 73387.00 -> 73168.00
2026-04-21 08:04:05,374 -   [LS Iter 9] Cải thiện cost: 73168.00 -> 73153.00
2026-04-21 08:04:09,436 - === KẾT THÚC GIAI ĐOẠN 2 | Đạt cực trị tại: 73153.00 ===
2026-04-21 08:04:09,437 - === BẮT ĐẦU CHẶNG 3: ALNS + GLS | Vòng lặp: 300 | Cost: 73153.00 ===
2026-04-21 08:04:25,354 -   [GLS Iter 21] Cập nhật ma trận phạt do kẹt tải trọng liên tục.
2026-04-21 08:05:21,544 -   [GLS Iter 81] Cập nhật ma trận phạt do kẹt tải trọng liên tục.
2026-04-21 08:06:14,493 -   [GLS Iter 141] Cập nhật ma trận phạt do kẹt tải trọng liên tục.
