2026-04-29 22:58:17,320 - ======================================================================
2026-04-29 22:58:17,320 - CPLEX MIP SOLVER  |  FILE: X-n106-k14.vrp
2026-04-29 22:58:17,320 - ======================================================================
2026-04-29 22:58:17,359 - Thông tin dữ liệu: Dimension=106, K=14, Capacity=600
2026-04-29 22:58:17,365 - --- Step 1: Clarke-Wright Heuristic ---
2026-04-29 22:58:17,393 -   Kết quả CW: Cost = 29479, Time = 0.028s
2026-04-29 22:58:17,396 - --- Step 2: Advanced Optimization (CPLEX MIP) ---
2026-04-29 22:58:17,396 - =========================================
2026-04-29 22:58:17,396 - BẮT ĐẦU OPTIMIZE  (100% CPLEX MIP)
2026-04-29 22:58:17,396 -  -> Max Single Size  : 20
2026-04-29 22:58:17,396 -  -> Single Timeout   : 40.0s
2026-04-29 22:58:17,396 -  -> Max Pairwise Size: 26
2026-04-29 22:58:17,396 -  -> Pairwise Timeout : 76.0s
2026-04-29 22:58:17,396 -  -> Global Timeout   : 1200.0s
2026-04-29 22:58:17,396 -  -> Chi phí khởi điểm: 29479
2026-04-29 22:58:17,396 - =========================================
2026-04-29 22:58:17,396 - === BẮT ĐẦU CHẶNG 4: CPLEX MIP CHÍNH XÁC | Cost: 29479 ===
2026-04-29 22:58:17,396 -   [GĐ 4.1] Giải bài toán TSP trên từng tuyến đơn...
2026-04-29 22:58:20,602 -     -> Single CPLEX cải thiện: 863. Cost mới: 28616
2026-04-29 22:58:20,602 -   [GĐ 4.2] Xét từng cặp tuyến để phân bổ lại khách hàng...
2026-04-29 22:58:20,603 -   --- Pairwise Iter 1 (còn 1197s) ---
2026-04-29 22:59:36,644 -     [P4.2] Pair (4,12) giảm 134 -> BEST = 28482
2026-04-29 22:59:36,804 -   --- Pairwise Iter 2 (còn 1121s) ---
2026-04-29 23:00:11,967 -     [P4.2] Pair (11,12) giảm 343 -> BEST = 28139
2026-04-29 23:00:12,004 -   --- Pairwise Iter 3 (còn 1085s) ---
2026-04-29 23:01:28,061 -     [P4.2] Pair (2,3) giảm 66 -> BEST = 28073
2026-04-29 23:01:28,122 -   --- Pairwise Iter 4 (còn 1009s) ---
2026-04-29 23:02:44,163 -     [P4.2] Pair (4,10) giảm 34 -> BEST = 28039
2026-04-29 23:02:44,243 -   --- Pairwise Iter 5 (còn 933s) ---
2026-04-29 23:05:16,354 -     [P4.2] Pair (12,13) giảm 322 -> BEST = 27717
2026-04-29 23:05:16,707 -   --- Pairwise Iter 6 (còn 781s) ---
2026-04-29 23:10:20,844 -     [P4.2] Pair (0,5) giảm 35 -> BEST = 27682
2026-04-29 23:10:20,956 -   --- Pairwise Iter 7 (còn 476s) ---
2026-04-29 23:14:09,061 -     [P4.2] Pair (5,10) giảm 51 -> BEST = 27631
2026-04-29 23:14:09,353 -   --- Pairwise Iter 8 (còn 248s) ---
2026-04-29 23:15:25,436 -     [P4.2] Pair (4,10) giảm 4 -> BEST = 27627
2026-04-29 23:15:26,004 -   --- Pairwise Iter 9 (còn 171s) ---
2026-04-29 23:18:15,428 -     -> Đã đạt cực trị toàn cục cho mọi cặp dưới ngưỡng. KẾT THÚC CHẶNG 4.
2026-04-29 23:18:15,428 - Hoàn thành trong 1198.0s. Final Cost: 27627
2026-04-29 23:18:15,428 - ======================================================================
2026-04-29 23:18:15,428 - BÁO CÁO TỔNG KẾT (SUMMARY)
2026-04-29 23:18:15,428 - ======================================================================
2026-04-29 23:18:15,428 -   1. Chi phí Clarke-Wright:     29479
2026-04-29 23:18:15,428 -   2. Chi phí sau CPLEX MIP:     27627
2026-04-29 23:18:15,428 -   => TỔNG CẢI THIỆN:            1852
2026-04-29 23:18:15,428 -   => Số lần CPLEX Single cải thiện  : 12 lần
2026-04-29 23:18:15,428 -   => Số lần CPLEX Pairwise cải thiện: 8 lần
2026-04-29 23:18:15,428 -   => TỔNG THỜI GIAN CHẠY:       1198.060s
2026-04-29 23:18:15,433 - ======================================================================
2026-04-29 23:18:15,433 - CPLEX MIP SOLVER  |  FILE: X-n110-k13.vrp
2026-04-29 23:18:15,433 - ======================================================================
2026-04-29 23:18:15,454 - Thông tin dữ liệu: Dimension=110, K=13, Capacity=66
2026-04-29 23:18:15,454 - --- Step 1: Clarke-Wright Heuristic ---
2026-04-29 23:18:15,466 -   Kết quả CW: Cost = 19434, Time = 0.012s
2026-04-29 23:18:15,466 - --- Step 2: Advanced Optimization (CPLEX MIP) ---
2026-04-29 23:18:15,466 - =========================================
2026-04-29 23:18:15,466 - BẮT ĐẦU OPTIMIZE  (100% CPLEX MIP)
2026-04-29 23:18:15,466 -  -> Max Single Size  : 21
2026-04-29 23:18:15,467 -  -> Single Timeout   : 40.0s
2026-04-29 23:18:15,467 -  -> Max Pairwise Size: 28
2026-04-29 23:18:15,467 -  -> Pairwise Timeout : 85.0s
2026-04-29 23:18:15,467 -  -> Global Timeout   : 1200.0s
2026-04-29 23:18:15,467 -  -> Chi phí khởi điểm: 19434
2026-04-29 23:18:15,467 - =========================================
2026-04-29 23:18:15,467 - === BẮT ĐẦU CHẶNG 4: CPLEX MIP CHÍNH XÁC | Cost: 19434 ===
2026-04-29 23:18:15,467 -   [GĐ 4.1] Giải bài toán TSP trên từng tuyến đơn...
2026-04-29 23:18:16,379 -     -> Single CPLEX cải thiện: 1260. Cost mới: 18174
2026-04-29 23:18:16,379 -   [GĐ 4.2] Xét từng cặp tuyến để phân bổ lại khách hàng...
2026-04-29 23:18:16,380 -   --- Pairwise Iter 1 (còn 1199s) ---
2026-04-29 23:19:41,420 -     [P4.2] Pair (10,12) giảm 69 -> BEST = 18105
2026-04-29 23:19:41,625 -   --- Pairwise Iter 2 (còn 1114s) ---
2026-04-29 23:21:06,670 -     [P4.2] Pair (3,12) giảm 209 -> BEST = 17896
2026-04-29 23:21:07,063 -   --- Pairwise Iter 3 (còn 1028s) ---
2026-04-29 23:23:57,151 -     [P4.2] Pair (0,1) giảm 105 -> BEST = 17791
2026-04-29 23:23:57,260 -   --- Pairwise Iter 4 (còn 858s) ---
2026-04-29 23:28:12,385 -     [P4.2] Pair (3,9) giảm 299 -> BEST = 17492
2026-04-29 23:28:12,564 -   --- Pairwise Iter 5 (còn 603s) ---
2026-04-29 23:29:37,610 -     [P4.2] Pair (3,12) giảm 130 -> BEST = 17362
2026-04-29 23:29:38,264 -   --- Pairwise Iter 6 (còn 517s) ---
2026-04-29 23:31:03,309 -     [P4.2] Pair (9,12) giảm 59 -> BEST = 17303
2026-04-29 23:31:03,491 -   --- Pairwise Iter 7 (còn 432s) ---
2026-04-29 23:32:53,135 -     [P4.2] Pair (0,9) giảm 226 -> BEST = 17077
2026-04-29 23:32:53,171 -   --- Pairwise Iter 8 (còn 322s) ---
2026-04-29 23:34:18,216 -     [P4.2] Pair (1,9) giảm 25 -> BEST = 17052
2026-04-29 23:34:18,274 -   --- Pairwise Iter 9 (còn 237s) ---
2026-04-29 23:38:13,507 -     [P4.2] Pair (5,6) giảm 268 -> BEST = 16784
2026-04-29 23:38:13,507 -   --- Pairwise Iter 10 (còn 2s) ---
2026-04-29 23:38:13,509 -     -> Đã đạt cực trị toàn cục cho mọi cặp dưới ngưỡng. KẾT THÚC CHẶNG 4.
2026-04-29 23:38:13,509 - Hoàn thành trong 1198.0s. Final Cost: 16784
2026-04-29 23:38:13,509 - ======================================================================
2026-04-29 23:38:13,509 - BÁO CÁO TỔNG KẾT (SUMMARY)
2026-04-29 23:38:13,509 - ======================================================================
2026-04-29 23:38:13,509 -   1. Chi phí Clarke-Wright:     19434
2026-04-29 23:38:13,509 -   2. Chi phí sau CPLEX MIP:     16784
2026-04-29 23:38:13,509 -   => TỔNG CẢI THIỆN:            2650
2026-04-29 23:38:13,509 -   => Số lần CPLEX Single cải thiện  : 13 lần
2026-04-29 23:38:13,509 -   => Số lần CPLEX Pairwise cải thiện: 9 lần
2026-04-29 23:38:13,509 -   => TỔNG THỜI GIAN CHẠY:       1198.055s
2026-04-29 23:38:13,514 - ======================================================================
2026-04-29 23:38:13,514 - CPLEX MIP SOLVER  |  FILE: X-n115-k10.vrp
2026-04-29 23:38:13,514 - ======================================================================
2026-04-29 23:38:13,542 - Thông tin dữ liệu: Dimension=115, K=10, Capacity=169
2026-04-29 23:38:13,543 - --- Step 1: Clarke-Wright Heuristic ---
2026-04-29 23:38:13,558 -   Kết quả CW: Cost = 20672, Time = 0.015s
2026-04-29 23:38:13,558 - --- Step 2: Advanced Optimization (CPLEX MIP) ---
2026-04-29 23:38:13,558 - =========================================
2026-04-29 23:38:13,558 - BẮT ĐẦU OPTIMIZE  (100% CPLEX MIP)
2026-04-29 23:38:13,558 -  -> Max Single Size  : 28
2026-04-29 23:38:13,558 -  -> Single Timeout   : 40.0s
2026-04-29 23:38:13,558 -  -> Max Pairwise Size: 28
2026-04-29 23:38:13,558 -  -> Pairwise Timeout : 115.0s
2026-04-29 23:38:13,558 -  -> Global Timeout   : 1200.0s
2026-04-29 23:38:13,558 -  -> Chi phí khởi điểm: 20672
2026-04-29 23:38:13,558 - =========================================
2026-04-29 23:38:13,558 - === BẮT ĐẦU CHẶNG 4: CPLEX MIP CHÍNH XÁC | Cost: 20672 ===
2026-04-29 23:38:13,558 -   [GĐ 4.1] Giải bài toán TSP trên từng tuyến đơn...
2026-04-29 23:38:17,034 -     -> Single CPLEX cải thiện: 3457. Cost mới: 17215
2026-04-29 23:38:17,034 -   [GĐ 4.2] Xét từng cặp tuyến để phân bổ lại khách hàng...
2026-04-29 23:38:17,034 -   --- Pairwise Iter 1 (còn 1197s) ---
2026-04-29 23:40:12,093 -     [P4.2] Pair (5,6) giảm 81 -> BEST = 17134
2026-04-29 23:40:12,236 -   --- Pairwise Iter 2 (còn 1081s) ---
2026-04-29 23:42:07,322 -     [P4.2] Pair (2,7) giảm 78 -> BEST = 17056
2026-04-29 23:42:07,465 -   --- Pairwise Iter 3 (còn 966s) ---
2026-04-29 23:44:02,564 -     [P4.2] Pair (0,3) giảm 207 -> BEST = 16849
2026-04-29 23:44:02,744 -   --- Pairwise Iter 4 (còn 851s) ---
2026-04-29 23:45:57,808 -     [P4.2] Pair (4,6) giảm 241 -> BEST = 16608
2026-04-29 23:46:06,183 -       [S-re] Route 6: 3419 → 3375  (−44) | BEST = 16564
2026-04-29 23:46:06,183 -   --- Pairwise Iter 5 (còn 727s) ---
2026-04-29 23:48:01,245 -     [P4.2] Pair (4,6) giảm 87 -> BEST = 16477
2026-04-29 23:48:01,518 -   --- Pairwise Iter 6 (còn 612s) ---
2026-04-29 23:48:31,390 -     [P4.2] Pair (7,8) giảm 121 -> BEST = 16356
2026-04-29 23:48:31,461 -   --- Pairwise Iter 7 (còn 582s) ---
2026-04-29 23:54:47,549 -     [P4.2] Pair (4,8) giảm 19 -> BEST = 16337
2026-04-29 23:54:47,627 -       [S-re] Route 4: 1355 → 1338  (−17) | BEST = 16320
2026-04-29 23:54:48,362 -       [S-re] Route 8: 1888 → 1677  (−211) | BEST = 16109
2026-04-29 23:54:48,363 -   --- Pairwise Iter 8 (còn 205s) ---
2026-04-29 23:58:11,614 -     [P4.2] Pair (6,8) giảm 102 -> BEST = 16007
2026-04-29 23:58:11,614 -   --- Pairwise Iter 9 (còn 2s) ---
2026-04-29 23:58:11,616 -     -> Đã đạt cực trị toàn cục cho mọi cặp dưới ngưỡng. KẾT THÚC CHẶNG 4.
2026-04-29 23:58:11,616 - Hoàn thành trong 1198.1s. Final Cost: 16007
2026-04-29 23:58:11,616 - ======================================================================
2026-04-29 23:58:11,616 - BÁO CÁO TỔNG KẾT (SUMMARY)
2026-04-29 23:58:11,616 - ======================================================================
2026-04-29 23:58:11,616 -   1. Chi phí Clarke-Wright:     20672
2026-04-29 23:58:11,616 -   2. Chi phí sau CPLEX MIP:     16007
2026-04-29 23:58:11,616 -   => TỔNG CẢI THIỆN:            4665
2026-04-29 23:58:11,616 -   => Số lần CPLEX Single cải thiện  : 12 lần
2026-04-29 23:58:11,616 -   => Số lần CPLEX Pairwise cải thiện: 8 lần
2026-04-29 23:58:11,616 -   => TỔNG THỜI GIAN CHẠY:       1198.073s
2026-04-29 23:58:11,620 - ======================================================================
2026-04-29 23:58:11,621 - CPLEX MIP SOLVER  |  FILE: X-n120-k6.vrp
2026-04-29 23:58:11,621 - ======================================================================
2026-04-29 23:58:11,651 - Thông tin dữ liệu: Dimension=120, K=6, Capacity=21
2026-04-29 23:58:11,652 - --- Step 1: Clarke-Wright Heuristic ---
2026-04-29 23:58:11,667 -   Kết quả CW: Cost = 18648, Time = 0.015s
2026-04-29 23:58:11,667 - --- Step 2: Advanced Optimization (CPLEX MIP) ---
2026-04-29 23:58:11,667 - =========================================
2026-04-29 23:58:11,667 - BẮT ĐẦU OPTIMIZE  (100% CPLEX MIP)
2026-04-29 23:58:11,667 -  -> Max Single Size  : 35
2026-04-29 23:58:11,667 -  -> Single Timeout   : 40.0s
2026-04-29 23:58:11,667 -  -> Max Pairwise Size: 28
2026-04-29 23:58:11,667 -  -> Pairwise Timeout : 150.0s
2026-04-29 23:58:11,667 -  -> Global Timeout   : 1200.0s
2026-04-29 23:58:11,667 -  -> Chi phí khởi điểm: 18648
2026-04-29 23:58:11,667 - =========================================
2026-04-29 23:58:11,667 - === BẮT ĐẦU CHẶNG 4: CPLEX MIP CHÍNH XÁC | Cost: 18648 ===
2026-04-29 23:58:11,667 -   [GĐ 4.1] Giải bài toán TSP trên từng tuyến đơn...
2026-04-29 23:59:14,270 -     -> Single CPLEX cải thiện: 2885. Cost mới: 15763
2026-04-29 23:59:14,270 -   [GĐ 4.2] Xét từng cặp tuyến để phân bổ lại khách hàng...
2026-04-29 23:59:14,270 -   --- Pairwise Iter 1 (còn 1137s) ---
2026-04-29 23:59:14,272 -     -> Đã đạt cực trị toàn cục cho mọi cặp dưới ngưỡng. KẾT THÚC CHẶNG 4.
2026-04-29 23:59:14,272 - Hoàn thành trong 62.6s. Final Cost: 15763
2026-04-29 23:59:14,272 - ======================================================================
2026-04-29 23:59:14,272 - BÁO CÁO TỔNG KẾT (SUMMARY)
2026-04-29 23:59:14,272 - ======================================================================
2026-04-29 23:59:14,272 -   1. Chi phí Clarke-Wright:     18648
2026-04-29 23:59:14,272 -   2. Chi phí sau CPLEX MIP:     15763
2026-04-29 23:59:14,272 -   => TỔNG CẢI THIỆN:            2885
2026-04-29 23:59:14,272 -   => Số lần CPLEX Single cải thiện  : 6 lần
2026-04-29 23:59:14,272 -   => Số lần CPLEX Pairwise cải thiện: 0 lần
2026-04-29 23:59:14,272 -   => TỔNG THỜI GIAN CHẠY:       62.620s
2026-04-29 23:59:14,277 - ======================================================================
2026-04-29 23:59:14,277 - CPLEX MIP SOLVER  |  FILE: X-n125-k30.vrp
2026-04-29 23:59:14,277 - ======================================================================
2026-04-29 23:59:14,309 - Thông tin dữ liệu: Dimension=125, K=30, Capacity=188
2026-04-29 23:59:14,310 - --- Step 1: Clarke-Wright Heuristic ---
2026-04-29 23:59:14,387 -   Kết quả CW: Cost = 88682, Time = 0.077s
2026-04-29 23:59:14,387 - --- Step 2: Advanced Optimization (CPLEX MIP) ---
2026-04-29 23:59:14,387 - =========================================
2026-04-29 23:59:14,387 - BẮT ĐẦU OPTIMIZE  (100% CPLEX MIP)
2026-04-29 23:59:14,387 -  -> Max Single Size  : 20
2026-04-29 23:59:14,387 -  -> Single Timeout   : 40.0s
2026-04-29 23:59:14,387 -  -> Max Pairwise Size: 16
2026-04-29 23:59:14,387 -  -> Pairwise Timeout : 42.0s
2026-04-29 23:59:14,387 -  -> Global Timeout   : 1200.0s
2026-04-29 23:59:14,387 -  -> Chi phí khởi điểm: 88682
2026-04-29 23:59:14,387 - =========================================
2026-04-29 23:59:14,387 - === BẮT ĐẦU CHẶNG 4: CPLEX MIP CHÍNH XÁC | Cost: 88682 ===
2026-04-29 23:59:14,387 -   [GĐ 4.1] Giải bài toán TSP trên từng tuyến đơn...
2026-04-29 23:59:54,849 -     -> Single CPLEX cải thiện: 16645. Cost mới: 72037
2026-04-29 23:59:54,850 -   [GĐ 4.2] Xét từng cặp tuyến để phân bổ lại khách hàng...
2026-04-29 23:59:54,850 -   --- Pairwise Iter 1 (còn 1160s) ---
2026-04-29 23:59:55,221 -     [P4.2] Pair (6,23) giảm 186 -> BEST = 71851
2026-04-29 23:59:55,240 -   --- Pairwise Iter 2 (còn 1159s) ---
2026-04-30 00:00:03,906 -     [P4.2] Pair (11,28) giảm 78 -> BEST = 71773
2026-04-30 00:00:03,945 -   --- Pairwise Iter 3 (còn 1150s) ---
2026-04-30 00:00:07,320 -     [P4.2] Pair (17,18) giảm 6 -> BEST = 71767
2026-04-30 00:00:07,336 -   --- Pairwise Iter 4 (còn 1147s) ---
2026-04-30 00:00:14,721 -     [P4.2] Pair (6,26) giảm 149 -> BEST = 71618
2026-04-30 00:00:14,752 -   --- Pairwise Iter 5 (còn 1140s) ---
2026-04-30 00:00:18,663 -     [P4.2] Pair (23,26) giảm 92 -> BEST = 71526
2026-04-30 00:00:18,691 -   --- Pairwise Iter 6 (còn 1136s) ---
2026-04-30 00:00:21,921 -     [P4.2] Pair (6,26) giảm 6 -> BEST = 71520
2026-04-30 00:00:21,945 -   --- Pairwise Iter 7 (còn 1132s) ---
2026-04-30 00:00:39,507 -     [P4.2] Pair (6,24) giảm 345 -> BEST = 71175
2026-04-30 00:00:39,542 -   --- Pairwise Iter 8 (còn 1115s) ---
2026-04-30 00:00:43,051 -     [P4.2] Pair (8,20) giảm 72 -> BEST = 71103
2026-04-30 00:00:43,069 -   --- Pairwise Iter 9 (còn 1111s) ---
2026-04-30 00:00:53,346 -     [P4.2] Pair (13,25) giảm 323 -> BEST = 70780
2026-04-30 00:00:53,372 -   --- Pairwise Iter 10 (còn 1101s) ---
2026-04-30 00:00:53,815 -     [P4.2] Pair (19,25) giảm 167 -> BEST = 70613
2026-04-30 00:00:53,837 -   --- Pairwise Iter 11 (còn 1101s) ---
2026-04-30 00:01:04,042 -     [P4.2] Pair (4,20) giảm 468 -> BEST = 70145
2026-04-30 00:01:04,060 -   --- Pairwise Iter 12 (còn 1090s) ---
2026-04-30 00:01:56,302 -     [P4.2] Pair (6,27) giảm 19 -> BEST = 70126
2026-04-30 00:01:56,347 -   --- Pairwise Iter 13 (còn 1038s) ---
2026-04-30 00:02:39,919 -     [P4.2] Pair (27,28) giảm 45 -> BEST = 70081
2026-04-30 00:02:39,950 -   --- Pairwise Iter 14 (còn 994s) ---
2026-04-30 00:03:30,986 -     [P4.2] Pair (11,28) giảm 87 -> BEST = 69994
2026-04-30 00:03:31,035 -   --- Pairwise Iter 15 (còn 943s) ---
2026-04-30 00:04:27,138 -     [P4.2] Pair (6,28) giảm 29 -> BEST = 69965
2026-04-30 00:04:27,223 -   --- Pairwise Iter 16 (còn 887s) ---
2026-04-30 00:06:44,684 -     [P4.2] Pair (11,24) giảm 1148 -> BEST = 68817
2026-04-30 00:06:44,727 -   --- Pairwise Iter 17 (còn 750s) ---
2026-04-30 00:08:57,572 -     [P4.2] Pair (24,28) giảm 3 -> BEST = 68814
2026-04-30 00:08:57,630 -   --- Pairwise Iter 18 (còn 617s) ---
2026-04-30 00:09:51,276 -     [P4.2] Pair (24,28) giảm 2 -> BEST = 68812
2026-04-30 00:09:51,340 -   --- Pairwise Iter 19 (còn 563s) ---
2026-04-30 00:10:44,750 -     [P4.2] Pair (6,28) giảm 134 -> BEST = 68678
2026-04-30 00:10:44,816 -   --- Pairwise Iter 20 (còn 510s) ---
2026-04-30 00:12:14,187 -     [P4.2] Pair (8,23) giảm 50 -> BEST = 68628
2026-04-30 00:12:14,205 -   --- Pairwise Iter 21 (còn 420s) ---
2026-04-30 00:12:17,977 -     [P4.2] Pair (23,27) giảm 57 -> BEST = 68571
2026-04-30 00:12:18,009 -   --- Pairwise Iter 22 (còn 416s) ---
2026-04-30 00:12:25,358 -     [P4.2] Pair (6,23) giảm 528 -> BEST = 68043
2026-04-30 00:12:25,444 -   --- Pairwise Iter 23 (còn 409s) ---
2026-04-30 00:14:48,784 -     [P4.2] Pair (11,21) giảm 163 -> BEST = 67880
2026-04-30 00:14:48,824 -   --- Pairwise Iter 24 (còn 266s) ---
2026-04-30 00:17:57,272 -     [P4.2] Pair (23,24) giảm 307 -> BEST = 67573
2026-04-30 00:17:57,355 -   --- Pairwise Iter 25 (còn 77s) ---
2026-04-30 00:18:40,108 -     [P4.2] Pair (23,24) giảm 8 -> BEST = 67565
2026-04-30 00:18:40,185 -       [S-re] Route 24: 2318 → 2308  (−10) | BEST = 67555
2026-04-30 00:18:40,185 -   --- Pairwise Iter 26 (còn 34s) ---
2026-04-30 00:19:12,425 -     -> Đã đạt cực trị toàn cục cho mọi cặp dưới ngưỡng. KẾT THÚC CHẶNG 4.
2026-04-30 00:19:12,425 - Hoàn thành trong 1198.0s. Final Cost: 67555
2026-04-30 00:19:12,425 - ======================================================================
2026-04-30 00:19:12,425 - BÁO CÁO TỔNG KẾT (SUMMARY)
2026-04-30 00:19:12,425 - ======================================================================
2026-04-30 00:19:12,425 -   1. Chi phí Clarke-Wright:     88682
2026-04-30 00:19:12,425 -   2. Chi phí sau CPLEX MIP:     67555
2026-04-30 00:19:12,425 -   => TỔNG CẢI THIỆN:            21127
2026-04-30 00:19:12,425 -   => Số lần CPLEX Single cải thiện  : 16 lần
2026-04-30 00:19:12,425 -   => Số lần CPLEX Pairwise cải thiện: 25 lần
2026-04-30 00:19:12,425 -   => TỔNG THỜI GIAN CHẠY:       1198.115s
2026-04-30 00:19:12,430 - ======================================================================
2026-04-30 00:19:12,430 - CPLEX MIP SOLVER  |  FILE: X-n129-k18.vrp
2026-04-30 00:19:12,430 - ======================================================================
2026-04-30 00:19:12,465 - Thông tin dữ liệu: Dimension=129, K=18, Capacity=39
2026-04-30 00:19:12,465 - --- Step 1: Clarke-Wright Heuristic ---
2026-04-30 00:19:12,492 -   Kết quả CW: Cost = 35681, Time = 0.027s
2026-04-30 00:19:12,492 - --- Step 2: Advanced Optimization (CPLEX MIP) ---
2026-04-30 00:19:12,492 - =========================================
2026-04-30 00:19:12,492 - BẮT ĐẦU OPTIMIZE  (100% CPLEX MIP)
2026-04-30 00:19:12,492 -  -> Max Single Size  : 20
2026-04-30 00:19:12,492 -  -> Single Timeout   : 40.0s
2026-04-30 00:19:12,493 -  -> Max Pairwise Size: 25
2026-04-30 00:19:12,493 -  -> Pairwise Timeout : 72.0s
2026-04-30 00:19:12,493 -  -> Global Timeout   : 1200.0s
2026-04-30 00:19:12,493 -  -> Chi phí khởi điểm: 35681
2026-04-30 00:19:12,493 - =========================================
2026-04-30 00:19:12,493 - === BẮT ĐẦU CHẶNG 4: CPLEX MIP CHÍNH XÁC | Cost: 35681 ===
2026-04-30 00:19:12,493 -   [GĐ 4.1] Giải bài toán TSP trên từng tuyến đơn...
2026-04-30 00:19:23,455 -     -> Single CPLEX cải thiện: 1761. Cost mới: 33920
2026-04-30 00:19:23,456 -   [GĐ 4.2] Xét từng cặp tuyến để phân bổ lại khách hàng...
2026-04-30 00:19:23,456 -   --- Pairwise Iter 1 (còn 1189s) ---
2026-04-30 00:20:35,505 -     [P4.2] Pair (4,7) giảm 58 -> BEST = 33862
2026-04-30 00:20:35,739 -   --- Pairwise Iter 2 (còn 1117s) ---
2026-04-30 00:22:59,831 -     [P4.2] Pair (7,11) giảm 180 -> BEST = 33682
2026-04-30 00:23:00,028 -       [S-re] Route 11: 1526 → 1500  (−26) | BEST = 33656
2026-04-30 00:23:00,028 -   --- Pairwise Iter 3 (còn 972s) ---
2026-04-30 00:24:12,070 -     [P4.2] Pair (4,11) giảm 11 -> BEST = 33645
2026-04-30 00:24:12,267 -   --- Pairwise Iter 4 (còn 900s) ---
2026-04-30 00:26:36,351 -     [P4.2] Pair (4,7) giảm 3 -> BEST = 33642
2026-04-30 00:26:36,499 -   --- Pairwise Iter 5 (còn 756s) ---
2026-04-30 00:29:05,023 -     [P4.2] Pair (5,6) giảm 49 -> BEST = 33593
2026-04-30 00:29:05,060 -   --- Pairwise Iter 6 (còn 607s) ---
2026-04-30 00:32:41,190 -     [P4.2] Pair (2,6) giảm 141 -> BEST = 33452
2026-04-30 00:32:41,226 -   --- Pairwise Iter 7 (còn 391s) ---
2026-04-30 00:36:19,355 -     [P4.2] Pair (9,12) giảm 230 -> BEST = 33222
2026-04-30 00:36:19,411 -   --- Pairwise Iter 8 (còn 173s) ---
2026-04-30 00:39:10,526 -     -> Đã đạt cực trị toàn cục cho mọi cặp dưới ngưỡng. KẾT THÚC CHẶNG 4.
2026-04-30 00:39:10,526 - Hoàn thành trong 1198.0s. Final Cost: 33222
2026-04-30 00:39:10,526 - ======================================================================
2026-04-30 00:39:10,526 - BÁO CÁO TỔNG KẾT (SUMMARY)
2026-04-30 00:39:10,526 - ======================================================================
2026-04-30 00:39:10,526 -   1. Chi phí Clarke-Wright:     35681
2026-04-30 00:39:10,526 -   2. Chi phí sau CPLEX MIP:     33222
2026-04-30 00:39:10,526 -   => TỔNG CẢI THIỆN:            2459
2026-04-30 00:39:10,526 -   => Số lần CPLEX Single cải thiện  : 14 lần
2026-04-30 00:39:10,526 -   => Số lần CPLEX Pairwise cải thiện: 7 lần
2026-04-30 00:39:10,526 -   => TỔNG THỜI GIAN CHẠY:       1198.061s
2026-04-30 00:39:10,531 - ======================================================================
2026-04-30 00:39:10,531 - CPLEX MIP SOLVER  |  FILE: X-n134-k13.vrp
2026-04-30 00:39:10,531 - ======================================================================
2026-04-30 00:39:10,567 - Thông tin dữ liệu: Dimension=134, K=13, Capacity=643
2026-04-30 00:39:10,567 - --- Step 1: Clarke-Wright Heuristic ---
2026-04-30 00:39:10,586 -   Kết quả CW: Cost = 14297, Time = 0.019s
2026-04-30 00:39:10,586 - --- Step 2: Advanced Optimization (CPLEX MIP) ---
2026-04-30 00:39:10,586 - =========================================
2026-04-30 00:39:10,586 - BẮT ĐẦU OPTIMIZE  (100% CPLEX MIP)
2026-04-30 00:39:10,586 -  -> Max Single Size  : 25
2026-04-30 00:39:10,586 -  -> Single Timeout   : 40.0s
2026-04-30 00:39:10,586 -  -> Max Pairwise Size: 28
2026-04-30 00:39:10,586 -  -> Pairwise Timeout : 104.0s
2026-04-30 00:39:10,587 -  -> Global Timeout   : 1200.0s
2026-04-30 00:39:10,587 -  -> Chi phí khởi điểm: 14297
2026-04-30 00:39:10,587 - =========================================
2026-04-30 00:39:10,587 - === BẮT ĐẦU CHẶNG 4: CPLEX MIP CHÍNH XÁC | Cost: 14297 ===
2026-04-30 00:39:10,587 -   [GĐ 4.1] Giải bài toán TSP trên từng tuyến đơn...
2026-04-30 00:39:56,645 -     -> Single CPLEX cải thiện: 967. Cost mới: 13330
2026-04-30 00:39:56,646 -   [GĐ 4.2] Xét từng cặp tuyến để phân bổ lại khách hàng...
2026-04-30 00:39:56,646 -   --- Pairwise Iter 1 (còn 1154s) ---
2026-04-30 00:43:24,758 -     [P4.2] Pair (0,12) giảm 63 -> BEST = 13267
2026-04-30 00:43:25,623 -   --- Pairwise Iter 2 (còn 945s) ---
2026-04-30 00:48:37,784 -     [P4.2] Pair (2,9) giảm 68 -> BEST = 13199
2026-04-30 00:48:38,130 -   --- Pairwise Iter 3 (còn 632s) ---
2026-04-30 00:53:50,295 -     [P4.2] Pair (8,9) giảm 81 -> BEST = 13118
2026-04-30 00:53:50,565 -   --- Pairwise Iter 4 (còn 320s) ---
2026-04-30 00:59:02,730 -     [P4.2] Pair (7,10) giảm 161 -> BEST = 12957
2026-04-30 00:59:02,782 -   --- Pairwise Iter 5 (còn 8s) ---
2026-04-30 00:59:08,637 -     -> Đã đạt cực trị toàn cục cho mọi cặp dưới ngưỡng. KẾT THÚC CHẶNG 4.
2026-04-30 00:59:08,637 - Hoàn thành trong 1198.1s. Final Cost: 12957
2026-04-30 00:59:08,637 - ======================================================================
2026-04-30 00:59:08,637 - BÁO CÁO TỔNG KẾT (SUMMARY)
2026-04-30 00:59:08,637 - ======================================================================
2026-04-30 00:59:08,637 -   1. Chi phí Clarke-Wright:     14297
2026-04-30 00:59:08,637 -   2. Chi phí sau CPLEX MIP:     12957
2026-04-30 00:59:08,637 -   => TỔNG CẢI THIỆN:            1340
2026-04-30 00:59:08,637 -   => Số lần CPLEX Single cải thiện  : 13 lần
2026-04-30 00:59:08,637 -   => Số lần CPLEX Pairwise cải thiện: 4 lần
2026-04-30 00:59:08,637 -   => TỔNG THỜI GIAN CHẠY:       1198.069s
2026-04-30 00:59:08,642 - ======================================================================
2026-04-30 00:59:08,642 - CPLEX MIP SOLVER  |  FILE: X-n139-k10.vrp
2026-04-30 00:59:08,642 - ======================================================================
2026-04-30 00:59:08,679 - Thông tin dữ liệu: Dimension=139, K=10, Capacity=106
2026-04-30 00:59:08,679 - --- Step 1: Clarke-Wright Heuristic ---
2026-04-30 00:59:08,700 -   Kết quả CW: Cost = 20423, Time = 0.020s
2026-04-30 00:59:08,700 - --- Step 2: Advanced Optimization (CPLEX MIP) ---
2026-04-30 00:59:08,700 - =========================================
2026-04-30 00:59:08,700 - BẮT ĐẦU OPTIMIZE  (100% CPLEX MIP)
2026-04-30 00:59:08,700 -  -> Max Single Size  : 34
2026-04-30 00:59:08,700 -  -> Single Timeout   : 40.0s
2026-04-30 00:59:08,700 -  -> Max Pairwise Size: 28
2026-04-30 00:59:08,700 -  -> Pairwise Timeout : 139.0s
2026-04-30 00:59:08,700 -  -> Global Timeout   : 1200.0s
2026-04-30 00:59:08,700 -  -> Chi phí khởi điểm: 20423
2026-04-30 00:59:08,700 - =========================================
2026-04-30 00:59:08,700 - === BẮT ĐẦU CHẶNG 4: CPLEX MIP CHÍNH XÁC | Cost: 20423 ===
2026-04-30 00:59:08,700 -   [GĐ 4.1] Giải bài toán TSP trên từng tuyến đơn...
2026-04-30 01:00:45,351 -     -> Single CPLEX cải thiện: 3308. Cost mới: 17115
2026-04-30 01:00:45,351 -   [GĐ 4.2] Xét từng cặp tuyến để phân bổ lại khách hàng...
2026-04-30 01:00:45,351 -   --- Pairwise Iter 1 (còn 1103s) ---
2026-04-30 01:03:04,447 -     [P4.2] Pair (0,9) giảm 506 -> BEST = 16609
2026-04-30 01:03:04,677 -   --- Pairwise Iter 2 (còn 964s) ---
2026-04-30 01:07:42,879 -     [P4.2] Pair (6,9) giảm 505 -> BEST = 16104
2026-04-30 01:07:43,297 -       [S-re] Route 9: 1958 → 1943  (−15) | BEST = 16089
2026-04-30 01:07:43,297 -   --- Pairwise Iter 3 (còn 685s) ---
2026-04-30 01:19:06,923 -     [P4.2] Pair (7,9) giảm 224 -> BEST = 15865
2026-04-30 01:19:06,923 -   --- Pairwise Iter 4 (còn 2s) ---
2026-04-30 01:19:06,925 -     -> Đã đạt cực trị toàn cục cho mọi cặp dưới ngưỡng. KẾT THÚC CHẶNG 4.
2026-04-30 01:19:06,925 - Hoàn thành trong 1198.2s. Final Cost: 15865
2026-04-30 01:19:06,925 - ======================================================================
2026-04-30 01:19:06,925 - BÁO CÁO TỔNG KẾT (SUMMARY)
2026-04-30 01:19:06,925 - ======================================================================
2026-04-30 01:19:06,925 -   1. Chi phí Clarke-Wright:     20423
2026-04-30 01:19:06,925 -   2. Chi phí sau CPLEX MIP:     15865
2026-04-30 01:19:06,926 -   => TỔNG CẢI THIỆN:            4558
2026-04-30 01:19:06,926 -   => Số lần CPLEX Single cải thiện  : 11 lần
2026-04-30 01:19:06,926 -   => Số lần CPLEX Pairwise cải thiện: 3 lần
2026-04-30 01:19:06,926 -   => TỔNG THỜI GIAN CHẠY:       1198.246s
2026-04-30 01:19:06,930 - ======================================================================
2026-04-30 01:19:06,930 - CPLEX MIP SOLVER  |  FILE: X-n143-k7.vrp
2026-04-30 01:19:06,931 - ======================================================================
2026-04-30 01:19:06,969 - Thông tin dữ liệu: Dimension=143, K=7, Capacity=1190
2026-04-30 01:19:06,969 - --- Step 1: Clarke-Wright Heuristic ---
2026-04-30 01:19:06,992 -   Kết quả CW: Cost = 20588, Time = 0.023s
2026-04-30 01:19:06,992 - --- Step 2: Advanced Optimization (CPLEX MIP) ---
2026-04-30 01:19:06,992 - =========================================
2026-04-30 01:19:06,993 - BẮT ĐẦU OPTIMIZE  (100% CPLEX MIP)
2026-04-30 01:19:06,993 -  -> Max Single Size  : 35
2026-04-30 01:19:06,993 -  -> Single Timeout   : 40.0s
2026-04-30 01:19:06,993 -  -> Max Pairwise Size: 28
2026-04-30 01:19:06,993 -  -> Pairwise Timeout : 150.0s
2026-04-30 01:19:06,993 -  -> Global Timeout   : 1200.0s
2026-04-30 01:19:06,993 -  -> Chi phí khởi điểm: 20588
2026-04-30 01:19:06,993 - =========================================
2026-04-30 01:19:06,993 - === BẮT ĐẦU CHẶNG 4: CPLEX MIP CHÍNH XÁC | Cost: 20588 ===
2026-04-30 01:19:06,993 -   [GĐ 4.1] Giải bài toán TSP trên từng tuyến đơn...
2026-04-30 01:22:51,084 -     -> Single CPLEX cải thiện: 2678. Cost mới: 17910
2026-04-30 01:22:51,084 -   [GĐ 4.2] Xét từng cặp tuyến để phân bổ lại khách hàng...
2026-04-30 01:22:51,084 -   --- Pairwise Iter 1 (còn 976s) ---
2026-04-30 01:22:51,086 -     -> Đã đạt cực trị toàn cục cho mọi cặp dưới ngưỡng. KẾT THÚC CHẶNG 4.
2026-04-30 01:22:51,086 - Hoàn thành trong 224.1s. Final Cost: 17910
2026-04-30 01:22:51,086 - ======================================================================
2026-04-30 01:22:51,086 - BÁO CÁO TỔNG KẾT (SUMMARY)
2026-04-30 01:22:51,086 - ======================================================================
2026-04-30 01:22:51,086 -   1. Chi phí Clarke-Wright:     20588
2026-04-30 01:22:51,086 -   2. Chi phí sau CPLEX MIP:     17910
2026-04-30 01:22:51,086 -   => TỔNG CẢI THIỆN:            2678
2026-04-30 01:22:51,086 -   => Số lần CPLEX Single cải thiện  : 7 lần
2026-04-30 01:22:51,086 -   => Số lần CPLEX Pairwise cải thiện: 0 lần
2026-04-30 01:22:51,086 -   => TỔNG THỜI GIAN CHẠY:       224.117s
2026-04-30 01:22:51,091 - ======================================================================
2026-04-30 01:22:51,091 - CPLEX MIP SOLVER  |  FILE: X-n148-k46.vrp
2026-04-30 01:22:51,091 - ======================================================================
2026-04-30 01:22:51,133 - Thông tin dữ liệu: Dimension=148, K=46, Capacity=18
2026-04-30 01:22:51,133 - --- Step 1: Clarke-Wright Heuristic ---
2026-04-30 01:22:51,310 -   Kết quả CW: Cost = 83571, Time = 0.176s
2026-04-30 01:22:51,310 - --- Step 2: Advanced Optimization (CPLEX MIP) ---
2026-04-30 01:22:51,310 - =========================================
2026-04-30 01:22:51,310 - BẮT ĐẦU OPTIMIZE  (100% CPLEX MIP)
2026-04-30 01:22:51,310 -  -> Max Single Size  : 20
2026-04-30 01:22:51,310 -  -> Single Timeout   : 40.0s
2026-04-30 01:22:51,310 -  -> Max Pairwise Size: 16
2026-04-30 01:22:51,310 -  -> Pairwise Timeout : 40.0s
2026-04-30 01:22:51,310 -  -> Global Timeout   : 1200.0s
2026-04-30 01:22:51,310 -  -> Chi phí khởi điểm: 83571
2026-04-30 01:22:51,310 - =========================================
2026-04-30 01:22:51,310 - === BẮT ĐẦU CHẶNG 4: CPLEX MIP CHÍNH XÁC | Cost: 83571 ===
2026-04-30 01:22:51,310 -   [GĐ 4.1] Giải bài toán TSP trên từng tuyến đơn...
2026-04-30 01:22:51,725 -     -> Single CPLEX cải thiện: 8798. Cost mới: 74773
2026-04-30 01:22:51,725 -   [GĐ 4.2] Xét từng cặp tuyến để phân bổ lại khách hàng...
2026-04-30 01:22:51,725 -   --- Pairwise Iter 1 (còn 1200s) ---
2026-04-30 01:22:51,936 -     [P4.2] Pair (26,40) giảm 1071 -> BEST = 73702
2026-04-30 01:22:51,957 -   --- Pairwise Iter 2 (còn 1199s) ---
2026-04-30 01:22:52,384 -     [P4.2] Pair (33,34) giảm 139 -> BEST = 73563
2026-04-30 01:22:52,403 -   --- Pairwise Iter 3 (còn 1199s) ---
2026-04-30 01:22:52,808 -     [P4.2] Pair (6,42) giảm 166 -> BEST = 73397
2026-04-30 01:22:52,826 -   --- Pairwise Iter 4 (còn 1198s) ---
2026-04-30 01:22:53,281 -     [P4.2] Pair (31,40) giảm 545 -> BEST = 72852
2026-04-30 01:22:53,300 -   --- Pairwise Iter 5 (còn 1198s) ---
2026-04-30 01:22:53,856 -     [P4.2] Pair (35,36) giảm 448 -> BEST = 72404
2026-04-30 01:22:53,880 -   --- Pairwise Iter 6 (còn 1197s) ---
2026-04-30 01:22:54,224 -     [P4.2] Pair (2,36) giảm 93 -> BEST = 72311
2026-04-30 01:22:54,241 -   --- Pairwise Iter 7 (còn 1197s) ---
2026-04-30 01:22:54,693 -     [P4.2] Pair (6,7) giảm 34 -> BEST = 72277
2026-04-30 01:22:54,710 -   --- Pairwise Iter 8 (còn 1197s) ---
2026-04-30 01:22:55,280 -     [P4.2] Pair (30,40) giảm 541 -> BEST = 71736
2026-04-30 01:22:55,299 -   --- Pairwise Iter 9 (còn 1196s) ---
2026-04-30 01:22:55,993 -     [P4.2] Pair (37,38) giảm 31 -> BEST = 71705
2026-04-30 01:22:56,012 -   --- Pairwise Iter 10 (còn 1195s) ---
2026-04-30 01:22:56,526 -     [P4.2] Pair (9,11) giảm 565 -> BEST = 71140
2026-04-30 01:22:56,546 -   --- Pairwise Iter 11 (còn 1195s) ---
2026-04-30 01:22:57,103 -     [P4.2] Pair (21,22) giảm 1458 -> BEST = 69682
2026-04-30 01:22:57,118 -   --- Pairwise Iter 12 (còn 1194s) ---
2026-04-30 01:22:57,766 -     [P4.2] Pair (13,43) giảm 699 -> BEST = 68983
2026-04-30 01:22:57,789 -   --- Pairwise Iter 13 (còn 1194s) ---
2026-04-30 01:22:58,401 -     [P4.2] Pair (32,38) giảm 574 -> BEST = 68409
2026-04-30 01:22:58,421 -   --- Pairwise Iter 14 (còn 1193s) ---
2026-04-30 01:22:58,627 -     [P4.2] Pair (37,38) giảm 1 -> BEST = 68408
2026-04-30 01:22:58,645 -   --- Pairwise Iter 15 (còn 1193s) ---
2026-04-30 01:22:59,292 -     [P4.2] Pair (4,32) giảm 1185 -> BEST = 67223
2026-04-30 01:22:59,313 -   --- Pairwise Iter 16 (còn 1192s) ---
2026-04-30 01:23:00,074 -     [P4.2] Pair (10,45) giảm 1590 -> BEST = 65633
2026-04-30 01:23:00,104 -   --- Pairwise Iter 17 (còn 1191s) ---
2026-04-30 01:23:01,056 -     [P4.2] Pair (7,45) giảm 1038 -> BEST = 64595
2026-04-30 01:23:01,085 -   --- Pairwise Iter 18 (còn 1190s) ---
2026-04-30 01:23:02,353 -     [P4.2] Pair (4,7) giảm 67 -> BEST = 64528
2026-04-30 01:23:02,378 -   --- Pairwise Iter 19 (còn 1189s) ---
2026-04-30 01:23:03,792 -     [P4.2] Pair (13,40) giảm 175 -> BEST = 64353
2026-04-30 01:23:03,811 -   --- Pairwise Iter 20 (còn 1187s) ---
2026-04-30 01:23:04,092 -     [P4.2] Pair (30,40) giảm 64 -> BEST = 64289
2026-04-30 01:23:04,110 -   --- Pairwise Iter 21 (còn 1187s) ---
2026-04-30 01:23:05,657 -     [P4.2] Pair (14,25) giảm 246 -> BEST = 64043
2026-04-30 01:23:05,674 -   --- Pairwise Iter 22 (còn 1186s) ---
2026-04-30 01:23:05,927 -     [P4.2] Pair (14,35) giảm 32 -> BEST = 64011
2026-04-30 01:23:05,945 -   --- Pairwise Iter 23 (còn 1185s) ---
2026-04-30 01:23:07,826 -     [P4.2] Pair (34,37) giảm 107 -> BEST = 63904
2026-04-30 01:23:07,846 -   --- Pairwise Iter 24 (còn 1183s) ---
2026-04-30 01:23:09,475 -     [P4.2] Pair (10,38) giảm 634 -> BEST = 63270
2026-04-30 01:23:09,492 -   --- Pairwise Iter 25 (còn 1182s) ---
2026-04-30 01:23:11,412 -     [P4.2] Pair (7,31) giảm 885 -> BEST = 62385
2026-04-30 01:23:11,433 -   --- Pairwise Iter 26 (còn 1180s) ---
2026-04-30 01:23:12,750 -     [P4.2] Pair (23,40) giảm 211 -> BEST = 62174
2026-04-30 01:23:12,766 -   --- Pairwise Iter 27 (còn 1179s) ---
2026-04-30 01:23:14,117 -     [P4.2] Pair (24,40) giảm 424 -> BEST = 61750
2026-04-30 01:23:14,134 -   --- Pairwise Iter 28 (còn 1177s) ---
2026-04-30 01:23:14,403 -     [P4.2] Pair (17,40) giảm 281 -> BEST = 61469
2026-04-30 01:23:14,423 -   --- Pairwise Iter 29 (còn 1177s) ---
2026-04-30 01:23:14,695 -     [P4.2] Pair (30,40) giảm 13 -> BEST = 61456
2026-04-30 01:23:14,713 -   --- Pairwise Iter 30 (còn 1177s) ---
2026-04-30 01:23:15,687 -     [P4.2] Pair (2,24) giảm 224 -> BEST = 61232
2026-04-30 01:23:15,704 -   --- Pairwise Iter 31 (còn 1176s) ---
2026-04-30 01:23:16,113 -     [P4.2] Pair (2,20) giảm 2 -> BEST = 61230
2026-04-30 01:23:16,129 -   --- Pairwise Iter 32 (còn 1175s) ---
2026-04-30 01:23:16,493 -     [P4.2] Pair (2,30) giảm 3 -> BEST = 61227
2026-04-30 01:23:16,511 -   --- Pairwise Iter 33 (còn 1175s) ---
2026-04-30 01:23:17,798 -     [P4.2] Pair (18,38) giảm 8 -> BEST = 61219
2026-04-30 01:23:17,815 -   --- Pairwise Iter 34 (còn 1173s) ---
2026-04-30 01:23:19,232 -     [P4.2] Pair (27,38) giảm 102 -> BEST = 61117
2026-04-30 01:23:19,251 -   --- Pairwise Iter 35 (còn 1172s) ---
2026-04-30 01:23:19,361 -     [P4.2] Pair (18,38) giảm 133 -> BEST = 60984
2026-04-30 01:23:19,376 -   --- Pairwise Iter 36 (còn 1172s) ---
2026-04-30 01:23:20,947 -     [P4.2] Pair (5,15) giảm 311 -> BEST = 60673
2026-04-30 01:23:20,962 -   --- Pairwise Iter 37 (còn 1170s) ---
2026-04-30 01:23:22,540 -     [P4.2] Pair (1,15) giảm 18 -> BEST = 60655
2026-04-30 01:23:22,555 -   --- Pairwise Iter 38 (còn 1169s) ---
2026-04-30 01:23:22,777 -     [P4.2] Pair (12,15) giảm 33 -> BEST = 60622
2026-04-30 01:23:22,793 -   --- Pairwise Iter 39 (còn 1169s) ---
2026-04-30 01:23:24,389 -     [P4.2] Pair (5,39) giảm 44 -> BEST = 60578
2026-04-30 01:23:24,412 -   --- Pairwise Iter 40 (còn 1167s) ---
2026-04-30 01:23:26,050 -     [P4.2] Pair (0,15) giảm 532 -> BEST = 60046
2026-04-30 01:23:26,065 -   --- Pairwise Iter 41 (còn 1165s) ---
2026-04-30 01:23:26,249 -     [P4.2] Pair (0,12) giảm 194 -> BEST = 59852
2026-04-30 01:23:26,265 -   --- Pairwise Iter 42 (còn 1165s) ---
2026-04-30 01:23:28,275 -     [P4.2] Pair (7,10) giảm 4 -> BEST = 59848
2026-04-30 01:23:28,296 -   --- Pairwise Iter 43 (còn 1163s) ---
2026-04-30 01:23:29,336 -     [P4.2] Pair (10,34) giảm 29 -> BEST = 59819
2026-04-30 01:23:29,362 -   --- Pairwise Iter 44 (còn 1162s) ---
2026-04-30 01:23:29,867 -     [P4.2] Pair (10,17) giảm 1320 -> BEST = 58499
2026-04-30 01:23:29,887 -   --- Pairwise Iter 45 (còn 1161s) ---
2026-04-30 01:23:32,224 -     [P4.2] Pair (11,44) giảm 237 -> BEST = 58262
2026-04-30 01:23:32,246 -   --- Pairwise Iter 46 (còn 1159s) ---
2026-04-30 01:23:39,763 -     [P4.2] Pair (43,44) giảm 590 -> BEST = 57672
2026-04-30 01:23:39,799 -   --- Pairwise Iter 47 (còn 1152s) ---
2026-04-30 01:23:41,563 -     [P4.2] Pair (27,42) giảm 19 -> BEST = 57653
2026-04-30 01:23:41,583 -   --- Pairwise Iter 48 (còn 1150s) ---
2026-04-30 01:23:43,099 -     [P4.2] Pair (3,42) giảm 112 -> BEST = 57541
2026-04-30 01:23:43,115 -   --- Pairwise Iter 49 (còn 1148s) ---
2026-04-30 01:23:43,972 -     [P4.2] Pair (3,38) giảm 140 -> BEST = 57401
2026-04-30 01:23:43,989 -   --- Pairwise Iter 50 (còn 1147s) ---
2026-04-30 01:23:44,598 -     [P4.2] Pair (27,38) giảm 370 -> BEST = 57031
2026-04-30 01:23:44,621 -   --- Pairwise Iter 51 (còn 1147s) ---
2026-04-30 01:23:46,349 -     [P4.2] Pair (3,41) giảm 412 -> BEST = 56619
2026-04-30 01:23:46,367 -   --- Pairwise Iter 52 (còn 1145s) ---
2026-04-30 01:23:51,433 -     [P4.2] Pair (11,38) giảm 453 -> BEST = 56166
2026-04-30 01:23:51,493 -   --- Pairwise Iter 53 (còn 1140s) ---
2026-04-30 01:23:51,680 -     [P4.2] Pair (27,38) giảm 19 -> BEST = 56147
2026-04-30 01:23:51,696 -   --- Pairwise Iter 54 (còn 1140s) ---
2026-04-30 01:23:54,421 -     [P4.2] Pair (11,27) giảm 157 -> BEST = 55990
2026-04-30 01:23:54,449 -   --- Pairwise Iter 55 (còn 1137s) ---
2026-04-30 01:23:56,654 -     [P4.2] Pair (24,38) giảm 28 -> BEST = 55962
2026-04-30 01:23:56,670 -   --- Pairwise Iter 56 (còn 1135s) ---
2026-04-30 01:23:59,014 -     [P4.2] Pair (18,24) giảm 579 -> BEST = 55383
2026-04-30 01:23:59,029 -   --- Pairwise Iter 57 (còn 1132s) ---
2026-04-30 01:24:01,729 -     [P4.2] Pair (10,27) giảm 605 -> BEST = 54778
2026-04-30 01:24:01,755 -   --- Pairwise Iter 58 (còn 1130s) ---
2026-04-30 01:24:04,641 -     [P4.2] Pair (3,5) giảm 169 -> BEST = 54609
2026-04-30 01:24:04,659 -   --- Pairwise Iter 59 (còn 1127s) ---
2026-04-30 01:24:07,555 -     [P4.2] Pair (5,26) giảm 51 -> BEST = 54558
2026-04-30 01:24:07,578 -   --- Pairwise Iter 60 (còn 1124s) ---
2026-04-30 01:24:09,191 -     [P4.2] Pair (2,5) giảm 8 -> BEST = 54550
2026-04-30 01:24:09,209 -   --- Pairwise Iter 61 (còn 1122s) ---
2026-04-30 01:24:09,330 -     [P4.2] Pair (5,26) giảm 43 -> BEST = 54507
2026-04-30 01:24:09,347 -   --- Pairwise Iter 62 (còn 1122s) ---
2026-04-30 01:24:11,516 -     [P4.2] Pair (2,40) giảm 9 -> BEST = 54498
2026-04-30 01:24:11,535 -   --- Pairwise Iter 63 (còn 1120s) ---
2026-04-30 01:24:13,786 -     [P4.2] Pair (26,31) giảm 353 -> BEST = 54145
2026-04-30 01:24:13,805 -   --- Pairwise Iter 64 (còn 1118s) ---
2026-04-30 01:24:15,807 -     [P4.2] Pair (16,26) giảm 302 -> BEST = 53843
2026-04-30 01:24:15,826 -   --- Pairwise Iter 65 (còn 1115s) ---
2026-04-30 01:24:16,286 -     [P4.2] Pair (26,30) giảm 22 -> BEST = 53821
2026-04-30 01:24:16,304 -   --- Pairwise Iter 66 (còn 1115s) ---
2026-04-30 01:24:26,486 -     [P4.2] Pair (7,44) giảm 66 -> BEST = 53755
2026-04-30 01:24:26,512 -   --- Pairwise Iter 67 (còn 1105s) ---
2026-04-30 01:24:37,195 -     [P4.2] Pair (27,39) giảm 673 -> BEST = 53082
2026-04-30 01:24:37,215 -   --- Pairwise Iter 68 (còn 1094s) ---
2026-04-30 01:24:46,837 -     [P4.2] Pair (28,39) giảm 44 -> BEST = 53038
2026-04-30 01:24:46,858 -   --- Pairwise Iter 69 (còn 1084s) ---
2026-04-30 01:24:57,153 -     [P4.2] Pair (10,28) giảm 39 -> BEST = 52999
2026-04-30 01:24:57,176 -   --- Pairwise Iter 70 (còn 1074s) ---
2026-04-30 01:25:08,009 -     [P4.2] Pair (10,39) giảm 42 -> BEST = 52957
2026-04-30 01:25:08,030 -   --- Pairwise Iter 71 (còn 1063s) ---
2026-04-30 01:25:08,657 -     [P4.2] Pair (9,10) giảm 55 -> BEST = 52902
2026-04-30 01:25:08,677 -   --- Pairwise Iter 72 (còn 1063s) ---
2026-04-30 01:25:19,215 -     [P4.2] Pair (10,39) giảm 1 -> BEST = 52901
2026-04-30 01:25:19,231 -   --- Pairwise Iter 73 (còn 1052s) ---
2026-04-30 01:25:29,919 -     [P4.2] Pair (10,28) giảm 3 -> BEST = 52898
2026-04-30 01:25:29,937 -   --- Pairwise Iter 74 (còn 1041s) ---
2026-04-30 01:25:40,740 -     [P4.2] Pair (17,26) giảm 529 -> BEST = 52369
2026-04-30 01:25:40,758 -   --- Pairwise Iter 75 (còn 1031s) ---
2026-04-30 01:25:49,658 -     [P4.2] Pair (26,30) giảm 73 -> BEST = 52296
2026-04-30 01:25:49,675 -   --- Pairwise Iter 76 (còn 1022s) ---
2026-04-30 01:26:00,456 -     [P4.2] Pair (23,29) giảm 665 -> BEST = 51631
2026-04-30 01:26:00,473 -   --- Pairwise Iter 77 (còn 1011s) ---
2026-04-30 01:26:11,442 -     [P4.2] Pair (41,43) giảm 83 -> BEST = 51548
2026-04-30 01:26:11,461 -   --- Pairwise Iter 78 (còn 1000s) ---
2026-04-30 01:26:22,855 -     [P4.2] Pair (4,16) giảm 161 -> BEST = 51387
2026-04-30 01:26:22,872 -   --- Pairwise Iter 79 (còn 988s) ---
2026-04-30 01:26:31,811 -     [P4.2] Pair (4,31) giảm 14 -> BEST = 51373
2026-04-30 01:26:31,829 -   --- Pairwise Iter 80 (còn 979s) ---
2026-04-30 01:26:43,327 -     [P4.2] Pair (7,28) giảm 97 -> BEST = 51276
2026-04-30 01:26:43,350 -   --- Pairwise Iter 81 (còn 968s) ---
2026-04-30 01:26:44,585 -     [P4.2] Pair (28,44) giảm 24 -> BEST = 51252
2026-04-30 01:26:44,605 -   --- Pairwise Iter 82 (còn 967s) ---
2026-04-30 01:26:45,567 -     [P4.2] Pair (9,28) giảm 68 -> BEST = 51184
2026-04-30 01:26:45,588 -   --- Pairwise Iter 83 (còn 966s) ---
2026-04-30 01:26:50,749 -     [P4.2] Pair (39,44) giảm 3 -> BEST = 51181
2026-04-30 01:26:50,775 -   --- Pairwise Iter 84 (còn 961s) ---
2026-04-30 01:26:51,395 -     [P4.2] Pair (28,39) giảm 5 -> BEST = 51176
2026-04-30 01:26:51,419 -   --- Pairwise Iter 85 (còn 960s) ---
2026-04-30 01:26:59,191 -     [P4.2] Pair (7,34) giảm 99 -> BEST = 51077
2026-04-30 01:26:59,222 -   --- Pairwise Iter 86 (còn 952s) ---
2026-04-30 01:27:07,981 -     [P4.2] Pair (33,35) giảm 135 -> BEST = 50942
2026-04-30 01:27:08,002 -   --- Pairwise Iter 87 (còn 943s) ---
2026-04-30 01:27:16,824 -     [P4.2] Pair (28,34) giảm 31 -> BEST = 50911
2026-04-30 01:27:16,840 -   --- Pairwise Iter 88 (còn 934s) ---
2026-04-30 01:27:17,972 -     [P4.2] Pair (9,34) giảm 51 -> BEST = 50860
2026-04-30 01:27:18,028 -   --- Pairwise Iter 89 (còn 933s) ---
2026-04-30 01:27:21,646 -     [P4.2] Pair (9,10) giảm 23 -> BEST = 50837
2026-04-30 01:27:21,672 -   --- Pairwise Iter 90 (còn 930s) ---
2026-04-30 01:27:26,230 -     [P4.2] Pair (9,33) giảm 84 -> BEST = 50753
2026-04-30 01:27:26,265 -   --- Pairwise Iter 91 (còn 925s) ---
2026-04-30 01:27:28,957 -     [P4.2] Pair (12,33) giảm 131 -> BEST = 50622
2026-04-30 01:27:28,983 -   --- Pairwise Iter 92 (còn 922s) ---
2026-04-30 01:27:35,153 -     [P4.2] Pair (12,14) giảm 15 -> BEST = 50607
2026-04-30 01:27:35,171 -   --- Pairwise Iter 93 (còn 916s) ---
2026-04-30 01:27:41,165 -     [P4.2] Pair (9,33) giảm 209 -> BEST = 50398
2026-04-30 01:27:41,190 -   --- Pairwise Iter 94 (còn 910s) ---
2026-04-30 01:27:44,012 -     [P4.2] Pair (9,35) giảm 82 -> BEST = 50316
2026-04-30 01:27:44,042 -   --- Pairwise Iter 95 (còn 907s) ---
2026-04-30 01:27:50,517 -     [P4.2] Pair (10,33) giảm 33 -> BEST = 50283
2026-04-30 01:27:50,534 -   --- Pairwise Iter 96 (còn 901s) ---
2026-04-30 01:27:58,460 -     [P4.2] Pair (9,16) giảm 39 -> BEST = 50244
2026-04-30 01:27:58,480 -   --- Pairwise Iter 97 (còn 893s) ---
2026-04-30 01:28:03,500 -     [P4.2] Pair (1,9) giảm 118 -> BEST = 50126
2026-04-30 01:28:03,522 -   --- Pairwise Iter 98 (còn 888s) ---
2026-04-30 01:28:09,331 -     [P4.2] Pair (14,23) giảm 81 -> BEST = 50045
2026-04-30 01:28:09,348 -   --- Pairwise Iter 99 (còn 882s) ---
2026-04-30 01:28:09,835 -     [P4.2] Pair (12,23) giảm 54 -> BEST = 49991
2026-04-30 01:28:09,852 -   --- Pairwise Iter 100 (còn 881s) ---
2026-04-30 01:28:12,166 -     [P4.2] Pair (23,35) giảm 3 -> BEST = 49988
2026-04-30 01:28:12,185 -   --- Pairwise Iter 101 (còn 879s) ---
2026-04-30 01:28:14,809 -     [P4.2] Pair (14,25) giảm 26 -> BEST = 49962
2026-04-30 01:28:14,843 -   --- Pairwise Iter 102 (còn 876s) ---
2026-04-30 01:28:20,958 -     [P4.2] Pair (1,15) giảm 11 -> BEST = 49951
2026-04-30 01:28:20,973 -   --- Pairwise Iter 103 (còn 870s) ---
2026-04-30 01:28:25,957 -     [P4.2] Pair (13,15) giảm 27 -> BEST = 49924
2026-04-30 01:28:25,974 -   --- Pairwise Iter 104 (còn 865s) ---
2026-04-30 01:28:29,534 -     [P4.2] Pair (15,25) giảm 22 -> BEST = 49902
2026-04-30 01:28:29,558 -   --- Pairwise Iter 105 (còn 862s) ---
2026-04-30 01:28:33,999 -     [P4.2] Pair (12,25) giảm 4 -> BEST = 49898
2026-04-30 01:28:34,017 -   --- Pairwise Iter 106 (còn 857s) ---
2026-04-30 01:28:38,000 -     [P4.2] Pair (23,25) giảm 4 -> BEST = 49894
2026-04-30 01:28:38,018 -   --- Pairwise Iter 107 (còn 853s) ---
2026-04-30 01:28:38,431 -     [P4.2] Pair (16,23) giảm 104 -> BEST = 49790
2026-04-30 01:28:38,449 -   --- Pairwise Iter 108 (còn 853s) ---
2026-04-30 01:28:42,690 -     [P4.2] Pair (12,16) giảm 52 -> BEST = 49738
2026-04-30 01:28:42,713 -   --- Pairwise Iter 109 (còn 849s) ---
2026-04-30 01:28:48,834 -     [P4.2] Pair (4,9) giảm 39 -> BEST = 49699
2026-04-30 01:28:48,857 -   --- Pairwise Iter 110 (còn 842s) ---
2026-04-30 01:28:57,239 -     [P4.2] Pair (43,45) giảm 206 -> BEST = 49493
2026-04-30 01:28:57,256 -   --- Pairwise Iter 111 (còn 834s) ---
2026-04-30 01:29:00,647 -     [P4.2] Pair (41,43) giảm 454 -> BEST = 49039
2026-04-30 01:29:00,666 -   --- Pairwise Iter 112 (còn 831s) ---
2026-04-30 01:29:04,130 -     [P4.2] Pair (3,45) giảm 7 -> BEST = 49032
2026-04-30 01:29:04,147 -   --- Pairwise Iter 113 (còn 827s) ---
2026-04-30 01:29:09,106 -     [P4.2] Pair (3,36) giảm 105 -> BEST = 48927
2026-04-30 01:29:09,125 -   --- Pairwise Iter 114 (còn 822s) ---
2026-04-30 01:29:12,889 -     [P4.2] Pair (36,45) giảm 23 -> BEST = 48904
2026-04-30 01:29:12,907 -   --- Pairwise Iter 115 (còn 818s) ---
2026-04-30 01:29:21,707 -     [P4.2] Pair (9,35) giảm 144 -> BEST = 48760
2026-04-30 01:29:21,725 -   --- Pairwise Iter 116 (còn 810s) ---
2026-04-30 01:29:30,437 -     [P4.2] Pair (18,41) giảm 96 -> BEST = 48664
2026-04-30 01:29:30,454 -   --- Pairwise Iter 117 (còn 801s) ---
2026-04-30 01:29:34,741 -     [P4.2] Pair (10,41) giảm 103 -> BEST = 48561
2026-04-30 01:29:34,757 -   --- Pairwise Iter 118 (còn 797s) ---
2026-04-30 01:29:39,045 -     [P4.2] Pair (10,33) giảm 3 -> BEST = 48558
2026-04-30 01:29:39,063 -   --- Pairwise Iter 119 (còn 792s) ---
2026-04-30 01:29:56,983 -     [P4.2] Pair (33,39) giảm 44 -> BEST = 48514
2026-04-30 01:29:57,013 -   --- Pairwise Iter 120 (còn 774s) ---
2026-04-30 01:30:08,146 -     [P4.2] Pair (33,34) giảm 54 -> BEST = 48460
2026-04-30 01:30:08,169 -   --- Pairwise Iter 121 (còn 763s) ---
2026-04-30 01:30:19,653 -     [P4.2] Pair (39,44) giảm 77 -> BEST = 48383
2026-04-30 01:30:19,681 -   --- Pairwise Iter 122 (còn 752s) ---
2026-04-30 01:30:36,493 -     [P4.2] Pair (4,12) giảm 228 -> BEST = 48155
2026-04-30 01:30:36,530 -   --- Pairwise Iter 123 (còn 735s) ---
2026-04-30 01:30:39,263 -     [P4.2] Pair (4,15) giảm 3 -> BEST = 48152
2026-04-30 01:30:39,280 -   --- Pairwise Iter 124 (còn 732s) ---
2026-04-30 01:30:40,365 -     [P4.2] Pair (4,29) giảm 8 -> BEST = 48144
2026-04-30 01:30:40,383 -   --- Pairwise Iter 125 (còn 731s) ---
2026-04-30 01:30:42,679 -     [P4.2] Pair (4,40) giảm 23 -> BEST = 48121
2026-04-30 01:30:42,698 -   --- Pairwise Iter 126 (còn 729s) ---
2026-04-30 01:30:44,809 -     [P4.2] Pair (4,29) giảm 21 -> BEST = 48100
2026-04-30 01:30:44,828 -   --- Pairwise Iter 127 (còn 726s) ---
2026-04-30 01:30:47,374 -     [P4.2] Pair (15,27) giảm 115 -> BEST = 47985
2026-04-30 01:30:47,389 -   --- Pairwise Iter 128 (còn 724s) ---
2026-04-30 01:30:50,550 -     [P4.2] Pair (1,4) giảm 23 -> BEST = 47962
2026-04-30 01:30:50,568 -   --- Pairwise Iter 129 (còn 721s) ---
2026-04-30 01:30:52,596 -     [P4.2] Pair (1,13) giảm 8 -> BEST = 47954
2026-04-30 01:30:52,618 -   --- Pairwise Iter 130 (còn 719s) ---
2026-04-30 01:30:55,316 -     [P4.2] Pair (4,15) giảm 18 -> BEST = 47936
2026-04-30 01:30:55,331 -   --- Pairwise Iter 131 (còn 716s) ---
2026-04-30 01:30:58,063 -     [P4.2] Pair (15,29) giảm 3 -> BEST = 47933
2026-04-30 01:30:58,080 -   --- Pairwise Iter 132 (còn 713s) ---
2026-04-30 01:31:15,397 -     [P4.2] Pair (12,44) giảm 41 -> BEST = 47892
2026-04-30 01:31:15,421 -   --- Pairwise Iter 133 (còn 696s) ---
2026-04-30 01:31:26,817 -     [P4.2] Pair (17,27) giảm 2 -> BEST = 47890
2026-04-30 01:31:26,863 -   --- Pairwise Iter 134 (còn 684s) ---
2026-04-30 01:31:40,464 -     [P4.2] Pair (12,45) giảm 451 -> BEST = 47439
2026-04-30 01:31:40,486 -   --- Pairwise Iter 135 (còn 671s) ---
2026-04-30 01:31:46,134 -     [P4.2] Pair (12,44) giảm 68 -> BEST = 47371
2026-04-30 01:31:46,166 -   --- Pairwise Iter 136 (còn 665s) ---
2026-04-30 01:31:50,173 -     [P4.2] Pair (12,39) giảm 152 -> BEST = 47219
2026-04-30 01:31:50,196 -   --- Pairwise Iter 137 (còn 661s) ---
2026-04-30 01:32:09,913 -     [P4.2] Pair (17,38) giảm 55 -> BEST = 47164
2026-04-30 01:32:09,932 -   --- Pairwise Iter 138 (còn 641s) ---
2026-04-30 01:32:15,069 -     [P4.2] Pair (11,38) giảm 131 -> BEST = 47033
2026-04-30 01:32:15,097 -   --- Pairwise Iter 139 (còn 636s) ---
2026-04-30 01:32:29,121 -     [P4.2] Pair (27,38) giảm 12 -> BEST = 47021
2026-04-30 01:32:29,138 -   --- Pairwise Iter 140 (còn 622s) ---
2026-04-30 01:32:46,379 -     [P4.2] Pair (28,39) giảm 18 -> BEST = 47003
2026-04-30 01:32:46,400 -   --- Pairwise Iter 141 (còn 605s) ---
2026-04-30 01:32:47,871 -     [P4.2] Pair (12,28) giảm 61 -> BEST = 46942
2026-04-30 01:32:47,895 -   --- Pairwise Iter 142 (còn 603s) ---
2026-04-30 01:32:54,582 -     [P4.2] Pair (20,28) giảm 13 -> BEST = 46929
2026-04-30 01:32:54,600 -   --- Pairwise Iter 143 (còn 597s) ---
2026-04-30 01:32:56,887 -     [P4.2] Pair (2,28) giảm 7 -> BEST = 46922
2026-04-30 01:32:56,905 -   --- Pairwise Iter 144 (còn 594s) ---
2026-04-30 01:32:56,952 -     [P4.2] Pair (5,28) giảm 2 -> BEST = 46920
2026-04-30 01:32:56,970 -   --- Pairwise Iter 145 (còn 594s) ---
2026-04-30 01:33:00,738 -     [P4.2] Pair (21,28) giảm 83 -> BEST = 46837
2026-04-30 01:33:00,754 -   --- Pairwise Iter 146 (còn 591s) ---
2026-04-30 01:33:00,799 -     [P4.2] Pair (5,21) giảm 1 -> BEST = 46836
2026-04-30 01:33:00,816 -   --- Pairwise Iter 147 (còn 590s) ---
2026-04-30 01:33:01,766 -     [P4.2] Pair (2,28) giảm 19 -> BEST = 46817
2026-04-30 01:33:01,783 -   --- Pairwise Iter 148 (còn 590s) ---
2026-04-30 01:33:06,052 -     [P4.2] Pair (5,29) giảm 278 -> BEST = 46539
2026-04-30 01:33:06,068 -   --- Pairwise Iter 149 (còn 585s) ---
2026-04-30 01:33:08,358 -     [P4.2] Pair (29,40) giảm 4 -> BEST = 46535
2026-04-30 01:33:08,373 -   --- Pairwise Iter 150 (còn 583s) ---
2026-04-30 01:33:11,602 -     [P4.2] Pair (15,40) giảm 7 -> BEST = 46528
2026-04-30 01:33:11,618 -   --- Pairwise Iter 151 (còn 580s) ---
2026-04-30 01:33:17,775 -     [P4.2] Pair (5,37) giảm 43 -> BEST = 46485
2026-04-30 01:33:17,794 -   --- Pairwise Iter 152 (còn 574s) ---
2026-04-30 01:33:28,490 -     [P4.2] Pair (15,29) giảm 5 -> BEST = 46480
2026-04-30 01:33:28,505 -   --- Pairwise Iter 153 (còn 563s) ---
2026-04-30 01:33:35,411 -     [P4.2] Pair (19,29) giảm 15 -> BEST = 46465
2026-04-30 01:33:35,426 -   --- Pairwise Iter 154 (còn 556s) ---
2026-04-30 01:33:42,229 -     [P4.2] Pair (4,29) giảm 85 -> BEST = 46380
2026-04-30 01:33:42,244 -   --- Pairwise Iter 155 (còn 549s) ---
2026-04-30 01:33:49,761 -     [P4.2] Pair (15,40) giảm 3 -> BEST = 46377
2026-04-30 01:33:49,777 -   --- Pairwise Iter 156 (còn 542s) ---
2026-04-30 01:34:08,304 -     [P4.2] Pair (2,37) giảm 7 -> BEST = 46370
2026-04-30 01:34:08,324 -   --- Pairwise Iter 157 (còn 523s) ---
2026-04-30 01:34:18,635 -     [P4.2] Pair (2,30) giảm 23 -> BEST = 46347
2026-04-30 01:34:18,653 -   --- Pairwise Iter 158 (còn 513s) ---
2026-04-30 01:34:25,380 -     [P4.2] Pair (30,37) giảm 3 -> BEST = 46344
2026-04-30 01:34:25,400 -   --- Pairwise Iter 159 (còn 506s) ---
2026-04-30 01:34:32,204 -     [P4.2] Pair (2,26) giảm 50 -> BEST = 46294
2026-04-30 01:34:32,223 -   --- Pairwise Iter 160 (còn 499s) ---
2026-04-30 01:34:52,836 -     [P4.2] Pair (14,22) giảm 30 -> BEST = 46264
2026-04-30 01:34:52,851 -   --- Pairwise Iter 161 (còn 478s) ---
2026-04-30 01:35:10,592 -     [P4.2] Pair (20,22) giảm 33 -> BEST = 46231
2026-04-30 01:35:10,609 -   --- Pairwise Iter 162 (còn 461s) ---
2026-04-30 01:35:16,356 -     [P4.2] Pair (20,44) giảm 59 -> BEST = 46172
2026-04-30 01:35:16,377 -   --- Pairwise Iter 163 (còn 455s) ---
2026-04-30 01:35:27,763 -     [P4.2] Pair (5,22) giảm 22 -> BEST = 46150
2026-04-30 01:35:27,783 -   --- Pairwise Iter 164 (còn 444s) ---
2026-04-30 01:35:41,926 -     [P4.2] Pair (26,29) giảm 102 -> BEST = 46048
2026-04-30 01:35:41,944 -   --- Pairwise Iter 165 (còn 429s) ---
2026-04-30 01:35:53,670 -     [P4.2] Pair (29,44) giảm 350 -> BEST = 45698
2026-04-30 01:35:53,689 -   --- Pairwise Iter 166 (còn 418s) ---
2026-04-30 01:36:02,574 -     [P4.2] Pair (22,44) giảm 4 -> BEST = 45694
2026-04-30 01:36:02,593 -   --- Pairwise Iter 167 (còn 409s) ---
2026-04-30 01:36:06,787 -     [P4.2] Pair (14,44) giảm 32 -> BEST = 45662
2026-04-30 01:36:06,804 -   --- Pairwise Iter 168 (còn 405s) ---
2026-04-30 01:36:07,630 -     [P4.2] Pair (5,14) giảm 12 -> BEST = 45650
2026-04-30 01:36:07,653 -   --- Pairwise Iter 169 (còn 404s) ---
2026-04-30 01:36:32,354 -     [P4.2] Pair (12,14) giảm 42 -> BEST = 45608
2026-04-30 01:36:32,388 -   --- Pairwise Iter 170 (còn 379s) ---
2026-04-30 01:36:52,782 -     [P4.2] Pair (23,35) giảm 139 -> BEST = 45469
2026-04-30 01:36:52,800 -   --- Pairwise Iter 171 (còn 359s) ---
2026-04-30 01:37:21,937 -     [P4.2] Pair (18,22) giảm 315 -> BEST = 45154
2026-04-30 01:37:21,952 -   --- Pairwise Iter 172 (còn 329s) ---
2026-04-30 01:37:59,802 -     [P4.2] Pair (22,36) giảm 7 -> BEST = 45147
2026-04-30 01:37:59,818 -   --- Pairwise Iter 173 (còn 291s) ---
2026-04-30 01:38:07,082 -     [P4.2] Pair (22,38) giảm 8 -> BEST = 45139
2026-04-30 01:38:07,097 -   --- Pairwise Iter 174 (còn 284s) ---
2026-04-30 01:38:16,825 -     [P4.2] Pair (22,26) giảm 107 -> BEST = 45032
2026-04-30 01:38:16,840 -   --- Pairwise Iter 175 (còn 274s) ---
2026-04-30 01:38:20,342 -     [P4.2] Pair (22,28) giảm 56 -> BEST = 44976
2026-04-30 01:38:20,357 -   --- Pairwise Iter 176 (còn 271s) ---
2026-04-30 01:38:28,847 -     [P4.2] Pair (22,27) giảm 19 -> BEST = 44957
2026-04-30 01:38:28,866 -   --- Pairwise Iter 177 (còn 262s) ---
2026-04-30 01:38:32,267 -     [P4.2] Pair (24,27) giảm 63 -> BEST = 44894
2026-04-30 01:38:32,284 -   --- Pairwise Iter 178 (còn 259s) ---
2026-04-30 01:38:42,399 -     [P4.2] Pair (23,26) giảm 17 -> BEST = 44877
2026-04-30 01:38:42,416 -   --- Pairwise Iter 179 (còn 249s) ---
2026-04-30 01:39:50,845 -     -> Đã đạt cực trị toàn cục cho mọi cặp dưới ngưỡng. KẾT THÚC CHẶNG 4.
2026-04-30 01:39:50,845 - Hoàn thành trong 1019.5s. Final Cost: 44877
2026-04-30 01:39:50,845 - ======================================================================
2026-04-30 01:39:50,845 - BÁO CÁO TỔNG KẾT (SUMMARY)
2026-04-30 01:39:50,845 - ======================================================================
2026-04-30 01:39:50,845 -   1. Chi phí Clarke-Wright:     83571
2026-04-30 01:39:50,845 -   2. Chi phí sau CPLEX MIP:     44877
2026-04-30 01:39:50,845 -   => TỔNG CẢI THIỆN:            38694
2026-04-30 01:39:50,845 -   => Số lần CPLEX Single cải thiện  : 23 lần
2026-04-30 01:39:50,845 -   => Số lần CPLEX Pairwise cải thiện: 178 lần
2026-04-30 01:39:50,845 -   => TỔNG THỜI GIAN CHẠY:       1019.712s
2026-04-30 01:39:50,850 - ======================================================================
2026-04-30 01:39:50,850 - CPLEX MIP SOLVER  |  FILE: X-n153-k22.vrp
2026-04-30 01:39:50,850 - ======================================================================
2026-04-30 01:39:50,894 - Thông tin dữ liệu: Dimension=153, K=22, Capacity=144
2026-04-30 01:39:50,894 - --- Step 1: Clarke-Wright Heuristic ---
2026-04-30 01:39:51,117 -   Kết quả CW: Cost = 64204, Time = 0.223s
2026-04-30 01:39:51,117 - --- Step 2: Advanced Optimization (CPLEX MIP) ---
2026-04-30 01:39:51,117 - =========================================
2026-04-30 01:39:51,117 - BẮT ĐẦU OPTIMIZE  (100% CPLEX MIP)
2026-04-30 01:39:51,117 -  -> Max Single Size  : 20
2026-04-30 01:39:51,117 -  -> Single Timeout   : 40.0s
2026-04-30 01:39:51,117 -  -> Max Pairwise Size: 24
2026-04-30 01:39:51,117 -  -> Pairwise Timeout : 70.0s
2026-04-30 01:39:51,117 -  -> Global Timeout   : 1200.0s
2026-04-30 01:39:51,117 -  -> Chi phí khởi điểm: 64204
2026-04-30 01:39:51,117 - =========================================
2026-04-30 01:39:51,118 - === BẮT ĐẦU CHẶNG 4: CPLEX MIP CHÍNH XÁC | Cost: 64204 ===
2026-04-30 01:39:51,118 -   [GĐ 4.1] Giải bài toán TSP trên từng tuyến đơn...
2026-04-30 01:40:55,177 -     -> Single CPLEX cải thiện: 19525. Cost mới: 44679
2026-04-30 01:40:55,177 -   [GĐ 4.2] Xét từng cặp tuyến để phân bổ lại khách hàng...
2026-04-30 01:40:55,177 -   --- Pairwise Iter 1 (còn 1136s) ---
2026-04-30 01:40:58,026 -     [P4.2] Pair (0,3) giảm 587 -> BEST = 44092
2026-04-30 01:40:58,060 -   --- Pairwise Iter 2 (còn 1133s) ---
2026-04-30 01:42:09,898 -     [P4.2] Pair (0,8) giảm 133 -> BEST = 43959
2026-04-30 01:42:17,277 -   --- Pairwise Iter 3 (còn 1054s) ---
2026-04-30 01:43:35,408 -     [P4.2] Pair (4,8) giảm 810 -> BEST = 43149
2026-04-30 01:43:35,630 -   --- Pairwise Iter 4 (còn 975s) ---
2026-04-30 01:45:04,245 -     [P4.2] Pair (2,3) giảm 519 -> BEST = 42630
2026-04-30 01:45:04,325 -   --- Pairwise Iter 5 (còn 887s) ---
2026-04-30 01:46:25,505 -     [P4.2] Pair (4,18) giảm 35 -> BEST = 42595
2026-04-30 01:46:25,668 -   --- Pairwise Iter 6 (còn 805s) ---
2026-04-30 01:47:42,944 -     [P4.2] Pair (4,8) giảm 394 -> BEST = 42201
2026-04-30 01:47:43,321 -   --- Pairwise Iter 7 (còn 728s) ---
2026-04-30 01:49:01,020 -     [P4.2] Pair (7,8) giảm 188 -> BEST = 42013
2026-04-30 01:49:01,525 -       [S-re] Route 8: 1803 → 1799  (−4) | BEST = 42009
2026-04-30 01:49:01,525 -   --- Pairwise Iter 8 (còn 650s) ---
2026-04-30 01:50:18,817 -     [P4.2] Pair (7,8) giảm 30 -> BEST = 41979
2026-04-30 01:50:19,098 -   --- Pairwise Iter 9 (còn 572s) ---
2026-04-30 01:51:39,765 -     [P4.2] Pair (5,10) giảm 16 -> BEST = 41963
2026-04-30 01:51:40,464 -       [S-re] Route 5: 1974 → 1951  (−23) | BEST = 41940
2026-04-30 01:51:40,839 -   --- Pairwise Iter 10 (còn 490s) ---
2026-04-30 01:53:01,502 -     [P4.2] Pair (5,10) giảm 11 -> BEST = 41929
2026-04-30 01:53:02,246 -   --- Pairwise Iter 11 (còn 409s) ---
2026-04-30 01:54:22,954 -     [P4.2] Pair (5,10) giảm 7 -> BEST = 41922
2026-04-30 01:54:24,206 -   --- Pairwise Iter 12 (còn 327s) ---
2026-04-30 01:56:55,000 -     [P4.2] Pair (1,5) giảm 764 -> BEST = 41158
2026-04-30 01:56:56,306 -   --- Pairwise Iter 13 (còn 175s) ---
2026-04-30 01:58:17,457 -     [P4.2] Pair (1,10) giảm 639 -> BEST = 40519
2026-04-30 01:58:19,659 -   --- Pairwise Iter 14 (còn 91s) ---
2026-04-30 01:59:49,164 -     -> Đã đạt cực trị toàn cục cho mọi cặp dưới ngưỡng. KẾT THÚC CHẶNG 4.
2026-04-30 01:59:49,164 - Hoàn thành trong 1198.0s. Final Cost: 40519
2026-04-30 01:59:49,164 - ======================================================================
2026-04-30 01:59:49,164 - BÁO CÁO TỔNG KẾT (SUMMARY)
2026-04-30 01:59:49,164 - ======================================================================
2026-04-30 01:59:49,164 -   1. Chi phí Clarke-Wright:     64204
2026-04-30 01:59:49,164 -   2. Chi phí sau CPLEX MIP:     40519
2026-04-30 01:59:49,164 -   => TỔNG CẢI THIỆN:            23685
2026-04-30 01:59:49,164 -   => Số lần CPLEX Single cải thiện  : 18 lần
2026-04-30 01:59:49,165 -   => Số lần CPLEX Pairwise cải thiện: 13 lần
2026-04-30 01:59:49,165 -   => TỔNG THỜI GIAN CHẠY:       1198.270s
2026-04-30 01:59:49,169 - ======================================================================
2026-04-30 01:59:49,169 - CPLEX MIP SOLVER  |  FILE: X-n157-k13.vrp
2026-04-30 01:59:49,169 - ======================================================================
2026-04-30 01:59:49,211 - Thông tin dữ liệu: Dimension=157, K=13, Capacity=12
2026-04-30 01:59:49,211 - --- Step 1: Clarke-Wright Heuristic ---
2026-04-30 01:59:49,248 -   Kết quả CW: Cost = 22283, Time = 0.037s
2026-04-30 01:59:49,248 - --- Step 2: Advanced Optimization (CPLEX MIP) ---
2026-04-30 01:59:49,248 - =========================================
2026-04-30 01:59:49,248 - BẮT ĐẦU OPTIMIZE  (100% CPLEX MIP)
2026-04-30 01:59:49,248 -  -> Max Single Size  : 30
2026-04-30 01:59:49,248 -  -> Single Timeout   : 40.0s
2026-04-30 01:59:49,248 -  -> Max Pairwise Size: 28
2026-04-30 01:59:49,248 -  -> Pairwise Timeout : 121.0s
2026-04-30 01:59:49,248 -  -> Global Timeout   : 1200.0s
2026-04-30 01:59:49,248 -  -> Chi phí khởi điểm: 22283
2026-04-30 01:59:49,248 - =========================================
2026-04-30 01:59:49,248 - === BẮT ĐẦU CHẶNG 4: CPLEX MIP CHÍNH XÁC | Cost: 22283 ===
2026-04-30 01:59:49,249 -   [GĐ 4.1] Giải bài toán TSP trên từng tuyến đơn...
2026-04-30 02:01:33,040 -     -> Single CPLEX cải thiện: 1469. Cost mới: 20814
2026-04-30 02:01:33,040 -   [GĐ 4.2] Xét từng cặp tuyến để phân bổ lại khách hàng...
2026-04-30 02:01:33,040 -   --- Pairwise Iter 1 (còn 1096s) ---
2026-04-30 02:03:34,123 -     [P4.2] Pair (6,7) giảm 953 -> BEST = 19861
2026-04-30 02:04:14,139 -       [S-re] Route 6: 2229 → 2224  (−5) | BEST = 19856
2026-04-30 02:04:14,179 -   --- Pairwise Iter 2 (còn 935s) ---
2026-04-30 02:06:15,292 -     [P4.2] Pair (3,12) giảm 78 -> BEST = 19778
2026-04-30 02:06:57,028 -   --- Pairwise Iter 3 (còn 772s) ---
2026-04-30 02:08:58,126 -     [P4.2] Pair (0,1) giảm 18 -> BEST = 19760
2026-04-30 02:09:02,224 -       [S-re] Route 0: 1790 → 1782  (−8) | BEST = 19752
2026-04-30 02:09:42,240 -   --- Pairwise Iter 4 (còn 607s) ---
2026-04-30 02:13:44,425 -     [P4.2] Pair (0,12) giảm 30 -> BEST = 19722
2026-04-30 02:13:44,997 -       [S-re] Route 0: 1775 → 1773  (−2) | BEST = 19720
2026-04-30 02:13:50,454 -       [S-re] Route 12: 1496 → 1493  (−3) | BEST = 19717
2026-04-30 02:13:50,454 -   --- Pairwise Iter 5 (còn 359s) ---
2026-04-30 02:19:47,329 -     [P4.2] Pair (1,5) giảm 122 -> BEST = 19595
2026-04-30 02:19:47,329 -   --- Pairwise Iter 6 (còn 2s) ---
2026-04-30 02:19:47,332 -     -> Đã đạt cực trị toàn cục cho mọi cặp dưới ngưỡng. KẾT THÚC CHẶNG 4.
2026-04-30 02:19:47,332 - Hoàn thành trong 1198.1s. Final Cost: 19595
2026-04-30 02:19:47,332 - ======================================================================
2026-04-30 02:19:47,332 - BÁO CÁO TỔNG KẾT (SUMMARY)
2026-04-30 02:19:47,332 - ======================================================================
2026-04-30 02:19:47,332 -   1. Chi phí Clarke-Wright:     22283
2026-04-30 02:19:47,332 -   2. Chi phí sau CPLEX MIP:     19595
2026-04-30 02:19:47,332 -   => TỔNG CẢI THIỆN:            2688
2026-04-30 02:19:47,332 -   => Số lần CPLEX Single cải thiện  : 17 lần
2026-04-30 02:19:47,332 -   => Số lần CPLEX Pairwise cải thiện: 5 lần
2026-04-30 02:19:47,332 -   => TỔNG THỜI GIAN CHẠY:       1198.121s
2026-04-30 02:19:47,337 - ======================================================================
2026-04-30 02:19:47,337 - CPLEX MIP SOLVER  |  FILE: X-n162-k11.vrp
2026-04-30 02:19:47,338 - ======================================================================
2026-04-30 02:19:47,386 - Thông tin dữ liệu: Dimension=162, K=11, Capacity=1174
2026-04-30 02:19:47,386 - --- Step 1: Clarke-Wright Heuristic ---
2026-04-30 02:19:47,424 -   Kết quả CW: Cost = 20608, Time = 0.038s
2026-04-30 02:19:47,424 - --- Step 2: Advanced Optimization (CPLEX MIP) ---
2026-04-30 02:19:47,424 - =========================================
2026-04-30 02:19:47,424 - BẮT ĐẦU OPTIMIZE  (100% CPLEX MIP)
2026-04-30 02:19:47,424 -  -> Max Single Size  : 35
2026-04-30 02:19:47,424 -  -> Single Timeout   : 40.0s
2026-04-30 02:19:47,424 -  -> Max Pairwise Size: 28
2026-04-30 02:19:47,424 -  -> Pairwise Timeout : 148.0s
2026-04-30 02:19:47,424 -  -> Global Timeout   : 1200.0s
2026-04-30 02:19:47,424 -  -> Chi phí khởi điểm: 20608
2026-04-30 02:19:47,424 - =========================================
2026-04-30 02:19:47,424 - === BẮT ĐẦU CHẶNG 4: CPLEX MIP CHÍNH XÁC | Cost: 20608 ===
2026-04-30 02:19:47,424 -   [GĐ 4.1] Giải bài toán TSP trên từng tuyến đơn...
2026-04-30 02:21:06,778 -     -> Single CPLEX cải thiện: 1865. Cost mới: 18743
2026-04-30 02:21:06,778 -   [GĐ 4.2] Xét từng cặp tuyến để phân bổ lại khách hàng...
2026-04-30 02:21:06,782 -   --- Pairwise Iter 1 (còn 1121s) ---
2026-04-30 02:23:34,896 -     [P4.2] Pair (4,7) giảm 807 -> BEST = 17936
2026-04-30 02:23:38,323 -   --- Pairwise Iter 2 (còn 969s) ---
2026-04-30 02:28:34,538 -     [P4.2] Pair (0,8) giảm 87 -> BEST = 17849
2026-04-30 02:28:34,595 -       [S-re] Route 0: 1767 → 1765  (−2) | BEST = 17847
2026-04-30 02:29:14,614 -       [S-re] Route 8: 1569 → 1545  (−24) | BEST = 17823
2026-04-30 02:29:14,615 -   --- Pairwise Iter 3 (còn 633s) ---
2026-04-30 02:36:38,967 -     [P4.2] Pair (0,3) giảm 57 -> BEST = 17766
2026-04-30 02:37:18,987 -       [S-re] Route 0: 1459 → 1404  (−55) | BEST = 17711
2026-04-30 02:37:19,564 -       [S-re] Route 3: 2018 → 1987  (−31) | BEST = 17680
2026-04-30 02:37:19,564 -   --- Pairwise Iter 4 (còn 148s) ---
2026-04-30 02:39:45,530 -     -> Đã đạt cực trị toàn cục cho mọi cặp dưới ngưỡng. KẾT THÚC CHẶNG 4.
2026-04-30 02:39:45,530 - Hoàn thành trong 1198.1s. Final Cost: 17680
2026-04-30 02:39:45,530 - ======================================================================
2026-04-30 02:39:45,530 - BÁO CÁO TỔNG KẾT (SUMMARY)
2026-04-30 02:39:45,530 - ======================================================================
2026-04-30 02:39:45,530 -   1. Chi phí Clarke-Wright:     20608
2026-04-30 02:39:45,530 -   2. Chi phí sau CPLEX MIP:     17680
2026-04-30 02:39:45,530 -   => TỔNG CẢI THIỆN:            2928
2026-04-30 02:39:45,530 -   => Số lần CPLEX Single cải thiện  : 14 lần
2026-04-30 02:39:45,530 -   => Số lần CPLEX Pairwise cải thiện: 3 lần
2026-04-30 02:39:45,531 -   => TỔNG THỜI GIAN CHẠY:       1198.144s
2026-04-30 02:39:45,535 - ======================================================================
2026-04-30 02:39:45,535 - CPLEX MIP SOLVER  |  FILE: X-n167-k10.vrp
2026-04-30 02:39:45,536 - ======================================================================
2026-04-30 02:39:45,586 - Thông tin dữ liệu: Dimension=167, K=10, Capacity=133
2026-04-30 02:39:45,586 - --- Step 1: Clarke-Wright Heuristic ---
2026-04-30 02:39:45,625 -   Kết quả CW: Cost = 27009, Time = 0.039s
2026-04-30 02:39:45,625 - --- Step 2: Advanced Optimization (CPLEX MIP) ---
2026-04-30 02:39:45,625 - =========================================
2026-04-30 02:39:45,625 - BẮT ĐẦU OPTIMIZE  (100% CPLEX MIP)
2026-04-30 02:39:45,625 -  -> Max Single Size  : 35
2026-04-30 02:39:45,625 -  -> Single Timeout   : 40.0s
2026-04-30 02:39:45,625 -  -> Max Pairwise Size: 28
2026-04-30 02:39:45,625 -  -> Pairwise Timeout : 150.0s
2026-04-30 02:39:45,626 -  -> Global Timeout   : 1200.0s
2026-04-30 02:39:45,626 -  -> Chi phí khởi điểm: 27009
2026-04-30 02:39:45,626 - =========================================
2026-04-30 02:39:45,626 - === BẮT ĐẦU CHẶNG 4: CPLEX MIP CHÍNH XÁC | Cost: 27009 ===
2026-04-30 02:39:45,626 -   [GĐ 4.1] Giải bài toán TSP trên từng tuyến đơn...
2026-04-30 02:42:44,111 -     -> Single CPLEX cải thiện: 2116. Cost mới: 24893
2026-04-30 02:42:44,111 -   [GĐ 4.2] Xét từng cặp tuyến để phân bổ lại khách hàng...
2026-04-30 02:42:44,111 -   --- Pairwise Iter 1 (còn 1022s) ---
2026-04-30 02:42:44,114 -     -> Đã đạt cực trị toàn cục cho mọi cặp dưới ngưỡng. KẾT THÚC CHẶNG 4.
2026-04-30 02:42:44,114 - Hoàn thành trong 178.5s. Final Cost: 24893
2026-04-30 02:42:44,114 - ======================================================================
2026-04-30 02:42:44,114 - BÁO CÁO TỔNG KẾT (SUMMARY)
2026-04-30 02:42:44,114 - ======================================================================
2026-04-30 02:42:44,114 -   1. Chi phí Clarke-Wright:     27009
2026-04-30 02:42:44,114 -   2. Chi phí sau CPLEX MIP:     24893
2026-04-30 02:42:44,114 -   => TỔNG CẢI THIỆN:            2116
2026-04-30 02:42:44,114 -   => Số lần CPLEX Single cải thiện  : 10 lần
2026-04-30 02:42:44,114 -   => Số lần CPLEX Pairwise cải thiện: 0 lần
2026-04-30 02:42:44,114 -   => TỔNG THỜI GIAN CHẠY:       178.527s
2026-04-30 02:42:44,119 - ======================================================================
2026-04-30 02:42:44,119 - CPLEX MIP SOLVER  |  FILE: X-n172-k51.vrp
2026-04-30 02:42:44,119 - ======================================================================
2026-04-30 02:42:44,172 - Thông tin dữ liệu: Dimension=172, K=51, Capacity=161
2026-04-30 02:42:44,172 - --- Step 1: Clarke-Wright Heuristic ---
2026-04-30 02:42:44,395 -   Kết quả CW: Cost = 98031, Time = 0.223s
2026-04-30 02:42:44,395 - --- Step 2: Advanced Optimization (CPLEX MIP) ---
2026-04-30 02:42:44,395 - =========================================
2026-04-30 02:42:44,395 - BẮT ĐẦU OPTIMIZE  (100% CPLEX MIP)
2026-04-30 02:42:44,395 -  -> Max Single Size  : 20
2026-04-30 02:42:44,395 -  -> Single Timeout   : 40.0s
2026-04-30 02:42:44,395 -  -> Max Pairwise Size: 16
2026-04-30 02:42:44,395 -  -> Pairwise Timeout : 40.0s
2026-04-30 02:42:44,395 -  -> Global Timeout   : 1200.0s
2026-04-30 02:42:44,395 -  -> Chi phí khởi điểm: 98031
2026-04-30 02:42:44,395 - =========================================
2026-04-30 02:42:44,395 - === BẮT ĐẦU CHẶNG 4: CPLEX MIP CHÍNH XÁC | Cost: 98031 ===
2026-04-30 02:42:44,395 -   [GĐ 4.1] Giải bài toán TSP trên từng tuyến đơn...
2026-04-30 02:42:49,031 -     -> Single CPLEX cải thiện: 17713. Cost mới: 80318
2026-04-30 02:42:49,031 -   [GĐ 4.2] Xét từng cặp tuyến để phân bổ lại khách hàng...
2026-04-30 02:42:49,031 -   --- Pairwise Iter 1 (còn 1195s) ---
2026-04-30 02:42:58,926 -     [P4.2] Pair (41,48) giảm 670 -> BEST = 79648
2026-04-30 02:42:58,964 -   --- Pairwise Iter 2 (còn 1185s) ---
2026-04-30 02:43:39,057 -     [P4.2] Pair (47,50) giảm 2198 -> BEST = 77450
2026-04-30 02:43:39,756 -   --- Pairwise Iter 3 (còn 1145s) ---
2026-04-30 02:43:39,941 -     [P4.2] Pair (26,28) giảm 377 -> BEST = 77073
2026-04-30 02:43:39,958 -   --- Pairwise Iter 4 (còn 1144s) ---
2026-04-30 02:43:42,448 -     [P4.2] Pair (44,50) giảm 154 -> BEST = 76919
2026-04-30 02:43:42,493 -   --- Pairwise Iter 5 (còn 1142s) ---
2026-04-30 02:43:46,578 -     [P4.2] Pair (45,46) giảm 568 -> BEST = 76351
2026-04-30 02:43:46,608 -   --- Pairwise Iter 6 (còn 1138s) ---
2026-04-30 02:43:57,826 -     [P4.2] Pair (44,45) giảm 742 -> BEST = 75609
2026-04-30 02:43:57,872 -   --- Pairwise Iter 7 (còn 1127s) ---
2026-04-30 02:43:58,130 -     [P4.2] Pair (26,45) giảm 454 -> BEST = 75155
2026-04-30 02:43:58,153 -   --- Pairwise Iter 8 (còn 1126s) ---
2026-04-30 02:44:38,568 -     [P4.2] Pair (41,46) giảm 110 -> BEST = 75045
2026-04-30 02:44:38,608 -   --- Pairwise Iter 9 (còn 1086s) ---
2026-04-30 02:44:55,009 -     [P4.2] Pair (40,44) giảm 417 -> BEST = 74628
2026-04-30 02:44:55,046 -   --- Pairwise Iter 10 (còn 1069s) ---
2026-04-30 02:45:35,535 -     [P4.2] Pair (41,47) giảm 62 -> BEST = 74566
2026-04-30 02:45:35,689 -   --- Pairwise Iter 11 (còn 1029s) ---
2026-04-30 02:45:36,175 -     [P4.2] Pair (23,44) giảm 553 -> BEST = 74013
2026-04-30 02:45:36,194 -   --- Pairwise Iter 12 (còn 1028s) ---
2026-04-30 02:46:16,693 -     [P4.2] Pair (26,41) giảm 303 -> BEST = 73710
2026-04-30 02:46:16,744 -   --- Pairwise Iter 13 (còn 988s) ---
2026-04-30 02:46:56,828 -     [P4.2] Pair (26,41) giảm 21 -> BEST = 73689
2026-04-30 02:46:56,906 -   --- Pairwise Iter 14 (còn 947s) ---
2026-04-30 02:47:59,694 -     [P4.2] Pair (5,30) giảm 71 -> BEST = 73618
2026-04-30 02:47:59,710 -   --- Pairwise Iter 15 (còn 885s) ---
2026-04-30 02:49:02,546 -     [P4.2] Pair (18,19) giảm 224 -> BEST = 73394
2026-04-30 02:49:02,560 -   --- Pairwise Iter 16 (còn 822s) ---
2026-04-30 02:50:45,405 -     [P4.2] Pair (39,47) giảm 81 -> BEST = 73313
2026-04-30 02:50:45,472 -   --- Pairwise Iter 17 (còn 719s) ---
2026-04-30 02:52:05,878 -     [P4.2] Pair (43,47) giảm 16 -> BEST = 73297
2026-04-30 02:52:05,904 -   --- Pairwise Iter 18 (còn 638s) ---
2026-04-30 02:53:48,619 -     [P4.2] Pair (24,43) giảm 433 -> BEST = 72864
2026-04-30 02:53:48,651 -   --- Pairwise Iter 19 (còn 536s) ---
2026-04-30 02:55:09,224 -     [P4.2] Pair (29,43) giảm 211 -> BEST = 72653
2026-04-30 02:55:09,252 -   --- Pairwise Iter 20 (còn 455s) ---
2026-04-30 02:55:09,523 -     [P4.2] Pair (15,29) giảm 274 -> BEST = 72379
2026-04-30 02:55:09,538 -   --- Pairwise Iter 21 (còn 455s) ---
2026-04-30 02:56:28,610 -     [P4.2] Pair (43,47) giảm 13 -> BEST = 72366
2026-04-30 02:56:28,647 -   --- Pairwise Iter 22 (còn 376s) ---
2026-04-30 02:58:05,294 -     [P4.2] Pair (8,50) giảm 471 -> BEST = 71895
2026-04-30 02:58:05,310 -   --- Pairwise Iter 23 (còn 279s) ---
2026-04-30 02:58:45,601 -     [P4.2] Pair (8,49) giảm 17 -> BEST = 71878
2026-04-30 02:58:47,455 -   --- Pairwise Iter 24 (còn 237s) ---
2026-04-30 03:00:24,329 -     [P4.2] Pair (26,38) giảm 584 -> BEST = 71294
2026-04-30 03:00:24,362 -   --- Pairwise Iter 25 (còn 140s) ---
2026-04-30 03:02:17,613 -     [P4.2] Pair (26,41) giảm 395 -> BEST = 70899
2026-04-30 03:02:17,666 -   --- Pairwise Iter 26 (còn 27s) ---
2026-04-30 03:02:42,426 -     -> Đã đạt cực trị toàn cục cho mọi cặp dưới ngưỡng. KẾT THÚC CHẶNG 4.
2026-04-30 03:02:42,426 - Hoàn thành trong 1198.0s. Final Cost: 70899
2026-04-30 03:02:42,426 - ======================================================================
2026-04-30 03:02:42,426 - BÁO CÁO TỔNG KẾT (SUMMARY)
2026-04-30 03:02:42,426 - ======================================================================
2026-04-30 03:02:42,426 -   1. Chi phí Clarke-Wright:     98031
2026-04-30 03:02:42,426 -   2. Chi phí sau CPLEX MIP:     70899
2026-04-30 03:02:42,426 -   => TỔNG CẢI THIỆN:            27132
2026-04-30 03:02:42,426 -   => Số lần CPLEX Single cải thiện  : 19 lần
2026-04-30 03:02:42,426 -   => Số lần CPLEX Pairwise cải thiện: 25 lần
2026-04-30 03:02:42,426 -   => TỔNG THỜI GIAN CHẠY:       1198.254s
2026-04-30 03:02:42,431 - ======================================================================
2026-04-30 03:02:42,431 - CPLEX MIP SOLVER  |  FILE: X-n176-k26.vrp
2026-04-30 03:02:42,431 - ======================================================================
2026-04-30 03:02:42,482 - Thông tin dữ liệu: Dimension=176, K=26, Capacity=142
2026-04-30 03:02:42,482 - --- Step 1: Clarke-Wright Heuristic ---
2026-04-30 03:02:42,679 -   Kết quả CW: Cost = 76340, Time = 0.196s
2026-04-30 03:02:42,679 - --- Step 2: Advanced Optimization (CPLEX MIP) ---
2026-04-30 03:02:42,679 - =========================================
2026-04-30 03:02:42,679 - BẮT ĐẦU OPTIMIZE  (100% CPLEX MIP)
2026-04-30 03:02:42,679 -  -> Max Single Size  : 20
2026-04-30 03:02:42,679 -  -> Single Timeout   : 40.0s
2026-04-30 03:02:42,679 -  -> Max Pairwise Size: 23
2026-04-30 03:02:42,679 -  -> Pairwise Timeout : 68.0s
2026-04-30 03:02:42,679 -  -> Global Timeout   : 1200.0s
2026-04-30 03:02:42,679 -  -> Chi phí khởi điểm: 76340
2026-04-30 03:02:42,679 - =========================================
2026-04-30 03:02:42,679 - === BẮT ĐẦU CHẶNG 4: CPLEX MIP CHÍNH XÁC | Cost: 76340 ===
2026-04-30 03:02:42,679 -   [GĐ 4.1] Giải bài toán TSP trên từng tuyến đơn...
2026-04-30 03:03:17,970 -     -> Single CPLEX cải thiện: 17484. Cost mới: 58856
2026-04-30 03:03:17,970 -   [GĐ 4.2] Xét từng cặp tuyến để phân bổ lại khách hàng...
2026-04-30 03:03:17,970 -   --- Pairwise Iter 1 (còn 1165s) ---
2026-04-30 03:05:05,881 -     [P4.2] Pair (0,24) giảm 224 -> BEST = 58632
2026-04-30 03:05:06,108 -   --- Pairwise Iter 2 (còn 1057s) ---
2026-04-30 03:07:00,610 -     [P4.2] Pair (6,16) giảm 514 -> BEST = 58118
2026-04-30 03:07:00,962 -   --- Pairwise Iter 3 (còn 942s) ---
2026-04-30 03:11:11,713 -     [P4.2] Pair (9,11) giảm 296 -> BEST = 57822
2026-04-30 03:11:11,767 -   --- Pairwise Iter 4 (còn 691s) ---
2026-04-30 03:15:22,396 -     [P4.2] Pair (0,12) giảm 5 -> BEST = 57817
2026-04-30 03:16:02,460 -   --- Pairwise Iter 5 (còn 400s) ---
2026-04-30 03:20:13,111 -     [P4.2] Pair (12,19) giảm 1 -> BEST = 57816
2026-04-30 03:20:13,194 -   --- Pairwise Iter 6 (còn 149s) ---
2026-04-30 03:22:07,921 -     [P4.2] Pair (0,19) giảm 1 -> BEST = 57815
2026-04-30 03:22:40,697 -   --- Pairwise Iter 7 (còn 2s) ---
2026-04-30 03:22:40,701 -     -> Đã đạt cực trị toàn cục cho mọi cặp dưới ngưỡng. KẾT THÚC CHẶNG 4.
2026-04-30 03:22:40,701 - Hoàn thành trong 1198.0s. Final Cost: 57815
2026-04-30 03:22:40,701 - ======================================================================
2026-04-30 03:22:40,701 - BÁO CÁO TỔNG KẾT (SUMMARY)
2026-04-30 03:22:40,701 - ======================================================================
2026-04-30 03:22:40,701 -   1. Chi phí Clarke-Wright:     76340
2026-04-30 03:22:40,702 -   2. Chi phí sau CPLEX MIP:     57815
2026-04-30 03:22:40,702 -   => TỔNG CẢI THIỆN:            18525
2026-04-30 03:22:40,702 -   => Số lần CPLEX Single cải thiện  : 25 lần
2026-04-30 03:22:40,702 -   => Số lần CPLEX Pairwise cải thiện: 6 lần
2026-04-30 03:22:40,702 -   => TỔNG THỜI GIAN CHẠY:       1198.219s
2026-04-30 03:22:40,706 - ======================================================================
2026-04-30 03:22:40,707 - CPLEX MIP SOLVER  |  FILE: X-n181-k23.vrp
2026-04-30 03:22:40,707 - ======================================================================
2026-04-30 03:22:40,756 - Thông tin dữ liệu: Dimension=181, K=23, Capacity=8
2026-04-30 03:22:40,756 - --- Step 1: Clarke-Wright Heuristic ---
2026-04-30 03:22:40,796 -   Kết quả CW: Cost = 28836, Time = 0.039s
2026-04-30 03:22:40,796 - --- Step 2: Advanced Optimization (CPLEX MIP) ---
2026-04-30 03:22:40,796 - =========================================
2026-04-30 03:22:40,796 - BẮT ĐẦU OPTIMIZE  (100% CPLEX MIP)
2026-04-30 03:22:40,796 -  -> Max Single Size  : 20
2026-04-30 03:22:40,796 -  -> Single Timeout   : 40.0s
2026-04-30 03:22:40,796 -  -> Max Pairwise Size: 27
2026-04-30 03:22:40,796 -  -> Pairwise Timeout : 79.0s
2026-04-30 03:22:40,796 -  -> Global Timeout   : 1200.0s
2026-04-30 03:22:40,796 -  -> Chi phí khởi điểm: 28836
2026-04-30 03:22:40,796 - =========================================
2026-04-30 03:22:40,797 - === BẮT ĐẦU CHẶNG 4: CPLEX MIP CHÍNH XÁC | Cost: 28836 ===
2026-04-30 03:22:40,797 -   [GĐ 4.1] Giải bài toán TSP trên từng tuyến đơn...
2026-04-30 03:22:42,130 -     -> Single CPLEX cải thiện: 1165. Cost mới: 27671
2026-04-30 03:22:42,130 -   [GĐ 4.2] Xét từng cặp tuyến để phân bổ lại khách hàng...
2026-04-30 03:22:42,130 -   --- Pairwise Iter 1 (còn 1199s) ---
2026-04-30 03:23:32,612 -     [P4.2] Pair (3,12) giảm 51 -> BEST = 27620
2026-04-30 03:23:32,741 -   --- Pairwise Iter 2 (còn 1148s) ---
2026-04-30 03:24:51,786 -     [P4.2] Pair (8,12) giảm 222 -> BEST = 27398
2026-04-30 03:24:52,049 -   --- Pairwise Iter 3 (còn 1069s) ---
2026-04-30 03:26:11,093 -     [P4.2] Pair (5,12) giảm 36 -> BEST = 27362
2026-04-30 03:26:11,182 -   --- Pairwise Iter 4 (còn 990s) ---
2026-04-30 03:27:30,226 -     [P4.2] Pair (15,21) giảm 125 -> BEST = 27237
2026-04-30 03:27:30,483 -   --- Pairwise Iter 5 (còn 910s) ---
2026-04-30 03:28:49,523 -     [P4.2] Pair (1,19) giảm 113 -> BEST = 27124
2026-04-30 03:28:49,683 -   --- Pairwise Iter 6 (còn 831s) ---
2026-04-30 03:28:57,023 -     [P4.2] Pair (3,8) giảm 23 -> BEST = 27101
2026-04-30 03:28:57,076 -   --- Pairwise Iter 7 (còn 824s) ---
2026-04-30 03:31:05,664 -     [P4.2] Pair (21,22) giảm 71 -> BEST = 27030
2026-04-30 03:31:05,827 -   --- Pairwise Iter 8 (còn 695s) ---
2026-04-30 03:33:43,964 -     [P4.2] Pair (13,19) giảm 47 -> BEST = 26983
2026-04-30 03:33:43,988 -       [S-re] Route 13: 742 → 738  (−4) | BEST = 26979
2026-04-30 03:33:44,025 -   --- Pairwise Iter 9 (còn 537s) ---
2026-04-30 03:39:00,233 -     [P4.2] Pair (9,18) giảm 80 -> BEST = 26899
2026-04-30 03:39:00,727 -   --- Pairwise Iter 10 (còn 220s) ---
2026-04-30 03:42:38,879 -     -> Đã đạt cực trị toàn cục cho mọi cặp dưới ngưỡng. KẾT THÚC CHẶNG 4.
2026-04-30 03:42:38,879 - Hoàn thành trong 1198.1s. Final Cost: 26899
2026-04-30 03:42:38,879 - ======================================================================
2026-04-30 03:42:38,879 - BÁO CÁO TỔNG KẾT (SUMMARY)
2026-04-30 03:42:38,879 - ======================================================================
2026-04-30 03:42:38,879 -   1. Chi phí Clarke-Wright:     28836
2026-04-30 03:42:38,879 -   2. Chi phí sau CPLEX MIP:     26899
2026-04-30 03:42:38,879 -   => TỔNG CẢI THIỆN:            1937
2026-04-30 03:42:38,879 -   => Số lần CPLEX Single cải thiện  : 21 lần
2026-04-30 03:42:38,879 -   => Số lần CPLEX Pairwise cải thiện: 9 lần
2026-04-30 03:42:38,879 -   => TỔNG THỜI GIAN CHẠY:       1198.122s
2026-04-30 03:42:38,884 - ======================================================================
2026-04-30 03:42:38,884 - CPLEX MIP SOLVER  |  FILE: X-n186-k15.vrp
2026-04-30 03:42:38,884 - ======================================================================
2026-04-30 03:42:38,936 - Thông tin dữ liệu: Dimension=186, K=15, Capacity=974
2026-04-30 03:42:38,936 - --- Step 1: Clarke-Wright Heuristic ---
2026-04-30 03:42:38,974 -   Kết quả CW: Cost = 36380, Time = 0.038s
2026-04-30 03:42:38,974 - --- Step 2: Advanced Optimization (CPLEX MIP) ---
2026-04-30 03:42:38,974 - =========================================
2026-04-30 03:42:38,974 - BẮT ĐẦU OPTIMIZE  (100% CPLEX MIP)
2026-04-30 03:42:38,974 -  -> Max Single Size  : 31
2026-04-30 03:42:38,974 -  -> Single Timeout   : 40.0s
2026-04-30 03:42:38,975 -  -> Max Pairwise Size: 28
2026-04-30 03:42:38,975 -  -> Pairwise Timeout : 124.0s
2026-04-30 03:42:38,975 -  -> Global Timeout   : 1200.0s
2026-04-30 03:42:38,975 -  -> Chi phí khởi điểm: 36380
2026-04-30 03:42:38,975 - =========================================
2026-04-30 03:42:38,975 - === BẮT ĐẦU CHẶNG 4: CPLEX MIP CHÍNH XÁC | Cost: 36380 ===
2026-04-30 03:42:38,975 -   [GĐ 4.1] Giải bài toán TSP trên từng tuyến đơn...
2026-04-30 03:43:31,157 -     -> Single CPLEX cải thiện: 3222. Cost mới: 33158
2026-04-30 03:43:31,157 -   [GĐ 4.2] Xét từng cặp tuyến để phân bổ lại khách hàng...
2026-04-30 03:43:31,161 -   --- Pairwise Iter 1 (còn 1148s) ---
2026-04-30 03:45:35,261 -     [P4.2] Pair (6,12) giảm 189 -> BEST = 32969
2026-04-30 03:45:35,643 -   --- Pairwise Iter 2 (còn 1023s) ---
2026-04-30 03:47:39,735 -     [P4.2] Pair (1,8) giảm 137 -> BEST = 32832
2026-04-30 03:47:41,207 -       [S-re] Route 8: 2030 → 2010  (−20) | BEST = 32812
2026-04-30 03:47:41,207 -   --- Pairwise Iter 3 (còn 898s) ---
2026-04-30 03:49:45,311 -     [P4.2] Pair (2,6) giảm 289 -> BEST = 32523
2026-04-30 03:49:54,818 -       [S-re] Route 6: 1082 → 1075  (−7) | BEST = 32516
2026-04-30 03:49:54,818 -   --- Pairwise Iter 4 (còn 764s) ---
2026-04-30 03:54:03,021 -     [P4.2] Pair (3,4) giảm 493 -> BEST = 32023
2026-04-30 03:54:16,063 -   --- Pairwise Iter 5 (còn 503s) ---
2026-04-30 04:02:32,442 -     [P4.2] Pair (1,9) giảm 363 -> BEST = 31660
2026-04-30 04:02:34,992 -       [S-re] Route 1: 1535 → 1530  (−5) | BEST = 31655
2026-04-30 04:02:35,095 -   --- Pairwise Iter 6 (còn 4s) ---
2026-04-30 04:02:37,077 -     -> Đã đạt cực trị toàn cục cho mọi cặp dưới ngưỡng. KẾT THÚC CHẶNG 4.
2026-04-30 04:02:37,077 - Hoàn thành trong 1198.1s. Final Cost: 31655
2026-04-30 04:02:37,077 - ======================================================================
2026-04-30 04:02:37,077 - BÁO CÁO TỔNG KẾT (SUMMARY)
2026-04-30 04:02:37,077 - ======================================================================
2026-04-30 04:02:37,077 -   1. Chi phí Clarke-Wright:     36380
2026-04-30 04:02:37,077 -   2. Chi phí sau CPLEX MIP:     31655
2026-04-30 04:02:37,077 -   => TỔNG CẢI THIỆN:            4725
2026-04-30 04:02:37,077 -   => Số lần CPLEX Single cải thiện  : 17 lần
2026-04-30 04:02:37,077 -   => Số lần CPLEX Pairwise cải thiện: 5 lần
2026-04-30 04:02:37,077 -   => TỔNG THỜI GIAN CHẠY:       1198.141s
2026-04-30 04:02:37,082 - ======================================================================
2026-04-30 04:02:37,082 - CPLEX MIP SOLVER  |  FILE: X-n190-k8.vrp
2026-04-30 04:02:37,083 - ======================================================================
2026-04-30 04:02:37,144 - Thông tin dữ liệu: Dimension=190, K=8, Capacity=138
2026-04-30 04:02:37,144 - --- Step 1: Clarke-Wright Heuristic ---
2026-04-30 04:02:37,311 -   Kết quả CW: Cost = 20571, Time = 0.166s
2026-04-30 04:02:37,311 - --- Step 2: Advanced Optimization (CPLEX MIP) ---
2026-04-30 04:02:37,311 - =========================================
2026-04-30 04:02:37,311 - BẮT ĐẦU OPTIMIZE  (100% CPLEX MIP)
2026-04-30 04:02:37,311 -  -> Max Single Size  : 35
2026-04-30 04:02:37,311 -  -> Single Timeout   : 40.0s
2026-04-30 04:02:37,311 -  -> Max Pairwise Size: 28
2026-04-30 04:02:37,311 -  -> Pairwise Timeout : 150.0s
2026-04-30 04:02:37,312 -  -> Global Timeout   : 1200.0s
2026-04-30 04:02:37,312 -  -> Chi phí khởi điểm: 20571
2026-04-30 04:02:37,312 - =========================================
2026-04-30 04:02:37,312 - === BẮT ĐẦU CHẶNG 4: CPLEX MIP CHÍNH XÁC | Cost: 20571 ===
2026-04-30 04:02:37,312 -   [GĐ 4.1] Giải bài toán TSP trên từng tuyến đơn...
2026-04-30 04:06:49,243 -     -> Single CPLEX cải thiện: 1509. Cost mới: 19062
2026-04-30 04:06:49,243 -   [GĐ 4.2] Xét từng cặp tuyến để phân bổ lại khách hàng...
2026-04-30 04:06:49,247 -   --- Pairwise Iter 1 (còn 948s) ---
2026-04-30 04:06:49,250 -     -> Đã đạt cực trị toàn cục cho mọi cặp dưới ngưỡng. KẾT THÚC CHẶNG 4.
2026-04-30 04:06:49,250 - Hoàn thành trong 251.9s. Final Cost: 19062
2026-04-30 04:06:49,250 - ======================================================================
2026-04-30 04:06:49,250 - BÁO CÁO TỔNG KẾT (SUMMARY)
2026-04-30 04:06:49,250 - ======================================================================
2026-04-30 04:06:49,250 -   1. Chi phí Clarke-Wright:     20571
2026-04-30 04:06:49,250 -   2. Chi phí sau CPLEX MIP:     19062
2026-04-30 04:06:49,250 -   => TỔNG CẢI THIỆN:            1509
2026-04-30 04:06:49,250 -   => Số lần CPLEX Single cải thiện  : 8 lần
2026-04-30 04:06:49,250 -   => Số lần CPLEX Pairwise cải thiện: 0 lần
2026-04-30 04:06:49,250 -   => TỔNG THỜI GIAN CHẠY:       252.105s
2026-04-30 04:06:49,251 - ======================================================================
2026-04-30 04:06:49,252 - CPLEX MIP SOLVER  |  FILE: X-n195-k51.vrp
2026-04-30 04:06:49,252 - ======================================================================
2026-04-30 04:06:49,309 - Thông tin dữ liệu: Dimension=195, K=51, Capacity=181
2026-04-30 04:06:49,309 - --- Step 1: Clarke-Wright Heuristic ---
2026-04-30 04:06:49,606 -   Kết quả CW: Cost = 109251, Time = 0.297s
2026-04-30 04:06:49,606 - --- Step 2: Advanced Optimization (CPLEX MIP) ---
2026-04-30 04:06:49,606 - =========================================
2026-04-30 04:06:49,606 - BẮT ĐẦU OPTIMIZE  (100% CPLEX MIP)
2026-04-30 04:06:49,606 -  -> Max Single Size  : 20
2026-04-30 04:06:49,606 -  -> Single Timeout   : 40.0s
2026-04-30 04:06:49,606 -  -> Max Pairwise Size: 16
2026-04-30 04:06:49,606 -  -> Pairwise Timeout : 40.0s
2026-04-30 04:06:49,606 -  -> Global Timeout   : 1200.0s
2026-04-30 04:06:49,606 -  -> Chi phí khởi điểm: 109251
2026-04-30 04:06:49,606 - =========================================
2026-04-30 04:06:49,606 - === BẮT ĐẦU CHẶNG 4: CPLEX MIP CHÍNH XÁC | Cost: 109251 ===
2026-04-30 04:06:49,606 -   [GĐ 4.1] Giải bài toán TSP trên từng tuyến đơn...
2026-04-30 04:06:50,668 -     -> Single CPLEX cải thiện: 22331. Cost mới: 86920
2026-04-30 04:06:50,669 -   [GĐ 4.2] Xét từng cặp tuyến để phân bổ lại khách hàng...
2026-04-30 04:06:50,669 -   --- Pairwise Iter 1 (còn 1199s) ---
2026-04-30 04:07:24,671 -     [P4.2] Pair (44,49) giảm 1205 -> BEST = 85715
2026-04-30 04:07:24,766 -   --- Pairwise Iter 2 (còn 1165s) ---
2026-04-30 04:07:33,992 -     [P4.2] Pair (43,49) giảm 1192 -> BEST = 84523
2026-04-30 04:07:34,028 -   --- Pairwise Iter 3 (còn 1156s) ---
2026-04-30 04:07:34,683 -     [P4.2] Pair (30,48) giảm 12 -> BEST = 84511
2026-04-30 04:07:34,726 -   --- Pairwise Iter 4 (còn 1155s) ---
2026-04-30 04:07:36,438 -     [P4.2] Pair (45,46) giảm 636 -> BEST = 83875
2026-04-30 04:07:36,474 -   --- Pairwise Iter 5 (còn 1153s) ---
2026-04-30 04:07:36,720 -     [P4.2] Pair (19,46) giảm 192 -> BEST = 83683
2026-04-30 04:07:36,744 -   --- Pairwise Iter 6 (còn 1153s) ---
2026-04-30 04:07:37,606 -     [P4.2] Pair (19,45) giảm 110 -> BEST = 83573
2026-04-30 04:07:37,634 -   --- Pairwise Iter 7 (còn 1152s) ---
2026-04-30 04:07:42,534 -     [P4.2] Pair (39,44) giảm 269 -> BEST = 83304
2026-04-30 04:07:42,572 -   --- Pairwise Iter 8 (còn 1147s) ---
2026-04-30 04:07:51,375 -     [P4.2] Pair (47,48) giảm 1210 -> BEST = 82094
2026-04-30 04:07:51,432 -   --- Pairwise Iter 9 (còn 1138s) ---
2026-04-30 04:07:51,941 -     [P4.2] Pair (31,47) giảm 753 -> BEST = 81341
2026-04-30 04:07:51,965 -   --- Pairwise Iter 10 (còn 1138s) ---
2026-04-30 04:08:28,107 -     [P4.2] Pair (19,39) giảm 30 -> BEST = 81311
2026-04-30 04:08:28,154 -   --- Pairwise Iter 11 (còn 1101s) ---
2026-04-30 04:09:07,703 -     [P4.2] Pair (39,40) giảm 173 -> BEST = 81138
2026-04-30 04:09:07,733 -   --- Pairwise Iter 12 (còn 1062s) ---
2026-04-30 04:09:12,130 -     [P4.2] Pair (19,40) giảm 68 -> BEST = 81070
2026-04-30 04:09:12,160 -   --- Pairwise Iter 13 (còn 1057s) ---
2026-04-30 04:09:24,910 -     [P4.2] Pair (39,40) giảm 176 -> BEST = 80894
2026-04-30 04:09:24,950 -   --- Pairwise Iter 14 (còn 1045s) ---
2026-04-30 04:09:25,205 -     [P4.2] Pair (19,40) giảm 1 -> BEST = 80893
2026-04-30 04:09:25,227 -   --- Pairwise Iter 15 (còn 1044s) ---
2026-04-30 04:09:45,973 -     [P4.2] Pair (16,40) giảm 14 -> BEST = 80879
2026-04-30 04:09:45,992 -   --- Pairwise Iter 16 (còn 1024s) ---
2026-04-30 04:09:59,514 -     [P4.2] Pair (32,48) giảm 519 -> BEST = 80360
2026-04-30 04:09:59,544 -   --- Pairwise Iter 17 (còn 1010s) ---
2026-04-30 04:10:12,954 -     [P4.2] Pair (35,39) giảm 249 -> BEST = 80111
2026-04-30 04:10:12,979 -   --- Pairwise Iter 18 (còn 997s) ---
2026-04-30 04:10:16,245 -     [P4.2] Pair (41,47) giảm 493 -> BEST = 79618
2026-04-30 04:10:16,280 -   --- Pairwise Iter 19 (còn 993s) ---
2026-04-30 04:10:19,540 -     [P4.2] Pair (12,35) giảm 224 -> BEST = 79394
2026-04-30 04:10:19,558 -   --- Pairwise Iter 20 (còn 990s) ---
2026-04-30 04:10:21,374 -     [P4.2] Pair (12,41) giảm 44 -> BEST = 79350
2026-04-30 04:10:21,395 -   --- Pairwise Iter 21 (còn 988s) ---
2026-04-30 04:10:21,942 -     [P4.2] Pair (41,47) giảm 12 -> BEST = 79338
2026-04-30 04:10:21,964 -   --- Pairwise Iter 22 (còn 988s) ---
2026-04-30 04:10:24,563 -     [P4.2] Pair (38,41) giảm 152 -> BEST = 79186
2026-04-30 04:10:24,593 -   --- Pairwise Iter 23 (còn 985s) ---
2026-04-30 04:10:25,064 -     [P4.2] Pair (38,47) giảm 498 -> BEST = 78688
2026-04-30 04:10:25,094 -   --- Pairwise Iter 24 (còn 985s) ---
2026-04-30 04:10:26,056 -     [P4.2] Pair (41,49) giảm 43 -> BEST = 78645
2026-04-30 04:10:26,083 -   --- Pairwise Iter 25 (còn 984s) ---
2026-04-30 04:10:29,292 -     [P4.2] Pair (42,45) giảm 202 -> BEST = 78443
2026-04-30 04:10:29,318 -   --- Pairwise Iter 26 (còn 980s) ---
2026-04-30 04:10:32,369 -     [P4.2] Pair (42,49) giảm 429 -> BEST = 78014
2026-04-30 04:10:32,394 -   --- Pairwise Iter 27 (còn 977s) ---
2026-04-30 04:10:34,355 -     [P4.2] Pair (38,49) giảm 237 -> BEST = 77777
2026-04-30 04:10:34,384 -   --- Pairwise Iter 28 (còn 975s) ---
2026-04-30 04:10:37,060 -     [P4.2] Pair (16,17) giảm 12 -> BEST = 77765
2026-04-30 04:10:37,079 -   --- Pairwise Iter 29 (còn 973s) ---
2026-04-30 04:10:40,576 -     [P4.2] Pair (24,48) giảm 22 -> BEST = 77743
2026-04-30 04:10:40,606 -   --- Pairwise Iter 30 (còn 969s) ---
2026-04-30 04:10:42,527 -     [P4.2] Pair (21,48) giảm 424 -> BEST = 77319
2026-04-30 04:10:42,549 -   --- Pairwise Iter 31 (còn 967s) ---
2026-04-30 04:10:44,734 -     [P4.2] Pair (25,48) giảm 422 -> BEST = 76897
2026-04-30 04:10:44,750 -   --- Pairwise Iter 32 (còn 965s) ---
2026-04-30 04:10:48,779 -     [P4.2] Pair (43,44) giảm 287 -> BEST = 76610
2026-04-30 04:10:48,811 -   --- Pairwise Iter 33 (còn 961s) ---
2026-04-30 04:10:54,068 -     [P4.2] Pair (38,44) giảm 209 -> BEST = 76401
2026-04-30 04:10:54,098 -   --- Pairwise Iter 34 (còn 956s) ---
2026-04-30 04:10:56,082 -     [P4.2] Pair (31,44) giảm 96 -> BEST = 76305
2026-04-30 04:10:56,107 -   --- Pairwise Iter 35 (còn 953s) ---
2026-04-30 04:10:56,681 -     [P4.2] Pair (31,47) giảm 139 -> BEST = 76166
2026-04-30 04:10:56,703 -   --- Pairwise Iter 36 (còn 953s) ---
2026-04-30 04:10:59,358 -     [P4.2] Pair (12,31) giảm 18 -> BEST = 76148
2026-04-30 04:10:59,385 -   --- Pairwise Iter 37 (còn 950s) ---
2026-04-30 04:11:02,829 -     [P4.2] Pair (27,38) giảm 277 -> BEST = 75871
2026-04-30 04:11:02,849 -   --- Pairwise Iter 38 (còn 947s) ---
2026-04-30 04:11:04,670 -     [P4.2] Pair (27,32) giảm 336 -> BEST = 75535
2026-04-30 04:11:04,694 -   --- Pairwise Iter 39 (còn 945s) ---
2026-04-30 04:11:09,388 -     [P4.2] Pair (24,43) giảm 303 -> BEST = 75232
2026-04-30 04:11:09,424 -   --- Pairwise Iter 40 (còn 940s) ---
2026-04-30 04:11:12,146 -     [P4.2] Pair (21,24) giảm 37 -> BEST = 75195
2026-04-30 04:11:12,175 -   --- Pairwise Iter 41 (còn 937s) ---
2026-04-30 04:11:16,465 -     [P4.2] Pair (32,36) giảm 595 -> BEST = 74600
2026-04-30 04:11:16,484 -   --- Pairwise Iter 42 (còn 933s) ---
2026-04-30 04:11:20,360 -     [P4.2] Pair (24,32) giảm 78 -> BEST = 74522
2026-04-30 04:11:20,383 -   --- Pairwise Iter 43 (còn 929s) ---
2026-04-30 04:11:25,198 -     [P4.2] Pair (41,42) giảm 101 -> BEST = 74421
2026-04-30 04:11:25,231 -   --- Pairwise Iter 44 (còn 924s) ---
2026-04-30 04:11:32,249 -     [P4.2] Pair (38,44) giảm 149 -> BEST = 74272
2026-04-30 04:11:32,280 -   --- Pairwise Iter 45 (còn 917s) ---
2026-04-30 04:11:39,379 -     [P4.2] Pair (21,31) giảm 72 -> BEST = 74200
2026-04-30 04:11:39,402 -   --- Pairwise Iter 46 (còn 910s) ---
2026-04-30 04:11:40,808 -     [P4.2] Pair (12,21) giảm 72 -> BEST = 74128
2026-04-30 04:11:40,833 -   --- Pairwise Iter 47 (còn 909s) ---
2026-04-30 04:11:49,471 -     [P4.2] Pair (21,43) giảm 48 -> BEST = 74080
2026-04-30 04:11:49,512 -   --- Pairwise Iter 48 (còn 900s) ---
2026-04-30 04:11:55,313 -     [P4.2] Pair (21,49) giảm 120 -> BEST = 73960
2026-04-30 04:11:55,335 -   --- Pairwise Iter 49 (còn 894s) ---
2026-04-30 04:12:06,188 -     [P4.2] Pair (27,37) giảm 57 -> BEST = 73903
2026-04-30 04:12:06,210 -   --- Pairwise Iter 50 (còn 883s) ---
2026-04-30 04:13:02,815 -     [P4.2] Pair (8,47) giảm 116 -> BEST = 73787
2026-04-30 04:13:02,832 -   --- Pairwise Iter 51 (còn 827s) ---
2026-04-30 04:14:01,530 -     [P4.2] Pair (37,39) giảm 55 -> BEST = 73732
2026-04-30 04:14:01,557 -   --- Pairwise Iter 52 (còn 768s) ---
2026-04-30 04:15:10,868 -     [P4.2] Pair (41,44) giảm 28 -> BEST = 73704
2026-04-30 04:15:10,908 -   --- Pairwise Iter 53 (còn 699s) ---
2026-04-30 04:15:17,961 -     [P4.2] Pair (2,44) giảm 13 -> BEST = 73691
2026-04-30 04:15:17,984 -   --- Pairwise Iter 54 (còn 692s) ---
2026-04-30 04:16:02,664 -     [P4.2] Pair (32,49) giảm 13 -> BEST = 73678
2026-04-30 04:16:02,687 -   --- Pairwise Iter 55 (còn 647s) ---
2026-04-30 04:16:46,330 -     [P4.2] Pair (11,32) giảm 129 -> BEST = 73549
2026-04-30 04:16:46,348 -   --- Pairwise Iter 56 (còn 603s) ---
2026-04-30 04:17:25,678 -     [P4.2] Pair (12,49) giảm 28 -> BEST = 73521
2026-04-30 04:17:25,708 -   --- Pairwise Iter 57 (còn 564s) ---
2026-04-30 04:18:06,075 -     [P4.2] Pair (16,44) giảm 287 -> BEST = 73234
2026-04-30 04:18:06,098 -   --- Pairwise Iter 58 (còn 524s) ---
2026-04-30 04:18:46,664 -     [P4.2] Pair (24,26) giảm 18 -> BEST = 73216
2026-04-30 04:18:46,682 -   --- Pairwise Iter 59 (còn 483s) ---
2026-04-30 04:19:28,297 -     [P4.2] Pair (31,46) giảm 5 -> BEST = 73211
2026-04-30 04:19:28,315 -   --- Pairwise Iter 60 (còn 441s) ---
2026-04-30 04:20:10,705 -     [P4.2] Pair (30,35) giảm 2 -> BEST = 73209
2026-04-30 04:20:10,728 -   --- Pairwise Iter 61 (còn 399s) ---
2026-04-30 04:20:17,589 -     [P4.2] Pair (35,46) giảm 347 -> BEST = 72862
2026-04-30 04:20:17,608 -   --- Pairwise Iter 62 (còn 392s) ---
2026-04-30 04:20:24,094 -     [P4.2] Pair (32,46) giảm 7 -> BEST = 72855
2026-04-30 04:20:24,110 -   --- Pairwise Iter 63 (còn 385s) ---
2026-04-30 04:21:01,063 -     [P4.2] Pair (30,42) giảm 29 -> BEST = 72826
2026-04-30 04:21:01,080 -   --- Pairwise Iter 64 (còn 349s) ---
2026-04-30 04:21:39,857 -     [P4.2] Pair (18,30) giảm 107 -> BEST = 72719
2026-04-30 04:21:39,881 -   --- Pairwise Iter 65 (còn 310s) ---
2026-04-30 04:22:20,249 -     [P4.2] Pair (9,35) giảm 161 -> BEST = 72558
2026-04-30 04:22:20,295 -   --- Pairwise Iter 66 (còn 269s) ---
2026-04-30 04:23:02,985 -     [P4.2] Pair (11,15) giảm 711 -> BEST = 71847
2026-04-30 04:23:03,003 -   --- Pairwise Iter 67 (còn 227s) ---
2026-04-30 04:23:45,808 -     [P4.2] Pair (21,29) giảm 83 -> BEST = 71764
2026-04-30 04:23:45,829 -   --- Pairwise Iter 68 (còn 184s) ---
2026-04-30 04:24:24,397 -     [P4.2] Pair (29,37) giảm 6 -> BEST = 71758
2026-04-30 04:24:24,415 -   --- Pairwise Iter 69 (còn 145s) ---
2026-04-30 04:24:31,805 -     [P4.2] Pair (17,29) giảm 16 -> BEST = 71742
2026-04-30 04:24:31,824 -   --- Pairwise Iter 70 (còn 138s) ---
2026-04-30 04:24:38,653 -     [P4.2] Pair (5,17) giảm 2 -> BEST = 71740
2026-04-30 04:24:38,669 -   --- Pairwise Iter 71 (còn 131s) ---
2026-04-30 04:24:46,277 -     [P4.2] Pair (9,29) giảm 15 -> BEST = 71725
2026-04-30 04:24:46,295 -   --- Pairwise Iter 72 (còn 123s) ---
2026-04-30 04:24:55,024 -     [P4.2] Pair (29,39) giảm 336 -> BEST = 71389
2026-04-30 04:24:55,055 -   --- Pairwise Iter 73 (còn 115s) ---
2026-04-30 04:25:36,370 -     [P4.2] Pair (0,39) giảm 423 -> BEST = 70966
2026-04-30 04:25:36,395 -   --- Pairwise Iter 74 (còn 73s) ---
2026-04-30 04:25:43,621 -     [P4.2] Pair (0,28) giảm 203 -> BEST = 70763
2026-04-30 04:25:43,641 -   --- Pairwise Iter 75 (còn 66s) ---
2026-04-30 04:25:46,737 -     [P4.2] Pair (28,40) giảm 160 -> BEST = 70603
2026-04-30 04:25:46,764 -   --- Pairwise Iter 76 (còn 63s) ---
2026-04-30 04:26:23,699 -     [P4.2] Pair (9,28) giảm 2 -> BEST = 70601
2026-04-30 04:26:23,723 -   --- Pairwise Iter 77 (còn 26s) ---
2026-04-30 04:26:47,640 -     -> Đã đạt cực trị toàn cục cho mọi cặp dưới ngưỡng. KẾT THÚC CHẶNG 4.
2026-04-30 04:26:47,640 - Hoàn thành trong 1198.0s. Final Cost: 70601
2026-04-30 04:26:47,640 - ======================================================================
2026-04-30 04:26:47,640 - BÁO CÁO TỔNG KẾT (SUMMARY)
2026-04-30 04:26:47,640 - ======================================================================
2026-04-30 04:26:47,640 -   1. Chi phí Clarke-Wright:     109251
2026-04-30 04:26:47,640 -   2. Chi phí sau CPLEX MIP:     70601
2026-04-30 04:26:47,640 -   => TỔNG CẢI THIỆN:            38650
2026-04-30 04:26:47,640 -   => Số lần CPLEX Single cải thiện  : 30 lần
2026-04-30 04:26:47,640 -   => Số lần CPLEX Pairwise cải thiện: 76 lần
2026-04-30 04:26:47,640 -   => TỔNG THỜI GIAN CHẠY:       1198.331s
2026-04-30 04:26:47,645 - ======================================================================
2026-04-30 04:26:47,645 - CPLEX MIP SOLVER  |  FILE: X-n200-k36.vrp
2026-04-30 04:26:47,645 - ======================================================================
2026-04-30 04:26:47,708 - Thông tin dữ liệu: Dimension=200, K=36, Capacity=402
2026-04-30 04:26:47,708 - --- Step 1: Clarke-Wright Heuristic ---
2026-04-30 04:26:48,053 -   Kết quả CW: Cost = 123489, Time = 0.344s
2026-04-30 04:26:48,053 - --- Step 2: Advanced Optimization (CPLEX MIP) ---
2026-04-30 04:26:48,053 - =========================================
2026-04-30 04:26:48,053 - BẮT ĐẦU OPTIMIZE  (100% CPLEX MIP)
2026-04-30 04:26:48,053 -  -> Max Single Size  : 20
2026-04-30 04:26:48,053 -  -> Single Timeout   : 40.0s
2026-04-30 04:26:48,053 -  -> Max Pairwise Size: 19
2026-04-30 04:26:48,053 -  -> Pairwise Timeout : 56.0s
2026-04-30 04:26:48,053 -  -> Global Timeout   : 1200.0s
2026-04-30 04:26:48,053 -  -> Chi phí khởi điểm: 123489
2026-04-30 04:26:48,053 - =========================================
2026-04-30 04:26:48,053 - === BẮT ĐẦU CHẶNG 4: CPLEX MIP CHÍNH XÁC | Cost: 123489 ===
2026-04-30 04:26:48,053 -   [GĐ 4.1] Giải bài toán TSP trên từng tuyến đơn...
2026-04-30 04:26:49,006 -     -> Single CPLEX cải thiện: 31038. Cost mới: 92451
2026-04-30 04:26:49,007 -   [GĐ 4.2] Xét từng cặp tuyến để phân bổ lại khách hàng...
2026-04-30 04:26:49,007 -   --- Pairwise Iter 1 (còn 1199s) ---
2026-04-30 04:27:11,879 -     [P4.2] Pair (5,33) giảm 526 -> BEST = 91925
2026-04-30 04:27:12,150 -   --- Pairwise Iter 2 (còn 1176s) ---
2026-04-30 04:27:36,442 -     [P4.2] Pair (17,19) giảm 101 -> BEST = 91824
2026-04-30 04:27:36,468 -   --- Pairwise Iter 3 (còn 1152s) ---
2026-04-30 04:28:24,616 -     [P4.2] Pair (4,31) giảm 369 -> BEST = 91455
2026-04-30 04:28:24,656 -   --- Pairwise Iter 4 (còn 1103s) ---
2026-04-30 04:29:45,019 -     [P4.2] Pair (19,33) giảm 99 -> BEST = 91356
2026-04-30 04:29:45,063 -   --- Pairwise Iter 5 (còn 1023s) ---
2026-04-30 04:29:54,735 -     [P4.2] Pair (5,19) giảm 259 -> BEST = 91097
2026-04-30 04:29:54,774 -   --- Pairwise Iter 6 (còn 1013s) ---
2026-04-30 04:30:02,607 -     [P4.2] Pair (5,17) giảm 64 -> BEST = 91033
2026-04-30 04:30:02,652 -   --- Pairwise Iter 7 (còn 1005s) ---
2026-04-30 04:31:20,550 -     [P4.2] Pair (4,9) giảm 499 -> BEST = 90534
2026-04-30 04:31:20,577 -   --- Pairwise Iter 8 (còn 927s) ---
2026-04-30 04:32:28,616 -     [P4.2] Pair (18,33) giảm 203 -> BEST = 90331
2026-04-30 04:32:28,638 -   --- Pairwise Iter 9 (còn 859s) ---
2026-04-30 04:33:38,491 -     [P4.2] Pair (11,31) giảm 872 -> BEST = 89459
2026-04-30 04:33:38,522 -   --- Pairwise Iter 10 (còn 790s) ---
2026-04-30 04:34:41,915 -     [P4.2] Pair (11,35) giảm 189 -> BEST = 89270
2026-04-30 04:34:41,983 -   --- Pairwise Iter 11 (còn 726s) ---
2026-04-30 04:36:48,968 -     [P4.2] Pair (12,34) giảm 1023 -> BEST = 88247
2026-04-30 04:36:48,997 -   --- Pairwise Iter 12 (còn 599s) ---
2026-04-30 04:38:11,888 -     [P4.2] Pair (27,29) giảm 1119 -> BEST = 87128
2026-04-30 04:38:11,919 -   --- Pairwise Iter 13 (còn 516s) ---
2026-04-30 04:38:28,620 -     [P4.2] Pair (27,28) giảm 32 -> BEST = 87096
2026-04-30 04:38:28,652 -   --- Pairwise Iter 14 (còn 499s) ---
2026-04-30 04:39:49,828 -     [P4.2] Pair (3,31) giảm 212 -> BEST = 86884
2026-04-30 04:39:49,850 -   --- Pairwise Iter 15 (còn 418s) ---
2026-04-30 04:40:25,857 -     [P4.2] Pair (3,23) giảm 255 -> BEST = 86629
2026-04-30 04:40:25,899 -   --- Pairwise Iter 16 (còn 382s) ---
2026-04-30 04:41:47,371 -     [P4.2] Pair (11,23) giảm 69 -> BEST = 86560
2026-04-30 04:41:47,412 -   --- Pairwise Iter 17 (còn 301s) ---
2026-04-30 04:43:00,681 -     [P4.2] Pair (11,35) giảm 20 -> BEST = 86540
2026-04-30 04:43:00,744 -   --- Pairwise Iter 18 (còn 227s) ---
2026-04-30 04:43:30,786 -     [P4.2] Pair (12,29) giảm 1317 -> BEST = 85223
2026-04-30 04:43:30,827 -   --- Pairwise Iter 19 (còn 197s) ---
2026-04-30 04:43:48,827 -     [P4.2] Pair (6,12) giảm 42 -> BEST = 85181
2026-04-30 04:43:48,861 -   --- Pairwise Iter 20 (còn 179s) ---
2026-04-30 04:43:49,565 -     [P4.2] Pair (12,20) giảm 159 -> BEST = 85022
2026-04-30 04:43:49,595 -   --- Pairwise Iter 21 (còn 178s) ---
2026-04-30 04:44:13,045 -     [P4.2] Pair (7,12) giảm 653 -> BEST = 84369
2026-04-30 04:44:13,075 -   --- Pairwise Iter 22 (còn 155s) ---
2026-04-30 04:45:02,739 -     [P4.2] Pair (10,35) giảm 627 -> BEST = 83742
2026-04-30 04:45:02,776 -   --- Pairwise Iter 23 (còn 105s) ---
2026-04-30 04:46:20,974 -     [P4.2] Pair (18,30) giảm 207 -> BEST = 83535
2026-04-30 04:46:21,016 -   --- Pairwise Iter 24 (còn 27s) ---
2026-04-30 04:46:46,080 -     [P4.2] Pair (14,18) giảm 366 -> BEST = 83169
2026-04-30 04:46:46,080 -   --- Pairwise Iter 25 (còn 2s) ---
2026-04-30 04:46:46,087 -     -> Đã đạt cực trị toàn cục cho mọi cặp dưới ngưỡng. KẾT THÚC CHẶNG 4.
2026-04-30 04:46:46,087 - Hoàn thành trong 1198.0s. Final Cost: 83169
2026-04-30 04:46:46,087 - ======================================================================
2026-04-30 04:46:46,087 - BÁO CÁO TỔNG KẾT (SUMMARY)
2026-04-30 04:46:46,087 - ======================================================================
2026-04-30 04:46:46,087 -   1. Chi phí Clarke-Wright:     123489
2026-04-30 04:46:46,087 -   2. Chi phí sau CPLEX MIP:     83169
2026-04-30 04:46:46,087 -   => TỔNG CẢI THIỆN:            40320
2026-04-30 04:46:46,087 -   => Số lần CPLEX Single cải thiện  : 35 lần
2026-04-30 04:46:46,087 -   => Số lần CPLEX Pairwise cải thiện: 24 lần
2026-04-30 04:46:46,087 -   => TỔNG THỜI GIAN CHẠY:       1198.378s
2026-04-30 04:46:46,092 - ======================================================================
2026-04-30 04:46:46,092 - CPLEX MIP SOLVER  |  FILE: X-n204-k19.vrp
2026-04-30 04:46:46,092 - ======================================================================
2026-04-30 04:46:46,153 - Thông tin dữ liệu: Dimension=204, K=19, Capacity=836
2026-04-30 04:46:46,153 - --- Step 1: Clarke-Wright Heuristic ---
2026-04-30 04:46:46,208 -   Kết quả CW: Cost = 28923, Time = 0.055s
2026-04-30 04:46:46,208 - --- Step 2: Advanced Optimization (CPLEX MIP) ---
2026-04-30 04:46:46,208 - =========================================
2026-04-30 04:46:46,208 - BẮT ĐẦU OPTIMIZE  (100% CPLEX MIP)
2026-04-30 04:46:46,208 -  -> Max Single Size  : 26
2026-04-30 04:46:46,208 -  -> Single Timeout   : 40.0s
2026-04-30 04:46:46,208 -  -> Max Pairwise Size: 28
2026-04-30 04:46:46,208 -  -> Pairwise Timeout : 108.0s
2026-04-30 04:46:46,208 -  -> Global Timeout   : 1200.0s
2026-04-30 04:46:46,208 -  -> Chi phí khởi điểm: 28923
2026-04-30 04:46:46,209 - =========================================
2026-04-30 04:46:46,209 - === BẮT ĐẦU CHẶNG 4: CPLEX MIP CHÍNH XÁC | Cost: 28923 ===
2026-04-30 04:46:46,209 -   [GĐ 4.1] Giải bài toán TSP trên từng tuyến đơn...
2026-04-30 04:47:05,265 -     -> Single CPLEX cải thiện: 1687. Cost mới: 27236
2026-04-30 04:47:05,265 -   [GĐ 4.2] Xét từng cặp tuyến để phân bổ lại khách hàng...
2026-04-30 04:47:05,269 -   --- Pairwise Iter 1 (còn 1181s) ---
2026-04-30 04:50:41,414 -     [P4.2] Pair (11,17) giảm 108 -> BEST = 27128
2026-04-30 04:50:42,038 -       [S-re] Route 11: 1089 → 1082  (−7) | BEST = 27121
2026-04-30 04:50:44,061 -   --- Pairwise Iter 2 (còn 962s) ---
2026-04-30 04:54:20,201 -     [P4.2] Pair (7,11) giảm 97 -> BEST = 27024
2026-04-30 04:54:20,378 -       [S-re] Route 7: 1026 → 1023  (−3) | BEST = 27021
2026-04-30 04:54:24,327 -   --- Pairwise Iter 3 (còn 742s) ---
2026-04-30 04:58:00,481 -     [P4.2] Pair (8,17) giảm 533 -> BEST = 26488
2026-04-30 04:58:07,650 -   --- Pairwise Iter 4 (còn 519s) ---
2026-04-30 05:01:43,807 -     [P4.2] Pair (11,17) giảm 32 -> BEST = 26456
2026-04-30 05:01:44,851 -   --- Pairwise Iter 5 (còn 301s) ---
2026-04-30 05:06:44,271 -     [P4.2] Pair (7,11) giảm 24 -> BEST = 26432
2026-04-30 05:06:44,271 -   --- Pairwise Iter 6 (còn 2s) ---
2026-04-30 05:06:44,280 -     -> Đã đạt cực trị toàn cục cho mọi cặp dưới ngưỡng. KẾT THÚC CHẶNG 4.
2026-04-30 05:06:44,280 - Hoàn thành trong 1198.1s. Final Cost: 26432
2026-04-30 05:06:44,280 - ======================================================================
2026-04-30 05:06:44,280 - BÁO CÁO TỔNG KẾT (SUMMARY)
2026-04-30 05:06:44,280 - ======================================================================
2026-04-30 05:06:44,280 -   1. Chi phí Clarke-Wright:     28923
2026-04-30 05:06:44,280 -   2. Chi phí sau CPLEX MIP:     26432
2026-04-30 05:06:44,280 -   => TỔNG CẢI THIỆN:            2491
2026-04-30 05:06:44,280 -   => Số lần CPLEX Single cải thiện  : 21 lần
2026-04-30 05:06:44,280 -   => Số lần CPLEX Pairwise cải thiện: 5 lần
2026-04-30 05:06:44,280 -   => TỔNG THỜI GIAN CHẠY:       1198.126s
2026-04-30 05:06:44,281 - ======================================================================
2026-04-30 05:06:44,281 - CPLEX MIP SOLVER  |  FILE: X-n209-k16.vrp
2026-04-30 05:06:44,282 - ======================================================================
2026-04-30 05:06:44,345 - Thông tin dữ liệu: Dimension=209, K=16, Capacity=101
2026-04-30 05:06:44,345 - --- Step 1: Clarke-Wright Heuristic ---
2026-04-30 05:06:44,404 -   Kết quả CW: Cost = 39478, Time = 0.058s
2026-04-30 05:06:44,404 - --- Step 2: Advanced Optimization (CPLEX MIP) ---
2026-04-30 05:06:44,404 - =========================================
2026-04-30 05:06:44,404 - BẮT ĐẦU OPTIMIZE  (100% CPLEX MIP)
2026-04-30 05:06:44,404 -  -> Max Single Size  : 32
2026-04-30 05:06:44,404 -  -> Single Timeout   : 40.0s
2026-04-30 05:06:44,404 -  -> Max Pairwise Size: 28
2026-04-30 05:06:44,404 -  -> Pairwise Timeout : 131.0s
2026-04-30 05:06:44,404 -  -> Global Timeout   : 1200.0s
2026-04-30 05:06:44,404 -  -> Chi phí khởi điểm: 39478
2026-04-30 05:06:44,404 - =========================================
2026-04-30 05:06:44,404 - === BẮT ĐẦU CHẶNG 4: CPLEX MIP CHÍNH XÁC | Cost: 39478 ===
2026-04-30 05:06:44,404 -   [GĐ 4.1] Giải bài toán TSP trên từng tuyến đơn...
2026-04-30 05:09:51,704 -     -> Single CPLEX cải thiện: 2874. Cost mới: 36604
2026-04-30 05:09:51,704 -   [GĐ 4.2] Xét từng cặp tuyến để phân bổ lại khách hàng...
2026-04-30 05:09:51,704 -   --- Pairwise Iter 1 (còn 1013s) ---
2026-04-30 05:12:02,801 -     [P4.2] Pair (9,12) giảm 76 -> BEST = 36528
2026-04-30 05:12:42,821 -       [S-re] Route 9: 2236 → 2231  (−5) | BEST = 36523
2026-04-30 05:12:43,208 -   --- Pairwise Iter 2 (còn 841s) ---
2026-04-30 05:14:54,326 -     [P4.2] Pair (9,12) giảm 4 -> BEST = 36519
2026-04-30 05:15:34,822 -   --- Pairwise Iter 3 (còn 670s) ---
2026-04-30 05:19:57,029 -     [P4.2] Pair (11,14) giảm 292 -> BEST = 36227
2026-04-30 05:19:57,170 -   --- Pairwise Iter 4 (còn 407s) ---
2026-04-30 05:24:19,380 -     [P4.2] Pair (4,5) giảm 509 -> BEST = 35718
2026-04-30 05:25:16,831 -       [S-re] Route 5: 2629 → 2582  (−47) | BEST = 35671
2026-04-30 05:25:16,831 -   --- Pairwise Iter 5 (còn 88s) ---
2026-04-30 05:26:42,496 -     -> Đã đạt cực trị toàn cục cho mọi cặp dưới ngưỡng. KẾT THÚC CHẶNG 4.
2026-04-30 05:26:42,497 - Hoàn thành trong 1198.1s. Final Cost: 35671
2026-04-30 05:26:42,497 - ======================================================================
2026-04-30 05:26:42,497 - BÁO CÁO TỔNG KẾT (SUMMARY)
2026-04-30 05:26:42,497 - ======================================================================
2026-04-30 05:26:42,497 -   1. Chi phí Clarke-Wright:     39478
2026-04-30 05:26:42,497 -   2. Chi phí sau CPLEX MIP:     35671
2026-04-30 05:26:42,497 -   => TỔNG CẢI THIỆN:            3807
2026-04-30 05:26:42,497 -   => Số lần CPLEX Single cải thiện  : 18 lần
2026-04-30 05:26:42,497 -   => Số lần CPLEX Pairwise cải thiện: 4 lần
2026-04-30 05:26:42,497 -   => TỔNG THỜI GIAN CHẠY:       1198.151s
2026-04-30 05:26:42,502 - ======================================================================
2026-04-30 05:26:42,502 - CPLEX MIP SOLVER  |  FILE: X-n214-k11.vrp
2026-04-30 05:26:42,502 - ======================================================================
2026-04-30 05:26:42,567 - Thông tin dữ liệu: Dimension=214, K=11, Capacity=944
2026-04-30 05:26:42,567 - --- Step 1: Clarke-Wright Heuristic ---
2026-04-30 05:26:42,646 -   Kết quả CW: Cost = 15887, Time = 0.078s
2026-04-30 05:26:42,646 - --- Step 2: Advanced Optimization (CPLEX MIP) ---
2026-04-30 05:26:42,646 - =========================================
2026-04-30 05:26:42,646 - BẮT ĐẦU OPTIMIZE  (100% CPLEX MIP)
2026-04-30 05:26:42,646 -  -> Max Single Size  : 35
2026-04-30 05:26:42,646 -  -> Single Timeout   : 40.0s
2026-04-30 05:26:42,646 -  -> Max Pairwise Size: 28
2026-04-30 05:26:42,646 -  -> Pairwise Timeout : 150.0s
2026-04-30 05:26:42,646 -  -> Global Timeout   : 1200.0s
2026-04-30 05:26:42,646 -  -> Chi phí khởi điểm: 15887
2026-04-30 05:26:42,646 - =========================================
2026-04-30 05:26:42,647 - === BẮT ĐẦU CHẶNG 4: CPLEX MIP CHÍNH XÁC | Cost: 15887 ===
2026-04-30 05:26:42,647 -   [GĐ 4.1] Giải bài toán TSP trên từng tuyến đơn...
2026-04-30 05:30:50,974 -     -> Single CPLEX cải thiện: 2018. Cost mới: 13869
2026-04-30 05:30:50,975 -   [GĐ 4.2] Xét từng cặp tuyến để phân bổ lại khách hàng...
2026-04-30 05:30:50,975 -   --- Pairwise Iter 1 (còn 952s) ---
2026-04-30 05:30:50,979 -     -> Đã đạt cực trị toàn cục cho mọi cặp dưới ngưỡng. KẾT THÚC CHẶNG 4.
2026-04-30 05:30:50,979 - Hoàn thành trong 248.3s. Final Cost: 13869
2026-04-30 05:30:50,979 - ======================================================================
2026-04-30 05:30:50,979 - BÁO CÁO TỔNG KẾT (SUMMARY)
2026-04-30 05:30:50,979 - ======================================================================
2026-04-30 05:30:50,979 -   1. Chi phí Clarke-Wright:     15887
2026-04-30 05:30:50,979 -   2. Chi phí sau CPLEX MIP:     13869
2026-04-30 05:30:50,979 -   => TỔNG CẢI THIỆN:            2018
2026-04-30 05:30:50,979 -   => Số lần CPLEX Single cải thiện  : 11 lần
2026-04-30 05:30:50,979 -   => Số lần CPLEX Pairwise cải thiện: 0 lần
2026-04-30 05:30:50,979 -   => TỔNG THỜI GIAN CHẠY:       248.411s
2026-04-30 05:30:50,984 - ======================================================================
2026-04-30 05:30:50,984 - CPLEX MIP SOLVER  |  FILE: X-n219-k73.vrp
2026-04-30 05:30:50,984 - ======================================================================
2026-04-30 05:30:51,063 - Thông tin dữ liệu: Dimension=219, K=73, Capacity=3
2026-04-30 05:30:51,063 - --- Step 1: Clarke-Wright Heuristic ---
2026-04-30 05:30:51,222 -   Kết quả CW: Cost = 118801, Time = 0.159s
2026-04-30 05:30:51,222 - --- Step 2: Advanced Optimization (CPLEX MIP) ---
2026-04-30 05:30:51,222 - =========================================
2026-04-30 05:30:51,222 - BẮT ĐẦU OPTIMIZE  (100% CPLEX MIP)
2026-04-30 05:30:51,222 -  -> Max Single Size  : 20
2026-04-30 05:30:51,222 -  -> Single Timeout   : 40.0s
2026-04-30 05:30:51,222 -  -> Max Pairwise Size: 16
2026-04-30 05:30:51,222 -  -> Pairwise Timeout : 40.0s
2026-04-30 05:30:51,222 -  -> Global Timeout   : 1200.0s
2026-04-30 05:30:51,222 -  -> Chi phí khởi điểm: 118801
2026-04-30 05:30:51,223 - =========================================
2026-04-30 05:30:51,223 - === BẮT ĐẦU CHẶNG 4: CPLEX MIP CHÍNH XÁC | Cost: 118801 ===
2026-04-30 05:30:51,223 -   [GĐ 4.1] Giải bài toán TSP trên từng tuyến đơn...
2026-04-30 05:30:51,854 -     -> Single CPLEX cải thiện: 260. Cost mới: 118541
2026-04-30 05:30:51,854 -   [GĐ 4.2] Xét từng cặp tuyến để phân bổ lại khách hàng...
2026-04-30 05:30:51,854 -   --- Pairwise Iter 1 (còn 1199s) ---
2026-04-30 05:30:52,354 -     [P4.2] Pair (12,42) giảm 15 -> BEST = 118526
2026-04-30 05:30:52,371 -   --- Pairwise Iter 2 (còn 1199s) ---
2026-04-30 05:30:52,850 -     [P4.2] Pair (47,60) giảm 21 -> BEST = 118505
2026-04-30 05:30:52,867 -   --- Pairwise Iter 3 (còn 1198s) ---
2026-04-30 05:30:53,351 -     [P4.2] Pair (8,61) giảm 17 -> BEST = 118488
2026-04-30 05:30:53,368 -   --- Pairwise Iter 4 (còn 1198s) ---
2026-04-30 05:30:53,872 -     [P4.2] Pair (13,43) giảm 28 -> BEST = 118460
2026-04-30 05:30:53,889 -   --- Pairwise Iter 5 (còn 1197s) ---
2026-04-30 05:30:53,966 -     [P4.2] Pair (13,33) giảm 11 -> BEST = 118449
2026-04-30 05:30:53,983 -   --- Pairwise Iter 6 (còn 1197s) ---
2026-04-30 05:30:54,628 -     [P4.2] Pair (39,68) giảm 52 -> BEST = 118397
2026-04-30 05:30:54,644 -   --- Pairwise Iter 7 (còn 1197s) ---
2026-04-30 05:30:55,480 -     [P4.2] Pair (22,64) giảm 20 -> BEST = 118377
2026-04-30 05:30:55,496 -   --- Pairwise Iter 8 (còn 1196s) ---
2026-04-30 05:30:56,376 -     [P4.2] Pair (14,40) giảm 44 -> BEST = 118333
2026-04-30 05:30:56,394 -   --- Pairwise Iter 9 (còn 1195s) ---
2026-04-30 05:30:57,846 -     [P4.2] Pair (26,32) giảm 13 -> BEST = 118320
2026-04-30 05:30:57,863 -   --- Pairwise Iter 10 (còn 1193s) ---
2026-04-30 05:30:58,100 -     [P4.2] Pair (26,33) giảm 13 -> BEST = 118307
2026-04-30 05:30:58,116 -   --- Pairwise Iter 11 (còn 1193s) ---
2026-04-30 05:30:58,287 -     [P4.2] Pair (33,62) giảm 12 -> BEST = 118295
2026-04-30 05:30:58,304 -   --- Pairwise Iter 12 (còn 1193s) ---
2026-04-30 05:30:59,740 -     [P4.2] Pair (52,53) giảm 27 -> BEST = 118268
2026-04-30 05:30:59,757 -   --- Pairwise Iter 13 (còn 1191s) ---
2026-04-30 05:31:01,426 -     [P4.2] Pair (4,61) giảm 36 -> BEST = 118232
2026-04-30 05:31:01,444 -   --- Pairwise Iter 14 (còn 1190s) ---
2026-04-30 05:31:03,349 -     [P4.2] Pair (7,18) giảm 27 -> BEST = 118205
2026-04-30 05:31:03,366 -   --- Pairwise Iter 15 (còn 1188s) ---
2026-04-30 05:31:05,316 -     [P4.2] Pair (15,19) giảm 16 -> BEST = 118189
2026-04-30 05:31:05,333 -   --- Pairwise Iter 16 (còn 1186s) ---
2026-04-30 05:31:07,580 -     [P4.2] Pair (6,59) giảm 11 -> BEST = 118178
2026-04-30 05:31:07,598 -   --- Pairwise Iter 17 (còn 1184s) ---
2026-04-30 05:31:10,185 -     [P4.2] Pair (27,56) giảm 3 -> BEST = 118175
2026-04-30 05:31:10,203 -   --- Pairwise Iter 18 (còn 1181s) ---
2026-04-30 05:32:33,336 -     -> Đã đạt cực trị toàn cục cho mọi cặp dưới ngưỡng. KẾT THÚC CHẶNG 4.
2026-04-30 05:32:33,336 - Hoàn thành trong 102.1s. Final Cost: 118175
2026-04-30 05:32:33,336 - ======================================================================
2026-04-30 05:32:33,336 - BÁO CÁO TỔNG KẾT (SUMMARY)
2026-04-30 05:32:33,336 - ======================================================================
2026-04-30 05:32:33,336 -   1. Chi phí Clarke-Wright:     118801
2026-04-30 05:32:33,336 -   2. Chi phí sau CPLEX MIP:     118175
2026-04-30 05:32:33,336 -   => TỔNG CẢI THIỆN:            626
2026-04-30 05:32:33,336 -   => Số lần CPLEX Single cải thiện  : 28 lần
2026-04-30 05:32:33,336 -   => Số lần CPLEX Pairwise cải thiện: 17 lần
2026-04-30 05:32:33,336 -   => TỔNG THỜI GIAN CHẠY:       102.273s
2026-04-30 05:32:33,341 - ======================================================================
2026-04-30 05:32:33,342 - CPLEX MIP SOLVER  |  FILE: X-n223-k34.vrp
2026-04-30 05:32:33,342 - ======================================================================
2026-04-30 05:32:33,420 - Thông tin dữ liệu: Dimension=223, K=34, Capacity=37
2026-04-30 05:32:33,420 - --- Step 1: Clarke-Wright Heuristic ---
2026-04-30 05:32:33,467 -   Kết quả CW: Cost = 55499, Time = 0.046s
2026-04-30 05:32:33,467 - --- Step 2: Advanced Optimization (CPLEX MIP) ---
2026-04-30 05:32:33,467 - =========================================
2026-04-30 05:32:33,467 - BẮT ĐẦU OPTIMIZE  (100% CPLEX MIP)
2026-04-30 05:32:33,467 -  -> Max Single Size  : 20
2026-04-30 05:32:33,467 -  -> Single Timeout   : 40.0s
2026-04-30 05:32:33,467 -  -> Max Pairwise Size: 22
2026-04-30 05:32:33,467 -  -> Pairwise Timeout : 66.0s
2026-04-30 05:32:33,467 -  -> Global Timeout   : 1200.0s
2026-04-30 05:32:33,467 -  -> Chi phí khởi điểm: 55499
2026-04-30 05:32:33,467 - =========================================
2026-04-30 05:32:33,467 - === BẮT ĐẦU CHẶNG 4: CPLEX MIP CHÍNH XÁC | Cost: 55499 ===
2026-04-30 05:32:33,468 -   [GĐ 4.1] Giải bài toán TSP trên từng tuyến đơn...
2026-04-30 05:32:35,057 -     -> Single CPLEX cải thiện: 2324. Cost mới: 53175
2026-04-30 05:32:35,057 -   [GĐ 4.2] Xét từng cặp tuyến để phân bổ lại khách hàng...
2026-04-30 05:32:35,057 -   --- Pairwise Iter 1 (còn 1198s) ---
2026-04-30 05:35:11,581 -     [P4.2] Pair (3,29) giảm 616 -> BEST = 52559
2026-04-30 05:35:11,634 -   --- Pairwise Iter 2 (còn 1042s) ---
2026-04-30 05:37:48,915 -     [P4.2] Pair (0,31) giảm 12 -> BEST = 52547
2026-04-30 05:37:48,979 -   --- Pairwise Iter 3 (còn 884s) ---
2026-04-30 05:41:32,306 -     [P4.2] Pair (1,6) giảm 14 -> BEST = 52533
2026-04-30 05:41:33,298 -   --- Pairwise Iter 4 (còn 660s) ---
2026-04-30 05:45:16,550 -     [P4.2] Pair (3,16) giảm 145 -> BEST = 52388
2026-04-30 05:45:16,635 -   --- Pairwise Iter 5 (còn 437s) ---
2026-04-30 05:48:06,719 -     [P4.2] Pair (12,33) giảm 8 -> BEST = 52380
2026-04-30 05:48:06,758 -   --- Pairwise Iter 6 (còn 267s) ---
2026-04-30 05:52:02,527 -     [P4.2] Pair (11,33) giảm 21 -> BEST = 52359
2026-04-30 05:52:02,698 -   --- Pairwise Iter 7 (còn 31s) ---
2026-04-30 05:52:31,496 -     -> Đã đạt cực trị toàn cục cho mọi cặp dưới ngưỡng. KẾT THÚC CHẶNG 4.
2026-04-30 05:52:31,496 - Hoàn thành trong 1198.0s. Final Cost: 52359
2026-04-30 05:52:31,496 - ======================================================================
2026-04-30 05:52:31,496 - BÁO CÁO TỔNG KẾT (SUMMARY)
2026-04-30 05:52:31,496 - ======================================================================
2026-04-30 05:52:31,496 -   1. Chi phí Clarke-Wright:     55499
2026-04-30 05:52:31,496 -   2. Chi phí sau CPLEX MIP:     52359
2026-04-30 05:52:31,496 -   => TỔNG CẢI THIỆN:            3140
2026-04-30 05:52:31,496 -   => Số lần CPLEX Single cải thiện  : 26 lần
2026-04-30 05:52:31,496 -   => Số lần CPLEX Pairwise cải thiện: 6 lần
2026-04-30 05:52:31,496 -   => TỔNG THỜI GIAN CHẠY:       1198.075s
2026-04-30 05:52:31,501 - ======================================================================
2026-04-30 05:52:31,501 - CPLEX MIP SOLVER  |  FILE: X-n228-k23.vrp
2026-04-30 05:52:31,501 - ======================================================================
2026-04-30 05:52:31,579 - Thông tin dữ liệu: Dimension=228, K=23, Capacity=154
2026-04-30 05:52:31,579 - --- Step 1: Clarke-Wright Heuristic ---
2026-04-30 05:52:31,652 -   Kết quả CW: Cost = 33806, Time = 0.072s
2026-04-30 05:52:31,652 - --- Step 2: Advanced Optimization (CPLEX MIP) ---
2026-04-30 05:52:31,652 - =========================================
2026-04-30 05:52:31,652 - BẮT ĐẦU OPTIMIZE  (100% CPLEX MIP)
2026-04-30 05:52:31,652 -  -> Max Single Size  : 24
2026-04-30 05:52:31,652 -  -> Single Timeout   : 40.0s
2026-04-30 05:52:31,652 -  -> Max Pairwise Size: 28
2026-04-30 05:52:31,652 -  -> Pairwise Timeout : 100.0s
2026-04-30 05:52:31,652 -  -> Global Timeout   : 1200.0s
2026-04-30 05:52:31,652 -  -> Chi phí khởi điểm: 33806
2026-04-30 05:52:31,652 - =========================================
2026-04-30 05:52:31,652 - === BẮT ĐẦU CHẶNG 4: CPLEX MIP CHÍNH XÁC | Cost: 33806 ===
2026-04-30 05:52:31,652 -   [GĐ 4.1] Giải bài toán TSP trên từng tuyến đơn...
2026-04-30 05:56:20,035 -     -> Single CPLEX cải thiện: 2035. Cost mới: 31771
2026-04-30 05:56:20,035 -   [GĐ 4.2] Xét từng cặp tuyến để phân bổ lại khách hàng...
2026-04-30 05:56:20,035 -   --- Pairwise Iter 1 (còn 972s) ---
2026-04-30 05:58:00,094 -     [P4.2] Pair (0,10) giảm 8 -> BEST = 31763
2026-04-30 05:58:40,155 -   --- Pairwise Iter 2 (còn 831s) ---
2026-04-30 06:02:00,247 -     [P4.2] Pair (10,12) giảm 1 -> BEST = 31762
2026-04-30 06:02:01,263 -   --- Pairwise Iter 3 (còn 630s) ---
2026-04-30 06:05:21,441 -     [P4.2] Pair (8,9) giảm 67 -> BEST = 31695
2026-04-30 06:05:23,040 -   --- Pairwise Iter 4 (còn 429s) ---
2026-04-30 06:08:43,202 -     [P4.2] Pair (8,9) giảm 10 -> BEST = 31685
2026-04-30 06:08:44,839 -   --- Pairwise Iter 5 (còn 227s) ---
2026-04-30 06:12:29,705 -     [P4.2] Pair (5,22) giảm 13 -> BEST = 31672
2026-04-30 06:12:29,705 -   --- Pairwise Iter 6 (còn 2s) ---
2026-04-30 06:12:29,711 -     -> Đã đạt cực trị toàn cục cho mọi cặp dưới ngưỡng. KẾT THÚC CHẶNG 4.
2026-04-30 06:12:29,711 - Hoàn thành trong 1198.1s. Final Cost: 31672
2026-04-30 06:12:29,711 - ======================================================================
2026-04-30 06:12:29,711 - BÁO CÁO TỔNG KẾT (SUMMARY)
2026-04-30 06:12:29,711 - ======================================================================
2026-04-30 06:12:29,711 -   1. Chi phí Clarke-Wright:     33806
2026-04-30 06:12:29,711 -   2. Chi phí sau CPLEX MIP:     31672
2026-04-30 06:12:29,711 -   => TỔNG CẢI THIỆN:            2134
2026-04-30 06:12:29,711 -   => Số lần CPLEX Single cải thiện  : 22 lần
2026-04-30 06:12:29,711 -   => Số lần CPLEX Pairwise cải thiện: 5 lần
2026-04-30 06:12:29,711 -   => TỔNG THỜI GIAN CHẠY:       1198.132s
2026-04-30 06:12:29,716 - ======================================================================
2026-04-30 06:12:29,716 - CPLEX MIP SOLVER  |  FILE: X-n233-k16.vrp
2026-04-30 06:12:29,717 - ======================================================================
2026-04-30 06:12:29,805 - Thông tin dữ liệu: Dimension=233, K=16, Capacity=631
2026-04-30 06:12:29,805 - --- Step 1: Clarke-Wright Heuristic ---
2026-04-30 06:12:29,926 -   Kết quả CW: Cost = 111784, Time = 0.121s
2026-04-30 06:12:29,926 - --- Step 2: Advanced Optimization (CPLEX MIP) ---
2026-04-30 06:12:29,926 - =========================================
2026-04-30 06:12:29,926 - BẮT ĐẦU OPTIMIZE  (100% CPLEX MIP)
2026-04-30 06:12:29,926 -  -> Max Single Size  : 35
2026-04-30 06:12:29,926 -  -> Single Timeout   : 40.0s
2026-04-30 06:12:29,926 -  -> Max Pairwise Size: 28
2026-04-30 06:12:29,926 -  -> Pairwise Timeout : 146.0s
2026-04-30 06:12:29,926 -  -> Global Timeout   : 1200.0s
2026-04-30 06:12:29,926 -  -> Chi phí khởi điểm: 111784
2026-04-30 06:12:29,926 - =========================================
2026-04-30 06:12:29,926 - === BẮT ĐẦU CHẶNG 4: CPLEX MIP CHÍNH XÁC | Cost: 111784 ===
2026-04-30 06:12:29,926 -   [GĐ 4.1] Giải bài toán TSP trên từng tuyến đơn...
2026-04-30 06:14:04,098 -     -> Single CPLEX cải thiện: 43024. Cost mới: 68760
2026-04-30 06:14:04,099 -   [GĐ 4.2] Xét từng cặp tuyến để phân bổ lại khách hàng...
2026-04-30 06:14:04,099 -   --- Pairwise Iter 1 (còn 1106s) ---
2026-04-30 06:15:34,607 -     [P4.2] Pair (1,7) giảm 721 -> BEST = 68039
2026-04-30 06:15:34,737 -   --- Pairwise Iter 2 (còn 1015s) ---
2026-04-30 06:18:00,786 -     [P4.2] Pair (1,6) giảm 363 -> BEST = 67676
2026-04-30 06:18:00,895 -   --- Pairwise Iter 3 (còn 869s) ---
2026-04-30 06:20:41,935 -     [P4.2] Pair (2,4) giảm 114 -> BEST = 67562
2026-04-30 06:20:41,974 -   --- Pairwise Iter 4 (còn 708s) ---
2026-04-30 06:25:34,162 -     [P4.2] Pair (9,12) giảm 397 -> BEST = 67165
2026-04-30 06:25:54,937 -       [S-re] Route 9: 2313 → 2304  (−9) | BEST = 67156
2026-04-30 06:25:54,986 -   --- Pairwise Iter 5 (còn 395s) ---
2026-04-30 06:30:47,163 -     [P4.2] Pair (9,11) giảm 1184 -> BEST = 65972
2026-04-30 06:30:47,253 -       [S-re] Route 9: 2150 → 2137  (−13) | BEST = 65959
2026-04-30 06:30:47,283 -       [S-re] Route 11: 1858 → 1656  (−202) | BEST = 65757
2026-04-30 06:30:47,283 -   --- Pairwise Iter 6 (còn 103s) ---
2026-04-30 06:32:27,975 -     -> Đã đạt cực trị toàn cục cho mọi cặp dưới ngưỡng. KẾT THÚC CHẶNG 4.
2026-04-30 06:32:27,976 - Hoàn thành trong 1198.0s. Final Cost: 65757
2026-04-30 06:32:27,976 - ======================================================================
2026-04-30 06:32:27,976 - BÁO CÁO TỔNG KẾT (SUMMARY)
2026-04-30 06:32:27,976 - ======================================================================
2026-04-30 06:32:27,976 -   1. Chi phí Clarke-Wright:     111784
2026-04-30 06:32:27,976 -   2. Chi phí sau CPLEX MIP:     65757
2026-04-30 06:32:27,976 -   => TỔNG CẢI THIỆN:            46027
2026-04-30 06:32:27,976 -   => Số lần CPLEX Single cải thiện  : 18 lần
2026-04-30 06:32:27,976 -   => Số lần CPLEX Pairwise cải thiện: 5 lần
2026-04-30 06:32:27,976 -   => TỔNG THỜI GIAN CHẠY:       1198.171s
2026-04-30 06:32:27,981 - ======================================================================
2026-04-30 06:32:27,981 - CPLEX MIP SOLVER  |  FILE: X-n237-k14.vrp
2026-04-30 06:32:27,981 - ======================================================================
2026-04-30 06:32:28,064 - Thông tin dữ liệu: Dimension=237, K=14, Capacity=18
2026-04-30 06:32:28,064 - --- Step 1: Clarke-Wright Heuristic ---
2026-04-30 06:32:28,131 -   Kết quả CW: Cost = 35645, Time = 0.066s
2026-04-30 06:32:28,131 - --- Step 2: Advanced Optimization (CPLEX MIP) ---
2026-04-30 06:32:28,131 - =========================================
2026-04-30 06:32:28,131 - BẮT ĐẦU OPTIMIZE  (100% CPLEX MIP)
2026-04-30 06:32:28,131 -  -> Max Single Size  : 35
2026-04-30 06:32:28,131 -  -> Single Timeout   : 40.0s
2026-04-30 06:32:28,131 -  -> Max Pairwise Size: 28
2026-04-30 06:32:28,131 -  -> Pairwise Timeout : 150.0s
2026-04-30 06:32:28,131 -  -> Global Timeout   : 1200.0s
2026-04-30 06:32:28,131 -  -> Chi phí khởi điểm: 35645
2026-04-30 06:32:28,131 - =========================================
2026-04-30 06:32:28,131 - === BẮT ĐẦU CHẶNG 4: CPLEX MIP CHÍNH XÁC | Cost: 35645 ===
2026-04-30 06:32:28,131 -   [GĐ 4.1] Giải bài toán TSP trên từng tuyến đơn...
2026-04-30 06:37:12,986 -     -> Single CPLEX cải thiện: 2776. Cost mới: 32869
2026-04-30 06:37:12,986 -   [GĐ 4.2] Xét từng cặp tuyến để phân bổ lại khách hàng...
2026-04-30 06:37:12,986 -   --- Pairwise Iter 1 (còn 915s) ---
2026-04-30 06:39:43,090 -     [P4.2] Pair (3,10) giảm 43 -> BEST = 32826
2026-04-30 06:40:23,260 -       [S-re] Route 10: 2566 → 2522  (−44) | BEST = 32782
2026-04-30 06:40:23,260 -   --- Pairwise Iter 2 (còn 725s) ---
2026-04-30 06:42:53,460 -     [P4.2] Pair (3,9) giảm 170 -> BEST = 32612
2026-04-30 06:42:54,220 -   --- Pairwise Iter 3 (còn 574s) ---
2026-04-30 06:50:24,535 -     [P4.2] Pair (3,8) giảm 378 -> BEST = 32234
2026-04-30 06:50:26,962 -   --- Pairwise Iter 4 (còn 121s) ---
2026-04-30 06:52:26,261 -     -> Đã đạt cực trị toàn cục cho mọi cặp dưới ngưỡng. KẾT THÚC CHẶNG 4.
2026-04-30 06:52:26,261 - Hoàn thành trong 1198.1s. Final Cost: 32234
2026-04-30 06:52:26,261 - ======================================================================
2026-04-30 06:52:26,261 - BÁO CÁO TỔNG KẾT (SUMMARY)
2026-04-30 06:52:26,261 - ======================================================================
2026-04-30 06:52:26,261 -   1. Chi phí Clarke-Wright:     35645
2026-04-30 06:52:26,261 -   2. Chi phí sau CPLEX MIP:     32234
2026-04-30 06:52:26,261 -   => TỔNG CẢI THIỆN:            3411
2026-04-30 06:52:26,261 -   => Số lần CPLEX Single cải thiện  : 15 lần
2026-04-30 06:52:26,261 -   => Số lần CPLEX Pairwise cải thiện: 3 lần
2026-04-30 06:52:26,261 -   => TỔNG THỜI GIAN CHẠY:       1198.197s
2026-04-30 06:52:26,263 - ======================================================================
2026-04-30 06:52:26,263 - CPLEX MIP SOLVER  |  FILE: X-n242-k48.vrp
2026-04-30 06:52:26,263 - ======================================================================
2026-04-30 06:52:26,350 - Thông tin dữ liệu: Dimension=242, K=48, Capacity=28
2026-04-30 06:52:26,350 - --- Step 1: Clarke-Wright Heuristic ---
2026-04-30 06:52:26,414 -   Kết quả CW: Cost = 98297, Time = 0.064s
2026-04-30 06:52:26,414 - --- Step 2: Advanced Optimization (CPLEX MIP) ---
2026-04-30 06:52:26,414 - =========================================
2026-04-30 06:52:26,415 - BẮT ĐẦU OPTIMIZE  (100% CPLEX MIP)
2026-04-30 06:52:26,415 -  -> Max Single Size  : 20
2026-04-30 06:52:26,415 -  -> Single Timeout   : 40.0s
2026-04-30 06:52:26,415 -  -> Max Pairwise Size: 17
2026-04-30 06:52:26,415 -  -> Pairwise Timeout : 51.0s
2026-04-30 06:52:26,415 -  -> Global Timeout   : 1200.0s
2026-04-30 06:52:26,415 -  -> Chi phí khởi điểm: 98297
2026-04-30 06:52:26,415 - =========================================
2026-04-30 06:52:26,415 - === BẮT ĐẦU CHẶNG 4: CPLEX MIP CHÍNH XÁC | Cost: 98297 ===
2026-04-30 06:52:26,415 -   [GĐ 4.1] Giải bài toán TSP trên từng tuyến đơn...
2026-04-30 06:52:27,250 -     -> Single CPLEX cải thiện: 5103. Cost mới: 93194
2026-04-30 06:52:27,250 -   [GĐ 4.2] Xét từng cặp tuyến để phân bổ lại khách hàng...
2026-04-30 06:52:27,250 -   --- Pairwise Iter 1 (còn 1199s) ---
2026-04-30 06:52:30,786 -     [P4.2] Pair (2,35) giảm 60 -> BEST = 93134
2026-04-30 06:52:30,822 -   --- Pairwise Iter 2 (còn 1196s) ---
2026-04-30 06:52:38,867 -     [P4.2] Pair (8,12) giảm 40 -> BEST = 93094
2026-04-30 06:52:38,901 -   --- Pairwise Iter 3 (còn 1188s) ---
2026-04-30 06:52:48,301 -     [P4.2] Pair (23,32) giảm 405 -> BEST = 92689
2026-04-30 06:52:48,339 -   --- Pairwise Iter 4 (còn 1178s) ---
2026-04-30 06:53:48,315 -     [P4.2] Pair (0,17) giảm 12 -> BEST = 92677
2026-04-30 06:53:48,387 -   --- Pairwise Iter 5 (còn 1118s) ---
2026-04-30 06:54:51,753 -     [P4.2] Pair (13,16) giảm 8 -> BEST = 92669
2026-04-30 06:54:51,782 -   --- Pairwise Iter 6 (còn 1055s) ---
2026-04-30 06:56:03,183 -     [P4.2] Pair (15,35) giảm 260 -> BEST = 92409
2026-04-30 06:56:03,264 -   --- Pairwise Iter 7 (còn 983s) ---
2026-04-30 06:57:07,736 -     [P4.2] Pair (31,34) giảm 202 -> BEST = 92207
2026-04-30 06:57:07,802 -   --- Pairwise Iter 8 (còn 919s) ---
2026-04-30 06:58:21,026 -     [P4.2] Pair (1,39) giảm 73 -> BEST = 92134
2026-04-30 06:58:21,059 -   --- Pairwise Iter 9 (còn 845s) ---
2026-04-30 06:59:27,423 -     [P4.2] Pair (5,13) giảm 20 -> BEST = 92114
2026-04-30 06:59:27,452 -   --- Pairwise Iter 10 (còn 779s) ---
2026-04-30 07:00:34,173 -     [P4.2] Pair (32,47) giảm 43 -> BEST = 92071
2026-04-30 07:00:34,213 -   --- Pairwise Iter 11 (còn 712s) ---
2026-04-30 07:02:00,218 -     [P4.2] Pair (13,20) giảm 102 -> BEST = 91969
2026-04-30 07:02:00,242 -   --- Pairwise Iter 12 (còn 626s) ---
2026-04-30 07:03:39,728 -     [P4.2] Pair (25,38) giảm 149 -> BEST = 91820
2026-04-30 07:03:39,751 -   --- Pairwise Iter 13 (còn 527s) ---
2026-04-30 07:05:23,191 -     [P4.2] Pair (35,41) giảm 212 -> BEST = 91608
2026-04-30 07:05:23,268 -   --- Pairwise Iter 14 (còn 423s) ---
2026-04-30 07:07:37,450 -     [P4.2] Pair (21,41) giảm 92 -> BEST = 91516
2026-04-30 07:07:37,522 -   --- Pairwise Iter 15 (còn 289s) ---
2026-04-30 07:10:00,740 -     [P4.2] Pair (9,24) giảm 1 -> BEST = 91515
2026-04-30 07:10:00,778 -   --- Pairwise Iter 16 (còn 146s) ---
2026-04-30 07:12:08,673 -     [P4.2] Pair (9,40) giảm 3 -> BEST = 91512
2026-04-30 07:12:08,713 -   --- Pairwise Iter 17 (còn 18s) ---
2026-04-30 07:12:24,445 -     -> Đã đạt cực trị toàn cục cho mọi cặp dưới ngưỡng. KẾT THÚC CHẶNG 4.
2026-04-30 07:12:24,445 - Hoàn thành trong 1198.0s. Final Cost: 91512
2026-04-30 07:12:24,446 - ======================================================================
2026-04-30 07:12:24,446 - BÁO CÁO TỔNG KẾT (SUMMARY)
2026-04-30 07:12:24,446 - ======================================================================
2026-04-30 07:12:24,446 -   1. Chi phí Clarke-Wright:     98297
2026-04-30 07:12:24,446 -   2. Chi phí sau CPLEX MIP:     91512
2026-04-30 07:12:24,446 -   => TỔNG CẢI THIỆN:            6785
2026-04-30 07:12:24,446 -   => Số lần CPLEX Single cải thiện  : 35 lần
2026-04-30 07:12:24,446 -   => Số lần CPLEX Pairwise cải thiện: 16 lần
2026-04-30 07:12:24,446 -   => TỔNG THỜI GIAN CHẠY:       1198.095s
2026-04-30 07:12:24,451 - ======================================================================
2026-04-30 07:12:24,451 - CPLEX MIP SOLVER  |  FILE: X-n247-k50.vrp
2026-04-30 07:12:24,451 - ======================================================================
2026-04-30 07:12:24,539 - Thông tin dữ liệu: Dimension=247, K=50, Capacity=134
2026-04-30 07:12:24,539 - --- Step 1: Clarke-Wright Heuristic ---
2026-04-30 07:12:26,127 -   Kết quả CW: Cost = 79089, Time = 1.587s
2026-04-30 07:12:26,127 - --- Step 2: Advanced Optimization (CPLEX MIP) ---
2026-04-30 07:12:26,127 - =========================================
2026-04-30 07:12:26,127 - BẮT ĐẦU OPTIMIZE  (100% CPLEX MIP)
2026-04-30 07:12:26,127 -  -> Max Single Size  : 20
2026-04-30 07:12:26,127 -  -> Single Timeout   : 40.0s
2026-04-30 07:12:26,127 -  -> Max Pairwise Size: 17
2026-04-30 07:12:26,127 -  -> Pairwise Timeout : 50.0s
2026-04-30 07:12:26,127 -  -> Global Timeout   : 1200.0s
2026-04-30 07:12:26,127 -  -> Chi phí khởi điểm: 79089
2026-04-30 07:12:26,127 - =========================================
2026-04-30 07:12:26,127 - === BẮT ĐẦU CHẶNG 4: CPLEX MIP CHÍNH XÁC | Cost: 79089 ===
2026-04-30 07:12:26,127 -   [GĐ 4.1] Giải bài toán TSP trên từng tuyến đơn...
2026-04-30 07:12:28,835 -     -> Single CPLEX cải thiện: 21387. Cost mới: 57702
2026-04-30 07:12:28,835 -   [GĐ 4.2] Xét từng cặp tuyến để phân bổ lại khách hàng...
2026-04-30 07:12:28,835 -   --- Pairwise Iter 1 (còn 1197s) ---
2026-04-30 07:12:29,029 -     [P4.2] Pair (9,27) giảm 270 -> BEST = 57432
2026-04-30 07:12:29,046 -   --- Pairwise Iter 2 (còn 1197s) ---
2026-04-30 07:13:02,744 -     [P4.2] Pair (1,19) giảm 493 -> BEST = 56939
2026-04-30 07:13:02,815 -   --- Pairwise Iter 3 (còn 1163s) ---
2026-04-30 07:13:52,859 -     [P4.2] Pair (1,8) giảm 91 -> BEST = 56848
2026-04-30 07:13:52,904 -   --- Pairwise Iter 4 (còn 1113s) ---
2026-04-30 07:13:55,437 -     [P4.2] Pair (0,15) giảm 195 -> BEST = 56653
2026-04-30 07:13:55,467 -   --- Pairwise Iter 5 (còn 1111s) ---
2026-04-30 07:14:57,618 -     [P4.2] Pair (1,17) giảm 191 -> BEST = 56462
2026-04-30 07:14:57,678 -   --- Pairwise Iter 6 (còn 1048s) ---
2026-04-30 07:15:10,232 -     [P4.2] Pair (3,10) giảm 414 -> BEST = 56048
2026-04-30 07:15:10,258 -   --- Pairwise Iter 7 (còn 1036s) ---
2026-04-30 07:15:27,244 -     [P4.2] Pair (1,7) giảm 296 -> BEST = 55752
2026-04-30 07:15:27,283 -   --- Pairwise Iter 8 (còn 1019s) ---
2026-04-30 07:15:46,991 -     [P4.2] Pair (2,6) giảm 225 -> BEST = 55527
2026-04-30 07:15:47,023 -   --- Pairwise Iter 9 (còn 999s) ---
2026-04-30 07:16:13,752 -     [P4.2] Pair (20,23) giảm 113 -> BEST = 55414
2026-04-30 07:16:13,805 -   --- Pairwise Iter 10 (còn 972s) ---
2026-04-30 07:16:40,250 -     [P4.2] Pair (1,27) giảm 63 -> BEST = 55351
2026-04-30 07:16:40,278 -   --- Pairwise Iter 11 (còn 946s) ---
2026-04-30 07:16:40,568 -     [P4.2] Pair (27,47) giảm 381 -> BEST = 54970
2026-04-30 07:16:40,637 -   --- Pairwise Iter 12 (còn 945s) ---
2026-04-30 07:17:49,324 -     [P4.2] Pair (7,47) giảm 50 -> BEST = 54920
2026-04-30 07:17:49,381 -   --- Pairwise Iter 13 (còn 877s) ---
2026-04-30 07:18:19,353 -     [P4.2] Pair (3,14) giảm 69 -> BEST = 54851
2026-04-30 07:18:19,393 -   --- Pairwise Iter 14 (còn 847s) ---
2026-04-30 07:18:42,649 -     [P4.2] Pair (6,10) giảm 63 -> BEST = 54788
2026-04-30 07:18:42,678 -   --- Pairwise Iter 15 (còn 823s) ---
2026-04-30 07:19:11,896 -     [P4.2] Pair (15,19) giảm 460 -> BEST = 54328
2026-04-30 07:19:11,951 -   --- Pairwise Iter 16 (còn 794s) ---
2026-04-30 07:19:22,476 -     [P4.2] Pair (0,19) giảm 15 -> BEST = 54313
2026-04-30 07:19:22,507 -   --- Pairwise Iter 17 (còn 784s) ---
2026-04-30 07:19:40,043 -     [P4.2] Pair (0,15) giảm 43 -> BEST = 54270
2026-04-30 07:19:40,080 -   --- Pairwise Iter 18 (còn 766s) ---
2026-04-30 07:20:09,490 -     [P4.2] Pair (2,5) giảm 206 -> BEST = 54064
2026-04-30 07:20:09,520 -   --- Pairwise Iter 19 (còn 737s) ---
2026-04-30 07:20:14,523 -     [P4.2] Pair (2,6) giảm 4 -> BEST = 54060
2026-04-30 07:20:14,583 -   --- Pairwise Iter 20 (còn 732s) ---
2026-04-30 07:20:24,018 -     [P4.2] Pair (5,15) giảm 12 -> BEST = 54048
2026-04-30 07:20:24,059 -   --- Pairwise Iter 21 (còn 722s) ---
2026-04-30 07:20:32,065 -     [P4.2] Pair (15,19) giảm 23 -> BEST = 54025
2026-04-30 07:20:32,096 -   --- Pairwise Iter 22 (còn 714s) ---
2026-04-30 07:21:29,136 -     [P4.2] Pair (0,5) giảm 252 -> BEST = 53773
2026-04-30 07:21:29,209 -   --- Pairwise Iter 23 (còn 657s) ---
2026-04-30 07:23:05,476 -     [P4.2] Pair (6,9) giảm 182 -> BEST = 53591
2026-04-30 07:23:05,511 -   --- Pairwise Iter 24 (còn 561s) ---
2026-04-30 07:24:37,161 -     [P4.2] Pair (2,9) giảm 94 -> BEST = 53497
2026-04-30 07:24:37,184 -   --- Pairwise Iter 25 (còn 469s) ---
2026-04-30 07:26:56,122 -     [P4.2] Pair (18,47) giảm 225 -> BEST = 53272
2026-04-30 07:26:56,245 -       [S-re] Route 47: 1003 → 998  (−5) | BEST = 53267
2026-04-30 07:26:56,245 -   --- Pairwise Iter 26 (còn 330s) ---
2026-04-30 07:28:25,421 -     [P4.2] Pair (4,15) giảm 21 -> BEST = 53246
2026-04-30 07:28:25,450 -   --- Pairwise Iter 27 (còn 241s) ---
2026-04-30 07:29:41,090 -     [P4.2] Pair (0,4) giảm 3 -> BEST = 53243
2026-04-30 07:29:41,148 -   --- Pairwise Iter 28 (còn 165s) ---
2026-04-30 07:29:54,906 -     [P4.2] Pair (0,5) giảm 47 -> BEST = 53196
2026-04-30 07:29:54,951 -   --- Pairwise Iter 29 (còn 151s) ---
2026-04-30 07:30:46,217 -     [P4.2] Pair (0,4) giảm 82 -> BEST = 53114
2026-04-30 07:30:46,280 -   --- Pairwise Iter 30 (còn 100s) ---
2026-04-30 07:31:40,223 -     [P4.2] Pair (4,19) giảm 101 -> BEST = 53013
2026-04-30 07:31:40,252 -   --- Pairwise Iter 31 (còn 46s) ---
2026-04-30 07:32:24,160 -     [P4.2] Pair (6,47) giảm 75 -> BEST = 52938
2026-04-30 07:32:24,161 -   --- Pairwise Iter 32 (còn 2s) ---
2026-04-30 07:32:24,171 -     -> Đã đạt cực trị toàn cục cho mọi cặp dưới ngưỡng. KẾT THÚC CHẶNG 4.
2026-04-30 07:32:24,171 - Hoàn thành trong 1198.0s. Final Cost: 52938
2026-04-30 07:32:24,171 - ======================================================================
2026-04-30 07:32:24,171 - BÁO CÁO TỔNG KẾT (SUMMARY)
2026-04-30 07:32:24,171 - ======================================================================
2026-04-30 07:32:24,171 -   1. Chi phí Clarke-Wright:     79089
2026-04-30 07:32:24,171 -   2. Chi phí sau CPLEX MIP:     52938
2026-04-30 07:32:24,172 -   => TỔNG CẢI THIỆN:            26151
2026-04-30 07:32:24,172 -   => Số lần CPLEX Single cải thiện  : 33 lần
2026-04-30 07:32:24,172 -   => Số lần CPLEX Pairwise cải thiện: 31 lần
2026-04-30 07:32:24,172 -   => TỔNG THỜI GIAN CHẠY:       1199.632s
2026-04-30 07:32:24,177 - ======================================================================
2026-04-30 07:32:24,177 - CPLEX MIP SOLVER  |  FILE: X-n251-k28.vrp
2026-04-30 07:32:24,177 - ======================================================================
2026-04-30 07:32:24,267 - Thông tin dữ liệu: Dimension=251, K=28, Capacity=69
2026-04-30 07:32:24,267 - --- Step 1: Clarke-Wright Heuristic ---
2026-04-30 07:32:24,377 -   Kết quả CW: Cost = 48571, Time = 0.109s
2026-04-30 07:32:24,377 - --- Step 2: Advanced Optimization (CPLEX MIP) ---
2026-04-30 07:32:24,377 - =========================================
2026-04-30 07:32:24,377 - BẮT ĐẦU OPTIMIZE  (100% CPLEX MIP)
2026-04-30 07:32:24,377 -  -> Max Single Size  : 22
2026-04-30 07:32:24,377 -  -> Single Timeout   : 40.0s
2026-04-30 07:32:24,377 -  -> Max Pairwise Size: 28
2026-04-30 07:32:24,377 -  -> Pairwise Timeout : 90.0s
2026-04-30 07:32:24,377 -  -> Global Timeout   : 1200.0s
2026-04-30 07:32:24,377 -  -> Chi phí khởi điểm: 48571
2026-04-30 07:32:24,377 - =========================================
2026-04-30 07:32:24,377 - === BẮT ĐẦU CHẶNG 4: CPLEX MIP CHÍNH XÁC | Cost: 48571 ===
2026-04-30 07:32:24,377 -   [GĐ 4.1] Giải bài toán TSP trên từng tuyến đơn...
2026-04-30 07:32:43,425 -     -> Single CPLEX cải thiện: 2371. Cost mới: 46200
2026-04-30 07:32:43,425 -   [GĐ 4.2] Xét từng cặp tuyến để phân bổ lại khách hàng...
2026-04-30 07:32:43,425 -   --- Pairwise Iter 1 (còn 1181s) ---
2026-04-30 07:34:13,489 -     [P4.2] Pair (4,17) giảm 3 -> BEST = 46197
2026-04-30 07:34:23,860 -   --- Pairwise Iter 2 (còn 1081s) ---
2026-04-30 07:35:53,926 -     [P4.2] Pair (13,24) giảm 33 -> BEST = 46164
2026-04-30 07:35:54,515 -       [S-re] Route 24: 1765 → 1757  (−8) | BEST = 46156
2026-04-30 07:35:54,516 -   --- Pairwise Iter 3 (còn 990s) ---
2026-04-30 07:37:24,587 -     [P4.2] Pair (15,23) giảm 72 -> BEST = 46084
2026-04-30 07:38:04,857 -       [S-re] Route 23: 1676 → 1674  (−2) | BEST = 46082
2026-04-30 07:38:04,857 -   --- Pairwise Iter 4 (còn 860s) ---
2026-04-30 07:39:34,917 -     [P4.2] Pair (15,23) giảm 1 -> BEST = 46081
2026-04-30 07:40:15,291 -   --- Pairwise Iter 5 (còn 729s) ---
2026-04-30 07:46:15,539 -     [P4.2] Pair (7,18) giảm 178 -> BEST = 45903
2026-04-30 07:46:15,662 -   --- Pairwise Iter 6 (còn 369s) ---
2026-04-30 07:50:45,828 -     [P4.2] Pair (4,17) giảm 1 -> BEST = 45902
2026-04-30 07:50:46,960 -       [S-re] Route 4: 1633 → 1626  (−7) | BEST = 45895
2026-04-30 07:50:48,528 -   --- Pairwise Iter 7 (còn 96s) ---
2026-04-30 07:52:18,589 -     [P4.2] Pair (4,17) giảm 1 -> BEST = 45894
2026-04-30 07:52:22,390 -   --- Pairwise Iter 8 (còn 2s) ---
2026-04-30 07:52:22,397 -     -> Đã đạt cực trị toàn cục cho mọi cặp dưới ngưỡng. KẾT THÚC CHẶNG 4.
2026-04-30 07:52:22,397 - Hoàn thành trong 1198.0s. Final Cost: 45894
2026-04-30 07:52:22,397 - ======================================================================
2026-04-30 07:52:22,397 - BÁO CÁO TỔNG KẾT (SUMMARY)
2026-04-30 07:52:22,397 - ======================================================================
2026-04-30 07:52:22,398 -   1. Chi phí Clarke-Wright:     48571
2026-04-30 07:52:22,398 -   2. Chi phí sau CPLEX MIP:     45894
2026-04-30 07:52:22,398 -   => TỔNG CẢI THIỆN:            2677
2026-04-30 07:52:22,398 -   => Số lần CPLEX Single cải thiện  : 29 lần
2026-04-30 07:52:22,398 -   => Số lần CPLEX Pairwise cải thiện: 7 lần
2026-04-30 07:52:22,398 -   => TỔNG THỜI GIAN CHẠY:       1198.130s
2026-04-30 07:52:22,403 - ======================================================================
2026-04-30 07:52:22,403 - CPLEX MIP SOLVER  |  FILE: X-n256-k16.vrp
2026-04-30 07:52:22,403 - ======================================================================
2026-04-30 07:52:22,498 - Thông tin dữ liệu: Dimension=256, K=16, Capacity=1225
2026-04-30 07:52:22,498 - --- Step 1: Clarke-Wright Heuristic ---
2026-04-30 07:52:22,627 -   Kết quả CW: Cost = 42189, Time = 0.128s
2026-04-30 07:52:22,627 - --- Step 2: Advanced Optimization (CPLEX MIP) ---
2026-04-30 07:52:22,627 - =========================================
2026-04-30 07:52:22,627 - BẮT ĐẦU OPTIMIZE  (100% CPLEX MIP)
2026-04-30 07:52:22,627 -  -> Max Single Size  : 35
2026-04-30 07:52:22,627 -  -> Single Timeout   : 40.0s
2026-04-30 07:52:22,627 -  -> Max Pairwise Size: 28
2026-04-30 07:52:22,627 -  -> Pairwise Timeout : 150.0s
2026-04-30 07:52:22,627 -  -> Global Timeout   : 1200.0s
2026-04-30 07:52:22,627 -  -> Chi phí khởi điểm: 42189
2026-04-30 07:52:22,627 - =========================================
2026-04-30 07:52:22,627 - === BẮT ĐẦU CHẶNG 4: CPLEX MIP CHÍNH XÁC | Cost: 42189 ===
2026-04-30 07:52:22,627 -   [GĐ 4.1] Giải bài toán TSP trên từng tuyến đơn...
2026-04-30 07:57:10,590 -     -> Single CPLEX cải thiện: 15492. Cost mới: 26697
2026-04-30 07:57:10,590 -   [GĐ 4.2] Xét từng cặp tuyến để phân bổ lại khách hàng...
2026-04-30 07:57:10,590 -   --- Pairwise Iter 1 (còn 912s) ---
2026-04-30 07:57:10,597 -     -> Đã đạt cực trị toàn cục cho mọi cặp dưới ngưỡng. KẾT THÚC CHẶNG 4.
2026-04-30 07:57:10,597 - Hoàn thành trong 288.0s. Final Cost: 26697
2026-04-30 07:57:10,597 - ======================================================================
2026-04-30 07:57:10,597 - BÁO CÁO TỔNG KẾT (SUMMARY)
2026-04-30 07:57:10,597 - ======================================================================
2026-04-30 07:57:10,597 -   1. Chi phí Clarke-Wright:     42189
2026-04-30 07:57:10,597 -   2. Chi phí sau CPLEX MIP:     26697
2026-04-30 07:57:10,597 -   => TỔNG CẢI THIỆN:            15492
2026-04-30 07:57:10,597 -   => Số lần CPLEX Single cải thiện  : 16 lần
2026-04-30 07:57:10,597 -   => Số lần CPLEX Pairwise cải thiện: 0 lần
2026-04-30 07:57:10,597 -   => TỔNG THỜI GIAN CHẠY:       288.098s
2026-04-30 07:57:10,602 - ======================================================================
2026-04-30 07:57:10,602 - CPLEX MIP SOLVER  |  FILE: X-n261-k13.vrp
2026-04-30 07:57:10,602 - ======================================================================
2026-04-30 07:57:10,702 - Thông tin dữ liệu: Dimension=261, K=13, Capacity=1081
2026-04-30 07:57:10,702 - --- Step 1: Clarke-Wright Heuristic ---
2026-04-30 07:57:10,880 -   Kết quả CW: Cost = 34932, Time = 0.178s
2026-04-30 07:57:10,880 - --- Step 2: Advanced Optimization (CPLEX MIP) ---
2026-04-30 07:57:10,881 - =========================================
2026-04-30 07:57:10,881 - BẮT ĐẦU OPTIMIZE  (100% CPLEX MIP)
2026-04-30 07:57:10,881 -  -> Max Single Size  : 35
2026-04-30 07:57:10,881 -  -> Single Timeout   : 40.0s
2026-04-30 07:57:10,881 -  -> Max Pairwise Size: 28
2026-04-30 07:57:10,881 -  -> Pairwise Timeout : 150.0s
2026-04-30 07:57:10,881 -  -> Global Timeout   : 1200.0s
2026-04-30 07:57:10,881 -  -> Chi phí khởi điểm: 34932
2026-04-30 07:57:10,881 - =========================================
2026-04-30 07:57:10,881 - === BẮT ĐẦU CHẶNG 4: CPLEX MIP CHÍNH XÁC | Cost: 34932 ===
2026-04-30 07:57:10,881 -   [GĐ 4.1] Giải bài toán TSP trên từng tuyến đơn...
2026-04-30 08:02:14,920 -     -> Single CPLEX cải thiện: 3257. Cost mới: 31675
2026-04-30 08:02:14,920 -   [GĐ 4.2] Xét từng cặp tuyến để phân bổ lại khách hàng...
2026-04-30 08:02:14,920 -   --- Pairwise Iter 1 (còn 896s) ---
2026-04-30 08:02:14,926 -     -> Đã đạt cực trị toàn cục cho mọi cặp dưới ngưỡng. KẾT THÚC CHẶNG 4.
2026-04-30 08:02:14,926 - Hoàn thành trong 304.0s. Final Cost: 31675
2026-04-30 08:02:14,926 - ======================================================================
2026-04-30 08:02:14,926 - BÁO CÁO TỔNG KẾT (SUMMARY)
2026-04-30 08:02:14,926 - ======================================================================
2026-04-30 08:02:14,926 -   1. Chi phí Clarke-Wright:     34932
2026-04-30 08:02:14,926 -   2. Chi phí sau CPLEX MIP:     31675
2026-04-30 08:02:14,926 -   => TỔNG CẢI THIỆN:            3257
2026-04-30 08:02:14,926 -   => Số lần CPLEX Single cải thiện  : 13 lần
2026-04-30 08:02:14,926 -   => Số lần CPLEX Pairwise cải thiện: 0 lần
2026-04-30 08:02:14,926 -   => TỔNG THỜI GIAN CHẠY:       304.224s
2026-04-30 08:02:14,931 - ======================================================================
2026-04-30 08:02:14,931 - CPLEX MIP SOLVER  |  FILE: X-n266-k58.vrp
2026-04-30 08:02:14,931 - ======================================================================
2026-04-30 08:02:15,037 - Thông tin dữ liệu: Dimension=266, K=58, Capacity=35
2026-04-30 08:02:15,037 - --- Step 1: Clarke-Wright Heuristic ---
2026-04-30 08:02:15,339 -   Kết quả CW: Cost = 153569, Time = 0.301s
2026-04-30 08:02:15,339 - --- Step 2: Advanced Optimization (CPLEX MIP) ---
2026-04-30 08:02:15,339 - =========================================
2026-04-30 08:02:15,339 - BẮT ĐẦU OPTIMIZE  (100% CPLEX MIP)
2026-04-30 08:02:15,339 -  -> Max Single Size  : 20
2026-04-30 08:02:15,339 -  -> Single Timeout   : 40.0s
2026-04-30 08:02:15,339 -  -> Max Pairwise Size: 16
2026-04-30 08:02:15,339 -  -> Pairwise Timeout : 46.0s
2026-04-30 08:02:15,339 -  -> Global Timeout   : 1200.0s
2026-04-30 08:02:15,339 -  -> Chi phí khởi điểm: 153569
2026-04-30 08:02:15,339 - =========================================
2026-04-30 08:02:15,339 - === BẮT ĐẦU CHẶNG 4: CPLEX MIP CHÍNH XÁC | Cost: 153569 ===
2026-04-30 08:02:15,339 -   [GĐ 4.1] Giải bài toán TSP trên từng tuyến đơn...
2026-04-30 08:02:16,075 -     -> Single CPLEX cải thiện: 33113. Cost mới: 120456
2026-04-30 08:02:16,075 -   [GĐ 4.2] Xét từng cặp tuyến để phân bổ lại khách hàng...
2026-04-30 08:02:16,076 -   --- Pairwise Iter 1 (còn 1199s) ---
2026-04-30 08:02:16,233 -     [P4.2] Pair (14,33) giảm 218 -> BEST = 120238
2026-04-30 08:02:16,253 -   --- Pairwise Iter 2 (còn 1199s) ---
2026-04-30 08:02:16,569 -     [P4.2] Pair (1,48) giảm 74 -> BEST = 120164
2026-04-30 08:02:16,600 -   --- Pairwise Iter 3 (còn 1199s) ---
2026-04-30 08:02:17,102 -     [P4.2] Pair (29,52) giảm 437 -> BEST = 119727
2026-04-30 08:02:17,127 -   --- Pairwise Iter 4 (còn 1198s) ---
2026-04-30 08:02:31,461 -     [P4.2] Pair (55,57) giảm 308 -> BEST = 119419
2026-04-30 08:02:31,512 -   --- Pairwise Iter 5 (còn 1184s) ---
2026-04-30 08:02:46,870 -     [P4.2] Pair (33,49) giảm 552 -> BEST = 118867
2026-04-30 08:02:46,892 -   --- Pairwise Iter 6 (còn 1168s) ---
2026-04-30 08:03:06,974 -     [P4.2] Pair (20,53) giảm 511 -> BEST = 118356
2026-04-30 08:03:07,002 -   --- Pairwise Iter 7 (còn 1148s) ---
2026-04-30 08:03:07,887 -     [P4.2] Pair (2,20) giảm 274 -> BEST = 118082
2026-04-30 08:03:07,913 -   --- Pairwise Iter 8 (còn 1147s) ---
2026-04-30 08:03:23,116 -     [P4.2] Pair (4,20) giảm 4 -> BEST = 118078
2026-04-30 08:03:23,134 -   --- Pairwise Iter 9 (còn 1132s) ---
2026-04-30 08:03:39,811 -     [P4.2] Pair (2,38) giảm 292 -> BEST = 117786
2026-04-30 08:03:39,839 -   --- Pairwise Iter 10 (còn 1115s) ---
2026-04-30 08:03:56,813 -     [P4.2] Pair (10,32) giảm 435 -> BEST = 117351
2026-04-30 08:03:56,832 -   --- Pairwise Iter 11 (còn 1099s) ---
2026-04-30 08:03:58,174 -     [P4.2] Pair (10,44) giảm 116 -> BEST = 117235
2026-04-30 08:03:58,204 -   --- Pairwise Iter 12 (còn 1097s) ---
2026-04-30 08:03:58,709 -     [P4.2] Pair (10,30) giảm 125 -> BEST = 117110
2026-04-30 08:03:58,731 -   --- Pairwise Iter 13 (còn 1097s) ---
2026-04-30 08:04:13,904 -     [P4.2] Pair (10,13) giảm 144 -> BEST = 116966
2026-04-30 08:04:13,924 -   --- Pairwise Iter 14 (còn 1081s) ---
2026-04-30 08:04:30,315 -     [P4.2] Pair (10,29) giảm 81 -> BEST = 116885
2026-04-30 08:04:30,338 -   --- Pairwise Iter 15 (còn 1065s) ---
2026-04-30 08:04:30,929 -     [P4.2] Pair (29,52) giảm 651 -> BEST = 116234
2026-04-30 08:04:30,957 -   --- Pairwise Iter 16 (còn 1064s) ---
2026-04-30 08:04:46,014 -     [P4.2] Pair (29,44) giảm 201 -> BEST = 116033
2026-04-30 08:04:46,036 -   --- Pairwise Iter 17 (còn 1049s) ---
2026-04-30 08:05:01,191 -     [P4.2] Pair (8,29) giảm 583 -> BEST = 115450
2026-04-30 08:05:01,211 -   --- Pairwise Iter 18 (còn 1034s) ---
2026-04-30 08:05:17,197 -     [P4.2] Pair (18,53) giảm 264 -> BEST = 115186
2026-04-30 08:05:17,220 -   --- Pairwise Iter 19 (còn 1018s) ---
2026-04-30 08:05:33,216 -     [P4.2] Pair (19,21) giảm 76 -> BEST = 115110
2026-04-30 08:05:33,237 -   --- Pairwise Iter 20 (còn 1002s) ---
2026-04-30 08:05:49,643 -     [P4.2] Pair (39,43) giảm 581 -> BEST = 114529
2026-04-30 08:05:49,670 -   --- Pairwise Iter 21 (còn 986s) ---
2026-04-30 08:06:06,506 -     [P4.2] Pair (21,27) giảm 623 -> BEST = 113906
2026-04-30 08:06:06,525 -   --- Pairwise Iter 22 (còn 969s) ---
2026-04-30 08:07:09,661 -     [P4.2] Pair (52,56) giảm 159 -> BEST = 113747
2026-04-30 08:07:09,698 -   --- Pairwise Iter 23 (còn 906s) ---
2026-04-30 08:07:27,229 -     [P4.2] Pair (16,34) giảm 868 -> BEST = 112879
2026-04-30 08:07:27,248 -   --- Pairwise Iter 24 (còn 888s) ---
2026-04-30 08:08:20,066 -     [P4.2] Pair (38,57) giảm 2 -> BEST = 112877
2026-04-30 08:08:20,104 -   --- Pairwise Iter 25 (còn 835s) ---
2026-04-30 08:09:07,422 -     [P4.2] Pair (38,55) giảm 114 -> BEST = 112763
2026-04-30 08:09:07,486 -   --- Pairwise Iter 26 (còn 788s) ---
2026-04-30 08:09:22,939 -     [P4.2] Pair (47,57) giảm 73 -> BEST = 112690
2026-04-30 08:09:22,966 -   --- Pairwise Iter 27 (còn 772s) ---
2026-04-30 08:09:27,945 -     [P4.2] Pair (23,47) giảm 21 -> BEST = 112669
2026-04-30 08:09:27,968 -   --- Pairwise Iter 28 (còn 767s) ---
2026-04-30 08:09:49,290 -     [P4.2] Pair (50,54) giảm 477 -> BEST = 112192
2026-04-30 08:09:49,330 -   --- Pairwise Iter 29 (còn 746s) ---
2026-04-30 08:10:02,720 -     [P4.2] Pair (2,21) giảm 545 -> BEST = 111647
2026-04-30 08:10:02,741 -   --- Pairwise Iter 30 (còn 733s) ---
2026-04-30 08:10:09,527 -     [P4.2] Pair (2,48) giảm 111 -> BEST = 111536
2026-04-30 08:10:09,562 -   --- Pairwise Iter 31 (còn 726s) ---
2026-04-30 08:10:09,980 -     [P4.2] Pair (2,3) giảm 37 -> BEST = 111499
2026-04-30 08:10:10,003 -   --- Pairwise Iter 32 (còn 725s) ---
2026-04-30 08:10:14,982 -     [P4.2] Pair (2,21) giảm 65 -> BEST = 111434
2026-04-30 08:10:15,005 -   --- Pairwise Iter 33 (còn 720s) ---
2026-04-30 08:10:16,428 -     [P4.2] Pair (21,37) giảm 87 -> BEST = 111347
2026-04-30 08:10:16,454 -   --- Pairwise Iter 34 (còn 719s) ---
2026-04-30 08:10:21,381 -     [P4.2] Pair (2,37) giảm 29 -> BEST = 111318
2026-04-30 08:10:21,404 -   --- Pairwise Iter 35 (còn 714s) ---
2026-04-30 08:10:26,518 -     [P4.2] Pair (3,40) giảm 46 -> BEST = 111272
2026-04-30 08:10:26,541 -   --- Pairwise Iter 36 (còn 709s) ---
2026-04-30 08:10:33,172 -     [P4.2] Pair (37,45) giảm 99 -> BEST = 111173
2026-04-30 08:10:33,195 -   --- Pairwise Iter 37 (còn 702s) ---
2026-04-30 08:10:33,758 -     [P4.2] Pair (2,45) giảm 41 -> BEST = 111132
2026-04-30 08:10:33,781 -   --- Pairwise Iter 38 (còn 702s) ---
2026-04-30 08:10:39,545 -     [P4.2] Pair (18,45) giảm 41 -> BEST = 111091
2026-04-30 08:10:39,568 -   --- Pairwise Iter 39 (còn 696s) ---
2026-04-30 08:11:01,525 -     [P4.2] Pair (48,56) giảm 378 -> BEST = 110713
2026-04-30 08:11:01,566 -   --- Pairwise Iter 40 (còn 674s) ---
2026-04-30 08:11:10,386 -     [P4.2] Pair (21,37) giảm 227 -> BEST = 110486
2026-04-30 08:11:10,410 -   --- Pairwise Iter 41 (còn 665s) ---
2026-04-30 08:11:18,908 -     [P4.2] Pair (23,30) giảm 30 -> BEST = 110456
2026-04-30 08:11:18,930 -   --- Pairwise Iter 42 (còn 656s) ---
2026-04-30 08:11:23,136 -     [P4.2] Pair (30,47) giảm 3 -> BEST = 110453
2026-04-30 08:11:23,160 -   --- Pairwise Iter 43 (còn 652s) ---
2026-04-30 08:11:28,481 -     [P4.2] Pair (15,47) giảm 78 -> BEST = 110375
2026-04-30 08:11:28,504 -   --- Pairwise Iter 44 (còn 647s) ---
2026-04-30 08:11:30,261 -     [P4.2] Pair (15,42) giảm 430 -> BEST = 109945
2026-04-30 08:11:30,292 -   --- Pairwise Iter 45 (còn 645s) ---
2026-04-30 08:11:32,775 -     [P4.2] Pair (30,47) giảm 19 -> BEST = 109926
2026-04-30 08:11:32,793 -   --- Pairwise Iter 46 (còn 643s) ---
2026-04-30 08:11:42,513 -     [P4.2] Pair (15,54) giảm 7 -> BEST = 109919
2026-04-30 08:11:42,547 -   --- Pairwise Iter 47 (còn 633s) ---
2026-04-30 08:11:50,896 -     [P4.2] Pair (15,31) giảm 224 -> BEST = 109695
2026-04-30 08:11:50,918 -   --- Pairwise Iter 48 (còn 624s) ---
2026-04-30 08:11:59,569 -     [P4.2] Pair (15,54) giảm 480 -> BEST = 109215
2026-04-30 08:11:59,600 -   --- Pairwise Iter 49 (còn 616s) ---
2026-04-30 08:12:08,693 -     [P4.2] Pair (24,42) giảm 64 -> BEST = 109151
2026-04-30 08:12:08,720 -   --- Pairwise Iter 50 (còn 607s) ---
2026-04-30 08:12:13,824 -     [P4.2] Pair (22,24) giảm 54 -> BEST = 109097
2026-04-30 08:12:13,849 -   --- Pairwise Iter 51 (còn 601s) ---
2026-04-30 08:12:23,987 -     [P4.2] Pair (31,54) giảm 427 -> BEST = 108670
2026-04-30 08:12:24,018 -   --- Pairwise Iter 52 (còn 591s) ---
2026-04-30 08:12:25,448 -     [P4.2] Pair (31,57) giảm 197 -> BEST = 108473
2026-04-30 08:12:25,471 -   --- Pairwise Iter 53 (còn 590s) ---
2026-04-30 08:13:13,440 -     [P4.2] Pair (55,57) giảm 23 -> BEST = 108450
2026-04-30 08:13:13,483 -   --- Pairwise Iter 54 (còn 542s) ---
2026-04-30 08:14:02,554 -     [P4.2] Pair (12,57) giảm 323 -> BEST = 108127
2026-04-30 08:14:02,578 -   --- Pairwise Iter 55 (còn 493s) ---
2026-04-30 08:14:41,178 -     [P4.2] Pair (55,57) giảm 3 -> BEST = 108124
2026-04-30 08:14:41,221 -   --- Pairwise Iter 56 (còn 454s) ---
2026-04-30 08:15:31,380 -     [P4.2] Pair (46,54) giảm 467 -> BEST = 107657
2026-04-30 08:15:31,405 -   --- Pairwise Iter 57 (còn 404s) ---
2026-04-30 08:16:23,954 -     [P4.2] Pair (15,46) giảm 28 -> BEST = 107629
2026-04-30 08:16:23,978 -   --- Pairwise Iter 58 (còn 351s) ---
2026-04-30 08:17:32,133 -     [P4.2] Pair (3,33) giảm 363 -> BEST = 107266
2026-04-30 08:17:32,157 -   --- Pairwise Iter 59 (còn 283s) ---
2026-04-30 08:18:20,469 -     [P4.2] Pair (3,40) giảm 30 -> BEST = 107236
2026-04-30 08:18:20,491 -   --- Pairwise Iter 60 (còn 235s) ---
2026-04-30 08:19:22,183 -     [P4.2] Pair (17,57) giảm 52 -> BEST = 107184
2026-04-30 08:19:22,206 -   --- Pairwise Iter 61 (còn 173s) ---
2026-04-30 08:19:25,856 -     [P4.2] Pair (12,57) giảm 99 -> BEST = 107085
2026-04-30 08:19:25,876 -   --- Pairwise Iter 62 (còn 169s) ---
2026-04-30 08:19:30,548 -     [P4.2] Pair (12,17) giảm 35 -> BEST = 107050
2026-04-30 08:19:30,571 -   --- Pairwise Iter 63 (còn 165s) ---
2026-04-30 08:20:02,900 -     [P4.2] Pair (12,57) giảm 20 -> BEST = 107030
2026-04-30 08:20:02,928 -   --- Pairwise Iter 64 (còn 132s) ---
2026-04-30 08:20:15,820 -     [P4.2] Pair (55,57) giảm 163 -> BEST = 106867
2026-04-30 08:20:15,847 -   --- Pairwise Iter 65 (còn 119s) ---
2026-04-30 08:20:49,690 -     [P4.2] Pair (35,51) giảm 621 -> BEST = 106246
2026-04-30 08:20:49,716 -   --- Pairwise Iter 66 (còn 86s) ---
2026-04-30 08:21:20,767 -     [P4.2] Pair (1,35) giảm 702 -> BEST = 105544
2026-04-30 08:21:20,790 -   --- Pairwise Iter 67 (còn 55s) ---
2026-04-30 08:21:53,980 -     [P4.2] Pair (0,48) giảm 273 -> BEST = 105271
2026-04-30 08:21:54,006 -   --- Pairwise Iter 68 (còn 21s) ---
2026-04-30 08:22:13,369 -     -> Đã đạt cực trị toàn cục cho mọi cặp dưới ngưỡng. KẾT THÚC CHẶNG 4.
2026-04-30 08:22:13,369 - Hoàn thành trong 1198.0s. Final Cost: 105271
2026-04-30 08:22:13,369 - ======================================================================
2026-04-30 08:22:13,369 - BÁO CÁO TỔNG KẾT (SUMMARY)
2026-04-30 08:22:13,369 - ======================================================================
2026-04-30 08:22:13,369 -   1. Chi phí Clarke-Wright:     153569
2026-04-30 08:22:13,369 -   2. Chi phí sau CPLEX MIP:     105271
2026-04-30 08:22:13,369 -   => TỔNG CẢI THIỆN:            48298
2026-04-30 08:22:13,369 -   => Số lần CPLEX Single cải thiện  : 57 lần
2026-04-30 08:22:13,369 -   => Số lần CPLEX Pairwise cải thiện: 67 lần
2026-04-30 08:22:13,369 -   => TỔNG THỜI GIAN CHẠY:       1198.331s
2026-04-30 08:22:13,374 - ======================================================================
2026-04-30 08:22:13,374 - CPLEX MIP SOLVER  |  FILE: X-n270-k35.vrp
2026-04-30 08:22:13,374 - ======================================================================
2026-04-30 08:22:13,476 - Thông tin dữ liệu: Dimension=270, K=35, Capacity=585
2026-04-30 08:22:13,476 - --- Step 1: Clarke-Wright Heuristic ---
2026-04-30 08:22:55,845 - ⚠️ Clarke-Wright kẹt với K giới hạn. Chạy fallback K=999...
2026-04-30 08:22:55,888 -   Kết quả CW: Cost = 66590, Time = 0.041s
2026-04-30 08:22:55,889 - --- Step 2: Advanced Optimization (CPLEX MIP) ---
2026-04-30 08:22:55,889 - =========================================
2026-04-30 08:22:55,889 - BẮT ĐẦU OPTIMIZE  (100% CPLEX MIP)
2026-04-30 08:22:55,889 -  -> Max Single Size  : 20
2026-04-30 08:22:55,889 -  -> Single Timeout   : 40.0s
2026-04-30 08:22:55,889 -  -> Max Pairwise Size: 27
2026-04-30 08:22:55,889 -  -> Pairwise Timeout : 78.0s
2026-04-30 08:22:55,889 -  -> Global Timeout   : 1200.0s
2026-04-30 08:22:55,889 -  -> Chi phí khởi điểm: 66590
2026-04-30 08:22:55,889 - =========================================
2026-04-30 08:22:55,889 - === BẮT ĐẦU CHẶNG 4: CPLEX MIP CHÍNH XÁC | Cost: 66590 ===
2026-04-30 08:22:55,889 -   [GĐ 4.1] Giải bài toán TSP trên từng tuyến đơn...
2026-04-30 08:22:56,608 -     -> Single CPLEX cải thiện: 807. Cost mới: 65783
2026-04-30 08:22:56,608 -   [GĐ 4.2] Xét từng cặp tuyến để phân bổ lại khách hàng...
2026-04-30 08:22:56,608 -   --- Pairwise Iter 1 (còn 1199s) ---
2026-04-30 08:22:56,674 -     [P4.2] Pair (54,60) giảm 90 -> BEST = 65693
2026-04-30 08:22:56,696 -   --- Pairwise Iter 2 (còn 1199s) ---
2026-04-30 08:22:56,921 -     [P4.2] Pair (65,70) giảm 113 -> BEST = 65580
2026-04-30 08:22:56,959 -   --- Pairwise Iter 3 (còn 1199s) ---
2026-04-30 08:22:57,037 -     [P4.2] Pair (51,56) giảm 13 -> BEST = 65567
2026-04-30 08:22:57,063 -   --- Pairwise Iter 4 (còn 1199s) ---
2026-04-30 08:22:57,145 -     [P4.2] Pair (55,69) giảm 69 -> BEST = 65498
2026-04-30 08:22:57,155 -   --- Pairwise Iter 5 (còn 1199s) ---
2026-04-30 08:23:40,800 -     [P4.2] Pair (9,65) giảm 55 -> BEST = 65443
2026-04-30 08:23:40,840 -   --- Pairwise Iter 6 (còn 1155s) ---
2026-04-30 08:23:40,941 -     [P4.2] Pair (64,67) giảm 51 -> BEST = 65392
2026-04-30 08:23:40,958 -   --- Pairwise Iter 7 (còn 1155s) ---
2026-04-30 08:24:22,810 -     [P4.2] Pair (25,32) giảm 137 -> BEST = 65255
2026-04-30 08:24:22,836 -   --- Pairwise Iter 8 (còn 1113s) ---
2026-04-30 08:25:04,681 -     [P4.2] Pair (11,69) giảm 9 -> BEST = 65246
2026-04-30 08:25:04,702 -   --- Pairwise Iter 9 (còn 1071s) ---
2026-04-30 08:25:48,648 -     [P4.2] Pair (41,51) giảm 55 -> BEST = 65191
2026-04-30 08:25:48,679 -   --- Pairwise Iter 10 (còn 1027s) ---
2026-04-30 08:26:32,034 -     [P4.2] Pair (63,73) giảm 97 -> BEST = 65094
2026-04-30 08:26:32,049 -   --- Pairwise Iter 11 (còn 984s) ---
2026-04-30 08:27:14,941 -     [P4.2] Pair (32,67) giảm 134 -> BEST = 64960
2026-04-30 08:27:14,973 -   --- Pairwise Iter 12 (còn 941s) ---
2026-04-30 08:27:58,211 -     [P4.2] Pair (32,58) giảm 15 -> BEST = 64945
2026-04-30 08:27:58,237 -   --- Pairwise Iter 13 (còn 898s) ---
2026-04-30 08:28:56,787 -     [P4.2] Pair (32,64) giảm 41 -> BEST = 64904
2026-04-30 08:28:56,836 -   --- Pairwise Iter 14 (còn 839s) ---
2026-04-30 08:29:58,207 -     [P4.2] Pair (58,64) giảm 19 -> BEST = 64885
2026-04-30 08:29:58,228 -   --- Pairwise Iter 15 (còn 778s) ---
2026-04-30 08:31:03,103 -     [P4.2] Pair (51,66) giảm 7 -> BEST = 64878
2026-04-30 08:31:03,117 -   --- Pairwise Iter 16 (còn 713s) ---
2026-04-30 08:32:09,770 -     [P4.2] Pair (9,17) giảm 39 -> BEST = 64839
2026-04-30 08:32:09,795 -   --- Pairwise Iter 17 (còn 646s) ---
2026-04-30 08:32:32,634 -     [P4.2] Pair (9,65) giảm 56 -> BEST = 64783
2026-04-30 08:32:32,730 -   --- Pairwise Iter 18 (còn 623s) ---
2026-04-30 08:34:14,629 -     [P4.2] Pair (17,65) giảm 3 -> BEST = 64780
2026-04-30 08:34:14,707 -   --- Pairwise Iter 19 (còn 521s) ---
2026-04-30 08:35:56,130 -     [P4.2] Pair (11,18) giảm 66 -> BEST = 64714
2026-04-30 08:35:56,144 -   --- Pairwise Iter 20 (còn 420s) ---
2026-04-30 08:37:36,274 -     [P4.2] Pair (18,69) giảm 8 -> BEST = 64706
2026-04-30 08:37:36,283 -   --- Pairwise Iter 21 (còn 320s) ---
2026-04-30 08:39:16,549 -     [P4.2] Pair (11,69) giảm 6 -> BEST = 64700
2026-04-30 08:39:16,573 -   --- Pairwise Iter 22 (còn 219s) ---
2026-04-30 08:41:01,831 -     [P4.2] Pair (11,42) giảm 158 -> BEST = 64542
2026-04-30 08:41:01,874 -   --- Pairwise Iter 23 (còn 114s) ---
2026-04-30 08:42:44,348 -     [P4.2] Pair (11,69) giảm 5 -> BEST = 64537
2026-04-30 08:42:44,361 -   --- Pairwise Iter 24 (còn 12s) ---
2026-04-30 08:42:53,946 -     -> Đã đạt cực trị toàn cục cho mọi cặp dưới ngưỡng. KẾT THÚC CHẶNG 4.
2026-04-30 08:42:53,946 - Hoàn thành trong 1198.1s. Final Cost: 64537
2026-04-30 08:42:53,946 - ======================================================================
2026-04-30 08:42:53,947 - BÁO CÁO TỔNG KẾT (SUMMARY)
2026-04-30 08:42:53,947 - ======================================================================
2026-04-30 08:42:53,947 -   1. Chi phí Clarke-Wright:     66590
2026-04-30 08:42:53,947 -   2. Chi phí sau CPLEX MIP:     64537
2026-04-30 08:42:53,947 -   => TỔNG CẢI THIỆN:            2053
2026-04-30 08:42:53,947 -   => Số lần CPLEX Single cải thiện  : 37 lần
2026-04-30 08:42:53,947 -   => Số lần CPLEX Pairwise cải thiện: 23 lần
2026-04-30 08:42:53,947 -   => TỔNG THỜI GIAN CHẠY:       1198.099s
2026-04-30 08:42:53,952 - ======================================================================
2026-04-30 08:42:53,952 - CPLEX MIP SOLVER  |  FILE: X-n275-k28.vrp
2026-04-30 08:42:53,952 - ======================================================================
2026-04-30 08:42:54,080 - Thông tin dữ liệu: Dimension=275, K=28, Capacity=10
2026-04-30 08:42:54,080 - --- Step 1: Clarke-Wright Heuristic ---
2026-04-30 08:42:54,167 -   Kết quả CW: Cost = 27338, Time = 0.086s
2026-04-30 08:42:54,167 - --- Step 2: Advanced Optimization (CPLEX MIP) ---
2026-04-30 08:42:54,167 - =========================================
2026-04-30 08:42:54,167 - BẮT ĐẦU OPTIMIZE  (100% CPLEX MIP)
2026-04-30 08:42:54,167 -  -> Max Single Size  : 24
2026-04-30 08:42:54,167 -  -> Single Timeout   : 40.0s
2026-04-30 08:42:54,167 -  -> Max Pairwise Size: 28
2026-04-30 08:42:54,167 -  -> Pairwise Timeout : 99.0s
2026-04-30 08:42:54,167 -  -> Global Timeout   : 1200.0s
2026-04-30 08:42:54,167 -  -> Chi phí khởi điểm: 27338
2026-04-30 08:42:54,167 - =========================================
2026-04-30 08:42:54,167 - === BẮT ĐẦU CHẶNG 4: CPLEX MIP CHÍNH XÁC | Cost: 27338 ===
2026-04-30 08:42:54,167 -   [GĐ 4.1] Giải bài toán TSP trên từng tuyến đơn...
2026-04-30 08:43:07,049 -     -> Single CPLEX cải thiện: 1762. Cost mới: 25576
2026-04-30 08:43:07,049 -   [GĐ 4.2] Xét từng cặp tuyến để phân bổ lại khách hàng...
2026-04-30 08:43:07,049 -   --- Pairwise Iter 1 (còn 1187s) ---
2026-04-30 08:46:25,191 -     [P4.2] Pair (2,6) giảm 64 -> BEST = 25512
2026-04-30 08:46:25,400 -   --- Pairwise Iter 2 (còn 989s) ---
2026-04-30 08:51:22,593 -     [P4.2] Pair (4,9) giảm 14 -> BEST = 25498
2026-04-30 08:51:23,172 -       [S-re] Route 9: 874 → 871  (−3) | BEST = 25495
2026-04-30 08:51:23,172 -   --- Pairwise Iter 3 (còn 691s) ---
2026-04-30 08:54:41,316 -     [P4.2] Pair (8,24) giảm 16 -> BEST = 25479
2026-04-30 08:54:42,255 -       [S-re] Route 8: 899 → 894  (−5) | BEST = 25474
2026-04-30 08:54:42,283 -   --- Pairwise Iter 4 (còn 492s) ---
2026-04-30 08:58:00,421 -     [P4.2] Pair (4,9) giảm 27 -> BEST = 25447
2026-04-30 08:58:00,591 -       [S-re] Route 4: 619 → 617  (−2) | BEST = 25445
2026-04-30 08:58:00,900 -   --- Pairwise Iter 5 (còn 293s) ---
2026-04-30 09:01:19,036 -     [P4.2] Pair (1,14) giảm 33 -> BEST = 25412
2026-04-30 09:01:19,255 -   --- Pairwise Iter 6 (còn 95s) ---
2026-04-30 09:02:52,229 -     -> Đã đạt cực trị toàn cục cho mọi cặp dưới ngưỡng. KẾT THÚC CHẶNG 4.
2026-04-30 09:02:52,229 - Hoàn thành trong 1198.1s. Final Cost: 25412
2026-04-30 09:02:52,229 - ======================================================================
2026-04-30 09:02:52,229 - BÁO CÁO TỔNG KẾT (SUMMARY)
2026-04-30 09:02:52,229 - ======================================================================
2026-04-30 09:02:52,229 -   1. Chi phí Clarke-Wright:     27338
2026-04-30 09:02:52,229 -   2. Chi phí sau CPLEX MIP:     25412
2026-04-30 09:02:52,229 -   => TỔNG CẢI THIỆN:            1926
2026-04-30 09:02:52,229 -   => Số lần CPLEX Single cải thiện  : 30 lần
2026-04-30 09:02:52,229 -   => Số lần CPLEX Pairwise cải thiện: 5 lần
2026-04-30 09:02:52,229 -   => TỔNG THỜI GIAN CHẠY:       1198.149s
2026-04-30 09:02:52,234 - ======================================================================
2026-04-30 09:02:52,235 - CPLEX MIP SOLVER  |  FILE: X-n280-k17.vrp
2026-04-30 09:02:52,235 - ======================================================================
2026-04-30 09:02:52,361 - Thông tin dữ liệu: Dimension=280, K=17, Capacity=192
2026-04-30 09:02:52,361 - --- Step 1: Clarke-Wright Heuristic ---
2026-04-30 09:02:52,481 -   Kết quả CW: Cost = 46254, Time = 0.120s
2026-04-30 09:02:52,481 - --- Step 2: Advanced Optimization (CPLEX MIP) ---
2026-04-30 09:02:52,482 - =========================================
2026-04-30 09:02:52,482 - BẮT ĐẦU OPTIMIZE  (100% CPLEX MIP)
2026-04-30 09:02:52,482 -  -> Max Single Size  : 35
2026-04-30 09:02:52,482 -  -> Single Timeout   : 40.0s
2026-04-30 09:02:52,482 -  -> Max Pairwise Size: 28
2026-04-30 09:02:52,482 -  -> Pairwise Timeout : 150.0s
2026-04-30 09:02:52,482 -  -> Global Timeout   : 1200.0s
2026-04-30 09:02:52,482 -  -> Chi phí khởi điểm: 46254
2026-04-30 09:02:52,482 - =========================================
2026-04-30 09:02:52,482 - === BẮT ĐẦU CHẶNG 4: CPLEX MIP CHÍNH XÁC | Cost: 46254 ===
2026-04-30 09:02:52,482 -   [GĐ 4.1] Giải bài toán TSP trên từng tuyến đơn...
2026-04-30 09:08:33,242 -     -> Single CPLEX cải thiện: 3965. Cost mới: 42289
2026-04-30 09:08:33,242 -   [GĐ 4.2] Xét từng cặp tuyến để phân bổ lại khách hàng...
2026-04-30 09:08:33,242 -   --- Pairwise Iter 1 (còn 859s) ---
2026-04-30 09:13:33,400 -     [P4.2] Pair (3,8) giảm 102 -> BEST = 42187
2026-04-30 09:14:13,445 -   --- Pairwise Iter 2 (còn 519s) ---
2026-04-30 09:22:50,569 -     -> Đã đạt cực trị toàn cục cho mọi cặp dưới ngưỡng. KẾT THÚC CHẶNG 4.
2026-04-30 09:22:50,569 - Hoàn thành trong 1198.1s. Final Cost: 42187
2026-04-30 09:22:50,569 - ======================================================================
2026-04-30 09:22:50,569 - BÁO CÁO TỔNG KẾT (SUMMARY)
2026-04-30 09:22:50,569 - ======================================================================
2026-04-30 09:22:50,569 -   1. Chi phí Clarke-Wright:     46254
2026-04-30 09:22:50,569 -   2. Chi phí sau CPLEX MIP:     42187
2026-04-30 09:22:50,569 -   => TỔNG CẢI THIỆN:            4067
2026-04-30 09:22:50,569 -   => Số lần CPLEX Single cải thiện  : 15 lần
2026-04-30 09:22:50,569 -   => Số lần CPLEX Pairwise cải thiện: 1 lần
2026-04-30 09:22:50,569 -   => TỔNG THỜI GIAN CHẠY:       1198.208s
2026-04-30 09:22:50,574 - ======================================================================
2026-04-30 09:22:50,574 - CPLEX MIP SOLVER  |  FILE: X-n284-k15.vrp
2026-04-30 09:22:50,574 - ======================================================================
2026-04-30 09:22:50,702 - Thông tin dữ liệu: Dimension=284, K=15, Capacity=109
2026-04-30 09:22:50,702 - --- Step 1: Clarke-Wright Heuristic ---
2026-04-30 09:22:50,823 -   Kết quả CW: Cost = 26852, Time = 0.120s
2026-04-30 09:22:50,823 - --- Step 2: Advanced Optimization (CPLEX MIP) ---
2026-04-30 09:22:50,823 - =========================================
2026-04-30 09:22:50,823 - BẮT ĐẦU OPTIMIZE  (100% CPLEX MIP)
2026-04-30 09:22:50,823 -  -> Max Single Size  : 35
2026-04-30 09:22:50,823 -  -> Single Timeout   : 40.0s
2026-04-30 09:22:50,823 -  -> Max Pairwise Size: 28
2026-04-30 09:22:50,823 -  -> Pairwise Timeout : 150.0s
2026-04-30 09:22:50,823 -  -> Global Timeout   : 1200.0s
2026-04-30 09:22:50,823 -  -> Chi phí khởi điểm: 26852
2026-04-30 09:22:50,823 - =========================================
2026-04-30 09:22:50,824 - === BẮT ĐẦU CHẶNG 4: CPLEX MIP CHÍNH XÁC | Cost: 26852 ===
2026-04-30 09:22:50,824 -   [GĐ 4.1] Giải bài toán TSP trên từng tuyến đơn...
2026-04-30 09:26:06,728 -     -> Single CPLEX cải thiện: 2880. Cost mới: 23972
2026-04-30 09:26:06,728 -   [GĐ 4.2] Xét từng cặp tuyến để phân bổ lại khách hàng...
2026-04-30 09:26:06,728 -   --- Pairwise Iter 1 (còn 1004s) ---
2026-04-30 09:26:06,735 -     -> Đã đạt cực trị toàn cục cho mọi cặp dưới ngưỡng. KẾT THÚC CHẶNG 4.
2026-04-30 09:26:06,735 - Hoàn thành trong 195.9s. Final Cost: 23972
2026-04-30 09:26:06,735 - ======================================================================
2026-04-30 09:26:06,735 - BÁO CÁO TỔNG KẾT (SUMMARY)
2026-04-30 09:26:06,735 - ======================================================================
2026-04-30 09:26:06,735 -   1. Chi phí Clarke-Wright:     26852
2026-04-30 09:26:06,735 -   2. Chi phí sau CPLEX MIP:     23972
2026-04-30 09:26:06,735 -   => TỔNG CẢI THIỆN:            2880
2026-04-30 09:26:06,735 -   => Số lần CPLEX Single cải thiện  : 15 lần
2026-04-30 09:26:06,735 -   => Số lần CPLEX Pairwise cải thiện: 0 lần
2026-04-30 09:26:06,735 -   => TỔNG THỜI GIAN CHẠY:       196.032s
2026-04-30 09:26:06,740 - ======================================================================
2026-04-30 09:26:06,740 - CPLEX MIP SOLVER  |  FILE: X-n289-k60.vrp
2026-04-30 09:26:06,741 - ======================================================================
2026-04-30 09:26:06,872 - Thông tin dữ liệu: Dimension=289, K=60, Capacity=267
2026-04-30 09:26:06,872 - --- Step 1: Clarke-Wright Heuristic ---
2026-04-30 09:26:07,414 -   Kết quả CW: Cost = 201906, Time = 0.542s
2026-04-30 09:26:07,414 - --- Step 2: Advanced Optimization (CPLEX MIP) ---
2026-04-30 09:26:07,414 - =========================================
2026-04-30 09:26:07,414 - BẮT ĐẦU OPTIMIZE  (100% CPLEX MIP)
2026-04-30 09:26:07,414 -  -> Max Single Size  : 20
2026-04-30 09:26:07,414 -  -> Single Timeout   : 40.0s
2026-04-30 09:26:07,414 -  -> Max Pairwise Size: 16
2026-04-30 09:26:07,414 -  -> Pairwise Timeout : 49.0s
2026-04-30 09:26:07,414 -  -> Global Timeout   : 1200.0s
2026-04-30 09:26:07,414 -  -> Chi phí khởi điểm: 201906
2026-04-30 09:26:07,414 - =========================================
2026-04-30 09:26:07,414 - === BẮT ĐẦU CHẶNG 4: CPLEX MIP CHÍNH XÁC | Cost: 201906 ===
2026-04-30 09:26:07,415 -   [GĐ 4.1] Giải bài toán TSP trên từng tuyến đơn...
2026-04-30 09:26:08,731 -     -> Single CPLEX cải thiện: 52214. Cost mới: 149692
2026-04-30 09:26:08,731 -   [GĐ 4.2] Xét từng cặp tuyến để phân bổ lại khách hàng...
2026-04-30 09:26:08,731 -   --- Pairwise Iter 1 (còn 1199s) ---
2026-04-30 09:26:21,203 -     [P4.2] Pair (51,56) giảm 34 -> BEST = 149658
2026-04-30 09:26:21,251 -   --- Pairwise Iter 2 (còn 1186s) ---
2026-04-30 09:26:36,073 -     [P4.2] Pair (36,48) giảm 97 -> BEST = 149561
2026-04-30 09:26:36,095 -   --- Pairwise Iter 3 (còn 1171s) ---
2026-04-30 09:27:38,588 -     [P4.2] Pair (47,57) giảm 678 -> BEST = 148883
2026-04-30 09:27:38,642 -   --- Pairwise Iter 4 (còn 1109s) ---
2026-04-30 09:28:47,121 -     [P4.2] Pair (29,47) giảm 666 -> BEST = 148217
2026-04-30 09:28:47,170 -   --- Pairwise Iter 5 (còn 1040s) ---
2026-04-30 09:29:50,916 -     [P4.2] Pair (47,57) giảm 337 -> BEST = 147880
2026-04-30 09:29:50,998 -   --- Pairwise Iter 6 (còn 976s) ---
2026-04-30 09:30:15,026 -     [P4.2] Pair (44,47) giảm 296 -> BEST = 147584
2026-04-30 09:30:15,057 -   --- Pairwise Iter 7 (còn 952s) ---
2026-04-30 09:30:39,461 -     [P4.2] Pair (5,21) giảm 317 -> BEST = 147267
2026-04-30 09:30:39,479 -   --- Pairwise Iter 8 (còn 928s) ---
2026-04-30 09:31:06,185 -     [P4.2] Pair (51,55) giảm 544 -> BEST = 146723
2026-04-30 09:31:06,225 -   --- Pairwise Iter 9 (còn 901s) ---
2026-04-30 09:32:09,187 -     [P4.2] Pair (51,53) giảm 109 -> BEST = 146614
2026-04-30 09:32:09,321 -   --- Pairwise Iter 10 (còn 838s) ---
2026-04-30 09:32:10,592 -     [P4.2] Pair (51,56) giảm 950 -> BEST = 145664
2026-04-30 09:32:10,633 -   --- Pairwise Iter 11 (còn 837s) ---
2026-04-30 09:32:35,913 -     [P4.2] Pair (54,56) giảm 79 -> BEST = 145585
2026-04-30 09:32:35,956 -   --- Pairwise Iter 12 (còn 811s) ---
2026-04-30 09:33:03,512 -     [P4.2] Pair (28,51) giảm 190 -> BEST = 145395
2026-04-30 09:33:03,580 -   --- Pairwise Iter 13 (còn 784s) ---
2026-04-30 09:33:25,133 -     [P4.2] Pair (51,57) giảm 202 -> BEST = 145193
2026-04-30 09:33:25,199 -   --- Pairwise Iter 14 (còn 762s) ---
2026-04-30 09:33:56,456 -     [P4.2] Pair (28,51) giảm 59 -> BEST = 145134
2026-04-30 09:33:56,497 -   --- Pairwise Iter 15 (còn 731s) ---
2026-04-30 09:34:17,338 -     [P4.2] Pair (35,41) giảm 1182 -> BEST = 143952
2026-04-30 09:34:17,364 -   --- Pairwise Iter 16 (còn 710s) ---
2026-04-30 09:35:27,221 -     [P4.2] Pair (53,54) giảm 257 -> BEST = 143695
2026-04-30 09:35:27,347 -   --- Pairwise Iter 17 (còn 640s) ---
2026-04-30 09:36:24,037 -     [P4.2] Pair (26,54) giảm 125 -> BEST = 143570
2026-04-30 09:36:24,105 -   --- Pairwise Iter 18 (còn 583s) ---
2026-04-30 09:37:42,921 -     [P4.2] Pair (26,53) giảm 147 -> BEST = 143423
2026-04-30 09:37:42,958 -   --- Pairwise Iter 19 (còn 504s) ---
2026-04-30 09:37:46,011 -     [P4.2] Pair (53,56) giảm 11 -> BEST = 143412
2026-04-30 09:37:46,056 -   --- Pairwise Iter 20 (còn 501s) ---
2026-04-30 09:38:13,793 -     [P4.2] Pair (54,56) giảm 334 -> BEST = 143078
2026-04-30 09:38:13,851 -   --- Pairwise Iter 21 (còn 474s) ---
2026-04-30 09:38:35,635 -     [P4.2] Pair (26,46) giảm 414 -> BEST = 142664
2026-04-30 09:38:35,662 -   --- Pairwise Iter 22 (còn 452s) ---
2026-04-30 09:39:06,201 -     [P4.2] Pair (28,41) giảm 147 -> BEST = 142517
2026-04-30 09:39:06,239 -   --- Pairwise Iter 23 (còn 421s) ---
2026-04-30 09:39:17,101 -     [P4.2] Pair (7,28) giảm 369 -> BEST = 142148
2026-04-30 09:39:17,132 -   --- Pairwise Iter 24 (còn 410s) ---
2026-04-30 09:39:40,458 -     [P4.2] Pair (52,53) giảm 117 -> BEST = 142031
2026-04-30 09:39:40,500 -   --- Pairwise Iter 25 (còn 387s) ---
2026-04-30 09:40:30,511 -     [P4.2] Pair (52,54) giảm 68 -> BEST = 141963
2026-04-30 09:40:30,553 -   --- Pairwise Iter 26 (còn 337s) ---
2026-04-30 09:41:22,257 -     [P4.2] Pair (53,55) giảm 395 -> BEST = 141568
2026-04-30 09:41:22,320 -   --- Pairwise Iter 27 (còn 285s) ---
2026-04-30 09:42:38,355 -     [P4.2] Pair (9,10) giảm 142 -> BEST = 141426
2026-04-30 09:42:38,372 -   --- Pairwise Iter 28 (còn 209s) ---
2026-04-30 09:43:57,087 -     [P4.2] Pair (51,53) giảm 30 -> BEST = 141396
2026-04-30 09:43:57,127 -   --- Pairwise Iter 29 (còn 130s) ---
2026-04-30 09:44:38,907 -     [P4.2] Pair (53,57) giảm 258 -> BEST = 141138
2026-04-30 09:44:38,957 -   --- Pairwise Iter 30 (còn 88s) ---
2026-04-30 09:46:05,450 -     -> Đã đạt cực trị toàn cục cho mọi cặp dưới ngưỡng. KẾT THÚC CHẶNG 4.
2026-04-30 09:46:05,450 - Hoàn thành trong 1198.0s. Final Cost: 141138
2026-04-30 09:46:05,450 - ======================================================================
2026-04-30 09:46:05,450 - BÁO CÁO TỔNG KẾT (SUMMARY)
2026-04-30 09:46:05,450 - ======================================================================
2026-04-30 09:46:05,450 -   1. Chi phí Clarke-Wright:     201906
2026-04-30 09:46:05,450 -   2. Chi phí sau CPLEX MIP:     141138
2026-04-30 09:46:05,450 -   => TỔNG CẢI THIỆN:            60768
2026-04-30 09:46:05,450 -   => Số lần CPLEX Single cải thiện  : 48 lần
2026-04-30 09:46:05,450 -   => Số lần CPLEX Pairwise cải thiện: 29 lần
2026-04-30 09:46:05,450 -   => TỔNG THỜI GIAN CHẠY:       1198.578s
2026-04-30 09:46:05,455 - ======================================================================
2026-04-30 09:46:05,455 - CPLEX MIP SOLVER  |  FILE: X-n294-k50.vrp
2026-04-30 09:46:05,455 - ======================================================================
2026-04-30 09:46:05,608 - Thông tin dữ liệu: Dimension=294, K=50, Capacity=285
2026-04-30 09:46:05,611 - --- Step 1: Clarke-Wright Heuristic ---
2026-04-30 09:46:06,174 -   Kết quả CW: Cost = 164029, Time = 0.563s
2026-04-30 09:46:06,174 - --- Step 2: Advanced Optimization (CPLEX MIP) ---
2026-04-30 09:46:06,174 - =========================================
2026-04-30 09:46:06,174 - BẮT ĐẦU OPTIMIZE  (100% CPLEX MIP)
2026-04-30 09:46:06,174 -  -> Max Single Size  : 20
2026-04-30 09:46:06,174 -  -> Single Timeout   : 40.0s
2026-04-30 09:46:06,174 -  -> Max Pairwise Size: 20
2026-04-30 09:46:06,174 -  -> Pairwise Timeout : 59.0s
2026-04-30 09:46:06,174 -  -> Global Timeout   : 1200.0s
2026-04-30 09:46:06,174 -  -> Chi phí khởi điểm: 164029
2026-04-30 09:46:06,174 - =========================================
2026-04-30 09:46:06,175 - === BẮT ĐẦU CHẶNG 4: CPLEX MIP CHÍNH XÁC | Cost: 164029 ===
2026-04-30 09:46:06,175 -   [GĐ 4.1] Giải bài toán TSP trên từng tuyến đơn...
2026-04-30 09:46:06,932 -     -> Single CPLEX cải thiện: 34089. Cost mới: 129940
2026-04-30 09:46:06,932 -   [GĐ 4.2] Xét từng cặp tuyến để phân bổ lại khách hàng...
2026-04-30 09:46:06,932 -   --- Pairwise Iter 1 (còn 1199s) ---
2026-04-30 09:46:24,741 -     [P4.2] Pair (26,47) giảm 572 -> BEST = 129368
2026-04-30 09:46:24,788 -   --- Pairwise Iter 2 (còn 1181s) ---
2026-04-30 09:46:45,206 -     [P4.2] Pair (26,36) giảm 1351 -> BEST = 128017
2026-04-30 09:46:45,289 -   --- Pairwise Iter 3 (còn 1161s) ---
2026-04-30 09:46:47,550 -     [P4.2] Pair (24,29) giảm 493 -> BEST = 127524
2026-04-30 09:46:47,571 -   --- Pairwise Iter 4 (còn 1159s) ---
2026-04-30 09:47:08,006 -     [P4.2] Pair (26,35) giảm 649 -> BEST = 126875
2026-04-30 09:47:08,054 -   --- Pairwise Iter 5 (còn 1138s) ---
2026-04-30 09:47:41,213 -     [P4.2] Pair (0,45) giảm 188 -> BEST = 126687
2026-04-30 09:47:41,238 -   --- Pairwise Iter 6 (còn 1105s) ---
2026-04-30 09:48:22,410 -     [P4.2] Pair (0,41) giảm 591 -> BEST = 126096
2026-04-30 09:48:22,452 -   --- Pairwise Iter 7 (còn 1064s) ---
2026-04-30 09:48:56,606 -     [P4.2] Pair (0,24) giảm 893 -> BEST = 125203
2026-04-30 09:48:56,648 -   --- Pairwise Iter 8 (còn 1030s) ---
2026-04-30 09:49:38,316 -     [P4.2] Pair (37,46) giảm 1564 -> BEST = 123639
2026-04-30 09:49:38,361 -   --- Pairwise Iter 9 (còn 988s) ---
2026-04-30 09:50:12,793 -     [P4.2] Pair (45,47) giảm 17 -> BEST = 123622
2026-04-30 09:50:12,843 -   --- Pairwise Iter 10 (còn 953s) ---
2026-04-30 09:51:21,290 -     [P4.2] Pair (42,46) giảm 899 -> BEST = 122723
2026-04-30 09:51:21,347 -   --- Pairwise Iter 11 (còn 885s) ---
2026-04-30 09:51:57,526 -     [P4.2] Pair (20,46) giảm 166 -> BEST = 122557
2026-04-30 09:51:57,555 -   --- Pairwise Iter 12 (còn 849s) ---
2026-04-30 09:52:37,829 -     [P4.2] Pair (20,42) giảm 41 -> BEST = 122516
2026-04-30 09:52:37,860 -   --- Pairwise Iter 13 (còn 808s) ---
2026-04-30 09:53:22,720 -     [P4.2] Pair (16,44) giảm 975 -> BEST = 121541
2026-04-30 09:53:22,764 -   --- Pairwise Iter 14 (còn 763s) ---
2026-04-30 09:54:05,027 -     [P4.2] Pair (16,31) giảm 266 -> BEST = 121275
2026-04-30 09:54:05,054 -   --- Pairwise Iter 15 (còn 721s) ---
2026-04-30 09:54:55,346 -     [P4.2] Pair (36,39) giảm 233 -> BEST = 121042
2026-04-30 09:54:55,399 -   --- Pairwise Iter 16 (còn 671s) ---
2026-04-30 09:55:38,934 -     [P4.2] Pair (33,36) giảm 392 -> BEST = 120650
2026-04-30 09:55:38,963 -   --- Pairwise Iter 17 (còn 627s) ---
2026-04-30 09:56:18,422 -     [P4.2] Pair (30,36) giảm 20 -> BEST = 120630
2026-04-30 09:56:18,452 -   --- Pairwise Iter 18 (còn 588s) ---
2026-04-30 09:57:59,622 -     [P4.2] Pair (44,45) giảm 398 -> BEST = 120232
2026-04-30 09:57:59,703 -   --- Pairwise Iter 19 (còn 486s) ---
2026-04-30 09:59:44,138 -     [P4.2] Pair (31,38) giảm 134 -> BEST = 120098
2026-04-30 09:59:44,180 -   --- Pairwise Iter 20 (còn 382s) ---
2026-04-30 10:00:28,656 -     [P4.2] Pair (16,38) giảm 56 -> BEST = 120042
2026-04-30 10:00:28,684 -   --- Pairwise Iter 21 (còn 337s) ---
2026-04-30 10:00:30,259 -     [P4.2] Pair (16,29) giảm 12 -> BEST = 120030
2026-04-30 10:00:30,281 -   --- Pairwise Iter 22 (còn 336s) ---
2026-04-30 10:01:13,596 -     [P4.2] Pair (4,29) giảm 204 -> BEST = 119826
2026-04-30 10:01:13,617 -   --- Pairwise Iter 23 (còn 293s) ---
2026-04-30 10:02:56,705 -     [P4.2] Pair (29,31) giảm 241 -> BEST = 119585
2026-04-30 10:02:56,728 -   --- Pairwise Iter 24 (còn 189s) ---
2026-04-30 10:04:40,865 -     [P4.2] Pair (34,37) giảm 31 -> BEST = 119554
2026-04-30 10:04:40,902 -   --- Pairwise Iter 25 (còn 85s) ---
2026-04-30 10:06:04,219 -     -> Đã đạt cực trị toàn cục cho mọi cặp dưới ngưỡng. KẾT THÚC CHẶNG 4.
2026-04-30 10:06:04,219 - Hoàn thành trong 1198.0s. Final Cost: 119554
2026-04-30 10:06:04,220 - ======================================================================
2026-04-30 10:06:04,220 - BÁO CÁO TỔNG KẾT (SUMMARY)
2026-04-30 10:06:04,220 - ======================================================================
2026-04-30 10:06:04,220 -   1. Chi phí Clarke-Wright:     164029
2026-04-30 10:06:04,220 -   2. Chi phí sau CPLEX MIP:     119554
2026-04-30 10:06:04,220 -   => TỔNG CẢI THIỆN:            44475
2026-04-30 10:06:04,220 -   => Số lần CPLEX Single cải thiện  : 44 lần
2026-04-30 10:06:04,220 -   => Số lần CPLEX Pairwise cải thiện: 24 lần
2026-04-30 10:06:04,220 -   => TỔNG THỜI GIAN CHẠY:       1198.608s
2026-04-30 10:06:04,225 - ======================================================================
2026-04-30 10:06:04,225 - CPLEX MIP SOLVER  |  FILE: X-n298-k31.vrp
2026-04-30 10:06:04,225 - ======================================================================
2026-04-30 10:06:04,363 - Thông tin dữ liệu: Dimension=298, K=31, Capacity=55
2026-04-30 10:06:04,363 - --- Step 1: Clarke-Wright Heuristic ---
2026-04-30 10:06:04,530 -   Kết quả CW: Cost = 47798, Time = 0.167s
2026-04-30 10:06:04,530 - --- Step 2: Advanced Optimization (CPLEX MIP) ---
2026-04-30 10:06:04,530 - =========================================
2026-04-30 10:06:04,530 - BẮT ĐẦU OPTIMIZE  (100% CPLEX MIP)
2026-04-30 10:06:04,530 -  -> Max Single Size  : 24
2026-04-30 10:06:04,530 -  -> Single Timeout   : 40.0s
2026-04-30 10:06:04,530 -  -> Max Pairwise Size: 28
2026-04-30 10:06:04,530 -  -> Pairwise Timeout : 97.0s
2026-04-30 10:06:04,530 -  -> Global Timeout   : 1200.0s
2026-04-30 10:06:04,530 -  -> Chi phí khởi điểm: 47798
2026-04-30 10:06:04,530 - =========================================
2026-04-30 10:06:04,531 - === BẮT ĐẦU CHẶNG 4: CPLEX MIP CHÍNH XÁC | Cost: 47798 ===
2026-04-30 10:06:04,531 -   [GĐ 4.1] Giải bài toán TSP trên từng tuyến đơn...
2026-04-30 10:07:50,204 -     -> Single CPLEX cải thiện: 4620. Cost mới: 43178
2026-04-30 10:07:50,204 -   [GĐ 4.2] Xét từng cặp tuyến để phân bổ lại khách hàng...
2026-04-30 10:07:50,204 -   --- Pairwise Iter 1 (còn 1094s) ---
2026-04-30 10:09:27,275 -     [P4.2] Pair (4,14) giảm 26 -> BEST = 43152
2026-04-30 10:09:28,584 -   --- Pairwise Iter 2 (còn 996s) ---
2026-04-30 10:12:42,725 -     [P4.2] Pair (4,30) giảm 77 -> BEST = 43075
2026-04-30 10:12:43,599 -   --- Pairwise Iter 3 (còn 801s) ---
2026-04-30 10:19:11,901 -     [P4.2] Pair (5,13) giảm 77 -> BEST = 42998
2026-04-30 10:19:11,999 -   --- Pairwise Iter 4 (còn 413s) ---
2026-04-30 10:24:03,203 -     [P4.2] Pair (5,15) giảm 10 -> BEST = 42988
2026-04-30 10:24:03,348 -       [S-re] Route 5: 1306 → 1287  (−19) | BEST = 42969
2026-04-30 10:24:03,460 -   --- Pairwise Iter 5 (còn 121s) ---
2026-04-30 10:26:02,574 -     -> Đã đạt cực trị toàn cục cho mọi cặp dưới ngưỡng. KẾT THÚC CHẶNG 4.
2026-04-30 10:26:02,574 - Hoàn thành trong 1198.0s. Final Cost: 42969
2026-04-30 10:26:02,574 - ======================================================================
2026-04-30 10:26:02,574 - BÁO CÁO TỔNG KẾT (SUMMARY)
2026-04-30 10:26:02,574 - ======================================================================
2026-04-30 10:26:02,574 -   1. Chi phí Clarke-Wright:     47798
2026-04-30 10:26:02,574 -   2. Chi phí sau CPLEX MIP:     42969
2026-04-30 10:26:02,574 -   => TỔNG CẢI THIỆN:            4829
2026-04-30 10:26:02,574 -   => Số lần CPLEX Single cải thiện  : 32 lần
2026-04-30 10:26:02,574 -   => Số lần CPLEX Pairwise cải thiện: 4 lần
2026-04-30 10:26:02,574 -   => TỔNG THỜI GIAN CHẠY:       1198.211s
2026-04-30 10:26:02,579 - ======================================================================
2026-04-30 10:26:02,579 - CPLEX MIP SOLVER  |  FILE: X-n303-k21.vrp
2026-04-30 10:26:02,580 - ======================================================================
2026-04-30 10:26:02,724 - Thông tin dữ liệu: Dimension=303, K=21, Capacity=794
2026-04-30 10:26:02,724 - --- Step 1: Clarke-Wright Heuristic ---
2026-04-30 10:26:02,846 -   Kết quả CW: Cost = 30232, Time = 0.121s
2026-04-30 10:26:02,846 - --- Step 2: Advanced Optimization (CPLEX MIP) ---
2026-04-30 10:26:02,846 - =========================================
2026-04-30 10:26:02,846 - BẮT ĐẦU OPTIMIZE  (100% CPLEX MIP)
2026-04-30 10:26:02,846 -  -> Max Single Size  : 35
2026-04-30 10:26:02,846 -  -> Single Timeout   : 40.0s
2026-04-30 10:26:02,846 -  -> Max Pairwise Size: 28
2026-04-30 10:26:02,846 -  -> Pairwise Timeout : 145.0s
2026-04-30 10:26:02,846 -  -> Global Timeout   : 1200.0s
2026-04-30 10:26:02,846 -  -> Chi phí khởi điểm: 30232
2026-04-30 10:26:02,846 - =========================================
2026-04-30 10:26:02,846 - === BẮT ĐẦU CHẶNG 4: CPLEX MIP CHÍNH XÁC | Cost: 30232 ===
2026-04-30 10:26:02,846 -   [GĐ 4.1] Giải bài toán TSP trên từng tuyến đơn...
2026-04-30 10:31:13,725 -     -> Single CPLEX cải thiện: 2386. Cost mới: 27846
2026-04-30 10:31:13,725 -   [GĐ 4.2] Xét từng cặp tuyến để phân bổ lại khách hàng...
2026-04-30 10:31:13,725 -   --- Pairwise Iter 1 (còn 889s) ---
2026-04-30 10:33:38,842 -     [P4.2] Pair (11,19) giảm 98 -> BEST = 27748
2026-04-30 10:33:40,676 -   --- Pairwise Iter 2 (còn 742s) ---
2026-04-30 10:36:05,741 -     [P4.2] Pair (2,15) giảm 39 -> BEST = 27709
2026-04-30 10:36:06,174 -   --- Pairwise Iter 3 (còn 597s) ---
2026-04-30 10:45:46,561 -     [P4.2] Pair (6,20) giảm 67 -> BEST = 27642
2026-04-30 10:45:47,721 -   --- Pairwise Iter 4 (còn 15s) ---
2026-04-30 10:46:00,911 -     -> Đã đạt cực trị toàn cục cho mọi cặp dưới ngưỡng. KẾT THÚC CHẶNG 4.
2026-04-30 10:46:00,911 - Hoàn thành trong 1198.1s. Final Cost: 27642
2026-04-30 10:46:00,911 - ======================================================================
2026-04-30 10:46:00,911 - BÁO CÁO TỔNG KẾT (SUMMARY)
2026-04-30 10:46:00,911 - ======================================================================
2026-04-30 10:46:00,911 -   1. Chi phí Clarke-Wright:     30232
2026-04-30 10:46:00,911 -   2. Chi phí sau CPLEX MIP:     27642
2026-04-30 10:46:00,911 -   => TỔNG CẢI THIỆN:            2590
2026-04-30 10:46:00,911 -   => Số lần CPLEX Single cải thiện  : 20 lần
2026-04-30 10:46:00,911 -   => Số lần CPLEX Pairwise cải thiện: 3 lần
2026-04-30 10:46:00,911 -   => TỔNG THỜI GIAN CHẠY:       1198.187s
2026-04-30 10:46:00,916 - ======================================================================
2026-04-30 10:46:00,916 - CPLEX MIP SOLVER  |  FILE: X-n308-k13.vrp
2026-04-30 10:46:00,917 - ======================================================================
2026-04-30 10:46:01,068 - Thông tin dữ liệu: Dimension=308, K=13, Capacity=246
2026-04-30 10:46:01,068 - --- Step 1: Clarke-Wright Heuristic ---
2026-04-30 10:46:01,219 -   Kết quả CW: Cost = 36790, Time = 0.150s
2026-04-30 10:46:01,219 - --- Step 2: Advanced Optimization (CPLEX MIP) ---
2026-04-30 10:46:01,219 - =========================================
2026-04-30 10:46:01,219 - BẮT ĐẦU OPTIMIZE  (100% CPLEX MIP)
2026-04-30 10:46:01,219 -  -> Max Single Size  : 35
2026-04-30 10:46:01,219 -  -> Single Timeout   : 40.0s
2026-04-30 10:46:01,219 -  -> Max Pairwise Size: 28
2026-04-30 10:46:01,219 -  -> Pairwise Timeout : 150.0s
2026-04-30 10:46:01,219 -  -> Global Timeout   : 1200.0s
2026-04-30 10:46:01,219 -  -> Chi phí khởi điểm: 36790
2026-04-30 10:46:01,219 - =========================================
2026-04-30 10:46:01,219 - === BẮT ĐẦU CHẶNG 4: CPLEX MIP CHÍNH XÁC | Cost: 36790 ===
2026-04-30 10:46:01,219 -   [GĐ 4.1] Giải bài toán TSP trên từng tuyến đơn...
2026-04-30 10:52:13,425 -     -> Single CPLEX cải thiện: 2948. Cost mới: 33842
2026-04-30 10:52:13,425 -   [GĐ 4.2] Xét từng cặp tuyến để phân bổ lại khách hàng...
2026-04-30 10:52:13,425 -   --- Pairwise Iter 1 (còn 828s) ---
2026-04-30 10:59:43,704 -     -> Đã đạt cực trị toàn cục cho mọi cặp dưới ngưỡng. KẾT THÚC CHẶNG 4.
2026-04-30 10:59:43,704 - Hoàn thành trong 822.5s. Final Cost: 33842
2026-04-30 10:59:43,704 - ======================================================================
2026-04-30 10:59:43,704 - BÁO CÁO TỔNG KẾT (SUMMARY)
2026-04-30 10:59:43,704 - ======================================================================
2026-04-30 10:59:43,704 -   1. Chi phí Clarke-Wright:     36790
2026-04-30 10:59:43,704 -   2. Chi phí sau CPLEX MIP:     33842
2026-04-30 10:59:43,704 -   => TỔNG CẢI THIỆN:            2948
2026-04-30 10:59:43,704 -   => Số lần CPLEX Single cải thiện  : 12 lần
2026-04-30 10:59:43,704 -   => Số lần CPLEX Pairwise cải thiện: 0 lần
2026-04-30 10:59:43,704 -   => TỔNG THỜI GIAN CHẠY:       822.635s
2026-04-30 10:59:43,724 - ======================================================================
2026-04-30 10:59:43,724 - CPLEX MIP SOLVER  |  FILE: X-n313-k71.vrp
2026-04-30 10:59:43,725 - ======================================================================
2026-04-30 10:59:43,884 - Thông tin dữ liệu: Dimension=313, K=71, Capacity=248
2026-04-30 10:59:43,884 - --- Step 1: Clarke-Wright Heuristic ---
2026-04-30 10:59:44,898 -   Kết quả CW: Cost = 201580, Time = 1.014s
2026-04-30 10:59:44,898 - --- Step 2: Advanced Optimization (CPLEX MIP) ---
2026-04-30 10:59:44,898 - =========================================
2026-04-30 10:59:44,898 - BẮT ĐẦU OPTIMIZE  (100% CPLEX MIP)
2026-04-30 10:59:44,898 -  -> Max Single Size  : 20
2026-04-30 10:59:44,898 -  -> Single Timeout   : 40.0s
2026-04-30 10:59:44,898 -  -> Max Pairwise Size: 16
2026-04-30 10:59:44,898 -  -> Pairwise Timeout : 45.0s
2026-04-30 10:59:44,898 -  -> Global Timeout   : 1200.0s
2026-04-30 10:59:44,898 -  -> Chi phí khởi điểm: 201580
2026-04-30 10:59:44,898 - =========================================
2026-04-30 10:59:44,899 - === BẮT ĐẦU CHẶNG 4: CPLEX MIP CHÍNH XÁC | Cost: 201580 ===
2026-04-30 10:59:44,899 -   [GĐ 4.1] Giải bài toán TSP trên từng tuyến đơn...
2026-04-30 11:01:05,631 -     -> Single CPLEX cải thiện: 46429. Cost mới: 155151
2026-04-30 11:01:05,632 -   [GĐ 4.2] Xét từng cặp tuyến để phân bổ lại khách hàng...
2026-04-30 11:01:05,632 -   --- Pairwise Iter 1 (còn 1119s) ---
2026-04-30 11:01:05,677 -     [P4.2] Pair (3,4) giảm 1160 -> BEST = 153991
2026-04-30 11:01:05,694 -   --- Pairwise Iter 2 (còn 1119s) ---
2026-04-30 11:01:07,764 -     [P4.2] Pair (11,64) giảm 176 -> BEST = 153815
2026-04-30 11:01:07,826 -   --- Pairwise Iter 3 (còn 1117s) ---
2026-04-30 11:01:09,550 -     [P4.2] Pair (45,55) giảm 458 -> BEST = 153357
2026-04-30 11:01:09,569 -   --- Pairwise Iter 4 (còn 1115s) ---
2026-04-30 11:01:11,425 -     [P4.2] Pair (61,65) giảm 209 -> BEST = 153148
2026-04-30 11:01:11,458 -   --- Pairwise Iter 5 (còn 1113s) ---
2026-04-30 11:01:12,982 -     [P4.2] Pair (9,35) giảm 811 -> BEST = 152337
2026-04-30 11:01:13,002 -   --- Pairwise Iter 6 (còn 1112s) ---
2026-04-30 11:01:14,658 -     [P4.2] Pair (11,65) giảm 569 -> BEST = 151768
2026-04-30 11:01:14,678 -   --- Pairwise Iter 7 (còn 1110s) ---
2026-04-30 11:01:16,091 -     [P4.2] Pair (11,54) giảm 370 -> BEST = 151398
2026-04-30 11:01:16,118 -   --- Pairwise Iter 8 (còn 1109s) ---
2026-04-30 11:01:18,342 -     [P4.2] Pair (3,5) giảm 38 -> BEST = 151360
2026-04-30 11:01:18,359 -   --- Pairwise Iter 9 (còn 1107s) ---
2026-04-30 11:01:23,749 -     [P4.2] Pair (31,64) giảm 124 -> BEST = 151236
2026-04-30 11:01:23,812 -   --- Pairwise Iter 10 (còn 1101s) ---
2026-04-30 11:01:27,979 -     [P4.2] Pair (58,64) giảm 263 -> BEST = 150973
2026-04-30 11:01:28,029 -   --- Pairwise Iter 11 (còn 1097s) ---
2026-04-30 11:01:34,764 -     [P4.2] Pair (3,36) giảm 414 -> BEST = 150559
2026-04-30 11:01:34,782 -   --- Pairwise Iter 12 (còn 1090s) ---
2026-04-30 11:02:28,006 -     [P4.2] Pair (63,68) giảm 275 -> BEST = 150284
2026-04-30 11:02:28,258 -       [S-re] Route 63: 2277 → 2261  (−16) | BEST = 150268
2026-04-30 11:02:28,430 -   --- Pairwise Iter 13 (còn 1036s) ---
2026-04-30 11:03:18,629 -     [P4.2] Pair (64,68) giảm 435 -> BEST = 149833
2026-04-30 11:03:18,845 -   --- Pairwise Iter 14 (còn 986s) ---
2026-04-30 11:04:04,363 -     [P4.2] Pair (58,68) giảm 34 -> BEST = 149799
2026-04-30 11:04:05,322 -   --- Pairwise Iter 15 (còn 940s) ---
2026-04-30 11:04:53,861 -     [P4.2] Pair (61,68) giảm 38 -> BEST = 149761
2026-04-30 11:04:53,972 -   --- Pairwise Iter 16 (còn 891s) ---
2026-04-30 11:05:12,322 -     [P4.2] Pair (43,61) giảm 221 -> BEST = 149540
2026-04-30 11:05:12,393 -   --- Pairwise Iter 17 (còn 873s) ---
2026-04-30 11:05:23,785 -     [P4.2] Pair (34,43) giảm 49 -> BEST = 149491
2026-04-30 11:05:23,824 -   --- Pairwise Iter 18 (còn 861s) ---
2026-04-30 11:05:33,034 -     [P4.2] Pair (8,56) giảm 496 -> BEST = 148995
2026-04-30 11:05:33,056 -   --- Pairwise Iter 19 (còn 852s) ---
2026-04-30 11:06:27,996 -     [P4.2] Pair (63,66) giảm 407 -> BEST = 148588
2026-04-30 11:06:28,225 -   --- Pairwise Iter 20 (còn 797s) ---
2026-04-30 11:06:38,685 -     [P4.2] Pair (50,51) giảm 329 -> BEST = 148259
2026-04-30 11:06:38,704 -   --- Pairwise Iter 21 (còn 786s) ---
2026-04-30 11:06:49,734 -     [P4.2] Pair (12,43) giảm 54 -> BEST = 148205
2026-04-30 11:06:49,764 -   --- Pairwise Iter 22 (còn 775s) ---
2026-04-30 11:07:47,831 -     [P4.2] Pair (67,68) giảm 471 -> BEST = 147734
2026-04-30 11:07:48,098 -   --- Pairwise Iter 23 (còn 717s) ---
2026-04-30 11:08:06,823 -     [P4.2] Pair (12,60) giảm 286 -> BEST = 147448
2026-04-30 11:08:06,861 -   --- Pairwise Iter 24 (còn 698s) ---
2026-04-30 11:08:20,719 -     [P4.2] Pair (12,43) giảm 122 -> BEST = 147326
2026-04-30 11:08:20,755 -   --- Pairwise Iter 25 (còn 684s) ---
2026-04-30 11:08:50,392 -     [P4.2] Pair (12,37) giảm 232 -> BEST = 147094
2026-04-30 11:08:50,419 -   --- Pairwise Iter 26 (còn 654s) ---
2026-04-30 11:09:52,077 -     [P4.2] Pair (1,69) giảm 282 -> BEST = 146812
2026-04-30 11:09:52,210 -   --- Pairwise Iter 27 (còn 593s) ---
2026-04-30 11:10:13,139 -     [P4.2] Pair (33,69) giảm 73 -> BEST = 146739
2026-04-30 11:10:13,168 -   --- Pairwise Iter 28 (còn 572s) ---
2026-04-30 11:10:59,591 -     [P4.2] Pair (68,69) giảm 72 -> BEST = 146667
2026-04-30 11:10:59,646 -   --- Pairwise Iter 29 (còn 525s) ---
2026-04-30 11:11:49,876 -     [P4.2] Pair (33,69) giảm 36 -> BEST = 146631
2026-04-30 11:11:50,401 -   --- Pairwise Iter 30 (còn 474s) ---
2026-04-30 11:14:13,470 -     [P4.2] Pair (33,68) giảm 12 -> BEST = 146619
2026-04-30 11:14:13,868 -   --- Pairwise Iter 31 (còn 331s) ---
2026-04-30 11:15:04,075 -     [P4.2] Pair (33,69) giảm 3 -> BEST = 146616
2026-04-30 11:15:04,476 -   --- Pairwise Iter 32 (còn 280s) ---
2026-04-30 11:15:19,646 -     [P4.2] Pair (33,64) giảm 247 -> BEST = 146369
2026-04-30 11:15:19,688 -   --- Pairwise Iter 33 (còn 265s) ---
2026-04-30 11:15:35,428 -     [P4.2] Pair (14,33) giảm 188 -> BEST = 146181
2026-04-30 11:15:35,458 -   --- Pairwise Iter 34 (còn 249s) ---
2026-04-30 11:15:44,421 -     [P4.2] Pair (33,60) giảm 118 -> BEST = 146063
2026-04-30 11:15:44,460 -   --- Pairwise Iter 35 (còn 240s) ---
2026-04-30 11:16:26,450 -     [P4.2] Pair (22,33) giảm 298 -> BEST = 145765
2026-04-30 11:16:26,471 -   --- Pairwise Iter 36 (còn 198s) ---
2026-04-30 11:17:52,449 -     [P4.2] Pair (22,60) giảm 6 -> BEST = 145759
2026-04-30 11:17:52,482 -   --- Pairwise Iter 37 (còn 112s) ---
2026-04-30 11:18:06,673 -     [P4.2] Pair (22,68) giảm 12 -> BEST = 145747
2026-04-30 11:18:06,718 -   --- Pairwise Iter 38 (còn 98s) ---
2026-04-30 11:18:07,953 -     [P4.2] Pair (22,60) giảm 54 -> BEST = 145693
2026-04-30 11:18:07,975 -   --- Pairwise Iter 39 (còn 97s) ---
2026-04-30 11:18:17,555 -     [P4.2] Pair (59,68) giảm 397 -> BEST = 145296
2026-04-30 11:18:17,585 -   --- Pairwise Iter 40 (còn 87s) ---
2026-04-30 11:18:33,855 -     [P4.2] Pair (12,68) giảm 127 -> BEST = 145169
2026-04-30 11:18:33,895 -   --- Pairwise Iter 41 (còn 71s) ---
2026-04-30 11:18:36,465 -     [P4.2] Pair (22,68) giảm 7 -> BEST = 145162
2026-04-30 11:18:36,494 -   --- Pairwise Iter 42 (còn 68s) ---
2026-04-30 11:18:44,974 -     [P4.2] Pair (22,37) giảm 35 -> BEST = 145127
2026-04-30 11:18:45,000 -   --- Pairwise Iter 43 (còn 60s) ---
2026-04-30 11:19:40,880 -     [P4.2] Pair (60,68) giảm 3 -> BEST = 145124
2026-04-30 11:19:40,922 -   --- Pairwise Iter 44 (còn 4s) ---
2026-04-30 11:19:42,438 -     [P4.2] Pair (22,68) giảm 13 -> BEST = 145111
2026-04-30 11:19:42,472 -   --- Pairwise Iter 45 (còn 2s) ---
2026-04-30 11:19:42,925 -     -> Đã đạt cực trị toàn cục cho mọi cặp dưới ngưỡng. KẾT THÚC CHẶNG 4.
2026-04-30 11:19:42,925 - Hoàn thành trong 1198.0s. Final Cost: 145111
2026-04-30 11:19:42,925 - ======================================================================
2026-04-30 11:19:42,925 - BÁO CÁO TỔNG KẾT (SUMMARY)
2026-04-30 11:19:42,926 - ======================================================================
2026-04-30 11:19:42,926 -   1. Chi phí Clarke-Wright:     201580
2026-04-30 11:19:42,926 -   2. Chi phí sau CPLEX MIP:     145111
2026-04-30 11:19:42,926 -   => TỔNG CẢI THIỆN:            56469
2026-04-30 11:19:42,926 -   => Số lần CPLEX Single cải thiện  : 61 lần
2026-04-30 11:19:42,926 -   => Số lần CPLEX Pairwise cải thiện: 44 lần
2026-04-30 11:19:42,926 -   => TỔNG THỜI GIAN CHẠY:       1199.041s
2026-04-30 11:19:42,931 - ======================================================================
2026-04-30 11:19:42,931 - CPLEX MIP SOLVER  |  FILE: X-n317-k53.vrp
2026-04-30 11:19:42,931 - ======================================================================
2026-04-30 11:19:43,087 - Thông tin dữ liệu: Dimension=317, K=53, Capacity=6
2026-04-30 11:19:43,087 - --- Step 1: Clarke-Wright Heuristic ---
2026-04-30 11:19:43,194 -   Kết quả CW: Cost = 88156, Time = 0.106s
2026-04-30 11:19:43,194 - --- Step 2: Advanced Optimization (CPLEX MIP) ---
2026-04-30 11:19:43,194 - =========================================
2026-04-30 11:19:43,194 - BẮT ĐẦU OPTIMIZE  (100% CPLEX MIP)
2026-04-30 11:19:43,194 -  -> Max Single Size  : 20
2026-04-30 11:19:43,194 -  -> Single Timeout   : 40.0s
2026-04-30 11:19:43,194 -  -> Max Pairwise Size: 20
2026-04-30 11:19:43,194 -  -> Pairwise Timeout : 60.0s
2026-04-30 11:19:43,194 -  -> Global Timeout   : 1200.0s
2026-04-30 11:19:43,194 -  -> Chi phí khởi điểm: 88156
2026-04-30 11:19:43,194 - =========================================
2026-04-30 11:19:43,194 - === BẮT ĐẦU CHẶNG 4: CPLEX MIP CHÍNH XÁC | Cost: 88156 ===
2026-04-30 11:19:43,194 -   [GĐ 4.1] Giải bài toán TSP trên từng tuyến đơn...
2026-04-30 11:19:44,288 -     -> Single CPLEX cải thiện: 1206. Cost mới: 86950
2026-04-30 11:19:44,288 -   [GĐ 4.2] Xét từng cặp tuyến để phân bổ lại khách hàng...
2026-04-30 11:19:44,288 -   --- Pairwise Iter 1 (còn 1199s) ---
2026-04-30 11:19:45,502 -     [P4.2] Pair (15,27) giảm 30 -> BEST = 86920
2026-04-30 11:19:45,570 -   --- Pairwise Iter 2 (còn 1198s) ---
2026-04-30 11:19:57,132 -     [P4.2] Pair (22,48) giảm 50 -> BEST = 86870
2026-04-30 11:19:57,170 -   --- Pairwise Iter 3 (còn 1186s) ---
2026-04-30 11:20:44,648 -     [P4.2] Pair (0,27) giảm 45 -> BEST = 86825
2026-04-30 11:20:44,691 -   --- Pairwise Iter 4 (còn 1139s) ---
2026-04-30 11:21:37,086 -     [P4.2] Pair (2,15) giảm 14 -> BEST = 86811
2026-04-30 11:21:37,118 -   --- Pairwise Iter 5 (còn 1086s) ---
2026-04-30 11:22:37,160 -     [P4.2] Pair (11,14) giảm 120 -> BEST = 86691
2026-04-30 11:22:37,212 -   --- Pairwise Iter 6 (còn 1026s) ---
2026-04-30 11:22:57,089 -     [P4.2] Pair (1,39) giảm 16 -> BEST = 86675
2026-04-30 11:22:57,126 -   --- Pairwise Iter 7 (còn 1006s) ---
2026-04-30 11:24:57,189 -     [P4.2] Pair (21,41) giảm 32 -> BEST = 86643
2026-04-30 11:24:57,219 -   --- Pairwise Iter 8 (còn 886s) ---
2026-04-30 11:26:57,310 -     [P4.2] Pair (38,40) giảm 11 -> BEST = 86632
2026-04-30 11:26:57,346 -   --- Pairwise Iter 9 (còn 766s) ---
2026-04-30 11:28:58,504 -     [P4.2] Pair (40,45) giảm 14 -> BEST = 86618
2026-04-30 11:28:58,532 -   --- Pairwise Iter 10 (còn 645s) ---
2026-04-30 11:31:58,656 -     [P4.2] Pair (4,11) giảm 30 -> BEST = 86588
2026-04-30 11:31:58,693 -   --- Pairwise Iter 11 (còn 465s) ---
2026-04-30 11:32:10,751 -     [P4.2] Pair (5,11) giảm 1 -> BEST = 86587
2026-04-30 11:32:10,805 -   --- Pairwise Iter 12 (còn 452s) ---
2026-04-30 11:34:15,709 -     [P4.2] Pair (4,14) giảm 1544 -> BEST = 85043
2026-04-30 11:34:15,781 -   --- Pairwise Iter 13 (còn 327s) ---
2026-04-30 11:36:15,849 -     [P4.2] Pair (4,5) giảm 29 -> BEST = 85014
2026-04-30 11:36:15,882 -   --- Pairwise Iter 14 (còn 207s) ---
2026-04-30 11:37:45,479 -     [P4.2] Pair (7,21) giảm 46 -> BEST = 84968
2026-04-30 11:37:45,512 -   --- Pairwise Iter 15 (còn 118s) ---
2026-04-30 11:39:41,270 -     -> Đã đạt cực trị toàn cục cho mọi cặp dưới ngưỡng. KẾT THÚC CHẶNG 4.
2026-04-30 11:39:41,270 - Hoàn thành trong 1198.1s. Final Cost: 84968
2026-04-30 11:39:41,270 - ======================================================================
2026-04-30 11:39:41,270 - BÁO CÁO TỔNG KẾT (SUMMARY)
2026-04-30 11:39:41,270 - ======================================================================
2026-04-30 11:39:41,270 -   1. Chi phí Clarke-Wright:     88156
2026-04-30 11:39:41,270 -   2. Chi phí sau CPLEX MIP:     84968
2026-04-30 11:39:41,270 -   => TỔNG CẢI THIỆN:            3188
2026-04-30 11:39:41,270 -   => Số lần CPLEX Single cải thiện  : 42 lần
2026-04-30 11:39:41,270 -   => Số lần CPLEX Pairwise cải thiện: 14 lần
2026-04-30 11:39:41,270 -   => TỔNG THỜI GIAN CHẠY:       1198.183s
2026-04-30 11:39:41,275 - ======================================================================
2026-04-30 11:39:41,275 - CPLEX MIP SOLVER  |  FILE: X-n322-k28.vrp
2026-04-30 11:39:41,275 - ======================================================================
2026-04-30 11:39:41,437 - Thông tin dữ liệu: Dimension=322, K=28, Capacity=868
2026-04-30 11:39:41,438 - --- Step 1: Clarke-Wright Heuristic ---
2026-04-30 11:39:42,042 -   Kết quả CW: Cost = 170742, Time = 0.604s
2026-04-30 11:39:42,042 - --- Step 2: Advanced Optimization (CPLEX MIP) ---
2026-04-30 11:39:42,042 - =========================================
2026-04-30 11:39:42,042 - BẮT ĐẦU OPTIMIZE  (100% CPLEX MIP)
2026-04-30 11:39:42,042 -  -> Max Single Size  : 28
2026-04-30 11:39:42,042 -  -> Single Timeout   : 40.0s
2026-04-30 11:39:42,042 -  -> Max Pairwise Size: 28
2026-04-30 11:39:42,042 -  -> Pairwise Timeout : 115.0s
2026-04-30 11:39:42,042 -  -> Global Timeout   : 1200.0s
2026-04-30 11:39:42,042 -  -> Chi phí khởi điểm: 170742
2026-04-30 11:39:42,042 - =========================================
2026-04-30 11:39:42,043 - === BẮT ĐẦU CHẶNG 4: CPLEX MIP CHÍNH XÁC | Cost: 170742 ===
2026-04-30 11:39:42,043 -   [GĐ 4.1] Giải bài toán TSP trên từng tuyến đơn...
2026-04-30 11:39:43,601 -     -> Single CPLEX cải thiện: 82758. Cost mới: 87984
2026-04-30 11:39:43,601 -   [GĐ 4.2] Xét từng cặp tuyến để phân bổ lại khách hàng...
2026-04-30 11:39:43,601 -   --- Pairwise Iter 1 (còn 1198s) ---
2026-04-30 11:41:38,722 -     [P4.2] Pair (22,23) giảm 1958 -> BEST = 86026
2026-04-30 11:41:38,753 -       [S-re] Route 22: 2898 → 2724  (−174) | BEST = 85852
2026-04-30 11:41:39,931 -   --- Pairwise Iter 2 (còn 1082s) ---
2026-04-30 11:43:35,049 -     [P4.2] Pair (20,23) giảm 453 -> BEST = 85399
2026-04-30 11:43:35,748 -   --- Pairwise Iter 3 (còn 966s) ---
2026-04-30 11:45:36,669 -     [P4.2] Pair (1,7) giảm 1079 -> BEST = 84320
2026-04-30 11:45:36,748 -   --- Pairwise Iter 4 (còn 845s) ---
2026-04-30 11:47:54,371 -     [P4.2] Pair (10,14) giảm 727 -> BEST = 83593
2026-04-30 11:47:54,592 -   --- Pairwise Iter 5 (còn 707s) ---
2026-04-30 11:52:03,481 -     [P4.2] Pair (10,22) giảm 146 -> BEST = 83447
2026-04-30 11:52:04,378 -   --- Pairwise Iter 6 (còn 458s) ---
2026-04-30 11:54:38,972 -     [P4.2] Pair (14,22) giảm 566 -> BEST = 82881
2026-04-30 11:54:39,036 -   --- Pairwise Iter 7 (còn 303s) ---
2026-04-30 11:58:29,238 -     [P4.2] Pair (0,10) giảm 1133 -> BEST = 81748
2026-04-30 11:58:29,329 -   --- Pairwise Iter 8 (còn 73s) ---
2026-04-30 11:59:40,147 -     -> Đã đạt cực trị toàn cục cho mọi cặp dưới ngưỡng. KẾT THÚC CHẶNG 4.
2026-04-30 11:59:40,147 - Hoàn thành trong 1198.1s. Final Cost: 81748
2026-04-30 11:59:40,148 - ======================================================================
2026-04-30 11:59:40,148 - BÁO CÁO TỔNG KẾT (SUMMARY)
2026-04-30 11:59:40,148 - ======================================================================
2026-04-30 11:59:40,148 -   1. Chi phí Clarke-Wright:     170742
2026-04-30 11:59:40,148 -   2. Chi phí sau CPLEX MIP:     81748
2026-04-30 11:59:40,148 -   => TỔNG CẢI THIỆN:            88994
2026-04-30 11:59:40,148 -   => Số lần CPLEX Single cải thiện  : 29 lần
2026-04-30 11:59:40,148 -   => Số lần CPLEX Pairwise cải thiện: 7 lần
2026-04-30 11:59:40,148 -   => TỔNG THỜI GIAN CHẠY:       1198.710s
2026-04-30 11:59:40,153 - ======================================================================
2026-04-30 11:59:40,153 - CPLEX MIP SOLVER  |  FILE: X-n327-k20.vrp
2026-04-30 11:59:40,153 - ======================================================================
2026-04-30 11:59:40,316 - Thông tin dữ liệu: Dimension=327, K=20, Capacity=128
2026-04-30 11:59:40,316 - --- Step 1: Clarke-Wright Heuristic ---
2026-04-30 11:59:40,486 -   Kết quả CW: Cost = 38109, Time = 0.170s
2026-04-30 11:59:40,486 - --- Step 2: Advanced Optimization (CPLEX MIP) ---
2026-04-30 11:59:40,486 - =========================================
2026-04-30 11:59:40,486 - BẮT ĐẦU OPTIMIZE  (100% CPLEX MIP)
2026-04-30 11:59:40,487 -  -> Max Single Size  : 35
2026-04-30 11:59:40,487 -  -> Single Timeout   : 40.0s
2026-04-30 11:59:40,487 -  -> Max Pairwise Size: 28
2026-04-30 11:59:40,487 -  -> Pairwise Timeout : 150.0s
2026-04-30 11:59:40,487 -  -> Global Timeout   : 1200.0s
2026-04-30 11:59:40,487 -  -> Chi phí khởi điểm: 38109
2026-04-30 11:59:40,487 - =========================================
2026-04-30 11:59:40,487 - === BẮT ĐẦU CHẶNG 4: CPLEX MIP CHÍNH XÁC | Cost: 38109 ===
2026-04-30 11:59:40,487 -   [GĐ 4.1] Giải bài toán TSP trên từng tuyến đơn...
2026-04-30 12:06:42,052 -     -> Single CPLEX cải thiện: 3442. Cost mới: 34667
2026-04-30 12:06:42,052 -   [GĐ 4.2] Xét từng cặp tuyến để phân bổ lại khách hàng...
2026-04-30 12:06:42,056 -   --- Pairwise Iter 1 (còn 778s) ---
2026-04-30 12:06:42,066 -     -> Đã đạt cực trị toàn cục cho mọi cặp dưới ngưỡng. KẾT THÚC CHẶNG 4.
2026-04-30 12:06:42,067 - Hoàn thành trong 421.6s. Final Cost: 34667
2026-04-30 12:06:42,067 - ======================================================================
2026-04-30 12:06:42,067 - BÁO CÁO TỔNG KẾT (SUMMARY)
2026-04-30 12:06:42,067 - ======================================================================
2026-04-30 12:06:42,067 -   1. Chi phí Clarke-Wright:     38109
2026-04-30 12:06:42,067 -   2. Chi phí sau CPLEX MIP:     34667
2026-04-30 12:06:42,067 -   => TỔNG CẢI THIỆN:            3442
2026-04-30 12:06:42,067 -   => Số lần CPLEX Single cải thiện  : 20 lần
2026-04-30 12:06:42,067 -   => Số lần CPLEX Pairwise cải thiện: 0 lần
2026-04-30 12:06:42,067 -   => TỔNG THỜI GIAN CHẠY:       421.750s
2026-04-30 12:06:42,068 - ======================================================================
2026-04-30 12:06:42,068 - CPLEX MIP SOLVER  |  FILE: X-n331-k15.vrp
2026-04-30 12:06:42,069 - ======================================================================
2026-04-30 12:06:42,233 - Thông tin dữ liệu: Dimension=331, K=15, Capacity=23
2026-04-30 12:06:42,233 - --- Step 1: Clarke-Wright Heuristic ---
2026-04-30 12:06:42,462 -   Kết quả CW: Cost = 41236, Time = 0.229s
2026-04-30 12:06:42,463 - --- Step 2: Advanced Optimization (CPLEX MIP) ---
2026-04-30 12:06:42,463 - =========================================
2026-04-30 12:06:42,463 - BẮT ĐẦU OPTIMIZE  (100% CPLEX MIP)
2026-04-30 12:06:42,463 -  -> Max Single Size  : 35
2026-04-30 12:06:42,463 -  -> Single Timeout   : 40.0s
2026-04-30 12:06:42,463 -  -> Max Pairwise Size: 28
2026-04-30 12:06:42,463 -  -> Pairwise Timeout : 150.0s
2026-04-30 12:06:42,463 -  -> Global Timeout   : 1200.0s
2026-04-30 12:06:42,463 -  -> Chi phí khởi điểm: 41236
2026-04-30 12:06:42,463 - =========================================
2026-04-30 12:06:42,463 - === BẮT ĐẦU CHẶNG 4: CPLEX MIP CHÍNH XÁC | Cost: 41236 ===
2026-04-30 12:06:42,463 -   [GĐ 4.1] Giải bài toán TSP trên từng tuyến đơn...
2026-04-30 12:12:21,988 -     -> Single CPLEX cải thiện: 4056. Cost mới: 37180
2026-04-30 12:12:21,988 -   [GĐ 4.2] Xét từng cặp tuyến để phân bổ lại khách hàng...
2026-04-30 12:12:21,988 -   --- Pairwise Iter 1 (còn 860s) ---
2026-04-30 12:12:21,998 -     -> Đã đạt cực trị toàn cục cho mọi cặp dưới ngưỡng. KẾT THÚC CHẶNG 4.
2026-04-30 12:12:21,998 - Hoàn thành trong 339.5s. Final Cost: 37180
2026-04-30 12:12:21,998 - ======================================================================
2026-04-30 12:12:21,998 - BÁO CÁO TỔNG KẾT (SUMMARY)
2026-04-30 12:12:21,998 - ======================================================================
2026-04-30 12:12:21,998 -   1. Chi phí Clarke-Wright:     41236
2026-04-30 12:12:21,998 -   2. Chi phí sau CPLEX MIP:     37180
2026-04-30 12:12:21,998 -   => TỔNG CẢI THIỆN:            4056
2026-04-30 12:12:21,998 -   => Số lần CPLEX Single cải thiện  : 15 lần
2026-04-30 12:12:21,998 -   => Số lần CPLEX Pairwise cải thiện: 0 lần
2026-04-30 12:12:21,998 -   => TỔNG THỜI GIAN CHẠY:       339.765s
2026-04-30 12:12:22,003 - ======================================================================
2026-04-30 12:12:22,003 - CPLEX MIP SOLVER  |  FILE: X-n336-k84.vrp
2026-04-30 12:12:22,003 - ======================================================================
2026-04-30 12:12:22,175 - Thông tin dữ liệu: Dimension=336, K=84, Capacity=203
2026-04-30 12:12:22,175 - --- Step 1: Clarke-Wright Heuristic ---
2026-04-30 12:12:23,640 -   Kết quả CW: Cost = 264589, Time = 1.464s
2026-04-30 12:12:23,640 - --- Step 2: Advanced Optimization (CPLEX MIP) ---
2026-04-30 12:12:23,640 - =========================================
2026-04-30 12:12:23,640 - BẮT ĐẦU OPTIMIZE  (100% CPLEX MIP)
2026-04-30 12:12:23,640 -  -> Max Single Size  : 20
2026-04-30 12:12:23,640 -  -> Single Timeout   : 40.0s
2026-04-30 12:12:23,640 -  -> Max Pairwise Size: 16
2026-04-30 12:12:23,640 -  -> Pairwise Timeout : 40.0s
2026-04-30 12:12:23,640 -  -> Global Timeout   : 1200.0s
2026-04-30 12:12:23,640 -  -> Chi phí khởi điểm: 264589
2026-04-30 12:12:23,640 - =========================================
2026-04-30 12:12:23,641 - === BẮT ĐẦU CHẶNG 4: CPLEX MIP CHÍNH XÁC | Cost: 264589 ===
2026-04-30 12:12:23,641 -   [GĐ 4.1] Giải bài toán TSP trên từng tuyến đơn...
2026-04-30 12:12:25,972 -     -> Single CPLEX cải thiện: 56536. Cost mới: 208053
2026-04-30 12:12:25,972 -   [GĐ 4.2] Xét từng cặp tuyến để phân bổ lại khách hàng...
2026-04-30 12:12:25,972 -   --- Pairwise Iter 1 (còn 1198s) ---
2026-04-30 12:12:35,249 -     [P4.2] Pair (76,79) giảm 406 -> BEST = 207647
2026-04-30 12:12:35,278 -   --- Pairwise Iter 2 (còn 1188s) ---
2026-04-30 12:12:36,832 -     [P4.2] Pair (74,75) giảm 463 -> BEST = 207184
2026-04-30 12:12:36,871 -   --- Pairwise Iter 3 (còn 1187s) ---
2026-04-30 12:12:38,790 -     [P4.2] Pair (16,83) giảm 1163 -> BEST = 206021
2026-04-30 12:12:38,937 -   --- Pairwise Iter 4 (còn 1185s) ---
2026-04-30 12:12:40,000 -     [P4.2] Pair (17,63) giảm 106 -> BEST = 205915
2026-04-30 12:12:40,019 -   --- Pairwise Iter 5 (còn 1184s) ---
2026-04-30 12:13:14,051 -     [P4.2] Pair (76,78) giảm 460 -> BEST = 205455
2026-04-30 12:13:14,125 -   --- Pairwise Iter 6 (còn 1150s) ---
2026-04-30 12:13:16,554 -     [P4.2] Pair (45,63) giảm 912 -> BEST = 204543
2026-04-30 12:13:16,571 -   --- Pairwise Iter 7 (còn 1147s) ---
2026-04-30 12:13:22,193 -     [P4.2] Pair (73,80) giảm 292 -> BEST = 204251
2026-04-30 12:13:22,237 -   --- Pairwise Iter 8 (còn 1141s) ---
2026-04-30 12:13:34,428 -     [P4.2] Pair (37,73) giảm 796 -> BEST = 203455
2026-04-30 12:13:34,458 -   --- Pairwise Iter 9 (còn 1129s) ---
2026-04-30 12:13:38,440 -     [P4.2] Pair (37,79) giảm 141 -> BEST = 203314
2026-04-30 12:13:38,475 -   --- Pairwise Iter 10 (còn 1125s) ---
2026-04-30 12:13:53,436 -     [P4.2] Pair (2,58) giảm 412 -> BEST = 202902
2026-04-30 12:13:53,455 -   --- Pairwise Iter 11 (còn 1110s) ---
2026-04-30 12:14:09,188 -     [P4.2] Pair (37,57) giảm 374 -> BEST = 202528
2026-04-30 12:14:09,217 -   --- Pairwise Iter 12 (còn 1094s) ---
2026-04-30 12:14:21,380 -     [P4.2] Pair (57,73) giảm 139 -> BEST = 202389
2026-04-30 12:14:21,407 -   --- Pairwise Iter 13 (còn 1082s) ---
2026-04-30 12:14:35,662 -     [P4.2] Pair (65,66) giảm 193 -> BEST = 202196
2026-04-30 12:14:35,681 -   --- Pairwise Iter 14 (còn 1068s) ---
2026-04-30 12:15:31,289 -     [P4.2] Pair (73,77) giảm 81 -> BEST = 202115
2026-04-30 12:15:31,322 -   --- Pairwise Iter 15 (còn 1012s) ---
2026-04-30 12:15:44,743 -     [P4.2] Pair (9,77) giảm 183 -> BEST = 201932
2026-04-30 12:15:44,761 -   --- Pairwise Iter 16 (còn 999s) ---
2026-04-30 12:15:54,242 -     [P4.2] Pair (9,63) giảm 313 -> BEST = 201619
2026-04-30 12:15:54,261 -   --- Pairwise Iter 17 (còn 989s) ---
2026-04-30 12:16:47,762 -     [P4.2] Pair (19,56) giảm 66 -> BEST = 201553
2026-04-30 12:16:47,779 -   --- Pairwise Iter 18 (còn 936s) ---
2026-04-30 12:17:48,287 -     [P4.2] Pair (70,76) giảm 476 -> BEST = 201077
2026-04-30 12:17:48,340 -   --- Pairwise Iter 19 (còn 875s) ---
2026-04-30 12:17:50,797 -     [P4.2] Pair (61,76) giảm 456 -> BEST = 200621
2026-04-30 12:17:50,819 -   --- Pairwise Iter 20 (còn 873s) ---
2026-04-30 12:18:47,106 -     [P4.2] Pair (69,76) giảm 11 -> BEST = 200610
2026-04-30 12:18:47,126 -   --- Pairwise Iter 21 (còn 817s) ---
2026-04-30 12:18:49,349 -     [P4.2] Pair (61,76) giảm 27 -> BEST = 200583
2026-04-30 12:18:49,372 -   --- Pairwise Iter 22 (còn 814s) ---
2026-04-30 12:18:52,022 -     [P4.2] Pair (61,64) giảm 328 -> BEST = 200255
2026-04-30 12:18:52,046 -   --- Pairwise Iter 23 (còn 812s) ---
2026-04-30 12:19:00,688 -     [P4.2] Pair (64,66) giảm 114 -> BEST = 200141
2026-04-30 12:19:00,711 -   --- Pairwise Iter 24 (còn 803s) ---
2026-04-30 12:19:59,898 -     [P4.2] Pair (57,61) giảm 776 -> BEST = 199365
2026-04-30 12:19:59,927 -   --- Pairwise Iter 25 (còn 744s) ---
2026-04-30 12:20:59,361 -     [P4.2] Pair (71,72) giảm 135 -> BEST = 199230
2026-04-30 12:20:59,386 -   --- Pairwise Iter 26 (còn 684s) ---
2026-04-30 12:21:57,292 -     [P4.2] Pair (71,73) giảm 98 -> BEST = 199132
2026-04-30 12:21:57,320 -   --- Pairwise Iter 27 (còn 626s) ---
2026-04-30 12:23:24,480 -     [P4.2] Pair (14,81) giảm 60 -> BEST = 199072
2026-04-30 12:23:24,806 -   --- Pairwise Iter 28 (còn 539s) ---
2026-04-30 12:24:10,056 -     [P4.2] Pair (9,80) giảm 215 -> BEST = 198857
2026-04-30 12:24:10,082 -   --- Pairwise Iter 29 (còn 494s) ---
2026-04-30 12:24:20,340 -     [P4.2] Pair (9,75) giảm 140 -> BEST = 198717
2026-04-30 12:24:20,372 -   --- Pairwise Iter 30 (còn 483s) ---
2026-04-30 12:24:21,096 -     [P4.2] Pair (9,74) giảm 34 -> BEST = 198683
2026-04-30 12:24:21,124 -   --- Pairwise Iter 31 (còn 483s) ---
2026-04-30 12:24:31,605 -     [P4.2] Pair (73,75) giảm 322 -> BEST = 198361
2026-04-30 12:24:31,634 -   --- Pairwise Iter 32 (còn 472s) ---
2026-04-30 12:24:42,728 -     [P4.2] Pair (75,77) giảm 234 -> BEST = 198127
2026-04-30 12:24:42,757 -   --- Pairwise Iter 33 (còn 461s) ---
2026-04-30 12:25:24,819 -     [P4.2] Pair (19,79) giảm 196 -> BEST = 197931
2026-04-30 12:25:24,845 -   --- Pairwise Iter 34 (còn 419s) ---
2026-04-30 12:26:08,045 -     [P4.2] Pair (63,75) giảm 91 -> BEST = 197840
2026-04-30 12:26:08,073 -   --- Pairwise Iter 35 (còn 376s) ---
2026-04-30 12:26:51,427 -     [P4.2] Pair (1,69) giảm 496 -> BEST = 197344
2026-04-30 12:26:51,445 -   --- Pairwise Iter 36 (còn 332s) ---
2026-04-30 12:27:45,409 -     [P4.2] Pair (35,81) giảm 376 -> BEST = 196968
2026-04-30 12:27:45,457 -   --- Pairwise Iter 37 (còn 278s) ---
2026-04-30 12:28:28,095 -     [P4.2] Pair (57,81) giảm 130 -> BEST = 196838
2026-04-30 12:28:28,159 -   --- Pairwise Iter 38 (còn 235s) ---
2026-04-30 12:29:10,960 -     [P4.2] Pair (79,81) giảm 118 -> BEST = 196720
2026-04-30 12:29:11,016 -   --- Pairwise Iter 39 (còn 193s) ---
2026-04-30 12:29:14,954 -     [P4.2] Pair (23,79) giảm 152 -> BEST = 196568
2026-04-30 12:29:14,980 -   --- Pairwise Iter 40 (còn 189s) ---
2026-04-30 12:29:25,823 -     [P4.2] Pair (35,80) giảm 302 -> BEST = 196266
2026-04-30 12:29:25,858 -   --- Pairwise Iter 41 (còn 178s) ---
2026-04-30 12:29:30,147 -     [P4.2] Pair (73,80) giảm 250 -> BEST = 196016
2026-04-30 12:29:30,169 -   --- Pairwise Iter 42 (còn 173s) ---
2026-04-30 12:30:19,422 -     [P4.2] Pair (78,81) giảm 174 -> BEST = 195842
2026-04-30 12:30:19,493 -   --- Pairwise Iter 43 (còn 124s) ---
2026-04-30 12:31:15,727 -     [P4.2] Pair (57,78) giảm 11 -> BEST = 195831
2026-04-30 12:31:15,761 -   --- Pairwise Iter 44 (còn 68s) ---
2026-04-30 12:32:09,203 -     [P4.2] Pair (78,81) giảm 1 -> BEST = 195830
2026-04-30 12:32:09,302 -   --- Pairwise Iter 45 (còn 14s) ---
2026-04-30 12:32:21,663 -     -> Đã đạt cực trị toàn cục cho mọi cặp dưới ngưỡng. KẾT THÚC CHẶNG 4.
2026-04-30 12:32:21,663 - Hoàn thành trong 1198.0s. Final Cost: 195830
2026-04-30 12:32:21,663 - ======================================================================
2026-04-30 12:32:21,663 - BÁO CÁO TỔNG KẾT (SUMMARY)
2026-04-30 12:32:21,663 - ======================================================================
2026-04-30 12:32:21,663 -   1. Chi phí Clarke-Wright:     264589
2026-04-30 12:32:21,663 -   2. Chi phí sau CPLEX MIP:     195830
2026-04-30 12:32:21,663 -   => TỔNG CẢI THIỆN:            68759
2026-04-30 12:32:21,663 -   => Số lần CPLEX Single cải thiện  : 60 lần
2026-04-30 12:32:21,663 -   => Số lần CPLEX Pairwise cải thiện: 44 lần
2026-04-30 12:32:21,663 -   => TỔNG THỜI GIAN CHẠY:       1199.487s
2026-04-30 12:32:21,669 - ======================================================================
2026-04-30 12:32:21,669 - CPLEX MIP SOLVER  |  FILE: X-n344-k43.vrp
2026-04-30 12:32:21,669 - ======================================================================
2026-04-30 12:32:21,847 - Thông tin dữ liệu: Dimension=344, K=43, Capacity=61
2026-04-30 12:32:21,847 - --- Step 1: Clarke-Wright Heuristic ---
2026-04-30 12:32:22,205 -   Kết quả CW: Cost = 137751, Time = 0.358s
2026-04-30 12:32:22,205 - --- Step 2: Advanced Optimization (CPLEX MIP) ---
2026-04-30 12:32:22,205 - =========================================
2026-04-30 12:32:22,205 - BẮT ĐẦU OPTIMIZE  (100% CPLEX MIP)
2026-04-30 12:32:22,205 -  -> Max Single Size  : 20
2026-04-30 12:32:22,205 -  -> Single Timeout   : 40.0s
2026-04-30 12:32:22,205 -  -> Max Pairwise Size: 28
2026-04-30 12:32:22,205 -  -> Pairwise Timeout : 80.0s
2026-04-30 12:32:22,205 -  -> Global Timeout   : 1200.0s
2026-04-30 12:32:22,205 -  -> Chi phí khởi điểm: 137751
2026-04-30 12:32:22,205 - =========================================
2026-04-30 12:32:22,206 - === BẮT ĐẦU CHẶNG 4: CPLEX MIP CHÍNH XÁC | Cost: 137751 ===
2026-04-30 12:32:22,206 -   [GĐ 4.1] Giải bài toán TSP trên từng tuyến đơn...
2026-04-30 12:32:23,880 -     -> Single CPLEX cải thiện: 38825. Cost mới: 98926
2026-04-30 12:32:23,881 -   [GĐ 4.2] Xét từng cặp tuyến để phân bổ lại khách hàng...
2026-04-30 12:32:23,881 -   --- Pairwise Iter 1 (còn 1198s) ---
2026-04-30 12:33:43,962 -     [P4.2] Pair (32,41) giảm 1221 -> BEST = 97705
2026-04-30 12:33:44,222 -       [S-re] Route 41: 1871 → 1861  (−10) | BEST = 97695
2026-04-30 12:33:44,222 -   --- Pairwise Iter 2 (còn 1118s) ---
2026-04-30 12:35:04,283 -     [P4.2] Pair (20,35) giảm 722 -> BEST = 96973
2026-04-30 12:35:04,373 -   --- Pairwise Iter 3 (còn 1038s) ---
2026-04-30 12:35:07,039 -     [P4.2] Pair (3,4) giảm 378 -> BEST = 96595
2026-04-30 12:35:07,078 -   --- Pairwise Iter 4 (còn 1035s) ---
2026-04-30 12:36:27,139 -     [P4.2] Pair (26,31) giảm 819 -> BEST = 95776
2026-04-30 12:36:27,289 -   --- Pairwise Iter 5 (còn 955s) ---
2026-04-30 12:37:47,346 -     [P4.2] Pair (23,30) giảm 330 -> BEST = 95446
2026-04-30 12:37:47,510 -   --- Pairwise Iter 6 (còn 875s) ---
2026-04-30 12:39:07,614 -     [P4.2] Pair (34,42) giảm 2103 -> BEST = 93343
2026-04-30 12:39:07,696 -   --- Pairwise Iter 7 (còn 795s) ---
2026-04-30 12:40:27,752 -     [P4.2] Pair (14,30) giảm 1303 -> BEST = 92040
2026-04-30 12:40:27,894 -   --- Pairwise Iter 8 (còn 714s) ---
2026-04-30 12:41:47,985 -     [P4.2] Pair (39,41) giảm 205 -> BEST = 91835
2026-04-30 12:41:48,101 -   --- Pairwise Iter 9 (còn 634s) ---
2026-04-30 12:43:08,149 -     [P4.2] Pair (15,24) giảm 158 -> BEST = 91677
2026-04-30 12:43:08,276 -   --- Pairwise Iter 10 (còn 554s) ---
2026-04-30 12:44:28,343 -     [P4.2] Pair (19,39) giảm 305 -> BEST = 91372
2026-04-30 12:44:28,464 -   --- Pairwise Iter 11 (còn 474s) ---
2026-04-30 12:45:48,525 -     [P4.2] Pair (30,36) giảm 788 -> BEST = 90584
2026-04-30 12:45:48,672 -   --- Pairwise Iter 12 (còn 394s) ---
2026-04-30 12:45:52,773 -     [P4.2] Pair (8,27) giảm 797 -> BEST = 89787
2026-04-30 12:45:52,825 -   --- Pairwise Iter 13 (còn 389s) ---
2026-04-30 12:47:12,902 -     [P4.2] Pair (14,34) giảm 177 -> BEST = 89610
2026-04-30 12:47:12,987 -   --- Pairwise Iter 14 (còn 309s) ---
2026-04-30 12:48:33,039 -     [P4.2] Pair (21,27) giảm 488 -> BEST = 89122
2026-04-30 12:48:33,103 -   --- Pairwise Iter 15 (còn 229s) ---
2026-04-30 12:49:53,169 -     [P4.2] Pair (23,37) giảm 725 -> BEST = 88397
2026-04-30 12:49:53,697 -   --- Pairwise Iter 16 (còn 149s) ---
2026-04-30 12:51:13,802 -     [P4.2] Pair (41,42) giảm 408 -> BEST = 87989
2026-04-30 12:51:18,305 -       [S-re] Route 42: 1777 → 1765  (−12) | BEST = 87977
2026-04-30 12:51:18,305 -   --- Pairwise Iter 17 (còn 64s) ---
2026-04-30 12:52:20,252 -     [P4.2] Pair (8,41) giảm 143 -> BEST = 87834
2026-04-30 12:52:20,252 -   --- Pairwise Iter 18 (còn 2s) ---
2026-04-30 12:52:20,267 -     -> Đã đạt cực trị toàn cục cho mọi cặp dưới ngưỡng. KẾT THÚC CHẶNG 4.
2026-04-30 12:52:20,267 - Hoàn thành trong 1198.1s. Final Cost: 87834
2026-04-30 12:52:20,267 - ======================================================================
2026-04-30 12:52:20,267 - BÁO CÁO TỔNG KẾT (SUMMARY)
2026-04-30 12:52:20,267 - ======================================================================
2026-04-30 12:52:20,267 -   1. Chi phí Clarke-Wright:     137751
2026-04-30 12:52:20,267 -   2. Chi phí sau CPLEX MIP:     87834
2026-04-30 12:52:20,267 -   => TỔNG CẢI THIỆN:            49917
2026-04-30 12:52:20,267 -   => Số lần CPLEX Single cải thiện  : 45 lần
2026-04-30 12:52:20,267 -   => Số lần CPLEX Pairwise cải thiện: 17 lần
2026-04-30 12:52:20,268 -   => TỔNG THỜI GIAN CHẠY:       1198.420s
2026-04-30 12:52:20,273 - ======================================================================
2026-04-30 12:52:20,273 - CPLEX MIP SOLVER  |  FILE: X-n351-k40.vrp
2026-04-30 12:52:20,273 - ======================================================================
2026-04-30 12:52:20,464 - Thông tin dữ liệu: Dimension=351, K=40, Capacity=436
2026-04-30 12:52:20,464 - --- Step 1: Clarke-Wright Heuristic ---
2026-04-30 12:52:21,270 -   Kết quả CW: Cost = 117334, Time = 0.806s
2026-04-30 12:52:21,270 - --- Step 2: Advanced Optimization (CPLEX MIP) ---
2026-04-30 12:52:21,270 - =========================================
2026-04-30 12:52:21,270 - BẮT ĐẦU OPTIMIZE  (100% CPLEX MIP)
2026-04-30 12:52:21,270 -  -> Max Single Size  : 21
2026-04-30 12:52:21,271 -  -> Single Timeout   : 40.0s
2026-04-30 12:52:21,271 -  -> Max Pairwise Size: 28
2026-04-30 12:52:21,271 -  -> Pairwise Timeout : 88.0s
2026-04-30 12:52:21,271 -  -> Global Timeout   : 1200.0s
2026-04-30 12:52:21,271 -  -> Chi phí khởi điểm: 117334
2026-04-30 12:52:21,271 - =========================================
2026-04-30 12:52:21,271 - === BẮT ĐẦU CHẶNG 4: CPLEX MIP CHÍNH XÁC | Cost: 117334 ===
2026-04-30 12:52:21,271 -   [GĐ 4.1] Giải bài toán TSP trên từng tuyến đơn...
2026-04-30 12:52:26,360 -     -> Single CPLEX cải thiện: 38689. Cost mới: 78645
2026-04-30 12:52:26,360 -   [GĐ 4.2] Xét từng cặp tuyến để phân bổ lại khách hàng...
2026-04-30 12:52:26,360 -   --- Pairwise Iter 1 (còn 1195s) ---
2026-04-30 12:53:54,905 -     [P4.2] Pair (32,33) giảm 964 -> BEST = 77681
2026-04-30 12:53:57,962 -   --- Pairwise Iter 2 (còn 1103s) ---
2026-04-30 12:55:26,671 -     [P4.2] Pair (12,32) giảm 178 -> BEST = 77503
2026-04-30 12:55:34,038 -   --- Pairwise Iter 3 (còn 1007s) ---
2026-04-30 12:57:04,265 -     [P4.2] Pair (9,35) giảm 131 -> BEST = 77372
2026-04-30 12:57:04,317 -   --- Pairwise Iter 4 (còn 917s) ---
2026-04-30 12:58:54,781 -     [P4.2] Pair (4,36) giảm 984 -> BEST = 76388
2026-04-30 12:58:55,476 -       [S-re] Route 4: 1341 → 1330  (−11) | BEST = 76377
2026-04-30 12:58:55,507 -   --- Pairwise Iter 5 (còn 806s) ---
2026-04-30 13:02:13,812 -     [P4.2] Pair (9,34) giảm 343 -> BEST = 76034
2026-04-30 13:02:14,106 -   --- Pairwise Iter 6 (còn 607s) ---
2026-04-30 13:06:15,150 -     [P4.2] Pair (12,36) giảm 43 -> BEST = 75991
2026-04-30 13:06:16,055 -       [S-re] Route 12: 843 → 837  (−6) | BEST = 75985
2026-04-30 13:06:16,107 -   --- Pairwise Iter 7 (còn 365s) ---
2026-04-30 13:10:16,986 -     [P4.2] Pair (12,22) giảm 158 -> BEST = 75827
2026-04-30 13:10:17,049 -   --- Pairwise Iter 8 (còn 124s) ---
2026-04-30 13:12:19,329 -     -> Đã đạt cực trị toàn cục cho mọi cặp dưới ngưỡng. KẾT THÚC CHẶNG 4.
2026-04-30 13:12:19,329 - Hoàn thành trong 1198.1s. Final Cost: 75827
2026-04-30 13:12:19,329 - ======================================================================
2026-04-30 13:12:19,329 - BÁO CÁO TỔNG KẾT (SUMMARY)
2026-04-30 13:12:19,329 - ======================================================================
2026-04-30 13:12:19,329 -   1. Chi phí Clarke-Wright:     117334
2026-04-30 13:12:19,330 -   2. Chi phí sau CPLEX MIP:     75827
2026-04-30 13:12:19,330 -   => TỔNG CẢI THIỆN:            41507
2026-04-30 13:12:19,330 -   => Số lần CPLEX Single cải thiện  : 40 lần
2026-04-30 13:12:19,330 -   => Số lần CPLEX Pairwise cải thiện: 7 lần
2026-04-30 13:12:19,330 -   => TỔNG THỜI GIAN CHẠY:       1198.865s
2026-04-30 13:12:19,335 - ======================================================================
2026-04-30 13:12:19,335 - CPLEX MIP SOLVER  |  FILE: X-n359-k29.vrp
2026-04-30 13:12:19,335 - ======================================================================
2026-04-30 13:12:19,563 - Thông tin dữ liệu: Dimension=359, K=29, Capacity=68
2026-04-30 13:12:19,563 - --- Step 1: Clarke-Wright Heuristic ---
2026-04-30 13:12:19,799 -   Kết quả CW: Cost = 64627, Time = 0.236s
2026-04-30 13:12:19,799 - --- Step 2: Advanced Optimization (CPLEX MIP) ---
2026-04-30 13:12:19,799 - =========================================
2026-04-30 13:12:19,800 - BẮT ĐẦU OPTIMIZE  (100% CPLEX MIP)
2026-04-30 13:12:19,800 -  -> Max Single Size  : 30
2026-04-30 13:12:19,800 -  -> Single Timeout   : 40.0s
2026-04-30 13:12:19,800 -  -> Max Pairwise Size: 28
2026-04-30 13:12:19,800 -  -> Pairwise Timeout : 124.0s
2026-04-30 13:12:19,800 -  -> Global Timeout   : 1200.0s
2026-04-30 13:12:19,800 -  -> Chi phí khởi điểm: 64627
2026-04-30 13:12:19,800 - =========================================
2026-04-30 13:12:19,800 - === BẮT ĐẦU CHẶNG 4: CPLEX MIP CHÍNH XÁC | Cost: 64627 ===
2026-04-30 13:12:19,800 -   [GĐ 4.1] Giải bài toán TSP trên từng tuyến đơn...
2026-04-30 13:23:46,570 -     -> Single CPLEX cải thiện: 4258. Cost mới: 60369
2026-04-30 13:23:46,570 -   [GĐ 4.2] Xét từng cặp tuyến để phân bổ lại khách hàng...
2026-04-30 13:23:46,570 -   --- Pairwise Iter 1 (còn 513s) ---
2026-04-30 13:27:54,803 -     [P4.2] Pair (25,27) giảm 61 -> BEST = 60308
2026-04-30 13:28:03,541 -       [S-re] Route 25: 1311 → 1308  (−3) | BEST = 60305
2026-04-30 13:28:03,697 -   --- Pairwise Iter 2 (còn 256s) ---
2026-04-30 13:30:07,867 -     [P4.2] Pair (20,27) giảm 1 -> BEST = 60304
2026-04-30 13:30:48,269 -   --- Pairwise Iter 3 (còn 92s) ---
2026-04-30 13:32:17,876 -     [P4.2] Pair (6,28) giảm 163 -> BEST = 60141
2026-04-30 13:32:17,877 -   --- Pairwise Iter 4 (còn 2s) ---
2026-04-30 13:32:17,890 -     -> Đã đạt cực trị toàn cục cho mọi cặp dưới ngưỡng. KẾT THÚC CHẶNG 4.
2026-04-30 13:32:17,890 - Hoàn thành trong 1198.1s. Final Cost: 60141
2026-04-30 13:32:17,890 - ======================================================================
2026-04-30 13:32:17,890 - BÁO CÁO TỔNG KẾT (SUMMARY)
2026-04-30 13:32:17,890 - ======================================================================
2026-04-30 13:32:17,890 -   1. Chi phí Clarke-Wright:     64627
2026-04-30 13:32:17,890 -   2. Chi phí sau CPLEX MIP:     60141
2026-04-30 13:32:17,891 -   => TỔNG CẢI THIỆN:            4486
2026-04-30 13:32:17,891 -   => Số lần CPLEX Single cải thiện  : 30 lần
2026-04-30 13:32:17,891 -   => Số lần CPLEX Pairwise cải thiện: 3 lần
2026-04-30 13:32:17,891 -   => TỔNG THỜI GIAN CHẠY:       1198.327s
2026-04-30 13:32:17,896 - ======================================================================
2026-04-30 13:32:17,896 - CPLEX MIP SOLVER  |  FILE: X-n367-k17.vrp
2026-04-30 13:32:17,896 - ======================================================================
2026-04-30 13:32:18,098 - Thông tin dữ liệu: Dimension=367, K=17, Capacity=218
2026-04-30 13:32:18,098 - --- Step 1: Clarke-Wright Heuristic ---
2026-04-30 13:32:18,362 -   Kết quả CW: Cost = 30991, Time = 0.264s
2026-04-30 13:32:18,363 - --- Step 2: Advanced Optimization (CPLEX MIP) ---
2026-04-30 13:32:18,363 - =========================================
2026-04-30 13:32:18,363 - BẮT ĐẦU OPTIMIZE  (100% CPLEX MIP)
2026-04-30 13:32:18,363 -  -> Max Single Size  : 35
2026-04-30 13:32:18,363 -  -> Single Timeout   : 40.0s
2026-04-30 13:32:18,363 -  -> Max Pairwise Size: 28
2026-04-30 13:32:18,363 -  -> Pairwise Timeout : 150.0s
2026-04-30 13:32:18,363 -  -> Global Timeout   : 1200.0s
2026-04-30 13:32:18,363 -  -> Chi phí khởi điểm: 30991
2026-04-30 13:32:18,363 - =========================================
2026-04-30 13:32:18,363 - === BẮT ĐẦU CHẶNG 4: CPLEX MIP CHÍNH XÁC | Cost: 30991 ===
2026-04-30 13:32:18,363 -   [GĐ 4.1] Giải bài toán TSP trên từng tuyến đơn...
2026-04-30 13:39:33,818 -     -> Single CPLEX cải thiện: 2621. Cost mới: 28370
2026-04-30 13:39:33,818 -   [GĐ 4.2] Xét từng cặp tuyến để phân bổ lại khách hàng...
2026-04-30 13:39:33,818 -   --- Pairwise Iter 1 (còn 765s) ---
2026-04-30 13:44:34,046 -     [P4.2] Pair (3,4) giảm 34 -> BEST = 28336
2026-04-30 13:45:14,129 -   --- Pairwise Iter 2 (còn 424s) ---
2026-04-30 13:52:16,463 -     -> Đã đạt cực trị toàn cục cho mọi cặp dưới ngưỡng. KẾT THÚC CHẶNG 4.
2026-04-30 13:52:16,464 - Hoàn thành trong 1198.1s. Final Cost: 28336
2026-04-30 13:52:16,464 - ======================================================================
2026-04-30 13:52:16,464 - BÁO CÁO TỔNG KẾT (SUMMARY)
2026-04-30 13:52:16,464 - ======================================================================
2026-04-30 13:52:16,464 -   1. Chi phí Clarke-Wright:     30991
2026-04-30 13:52:16,464 -   2. Chi phí sau CPLEX MIP:     28336
2026-04-30 13:52:16,464 -   => TỔNG CẢI THIỆN:            2655
2026-04-30 13:52:16,464 -   => Số lần CPLEX Single cải thiện  : 15 lần
2026-04-30 13:52:16,464 -   => Số lần CPLEX Pairwise cải thiện: 1 lần
2026-04-30 13:52:16,464 -   => TỔNG THỜI GIAN CHẠY:       1198.365s
2026-04-30 13:52:16,469 - ======================================================================
2026-04-30 13:52:16,469 - CPLEX MIP SOLVER  |  FILE: X-n376-k94.vrp
2026-04-30 13:52:16,469 - ======================================================================
2026-04-30 13:52:16,685 - Thông tin dữ liệu: Dimension=376, K=94, Capacity=4
2026-04-30 13:52:16,685 - --- Step 1: Clarke-Wright Heuristic ---
2026-04-30 13:52:16,948 -   Kết quả CW: Cost = 159753, Time = 0.263s
2026-04-30 13:52:16,949 - --- Step 2: Advanced Optimization (CPLEX MIP) ---
2026-04-30 13:52:16,949 - =========================================
2026-04-30 13:52:16,949 - BẮT ĐẦU OPTIMIZE  (100% CPLEX MIP)
2026-04-30 13:52:16,949 -  -> Max Single Size  : 20
2026-04-30 13:52:16,949 -  -> Single Timeout   : 40.0s
2026-04-30 13:52:16,949 -  -> Max Pairwise Size: 16
2026-04-30 13:52:16,949 -  -> Pairwise Timeout : 40.0s
2026-04-30 13:52:16,949 -  -> Global Timeout   : 1200.0s
2026-04-30 13:52:16,949 -  -> Chi phí khởi điểm: 159753
2026-04-30 13:52:16,949 - =========================================
2026-04-30 13:52:16,949 - === BẮT ĐẦU CHẶNG 4: CPLEX MIP CHÍNH XÁC | Cost: 159753 ===
2026-04-30 13:52:16,949 -   [GĐ 4.1] Giải bài toán TSP trên từng tuyến đơn...
2026-04-30 13:52:17,987 -     -> Single CPLEX cải thiện: 1003. Cost mới: 158750
2026-04-30 13:52:17,987 -   [GĐ 4.2] Xét từng cặp tuyến để phân bổ lại khách hàng...
2026-04-30 13:52:17,987 -   --- Pairwise Iter 1 (còn 1199s) ---
2026-04-30 13:52:18,221 -     [P4.2] Pair (21,48) giảm 92 -> BEST = 158658
2026-04-30 13:52:18,241 -   --- Pairwise Iter 2 (còn 1199s) ---
2026-04-30 13:52:19,676 -     [P4.2] Pair (17,61) giảm 43 -> BEST = 158615
2026-04-30 13:52:19,694 -   --- Pairwise Iter 3 (còn 1197s) ---
2026-04-30 13:52:20,256 -     [P4.2] Pair (81,92) giảm 98 -> BEST = 158517
2026-04-30 13:52:20,275 -   --- Pairwise Iter 4 (còn 1197s) ---
2026-04-30 13:52:20,416 -     [P4.2] Pair (21,55) giảm 21 -> BEST = 158496
2026-04-30 13:52:20,434 -   --- Pairwise Iter 5 (còn 1197s) ---
2026-04-30 13:52:20,661 -     [P4.2] Pair (34,41) giảm 30 -> BEST = 158466
2026-04-30 13:52:20,682 -   --- Pairwise Iter 6 (còn 1196s) ---
2026-04-30 13:52:21,296 -     [P4.2] Pair (58,79) giảm 6 -> BEST = 158460
2026-04-30 13:52:21,314 -   --- Pairwise Iter 7 (còn 1196s) ---
2026-04-30 13:52:21,496 -     [P4.2] Pair (11,48) giảm 2 -> BEST = 158458
2026-04-30 13:52:21,514 -   --- Pairwise Iter 8 (còn 1195s) ---
2026-04-30 13:52:22,919 -     [P4.2] Pair (24,87) giảm 3 -> BEST = 158455
2026-04-30 13:52:22,938 -   --- Pairwise Iter 9 (còn 1194s) ---
2026-04-30 13:52:24,366 -     [P4.2] Pair (43,91) giảm 17 -> BEST = 158438
2026-04-30 13:52:24,385 -   --- Pairwise Iter 10 (còn 1193s) ---
2026-04-30 13:52:26,061 -     [P4.2] Pair (59,93) giảm 12 -> BEST = 158426
2026-04-30 13:52:26,082 -   --- Pairwise Iter 11 (còn 1191s) ---
2026-04-30 13:52:28,642 -     [P4.2] Pair (6,86) giảm 24 -> BEST = 158402
2026-04-30 13:52:28,661 -   --- Pairwise Iter 12 (còn 1188s) ---
2026-04-30 13:52:31,248 -     [P4.2] Pair (43,68) giảm 12 -> BEST = 158390
2026-04-30 13:52:31,267 -   --- Pairwise Iter 13 (còn 1186s) ---
2026-04-30 13:52:33,818 -     [P4.2] Pair (24,29) giảm 436 -> BEST = 157954
2026-04-30 13:52:33,836 -   --- Pairwise Iter 14 (còn 1183s) ---
2026-04-30 13:52:34,563 -     [P4.2] Pair (24,87) giảm 6 -> BEST = 157948
2026-04-30 13:52:34,582 -   --- Pairwise Iter 15 (còn 1182s) ---
2026-04-30 13:52:40,682 -     [P4.2] Pair (5,35) giảm 5 -> BEST = 157943
2026-04-30 13:52:40,704 -   --- Pairwise Iter 16 (còn 1176s) ---
2026-04-30 13:52:48,960 -     [P4.2] Pair (24,79) giảm 53 -> BEST = 157890
2026-04-30 13:52:48,979 -   --- Pairwise Iter 17 (còn 1168s) ---
2026-04-30 13:52:56,820 -     [P4.2] Pair (0,20) giảm 79 -> BEST = 157811
2026-04-30 13:52:56,840 -   --- Pairwise Iter 18 (còn 1160s) ---
2026-04-30 13:53:05,368 -     [P4.2] Pair (16,34) giảm 33 -> BEST = 157778
2026-04-30 13:53:05,387 -   --- Pairwise Iter 19 (còn 1152s) ---
2026-04-30 13:53:11,824 -     [P4.2] Pair (16,23) giảm 120 -> BEST = 157658
2026-04-30 13:53:11,843 -   --- Pairwise Iter 20 (còn 1145s) ---
2026-04-30 13:53:17,920 -     [P4.2] Pair (3,70) giảm 125 -> BEST = 157533
2026-04-30 13:53:17,940 -   --- Pairwise Iter 21 (còn 1139s) ---
2026-04-30 13:53:23,947 -     [P4.2] Pair (24,78) giảm 24 -> BEST = 157509
2026-04-30 13:53:23,965 -   --- Pairwise Iter 22 (còn 1133s) ---
2026-04-30 13:53:30,126 -     [P4.2] Pair (27,28) giảm 20 -> BEST = 157489
2026-04-30 13:53:30,146 -   --- Pairwise Iter 23 (còn 1127s) ---
2026-04-30 13:53:36,356 -     [P4.2] Pair (16,17) giảm 29 -> BEST = 157460
2026-04-30 13:53:36,376 -   --- Pairwise Iter 24 (còn 1121s) ---
2026-04-30 13:53:42,748 -     [P4.2] Pair (59,74) giảm 29 -> BEST = 157431
2026-04-30 13:53:42,767 -   --- Pairwise Iter 25 (còn 1114s) ---
2026-04-30 13:53:49,904 -     [P4.2] Pair (6,46) giảm 11 -> BEST = 157420
2026-04-30 13:53:49,923 -   --- Pairwise Iter 26 (còn 1107s) ---
2026-04-30 13:53:57,348 -     [P4.2] Pair (16,26) giảm 81 -> BEST = 157339
2026-04-30 13:53:57,368 -   --- Pairwise Iter 27 (còn 1100s) ---
2026-04-30 13:54:04,724 -     [P4.2] Pair (20,32) giảm 126 -> BEST = 157213
2026-04-30 13:54:04,743 -   --- Pairwise Iter 28 (còn 1092s) ---
2026-04-30 13:54:11,954 -     [P4.2] Pair (23,72) giảm 13 -> BEST = 157200
2026-04-30 13:54:11,973 -   --- Pairwise Iter 29 (còn 1085s) ---
2026-04-30 13:54:19,951 -     [P4.2] Pair (34,72) giảm 32 -> BEST = 157168
2026-04-30 13:54:19,970 -   --- Pairwise Iter 30 (còn 1077s) ---
2026-04-30 13:54:24,574 -     [P4.2] Pair (23,72) giảm 7 -> BEST = 157161
2026-04-30 13:54:24,593 -   --- Pairwise Iter 31 (còn 1072s) ---
2026-04-30 13:54:32,405 -     [P4.2] Pair (47,48) giảm 19 -> BEST = 157142
2026-04-30 13:54:32,424 -   --- Pairwise Iter 32 (còn 1065s) ---
2026-04-30 13:54:40,723 -     [P4.2] Pair (11,25) giảm 1 -> BEST = 157141
2026-04-30 13:54:40,741 -   --- Pairwise Iter 33 (còn 1056s) ---
2026-04-30 13:54:50,007 -     [P4.2] Pair (30,43) giảm 35 -> BEST = 157106
2026-04-30 13:54:50,026 -   --- Pairwise Iter 34 (còn 1047s) ---
2026-04-30 13:54:53,107 -     [P4.2] Pair (43,91) giảm 7 -> BEST = 157099
2026-04-30 13:54:53,125 -   --- Pairwise Iter 35 (còn 1044s) ---
2026-04-30 13:55:00,891 -     [P4.2] Pair (30,68) giảm 14 -> BEST = 157085
2026-04-30 13:55:00,910 -   --- Pairwise Iter 36 (còn 1036s) ---
2026-04-30 13:55:10,063 -     [P4.2] Pair (57,65) giảm 13 -> BEST = 157072
2026-04-30 13:55:10,082 -   --- Pairwise Iter 37 (còn 1027s) ---
2026-04-30 13:55:19,130 -     [P4.2] Pair (54,77) giảm 1 -> BEST = 157071
2026-04-30 13:55:19,148 -   --- Pairwise Iter 38 (còn 1018s) ---
2026-04-30 13:55:29,509 -     [P4.2] Pair (0,60) giảm 15 -> BEST = 157056
2026-04-30 13:55:29,529 -   --- Pairwise Iter 39 (còn 1007s) ---
2026-04-30 13:55:41,691 -     [P4.2] Pair (46,86) giảm 28 -> BEST = 157028
2026-04-30 13:55:41,711 -   --- Pairwise Iter 40 (còn 995s) ---
2026-04-30 13:55:54,044 -     [P4.2] Pair (17,31) giảm 149 -> BEST = 156879
2026-04-30 13:55:54,064 -   --- Pairwise Iter 41 (còn 983s) ---
2026-04-30 13:56:06,039 -     [P4.2] Pair (10,45) giảm 25 -> BEST = 156854
2026-04-30 13:56:06,059 -   --- Pairwise Iter 42 (còn 971s) ---
2026-04-30 13:56:15,399 -     [P4.2] Pair (3,45) giảm 113 -> BEST = 156741
2026-04-30 13:56:15,418 -   --- Pairwise Iter 43 (còn 962s) ---
2026-04-30 13:56:30,908 -     [P4.2] Pair (22,73) giảm 42 -> BEST = 156699
2026-04-30 13:56:30,926 -   --- Pairwise Iter 44 (còn 946s) ---
2026-04-30 13:56:46,667 -     [P4.2] Pair (23,31) giảm 3 -> BEST = 156696
2026-04-30 13:56:46,686 -   --- Pairwise Iter 45 (còn 930s) ---
2026-04-30 13:56:56,906 -     [P4.2] Pair (23,72) giảm 41 -> BEST = 156655
2026-04-30 13:56:56,924 -   --- Pairwise Iter 46 (còn 920s) ---
2026-04-30 13:57:13,058 -     [P4.2] Pair (54,76) giảm 23 -> BEST = 156632
2026-04-30 13:57:13,078 -   --- Pairwise Iter 47 (còn 904s) ---
2026-04-30 13:57:33,264 -     [P4.2] Pair (55,92) giảm 11 -> BEST = 156621
2026-04-30 13:57:33,284 -   --- Pairwise Iter 48 (còn 884s) ---
2026-04-30 13:57:53,731 -     [P4.2] Pair (8,28) giảm 45 -> BEST = 156576
2026-04-30 13:57:53,751 -   --- Pairwise Iter 49 (còn 863s) ---
2026-04-30 13:58:12,382 -     [P4.2] Pair (8,39) giảm 423 -> BEST = 156153
2026-04-30 13:58:12,401 -   --- Pairwise Iter 50 (còn 845s) ---
2026-04-30 13:58:32,764 -     [P4.2] Pair (26,61) giảm 15 -> BEST = 156138
2026-04-30 13:58:32,783 -   --- Pairwise Iter 51 (còn 824s) ---
2026-04-30 13:58:54,559 -     [P4.2] Pair (28,36) giảm 89 -> BEST = 156049
2026-04-30 13:58:54,578 -   --- Pairwise Iter 52 (còn 802s) ---
2026-04-30 13:59:16,935 -     [P4.2] Pair (58,79) giảm 25 -> BEST = 156024
2026-04-30 13:59:16,954 -   --- Pairwise Iter 53 (còn 780s) ---
2026-04-30 13:59:32,038 -     [P4.2] Pair (24,58) giảm 47 -> BEST = 155977
2026-04-30 13:59:32,059 -   --- Pairwise Iter 54 (còn 765s) ---
2026-04-30 13:59:57,315 -     [P4.2] Pair (57,67) giảm 2 -> BEST = 155975
2026-04-30 13:59:57,334 -   --- Pairwise Iter 55 (còn 740s) ---
2026-04-30 14:00:22,681 -     [P4.2] Pair (73,92) giảm 23 -> BEST = 155952
2026-04-30 14:00:22,701 -   --- Pairwise Iter 56 (còn 714s) ---
2026-04-30 14:00:50,790 -     [P4.2] Pair (45,82) giảm 42 -> BEST = 155910
2026-04-30 14:00:50,809 -   --- Pairwise Iter 57 (còn 686s) ---
2026-04-30 14:01:19,250 -     [P4.2] Pair (79,93) giảm 128 -> BEST = 155782
2026-04-30 14:01:19,271 -   --- Pairwise Iter 58 (còn 658s) ---
2026-04-30 14:01:20,578 -     [P4.2] Pair (24,93) giảm 42 -> BEST = 155740
2026-04-30 14:01:20,599 -   --- Pairwise Iter 59 (còn 656s) ---
2026-04-30 14:01:29,795 -     [P4.2] Pair (24,78) giảm 36 -> BEST = 155704
2026-04-30 14:01:29,816 -   --- Pairwise Iter 60 (còn 647s) ---
2026-04-30 14:01:55,493 -     [P4.2] Pair (2,76) giảm 588 -> BEST = 155116
2026-04-30 14:01:55,512 -   --- Pairwise Iter 61 (còn 621s) ---
2026-04-30 14:02:11,793 -     [P4.2] Pair (54,76) giảm 23 -> BEST = 155093
2026-04-30 14:02:11,812 -   --- Pairwise Iter 62 (còn 605s) ---
2026-04-30 14:02:28,062 -     [P4.2] Pair (35,54) giảm 57 -> BEST = 155036
2026-04-30 14:02:28,082 -   --- Pairwise Iter 63 (còn 589s) ---
2026-04-30 14:02:28,354 -     [P4.2] Pair (5,35) giảm 159 -> BEST = 154877
2026-04-30 14:02:28,373 -   --- Pairwise Iter 64 (còn 589s) ---
2026-04-30 14:02:51,712 -     [P4.2] Pair (25,82) giảm 12 -> BEST = 154865
2026-04-30 14:02:51,731 -   --- Pairwise Iter 65 (còn 565s) ---
2026-04-30 14:03:07,612 -     [P4.2] Pair (12,82) giảm 17 -> BEST = 154848
2026-04-30 14:03:07,632 -   --- Pairwise Iter 66 (còn 549s) ---
2026-04-30 14:03:31,331 -     [P4.2] Pair (8,36) giảm 36 -> BEST = 154812
2026-04-30 14:03:31,351 -   --- Pairwise Iter 67 (còn 526s) ---
2026-04-30 14:03:55,616 -     [P4.2] Pair (8,91) giảm 47 -> BEST = 154765
2026-04-30 14:03:55,634 -   --- Pairwise Iter 68 (còn 501s) ---
2026-04-30 14:04:11,111 -     [P4.2] Pair (8,68) giảm 70 -> BEST = 154695
2026-04-30 14:04:11,130 -   --- Pairwise Iter 69 (còn 486s) ---
2026-04-30 14:04:34,046 -     [P4.2] Pair (12,84) giảm 23 -> BEST = 154672
2026-04-30 14:04:34,073 -   --- Pairwise Iter 70 (còn 463s) ---
2026-04-30 14:04:45,157 -     [P4.2] Pair (7,12) giảm 43 -> BEST = 154629
2026-04-30 14:04:45,176 -   --- Pairwise Iter 71 (còn 452s) ---
2026-04-30 14:05:07,918 -     [P4.2] Pair (17,93) giảm 9 -> BEST = 154620
2026-04-30 14:05:07,938 -   --- Pairwise Iter 72 (còn 429s) ---
2026-04-30 14:05:32,223 -     [P4.2] Pair (36,68) giảm 15 -> BEST = 154605
2026-04-30 14:05:32,243 -   --- Pairwise Iter 73 (còn 405s) ---
2026-04-30 14:05:36,728 -     [P4.2] Pair (30,68) giảm 3 -> BEST = 154602
2026-04-30 14:05:36,749 -   --- Pairwise Iter 74 (còn 400s) ---
2026-04-30 14:06:00,780 -     [P4.2] Pair (8,42) giảm 12 -> BEST = 154590
2026-04-30 14:06:00,799 -   --- Pairwise Iter 75 (còn 376s) ---
2026-04-30 14:06:26,345 -     [P4.2] Pair (67,71) giảm 19 -> BEST = 154571
2026-04-30 14:06:26,363 -   --- Pairwise Iter 76 (còn 351s) ---
2026-04-30 14:06:53,439 -     [P4.2] Pair (56,64) giảm 96 -> BEST = 154475
2026-04-30 14:06:53,460 -   --- Pairwise Iter 77 (còn 323s) ---
2026-04-30 14:07:24,381 -     [P4.2] Pair (16,73) giảm 2 -> BEST = 154473
2026-04-30 14:07:24,399 -   --- Pairwise Iter 78 (còn 293s) ---
2026-04-30 14:07:30,366 -     [P4.2] Pair (16,21) giảm 4 -> BEST = 154469
2026-04-30 14:07:30,388 -   --- Pairwise Iter 79 (còn 287s) ---
2026-04-30 14:07:48,889 -     [P4.2] Pair (55,73) giảm 4 -> BEST = 154465
2026-04-30 14:07:48,908 -   --- Pairwise Iter 80 (còn 268s) ---
2026-04-30 14:08:13,446 -     [P4.2] Pair (26,73) giảm 14 -> BEST = 154451
2026-04-30 14:08:13,468 -   --- Pairwise Iter 81 (còn 243s) ---
2026-04-30 14:08:15,281 -     [P4.2] Pair (26,61) giảm 8 -> BEST = 154443
2026-04-30 14:08:15,303 -   --- Pairwise Iter 82 (còn 242s) ---
2026-04-30 14:08:18,025 -     [P4.2] Pair (26,55) giảm 6 -> BEST = 154437
2026-04-30 14:08:18,045 -   --- Pairwise Iter 83 (còn 239s) ---
2026-04-30 14:08:19,163 -     [P4.2] Pair (26,61) giảm 2 -> BEST = 154435
2026-04-30 14:08:19,183 -   --- Pairwise Iter 84 (còn 238s) ---
2026-04-30 14:08:45,800 -     [P4.2] Pair (48,61) giảm 12 -> BEST = 154423
2026-04-30 14:08:45,820 -   --- Pairwise Iter 85 (còn 211s) ---
2026-04-30 14:08:48,126 -     [P4.2] Pair (26,61) giảm 4 -> BEST = 154419
2026-04-30 14:08:48,146 -   --- Pairwise Iter 86 (còn 209s) ---
2026-04-30 14:09:14,367 -     [P4.2] Pair (21,59) giảm 72 -> BEST = 154347
2026-04-30 14:09:14,393 -   --- Pairwise Iter 87 (còn 183s) ---
2026-04-30 14:09:44,042 -     [P4.2] Pair (51,93) giảm 30 -> BEST = 154317
2026-04-30 14:09:44,065 -   --- Pairwise Iter 88 (còn 153s) ---
2026-04-30 14:10:12,001 -     [P4.2] Pair (51,62) giảm 50 -> BEST = 154267
2026-04-30 14:10:12,021 -   --- Pairwise Iter 89 (còn 125s) ---
2026-04-30 14:10:13,535 -     [P4.2] Pair (62,93) giảm 3 -> BEST = 154264
2026-04-30 14:10:13,559 -   --- Pairwise Iter 90 (còn 123s) ---
2026-04-30 14:10:43,329 -     [P4.2] Pair (46,56) giảm 51 -> BEST = 154213
2026-04-30 14:10:43,348 -   --- Pairwise Iter 91 (còn 94s) ---
2026-04-30 14:11:12,665 -     [P4.2] Pair (49,64) giảm 37 -> BEST = 154176
2026-04-30 14:11:12,683 -   --- Pairwise Iter 92 (còn 64s) ---
2026-04-30 14:11:21,416 -     [P4.2] Pair (49,56) giảm 39 -> BEST = 154137
2026-04-30 14:11:21,434 -   --- Pairwise Iter 93 (còn 56s) ---
2026-04-30 14:11:55,139 -     [P4.2] Pair (21,74) giảm 23 -> BEST = 154114
2026-04-30 14:11:55,159 -   --- Pairwise Iter 94 (còn 22s) ---
2026-04-30 14:12:14,979 -     -> Đã đạt cực trị toàn cục cho mọi cặp dưới ngưỡng. KẾT THÚC CHẶNG 4.
2026-04-30 14:12:14,979 - Hoàn thành trong 1198.0s. Final Cost: 154114
2026-04-30 14:12:14,980 - ======================================================================
2026-04-30 14:12:14,980 - BÁO CÁO TỔNG KẾT (SUMMARY)
2026-04-30 14:12:14,980 - ======================================================================
2026-04-30 14:12:14,980 -   1. Chi phí Clarke-Wright:     159753
2026-04-30 14:12:14,980 -   2. Chi phí sau CPLEX MIP:     154114
2026-04-30 14:12:14,980 -   => TỔNG CẢI THIỆN:            5639
2026-04-30 14:12:14,980 -   => Số lần CPLEX Single cải thiện  : 55 lần
2026-04-30 14:12:14,980 -   => Số lần CPLEX Pairwise cải thiện: 93 lần
2026-04-30 14:12:14,980 -   => TỔNG THỜI GIAN CHẠY:       1198.294s
2026-04-30 14:12:14,985 - ======================================================================
2026-04-30 14:12:14,985 - CPLEX MIP SOLVER  |  FILE: X-n384-k52.vrp
2026-04-30 14:12:14,985 - ======================================================================
2026-04-30 14:12:15,204 - Thông tin dữ liệu: Dimension=384, K=52, Capacity=564
2026-04-30 14:12:15,204 - --- Step 1: Clarke-Wright Heuristic ---
2026-04-30 14:12:23,782 -   Kết quả CW: Cost = 221877, Time = 8.578s
2026-04-30 14:12:23,782 - --- Step 2: Advanced Optimization (CPLEX MIP) ---
2026-04-30 14:12:23,783 - =========================================
2026-04-30 14:12:23,783 - BẮT ĐẦU OPTIMIZE  (100% CPLEX MIP)
2026-04-30 14:12:23,783 -  -> Max Single Size  : 20
2026-04-30 14:12:23,783 -  -> Single Timeout   : 40.0s
2026-04-30 14:12:23,783 -  -> Max Pairwise Size: 25
2026-04-30 14:12:23,783 -  -> Pairwise Timeout : 74.0s
2026-04-30 14:12:23,783 -  -> Global Timeout   : 1200.0s
2026-04-30 14:12:23,783 -  -> Chi phí khởi điểm: 221877
2026-04-30 14:12:23,783 - =========================================
2026-04-30 14:12:23,783 - === BẮT ĐẦU CHẶNG 4: CPLEX MIP CHÍNH XÁC | Cost: 221877 ===
2026-04-30 14:12:23,783 -   [GĐ 4.1] Giải bài toán TSP trên từng tuyến đơn...
2026-04-30 14:12:24,973 -     -> Single CPLEX cải thiện: 86005. Cost mới: 135872
2026-04-30 14:12:24,973 -   [GĐ 4.2] Xét từng cặp tuyến để phân bổ lại khách hàng...
2026-04-30 14:12:24,973 -   --- Pairwise Iter 1 (còn 1199s) ---
2026-04-30 14:13:39,028 -     [P4.2] Pair (34,43) giảm 640 -> BEST = 135232
2026-04-30 14:13:39,244 -   --- Pairwise Iter 2 (còn 1125s) ---
2026-04-30 14:13:49,058 -     [P4.2] Pair (11,13) giảm 250 -> BEST = 134982
2026-04-30 14:13:49,090 -   --- Pairwise Iter 3 (còn 1115s) ---
2026-04-30 14:14:00,273 -     [P4.2] Pair (14,27) giảm 580 -> BEST = 134402
2026-04-30 14:14:00,324 -   --- Pairwise Iter 4 (còn 1103s) ---
2026-04-30 14:14:23,453 -     [P4.2] Pair (21,40) giảm 333 -> BEST = 134069
2026-04-30 14:14:23,542 -   --- Pairwise Iter 5 (còn 1080s) ---
2026-04-30 14:14:59,107 -     [P4.2] Pair (10,31) giảm 702 -> BEST = 133367
2026-04-30 14:14:59,142 -   --- Pairwise Iter 6 (còn 1045s) ---
2026-04-30 14:16:46,993 -     [P4.2] Pair (29,45) giảm 931 -> BEST = 132436
2026-04-30 14:16:47,072 -   --- Pairwise Iter 7 (còn 937s) ---
2026-04-30 14:18:37,788 -     [P4.2] Pair (33,51) giảm 868 -> BEST = 131568
2026-04-30 14:18:37,865 -   --- Pairwise Iter 8 (còn 826s) ---
2026-04-30 14:19:19,902 -     [P4.2] Pair (0,23) giảm 1183 -> BEST = 130385
2026-04-30 14:19:19,941 -   --- Pairwise Iter 9 (còn 784s) ---
2026-04-30 14:19:20,851 -     [P4.2] Pair (0,5) giảm 493 -> BEST = 129892
2026-04-30 14:19:20,878 -   --- Pairwise Iter 10 (còn 783s) ---
2026-04-30 14:20:58,953 -     [P4.2] Pair (5,23) giảm 532 -> BEST = 129360
2026-04-30 14:20:59,012 -   --- Pairwise Iter 11 (còn 685s) ---
2026-04-30 14:22:48,685 -     [P4.2] Pair (34,36) giảm 31 -> BEST = 129329
2026-04-30 14:22:48,766 -   --- Pairwise Iter 12 (còn 575s) ---
2026-04-30 14:24:02,827 -     [P4.2] Pair (34,36) giảm 39 -> BEST = 129290
2026-04-30 14:24:02,941 -   --- Pairwise Iter 13 (còn 501s) ---
2026-04-30 14:25:52,755 -     [P4.2] Pair (1,40) giảm 283 -> BEST = 129007
2026-04-30 14:25:52,802 -   --- Pairwise Iter 14 (còn 391s) ---
2026-04-30 14:27:08,708 -     [P4.2] Pair (21,40) giảm 563 -> BEST = 128444
2026-04-30 14:27:08,746 -   --- Pairwise Iter 15 (còn 315s) ---
2026-04-30 14:27:55,293 -     [P4.2] Pair (22,43) giảm 855 -> BEST = 127589
2026-04-30 14:27:55,381 -   --- Pairwise Iter 16 (còn 268s) ---
2026-04-30 14:30:33,394 -     [P4.2] Pair (37,39) giảm 523 -> BEST = 127066
2026-04-30 14:30:33,473 -   --- Pairwise Iter 17 (còn 110s) ---
2026-04-30 14:32:21,828 -     [P4.2] Pair (33,34) giảm 394 -> BEST = 126672
2026-04-30 14:32:21,828 -   --- Pairwise Iter 18 (còn 2s) ---
2026-04-30 14:32:21,848 -     -> Đã đạt cực trị toàn cục cho mọi cặp dưới ngưỡng. KẾT THÚC CHẶNG 4.
2026-04-30 14:32:21,848 - Hoàn thành trong 1198.1s. Final Cost: 126672
2026-04-30 14:32:21,848 - ======================================================================
2026-04-30 14:32:21,848 - BÁO CÁO TỔNG KẾT (SUMMARY)
2026-04-30 14:32:21,849 - ======================================================================
2026-04-30 14:32:21,849 -   1. Chi phí Clarke-Wright:     221877
2026-04-30 14:32:21,849 -   2. Chi phí sau CPLEX MIP:     126672
2026-04-30 14:32:21,849 -   => TỔNG CẢI THIỆN:            95205
2026-04-30 14:32:21,849 -   => Số lần CPLEX Single cải thiện  : 52 lần
2026-04-30 14:32:21,849 -   => Số lần CPLEX Pairwise cải thiện: 17 lần
2026-04-30 14:32:21,849 -   => TỔNG THỜI GIAN CHẠY:       1206.643s
2026-04-30 14:32:21,854 - ======================================================================
2026-04-30 14:32:21,854 - CPLEX MIP SOLVER  |  FILE: X-n393-k38.vrp
2026-04-30 14:32:21,854 - ======================================================================
2026-04-30 14:32:22,073 - Thông tin dữ liệu: Dimension=393, K=38, Capacity=78
2026-04-30 14:32:22,073 - --- Step 1: Clarke-Wright Heuristic ---
2026-04-30 14:32:22,325 -   Kết quả CW: Cost = 53877, Time = 0.252s
2026-04-30 14:32:22,325 - --- Step 2: Advanced Optimization (CPLEX MIP) ---
2026-04-30 14:32:22,325 - =========================================
2026-04-30 14:32:22,325 - BẮT ĐẦU OPTIMIZE  (100% CPLEX MIP)
2026-04-30 14:32:22,325 -  -> Max Single Size  : 25
2026-04-30 14:32:22,326 -  -> Single Timeout   : 40.0s
2026-04-30 14:32:22,326 -  -> Max Pairwise Size: 28
2026-04-30 14:32:22,326 -  -> Pairwise Timeout : 104.0s
2026-04-30 14:32:22,326 -  -> Global Timeout   : 1200.0s
2026-04-30 14:32:22,326 -  -> Chi phí khởi điểm: 53877
2026-04-30 14:32:22,326 - =========================================
2026-04-30 14:32:22,326 - === BẮT ĐẦU CHẶNG 4: CPLEX MIP CHÍNH XÁC | Cost: 53877 ===
2026-04-30 14:32:22,326 -   [GĐ 4.1] Giải bài toán TSP trên từng tuyến đơn...
2026-04-30 14:35:27,847 -     -> Single CPLEX cải thiện: 3219. Cost mới: 50658
2026-04-30 14:35:27,847 -   [GĐ 4.2] Xét từng cặp tuyến để phân bổ lại khách hàng...
2026-04-30 14:35:27,847 -   --- Pairwise Iter 1 (còn 1014s) ---
2026-04-30 14:38:56,008 -     [P4.2] Pair (8,32) giảm 44 -> BEST = 50614
2026-04-30 14:38:56,387 -   --- Pairwise Iter 2 (còn 806s) ---
2026-04-30 14:40:40,464 -     [P4.2] Pair (5,32) giảm 312 -> BEST = 50302
2026-04-30 14:40:40,662 -   --- Pairwise Iter 3 (còn 702s) ---
2026-04-30 14:42:24,740 -     [P4.2] Pair (13,14) giảm 35 -> BEST = 50267
2026-04-30 14:42:34,199 -   --- Pairwise Iter 4 (còn 588s) ---
2026-04-30 14:47:46,475 -     [P4.2] Pair (1,26) giảm 40 -> BEST = 50227
2026-04-30 14:48:11,810 -   --- Pairwise Iter 5 (còn 251s) ---
2026-04-30 14:52:20,394 -     -> Đã đạt cực trị toàn cục cho mọi cặp dưới ngưỡng. KẾT THÚC CHẶNG 4.
2026-04-30 14:52:20,395 - Hoàn thành trong 1198.1s. Final Cost: 50227
2026-04-30 14:52:20,395 - ======================================================================
2026-04-30 14:52:20,395 - BÁO CÁO TỔNG KẾT (SUMMARY)
2026-04-30 14:52:20,395 - ======================================================================
2026-04-30 14:52:20,395 -   1. Chi phí Clarke-Wright:     53877
2026-04-30 14:52:20,395 -   2. Chi phí sau CPLEX MIP:     50227
2026-04-30 14:52:20,395 -   => TỔNG CẢI THIỆN:            3650
2026-04-30 14:52:20,395 -   => Số lần CPLEX Single cải thiện  : 36 lần
2026-04-30 14:52:20,395 -   => Số lần CPLEX Pairwise cải thiện: 4 lần
2026-04-30 14:52:20,395 -   => TỔNG THỜI GIAN CHẠY:       1198.321s
2026-04-30 14:52:20,397 - ======================================================================
2026-04-30 14:52:20,397 - CPLEX MIP SOLVER  |  FILE: X-n401-k29.vrp
2026-04-30 14:52:20,397 - ======================================================================
2026-04-30 14:52:20,610 - Thông tin dữ liệu: Dimension=401, K=29, Capacity=745
2026-04-30 14:52:20,610 - --- Step 1: Clarke-Wright Heuristic ---
2026-04-30 14:52:20,904 -   Kết quả CW: Cost = 77323, Time = 0.293s
2026-04-30 14:52:20,904 - --- Step 2: Advanced Optimization (CPLEX MIP) ---
2026-04-30 14:52:20,904 - =========================================
2026-04-30 14:52:20,904 - BẮT ĐẦU OPTIMIZE  (100% CPLEX MIP)
2026-04-30 14:52:20,904 -  -> Max Single Size  : 34
2026-04-30 14:52:20,904 -  -> Single Timeout   : 40.0s
2026-04-30 14:52:20,904 -  -> Max Pairwise Size: 28
2026-04-30 14:52:20,904 -  -> Pairwise Timeout : 139.0s
2026-04-30 14:52:20,904 -  -> Global Timeout   : 1200.0s
2026-04-30 14:52:20,904 -  -> Chi phí khởi điểm: 77323
2026-04-30 14:52:20,904 - =========================================
2026-04-30 14:52:20,904 - === BẮT ĐẦU CHẶNG 4: CPLEX MIP CHÍNH XÁC | Cost: 77323 ===
2026-04-30 14:52:20,904 -   [GĐ 4.1] Giải bài toán TSP trên từng tuyến đơn...
2026-04-30 14:59:22,455 -     -> Single CPLEX cải thiện: 2670. Cost mới: 74653
2026-04-30 14:59:22,455 -   [GĐ 4.2] Xét từng cặp tuyến để phân bổ lại khách hàng...
2026-04-30 14:59:22,455 -   --- Pairwise Iter 1 (còn 778s) ---
2026-04-30 15:01:41,532 -     [P4.2] Pair (24,28) giảm 74 -> BEST = 74579
2026-04-30 15:01:42,616 -   --- Pairwise Iter 2 (còn 638s) ---
2026-04-30 15:04:01,705 -     [P4.2] Pair (5,24) giảm 17 -> BEST = 74562
2026-04-30 15:04:01,995 -       [S-re] Route 5: 2927 → 2924  (−3) | BEST = 74559
2026-04-30 15:04:09,602 -   --- Pairwise Iter 3 (còn 491s) ---
2026-04-30 15:11:06,873 -     [P4.2] Pair (1,20) giảm 59 -> BEST = 74500
2026-04-30 15:11:40,166 -   --- Pairwise Iter 4 (còn 41s) ---
2026-04-30 15:12:18,979 -     -> Đã đạt cực trị toàn cục cho mọi cặp dưới ngưỡng. KẾT THÚC CHẶNG 4.
2026-04-30 15:12:18,979 - Hoàn thành trong 1198.1s. Final Cost: 74500
2026-04-30 15:12:18,979 - ======================================================================
2026-04-30 15:12:18,979 - BÁO CÁO TỔNG KẾT (SUMMARY)
2026-04-30 15:12:18,979 - ======================================================================
2026-04-30 15:12:18,979 -   1. Chi phí Clarke-Wright:     77323
2026-04-30 15:12:18,979 -   2. Chi phí sau CPLEX MIP:     74500
2026-04-30 15:12:18,979 -   => TỔNG CẢI THIỆN:            2823
2026-04-30 15:12:18,979 -   => Số lần CPLEX Single cải thiện  : 28 lần
2026-04-30 15:12:18,979 -   => Số lần CPLEX Pairwise cải thiện: 3 lần
2026-04-30 15:12:18,979 -   => TỔNG THỜI GIAN CHẠY:       1198.369s
2026-04-30 15:12:18,984 - ======================================================================
2026-04-30 15:12:18,985 - CPLEX MIP SOLVER  |  FILE: X-n411-k19.vrp
2026-04-30 15:12:18,985 - ======================================================================
2026-04-30 15:12:19,215 - Thông tin dữ liệu: Dimension=411, K=19, Capacity=216
2026-04-30 15:12:19,215 - --- Step 1: Clarke-Wright Heuristic ---
2026-04-30 15:12:19,513 -   Kết quả CW: Cost = 26328, Time = 0.298s
2026-04-30 15:12:19,513 - --- Step 2: Advanced Optimization (CPLEX MIP) ---
2026-04-30 15:12:19,514 - =========================================
2026-04-30 15:12:19,514 - BẮT ĐẦU OPTIMIZE  (100% CPLEX MIP)
2026-04-30 15:12:19,514 -  -> Max Single Size  : 35
2026-04-30 15:12:19,514 -  -> Single Timeout   : 40.0s
2026-04-30 15:12:19,514 -  -> Max Pairwise Size: 28
2026-04-30 15:12:19,514 -  -> Pairwise Timeout : 150.0s
2026-04-30 15:12:19,514 -  -> Global Timeout   : 1200.0s
2026-04-30 15:12:19,514 -  -> Chi phí khởi điểm: 26328
2026-04-30 15:12:19,514 - =========================================
2026-04-30 15:12:19,514 - === BẮT ĐẦU CHẶNG 4: CPLEX MIP CHÍNH XÁC | Cost: 26328 ===
2026-04-30 15:12:19,514 -   [GĐ 4.1] Giải bài toán TSP trên từng tuyến đơn...
2026-04-30 15:18:27,771 -     -> Single CPLEX cải thiện: 2612. Cost mới: 23716
2026-04-30 15:18:27,771 -   [GĐ 4.2] Xét từng cặp tuyến để phân bổ lại khách hàng...
2026-04-30 15:18:27,771 -   --- Pairwise Iter 1 (còn 832s) ---
2026-04-30 15:20:57,903 -     [P4.2] Pair (2,11) giảm 1 -> BEST = 23715
2026-04-30 15:20:58,361 -       [S-re] Route 11: 1286 → 1257  (−29) | BEST = 23686
2026-04-30 15:20:58,361 -   --- Pairwise Iter 2 (còn 681s) ---
2026-04-30 15:28:28,694 -     [P4.2] Pair (6,11) giảm 58 -> BEST = 23628
2026-04-30 15:28:30,170 -   --- Pairwise Iter 3 (còn 229s) ---
2026-04-30 15:31:00,281 -     [P4.2] Pair (2,11) giảm 9 -> BEST = 23619
2026-04-30 15:31:03,033 -       [S-re] Route 2: 1661 → 1659  (−2) | BEST = 23617
2026-04-30 15:31:03,344 -   --- Pairwise Iter 4 (còn 76s) ---
2026-04-30 15:32:17,614 -     -> Đã đạt cực trị toàn cục cho mọi cặp dưới ngưỡng. KẾT THÚC CHẶNG 4.
2026-04-30 15:32:17,615 - Hoàn thành trong 1198.1s. Final Cost: 23617
2026-04-30 15:32:17,615 - ======================================================================
2026-04-30 15:32:17,615 - BÁO CÁO TỔNG KẾT (SUMMARY)
2026-04-30 15:32:17,615 - ======================================================================
2026-04-30 15:32:17,615 -   1. Chi phí Clarke-Wright:     26328
2026-04-30 15:32:17,615 -   2. Chi phí sau CPLEX MIP:     23617
2026-04-30 15:32:17,615 -   => TỔNG CẢI THIỆN:            2711
2026-04-30 15:32:17,615 -   => Số lần CPLEX Single cải thiện  : 20 lần
2026-04-30 15:32:17,615 -   => Số lần CPLEX Pairwise cải thiện: 3 lần
2026-04-30 15:32:17,615 -   => TỔNG THỜI GIAN CHẠY:       1198.399s
2026-04-30 15:32:17,620 - ======================================================================
2026-04-30 15:32:17,620 - CPLEX MIP SOLVER  |  FILE: X-n420-k130.vrp
2026-04-30 15:32:17,620 - ======================================================================
2026-04-30 15:32:17,944 - Thông tin dữ liệu: Dimension=420, K=130, Capacity=18
2026-04-30 15:32:17,944 - --- Step 1: Clarke-Wright Heuristic ---
2026-04-30 15:32:23,326 -   Kết quả CW: Cost = 220761, Time = 5.381s
2026-04-30 15:32:23,326 - --- Step 2: Advanced Optimization (CPLEX MIP) ---
2026-04-30 15:32:23,326 - =========================================
2026-04-30 15:32:23,327 - BẮT ĐẦU OPTIMIZE  (100% CPLEX MIP)
2026-04-30 15:32:23,327 -  -> Max Single Size  : 20
2026-04-30 15:32:23,327 -  -> Single Timeout   : 40.0s
2026-04-30 15:32:23,327 -  -> Max Pairwise Size: 16
2026-04-30 15:32:23,327 -  -> Pairwise Timeout : 40.0s
2026-04-30 15:32:23,327 -  -> Global Timeout   : 1200.0s
2026-04-30 15:32:23,327 -  -> Chi phí khởi điểm: 220761
2026-04-30 15:32:23,327 - =========================================
2026-04-30 15:32:23,327 - === BẮT ĐẦU CHẶNG 4: CPLEX MIP CHÍNH XÁC | Cost: 220761 ===
2026-04-30 15:32:23,327 -   [GĐ 4.1] Giải bài toán TSP trên từng tuyến đơn...
2026-04-30 15:33:06,072 -     -> Single CPLEX cải thiện: 27489. Cost mới: 193272
2026-04-30 15:33:06,073 -   [GĐ 4.2] Xét từng cặp tuyến để phân bổ lại khách hàng...
2026-04-30 15:33:06,073 -   --- Pairwise Iter 1 (còn 1157s) ---
2026-04-30 15:33:06,144 -     [P4.2] Pair (33,102) giảm 425 -> BEST = 192847
2026-04-30 15:33:06,168 -   --- Pairwise Iter 2 (còn 1157s) ---
2026-04-30 15:33:06,309 -     [P4.2] Pair (11,13) giảm 147 -> BEST = 192700
2026-04-30 15:33:06,327 -   --- Pairwise Iter 3 (còn 1157s) ---
2026-04-30 15:33:43,792 -     [P4.2] Pair (38,124) giảm 267 -> BEST = 192433
2026-04-30 15:33:43,822 -   --- Pairwise Iter 4 (còn 1120s) ---
2026-04-30 15:33:44,062 -     [P4.2] Pair (86,120) giảm 1441 -> BEST = 190992
2026-04-30 15:33:44,082 -   --- Pairwise Iter 5 (còn 1119s) ---
2026-04-30 15:33:50,769 -     [P4.2] Pair (115,125) giảm 1682 -> BEST = 189310
2026-04-30 15:33:50,840 -   --- Pairwise Iter 6 (còn 1112s) ---
2026-04-30 15:33:51,019 -     [P4.2] Pair (30,106) giảm 580 -> BEST = 188730
2026-04-30 15:33:51,038 -   --- Pairwise Iter 7 (còn 1112s) ---
2026-04-30 15:33:53,449 -     [P4.2] Pair (91,92) giảm 222 -> BEST = 188508
2026-04-30 15:33:53,467 -   --- Pairwise Iter 8 (còn 1110s) ---
2026-04-30 15:33:56,060 -     [P4.2] Pair (34,38) giảm 125 -> BEST = 188383
2026-04-30 15:33:56,087 -   --- Pairwise Iter 9 (còn 1107s) ---
2026-04-30 15:34:40,606 -     [P4.2] Pair (72,127) giảm 80 -> BEST = 188303
2026-04-30 15:34:40,754 -   --- Pairwise Iter 10 (còn 1063s) ---
2026-04-30 15:34:48,757 -     [P4.2] Pair (72,129) giảm 571 -> BEST = 187732
2026-04-30 15:34:49,496 -   --- Pairwise Iter 11 (còn 1054s) ---
2026-04-30 15:34:54,785 -     [P4.2] Pair (86,117) giảm 349 -> BEST = 187383
2026-04-30 15:34:54,809 -   --- Pairwise Iter 12 (còn 1049s) ---
2026-04-30 15:35:05,212 -     [P4.2] Pair (91,123) giảm 244 -> BEST = 187139
2026-04-30 15:35:05,291 -   --- Pairwise Iter 13 (còn 1038s) ---
2026-04-30 15:35:05,473 -     [P4.2] Pair (32,91) giảm 61 -> BEST = 187078
2026-04-30 15:35:05,492 -   --- Pairwise Iter 14 (còn 1038s) ---
2026-04-30 15:35:06,509 -     [P4.2] Pair (39,116) giảm 1150 -> BEST = 185928
2026-04-30 15:35:06,530 -   --- Pairwise Iter 15 (còn 1037s) ---
2026-04-30 15:35:07,598 -     [P4.2] Pair (74,111) giảm 210 -> BEST = 185718
2026-04-30 15:35:07,634 -   --- Pairwise Iter 16 (còn 1036s) ---
2026-04-30 15:35:46,882 -     [P4.2] Pair (85,129) giảm 16 -> BEST = 185702
2026-04-30 15:35:46,920 -   --- Pairwise Iter 17 (còn 996s) ---
2026-04-30 15:36:27,967 -     [P4.2] Pair (7,114) giảm 638 -> BEST = 185064
2026-04-30 15:36:27,987 -   --- Pairwise Iter 18 (còn 955s) ---
2026-04-30 15:37:31,636 -     [P4.2] Pair (7,127) giảm 213 -> BEST = 184851
2026-04-30 15:37:31,730 -   --- Pairwise Iter 19 (còn 892s) ---
2026-04-30 15:38:12,824 -     [P4.2] Pair (42,45) giảm 187 -> BEST = 184664
2026-04-30 15:38:12,842 -   --- Pairwise Iter 20 (còn 850s) ---
2026-04-30 15:38:53,971 -     [P4.2] Pair (73,86) giảm 547 -> BEST = 184117
2026-04-30 15:38:53,990 -   --- Pairwise Iter 21 (còn 809s) ---
2026-04-30 15:38:54,457 -     [P4.2] Pair (86,117) giảm 23 -> BEST = 184094
2026-04-30 15:38:54,484 -   --- Pairwise Iter 22 (còn 809s) ---
2026-04-30 15:39:35,980 -     [P4.2] Pair (85,123) giảm 1040 -> BEST = 183054
2026-04-30 15:39:36,017 -   --- Pairwise Iter 23 (còn 767s) ---
2026-04-30 15:40:16,877 -     [P4.2] Pair (85,129) giảm 192 -> BEST = 182862
2026-04-30 15:40:16,952 -   --- Pairwise Iter 24 (còn 726s) ---
2026-04-30 15:40:19,598 -     [P4.2] Pair (114,125) giảm 427 -> BEST = 182435
2026-04-30 15:40:19,634 -   --- Pairwise Iter 25 (còn 724s) ---
2026-04-30 15:40:20,912 -     [P4.2] Pair (37,114) giảm 865 -> BEST = 181570
2026-04-30 15:40:20,948 -   --- Pairwise Iter 26 (còn 722s) ---
2026-04-30 15:40:22,927 -     [P4.2] Pair (40,129) giảm 46 -> BEST = 181524
2026-04-30 15:40:22,955 -   --- Pairwise Iter 27 (còn 720s) ---
2026-04-30 15:40:24,711 -     [P4.2] Pair (82,126) giảm 310 -> BEST = 181214
2026-04-30 15:40:24,737 -   --- Pairwise Iter 28 (còn 719s) ---
2026-04-30 15:40:25,958 -     [P4.2] Pair (60,126) giảm 37 -> BEST = 181177
2026-04-30 15:40:25,976 -   --- Pairwise Iter 29 (còn 717s) ---
2026-04-30 15:40:27,294 -     [P4.2] Pair (91,105) giảm 11 -> BEST = 181166
2026-04-30 15:40:27,313 -   --- Pairwise Iter 30 (còn 716s) ---
2026-04-30 15:40:29,176 -     [P4.2] Pair (103,111) giảm 121 -> BEST = 181045
2026-04-30 15:40:29,202 -   --- Pairwise Iter 31 (còn 714s) ---
2026-04-30 15:40:38,167 -     [P4.2] Pair (113,124) giảm 245 -> BEST = 180800
2026-04-30 15:40:38,195 -   --- Pairwise Iter 32 (còn 705s) ---
2026-04-30 15:40:48,751 -     [P4.2] Pair (41,113) giảm 62 -> BEST = 180738
2026-04-30 15:40:48,777 -   --- Pairwise Iter 33 (còn 695s) ---
2026-04-30 15:40:50,831 -     [P4.2] Pair (42,105) giảm 1 -> BEST = 180737
2026-04-30 15:40:50,850 -   --- Pairwise Iter 34 (còn 692s) ---
2026-04-30 15:40:53,134 -     [P4.2] Pair (41,104) giảm 1 -> BEST = 180736
2026-04-30 15:40:53,153 -   --- Pairwise Iter 35 (còn 690s) ---
2026-04-30 15:40:53,255 -     [P4.2] Pair (59,104) giảm 69 -> BEST = 180667
2026-04-30 15:40:53,274 -   --- Pairwise Iter 36 (còn 690s) ---
2026-04-30 15:40:55,525 -     [P4.2] Pair (75,103) giảm 197 -> BEST = 180470
2026-04-30 15:40:55,548 -   --- Pairwise Iter 37 (còn 688s) ---
2026-04-30 15:40:58,147 -     [P4.2] Pair (75,97) giảm 416 -> BEST = 180054
2026-04-30 15:40:58,168 -   --- Pairwise Iter 38 (còn 685s) ---
2026-04-30 15:40:59,682 -     [P4.2] Pair (74,97) giảm 314 -> BEST = 179740
2026-04-30 15:40:59,702 -   --- Pairwise Iter 39 (còn 684s) ---
2026-04-30 15:41:01,891 -     [P4.2] Pair (78,97) giảm 26 -> BEST = 179714
2026-04-30 15:41:01,910 -   --- Pairwise Iter 40 (còn 681s) ---
2026-04-30 15:41:04,136 -     [P4.2] Pair (97,103) giảm 52 -> BEST = 179662
2026-04-30 15:41:04,160 -   --- Pairwise Iter 41 (còn 679s) ---
2026-04-30 15:41:06,326 -     [P4.2] Pair (78,97) giảm 578 -> BEST = 179084
2026-04-30 15:41:06,346 -   --- Pairwise Iter 42 (còn 677s) ---
2026-04-30 15:41:08,368 -     [P4.2] Pair (34,78) giảm 9 -> BEST = 179075
2026-04-30 15:41:08,387 -   --- Pairwise Iter 43 (còn 675s) ---
2026-04-30 15:41:10,362 -     [P4.2] Pair (74,78) giảm 24 -> BEST = 179051
2026-04-30 15:41:10,382 -   --- Pairwise Iter 44 (còn 673s) ---
2026-04-30 15:41:13,062 -     [P4.2] Pair (109,121) giảm 473 -> BEST = 178578
2026-04-30 15:41:13,095 -   --- Pairwise Iter 45 (còn 670s) ---
2026-04-30 15:41:16,696 -     [P4.2] Pair (42,117) giảm 2 -> BEST = 178576
2026-04-30 15:41:16,716 -   --- Pairwise Iter 46 (còn 667s) ---
2026-04-30 15:41:17,069 -     [P4.2] Pair (42,86) giảm 51 -> BEST = 178525
2026-04-30 15:41:17,094 -   --- Pairwise Iter 47 (còn 666s) ---
2026-04-30 15:41:20,291 -     [P4.2] Pair (49,50) giảm 471 -> BEST = 178054
2026-04-30 15:41:20,304 -   --- Pairwise Iter 48 (còn 663s) ---
2026-04-30 15:41:23,611 -     [P4.2] Pair (54,61) giảm 102 -> BEST = 177952
2026-04-30 15:41:23,624 -   --- Pairwise Iter 49 (còn 660s) ---
2026-04-30 15:41:27,004 -     [P4.2] Pair (59,101) giảm 88 -> BEST = 177864
2026-04-30 15:41:27,023 -   --- Pairwise Iter 50 (còn 656s) ---
2026-04-30 15:41:28,763 -     [P4.2] Pair (41,101) giảm 203 -> BEST = 177661
2026-04-30 15:41:28,780 -   --- Pairwise Iter 51 (còn 655s) ---
2026-04-30 15:41:32,028 -     [P4.2] Pair (76,79) giảm 579 -> BEST = 177082
2026-04-30 15:41:32,045 -   --- Pairwise Iter 52 (còn 651s) ---
2026-04-30 15:41:38,649 -     [P4.2] Pair (112,119) giảm 174 -> BEST = 176908
2026-04-30 15:41:38,679 -   --- Pairwise Iter 53 (còn 645s) ---
2026-04-30 15:41:46,748 -     [P4.2] Pair (118,119) giảm 1088 -> BEST = 175820
2026-04-30 15:41:46,803 -   --- Pairwise Iter 54 (còn 637s) ---
2026-04-30 15:42:30,288 -     [P4.2] Pair (7,107) giảm 195 -> BEST = 175625
2026-04-30 15:42:30,309 -   --- Pairwise Iter 55 (còn 593s) ---
2026-04-30 15:42:34,027 -     [P4.2] Pair (107,119) giảm 448 -> BEST = 175177
2026-04-30 15:42:34,052 -   --- Pairwise Iter 56 (còn 589s) ---
2026-04-30 15:43:26,664 -     [P4.2] Pair (41,127) giảm 1265 -> BEST = 173912
2026-04-30 15:43:26,724 -   --- Pairwise Iter 57 (còn 537s) ---
2026-04-30 15:43:30,113 -     [P4.2] Pair (101,127) giảm 23 -> BEST = 173889
2026-04-30 15:43:30,150 -   --- Pairwise Iter 58 (còn 533s) ---
2026-04-30 15:43:37,318 -     [P4.2] Pair (91,103) giảm 6 -> BEST = 173883
2026-04-30 15:43:37,338 -   --- Pairwise Iter 59 (còn 526s) ---
2026-04-30 15:43:41,605 -     [P4.2] Pair (54,91) giảm 74 -> BEST = 173809
2026-04-30 15:43:41,623 -   --- Pairwise Iter 60 (còn 522s) ---
2026-04-30 15:43:48,884 -     [P4.2] Pair (34,117) giảm 123 -> BEST = 173686
2026-04-30 15:43:48,908 -   --- Pairwise Iter 61 (còn 514s) ---
2026-04-30 15:43:52,315 -     [P4.2] Pair (34,78) giảm 5 -> BEST = 173681
2026-04-30 15:43:52,333 -   --- Pairwise Iter 62 (còn 511s) ---
2026-04-30 15:43:55,233 -     [P4.2] Pair (34,74) giảm 30 -> BEST = 173651
2026-04-30 15:43:55,253 -   --- Pairwise Iter 63 (còn 508s) ---
2026-04-30 15:44:02,460 -     [P4.2] Pair (94,116) giảm 71 -> BEST = 173580
2026-04-30 15:44:02,479 -   --- Pairwise Iter 64 (còn 501s) ---
2026-04-30 15:44:09,762 -     [P4.2] Pair (5,105) giảm 329 -> BEST = 173251
2026-04-30 15:44:09,780 -   --- Pairwise Iter 65 (còn 494s) ---
2026-04-30 15:44:17,333 -     [P4.2] Pair (87,107) giảm 796 -> BEST = 172455
2026-04-30 15:44:17,357 -   --- Pairwise Iter 66 (còn 486s) ---
2026-04-30 15:44:19,158 -     [P4.2] Pair (107,119) giảm 111 -> BEST = 172344
2026-04-30 15:44:19,181 -   --- Pairwise Iter 67 (còn 484s) ---
2026-04-30 15:44:24,975 -     [P4.2] Pair (7,119) giảm 4 -> BEST = 172340
2026-04-30 15:44:24,997 -   --- Pairwise Iter 68 (còn 478s) ---
2026-04-30 15:44:28,237 -     [P4.2] Pair (107,119) giảm 4 -> BEST = 172336
2026-04-30 15:44:28,263 -   --- Pairwise Iter 69 (còn 475s) ---
2026-04-30 15:44:35,846 -     [P4.2] Pair (110,113) giảm 489 -> BEST = 171847
2026-04-30 15:44:35,878 -   --- Pairwise Iter 70 (còn 467s) ---
2026-04-30 15:44:49,195 -     [P4.2] Pair (121,127) giảm 188 -> BEST = 171659
2026-04-30 15:44:49,223 -   --- Pairwise Iter 71 (còn 454s) ---
2026-04-30 15:45:02,577 -     [P4.2] Pair (109,121) giảm 270 -> BEST = 171389
2026-04-30 15:45:02,616 -   --- Pairwise Iter 72 (còn 441s) ---
2026-04-30 15:45:12,142 -     [P4.2] Pair (70,121) giảm 272 -> BEST = 171117
2026-04-30 15:45:12,165 -   --- Pairwise Iter 73 (còn 431s) ---
2026-04-30 15:45:17,941 -     [P4.2] Pair (95,109) giảm 74 -> BEST = 171043
2026-04-30 15:45:17,966 -   --- Pairwise Iter 74 (còn 425s) ---
2026-04-30 15:45:23,535 -     [P4.2] Pair (30,114) giảm 21 -> BEST = 171022
2026-04-30 15:45:23,558 -   --- Pairwise Iter 75 (còn 420s) ---
2026-04-30 15:45:26,336 -     [P4.2] Pair (92,114) giảm 183 -> BEST = 170839
2026-04-30 15:45:26,357 -   --- Pairwise Iter 76 (còn 417s) ---
2026-04-30 15:45:27,420 -     [P4.2] Pair (30,92) giảm 8 -> BEST = 170831
2026-04-30 15:45:27,441 -   --- Pairwise Iter 77 (còn 416s) ---
2026-04-30 15:45:33,245 -     [P4.2] Pair (34,79) giảm 30 -> BEST = 170801
2026-04-30 15:45:33,265 -   --- Pairwise Iter 78 (còn 410s) ---
2026-04-30 15:45:36,151 -     [P4.2] Pair (78,79) giảm 40 -> BEST = 170761
2026-04-30 15:45:36,174 -   --- Pairwise Iter 79 (còn 407s) ---
2026-04-30 15:45:41,902 -     [P4.2] Pair (34,42) giảm 529 -> BEST = 170232
2026-04-30 15:45:41,921 -   --- Pairwise Iter 80 (còn 401s) ---
2026-04-30 15:45:47,566 -     [P4.2] Pair (34,108) giảm 5 -> BEST = 170227
2026-04-30 15:45:47,585 -   --- Pairwise Iter 81 (còn 396s) ---
2026-04-30 15:45:53,543 -     [P4.2] Pair (52,54) giảm 1025 -> BEST = 169202
2026-04-30 15:45:53,560 -   --- Pairwise Iter 82 (còn 390s) ---
2026-04-30 15:45:59,400 -     [P4.2] Pair (66,70) giảm 107 -> BEST = 169095
2026-04-30 15:45:59,419 -   --- Pairwise Iter 83 (còn 384s) ---
2026-04-30 15:46:02,512 -     [P4.2] Pair (66,127) giảm 9 -> BEST = 169086
2026-04-30 15:46:02,535 -   --- Pairwise Iter 84 (còn 381s) ---
2026-04-30 15:46:07,494 -     [P4.2] Pair (66,98) giảm 1334 -> BEST = 167752
2026-04-30 15:46:07,524 -   --- Pairwise Iter 85 (còn 376s) ---
2026-04-30 15:46:12,911 -     [P4.2] Pair (126,127) giảm 106 -> BEST = 167646
2026-04-30 15:46:12,930 -   --- Pairwise Iter 86 (còn 370s) ---
2026-04-30 15:46:13,893 -     [P4.2] Pair (32,126) giảm 2 -> BEST = 167644
2026-04-30 15:46:13,915 -   --- Pairwise Iter 87 (còn 369s) ---
2026-04-30 15:46:17,448 -     [P4.2] Pair (98,126) giảm 17 -> BEST = 167627
2026-04-30 15:46:17,472 -   --- Pairwise Iter 88 (còn 366s) ---
2026-04-30 15:46:19,843 -     [P4.2] Pair (98,101) giảm 60 -> BEST = 167567
2026-04-30 15:46:19,864 -   --- Pairwise Iter 89 (còn 363s) ---
2026-04-30 15:46:22,270 -     [P4.2] Pair (12,101) giảm 2 -> BEST = 167565
2026-04-30 15:46:22,291 -   --- Pairwise Iter 90 (còn 361s) ---
2026-04-30 15:46:27,184 -     [P4.2] Pair (66,98) giảm 36 -> BEST = 167529
2026-04-30 15:46:27,207 -   --- Pairwise Iter 91 (còn 356s) ---
2026-04-30 15:46:32,701 -     [P4.2] Pair (40,98) giảm 1140 -> BEST = 166389
2026-04-30 15:46:32,721 -   --- Pairwise Iter 92 (còn 351s) ---
2026-04-30 15:46:59,525 -     [P4.2] Pair (40,129) giảm 11 -> BEST = 166378
2026-04-30 15:46:59,561 -   --- Pairwise Iter 93 (còn 324s) ---
2026-04-30 15:47:29,580 -     [P4.2] Pair (40,110) giảm 45 -> BEST = 166333
2026-04-30 15:47:29,599 -   --- Pairwise Iter 94 (còn 294s) ---
2026-04-30 15:47:37,047 -     [P4.2] Pair (40,129) giảm 154 -> BEST = 166179
2026-04-30 15:47:37,081 -   --- Pairwise Iter 95 (còn 286s) ---
2026-04-30 15:47:48,113 -     [P4.2] Pair (74,112) giảm 3 -> BEST = 166176
2026-04-30 15:47:48,132 -   --- Pairwise Iter 96 (còn 275s) ---
2026-04-30 15:48:09,189 -     [P4.2] Pair (82,122) giảm 886 -> BEST = 165290
2026-04-30 15:48:09,233 -   --- Pairwise Iter 97 (còn 254s) ---
2026-04-30 15:48:21,573 -     [P4.2] Pair (44,82) giảm 218 -> BEST = 165072
2026-04-30 15:48:21,606 -   --- Pairwise Iter 98 (còn 242s) ---
2026-04-30 15:48:35,634 -     [P4.2] Pair (99,115) giảm 658 -> BEST = 164414
2026-04-30 15:48:35,676 -   --- Pairwise Iter 99 (còn 228s) ---
2026-04-30 15:48:46,813 -     [P4.2] Pair (18,98) giảm 6 -> BEST = 164408
2026-04-30 15:48:46,831 -   --- Pairwise Iter 100 (còn 216s) ---
2026-04-30 15:48:58,771 -     [P4.2] Pair (38,74) giảm 5 -> BEST = 164403
2026-04-30 15:48:58,807 -   --- Pairwise Iter 101 (còn 205s) ---
2026-04-30 15:49:00,834 -     [P4.2] Pair (19,38) giảm 6 -> BEST = 164397
2026-04-30 15:49:00,854 -   --- Pairwise Iter 102 (còn 202s) ---
2026-04-30 15:49:01,844 -     [P4.2] Pair (19,117) giảm 10 -> BEST = 164387
2026-04-30 15:49:01,861 -   --- Pairwise Iter 103 (còn 201s) ---
2026-04-30 15:49:12,887 -     [P4.2] Pair (19,42) giảm 18 -> BEST = 164369
2026-04-30 15:49:12,904 -   --- Pairwise Iter 104 (còn 190s) ---
2026-04-30 15:49:24,125 -     [P4.2] Pair (77,97) giảm 873 -> BEST = 163496
2026-04-30 15:49:24,143 -   --- Pairwise Iter 105 (còn 179s) ---
2026-04-30 15:49:34,891 -     [P4.2] Pair (77,91) giảm 9 -> BEST = 163487
2026-04-30 15:49:34,908 -   --- Pairwise Iter 106 (còn 168s) ---
2026-04-30 15:49:46,514 -     [P4.2] Pair (24,119) giảm 20 -> BEST = 163467
2026-04-30 15:49:46,532 -   --- Pairwise Iter 107 (còn 157s) ---
2026-04-30 15:49:53,923 -     [P4.2] Pair (24,107) giảm 72 -> BEST = 163395
2026-04-30 15:49:53,953 -   --- Pairwise Iter 108 (còn 149s) ---
2026-04-30 15:50:06,037 -     [P4.2] Pair (24,88) giảm 318 -> BEST = 163077
2026-04-30 15:50:06,060 -   --- Pairwise Iter 109 (còn 137s) ---
2026-04-30 15:50:14,730 -     [P4.2] Pair (24,56) giảm 27 -> BEST = 163050
2026-04-30 15:50:14,747 -   --- Pairwise Iter 110 (còn 129s) ---
2026-04-30 15:50:26,910 -     [P4.2] Pair (43,113) giảm 567 -> BEST = 162483
2026-04-30 15:50:26,934 -   --- Pairwise Iter 111 (còn 116s) ---
2026-04-30 15:50:34,374 -     [P4.2] Pair (43,110) giảm 59 -> BEST = 162424
2026-04-30 15:50:34,399 -   --- Pairwise Iter 112 (còn 109s) ---
2026-04-30 15:50:40,707 -     [P4.2] Pair (91,110) giảm 2 -> BEST = 162422
2026-04-30 15:50:40,736 -   --- Pairwise Iter 113 (còn 103s) ---
2026-04-30 15:51:03,079 -     [P4.2] Pair (77,91) giảm 10 -> BEST = 162412
2026-04-30 15:51:03,100 -   --- Pairwise Iter 114 (còn 80s) ---
2026-04-30 15:51:14,552 -     [P4.2] Pair (77,110) giảm 22 -> BEST = 162390
2026-04-30 15:51:14,571 -   --- Pairwise Iter 115 (còn 69s) ---
2026-04-30 15:51:22,015 -     [P4.2] Pair (43,110) giảm 29 -> BEST = 162361
2026-04-30 15:51:22,035 -   --- Pairwise Iter 116 (còn 61s) ---
2026-04-30 15:51:35,707 -     [P4.2] Pair (78,117) giảm 22 -> BEST = 162339
2026-04-30 15:51:35,729 -   --- Pairwise Iter 117 (còn 48s) ---
2026-04-30 15:51:42,907 -     [P4.2] Pair (79,117) giảm 24 -> BEST = 162315
2026-04-30 15:51:42,930 -   --- Pairwise Iter 118 (còn 40s) ---
2026-04-30 15:51:55,538 -     [P4.2] Pair (78,86) giảm 2 -> BEST = 162313
2026-04-30 15:51:55,565 -   --- Pairwise Iter 119 (còn 28s) ---
2026-04-30 15:52:01,870 -     [P4.2] Pair (73,78) giảm 403 -> BEST = 161910
2026-04-30 15:52:01,889 -   --- Pairwise Iter 120 (còn 21s) ---
2026-04-30 15:52:03,205 -     [P4.2] Pair (78,86) giảm 1 -> BEST = 161909
2026-04-30 15:52:03,224 -   --- Pairwise Iter 121 (còn 20s) ---
2026-04-30 15:52:15,219 -     [P4.2] Pair (27,73) giảm 3 -> BEST = 161906
2026-04-30 15:52:15,237 -   --- Pairwise Iter 122 (còn 8s) ---
2026-04-30 15:52:21,378 -     -> Đã đạt cực trị toàn cục cho mọi cặp dưới ngưỡng. KẾT THÚC CHẶNG 4.
2026-04-30 15:52:21,378 - Hoàn thành trong 1198.1s. Final Cost: 161906
2026-04-30 15:52:21,378 - ======================================================================
2026-04-30 15:52:21,378 - BÁO CÁO TỔNG KẾT (SUMMARY)
2026-04-30 15:52:21,379 - ======================================================================
2026-04-30 15:52:21,379 -   1. Chi phí Clarke-Wright:     220761
2026-04-30 15:52:21,379 -   2. Chi phí sau CPLEX MIP:     161906
2026-04-30 15:52:21,379 -   => TỔNG CẢI THIỆN:            58855
2026-04-30 15:52:21,379 -   => Số lần CPLEX Single cải thiện  : 54 lần
2026-04-30 15:52:21,379 -   => Số lần CPLEX Pairwise cải thiện: 121 lần
2026-04-30 15:52:21,379 -   => TỔNG THỜI GIAN CHẠY:       1203.433s
2026-04-30 15:52:21,384 - ======================================================================
2026-04-30 15:52:21,384 - CPLEX MIP SOLVER  |  FILE: X-n429-k61.vrp
2026-04-30 15:52:21,384 - ======================================================================
2026-04-30 15:52:21,648 - Thông tin dữ liệu: Dimension=429, K=61, Capacity=536
2026-04-30 15:52:21,648 - --- Step 1: Clarke-Wright Heuristic ---
2026-04-30 15:52:26,569 -   Kết quả CW: Cost = 241642, Time = 4.920s
2026-04-30 15:52:26,569 - --- Step 2: Advanced Optimization (CPLEX MIP) ---
2026-04-30 15:52:26,569 - =========================================
2026-04-30 15:52:26,569 - BẮT ĐẦU OPTIMIZE  (100% CPLEX MIP)
2026-04-30 15:52:26,569 -  -> Max Single Size  : 20
2026-04-30 15:52:26,569 -  -> Single Timeout   : 40.0s
2026-04-30 15:52:26,569 -  -> Max Pairwise Size: 24
2026-04-30 15:52:26,569 -  -> Pairwise Timeout : 71.0s
2026-04-30 15:52:26,569 -  -> Global Timeout   : 1200.0s
2026-04-30 15:52:26,569 -  -> Chi phí khởi điểm: 241642
2026-04-30 15:52:26,570 - =========================================
2026-04-30 15:52:26,570 - === BẮT ĐẦU CHẶNG 4: CPLEX MIP CHÍNH XÁC | Cost: 241642 ===
2026-04-30 15:52:26,570 -   [GĐ 4.1] Giải bài toán TSP trên từng tuyến đơn...
2026-04-30 15:52:27,929 -     -> Single CPLEX cải thiện: 87072. Cost mới: 154570
2026-04-30 15:52:27,929 -   [GĐ 4.2] Xét từng cặp tuyến để phân bổ lại khách hàng...
2026-04-30 15:52:27,929 -   --- Pairwise Iter 1 (còn 1199s) ---
2026-04-30 15:53:38,983 -     [P4.2] Pair (26,43) giảm 898 -> BEST = 153672
2026-04-30 15:53:39,027 -   --- Pairwise Iter 2 (còn 1128s) ---
2026-04-30 15:53:48,532 -     [P4.2] Pair (39,50) giảm 423 -> BEST = 153249
2026-04-30 15:53:48,576 -   --- Pairwise Iter 3 (còn 1118s) ---
2026-04-30 15:53:52,010 -     [P4.2] Pair (48,53) giảm 628 -> BEST = 152621
2026-04-30 15:53:52,054 -   --- Pairwise Iter 4 (còn 1115s) ---
2026-04-30 15:54:58,405 -     [P4.2] Pair (24,52) giảm 1149 -> BEST = 151472
2026-04-30 15:54:58,492 -   --- Pairwise Iter 5 (còn 1048s) ---
2026-04-30 15:56:14,939 -     [P4.2] Pair (40,59) giảm 517 -> BEST = 150955
2026-04-30 15:56:15,172 -   --- Pairwise Iter 6 (còn 971s) ---
2026-04-30 15:56:26,871 -     [P4.2] Pair (30,45) giảm 1324 -> BEST = 149631
2026-04-30 15:56:26,917 -   --- Pairwise Iter 7 (còn 960s) ---
2026-04-30 15:56:46,252 -     [P4.2] Pair (11,42) giảm 487 -> BEST = 149144
2026-04-30 15:56:46,303 -   --- Pairwise Iter 8 (còn 940s) ---
2026-04-30 15:57:01,592 -     [P4.2] Pair (29,51) giảm 899 -> BEST = 148245
2026-04-30 15:57:01,647 -   --- Pairwise Iter 9 (còn 925s) ---
2026-04-30 15:57:44,900 -     [P4.2] Pair (47,56) giảm 670 -> BEST = 147575
2026-04-30 15:57:44,962 -   --- Pairwise Iter 10 (còn 882s) ---
2026-04-30 15:59:09,056 -     [P4.2] Pair (17,41) giảm 305 -> BEST = 147270
2026-04-30 15:59:09,099 -   --- Pairwise Iter 11 (còn 797s) ---
2026-04-30 16:00:38,322 -     [P4.2] Pair (23,33) giảm 1207 -> BEST = 146063
2026-04-30 16:00:38,363 -   --- Pairwise Iter 12 (còn 708s) ---
2026-04-30 16:02:18,452 -     [P4.2] Pair (32,57) giảm 1836 -> BEST = 144227
2026-04-30 16:02:18,556 -   --- Pairwise Iter 13 (còn 608s) ---
2026-04-30 16:04:54,314 -     [P4.2] Pair (46,56) giảm 1194 -> BEST = 143033
2026-04-30 16:04:54,429 -   --- Pairwise Iter 14 (còn 452s) ---
2026-04-30 16:06:15,692 -     [P4.2] Pair (46,47) giảm 305 -> BEST = 142728
2026-04-30 16:06:15,798 -   --- Pairwise Iter 15 (còn 371s) ---
2026-04-30 16:07:44,227 -     [P4.2] Pair (0,11) giảm 1242 -> BEST = 141486
2026-04-30 16:07:44,272 -   --- Pairwise Iter 16 (còn 282s) ---
2026-04-30 16:09:21,990 -     [P4.2] Pair (17,49) giảm 21 -> BEST = 141465
2026-04-30 16:09:22,043 -   --- Pairwise Iter 17 (còn 185s) ---
2026-04-30 16:09:30,641 -     [P4.2] Pair (17,41) giảm 580 -> BEST = 140885
2026-04-30 16:09:30,713 -   --- Pairwise Iter 18 (còn 176s) ---
2026-04-30 16:12:15,714 -     [P4.2] Pair (45,58) giảm 943 -> BEST = 139942
2026-04-30 16:12:15,798 -   --- Pairwise Iter 19 (còn 11s) ---
2026-04-30 16:12:24,633 -     -> Đã đạt cực trị toàn cục cho mọi cặp dưới ngưỡng. KẾT THÚC CHẶNG 4.
2026-04-30 16:12:24,633 - Hoàn thành trong 1198.1s. Final Cost: 139942
2026-04-30 16:12:24,633 - ======================================================================
2026-04-30 16:12:24,633 - BÁO CÁO TỔNG KẾT (SUMMARY)
2026-04-30 16:12:24,633 - ======================================================================
2026-04-30 16:12:24,633 -   1. Chi phí Clarke-Wright:     241642
2026-04-30 16:12:24,633 -   2. Chi phí sau CPLEX MIP:     139942
2026-04-30 16:12:24,633 -   => TỔNG CẢI THIỆN:            101700
2026-04-30 16:12:24,633 -   => Số lần CPLEX Single cải thiện  : 61 lần
2026-04-30 16:12:24,633 -   => Số lần CPLEX Pairwise cải thiện: 18 lần
2026-04-30 16:12:24,633 -   => TỔNG THỜI GIAN CHẠY:       1202.984s
2026-04-30 16:12:24,639 - ======================================================================
2026-04-30 16:12:24,639 - CPLEX MIP SOLVER  |  FILE: X-n439-k37.vrp
2026-04-30 16:12:24,639 - ======================================================================
2026-04-30 16:12:24,970 - Thông tin dữ liệu: Dimension=439, K=37, Capacity=12
2026-04-30 16:12:24,970 - --- Step 1: Clarke-Wright Heuristic ---
2026-04-30 16:12:25,384 -   Kết quả CW: Cost = 46271, Time = 0.414s
2026-04-30 16:12:25,385 - --- Step 2: Advanced Optimization (CPLEX MIP) ---
2026-04-30 16:12:25,385 - =========================================
2026-04-30 16:12:25,385 - BẮT ĐẦU OPTIMIZE  (100% CPLEX MIP)
2026-04-30 16:12:25,385 -  -> Max Single Size  : 29
2026-04-30 16:12:25,385 -  -> Single Timeout   : 40.0s
2026-04-30 16:12:25,385 -  -> Max Pairwise Size: 28
2026-04-30 16:12:25,385 -  -> Pairwise Timeout : 119.0s
2026-04-30 16:12:25,385 -  -> Global Timeout   : 1200.0s
2026-04-30 16:12:25,385 -  -> Chi phí khởi điểm: 46271
2026-04-30 16:12:25,385 - =========================================
2026-04-30 16:12:25,385 - === BẮT ĐẦU CHẶNG 4: CPLEX MIP CHÍNH XÁC | Cost: 46271 ===
2026-04-30 16:12:25,385 -   [GĐ 4.1] Giải bài toán TSP trên từng tuyến đơn...
2026-04-30 16:16:08,063 -     -> Single CPLEX cải thiện: 3535. Cost mới: 42736
2026-04-30 16:16:08,064 -   [GĐ 4.2] Xét từng cặp tuyến để phân bổ lại khách hàng...
2026-04-30 16:16:08,064 -   --- Pairwise Iter 1 (còn 977s) ---
2026-04-30 16:18:07,178 -     [P4.2] Pair (29,36) giảm 117 -> BEST = 42619
2026-04-30 16:18:47,359 -   --- Pairwise Iter 2 (còn 818s) ---
2026-04-30 16:22:45,562 -     [P4.2] Pair (13,17) giảm 25 -> BEST = 42594
2026-04-30 16:23:25,581 -       [S-re] Route 13: 1469 → 1467  (−2) | BEST = 42592
2026-04-30 16:23:25,631 -   --- Pairwise Iter 3 (còn 540s) ---
2026-04-30 16:27:23,854 -     [P4.2] Pair (22,28) giảm 116 -> BEST = 42476
2026-04-30 16:27:34,436 -       [S-re] Route 22: 2043 → 2038  (−5) | BEST = 42471
2026-04-30 16:27:34,560 -       [S-re] Route 28: 1302 → 1292  (−10) | BEST = 42461
2026-04-30 16:27:34,560 -   --- Pairwise Iter 4 (còn 291s) ---
2026-04-30 16:31:32,757 -     [P4.2] Pair (29,34) giảm 39 -> BEST = 42422
2026-04-30 16:31:33,418 -   --- Pairwise Iter 5 (còn 52s) ---
2026-04-30 16:32:23,498 -     -> Đã đạt cực trị toàn cục cho mọi cặp dưới ngưỡng. KẾT THÚC CHẶNG 4.
2026-04-30 16:32:23,499 - Hoàn thành trong 1198.1s. Final Cost: 42422
2026-04-30 16:32:23,499 - ======================================================================
2026-04-30 16:32:23,499 - BÁO CÁO TỔNG KẾT (SUMMARY)
2026-04-30 16:32:23,499 - ======================================================================
2026-04-30 16:32:23,499 -   1. Chi phí Clarke-Wright:     46271
2026-04-30 16:32:23,499 -   2. Chi phí sau CPLEX MIP:     42422
2026-04-30 16:32:23,499 -   => TỔNG CẢI THIỆN:            3849
2026-04-30 16:32:23,499 -   => Số lần CPLEX Single cải thiện  : 39 lần
2026-04-30 16:32:23,499 -   => Số lần CPLEX Pairwise cải thiện: 4 lần
2026-04-30 16:32:23,499 -   => TỔNG THỜI GIAN CHẠY:       1198.528s
2026-04-30 16:32:23,504 - ======================================================================
2026-04-30 16:32:23,504 - CPLEX MIP SOLVER  |  FILE: X-n449-k29.vrp
2026-04-30 16:32:23,504 - ======================================================================
2026-04-30 16:32:23,784 - Thông tin dữ liệu: Dimension=449, K=29, Capacity=777
2026-04-30 16:32:23,784 - --- Step 1: Clarke-Wright Heuristic ---
2026-04-30 16:32:24,157 -   Kết quả CW: Cost = 74556, Time = 0.373s
2026-04-30 16:32:24,158 - --- Step 2: Advanced Optimization (CPLEX MIP) ---
2026-04-30 16:32:24,158 - =========================================
2026-04-30 16:32:24,158 - BẮT ĐẦU OPTIMIZE  (100% CPLEX MIP)
2026-04-30 16:32:24,158 -  -> Max Single Size  : 35
2026-04-30 16:32:24,158 -  -> Single Timeout   : 40.0s
2026-04-30 16:32:24,158 -  -> Max Pairwise Size: 28
2026-04-30 16:32:24,158 -  -> Pairwise Timeout : 150.0s
2026-04-30 16:32:24,158 -  -> Global Timeout   : 1200.0s
2026-04-30 16:32:24,158 -  -> Chi phí khởi điểm: 74556
2026-04-30 16:32:24,158 - =========================================
2026-04-30 16:32:24,158 - === BẮT ĐẦU CHẶNG 4: CPLEX MIP CHÍNH XÁC | Cost: 74556 ===
2026-04-30 16:32:24,158 -   [GĐ 4.1] Giải bài toán TSP trên từng tuyến đơn...
2026-04-30 16:47:10,306 -     -> Single CPLEX cải thiện: 8532. Cost mới: 66024
2026-04-30 16:47:10,306 -   [GĐ 4.2] Xét từng cặp tuyến để phân bổ lại khách hàng...
2026-04-30 16:47:10,306 -   --- Pairwise Iter 1 (còn 314s) ---
2026-04-30 16:52:22,255 -     -> Đã đạt cực trị toàn cục cho mọi cặp dưới ngưỡng. KẾT THÚC CHẶNG 4.
2026-04-30 16:52:22,255 - Hoàn thành trong 1198.1s. Final Cost: 66024
2026-04-30 16:52:22,255 - ======================================================================
2026-04-30 16:52:22,255 - BÁO CÁO TỔNG KẾT (SUMMARY)
2026-04-30 16:52:22,256 - ======================================================================
2026-04-30 16:52:22,256 -   1. Chi phí Clarke-Wright:     74556
2026-04-30 16:52:22,256 -   2. Chi phí sau CPLEX MIP:     66024
2026-04-30 16:52:22,256 -   => TỔNG CẢI THIỆN:            8532
2026-04-30 16:52:22,256 -   => Số lần CPLEX Single cải thiện  : 29 lần
2026-04-30 16:52:22,256 -   => Số lần CPLEX Pairwise cải thiện: 0 lần
2026-04-30 16:52:22,256 -   => TỔNG THỜI GIAN CHẠY:       1198.471s
2026-04-30 16:52:22,261 - ======================================================================
2026-04-30 16:52:22,261 - CPLEX MIP SOLVER  |  FILE: X-n459-k26.vrp
2026-04-30 16:52:22,261 - ======================================================================
2026-04-30 16:52:22,546 - Thông tin dữ liệu: Dimension=459, K=26, Capacity=1106
2026-04-30 16:52:22,546 - --- Step 1: Clarke-Wright Heuristic ---
2026-04-30 16:52:22,942 -   Kết quả CW: Cost = 36213, Time = 0.396s
2026-04-30 16:52:22,942 - --- Step 2: Advanced Optimization (CPLEX MIP) ---
2026-04-30 16:52:22,943 - =========================================
2026-04-30 16:52:22,943 - BẮT ĐẦU OPTIMIZE  (100% CPLEX MIP)
2026-04-30 16:52:22,943 -  -> Max Single Size  : 35
2026-04-30 16:52:22,943 -  -> Single Timeout   : 40.0s
2026-04-30 16:52:22,943 -  -> Max Pairwise Size: 28
2026-04-30 16:52:22,943 -  -> Pairwise Timeout : 150.0s
2026-04-30 16:52:22,943 -  -> Global Timeout   : 1200.0s
2026-04-30 16:52:22,943 -  -> Chi phí khởi điểm: 36213
2026-04-30 16:52:22,943 - =========================================
2026-04-30 16:52:22,943 - === BẮT ĐẦU CHẶNG 4: CPLEX MIP CHÍNH XÁC | Cost: 36213 ===
2026-04-30 16:52:22,943 -   [GĐ 4.1] Giải bài toán TSP trên từng tuyến đơn...
2026-04-30 17:03:40,522 -     -> Single CPLEX cải thiện: 3841. Cost mới: 32372
2026-04-30 17:03:40,522 -   [GĐ 4.2] Xét từng cặp tuyến để phân bổ lại khách hàng...
2026-04-30 17:03:40,522 -   --- Pairwise Iter 1 (còn 522s) ---
2026-04-30 17:08:40,779 -     [P4.2] Pair (20,23) giảm 66 -> BEST = 32306
2026-04-30 17:09:20,867 -   --- Pairwise Iter 2 (còn 182s) ---
2026-04-30 17:12:21,053 -     [P4.2] Pair (7,12) giảm 330 -> BEST = 31976
2026-04-30 17:12:21,053 -   --- Pairwise Iter 3 (còn 2s) ---
2026-04-30 17:12:21,073 -     -> Đã đạt cực trị toàn cục cho mọi cặp dưới ngưỡng. KẾT THÚC CHẶNG 4.
2026-04-30 17:12:21,073 - Hoàn thành trong 1198.1s. Final Cost: 31976
2026-04-30 17:12:21,073 - ======================================================================
2026-04-30 17:12:21,073 - BÁO CÁO TỔNG KẾT (SUMMARY)
2026-04-30 17:12:21,073 - ======================================================================
2026-04-30 17:12:21,073 -   1. Chi phí Clarke-Wright:     36213
2026-04-30 17:12:21,073 -   2. Chi phí sau CPLEX MIP:     31976
2026-04-30 17:12:21,074 -   => TỔNG CẢI THIỆN:            4237
2026-04-30 17:12:21,074 -   => Số lần CPLEX Single cải thiện  : 26 lần
2026-04-30 17:12:21,074 -   => Số lần CPLEX Pairwise cải thiện: 2 lần
2026-04-30 17:12:21,074 -   => TỔNG THỜI GIAN CHẠY:       1198.527s
2026-04-30 17:12:21,079 - ======================================================================
2026-04-30 17:12:21,079 - CPLEX MIP SOLVER  |  FILE: X-n469-k138.vrp
2026-04-30 17:12:21,079 - ======================================================================
2026-04-30 17:12:21,401 - Thông tin dữ liệu: Dimension=469, K=138, Capacity=256
2026-04-30 17:12:21,401 - --- Step 1: Clarke-Wright Heuristic ---
2026-04-30 17:22:50,781 - ⚠️ Clarke-Wright kẹt với K giới hạn. Chạy fallback K=999...
2026-04-30 17:22:50,977 -   Kết quả CW: Cost = 242353, Time = 0.180s
2026-04-30 17:22:50,977 - --- Step 2: Advanced Optimization (CPLEX MIP) ---
2026-04-30 17:22:50,977 - =========================================
2026-04-30 17:22:50,977 - BẮT ĐẦU OPTIMIZE  (100% CPLEX MIP)
2026-04-30 17:22:50,977 -  -> Max Single Size  : 20
2026-04-30 17:22:50,977 -  -> Single Timeout   : 40.0s
2026-04-30 17:22:50,977 -  -> Max Pairwise Size: 16
2026-04-30 17:22:50,977 -  -> Pairwise Timeout : 40.0s
2026-04-30 17:22:50,977 -  -> Global Timeout   : 1200.0s
2026-04-30 17:22:50,977 -  -> Chi phí khởi điểm: 242353
2026-04-30 17:22:50,978 - =========================================
2026-04-30 17:22:50,978 - === BẮT ĐẦU CHẶNG 4: CPLEX MIP CHÍNH XÁC | Cost: 242353 ===
2026-04-30 17:22:50,978 -   [GĐ 4.1] Giải bài toán TSP trên từng tuyến đơn...
2026-04-30 17:22:52,368 -     -> Single CPLEX cải thiện: 597. Cost mới: 241756
2026-04-30 17:22:52,368 -   [GĐ 4.2] Xét từng cặp tuyến để phân bổ lại khách hàng...
2026-04-30 17:22:52,368 -   --- Pairwise Iter 1 (còn 1199s) ---
2026-04-30 17:22:52,454 -     [P4.2] Pair (130,152) giảm 2 -> BEST = 241754
2026-04-30 17:22:52,474 -   --- Pairwise Iter 2 (còn 1199s) ---
2026-04-30 17:22:52,750 -     [P4.2] Pair (55,95) giảm 18 -> BEST = 241736
2026-04-30 17:22:52,768 -   --- Pairwise Iter 3 (còn 1198s) ---
2026-04-30 17:22:53,056 -     [P4.2] Pair (62,125) giảm 26 -> BEST = 241710
2026-04-30 17:22:53,074 -   --- Pairwise Iter 4 (còn 1198s) ---
2026-04-30 17:22:53,371 -     [P4.2] Pair (31,56) giảm 8 -> BEST = 241702
2026-04-30 17:22:53,389 -   --- Pairwise Iter 5 (còn 1198s) ---
2026-04-30 17:22:53,695 -     [P4.2] Pair (55,122) giảm 8 -> BEST = 241694
2026-04-30 17:22:53,713 -   --- Pairwise Iter 6 (còn 1197s) ---
2026-04-30 17:22:54,030 -     [P4.2] Pair (37,68) giảm 1 -> BEST = 241693
2026-04-30 17:22:54,048 -   --- Pairwise Iter 7 (còn 1197s) ---
2026-04-30 17:22:54,373 -     [P4.2] Pair (74,146) giảm 1 -> BEST = 241692
2026-04-30 17:22:54,389 -   --- Pairwise Iter 8 (còn 1197s) ---
2026-04-30 17:22:54,946 -     [P4.2] Pair (54,108) giảm 26 -> BEST = 241666
2026-04-30 17:22:54,964 -   --- Pairwise Iter 9 (còn 1196s) ---
2026-04-30 17:22:55,507 -     [P4.2] Pair (0,17) giảm 10 -> BEST = 241656
2026-04-30 17:22:55,525 -   --- Pairwise Iter 10 (còn 1195s) ---
2026-04-30 17:22:56,109 -     [P4.2] Pair (11,30) giảm 50 -> BEST = 241606
2026-04-30 17:22:56,126 -   --- Pairwise Iter 11 (còn 1195s) ---
2026-04-30 17:22:56,732 -     [P4.2] Pair (26,57) giảm 35 -> BEST = 241571
2026-04-30 17:22:56,748 -   --- Pairwise Iter 12 (còn 1194s) ---
2026-04-30 17:22:57,627 -     [P4.2] Pair (34,132) giảm 44 -> BEST = 241527
2026-04-30 17:22:57,649 -   --- Pairwise Iter 13 (còn 1193s) ---
2026-04-30 17:22:58,621 -     [P4.2] Pair (14,97) giảm 1 -> BEST = 241526
2026-04-30 17:22:58,645 -   --- Pairwise Iter 14 (còn 1192s) ---
2026-04-30 17:22:59,648 -     [P4.2] Pair (36,88) giảm 3 -> BEST = 241523
2026-04-30 17:22:59,671 -   --- Pairwise Iter 15 (còn 1191s) ---
2026-04-30 17:23:00,736 -     [P4.2] Pair (51,63) giảm 18 -> BEST = 241505
2026-04-30 17:23:00,759 -   --- Pairwise Iter 16 (còn 1190s) ---
2026-04-30 17:23:01,788 -     [P4.2] Pair (110,146) giảm 6 -> BEST = 241499
2026-04-30 17:23:01,804 -   --- Pairwise Iter 17 (còn 1189s) ---
2026-04-30 17:23:02,927 -     [P4.2] Pair (42,126) giảm 7 -> BEST = 241492
2026-04-30 17:23:02,944 -   --- Pairwise Iter 18 (còn 1188s) ---
2026-04-30 17:23:04,491 -     [P4.2] Pair (37,113) giảm 5 -> BEST = 241487
2026-04-30 17:23:04,509 -   --- Pairwise Iter 19 (còn 1186s) ---
2026-04-30 17:23:06,005 -     [P4.2] Pair (45,120) giảm 16 -> BEST = 241471
2026-04-30 17:23:06,023 -   --- Pairwise Iter 20 (còn 1185s) ---
2026-04-30 17:23:07,624 -     [P4.2] Pair (7,73) giảm 11 -> BEST = 241460
2026-04-30 17:23:07,642 -   --- Pairwise Iter 21 (còn 1183s) ---
2026-04-30 17:23:09,473 -     [P4.2] Pair (10,110) giảm 9 -> BEST = 241451
2026-04-30 17:23:09,491 -   --- Pairwise Iter 22 (còn 1181s) ---
2026-04-30 17:23:09,892 -     [P4.2] Pair (10,74) giảm 37 -> BEST = 241414
2026-04-30 17:23:09,910 -   --- Pairwise Iter 23 (còn 1181s) ---
2026-04-30 17:23:10,930 -     [P4.2] Pair (74,146) giảm 8 -> BEST = 241406
2026-04-30 17:23:10,946 -   --- Pairwise Iter 24 (còn 1180s) ---
2026-04-30 17:23:13,134 -     [P4.2] Pair (37,68) giảm 4 -> BEST = 241402
2026-04-30 17:23:13,151 -   --- Pairwise Iter 25 (còn 1178s) ---
2026-04-30 17:23:13,749 -     [P4.2] Pair (37,113) giảm 1 -> BEST = 241401
2026-04-30 17:23:13,766 -   --- Pairwise Iter 26 (còn 1177s) ---
2026-04-30 17:23:16,467 -     [P4.2] Pair (0,92) giảm 2 -> BEST = 241399
2026-04-30 17:23:16,484 -   --- Pairwise Iter 27 (còn 1174s) ---
2026-04-30 17:23:16,929 -     [P4.2] Pair (0,17) giảm 43 -> BEST = 241356
2026-04-30 17:23:16,948 -   --- Pairwise Iter 28 (còn 1174s) ---
2026-04-30 17:23:19,690 -     [P4.2] Pair (73,79) giảm 3 -> BEST = 241353
2026-04-30 17:23:19,707 -   --- Pairwise Iter 29 (còn 1171s) ---
2026-04-30 17:23:22,850 -     [P4.2] Pair (98,124) giảm 5 -> BEST = 241348
2026-04-30 17:23:22,869 -   --- Pairwise Iter 30 (còn 1168s) ---
2026-04-30 17:23:26,639 -     [P4.2] Pair (94,109) giảm 9 -> BEST = 241339
2026-04-30 17:23:26,657 -   --- Pairwise Iter 31 (còn 1164s) ---
2026-04-30 17:23:30,929 -     [P4.2] Pair (78,91) giảm 25 -> BEST = 241314
2026-04-30 17:23:30,948 -   --- Pairwise Iter 32 (còn 1160s) ---
2026-04-30 17:23:35,267 -     [P4.2] Pair (85,128) giảm 19 -> BEST = 241295
2026-04-30 17:23:35,286 -   --- Pairwise Iter 33 (còn 1156s) ---
2026-04-30 17:23:39,564 -     [P4.2] Pair (11,112) giảm 36 -> BEST = 241259
2026-04-30 17:23:39,583 -   --- Pairwise Iter 34 (còn 1151s) ---
2026-04-30 17:23:44,452 -     [P4.2] Pair (6,33) giảm 3 -> BEST = 241256
2026-04-30 17:23:44,470 -   --- Pairwise Iter 35 (còn 1147s) ---
2026-04-30 17:23:50,279 -     [P4.2] Pair (0,135) giảm 4 -> BEST = 241252
2026-04-30 17:23:50,297 -   --- Pairwise Iter 36 (còn 1141s) ---
2026-04-30 17:23:56,529 -     [P4.2] Pair (70,116) giảm 61 -> BEST = 241191
2026-04-30 17:23:56,548 -   --- Pairwise Iter 37 (còn 1134s) ---
2026-04-30 17:24:03,990 -     [P4.2] Pair (22,93) giảm 10 -> BEST = 241181
2026-04-30 17:24:04,015 -   --- Pairwise Iter 38 (còn 1127s) ---
2026-04-30 17:24:08,267 -     [P4.2] Pair (22,91) giảm 15 -> BEST = 241166
2026-04-30 17:24:08,286 -   --- Pairwise Iter 39 (còn 1123s) ---
2026-04-30 17:24:13,094 -     [P4.2] Pair (22,131) giảm 14 -> BEST = 241152
2026-04-30 17:24:13,119 -   --- Pairwise Iter 40 (còn 1118s) ---
2026-04-30 17:24:15,354 -     [P4.2] Pair (78,131) giảm 4 -> BEST = 241148
2026-04-30 17:24:15,373 -   --- Pairwise Iter 41 (còn 1116s) ---
2026-04-30 17:24:19,835 -     [P4.2] Pair (78,91) giảm 14 -> BEST = 241134
2026-04-30 17:24:19,855 -   --- Pairwise Iter 42 (còn 1111s) ---
2026-04-30 17:24:24,510 -     [P4.2] Pair (91,131) giảm 32 -> BEST = 241102
2026-04-30 17:24:24,528 -   --- Pairwise Iter 43 (còn 1106s) ---
2026-04-30 17:24:31,345 -     [P4.2] Pair (78,105) giảm 27 -> BEST = 241075
2026-04-30 17:24:31,365 -   --- Pairwise Iter 44 (còn 1100s) ---
2026-04-30 17:24:38,233 -     [P4.2] Pair (22,78) giảm 10 -> BEST = 241065
2026-04-30 17:24:38,253 -   --- Pairwise Iter 45 (còn 1093s) ---
2026-04-30 17:24:46,105 -     [P4.2] Pair (33,108) giảm 3 -> BEST = 241062
2026-04-30 17:24:46,125 -   --- Pairwise Iter 46 (còn 1085s) ---
2026-04-30 17:24:54,058 -     [P4.2] Pair (146,149) giảm 38 -> BEST = 241024
2026-04-30 17:24:54,106 -   --- Pairwise Iter 47 (còn 1077s) ---
2026-04-30 17:25:03,647 -     [P4.2] Pair (119,136) giảm 15 -> BEST = 241009
2026-04-30 17:25:03,663 -   --- Pairwise Iter 48 (còn 1067s) ---
2026-04-30 17:25:10,737 -     [P4.2] Pair (103,136) giảm 8 -> BEST = 241001
2026-04-30 17:25:10,754 -   --- Pairwise Iter 49 (còn 1060s) ---
2026-04-30 17:25:20,501 -     [P4.2] Pair (87,131) giảm 44 -> BEST = 240957
2026-04-30 17:25:20,520 -   --- Pairwise Iter 50 (còn 1050s) ---
2026-04-30 17:25:29,785 -     [P4.2] Pair (83,131) giảm 4 -> BEST = 240953
2026-04-30 17:25:29,802 -   --- Pairwise Iter 51 (còn 1041s) ---
2026-04-30 17:25:33,799 -     [P4.2] Pair (83,133) giảm 31 -> BEST = 240922
2026-04-30 17:25:33,816 -   --- Pairwise Iter 52 (còn 1037s) ---
2026-04-30 17:25:36,359 -     [P4.2] Pair (83,106) giảm 3 -> BEST = 240919
2026-04-30 17:25:36,375 -   --- Pairwise Iter 53 (còn 1035s) ---
2026-04-30 17:25:47,079 -     [P4.2] Pair (56,83) giảm 48 -> BEST = 240871
2026-04-30 17:25:47,101 -   --- Pairwise Iter 54 (còn 1024s) ---
2026-04-30 17:25:48,985 -     [P4.2] Pair (31,83) giảm 27 -> BEST = 240844
2026-04-30 17:25:49,001 -   --- Pairwise Iter 55 (còn 1022s) ---
2026-04-30 17:25:57,239 -     [P4.2] Pair (83,86) giảm 25 -> BEST = 240819
2026-04-30 17:25:57,255 -   --- Pairwise Iter 56 (còn 1014s) ---
2026-04-30 17:25:58,480 -     [P4.2] Pair (83,119) giảm 24 -> BEST = 240795
2026-04-30 17:25:58,498 -   --- Pairwise Iter 57 (còn 1012s) ---
2026-04-30 17:26:09,100 -     [P4.2] Pair (62,138) giảm 50 -> BEST = 240745
2026-04-30 17:26:09,117 -   --- Pairwise Iter 58 (còn 1002s) ---
2026-04-30 17:26:19,678 -     [P4.2] Pair (73,81) giảm 15 -> BEST = 240730
2026-04-30 17:26:19,695 -   --- Pairwise Iter 59 (còn 991s) ---
2026-04-30 17:26:19,861 -     [P4.2] Pair (35,81) giảm 36 -> BEST = 240694
2026-04-30 17:26:19,882 -   --- Pairwise Iter 60 (còn 991s) ---
2026-04-30 17:26:30,431 -     [P4.2] Pair (60,109) giảm 50 -> BEST = 240644
2026-04-30 17:26:30,446 -   --- Pairwise Iter 61 (còn 981s) ---
2026-04-30 17:26:39,312 -     [P4.2] Pair (63,109) giảm 32 -> BEST = 240612
2026-04-30 17:26:39,327 -   --- Pairwise Iter 62 (còn 972s) ---
2026-04-30 17:26:45,607 -     [P4.2] Pair (42,63) giảm 52 -> BEST = 240560
2026-04-30 17:26:45,623 -   --- Pairwise Iter 63 (còn 965s) ---
2026-04-30 17:26:49,592 -     [P4.2] Pair (63,121) giảm 8 -> BEST = 240552
2026-04-30 17:26:49,610 -   --- Pairwise Iter 64 (còn 961s) ---
2026-04-30 17:26:58,662 -     [P4.2] Pair (42,82) giảm 69 -> BEST = 240483
2026-04-30 17:26:58,671 -   --- Pairwise Iter 65 (còn 952s) ---
2026-04-30 17:27:04,187 -     [P4.2] Pair (42,51) giảm 4 -> BEST = 240479
2026-04-30 17:27:04,204 -   --- Pairwise Iter 66 (còn 947s) ---
2026-04-30 17:27:15,136 -     [P4.2] Pair (125,138) giảm 11 -> BEST = 240468
2026-04-30 17:27:15,154 -   --- Pairwise Iter 67 (còn 936s) ---
2026-04-30 17:27:26,407 -     [P4.2] Pair (96,124) giảm 15 -> BEST = 240453
2026-04-30 17:27:26,431 -   --- Pairwise Iter 68 (còn 925s) ---
2026-04-30 17:27:33,755 -     [P4.2] Pair (110,124) giảm 15 -> BEST = 240438
2026-04-30 17:27:33,774 -   --- Pairwise Iter 69 (còn 917s) ---
2026-04-30 17:27:36,767 -     [P4.2] Pair (124,149) giảm 66 -> BEST = 240372
2026-04-30 17:27:36,786 -   --- Pairwise Iter 70 (còn 914s) ---
2026-04-30 17:27:43,017 -     [P4.2] Pair (74,124) giảm 5 -> BEST = 240367
2026-04-30 17:27:43,034 -   --- Pairwise Iter 71 (còn 908s) ---
2026-04-30 17:27:48,493 -     [P4.2] Pair (104,124) giảm 53 -> BEST = 240314
2026-04-30 17:27:48,508 -   --- Pairwise Iter 72 (còn 902s) ---
2026-04-30 17:27:54,440 -     [P4.2] Pair (104,153) giảm 14 -> BEST = 240300
2026-04-30 17:27:54,456 -   --- Pairwise Iter 73 (còn 897s) ---
2026-04-30 17:28:00,674 -     [P4.2] Pair (74,124) giảm 1 -> BEST = 240299
2026-04-30 17:28:00,697 -   --- Pairwise Iter 74 (còn 890s) ---
2026-04-30 17:28:10,662 -     [P4.2] Pair (10,124) giảm 56 -> BEST = 240243
2026-04-30 17:28:10,679 -   --- Pairwise Iter 75 (còn 880s) ---
2026-04-30 17:28:21,926 -     [P4.2] Pair (124,146) giảm 8 -> BEST = 240235
2026-04-30 17:28:21,943 -   --- Pairwise Iter 76 (còn 869s) ---
2026-04-30 17:28:33,879 -     [P4.2] Pair (10,134) giảm 103 -> BEST = 240132
2026-04-30 17:28:33,897 -   --- Pairwise Iter 77 (còn 857s) ---
2026-04-30 17:28:46,705 -     [P4.2] Pair (52,70) giảm 50 -> BEST = 240082
2026-04-30 17:28:46,722 -   --- Pairwise Iter 78 (còn 844s) ---
2026-04-30 17:28:57,109 -     [P4.2] Pair (52,59) giảm 15 -> BEST = 240067
2026-04-30 17:28:57,124 -   --- Pairwise Iter 79 (còn 834s) ---
2026-04-30 17:29:12,973 -     [P4.2] Pair (10,97) giảm 34 -> BEST = 240033
2026-04-30 17:29:12,991 -   --- Pairwise Iter 80 (còn 818s) ---
2026-04-30 17:29:15,249 -     [P4.2] Pair (14,97) giảm 1 -> BEST = 240032
2026-04-30 17:29:15,266 -   --- Pairwise Iter 81 (còn 816s) ---
2026-04-30 17:29:15,347 -     [P4.2] Pair (97,134) giảm 1 -> BEST = 240031
2026-04-30 17:29:15,366 -   --- Pairwise Iter 82 (còn 816s) ---
2026-04-30 17:29:31,798 -     [P4.2] Pair (45,111) giảm 8 -> BEST = 240023
2026-04-30 17:29:31,815 -   --- Pairwise Iter 83 (còn 799s) ---
2026-04-30 17:29:48,612 -     [P4.2] Pair (10,137) giảm 24 -> BEST = 239999
2026-04-30 17:29:48,629 -   --- Pairwise Iter 84 (còn 782s) ---
2026-04-30 17:29:55,799 -     [P4.2] Pair (10,104) giảm 20 -> BEST = 239979
2026-04-30 17:29:55,817 -   --- Pairwise Iter 85 (còn 775s) ---
2026-04-30 17:30:04,868 -     [P4.2] Pair (104,153) giảm 44 -> BEST = 239935
2026-04-30 17:30:04,884 -   --- Pairwise Iter 86 (còn 766s) ---
2026-04-30 17:30:05,781 -     [P4.2] Pair (10,104) giảm 3 -> BEST = 239932
2026-04-30 17:30:05,801 -   --- Pairwise Iter 87 (còn 765s) ---
2026-04-30 17:30:21,925 -     [P4.2] Pair (30,153) giảm 34 -> BEST = 239898
2026-04-30 17:30:21,946 -   --- Pairwise Iter 88 (còn 749s) ---
2026-04-30 17:30:37,443 -     [P4.2] Pair (113,153) giảm 96 -> BEST = 239802
2026-04-30 17:30:37,459 -   --- Pairwise Iter 89 (còn 734s) ---
2026-04-30 17:30:53,606 -     [P4.2] Pair (85,153) giảm 28 -> BEST = 239774
2026-04-30 17:30:53,621 -   --- Pairwise Iter 90 (còn 717s) ---
2026-04-30 17:31:01,004 -     [P4.2] Pair (128,153) giảm 60 -> BEST = 239714
2026-04-30 17:31:01,014 -   --- Pairwise Iter 91 (còn 710s) ---
2026-04-30 17:31:04,328 -     [P4.2] Pair (44,128) giảm 38 -> BEST = 239676
2026-04-30 17:31:04,336 -   --- Pairwise Iter 92 (còn 707s) ---
2026-04-30 17:31:23,008 -     [P4.2] Pair (52,84) giảm 17 -> BEST = 239659
2026-04-30 17:31:23,025 -   --- Pairwise Iter 93 (còn 688s) ---
2026-04-30 17:31:24,015 -     [P4.2] Pair (12,52) giảm 56 -> BEST = 239603
2026-04-30 17:31:24,030 -   --- Pairwise Iter 94 (còn 687s) ---
2026-04-30 17:31:25,178 -     [P4.2] Pair (52,84) giảm 1 -> BEST = 239602
2026-04-30 17:31:25,201 -   --- Pairwise Iter 95 (còn 686s) ---
2026-04-30 17:31:31,864 -     [P4.2] Pair (77,84) giảm 42 -> BEST = 239560
2026-04-30 17:31:31,879 -   --- Pairwise Iter 96 (còn 679s) ---
2026-04-30 17:31:39,336 -     [P4.2] Pair (43,77) giảm 58 -> BEST = 239502
2026-04-30 17:31:39,352 -   --- Pairwise Iter 97 (còn 672s) ---
2026-04-30 17:31:49,671 -     [P4.2] Pair (45,77) giảm 26 -> BEST = 239476
2026-04-30 17:31:49,686 -   --- Pairwise Iter 98 (còn 661s) ---
2026-04-30 17:31:54,792 -     [P4.2] Pair (77,120) giảm 5 -> BEST = 239471
2026-04-30 17:31:54,810 -   --- Pairwise Iter 99 (còn 656s) ---
2026-04-30 17:31:56,356 -     [P4.2] Pair (45,77) giảm 84 -> BEST = 239387
2026-04-30 17:31:56,372 -   --- Pairwise Iter 100 (còn 655s) ---
2026-04-30 17:32:02,349 -     [P4.2] Pair (45,90) giảm 73 -> BEST = 239314
2026-04-30 17:32:02,365 -   --- Pairwise Iter 101 (còn 649s) ---
2026-04-30 17:32:11,641 -     [P4.2] Pair (90,111) giảm 6 -> BEST = 239308
2026-04-30 17:32:11,656 -   --- Pairwise Iter 102 (còn 639s) ---
2026-04-30 17:32:31,597 -     [P4.2] Pair (10,30) giảm 40 -> BEST = 239268
2026-04-30 17:32:31,612 -   --- Pairwise Iter 103 (còn 619s) ---
2026-04-30 17:32:47,701 -     [P4.2] Pair (10,113) giảm 6 -> BEST = 239262
2026-04-30 17:32:47,716 -   --- Pairwise Iter 104 (còn 603s) ---
2026-04-30 17:33:07,101 -     [P4.2] Pair (10,94) giảm 48 -> BEST = 239214
2026-04-30 17:33:07,118 -   --- Pairwise Iter 105 (còn 584s) ---
2026-04-30 17:33:14,888 -     [P4.2] Pair (60,94) giảm 21 -> BEST = 239193
2026-04-30 17:33:14,905 -   --- Pairwise Iter 106 (còn 576s) ---
2026-04-30 17:33:33,930 -     [P4.2] Pair (42,60) giảm 30 -> BEST = 239163
2026-04-30 17:33:33,949 -   --- Pairwise Iter 107 (còn 557s) ---
2026-04-30 17:33:34,557 -     [P4.2] Pair (42,51) giảm 83 -> BEST = 239080
2026-04-30 17:33:34,572 -   --- Pairwise Iter 108 (còn 556s) ---
2026-04-30 17:33:58,649 -     [P4.2] Pair (46,149) giảm 17 -> BEST = 239063
2026-04-30 17:33:58,667 -   --- Pairwise Iter 109 (còn 532s) ---
2026-04-30 17:34:09,023 -     [P4.2] Pair (46,74) giảm 21 -> BEST = 239042
2026-04-30 17:34:09,040 -   --- Pairwise Iter 110 (còn 522s) ---
2026-04-30 17:34:22,962 -     [P4.2] Pair (46,97) giảm 80 -> BEST = 238962
2026-04-30 17:34:22,978 -   --- Pairwise Iter 111 (còn 508s) ---
2026-04-30 17:34:23,037 -     [P4.2] Pair (46,134) giảm 83 -> BEST = 238879
2026-04-30 17:34:23,055 -   --- Pairwise Iter 112 (còn 508s) ---
2026-04-30 17:34:23,286 -     [P4.2] Pair (97,124) giảm 1 -> BEST = 238878
2026-04-30 17:34:23,303 -   --- Pairwise Iter 113 (còn 508s) ---
2026-04-30 17:34:34,349 -     [P4.2] Pair (14,46) giảm 10 -> BEST = 238868
2026-04-30 17:34:34,365 -   --- Pairwise Iter 114 (còn 497s) ---
2026-04-30 17:34:50,233 -     [P4.2] Pair (46,137) giảm 59 -> BEST = 238809
2026-04-30 17:34:50,250 -   --- Pairwise Iter 115 (còn 481s) ---
2026-04-30 17:35:01,830 -     [P4.2] Pair (46,113) giảm 61 -> BEST = 238748
2026-04-30 17:35:01,847 -   --- Pairwise Iter 116 (còn 469s) ---
2026-04-30 17:35:02,043 -     [P4.2] Pair (46,68) giảm 6 -> BEST = 238742
2026-04-30 17:35:02,059 -   --- Pairwise Iter 117 (còn 469s) ---
2026-04-30 17:35:04,936 -     [P4.2] Pair (37,68) giảm 9 -> BEST = 238733
2026-04-30 17:35:04,952 -   --- Pairwise Iter 118 (còn 466s) ---
2026-04-30 17:35:31,475 -     [P4.2] Pair (65,100) giảm 24 -> BEST = 238709
2026-04-30 17:35:31,491 -   --- Pairwise Iter 119 (còn 439s) ---
2026-04-30 17:35:44,108 -     [P4.2] Pair (65,103) giảm 2 -> BEST = 238707
2026-04-30 17:35:44,124 -   --- Pairwise Iter 120 (còn 427s) ---
2026-04-30 17:35:50,964 -     [P4.2] Pair (65,83) giảm 16 -> BEST = 238691
2026-04-30 17:35:50,982 -   --- Pairwise Iter 121 (còn 420s) ---
2026-04-30 17:36:06,398 -     [P4.2] Pair (83,136) giảm 12 -> BEST = 238679
2026-04-30 17:36:06,413 -   --- Pairwise Iter 122 (còn 405s) ---
2026-04-30 17:36:13,020 -     [P4.2] Pair (89,136) giảm 11 -> BEST = 238668
2026-04-30 17:36:13,035 -   --- Pairwise Iter 123 (còn 398s) ---
2026-04-30 17:36:13,520 -     [P4.2] Pair (99,136) giảm 16 -> BEST = 238652
2026-04-30 17:36:13,535 -   --- Pairwise Iter 124 (còn 397s) ---
2026-04-30 17:36:23,679 -     [P4.2] Pair (99,114) giảm 14 -> BEST = 238638
2026-04-30 17:36:23,702 -   --- Pairwise Iter 125 (còn 387s) ---
2026-04-30 17:36:38,043 -     [P4.2] Pair (32,99) giảm 1 -> BEST = 238637
2026-04-30 17:36:38,060 -   --- Pairwise Iter 126 (còn 373s) ---
2026-04-30 17:36:39,780 -     [P4.2] Pair (99,114) giảm 17 -> BEST = 238620
2026-04-30 17:36:39,795 -   --- Pairwise Iter 127 (còn 371s) ---
2026-04-30 17:37:01,902 -     [P4.2] Pair (89,103) giảm 30 -> BEST = 238590
2026-04-30 17:37:01,917 -   --- Pairwise Iter 128 (còn 349s) ---
2026-04-30 17:37:02,039 -     [P4.2] Pair (89,136) giảm 103 -> BEST = 238487
2026-04-30 17:37:02,055 -   --- Pairwise Iter 129 (còn 349s) ---
2026-04-30 17:37:03,375 -     [P4.2] Pair (32,136) giảm 27 -> BEST = 238460
2026-04-30 17:37:03,392 -   --- Pairwise Iter 130 (còn 348s) ---
2026-04-30 17:37:05,623 -     [P4.2] Pair (60,136) giảm 10 -> BEST = 238450
2026-04-30 17:37:05,639 -   --- Pairwise Iter 131 (còn 345s) ---
2026-04-30 17:37:09,430 -     [P4.2] Pair (99,136) giảm 24 -> BEST = 238426
2026-04-30 17:37:09,454 -   --- Pairwise Iter 132 (còn 342s) ---
2026-04-30 17:37:17,782 -     [P4.2] Pair (23,99) giảm 8 -> BEST = 238418
2026-04-30 17:37:17,800 -   --- Pairwise Iter 133 (còn 333s) ---
2026-04-30 17:37:20,107 -     [P4.2] Pair (60,99) giảm 1 -> BEST = 238417
2026-04-30 17:37:20,118 -   --- Pairwise Iter 134 (còn 331s) ---
2026-04-30 17:37:24,616 -     [P4.2] Pair (11,23) giảm 6 -> BEST = 238411
2026-04-30 17:37:24,634 -   --- Pairwise Iter 135 (còn 326s) ---
2026-04-30 17:37:27,962 -     [P4.2] Pair (11,112) giảm 51 -> BEST = 238360
2026-04-30 17:37:27,981 -   --- Pairwise Iter 136 (còn 323s) ---
2026-04-30 17:37:38,201 -     [P4.2] Pair (32,112) giảm 2 -> BEST = 238358
2026-04-30 17:37:38,219 -   --- Pairwise Iter 137 (còn 313s) ---
2026-04-30 17:37:57,248 -     [P4.2] Pair (41,60) giảm 4 -> BEST = 238354
2026-04-30 17:37:57,257 -   --- Pairwise Iter 138 (còn 294s) ---
2026-04-30 17:38:07,913 -     [P4.2] Pair (41,94) giảm 38 -> BEST = 238316
2026-04-30 17:38:07,932 -   --- Pairwise Iter 139 (còn 283s) ---
2026-04-30 17:38:20,782 -     [P4.2] Pair (60,153) giảm 1 -> BEST = 238315
2026-04-30 17:38:20,798 -   --- Pairwise Iter 140 (còn 270s) ---
2026-04-30 17:38:28,472 -     [P4.2] Pair (60,128) giảm 40 -> BEST = 238275
2026-04-30 17:38:28,482 -   --- Pairwise Iter 141 (còn 262s) ---
2026-04-30 17:38:57,368 -     [P4.2] Pair (18,87) giảm 1 -> BEST = 238274
2026-04-30 17:38:57,386 -   --- Pairwise Iter 142 (còn 234s) ---
2026-04-30 17:39:04,947 -     [P4.2] Pair (18,24) giảm 11 -> BEST = 238263
2026-04-30 17:39:04,964 -   --- Pairwise Iter 143 (còn 226s) ---
2026-04-30 17:39:31,925 -     [P4.2] Pair (18,131) giảm 45 -> BEST = 238218
2026-04-30 17:39:31,942 -   --- Pairwise Iter 144 (còn 199s) ---
2026-04-30 17:39:36,814 -     [P4.2] Pair (131,133) giảm 8 -> BEST = 238210
2026-04-30 17:39:36,830 -   --- Pairwise Iter 145 (còn 194s) ---
2026-04-30 17:39:43,692 -     [P4.2] Pair (106,131) giảm 27 -> BEST = 238183
2026-04-30 17:39:43,709 -   --- Pairwise Iter 146 (còn 187s) ---
2026-04-30 17:39:46,743 -     [P4.2] Pair (56,131) giảm 18 -> BEST = 238165
2026-04-30 17:39:46,760 -   --- Pairwise Iter 147 (còn 184s) ---
2026-04-30 17:40:00,389 -     [P4.2] Pair (56,86) giảm 12 -> BEST = 238153
2026-04-30 17:40:00,407 -   --- Pairwise Iter 148 (còn 171s) ---
2026-04-30 17:40:01,550 -     [P4.2] Pair (56,119) giảm 81 -> BEST = 238072
2026-04-30 17:40:01,566 -   --- Pairwise Iter 149 (còn 169s) ---
2026-04-30 17:40:13,305 -     [P4.2] Pair (83,119) giảm 39 -> BEST = 238033
2026-04-30 17:40:13,321 -   --- Pairwise Iter 150 (còn 158s) ---
2026-04-30 17:40:14,968 -     [P4.2] Pair (65,83) giảm 10 -> BEST = 238023
2026-04-30 17:40:14,985 -   --- Pairwise Iter 151 (còn 156s) ---
2026-04-30 17:40:33,792 -     [P4.2] Pair (86,106) giảm 7 -> BEST = 238016
2026-04-30 17:40:33,811 -   --- Pairwise Iter 152 (còn 137s) ---
2026-04-30 17:40:42,896 -     [P4.2] Pair (56,86) giảm 109 -> BEST = 237907
2026-04-30 17:40:42,914 -   --- Pairwise Iter 153 (còn 128s) ---
2026-04-30 17:40:43,190 -     [P4.2] Pair (31,86) giảm 21 -> BEST = 237886
2026-04-30 17:40:43,208 -   --- Pairwise Iter 154 (còn 128s) ---
2026-04-30 17:41:01,670 -     [P4.2] Pair (89,119) giảm 39 -> BEST = 237847
2026-04-30 17:41:01,686 -   --- Pairwise Iter 155 (còn 109s) ---
2026-04-30 17:41:16,497 -     [P4.2] Pair (112,119) giảm 4 -> BEST = 237843
2026-04-30 17:41:16,517 -   --- Pairwise Iter 156 (còn 94s) ---
2026-04-30 17:41:17,655 -     [P4.2] Pair (32,112) giảm 16 -> BEST = 237827
2026-04-30 17:41:17,674 -   --- Pairwise Iter 157 (còn 93s) ---
2026-04-30 17:41:22,766 -     [P4.2] Pair (23,112) giảm 5 -> BEST = 237822
2026-04-30 17:41:22,782 -   --- Pairwise Iter 158 (còn 88s) ---
2026-04-30 17:41:37,070 -     [P4.2] Pair (11,32) giảm 3 -> BEST = 237819
2026-04-30 17:41:37,087 -   --- Pairwise Iter 159 (còn 74s) ---
2026-04-30 17:41:52,503 -     [P4.2] Pair (99,112) giảm 21 -> BEST = 237798
2026-04-30 17:41:52,521 -   --- Pairwise Iter 160 (còn 58s) ---
2026-04-30 17:41:55,115 -     [P4.2] Pair (41,112) giảm 19 -> BEST = 237779
2026-04-30 17:41:55,132 -   --- Pairwise Iter 161 (còn 56s) ---
2026-04-30 17:41:56,344 -     [P4.2] Pair (112,153) giảm 6 -> BEST = 237773
2026-04-30 17:41:56,361 -   --- Pairwise Iter 162 (còn 55s) ---
2026-04-30 17:41:57,616 -     [P4.2] Pair (41,99) giảm 1 -> BEST = 237772
2026-04-30 17:41:57,633 -   --- Pairwise Iter 163 (còn 53s) ---
2026-04-30 17:42:00,301 -     [P4.2] Pair (60,112) giảm 12 -> BEST = 237760
2026-04-30 17:42:00,317 -   --- Pairwise Iter 164 (còn 51s) ---
2026-04-30 17:42:04,223 -     [P4.2] Pair (41,136) giảm 7 -> BEST = 237753
2026-04-30 17:42:04,247 -   --- Pairwise Iter 165 (còn 47s) ---
2026-04-30 17:42:05,550 -     [P4.2] Pair (41,99) giảm 22 -> BEST = 237731
2026-04-30 17:42:05,568 -   --- Pairwise Iter 166 (còn 45s) ---
2026-04-30 17:42:08,358 -     [P4.2] Pair (136,153) giảm 50 -> BEST = 237681
2026-04-30 17:42:08,376 -   --- Pairwise Iter 167 (còn 43s) ---
2026-04-30 17:42:16,290 -     [P4.2] Pair (94,112) giảm 34 -> BEST = 237647
2026-04-30 17:42:16,310 -   --- Pairwise Iter 168 (còn 35s) ---
2026-04-30 17:42:35,513 -     [P4.2] Pair (56,77) giảm 28 -> BEST = 237619
2026-04-30 17:42:35,533 -   --- Pairwise Iter 169 (còn 15s) ---
2026-04-30 17:42:39,825 -     [P4.2] Pair (77,102) giảm 92 -> BEST = 237527
2026-04-30 17:42:39,843 -   --- Pairwise Iter 170 (còn 11s) ---
2026-04-30 17:42:49,023 -     -> Đã đạt cực trị toàn cục cho mọi cặp dưới ngưỡng. KẾT THÚC CHẶNG 4.
2026-04-30 17:42:49,024 - Hoàn thành trong 1198.0s. Final Cost: 237527
2026-04-30 17:42:49,027 - ======================================================================
2026-04-30 17:42:49,027 - BÁO CÁO TỔNG KẾT (SUMMARY)
2026-04-30 17:42:49,027 - ======================================================================
2026-04-30 17:42:49,027 -   1. Chi phí Clarke-Wright:     242353
2026-04-30 17:42:49,027 -   2. Chi phí sau CPLEX MIP:     237527
2026-04-30 17:42:49,027 -   => TỔNG CẢI THIỆN:            4826
2026-04-30 17:42:49,027 -   => Số lần CPLEX Single cải thiện  : 64 lần
2026-04-30 17:42:49,027 -   => Số lần CPLEX Pairwise cải thiện: 169 lần
2026-04-30 17:42:49,027 -   => TỔNG THỜI GIAN CHẠY:       1198.230s
2026-04-30 17:42:49,032 - ======================================================================
2026-04-30 17:42:49,032 - CPLEX MIP SOLVER  |  FILE: X-n480-k70.vrp
2026-04-30 17:42:49,032 - ======================================================================
2026-04-30 17:42:49,366 - Thông tin dữ liệu: Dimension=480, K=70, Capacity=52
2026-04-30 17:42:49,366 - --- Step 1: Clarke-Wright Heuristic ---
2026-04-30 17:47:43,046 - ⚠️ Clarke-Wright kẹt với K giới hạn. Chạy fallback K=999...
2026-04-30 17:47:43,237 -   Kết quả CW: Cost = 164394, Time = 0.175s
2026-04-30 17:47:43,237 - --- Step 2: Advanced Optimization (CPLEX MIP) ---
2026-04-30 17:47:43,237 - =========================================
2026-04-30 17:47:43,237 - BẮT ĐẦU OPTIMIZE  (100% CPLEX MIP)
2026-04-30 17:47:43,237 -  -> Max Single Size  : 20
2026-04-30 17:47:43,237 -  -> Single Timeout   : 40.0s
2026-04-30 17:47:43,237 -  -> Max Pairwise Size: 24
2026-04-30 17:47:43,237 -  -> Pairwise Timeout : 69.0s
2026-04-30 17:47:43,237 -  -> Global Timeout   : 1200.0s
2026-04-30 17:47:43,238 -  -> Chi phí khởi điểm: 164394
2026-04-30 17:47:43,238 - =========================================
2026-04-30 17:47:43,238 - === BẮT ĐẦU CHẶNG 4: CPLEX MIP CHÍNH XÁC | Cost: 164394 ===
2026-04-30 17:47:43,238 -   [GĐ 4.1] Giải bài toán TSP trên từng tuyến đơn...
2026-04-30 17:47:44,541 -     -> Single CPLEX cải thiện: 1051. Cost mới: 163343
2026-04-30 17:47:44,541 -   [GĐ 4.2] Xét từng cặp tuyến để phân bổ lại khách hàng...
2026-04-30 17:47:44,541 -   --- Pairwise Iter 1 (còn 1199s) ---
2026-04-30 17:47:44,595 -     [P4.2] Pair (45,99) giảm 14 -> BEST = 163329
2026-04-30 17:47:44,605 -   --- Pairwise Iter 2 (còn 1199s) ---
2026-04-30 17:47:44,708 -     [P4.2] Pair (46,66) giảm 64 -> BEST = 163265
2026-04-30 17:47:44,730 -   --- Pairwise Iter 3 (còn 1199s) ---
2026-04-30 17:47:44,946 -     [P4.2] Pair (60,96) giảm 41 -> BEST = 163224
2026-04-30 17:47:44,971 -   --- Pairwise Iter 4 (còn 1198s) ---
2026-04-30 17:47:45,075 -     [P4.2] Pair (42,64) giảm 167 -> BEST = 163057
2026-04-30 17:47:45,086 -   --- Pairwise Iter 5 (còn 1198s) ---
2026-04-30 17:47:45,200 -     [P4.2] Pair (9,44) giảm 58 -> BEST = 162999
2026-04-30 17:47:45,217 -   --- Pairwise Iter 6 (còn 1198s) ---
2026-04-30 17:47:45,711 -     [P4.2] Pair (10,50) giảm 24 -> BEST = 162975
2026-04-30 17:47:45,736 -   --- Pairwise Iter 7 (còn 1198s) ---
2026-04-30 17:47:48,566 -     [P4.2] Pair (23,108) giảm 42 -> BEST = 162933
2026-04-30 17:47:48,608 -   --- Pairwise Iter 8 (còn 1195s) ---
2026-04-30 17:47:49,021 -     [P4.2] Pair (39,67) giảm 20 -> BEST = 162913
2026-04-30 17:47:49,032 -   --- Pairwise Iter 9 (còn 1194s) ---
2026-04-30 17:47:49,486 -     [P4.2] Pair (52,127) giảm 93 -> BEST = 162820
2026-04-30 17:47:49,499 -   --- Pairwise Iter 10 (còn 1194s) ---
2026-04-30 17:47:50,031 -     [P4.2] Pair (35,76) giảm 104 -> BEST = 162716
2026-04-30 17:47:50,056 -   --- Pairwise Iter 11 (còn 1193s) ---
2026-04-30 17:47:50,512 -     [P4.2] Pair (45,123) giảm 34 -> BEST = 162682
2026-04-30 17:47:50,521 -   --- Pairwise Iter 12 (còn 1193s) ---
2026-04-30 17:47:51,824 -     [P4.2] Pair (99,123) giảm 7 -> BEST = 162675
2026-04-30 17:47:51,844 -   --- Pairwise Iter 13 (còn 1191s) ---
2026-04-30 17:47:53,530 -     [P4.2] Pair (3,22) giảm 27 -> BEST = 162648
2026-04-30 17:47:53,550 -   --- Pairwise Iter 14 (còn 1190s) ---
2026-04-30 17:47:55,186 -     [P4.2] Pair (11,69) giảm 72 -> BEST = 162576
2026-04-30 17:47:55,201 -   --- Pairwise Iter 15 (còn 1188s) ---
2026-04-30 17:47:57,369 -     [P4.2] Pair (49,109) giảm 47 -> BEST = 162529
2026-04-30 17:47:57,400 -   --- Pairwise Iter 16 (còn 1186s) ---
2026-04-30 17:47:59,090 -     [P4.2] Pair (8,119) giảm 71 -> BEST = 162458
2026-04-30 17:47:59,118 -   --- Pairwise Iter 17 (còn 1184s) ---
2026-04-30 17:48:00,816 -     [P4.2] Pair (13,93) giảm 64 -> BEST = 162394
2026-04-30 17:48:00,838 -   --- Pairwise Iter 18 (còn 1182s) ---
2026-04-30 17:48:02,487 -     [P4.2] Pair (21,93) giảm 57 -> BEST = 162337
2026-04-30 17:48:02,503 -   --- Pairwise Iter 19 (còn 1181s) ---
2026-04-30 17:48:04,192 -     [P4.2] Pair (38,97) giảm 25 -> BEST = 162312
2026-04-30 17:48:04,211 -   --- Pairwise Iter 20 (còn 1179s) ---
2026-04-30 17:48:09,111 -     [P4.2] Pair (46,55) giảm 37 -> BEST = 162275
2026-04-30 17:48:09,148 -   --- Pairwise Iter 21 (còn 1174s) ---
2026-04-30 17:48:13,989 -     [P4.2] Pair (51,78) giảm 32 -> BEST = 162243
2026-04-30 17:48:14,012 -   --- Pairwise Iter 22 (còn 1169s) ---
2026-04-30 17:48:22,509 -     [P4.2] Pair (33,75) giảm 99 -> BEST = 162144
2026-04-30 17:48:22,537 -   --- Pairwise Iter 23 (còn 1161s) ---
2026-04-30 17:48:31,033 -     [P4.2] Pair (6,15) giảm 16 -> BEST = 162128
2026-04-30 17:48:31,056 -   --- Pairwise Iter 24 (còn 1152s) ---
2026-04-30 17:48:39,598 -     [P4.2] Pair (30,94) giảm 34 -> BEST = 162094
2026-04-30 17:48:39,620 -   --- Pairwise Iter 25 (còn 1144s) ---
2026-04-30 17:48:48,167 -     [P4.2] Pair (41,98) giảm 41 -> BEST = 162053
2026-04-30 17:48:48,183 -   --- Pairwise Iter 26 (còn 1135s) ---
2026-04-30 17:48:56,740 -     [P4.2] Pair (41,122) giảm 65 -> BEST = 161988
2026-04-30 17:48:56,765 -   --- Pairwise Iter 27 (còn 1126s) ---
2026-04-30 17:49:05,404 -     [P4.2] Pair (74,83) giảm 56 -> BEST = 161932
2026-04-30 17:49:05,415 -   --- Pairwise Iter 28 (còn 1118s) ---
2026-04-30 17:49:14,051 -     [P4.2] Pair (7,130) giảm 64 -> BEST = 161868
2026-04-30 17:49:14,071 -   --- Pairwise Iter 29 (còn 1109s) ---
2026-04-30 17:49:40,959 -     [P4.2] Pair (46,63) giảm 30 -> BEST = 161838
2026-04-30 17:49:40,980 -   --- Pairwise Iter 30 (còn 1082s) ---
2026-04-30 17:49:41,049 -     [P4.2] Pair (46,55) giảm 58 -> BEST = 161780
2026-04-30 17:49:41,063 -   --- Pairwise Iter 31 (còn 1082s) ---
2026-04-30 17:51:03,197 -     [P4.2] Pair (48,111) giảm 31 -> BEST = 161749
2026-04-30 17:51:03,225 -   --- Pairwise Iter 32 (còn 1000s) ---
2026-04-30 17:52:25,179 -     [P4.2] Pair (85,117) giảm 6 -> BEST = 161743
2026-04-30 17:52:25,227 -   --- Pairwise Iter 33 (còn 918s) ---
2026-04-30 17:53:47,420 -     [P4.2] Pair (4,80) giảm 11 -> BEST = 161732
2026-04-30 17:53:47,432 -   --- Pairwise Iter 34 (còn 836s) ---
2026-04-30 17:55:09,789 -     [P4.2] Pair (50,57) giảm 49 -> BEST = 161683
2026-04-30 17:55:09,799 -   --- Pairwise Iter 35 (còn 753s) ---
2026-04-30 17:57:04,200 -     [P4.2] Pair (20,29) giảm 16 -> BEST = 161667
2026-04-30 17:57:04,223 -   --- Pairwise Iter 36 (còn 639s) ---
2026-04-30 17:58:58,836 -     [P4.2] Pair (20,57) giảm 52 -> BEST = 161615
2026-04-30 17:58:58,852 -   --- Pairwise Iter 37 (còn 524s) ---
2026-04-30 18:01:01,087 -     [P4.2] Pair (1,35) giảm 48 -> BEST = 161567
2026-04-30 18:01:01,122 -   --- Pairwise Iter 38 (còn 402s) ---
2026-04-30 18:03:09,129 -     [P4.2] Pair (14,93) giảm 12 -> BEST = 161555
2026-04-30 18:03:09,169 -   --- Pairwise Iter 39 (còn 274s) ---
2026-04-30 18:06:16,230 -     [P4.2] Pair (21,93) giảm 51 -> BEST = 161504
2026-04-30 18:06:16,246 -   --- Pairwise Iter 40 (còn 87s) ---
2026-04-30 18:07:41,293 -     -> Đã đạt cực trị toàn cục cho mọi cặp dưới ngưỡng. KẾT THÚC CHẶNG 4.
2026-04-30 18:07:41,293 - Hoàn thành trong 1198.1s. Final Cost: 161504
2026-04-30 18:07:41,293 - ======================================================================
2026-04-30 18:07:41,293 - BÁO CÁO TỔNG KẾT (SUMMARY)
2026-04-30 18:07:41,294 - ======================================================================
2026-04-30 18:07:41,294 -   1. Chi phí Clarke-Wright:     164394
2026-04-30 18:07:41,294 -   2. Chi phí sau CPLEX MIP:     161504
2026-04-30 18:07:41,294 -   => TỔNG CẢI THIỆN:            2890
2026-04-30 18:07:41,294 -   => Số lần CPLEX Single cải thiện  : 68 lần
2026-04-30 18:07:41,294 -   => Số lần CPLEX Pairwise cải thiện: 39 lần
2026-04-30 18:07:41,294 -   => TỔNG THỜI GIAN CHẠY:       1198.232s
2026-04-30 18:07:41,299 - ======================================================================
2026-04-30 18:07:41,299 - CPLEX MIP SOLVER  |  FILE: X-n491-k59.vrp
2026-04-30 18:07:41,299 - ======================================================================
2026-04-30 18:07:41,641 - Thông tin dữ liệu: Dimension=491, K=59, Capacity=428
2026-04-30 18:07:41,641 - --- Step 1: Clarke-Wright Heuristic ---
2026-04-30 18:07:43,521 -   Kết quả CW: Cost = 281299, Time = 1.880s
2026-04-30 18:07:43,521 - --- Step 2: Advanced Optimization (CPLEX MIP) ---
2026-04-30 18:07:43,521 - =========================================
2026-04-30 18:07:43,521 - BẮT ĐẦU OPTIMIZE  (100% CPLEX MIP)
2026-04-30 18:07:43,521 -  -> Max Single Size  : 20
2026-04-30 18:07:43,521 -  -> Single Timeout   : 40.0s
2026-04-30 18:07:43,521 -  -> Max Pairwise Size: 28
2026-04-30 18:07:43,521 -  -> Pairwise Timeout : 84.0s
2026-04-30 18:07:43,521 -  -> Global Timeout   : 1200.0s
2026-04-30 18:07:43,522 -  -> Chi phí khởi điểm: 281299
2026-04-30 18:07:43,522 - =========================================
2026-04-30 18:07:43,522 - === BẮT ĐẦU CHẶNG 4: CPLEX MIP CHÍNH XÁC | Cost: 281299 ===
2026-04-30 18:07:43,522 -   [GĐ 4.1] Giải bài toán TSP trên từng tuyến đơn...
2026-04-30 18:07:46,822 -     -> Single CPLEX cải thiện: 99203. Cost mới: 182096
2026-04-30 18:07:46,822 -   [GĐ 4.2] Xét từng cặp tuyến để phân bổ lại khách hàng...
2026-04-30 18:07:46,822 -   --- Pairwise Iter 1 (còn 1197s) ---
2026-04-30 18:07:47,354 -     [P4.2] Pair (5,6) giảm 41 -> BEST = 182055
2026-04-30 18:07:47,386 -   --- Pairwise Iter 2 (còn 1196s) ---
2026-04-30 18:09:14,743 -     [P4.2] Pair (34,49) giảm 324 -> BEST = 181731
2026-04-30 18:09:15,106 -   --- Pairwise Iter 3 (còn 1108s) ---
2026-04-30 18:10:42,487 -     [P4.2] Pair (43,52) giảm 1364 -> BEST = 180367
2026-04-30 18:10:42,811 -   --- Pairwise Iter 4 (còn 1021s) ---
2026-04-30 18:12:10,421 -     [P4.2] Pair (25,55) giảm 534 -> BEST = 179833
2026-04-30 18:12:10,443 -       [S-re] Route 25: 3051 → 3001  (−50) | BEST = 179783
2026-04-30 18:12:10,720 -   --- Pairwise Iter 5 (còn 933s) ---
2026-04-30 18:12:22,339 -     [P4.2] Pair (19,42) giảm 460 -> BEST = 179323
2026-04-30 18:12:22,380 -   --- Pairwise Iter 6 (còn 921s) ---
2026-04-30 18:13:56,256 -     [P4.2] Pair (34,55) giảm 596 -> BEST = 178727
2026-04-30 18:13:56,778 -   --- Pairwise Iter 7 (còn 827s) ---
2026-04-30 18:16:54,732 -     [P4.2] Pair (44,54) giảm 1055 -> BEST = 177672
2026-04-30 18:16:55,278 -       [S-re] Route 44: 3465 → 3339  (−126) | BEST = 177546
2026-04-30 18:16:55,366 -   --- Pairwise Iter 8 (còn 648s) ---
2026-04-30 18:19:53,262 -     [P4.2] Pair (46,48) giảm 1424 -> BEST = 176122
2026-04-30 18:19:53,403 -   --- Pairwise Iter 9 (còn 470s) ---
2026-04-30 18:21:27,724 -     [P4.2] Pair (8,38) giảm 325 -> BEST = 175797
2026-04-30 18:21:27,763 -   --- Pairwise Iter 10 (còn 376s) ---
2026-04-30 18:25:51,785 -     [P4.2] Pair (32,54) giảm 199 -> BEST = 175598
2026-04-30 18:25:51,848 -   --- Pairwise Iter 11 (còn 112s) ---
2026-04-30 18:27:41,596 -     -> Đã đạt cực trị toàn cục cho mọi cặp dưới ngưỡng. KẾT THÚC CHẶNG 4.
2026-04-30 18:27:41,596 - Hoàn thành trong 1198.1s. Final Cost: 175598
2026-04-30 18:27:41,596 - ======================================================================
2026-04-30 18:27:41,596 - BÁO CÁO TỔNG KẾT (SUMMARY)
2026-04-30 18:27:41,596 - ======================================================================
2026-04-30 18:27:41,596 -   1. Chi phí Clarke-Wright:     281299
2026-04-30 18:27:41,596 -   2. Chi phí sau CPLEX MIP:     175598
2026-04-30 18:27:41,596 -   => TỔNG CẢI THIỆN:            105701
2026-04-30 18:27:41,596 -   => Số lần CPLEX Single cải thiện  : 58 lần
2026-04-30 18:27:41,597 -   => Số lần CPLEX Pairwise cải thiện: 10 lần
2026-04-30 18:27:41,597 -   => TỔNG THỜI GIAN CHẠY:       1199.955s
2026-04-30 18:27:41,602 - ======================================================================
2026-04-30 18:27:41,602 - CPLEX MIP SOLVER  |  FILE: X-n502-k39.vrp
2026-04-30 18:27:41,602 - ======================================================================
2026-04-30 18:27:41,949 - Thông tin dữ liệu: Dimension=502, K=39, Capacity=13
2026-04-30 18:27:41,949 - --- Step 1: Clarke-Wright Heuristic ---
2026-04-30 18:27:42,613 -   Kết quả CW: Cost = 79197, Time = 0.664s
2026-04-30 18:27:42,613 - --- Step 2: Advanced Optimization (CPLEX MIP) ---
2026-04-30 18:27:42,613 - =========================================
2026-04-30 18:27:42,613 - BẮT ĐẦU OPTIMIZE  (100% CPLEX MIP)
2026-04-30 18:27:42,614 -  -> Max Single Size  : 32
2026-04-30 18:27:42,614 -  -> Single Timeout   : 40.0s
2026-04-30 18:27:42,614 -  -> Max Pairwise Size: 28
2026-04-30 18:27:42,614 -  -> Pairwise Timeout : 129.0s
2026-04-30 18:27:42,614 -  -> Global Timeout   : 1200.0s
2026-04-30 18:27:42,614 -  -> Chi phí khởi điểm: 79197
2026-04-30 18:27:42,614 - =========================================
2026-04-30 18:27:42,614 - === BẮT ĐẦU CHẶNG 4: CPLEX MIP CHÍNH XÁC | Cost: 79197 ===
2026-04-30 18:27:42,614 -   [GĐ 4.1] Giải bài toán TSP trên từng tuyến đơn...
2026-04-30 18:35:55,971 -     -> Single CPLEX cải thiện: 2966. Cost mới: 76231
2026-04-30 18:35:55,971 -   [GĐ 4.2] Xét từng cặp tuyến để phân bổ lại khách hàng...
2026-04-30 18:35:55,972 -   --- Pairwise Iter 1 (còn 707s) ---
2026-04-30 18:42:23,316 -     [P4.2] Pair (5,36) giảm 267 -> BEST = 75964
2026-04-30 18:43:03,335 -       [S-re] Route 5: 2111 → 2105  (−6) | BEST = 75958
2026-04-30 18:43:43,353 -       [S-re] Route 36: 2023 → 2016  (−7) | BEST = 75951
2026-04-30 18:43:43,354 -   --- Pairwise Iter 2 (còn 239s) ---
2026-04-30 18:45:52,482 -     [P4.2] Pair (33,36) giảm 967 -> BEST = 74984
2026-04-30 18:46:32,531 -       [S-re] Route 33: 1990 → 1982  (−8) | BEST = 74976
2026-04-30 18:47:12,630 -   --- Pairwise Iter 3 (còn 30s) ---
2026-04-30 18:47:40,722 -     -> Đã đạt cực trị toàn cục cho mọi cặp dưới ngưỡng. KẾT THÚC CHẶNG 4.
2026-04-30 18:47:40,723 - Hoàn thành trong 1198.1s. Final Cost: 74976
2026-04-30 18:47:40,723 - ======================================================================
2026-04-30 18:47:40,723 - BÁO CÁO TỔNG KẾT (SUMMARY)
2026-04-30 18:47:40,723 - ======================================================================
2026-04-30 18:47:40,723 -   1. Chi phí Clarke-Wright:     79197
2026-04-30 18:47:40,723 -   2. Chi phí sau CPLEX MIP:     74976
2026-04-30 18:47:40,723 -   => TỔNG CẢI THIỆN:            4221
2026-04-30 18:47:40,723 -   => Số lần CPLEX Single cải thiện  : 41 lần
2026-04-30 18:47:40,723 -   => Số lần CPLEX Pairwise cải thiện: 2 lần
2026-04-30 18:47:40,723 -   => TỔNG THỜI GIAN CHẠY:       1198.773s
2026-04-30 18:47:40,728 - ======================================================================
2026-04-30 18:47:40,728 - CPLEX MIP SOLVER  |  FILE: X-n513-k21.vrp
2026-04-30 18:47:40,728 - ======================================================================
2026-04-30 18:47:41,140 - Thông tin dữ liệu: Dimension=513, K=21, Capacity=142
2026-04-30 18:47:41,140 - --- Step 1: Clarke-Wright Heuristic ---
2026-04-30 18:47:41,750 -   Kết quả CW: Cost = 36124, Time = 0.610s
2026-04-30 18:47:41,750 - --- Step 2: Advanced Optimization (CPLEX MIP) ---
2026-04-30 18:47:41,750 - =========================================
2026-04-30 18:47:41,750 - BẮT ĐẦU OPTIMIZE  (100% CPLEX MIP)
2026-04-30 18:47:41,750 -  -> Max Single Size  : 35
2026-04-30 18:47:41,750 -  -> Single Timeout   : 40.0s
2026-04-30 18:47:41,750 -  -> Max Pairwise Size: 28
2026-04-30 18:47:41,750 -  -> Pairwise Timeout : 150.0s
2026-04-30 18:47:41,750 -  -> Global Timeout   : 1200.0s
2026-04-30 18:47:41,751 -  -> Chi phí khởi điểm: 36124
2026-04-30 18:47:41,751 - =========================================
2026-04-30 18:47:41,751 - === BẮT ĐẦU CHẶNG 4: CPLEX MIP CHÍNH XÁC | Cost: 36124 ===
2026-04-30 18:47:41,751 -   [GĐ 4.1] Giải bài toán TSP trên từng tuyến đơn...
2026-04-30 18:54:51,978 -     -> Single CPLEX cải thiện: 4528. Cost mới: 31596
2026-04-30 18:54:51,978 -   [GĐ 4.2] Xét từng cặp tuyến để phân bổ lại khách hàng...
2026-04-30 18:54:51,978 -   --- Pairwise Iter 1 (còn 770s) ---
2026-04-30 18:54:52,002 -     -> Đã đạt cực trị toàn cục cho mọi cặp dưới ngưỡng. KẾT THÚC CHẶNG 4.
2026-04-30 18:54:52,002 - Hoàn thành trong 430.3s. Final Cost: 31596
2026-04-30 18:54:52,002 - ======================================================================
2026-04-30 18:54:52,002 - BÁO CÁO TỔNG KẾT (SUMMARY)
2026-04-30 18:54:52,002 - ======================================================================
2026-04-30 18:54:52,002 -   1. Chi phí Clarke-Wright:     36124
2026-04-30 18:54:52,002 -   2. Chi phí sau CPLEX MIP:     31596
2026-04-30 18:54:52,002 -   => TỔNG CẢI THIỆN:            4528
2026-04-30 18:54:52,002 -   => Số lần CPLEX Single cải thiện  : 21 lần
2026-04-30 18:54:52,002 -   => Số lần CPLEX Pairwise cải thiện: 0 lần
2026-04-30 18:54:52,002 -   => TỔNG THỜI GIAN CHẠY:       430.862s
2026-04-30 18:54:52,008 - ======================================================================
2026-04-30 18:54:52,008 - CPLEX MIP SOLVER  |  FILE: X-n524-k153.vrp
2026-04-30 18:54:52,008 - ======================================================================
2026-04-30 18:54:52,394 - Thông tin dữ liệu: Dimension=524, K=153, Capacity=125
2026-04-30 18:54:52,394 - --- Step 1: Clarke-Wright Heuristic ---
2026-04-30 18:55:16,783 -   Kết quả CW: Cost = 329820, Time = 24.388s
2026-04-30 18:55:16,783 - --- Step 2: Advanced Optimization (CPLEX MIP) ---
2026-04-30 18:55:16,783 - =========================================
2026-04-30 18:55:16,783 - BẮT ĐẦU OPTIMIZE  (100% CPLEX MIP)
2026-04-30 18:55:16,783 -  -> Max Single Size  : 20
2026-04-30 18:55:16,783 -  -> Single Timeout   : 40.0s
2026-04-30 18:55:16,784 -  -> Max Pairwise Size: 16
2026-04-30 18:55:16,784 -  -> Pairwise Timeout : 40.0s
2026-04-30 18:55:16,784 -  -> Global Timeout   : 1200.0s
2026-04-30 18:55:16,784 -  -> Chi phí khởi điểm: 329820
2026-04-30 18:55:16,784 - =========================================
2026-04-30 18:55:16,784 - === BẮT ĐẦU CHẶNG 4: CPLEX MIP CHÍNH XÁC | Cost: 329820 ===
2026-04-30 18:55:16,784 -   [GĐ 4.1] Giải bài toán TSP trên từng tuyến đơn...
2026-04-30 18:55:18,798 -     -> Single CPLEX cải thiện: 70431. Cost mới: 259389
2026-04-30 18:55:18,798 -   [GĐ 4.2] Xét từng cặp tuyến để phân bổ lại khách hàng...
2026-04-30 18:55:18,798 -   --- Pairwise Iter 1 (còn 1198s) ---
2026-04-30 18:55:18,939 -     [P4.2] Pair (7,24) giảm 340 -> BEST = 259049
2026-04-30 18:55:18,966 -   --- Pairwise Iter 2 (còn 1198s) ---
2026-04-30 18:55:19,329 -     [P4.2] Pair (7,17) giảm 121 -> BEST = 258928
2026-04-30 18:55:19,357 -   --- Pairwise Iter 3 (còn 1197s) ---
2026-04-30 18:55:19,698 -     [P4.2] Pair (27,66) giảm 2 -> BEST = 258926
2026-04-30 18:55:19,715 -   --- Pairwise Iter 4 (còn 1197s) ---
2026-04-30 18:55:20,482 -     [P4.2] Pair (3,38) giảm 158 -> BEST = 258768
2026-04-30 18:55:20,506 -   --- Pairwise Iter 5 (còn 1196s) ---
2026-04-30 18:55:21,273 -     [P4.2] Pair (32,93) giảm 615 -> BEST = 258153
2026-04-30 18:55:21,295 -   --- Pairwise Iter 6 (còn 1195s) ---
2026-04-30 18:56:02,059 -     [P4.2] Pair (40,49) giảm 1177 -> BEST = 256976
2026-04-30 18:56:02,129 -   --- Pairwise Iter 7 (còn 1155s) ---
2026-04-30 18:56:03,268 -     [P4.2] Pair (47,66) giảm 735 -> BEST = 256241
2026-04-30 18:56:03,306 -   --- Pairwise Iter 8 (còn 1153s) ---
2026-04-30 18:56:03,944 -     [P4.2] Pair (27,66) giảm 635 -> BEST = 255606
2026-04-30 18:56:03,968 -   --- Pairwise Iter 9 (còn 1153s) ---
2026-04-30 18:56:11,906 -     [P4.2] Pair (24,50) giảm 388 -> BEST = 255218
2026-04-30 18:56:11,951 -   --- Pairwise Iter 10 (còn 1145s) ---
2026-04-30 18:56:19,404 -     [P4.2] Pair (66,70) giảm 640 -> BEST = 254578
2026-04-30 18:56:19,421 -   --- Pairwise Iter 11 (còn 1137s) ---
2026-04-30 18:56:26,020 -     [P4.2] Pair (27,70) giảm 3 -> BEST = 254575
2026-04-30 18:56:26,037 -   --- Pairwise Iter 12 (còn 1131s) ---
2026-04-30 18:56:35,642 -     [P4.2] Pair (11,42) giảm 754 -> BEST = 253821
2026-04-30 18:56:35,678 -   --- Pairwise Iter 13 (còn 1121s) ---
2026-04-30 18:56:50,466 -     [P4.2] Pair (34,48) giảm 1332 -> BEST = 252489
2026-04-30 18:56:50,518 -   --- Pairwise Iter 14 (còn 1106s) ---
2026-04-30 18:57:15,875 -     [P4.2] Pair (15,45) giảm 634 -> BEST = 251855
2026-04-30 18:57:15,912 -   --- Pairwise Iter 15 (còn 1081s) ---
2026-04-30 18:57:34,069 -     [P4.2] Pair (18,49) giảm 537 -> BEST = 251318
2026-04-30 18:57:34,102 -   --- Pairwise Iter 16 (còn 1063s) ---
2026-04-30 18:57:51,221 -     [P4.2] Pair (44,47) giảm 149 -> BEST = 251169
2026-04-30 18:57:51,248 -   --- Pairwise Iter 17 (còn 1046s) ---
2026-04-30 18:58:08,632 -     [P4.2] Pair (18,80) giảm 136 -> BEST = 251033
2026-04-30 18:58:08,651 -   --- Pairwise Iter 18 (còn 1028s) ---
2026-04-30 18:58:25,878 -     [P4.2] Pair (23,89) giảm 30 -> BEST = 251003
2026-04-30 18:58:25,889 -   --- Pairwise Iter 19 (còn 1011s) ---
2026-04-30 18:58:43,437 -     [P4.2] Pair (33,38) giảm 506 -> BEST = 250497
2026-04-30 18:58:43,462 -   --- Pairwise Iter 20 (còn 993s) ---
2026-04-30 18:58:50,342 -     [P4.2] Pair (3,33) giảm 26 -> BEST = 250471
2026-04-30 18:58:50,374 -   --- Pairwise Iter 21 (còn 986s) ---
2026-04-30 18:59:11,138 -     [P4.2] Pair (3,38) giảm 64 -> BEST = 250407
2026-04-30 18:59:11,167 -   --- Pairwise Iter 22 (còn 966s) ---
2026-04-30 18:59:17,904 -     [P4.2] Pair (33,38) giảm 80 -> BEST = 250327
2026-04-30 18:59:17,933 -   --- Pairwise Iter 23 (còn 959s) ---
2026-04-30 18:59:41,624 -     [P4.2] Pair (43,48) giảm 487 -> BEST = 249840
2026-04-30 18:59:41,679 -   --- Pairwise Iter 24 (còn 935s) ---
2026-04-30 18:59:55,778 -     [P4.2] Pair (34,43) giảm 316 -> BEST = 249524
2026-04-30 18:59:55,831 -   --- Pairwise Iter 25 (còn 921s) ---
2026-04-30 19:00:11,633 -     [P4.2] Pair (80,152) giảm 41 -> BEST = 249483
2026-04-30 19:00:11,652 -   --- Pairwise Iter 26 (còn 905s) ---
2026-04-30 19:00:42,230 -     [P4.2] Pair (11,45) giảm 132 -> BEST = 249351
2026-04-30 19:00:42,255 -   --- Pairwise Iter 27 (còn 875s) ---
2026-04-30 19:01:01,065 -     [P4.2] Pair (24,46) giảm 438 -> BEST = 248913
2026-04-30 19:01:01,117 -   --- Pairwise Iter 28 (còn 856s) ---
2026-04-30 19:02:05,087 -     [P4.2] Pair (33,43) giảm 331 -> BEST = 248582
2026-04-30 19:02:05,143 -   --- Pairwise Iter 29 (còn 792s) ---
2026-04-30 19:02:32,745 -     [P4.2] Pair (3,43) giảm 416 -> BEST = 248166
2026-04-30 19:02:32,796 -   --- Pairwise Iter 30 (còn 764s) ---
2026-04-30 19:02:51,943 -     [P4.2] Pair (34,43) giảm 45 -> BEST = 248121
2026-04-30 19:02:51,981 -   --- Pairwise Iter 31 (còn 745s) ---
2026-04-30 19:03:25,809 -     [P4.2] Pair (3,89) giảm 639 -> BEST = 247482
2026-04-30 19:03:25,850 -   --- Pairwise Iter 32 (còn 711s) ---
2026-04-30 19:03:47,695 -     [P4.2] Pair (13,79) giảm 248 -> BEST = 247234
2026-04-30 19:03:47,711 -   --- Pairwise Iter 33 (còn 689s) ---
2026-04-30 19:04:09,989 -     [P4.2] Pair (26,35) giảm 552 -> BEST = 246682
2026-04-30 19:04:10,017 -   --- Pairwise Iter 34 (còn 667s) ---
2026-04-30 19:05:11,832 -     [P4.2] Pair (33,50) giảm 31 -> BEST = 246651
2026-04-30 19:05:11,889 -   --- Pairwise Iter 35 (còn 605s) ---
2026-04-30 19:05:24,357 -     [P4.2] Pair (35,38) giảm 76 -> BEST = 246575
2026-04-30 19:05:24,390 -   --- Pairwise Iter 36 (còn 592s) ---
2026-04-30 19:05:52,885 -     [P4.2] Pair (12,24) giảm 492 -> BEST = 246083
2026-04-30 19:05:52,925 -   --- Pairwise Iter 37 (còn 564s) ---
2026-04-30 19:06:10,803 -     [P4.2] Pair (24,33) giảm 42 -> BEST = 246041
2026-04-30 19:06:10,891 -   --- Pairwise Iter 38 (còn 546s) ---
2026-04-30 19:06:27,931 -     [P4.2] Pair (22,60) giảm 753 -> BEST = 245288
2026-04-30 19:06:27,954 -   --- Pairwise Iter 39 (còn 529s) ---
2026-04-30 19:06:45,009 -     [P4.2] Pair (32,68) giảm 24 -> BEST = 245264
2026-04-30 19:06:45,023 -   --- Pairwise Iter 40 (còn 512s) ---
2026-04-30 19:07:02,084 -     [P4.2] Pair (36,58) giảm 5 -> BEST = 245259
2026-04-30 19:07:02,101 -   --- Pairwise Iter 41 (còn 495s) ---
2026-04-30 19:07:21,125 -     [P4.2] Pair (48,149) giảm 34 -> BEST = 245225
2026-04-30 19:07:21,169 -   --- Pairwise Iter 42 (còn 476s) ---
2026-04-30 19:07:40,090 -     [P4.2] Pair (4,11) giảm 406 -> BEST = 244819
2026-04-30 19:07:40,111 -   --- Pairwise Iter 43 (còn 457s) ---
2026-04-30 19:08:00,860 -     [P4.2] Pair (9,48) giảm 720 -> BEST = 244099
2026-04-30 19:08:00,959 -   --- Pairwise Iter 44 (còn 436s) ---
2026-04-30 19:08:45,004 -     [P4.2] Pair (19,31) giảm 674 -> BEST = 243425
2026-04-30 19:08:45,032 -   --- Pairwise Iter 45 (còn 392s) ---
2026-04-30 19:09:29,895 -     [P4.2] Pair (22,24) giảm 212 -> BEST = 243213
2026-04-30 19:09:29,930 -   --- Pairwise Iter 46 (còn 347s) ---
2026-04-30 19:10:18,477 -     [P4.2] Pair (25,33) giảm 1559 -> BEST = 241654
2026-04-30 19:10:18,539 -   --- Pairwise Iter 47 (còn 298s) ---
2026-04-30 19:11:04,661 -     [P4.2] Pair (2,14) giảm 27 -> BEST = 241627
2026-04-30 19:11:04,685 -   --- Pairwise Iter 48 (còn 252s) ---
2026-04-30 19:12:30,366 -     [P4.2] Pair (3,26) giảm 296 -> BEST = 241331
2026-04-30 19:12:30,399 -   --- Pairwise Iter 49 (còn 166s) ---
2026-04-30 19:13:33,240 -     [P4.2] Pair (7,40) giảm 515 -> BEST = 240816
2026-04-30 19:13:33,298 -   --- Pairwise Iter 50 (còn 103s) ---
2026-04-30 19:13:35,444 -     [P4.2] Pair (17,40) giảm 165 -> BEST = 240651
2026-04-30 19:13:35,476 -   --- Pairwise Iter 51 (còn 101s) ---
2026-04-30 19:14:23,950 -     [P4.2] Pair (38,42) giảm 565 -> BEST = 240086
2026-04-30 19:14:23,974 -   --- Pairwise Iter 52 (còn 53s) ---
2026-04-30 19:15:14,806 -     [P4.2] Pair (3,40) giảm 14 -> BEST = 240072
2026-04-30 19:15:14,807 -   --- Pairwise Iter 53 (còn 2s) ---
2026-04-30 19:15:14,885 -     -> Đã đạt cực trị toàn cục cho mọi cặp dưới ngưỡng. KẾT THÚC CHẶNG 4.
2026-04-30 19:15:14,886 - Hoàn thành trong 1198.1s. Final Cost: 240072
2026-04-30 19:15:14,886 - ======================================================================
2026-04-30 19:15:14,886 - BÁO CÁO TỔNG KẾT (SUMMARY)
2026-04-30 19:15:14,886 - ======================================================================
2026-04-30 19:15:14,886 -   1. Chi phí Clarke-Wright:     329820
2026-04-30 19:15:14,886 -   2. Chi phí sau CPLEX MIP:     240072
2026-04-30 19:15:14,886 -   => TỔNG CẢI THIỆN:            89748
2026-04-30 19:15:14,886 -   => Số lần CPLEX Single cải thiện  : 58 lần
2026-04-30 19:15:14,886 -   => Số lần CPLEX Pairwise cải thiện: 52 lần
2026-04-30 19:15:14,886 -   => TỔNG THỜI GIAN CHẠY:       1222.491s
2026-04-30 19:15:14,892 - ======================================================================
2026-04-30 19:15:14,892 - CPLEX MIP SOLVER  |  FILE: X-n536-k96.vrp
2026-04-30 19:15:14,892 - ======================================================================
2026-04-30 19:15:15,295 - Thông tin dữ liệu: Dimension=536, K=96, Capacity=371
2026-04-30 19:15:15,295 - --- Step 1: Clarke-Wright Heuristic ---
2026-04-30 19:15:17,664 -   Kết quả CW: Cost = 292348, Time = 2.368s
2026-04-30 19:15:17,664 - --- Step 2: Advanced Optimization (CPLEX MIP) ---
2026-04-30 19:15:17,664 - =========================================
2026-04-30 19:15:17,664 - BẮT ĐẦU OPTIMIZE  (100% CPLEX MIP)
2026-04-30 19:15:17,664 -  -> Max Single Size  : 20
2026-04-30 19:15:17,664 -  -> Single Timeout   : 40.0s
2026-04-30 19:15:17,664 -  -> Max Pairwise Size: 19
2026-04-30 19:15:17,664 -  -> Pairwise Timeout : 56.0s
2026-04-30 19:15:17,664 -  -> Global Timeout   : 1200.0s
2026-04-30 19:15:17,665 -  -> Chi phí khởi điểm: 292348
2026-04-30 19:15:17,665 - =========================================
2026-04-30 19:15:17,665 - === BẮT ĐẦU CHẶNG 4: CPLEX MIP CHÍNH XÁC | Cost: 292348 ===
2026-04-30 19:15:17,665 -   [GĐ 4.1] Giải bài toán TSP trên từng tuyến đơn...
2026-04-30 19:15:25,113 -     -> Single CPLEX cải thiện: 88637. Cost mới: 203711
2026-04-30 19:15:25,113 -   [GĐ 4.2] Xét từng cặp tuyến để phân bổ lại khách hàng...
2026-04-30 19:15:25,113 -   --- Pairwise Iter 1 (còn 1193s) ---
2026-04-30 19:15:41,721 -     [P4.2] Pair (38,66) giảm 1615 -> BEST = 202096
2026-04-30 19:15:41,763 -   --- Pairwise Iter 2 (còn 1176s) ---
2026-04-30 19:16:08,044 -     [P4.2] Pair (58,85) giảm 811 -> BEST = 201285
2026-04-30 19:16:08,086 -   --- Pairwise Iter 3 (còn 1150s) ---
2026-04-30 19:16:32,532 -     [P4.2] Pair (58,69) giảm 296 -> BEST = 200989
2026-04-30 19:16:32,576 -   --- Pairwise Iter 4 (còn 1125s) ---
2026-04-30 19:17:15,327 -     [P4.2] Pair (77,80) giảm 607 -> BEST = 200382
2026-04-30 19:17:15,416 -   --- Pairwise Iter 5 (còn 1082s) ---
2026-04-30 19:17:46,831 -     [P4.2] Pair (23,86) giảm 172 -> BEST = 200210
2026-04-30 19:17:46,868 -   --- Pairwise Iter 6 (còn 1051s) ---
2026-04-30 19:18:18,915 -     [P4.2] Pair (12,13) giảm 261 -> BEST = 199949
2026-04-30 19:18:18,934 -   --- Pairwise Iter 7 (còn 1019s) ---
2026-04-30 19:18:58,838 -     [P4.2] Pair (25,85) giảm 160 -> BEST = 199789
2026-04-30 19:18:58,867 -   --- Pairwise Iter 8 (còn 979s) ---
2026-04-30 19:19:38,597 -     [P4.2] Pair (59,66) giảm 835 -> BEST = 198954
2026-04-30 19:19:38,632 -   --- Pairwise Iter 9 (còn 939s) ---
2026-04-30 19:20:24,823 -     [P4.2] Pair (59,60) giảm 867 -> BEST = 198087
2026-04-30 19:20:24,862 -   --- Pairwise Iter 10 (còn 893s) ---
2026-04-30 19:21:58,475 -     [P4.2] Pair (59,93) giảm 634 -> BEST = 197453
2026-04-30 19:22:38,514 -   --- Pairwise Iter 11 (còn 759s) ---
2026-04-30 19:23:19,802 -     [P4.2] Pair (25,57) giảm 302 -> BEST = 197151
2026-04-30 19:23:19,832 -   --- Pairwise Iter 12 (còn 718s) ---
2026-04-30 19:24:02,778 -     [P4.2] Pair (25,77) giảm 45 -> BEST = 197106
2026-04-30 19:24:02,815 -   --- Pairwise Iter 13 (còn 675s) ---
2026-04-30 19:24:42,516 -     [P4.2] Pair (26,86) giảm 1390 -> BEST = 195716
2026-04-30 19:24:42,538 -   --- Pairwise Iter 14 (còn 635s) ---
2026-04-30 19:26:19,889 -     [P4.2] Pair (59,63) giảm 61 -> BEST = 195655
2026-04-30 19:26:20,248 -   --- Pairwise Iter 15 (còn 537s) ---
2026-04-30 19:27:54,140 -     [P4.2] Pair (45,59) giảm 139 -> BEST = 195516
2026-04-30 19:27:54,204 -   --- Pairwise Iter 16 (còn 443s) ---
2026-04-30 19:30:20,043 -     [P4.2] Pair (62,82) giảm 576 -> BEST = 194940
2026-04-30 19:30:20,092 -   --- Pairwise Iter 17 (còn 298s) ---
2026-04-30 19:30:36,409 -     [P4.2] Pair (23,62) giảm 276 -> BEST = 194664
2026-04-30 19:30:36,463 -   --- Pairwise Iter 18 (còn 281s) ---
2026-04-30 19:32:16,616 -     [P4.2] Pair (62,73) giảm 340 -> BEST = 194324
2026-04-30 19:32:16,656 -   --- Pairwise Iter 19 (còn 181s) ---
2026-04-30 19:33:59,938 -     [P4.2] Pair (23,62) giảm 186 -> BEST = 194138
2026-04-30 19:33:59,980 -   --- Pairwise Iter 20 (còn 78s) ---
2026-04-30 19:35:15,712 -     -> Đã đạt cực trị toàn cục cho mọi cặp dưới ngưỡng. KẾT THÚC CHẶNG 4.
2026-04-30 19:35:15,712 - Hoàn thành trong 1198.0s. Final Cost: 194138
2026-04-30 19:35:15,712 - ======================================================================
2026-04-30 19:35:15,712 - BÁO CÁO TỔNG KẾT (SUMMARY)
2026-04-30 19:35:15,712 - ======================================================================
2026-04-30 19:35:15,712 -   1. Chi phí Clarke-Wright:     292348
2026-04-30 19:35:15,713 -   2. Chi phí sau CPLEX MIP:     194138
2026-04-30 19:35:15,713 -   => TỔNG CẢI THIỆN:            98210
2026-04-30 19:35:15,713 -   => Số lần CPLEX Single cải thiện  : 91 lần
2026-04-30 19:35:15,713 -   => Số lần CPLEX Pairwise cải thiện: 19 lần
2026-04-30 19:35:15,713 -   => TỔNG THỜI GIAN CHẠY:       1200.416s
2026-04-30 19:35:15,718 - ======================================================================
2026-04-30 19:35:15,718 - CPLEX MIP SOLVER  |  FILE: X-n548-k50.vrp
2026-04-30 19:35:15,718 - ======================================================================
2026-04-30 19:35:16,142 - Thông tin dữ liệu: Dimension=548, K=50, Capacity=11
2026-04-30 19:35:16,143 - --- Step 1: Clarke-Wright Heuristic ---
2026-04-30 19:35:16,813 -   Kết quả CW: Cost = 102234, Time = 0.670s
2026-04-30 19:35:16,813 - --- Step 2: Advanced Optimization (CPLEX MIP) ---
2026-04-30 19:35:16,814 - =========================================
2026-04-30 19:35:16,814 - BẮT ĐẦU OPTIMIZE  (100% CPLEX MIP)
2026-04-30 19:35:16,814 -  -> Max Single Size  : 27
2026-04-30 19:35:16,814 -  -> Single Timeout   : 40.0s
2026-04-30 19:35:16,814 -  -> Max Pairwise Size: 28
2026-04-30 19:35:16,814 -  -> Pairwise Timeout : 110.0s
2026-04-30 19:35:16,814 -  -> Global Timeout   : 1200.0s
2026-04-30 19:35:16,814 -  -> Chi phí khởi điểm: 102234
2026-04-30 19:35:16,814 - =========================================
2026-04-30 19:35:16,815 - === BẮT ĐẦU CHẶNG 4: CPLEX MIP CHÍNH XÁC | Cost: 102234 ===
2026-04-30 19:35:16,815 -   [GĐ 4.1] Giải bài toán TSP trên từng tuyến đơn...
2026-04-30 19:43:30,799 -     -> Single CPLEX cải thiện: 4172. Cost mới: 98062
2026-04-30 19:43:30,799 -   [GĐ 4.2] Xét từng cặp tuyến để phân bổ lại khách hàng...
2026-04-30 19:43:30,799 -   --- Pairwise Iter 1 (còn 706s) ---
2026-04-30 19:45:20,903 -     [P4.2] Pair (19,20) giảm 79 -> BEST = 97983
2026-04-30 19:45:48,377 -   --- Pairwise Iter 2 (còn 568s) ---
2026-04-30 19:47:38,535 -     [P4.2] Pair (6,30) giảm 17 -> BEST = 97966
2026-04-30 19:48:20,783 -   --- Pairwise Iter 3 (còn 416s) ---
2026-04-30 19:50:10,888 -     [P4.2] Pair (29,46) giảm 257 -> BEST = 97709
2026-04-30 19:50:10,949 -   --- Pairwise Iter 4 (còn 306s) ---
2026-04-30 19:53:51,142 -     [P4.2] Pair (19,49) giảm 51 -> BEST = 97658
2026-04-30 19:53:54,414 -       [S-re] Route 19: 988 → 978  (−10) | BEST = 97648
2026-04-30 19:54:34,429 -       [S-re] Route 49: 1970 → 1955  (−15) | BEST = 97633
2026-04-30 19:54:34,429 -   --- Pairwise Iter 5 (còn 42s) ---
2026-04-30 19:55:14,917 -     -> Đã đạt cực trị toàn cục cho mọi cặp dưới ngưỡng. KẾT THÚC CHẶNG 4.
2026-04-30 19:55:14,917 - Hoàn thành trong 1198.1s. Final Cost: 97633
2026-04-30 19:55:14,917 - ======================================================================
2026-04-30 19:55:14,917 - BÁO CÁO TỔNG KẾT (SUMMARY)
2026-04-30 19:55:14,917 - ======================================================================
2026-04-30 19:55:14,917 -   1. Chi phí Clarke-Wright:     102234
2026-04-30 19:55:14,917 -   2. Chi phí sau CPLEX MIP:     97633
2026-04-30 19:55:14,917 -   => TỔNG CẢI THIỆN:            4601
2026-04-30 19:55:14,917 -   => Số lần CPLEX Single cải thiện  : 50 lần
2026-04-30 19:55:14,917 -   => Số lần CPLEX Pairwise cải thiện: 4 lần
2026-04-30 19:55:14,917 -   => TỔNG THỜI GIAN CHẠY:       1198.774s
2026-04-30 19:55:14,922 - ======================================================================
2026-04-30 19:55:14,922 - CPLEX MIP SOLVER  |  FILE: X-n561-k42.vrp
2026-04-30 19:55:14,923 - ======================================================================
2026-04-30 19:55:15,360 - Thông tin dữ liệu: Dimension=561, K=42, Capacity=74
2026-04-30 19:55:15,360 - --- Step 1: Clarke-Wright Heuristic ---
2026-04-30 19:55:16,081 -   Kết quả CW: Cost = 56237, Time = 0.721s
2026-04-30 19:55:16,081 - --- Step 2: Advanced Optimization (CPLEX MIP) ---
2026-04-30 19:55:16,081 - =========================================
2026-04-30 19:55:16,081 - BẮT ĐẦU OPTIMIZE  (100% CPLEX MIP)
2026-04-30 19:55:16,081 -  -> Max Single Size  : 33
2026-04-30 19:55:16,081 -  -> Single Timeout   : 40.0s
2026-04-30 19:55:16,081 -  -> Max Pairwise Size: 28
2026-04-30 19:55:16,081 -  -> Pairwise Timeout : 134.0s
2026-04-30 19:55:16,081 -  -> Global Timeout   : 1200.0s
2026-04-30 19:55:16,082 -  -> Chi phí khởi điểm: 56237
2026-04-30 19:55:16,082 - =========================================
2026-04-30 19:55:16,082 - === BẮT ĐẦU CHẶNG 4: CPLEX MIP CHÍNH XÁC | Cost: 56237 ===
2026-04-30 19:55:16,082 -   [GĐ 4.1] Giải bài toán TSP trên từng tuyến đơn...
2026-04-30 20:05:20,144 -     -> Single CPLEX cải thiện: 4254. Cost mới: 51983
2026-04-30 20:05:20,144 -   [GĐ 4.2] Xét từng cặp tuyến để phân bổ lại khách hàng...
2026-04-30 20:05:20,144 -   --- Pairwise Iter 1 (còn 596s) ---
2026-04-30 20:14:16,603 -     [P4.2] Pair (34,40) giảm 69 -> BEST = 51914
2026-04-30 20:14:56,771 -   --- Pairwise Iter 2 (còn 19s) ---
2026-04-30 20:15:14,210 -     -> Đã đạt cực trị toàn cục cho mọi cặp dưới ngưỡng. KẾT THÚC CHẶNG 4.
2026-04-30 20:15:14,210 - Hoàn thành trong 1198.1s. Final Cost: 51914
2026-04-30 20:15:14,210 - ======================================================================
2026-04-30 20:15:14,210 - BÁO CÁO TỔNG KẾT (SUMMARY)
2026-04-30 20:15:14,210 - ======================================================================
2026-04-30 20:15:14,210 -   1. Chi phí Clarke-Wright:     56237
2026-04-30 20:15:14,210 -   2. Chi phí sau CPLEX MIP:     51914
2026-04-30 20:15:14,210 -   => TỔNG CẢI THIỆN:            4323
2026-04-30 20:15:14,210 -   => Số lần CPLEX Single cải thiện  : 38 lần
2026-04-30 20:15:14,210 -   => Số lần CPLEX Pairwise cải thiện: 1 lần
2026-04-30 20:15:14,210 -   => TỔNG THỜI GIAN CHẠY:       1198.849s
2026-04-30 20:15:14,216 - ======================================================================
2026-04-30 20:15:14,216 - CPLEX MIP SOLVER  |  FILE: X-n573-k30.vrp
2026-04-30 20:15:14,216 - ======================================================================
2026-04-30 20:15:14,682 - Thông tin dữ liệu: Dimension=573, K=30, Capacity=210
2026-04-30 20:15:14,682 - --- Step 1: Clarke-Wright Heuristic ---
2026-04-30 20:15:15,567 -   Kết quả CW: Cost = 59633, Time = 0.885s
2026-04-30 20:15:15,567 - --- Step 2: Advanced Optimization (CPLEX MIP) ---
2026-04-30 20:15:15,567 - =========================================
2026-04-30 20:15:15,567 - BẮT ĐẦU OPTIMIZE  (100% CPLEX MIP)
2026-04-30 20:15:15,567 -  -> Max Single Size  : 35
2026-04-30 20:15:15,567 -  -> Single Timeout   : 40.0s
2026-04-30 20:15:15,567 -  -> Max Pairwise Size: 28
2026-04-30 20:15:15,567 -  -> Pairwise Timeout : 150.0s
2026-04-30 20:15:15,567 -  -> Global Timeout   : 1200.0s
2026-04-30 20:15:15,568 -  -> Chi phí khởi điểm: 59633
2026-04-30 20:15:15,568 - =========================================
2026-04-30 20:15:15,568 - === BẮT ĐẦU CHẶNG 4: CPLEX MIP CHÍNH XÁC | Cost: 59633 ===
2026-04-30 20:15:15,568 -   [GĐ 4.1] Giải bài toán TSP trên từng tuyến đơn...
2026-04-30 20:30:34,490 -     -> Single CPLEX cải thiện: 3329. Cost mới: 56304
2026-04-30 20:30:34,490 -   [GĐ 4.2] Xét từng cặp tuyến để phân bổ lại khách hàng...
2026-04-30 20:30:34,490 -   --- Pairwise Iter 1 (còn 281s) ---
2026-04-30 20:33:04,603 -     [P4.2] Pair (9,19) giảm 51 -> BEST = 56253
2026-04-30 20:33:07,886 -   --- Pairwise Iter 2 (còn 128s) ---
2026-04-30 20:35:13,691 -     [P4.2] Pair (19,28) giảm 3 -> BEST = 56250
2026-04-30 20:35:13,691 -   --- Pairwise Iter 3 (còn 2s) ---
2026-04-30 20:35:13,725 -     -> Đã đạt cực trị toàn cục cho mọi cặp dưới ngưỡng. KẾT THÚC CHẶNG 4.
2026-04-30 20:35:13,725 - Hoàn thành trong 1198.2s. Final Cost: 56250
2026-04-30 20:35:13,725 - ======================================================================
2026-04-30 20:35:13,725 - BÁO CÁO TỔNG KẾT (SUMMARY)
2026-04-30 20:35:13,725 - ======================================================================
2026-04-30 20:35:13,725 -   1. Chi phí Clarke-Wright:     59633
2026-04-30 20:35:13,725 -   2. Chi phí sau CPLEX MIP:     56250
2026-04-30 20:35:13,725 -   => TỔNG CẢI THIỆN:            3383
2026-04-30 20:35:13,725 -   => Số lần CPLEX Single cải thiện  : 30 lần
2026-04-30 20:35:13,725 -   => Số lần CPLEX Pairwise cải thiện: 2 lần
2026-04-30 20:35:13,725 -   => TỔNG THỜI GIAN CHẠY:       1199.042s
2026-04-30 20:35:13,730 - ======================================================================
2026-04-30 20:35:13,730 - CPLEX MIP SOLVER  |  FILE: X-n586-k159.vrp
2026-04-30 20:35:13,730 - ======================================================================
2026-04-30 20:35:14,207 - Thông tin dữ liệu: Dimension=586, K=159, Capacity=28
2026-04-30 20:35:14,207 - --- Step 1: Clarke-Wright Heuristic ---
2026-04-30 20:52:37,235 - ⚠️ Clarke-Wright kẹt với K giới hạn. Chạy fallback K=999...
2026-04-30 20:52:37,555 -   Kết quả CW: Cost = 216041, Time = 0.294s
2026-04-30 20:52:37,555 - --- Step 2: Advanced Optimization (CPLEX MIP) ---
2026-04-30 20:52:37,556 - =========================================
2026-04-30 20:52:37,556 - BẮT ĐẦU OPTIMIZE  (100% CPLEX MIP)
2026-04-30 20:52:37,556 -  -> Max Single Size  : 20
2026-04-30 20:52:37,556 -  -> Single Timeout   : 40.0s
2026-04-30 20:52:37,556 -  -> Max Pairwise Size: 16
2026-04-30 20:52:37,556 -  -> Pairwise Timeout : 40.0s
2026-04-30 20:52:37,556 -  -> Global Timeout   : 1200.0s
2026-04-30 20:52:37,556 -  -> Chi phí khởi điểm: 216041
2026-04-30 20:52:37,556 - =========================================
2026-04-30 20:52:37,556 - === BẮT ĐẦU CHẶNG 4: CPLEX MIP CHÍNH XÁC | Cost: 216041 ===
2026-04-30 20:52:37,556 -   [GĐ 4.1] Giải bài toán TSP trên từng tuyến đơn...
2026-04-30 20:52:39,234 -     -> Single CPLEX cải thiện: 487. Cost mới: 215554
2026-04-30 20:52:39,234 -   [GĐ 4.2] Xét từng cặp tuyến để phân bổ lại khách hàng...
2026-04-30 20:52:39,234 -   --- Pairwise Iter 1 (còn 1198s) ---
2026-04-30 20:52:39,350 -     [P4.2] Pair (41,151) giảm 3 -> BEST = 215551
2026-04-30 20:52:39,368 -   --- Pairwise Iter 2 (còn 1198s) ---
2026-04-30 20:52:39,524 -     [P4.2] Pair (130,153) giảm 14 -> BEST = 215537
2026-04-30 20:52:39,541 -   --- Pairwise Iter 3 (còn 1198s) ---
2026-04-30 20:52:39,786 -     [P4.2] Pair (146,154) giảm 5 -> BEST = 215532
2026-04-30 20:52:39,805 -   --- Pairwise Iter 4 (còn 1198s) ---
2026-04-30 20:52:40,022 -     [P4.2] Pair (161,171) giảm 18 -> BEST = 215514
2026-04-30 20:52:40,039 -   --- Pairwise Iter 5 (còn 1198s) ---
2026-04-30 20:52:40,425 -     [P4.2] Pair (43,134) giảm 3 -> BEST = 215511
2026-04-30 20:52:40,441 -   --- Pairwise Iter 6 (còn 1197s) ---
2026-04-30 20:52:40,834 -     [P4.2] Pair (117,126) giảm 2 -> BEST = 215509
2026-04-30 20:52:40,854 -   --- Pairwise Iter 7 (còn 1197s) ---
2026-04-30 20:52:41,424 -     [P4.2] Pair (130,159) giảm 4 -> BEST = 215505
2026-04-30 20:52:41,442 -   --- Pairwise Iter 8 (còn 1196s) ---
2026-04-30 20:52:42,051 -     [P4.2] Pair (152,172) giảm 1 -> BEST = 215504
2026-04-30 20:52:42,068 -   --- Pairwise Iter 9 (còn 1195s) ---
2026-04-30 20:52:42,684 -     [P4.2] Pair (62,120) giảm 6 -> BEST = 215498
2026-04-30 20:52:42,701 -   --- Pairwise Iter 10 (còn 1195s) ---
2026-04-30 20:52:43,420 -     [P4.2] Pair (48,175) giảm 5 -> BEST = 215493
2026-04-30 20:52:43,438 -   --- Pairwise Iter 11 (còn 1194s) ---
2026-04-30 20:52:44,498 -     [P4.2] Pair (137,159) giảm 16 -> BEST = 215477
2026-04-30 20:52:44,508 -   --- Pairwise Iter 12 (còn 1193s) ---
2026-04-30 20:52:45,782 -     [P4.2] Pair (25,101) giảm 54 -> BEST = 215423
2026-04-30 20:52:45,799 -   --- Pairwise Iter 13 (còn 1192s) ---
2026-04-30 20:52:47,164 -     [P4.2] Pair (66,108) giảm 10 -> BEST = 215413
2026-04-30 20:52:47,183 -   --- Pairwise Iter 14 (còn 1190s) ---
2026-04-30 20:52:48,626 -     [P4.2] Pair (125,170) giảm 3 -> BEST = 215410
2026-04-30 20:52:48,649 -   --- Pairwise Iter 15 (còn 1189s) ---
2026-04-30 20:52:50,180 -     [P4.2] Pair (25,121) giảm 25 -> BEST = 215385
2026-04-30 20:52:50,196 -   --- Pairwise Iter 16 (còn 1187s) ---
2026-04-30 20:52:51,816 -     [P4.2] Pair (49,134) giảm 11 -> BEST = 215374
2026-04-30 20:52:51,835 -   --- Pairwise Iter 17 (còn 1186s) ---
2026-04-30 20:52:53,932 -     [P4.2] Pair (148,151) giảm 29 -> BEST = 215345
2026-04-30 20:52:53,948 -   --- Pairwise Iter 18 (còn 1184s) ---
2026-04-30 20:52:54,238 -     [P4.2] Pair (41,148) giảm 4 -> BEST = 215341
2026-04-30 20:52:54,264 -   --- Pairwise Iter 19 (còn 1183s) ---
2026-04-30 20:52:57,662 -     [P4.2] Pair (46,145) giảm 18 -> BEST = 215323
2026-04-30 20:52:57,678 -   --- Pairwise Iter 20 (còn 1180s) ---
2026-04-30 20:53:01,176 -     [P4.2] Pair (2,49) giảm 12 -> BEST = 215311
2026-04-30 20:53:01,194 -   --- Pairwise Iter 21 (còn 1176s) ---
2026-04-30 20:53:06,437 -     [P4.2] Pair (30,54) giảm 19 -> BEST = 215292
2026-04-30 20:53:06,455 -   --- Pairwise Iter 22 (còn 1171s) ---
2026-04-30 20:53:11,654 -     [P4.2] Pair (77,151) giảm 104 -> BEST = 215188
2026-04-30 20:53:11,672 -   --- Pairwise Iter 23 (còn 1166s) ---
2026-04-30 20:53:18,171 -     [P4.2] Pair (7,167) giảm 9 -> BEST = 215179
2026-04-30 20:53:18,192 -   --- Pairwise Iter 24 (còn 1159s) ---
2026-04-30 20:53:24,786 -     [P4.2] Pair (43,70) giảm 3 -> BEST = 215176
2026-04-30 20:53:24,802 -   --- Pairwise Iter 25 (còn 1153s) ---
2026-04-30 20:53:31,569 -     [P4.2] Pair (111,127) giảm 14 -> BEST = 215162
2026-04-30 20:53:31,587 -   --- Pairwise Iter 26 (còn 1146s) ---
2026-04-30 20:53:38,318 -     [P4.2] Pair (21,171) giảm 4 -> BEST = 215158
2026-04-30 20:53:38,340 -   --- Pairwise Iter 27 (còn 1139s) ---
2026-04-30 20:53:39,137 -     [P4.2] Pair (41,171) giảm 25 -> BEST = 215133
2026-04-30 20:53:39,155 -   --- Pairwise Iter 28 (còn 1138s) ---
2026-04-30 20:53:39,287 -     [P4.2] Pair (41,148) giảm 22 -> BEST = 215111
2026-04-30 20:53:39,305 -   --- Pairwise Iter 29 (còn 1138s) ---
2026-04-30 20:53:40,021 -     [P4.2] Pair (21,171) giảm 22 -> BEST = 215089
2026-04-30 20:53:40,040 -   --- Pairwise Iter 30 (còn 1138s) ---
2026-04-30 20:53:45,975 -     [P4.2] Pair (118,162) giảm 3 -> BEST = 215086
2026-04-30 20:53:45,993 -   --- Pairwise Iter 31 (còn 1132s) ---
2026-04-30 20:53:51,942 -     [P4.2] Pair (125,137) giảm 36 -> BEST = 215050
2026-04-30 20:53:51,950 -   --- Pairwise Iter 32 (còn 1126s) ---
2026-04-30 20:53:58,718 -     [P4.2] Pair (43,49) giảm 1 -> BEST = 215049
2026-04-30 20:53:58,736 -   --- Pairwise Iter 33 (còn 1119s) ---
2026-04-30 20:54:06,105 -     [P4.2] Pair (97,105) giảm 9 -> BEST = 215040
2026-04-30 20:54:06,127 -   --- Pairwise Iter 34 (còn 1111s) ---
2026-04-30 20:54:13,758 -     [P4.2] Pair (97,101) giảm 6 -> BEST = 215034
2026-04-30 20:54:13,777 -   --- Pairwise Iter 35 (còn 1104s) ---
2026-04-30 20:54:21,302 -     [P4.2] Pair (152,158) giảm 5 -> BEST = 215029
2026-04-30 20:54:21,321 -   --- Pairwise Iter 36 (còn 1096s) ---
2026-04-30 20:54:28,817 -     [P4.2] Pair (3,168) giảm 13 -> BEST = 215016
2026-04-30 20:54:28,835 -   --- Pairwise Iter 37 (còn 1089s) ---
2026-04-30 20:54:36,542 -     [P4.2] Pair (40,84) giảm 62 -> BEST = 214954
2026-04-30 20:54:36,560 -   --- Pairwise Iter 38 (còn 1081s) ---
2026-04-30 20:54:44,405 -     [P4.2] Pair (83,90) giảm 50 -> BEST = 214904
2026-04-30 20:54:44,423 -   --- Pairwise Iter 39 (còn 1073s) ---
2026-04-30 20:54:52,727 -     [P4.2] Pair (59,93) giảm 42 -> BEST = 214862
2026-04-30 20:54:52,743 -   --- Pairwise Iter 40 (còn 1065s) ---
2026-04-30 20:55:01,238 -     [P4.2] Pair (99,108) giảm 16 -> BEST = 214846
2026-04-30 20:55:01,256 -   --- Pairwise Iter 41 (còn 1056s) ---
2026-04-30 20:55:09,553 -     [P4.2] Pair (70,99) giảm 2 -> BEST = 214844
2026-04-30 20:55:09,568 -   --- Pairwise Iter 42 (còn 1048s) ---
2026-04-30 20:55:17,283 -     [P4.2] Pair (43,99) giảm 4 -> BEST = 214840
2026-04-30 20:55:17,299 -   --- Pairwise Iter 43 (còn 1040s) ---
2026-04-30 20:55:25,825 -     [P4.2] Pair (136,181) giảm 1 -> BEST = 214839
2026-04-30 20:55:25,842 -   --- Pairwise Iter 44 (còn 1032s) ---
2026-04-30 20:55:28,922 -     [P4.2] Pair (129,136) giảm 6 -> BEST = 214833
2026-04-30 20:55:28,941 -   --- Pairwise Iter 45 (còn 1029s) ---
2026-04-30 20:55:33,857 -     [P4.2] Pair (136,160) giảm 4 -> BEST = 214829
2026-04-30 20:55:33,874 -   --- Pairwise Iter 46 (còn 1024s) ---
2026-04-30 20:55:35,996 -     [P4.2] Pair (136,180) giảm 1 -> BEST = 214828
2026-04-30 20:55:36,013 -   --- Pairwise Iter 47 (còn 1022s) ---
2026-04-30 20:55:41,979 -     [P4.2] Pair (146,180) giảm 3 -> BEST = 214825
2026-04-30 20:55:41,996 -   --- Pairwise Iter 48 (còn 1016s) ---
2026-04-30 20:55:46,981 -     [P4.2] Pair (154,180) giảm 3 -> BEST = 214822
2026-04-30 20:55:46,999 -   --- Pairwise Iter 49 (còn 1011s) ---
2026-04-30 20:55:54,156 -     [P4.2] Pair (152,154) giảm 11 -> BEST = 214811
2026-04-30 20:55:54,173 -   --- Pairwise Iter 50 (còn 1003s) ---
2026-04-30 20:56:03,383 -     [P4.2] Pair (148,151) giảm 8 -> BEST = 214803
2026-04-30 20:56:03,407 -   --- Pairwise Iter 51 (còn 994s) ---
2026-04-30 20:56:06,048 -     [P4.2] Pair (41,148) giảm 1 -> BEST = 214802
2026-04-30 20:56:06,073 -   --- Pairwise Iter 52 (còn 991s) ---
2026-04-30 20:56:15,272 -     [P4.2] Pair (148,151) giảm 5 -> BEST = 214797
2026-04-30 20:56:15,289 -   --- Pairwise Iter 53 (còn 982s) ---
2026-04-30 20:56:25,039 -     [P4.2] Pair (24,104) giảm 11 -> BEST = 214786
2026-04-30 20:56:25,057 -   --- Pairwise Iter 54 (còn 972s) ---
2026-04-30 20:56:34,846 -     [P4.2] Pair (39,124) giảm 32 -> BEST = 214754
2026-04-30 20:56:34,872 -   --- Pairwise Iter 55 (còn 963s) ---
2026-04-30 20:56:43,442 -     [P4.2] Pair (39,51) giảm 11 -> BEST = 214743
2026-04-30 20:56:43,464 -   --- Pairwise Iter 56 (còn 954s) ---
2026-04-30 20:56:53,422 -     [P4.2] Pair (77,139) giảm 55 -> BEST = 214688
2026-04-30 20:56:53,437 -   --- Pairwise Iter 57 (còn 944s) ---
2026-04-30 20:57:03,660 -     [P4.2] Pair (145,147) giảm 17 -> BEST = 214671
2026-04-30 20:57:03,681 -   --- Pairwise Iter 58 (còn 934s) ---
2026-04-30 20:57:08,213 -     [P4.2] Pair (80,147) giảm 1 -> BEST = 214670
2026-04-30 20:57:08,231 -   --- Pairwise Iter 59 (còn 929s) ---
2026-04-30 20:57:18,282 -     [P4.2] Pair (168,179) giảm 50 -> BEST = 214620
2026-04-30 20:57:18,300 -   --- Pairwise Iter 60 (còn 919s) ---
2026-04-30 20:57:24,087 -     [P4.2] Pair (3,179) giảm 24 -> BEST = 214596
2026-04-30 20:57:24,098 -   --- Pairwise Iter 61 (còn 913s) ---
2026-04-30 20:57:34,361 -     [P4.2] Pair (11,112) giảm 22 -> BEST = 214574
2026-04-30 20:57:34,379 -   --- Pairwise Iter 62 (còn 903s) ---
2026-04-30 20:57:44,793 -     [P4.2] Pair (27,106) giảm 9 -> BEST = 214565
2026-04-30 20:57:44,811 -   --- Pairwise Iter 63 (còn 893s) ---
2026-04-30 20:57:56,060 -     [P4.2] Pair (143,144) giảm 1 -> BEST = 214564
2026-04-30 20:57:56,077 -   --- Pairwise Iter 64 (còn 881s) ---
2026-04-30 20:58:05,421 -     [P4.2] Pair (142,143) giảm 11 -> BEST = 214553
2026-04-30 20:58:05,439 -   --- Pairwise Iter 65 (còn 872s) ---
2026-04-30 20:58:17,267 -     [P4.2] Pair (78,79) giảm 15 -> BEST = 214538
2026-04-30 20:58:17,285 -   --- Pairwise Iter 66 (còn 860s) ---
2026-04-30 20:58:21,133 -     [P4.2] Pair (53,78) giảm 23 -> BEST = 214515
2026-04-30 20:58:21,156 -   --- Pairwise Iter 67 (còn 856s) ---
2026-04-30 20:58:32,781 -     [P4.2] Pair (53,158) giảm 25 -> BEST = 214490
2026-04-30 20:58:32,797 -   --- Pairwise Iter 68 (còn 845s) ---
2026-04-30 20:58:44,474 -     [P4.2] Pair (53,172) giảm 46 -> BEST = 214444
2026-04-30 20:58:44,483 -   --- Pairwise Iter 69 (còn 833s) ---
2026-04-30 20:58:56,272 -     [P4.2] Pair (89,91) giảm 24 -> BEST = 214420
2026-04-30 20:58:56,289 -   --- Pairwise Iter 70 (còn 821s) ---
2026-04-30 20:59:08,767 -     [P4.2] Pair (116,135) giảm 3 -> BEST = 214417
2026-04-30 20:59:08,790 -   --- Pairwise Iter 71 (còn 809s) ---
2026-04-30 20:59:23,033 -     [P4.2] Pair (96,170) giảm 4 -> BEST = 214413
2026-04-30 20:59:23,053 -   --- Pairwise Iter 72 (còn 795s) ---
2026-04-30 20:59:38,276 -     [P4.2] Pair (2,121) giảm 21 -> BEST = 214392
2026-04-30 20:59:38,293 -   --- Pairwise Iter 73 (còn 779s) ---
2026-04-30 20:59:38,646 -     [P4.2] Pair (49,121) giảm 18 -> BEST = 214374
2026-04-30 20:59:38,666 -   --- Pairwise Iter 74 (còn 779s) ---
2026-04-30 20:59:45,711 -     [P4.2] Pair (43,121) giảm 2 -> BEST = 214372
2026-04-30 20:59:45,728 -   --- Pairwise Iter 75 (còn 772s) ---
2026-04-30 20:59:59,468 -     [P4.2] Pair (49,131) giảm 23 -> BEST = 214349
2026-04-30 20:59:59,487 -   --- Pairwise Iter 76 (còn 758s) ---
2026-04-30 21:00:04,084 -     [P4.2] Pair (43,49) giảm 1 -> BEST = 214348
2026-04-30 21:00:04,103 -   --- Pairwise Iter 77 (còn 753s) ---
2026-04-30 21:00:04,843 -     [P4.2] Pair (49,121) giảm 23 -> BEST = 214325
2026-04-30 21:00:04,858 -   --- Pairwise Iter 78 (còn 753s) ---
2026-04-30 21:00:11,967 -     [P4.2] Pair (49,99) giảm 379 -> BEST = 213946
2026-04-30 21:00:11,976 -   --- Pairwise Iter 79 (còn 746s) ---
2026-04-30 21:00:19,107 -     [P4.2] Pair (49,121) giảm 2 -> BEST = 213944
2026-04-30 21:00:19,125 -   --- Pairwise Iter 80 (còn 738s) ---
2026-04-30 21:00:19,396 -     [P4.2] Pair (43,121) giảm 5 -> BEST = 213939
2026-04-30 21:00:19,413 -   --- Pairwise Iter 81 (còn 738s) ---
2026-04-30 21:00:34,470 -     [P4.2] Pair (30,77) giảm 84 -> BEST = 213855
2026-04-30 21:00:34,489 -   --- Pairwise Iter 82 (còn 723s) ---
2026-04-30 21:00:49,747 -     [P4.2] Pair (86,170) giảm 14 -> BEST = 213841
2026-04-30 21:00:49,764 -   --- Pairwise Iter 83 (còn 708s) ---
2026-04-30 21:01:05,169 -     [P4.2] Pair (55,86) giảm 51 -> BEST = 213790
2026-04-30 21:01:05,188 -   --- Pairwise Iter 84 (còn 692s) ---
2026-04-30 21:01:20,769 -     [P4.2] Pair (90,116) giảm 22 -> BEST = 213768
2026-04-30 21:01:20,784 -   --- Pairwise Iter 85 (còn 677s) ---
2026-04-30 21:01:34,272 -     [P4.2] Pair (68,116) giảm 29 -> BEST = 213739
2026-04-30 21:01:34,288 -   --- Pairwise Iter 86 (còn 663s) ---
2026-04-30 21:01:46,900 -     [P4.2] Pair (68,133) giảm 12 -> BEST = 213727
2026-04-30 21:01:46,915 -   --- Pairwise Iter 87 (còn 651s) ---
2026-04-30 21:01:58,592 -     [P4.2] Pair (68,144) giảm 17 -> BEST = 213710
2026-04-30 21:01:58,607 -   --- Pairwise Iter 88 (còn 639s) ---
2026-04-30 21:02:10,249 -     [P4.2] Pair (68,142) giảm 28 -> BEST = 213682
2026-04-30 21:02:10,266 -   --- Pairwise Iter 89 (còn 627s) ---
2026-04-30 21:02:19,656 -     [P4.2] Pair (68,143) giảm 3 -> BEST = 213679
2026-04-30 21:02:19,671 -   --- Pairwise Iter 90 (còn 618s) ---
2026-04-30 21:02:35,006 -     [P4.2] Pair (137,140) giảm 20 -> BEST = 213659
2026-04-30 21:02:35,020 -   --- Pairwise Iter 91 (còn 603s) ---
2026-04-30 21:02:50,543 -     [P4.2] Pair (38,81) giảm 13 -> BEST = 213646
2026-04-30 21:02:50,561 -   --- Pairwise Iter 92 (còn 587s) ---
2026-04-30 21:03:06,806 -     [P4.2] Pair (139,181) giảm 55 -> BEST = 213591
2026-04-30 21:03:06,822 -   --- Pairwise Iter 93 (còn 571s) ---
2026-04-30 21:03:06,901 -     [P4.2] Pair (129,139) giảm 21 -> BEST = 213570
2026-04-30 21:03:06,918 -   --- Pairwise Iter 94 (còn 571s) ---
2026-04-30 21:03:08,638 -     [P4.2] Pair (129,160) giảm 10 -> BEST = 213560
2026-04-30 21:03:08,653 -   --- Pairwise Iter 95 (còn 569s) ---
2026-04-30 21:03:10,386 -     [P4.2] Pair (129,136) giảm 12 -> BEST = 213548
2026-04-30 21:03:10,401 -   --- Pairwise Iter 96 (còn 567s) ---
2026-04-30 21:03:11,253 -     [P4.2] Pair (129,146) giảm 13 -> BEST = 213535
2026-04-30 21:03:11,271 -   --- Pairwise Iter 97 (còn 566s) ---
2026-04-30 21:03:16,161 -     [P4.2] Pair (129,152) giảm 3 -> BEST = 213532
2026-04-30 21:03:16,180 -   --- Pairwise Iter 98 (còn 561s) ---
2026-04-30 21:03:23,757 -     [P4.2] Pair (152,180) giảm 6 -> BEST = 213526
2026-04-30 21:03:23,772 -   --- Pairwise Iter 99 (còn 554s) ---
2026-04-30 21:03:24,038 -     [P4.2] Pair (129,180) giảm 2 -> BEST = 213524
2026-04-30 21:03:24,056 -   --- Pairwise Iter 100 (còn 553s) ---
2026-04-30 21:03:35,587 -     [P4.2] Pair (152,178) giảm 11 -> BEST = 213513
2026-04-30 21:03:35,597 -   --- Pairwise Iter 101 (còn 542s) ---
2026-04-30 21:03:48,227 -     [P4.2] Pair (146,152) giảm 4 -> BEST = 213509
2026-04-30 21:03:48,245 -   --- Pairwise Iter 102 (còn 529s) ---
2026-04-30 21:04:05,190 -     [P4.2] Pair (149,181) giảm 3 -> BEST = 213506
2026-04-30 21:04:05,210 -   --- Pairwise Iter 103 (còn 512s) ---
2026-04-30 21:04:23,959 -     [P4.2] Pair (74,100) giảm 8 -> BEST = 213498
2026-04-30 21:04:23,978 -   --- Pairwise Iter 104 (còn 494s) ---
2026-04-30 21:04:29,069 -     [P4.2] Pair (100,157) giảm 26 -> BEST = 213472
2026-04-30 21:04:29,094 -   --- Pairwise Iter 105 (còn 488s) ---
2026-04-30 21:04:29,893 -     [P4.2] Pair (157,177) giảm 15 -> BEST = 213457
2026-04-30 21:04:29,911 -   --- Pairwise Iter 106 (còn 488s) ---
2026-04-30 21:04:40,309 -     [P4.2] Pair (126,157) giảm 14 -> BEST = 213443
2026-04-30 21:04:40,329 -   --- Pairwise Iter 107 (còn 477s) ---
2026-04-30 21:04:44,330 -     [P4.2] Pair (126,177) giảm 1 -> BEST = 213442
2026-04-30 21:04:44,346 -   --- Pairwise Iter 108 (còn 473s) ---
2026-04-30 21:04:50,519 -     [P4.2] Pair (110,177) giảm 6 -> BEST = 213436
2026-04-30 21:04:50,536 -   --- Pairwise Iter 109 (còn 467s) ---
2026-04-30 21:05:06,789 -     [P4.2] Pair (151,177) giảm 70 -> BEST = 213366
2026-04-30 21:05:06,797 -   --- Pairwise Iter 110 (còn 451s) ---
2026-04-30 21:05:25,672 -     [P4.2] Pair (9,76) giảm 2 -> BEST = 213364
2026-04-30 21:05:25,690 -   --- Pairwise Iter 111 (còn 432s) ---
2026-04-30 21:05:44,774 -     [P4.2] Pair (13,66) giảm 25 -> BEST = 213339
2026-04-30 21:05:44,792 -   --- Pairwise Iter 112 (còn 413s) ---
2026-04-30 21:06:04,669 -     [P4.2] Pair (74,165) giảm 3 -> BEST = 213336
2026-04-30 21:06:04,688 -   --- Pairwise Iter 113 (còn 393s) ---
2026-04-30 21:06:10,414 -     [P4.2] Pair (42,74) giảm 6 -> BEST = 213330
2026-04-30 21:06:10,433 -   --- Pairwise Iter 114 (còn 387s) ---
2026-04-30 21:06:16,459 -     [P4.2] Pair (117,165) giảm 2 -> BEST = 213328
2026-04-30 21:06:16,476 -   --- Pairwise Iter 115 (còn 381s) ---
2026-04-30 21:06:26,042 -     [P4.2] Pair (117,157) giảm 6 -> BEST = 213322
2026-04-30 21:06:26,066 -   --- Pairwise Iter 116 (còn 371s) ---
2026-04-30 21:06:46,642 -     [P4.2] Pair (9,18) giảm 18 -> BEST = 213304
2026-04-30 21:06:46,663 -   --- Pairwise Iter 117 (còn 351s) ---
2026-04-30 21:07:05,736 -     [P4.2] Pair (9,76) giảm 2 -> BEST = 213302
2026-04-30 21:07:05,754 -   --- Pairwise Iter 118 (còn 332s) ---
2026-04-30 21:07:26,103 -     [P4.2] Pair (9,37) giảm 126 -> BEST = 213176
2026-04-30 21:07:26,119 -   --- Pairwise Iter 119 (còn 311s) ---
2026-04-30 21:07:47,096 -     [P4.2] Pair (42,165) giảm 24 -> BEST = 213152
2026-04-30 21:07:47,115 -   --- Pairwise Iter 120 (còn 290s) ---
2026-04-30 21:07:47,819 -     [P4.2] Pair (157,165) giảm 20 -> BEST = 213132
2026-04-30 21:07:47,836 -   --- Pairwise Iter 121 (còn 290s) ---
2026-04-30 21:07:56,943 -     [P4.2] Pair (65,165) giảm 6 -> BEST = 213126
2026-04-30 21:07:56,959 -   --- Pairwise Iter 122 (còn 281s) ---
2026-04-30 21:08:07,014 -     [P4.2] Pair (65,151) giảm 17 -> BEST = 213109
2026-04-30 21:08:07,036 -   --- Pairwise Iter 123 (còn 271s) ---
2026-04-30 21:08:10,540 -     [P4.2] Pair (65,155) giảm 15 -> BEST = 213094
2026-04-30 21:08:10,556 -   --- Pairwise Iter 124 (còn 267s) ---
2026-04-30 21:08:22,619 -     [P4.2] Pair (148,155) giảm 7 -> BEST = 213087
2026-04-30 21:08:22,636 -   --- Pairwise Iter 125 (còn 255s) ---
2026-04-30 21:08:43,883 -     [P4.2] Pair (86,140) giảm 50 -> BEST = 213037
2026-04-30 21:08:43,893 -   --- Pairwise Iter 126 (còn 234s) ---
2026-04-30 21:08:53,618 -     [P4.2] Pair (137,140) giảm 9 -> BEST = 213028
2026-04-30 21:08:53,636 -   --- Pairwise Iter 127 (còn 224s) ---
2026-04-30 21:09:15,487 -     [P4.2] Pair (147,148) giảm 20 -> BEST = 213008
2026-04-30 21:09:15,503 -   --- Pairwise Iter 128 (còn 202s) ---
2026-04-30 21:09:15,968 -     [P4.2] Pair (147,154) giảm 95 -> BEST = 212913
2026-04-30 21:09:15,977 -   --- Pairwise Iter 129 (còn 202s) ---
2026-04-30 21:09:27,767 -     [P4.2] Pair (147,166) giảm 8 -> BEST = 212905
2026-04-30 21:09:27,775 -   --- Pairwise Iter 130 (còn 190s) ---
2026-04-30 21:09:37,836 -     [P4.2] Pair (129,147) giảm 32 -> BEST = 212873
2026-04-30 21:09:37,845 -   --- Pairwise Iter 131 (còn 180s) ---
2026-04-30 21:09:38,281 -     [P4.2] Pair (147,180) giảm 2 -> BEST = 212871
2026-04-30 21:09:38,300 -   --- Pairwise Iter 132 (còn 179s) ---
2026-04-30 21:09:59,989 -     [P4.2] Pair (7,163) giảm 19 -> BEST = 212852
2026-04-30 21:10:00,007 -   --- Pairwise Iter 133 (còn 158s) ---
2026-04-30 21:10:02,709 -     [P4.2] Pair (7,167) giảm 9 -> BEST = 212843
2026-04-30 21:10:02,724 -   --- Pairwise Iter 134 (còn 155s) ---
2026-04-30 21:10:24,650 -     [P4.2] Pair (25,105) giảm 24 -> BEST = 212819
2026-04-30 21:10:24,665 -   --- Pairwise Iter 135 (còn 133s) ---
2026-04-30 21:10:32,342 -     [P4.2] Pair (2,25) giảm 32 -> BEST = 212787
2026-04-30 21:10:32,359 -   --- Pairwise Iter 136 (còn 125s) ---
2026-04-30 21:10:34,585 -     [P4.2] Pair (25,131) giảm 3 -> BEST = 212784
2026-04-30 21:10:34,602 -   --- Pairwise Iter 137 (còn 123s) ---
2026-04-30 21:10:57,603 -     [P4.2] Pair (12,33) giảm 29 -> BEST = 212755
2026-04-30 21:10:57,620 -   --- Pairwise Iter 138 (còn 100s) ---
2026-04-30 21:11:20,957 -     [P4.2] Pair (91,141) giảm 26 -> BEST = 212729
2026-04-30 21:11:20,973 -   --- Pairwise Iter 139 (còn 77s) ---
2026-04-30 21:11:30,841 -     [P4.2] Pair (89,91) giảm 38 -> BEST = 212691
2026-04-30 21:11:30,857 -   --- Pairwise Iter 140 (còn 67s) ---
2026-04-30 21:11:55,215 -     [P4.2] Pair (59,62) giảm 11 -> BEST = 212680
2026-04-30 21:11:55,233 -   --- Pairwise Iter 141 (còn 42s) ---
2026-04-30 21:11:56,050 -     [P4.2] Pair (59,120) giảm 10 -> BEST = 212670
2026-04-30 21:11:56,067 -   --- Pairwise Iter 142 (còn 41s) ---
2026-04-30 21:12:20,589 -     [P4.2] Pair (80,154) giảm 53 -> BEST = 212617
2026-04-30 21:12:20,612 -   --- Pairwise Iter 143 (còn 17s) ---
2026-04-30 21:12:35,621 -     -> Đã đạt cực trị toàn cục cho mọi cặp dưới ngưỡng. KẾT THÚC CHẶNG 4.
2026-04-30 21:12:35,621 - Hoàn thành trong 1198.1s. Final Cost: 212617
2026-04-30 21:12:35,621 - ======================================================================
2026-04-30 21:12:35,621 - BÁO CÁO TỔNG KẾT (SUMMARY)
2026-04-30 21:12:35,622 - ======================================================================
2026-04-30 21:12:35,622 -   1. Chi phí Clarke-Wright:     216041
2026-04-30 21:12:35,622 -   2. Chi phí sau CPLEX MIP:     212617
2026-04-30 21:12:35,622 -   => TỔNG CẢI THIỆN:            3424
2026-04-30 21:12:35,622 -   => Số lần CPLEX Single cải thiện  : 59 lần
2026-04-30 21:12:35,622 -   => Số lần CPLEX Pairwise cải thiện: 142 lần
2026-04-30 21:12:35,622 -   => TỔNG THỜI GIAN CHẠY:       1198.360s
2026-04-30 21:12:35,627 - ======================================================================
2026-04-30 21:12:35,627 - CPLEX MIP SOLVER  |  FILE: X-n599-k92.vrp
2026-04-30 21:12:35,627 - ======================================================================
2026-04-30 21:12:36,143 - Thông tin dữ liệu: Dimension=599, K=92, Capacity=487
2026-04-30 21:12:36,143 - --- Step 1: Clarke-Wright Heuristic ---
2026-04-30 21:43:46,182 - ⚠️ Clarke-Wright kẹt với K giới hạn. Chạy fallback K=999...
2026-04-30 21:43:46,493 -   Kết quả CW: Cost = 188242, Time = 0.283s
2026-04-30 21:43:46,494 - --- Step 2: Advanced Optimization (CPLEX MIP) ---
2026-04-30 21:43:46,494 - =========================================
2026-04-30 21:43:46,494 - BẮT ĐẦU OPTIMIZE  (100% CPLEX MIP)
2026-04-30 21:43:46,494 -  -> Max Single Size  : 20
2026-04-30 21:43:46,494 -  -> Single Timeout   : 40.0s
2026-04-30 21:43:46,494 -  -> Max Pairwise Size: 22
2026-04-30 21:43:46,494 -  -> Pairwise Timeout : 66.0s
2026-04-30 21:43:46,494 -  -> Global Timeout   : 1200.0s
2026-04-30 21:43:46,494 -  -> Chi phí khởi điểm: 188242
2026-04-30 21:43:46,494 - =========================================
2026-04-30 21:43:46,495 - === BẮT ĐẦU CHẶNG 4: CPLEX MIP CHÍNH XÁC | Cost: 188242 ===
2026-04-30 21:43:46,495 -   [GĐ 4.1] Giải bài toán TSP trên từng tuyến đơn...
2026-04-30 21:43:48,147 -     -> Single CPLEX cải thiện: 1089. Cost mới: 187153
2026-04-30 21:43:48,147 -   [GĐ 4.2] Xét từng cặp tuyến để phân bổ lại khách hàng...
2026-04-30 21:43:48,147 -   --- Pairwise Iter 1 (còn 1198s) ---
2026-04-30 21:43:48,215 -     [P4.2] Pair (5,9) giảm 69 -> BEST = 187084
2026-04-30 21:43:48,226 -   --- Pairwise Iter 2 (còn 1198s) ---
2026-04-30 21:43:49,310 -     [P4.2] Pair (24,55) giảm 11 -> BEST = 187073
2026-04-30 21:43:49,332 -   --- Pairwise Iter 3 (còn 1197s) ---
2026-04-30 21:43:49,504 -     [P4.2] Pair (87,121) giảm 14 -> BEST = 187059
2026-04-30 21:43:49,533 -   --- Pairwise Iter 4 (còn 1197s) ---
2026-04-30 21:43:49,618 -     [P4.2] Pair (128,147) giảm 46 -> BEST = 187013
2026-04-30 21:43:49,631 -   --- Pairwise Iter 5 (còn 1197s) ---
2026-04-30 21:43:49,729 -     [P4.2] Pair (117,165) giảm 134 -> BEST = 186879
2026-04-30 21:43:49,744 -   --- Pairwise Iter 6 (còn 1197s) ---
2026-04-30 21:43:49,824 -     [P4.2] Pair (32,167) giảm 112 -> BEST = 186767
2026-04-30 21:43:49,834 -   --- Pairwise Iter 7 (còn 1197s) ---
2026-04-30 21:43:50,097 -     [P4.2] Pair (150,155) giảm 70 -> BEST = 186697
2026-04-30 21:43:50,127 -   --- Pairwise Iter 8 (còn 1196s) ---
2026-04-30 21:43:50,308 -     [P4.2] Pair (125,134) giảm 54 -> BEST = 186643
2026-04-30 21:43:50,327 -   --- Pairwise Iter 9 (còn 1196s) ---
2026-04-30 21:43:50,518 -     [P4.2] Pair (40,160) giảm 87 -> BEST = 186556
2026-04-30 21:43:50,534 -   --- Pairwise Iter 10 (còn 1196s) ---
2026-04-30 21:43:50,692 -     [P4.2] Pair (101,165) giảm 62 -> BEST = 186494
2026-04-30 21:43:50,702 -   --- Pairwise Iter 11 (còn 1196s) ---
2026-04-30 21:43:50,998 -     [P4.2] Pair (44,123) giảm 94 -> BEST = 186400
2026-04-30 21:43:51,022 -   --- Pairwise Iter 12 (còn 1195s) ---
2026-04-30 21:43:51,311 -     [P4.2] Pair (52,159) giảm 93 -> BEST = 186307
2026-04-30 21:43:51,340 -   --- Pairwise Iter 13 (còn 1195s) ---
2026-04-30 21:43:51,519 -     [P4.2] Pair (23,118) giảm 87 -> BEST = 186220
2026-04-30 21:43:51,537 -   --- Pairwise Iter 14 (còn 1195s) ---
2026-04-30 21:43:52,818 -     [P4.2] Pair (78,97) giảm 111 -> BEST = 186109
2026-04-30 21:43:52,840 -   --- Pairwise Iter 15 (còn 1194s) ---
2026-04-30 21:43:54,139 -     [P4.2] Pair (46,114) giảm 74 -> BEST = 186035
2026-04-30 21:43:54,159 -   --- Pairwise Iter 16 (còn 1192s) ---
2026-04-30 21:43:55,487 -     [P4.2] Pair (16,68) giảm 82 -> BEST = 185953
2026-04-30 21:43:55,500 -   --- Pairwise Iter 17 (còn 1191s) ---
2026-04-30 21:43:56,829 -     [P4.2] Pair (41,146) giảm 62 -> BEST = 185891
2026-04-30 21:43:56,845 -   --- Pairwise Iter 18 (còn 1190s) ---
2026-04-30 21:43:58,459 -     [P4.2] Pair (42,142) giảm 47 -> BEST = 185844
2026-04-30 21:43:58,483 -   --- Pairwise Iter 19 (còn 1188s) ---
2026-04-30 21:44:00,165 -     [P4.2] Pair (46,133) giảm 71 -> BEST = 185773
2026-04-30 21:44:00,189 -   --- Pairwise Iter 20 (còn 1186s) ---
2026-04-30 21:44:01,615 -     [P4.2] Pair (134,168) giảm 27 -> BEST = 185746
2026-04-30 21:44:01,635 -   --- Pairwise Iter 21 (còn 1185s) ---
2026-04-30 21:44:03,066 -     [P4.2] Pair (85,111) giảm 146 -> BEST = 185600
2026-04-30 21:44:03,082 -   --- Pairwise Iter 22 (còn 1183s) ---
2026-04-30 21:44:04,480 -     [P4.2] Pair (33,154) giảm 57 -> BEST = 185543
2026-04-30 21:44:04,505 -   --- Pairwise Iter 23 (còn 1182s) ---
2026-04-30 21:44:05,925 -     [P4.2] Pair (151,168) giảm 65 -> BEST = 185478
2026-04-30 21:44:05,947 -   --- Pairwise Iter 24 (còn 1181s) ---
2026-04-30 21:44:07,650 -     [P4.2] Pair (22,62) giảm 8 -> BEST = 185470
2026-04-30 21:44:07,673 -   --- Pairwise Iter 25 (còn 1179s) ---
2026-04-30 21:44:10,145 -     [P4.2] Pair (27,69) giảm 16 -> BEST = 185454
2026-04-30 21:44:10,173 -   --- Pairwise Iter 26 (còn 1176s) ---
2026-04-30 21:44:11,963 -     [P4.2] Pair (7,83) giảm 143 -> BEST = 185311
2026-04-30 21:44:11,976 -   --- Pairwise Iter 27 (còn 1175s) ---
2026-04-30 21:44:14,044 -     [P4.2] Pair (54,122) giảm 68 -> BEST = 185243
2026-04-30 21:44:14,060 -   --- Pairwise Iter 28 (còn 1172s) ---
2026-04-30 21:44:16,155 -     [P4.2] Pair (82,164) giảm 59 -> BEST = 185184
2026-04-30 21:44:16,170 -   --- Pairwise Iter 29 (còn 1170s) ---
2026-04-30 21:44:18,295 -     [P4.2] Pair (83,132) giảm 14 -> BEST = 185170
2026-04-30 21:44:18,314 -   --- Pairwise Iter 30 (còn 1168s) ---
2026-04-30 21:44:20,747 -     [P4.2] Pair (117,149) giảm 133 -> BEST = 185037
2026-04-30 21:44:20,775 -   --- Pairwise Iter 31 (còn 1166s) ---
2026-04-30 21:44:23,332 -     [P4.2] Pair (38,60) giảm 64 -> BEST = 184973
2026-04-30 21:44:23,346 -   --- Pairwise Iter 32 (còn 1163s) ---
2026-04-30 21:44:53,500 -     [P4.2] Pair (39,107) giảm 59 -> BEST = 184914
2026-04-30 21:44:53,531 -   --- Pairwise Iter 33 (còn 1133s) ---
2026-04-30 21:45:23,996 -     [P4.2] Pair (14,86) giảm 67 -> BEST = 184847
2026-04-30 21:45:24,016 -   --- Pairwise Iter 34 (còn 1102s) ---
2026-04-30 21:45:54,654 -     [P4.2] Pair (72,113) giảm 69 -> BEST = 184778
2026-04-30 21:45:54,669 -   --- Pairwise Iter 35 (còn 1072s) ---
2026-04-30 21:46:25,150 -     [P4.2] Pair (73,77) giảm 38 -> BEST = 184740
2026-04-30 21:46:25,170 -   --- Pairwise Iter 36 (còn 1041s) ---
2026-04-30 21:46:55,745 -     [P4.2] Pair (79,163) giảm 43 -> BEST = 184697
2026-04-30 21:46:55,757 -   --- Pairwise Iter 37 (còn 1011s) ---
2026-04-30 21:47:26,342 -     [P4.2] Pair (91,136) giảm 37 -> BEST = 184660
2026-04-30 21:47:26,361 -   --- Pairwise Iter 38 (còn 980s) ---
2026-04-30 21:47:57,090 -     [P4.2] Pair (4,33) giảm 22 -> BEST = 184638
2026-04-30 21:47:57,101 -   --- Pairwise Iter 39 (còn 949s) ---
2026-04-30 21:48:28,281 -     [P4.2] Pair (8,97) giảm 2 -> BEST = 184636
2026-04-30 21:48:28,307 -   --- Pairwise Iter 40 (còn 918s) ---
2026-04-30 21:48:59,714 -     [P4.2] Pair (10,16) giảm 35 -> BEST = 184601
2026-04-30 21:48:59,729 -   --- Pairwise Iter 41 (còn 887s) ---
2026-04-30 21:49:31,080 -     [P4.2] Pair (16,31) giảm 42 -> BEST = 184559
2026-04-30 21:49:31,091 -   --- Pairwise Iter 42 (còn 855s) ---
2026-04-30 21:50:02,444 -     [P4.2] Pair (18,127) giảm 69 -> BEST = 184490
2026-04-30 21:50:02,464 -   --- Pairwise Iter 43 (còn 824s) ---
2026-04-30 21:50:34,521 -     [P4.2] Pair (26,119) giảm 47 -> BEST = 184443
2026-04-30 21:50:34,547 -   --- Pairwise Iter 44 (còn 792s) ---
2026-04-30 21:51:07,065 -     [P4.2] Pair (1,27) giảm 38 -> BEST = 184405
2026-04-30 21:51:07,088 -   --- Pairwise Iter 45 (còn 759s) ---
2026-04-30 21:51:40,459 -     [P4.2] Pair (18,137) giảm 91 -> BEST = 184314
2026-04-30 21:51:40,490 -   --- Pairwise Iter 46 (còn 726s) ---
2026-04-30 21:52:13,332 -     [P4.2] Pair (19,55) giảm 6 -> BEST = 184308
2026-04-30 21:52:13,351 -   --- Pairwise Iter 47 (còn 693s) ---
2026-04-30 21:52:16,707 -     [P4.2] Pair (24,55) giảm 19 -> BEST = 184289
2026-04-30 21:52:16,738 -   --- Pairwise Iter 48 (còn 690s) ---
2026-04-30 21:52:53,157 -     [P4.2] Pair (30,84) giảm 30 -> BEST = 184259
2026-04-30 21:52:53,186 -   --- Pairwise Iter 49 (còn 653s) ---
2026-04-30 21:53:30,725 -     [P4.2] Pair (39,139) giảm 147 -> BEST = 184112
2026-04-30 21:53:30,760 -   --- Pairwise Iter 50 (còn 616s) ---
2026-04-30 21:53:34,895 -     [P4.2] Pair (107,139) giảm 18 -> BEST = 184094
2026-04-30 21:53:34,922 -   --- Pairwise Iter 51 (còn 612s) ---
2026-04-30 21:53:43,552 -     [P4.2] Pair (74,144) giảm 147 -> BEST = 183947
2026-04-30 21:53:43,574 -   --- Pairwise Iter 52 (còn 603s) ---
2026-04-30 21:53:52,145 -     [P4.2] Pair (76,166) giảm 92 -> BEST = 183855
2026-04-30 21:53:52,163 -   --- Pairwise Iter 53 (còn 594s) ---
2026-04-30 21:54:00,662 -     [P4.2] Pair (81,102) giảm 104 -> BEST = 183751
2026-04-30 21:54:00,672 -   --- Pairwise Iter 54 (còn 586s) ---
2026-04-30 21:54:10,495 -     [P4.2] Pair (134,151) giảm 27 -> BEST = 183724
2026-04-30 21:54:10,505 -   --- Pairwise Iter 55 (còn 576s) ---
2026-04-30 21:54:21,405 -     [P4.2] Pair (14,132) giảm 104 -> BEST = 183620
2026-04-30 21:54:21,442 -   --- Pairwise Iter 56 (còn 565s) ---
2026-04-30 21:54:33,534 -     [P4.2] Pair (15,80) giảm 50 -> BEST = 183570
2026-04-30 21:54:33,561 -   --- Pairwise Iter 57 (còn 553s) ---
2026-04-30 21:54:44,316 -     [P4.2] Pair (21,28) giảm 42 -> BEST = 183528
2026-04-30 21:54:44,333 -   --- Pairwise Iter 58 (còn 542s) ---
2026-04-30 21:54:55,132 -     [P4.2] Pair (29,111) giảm 19 -> BEST = 183509
2026-04-30 21:54:55,151 -   --- Pairwise Iter 59 (còn 531s) ---
2026-04-30 21:55:07,536 -     [P4.2] Pair (2,105) giảm 65 -> BEST = 183444
2026-04-30 21:55:07,551 -   --- Pairwise Iter 60 (còn 519s) ---
2026-04-30 21:55:20,065 -     [P4.2] Pair (34,64) giảm 93 -> BEST = 183351
2026-04-30 21:55:20,087 -   --- Pairwise Iter 61 (còn 506s) ---
2026-04-30 21:55:32,461 -     [P4.2] Pair (70,143) giảm 83 -> BEST = 183268
2026-04-30 21:55:32,475 -   --- Pairwise Iter 62 (còn 494s) ---
2026-04-30 21:55:44,936 -     [P4.2] Pair (120,152) giảm 119 -> BEST = 183149
2026-04-30 21:55:44,948 -   --- Pairwise Iter 63 (còn 482s) ---
2026-04-30 21:55:57,462 -     [P4.2] Pair (153,156) giảm 49 -> BEST = 183100
2026-04-30 21:55:57,477 -   --- Pairwise Iter 64 (còn 469s) ---
2026-04-30 21:56:10,343 -     [P4.2] Pair (24,160) giảm 98 -> BEST = 183002
2026-04-30 21:56:10,357 -   --- Pairwise Iter 65 (còn 456s) ---
2026-04-30 21:56:27,109 -     [P4.2] Pair (37,131) giảm 42 -> BEST = 182960
2026-04-30 21:56:27,146 -   --- Pairwise Iter 66 (còn 439s) ---
2026-04-30 21:56:43,888 -     [P4.2] Pair (66,136) giảm 87 -> BEST = 182873
2026-04-30 21:56:43,918 -   --- Pairwise Iter 67 (còn 423s) ---
2026-04-30 21:57:00,722 -     [P4.2] Pair (73,104) giảm 46 -> BEST = 182827
2026-04-30 21:57:00,750 -   --- Pairwise Iter 68 (còn 406s) ---
2026-04-30 21:57:17,468 -     [P4.2] Pair (90,162) giảm 72 -> BEST = 182755
2026-04-30 21:57:17,485 -   --- Pairwise Iter 69 (còn 389s) ---
2026-04-30 21:57:34,751 -     [P4.2] Pair (3,144) giảm 145 -> BEST = 182610
2026-04-30 21:57:34,770 -   --- Pairwise Iter 70 (còn 372s) ---
2026-04-30 21:57:44,591 -     [P4.2] Pair (55,144) giảm 99 -> BEST = 182511
2026-04-30 21:57:44,609 -   --- Pairwise Iter 71 (còn 362s) ---
2026-04-30 21:57:58,126 -     [P4.2] Pair (20,58) giảm 90 -> BEST = 182421
2026-04-30 21:57:58,144 -   --- Pairwise Iter 72 (còn 348s) ---
2026-04-30 21:58:11,682 -     [P4.2] Pair (27,69) giảm 24 -> BEST = 182397
2026-04-30 21:58:11,693 -   --- Pairwise Iter 73 (còn 335s) ---
2026-04-30 21:58:25,763 -     [P4.2] Pair (1,27) giảm 7 -> BEST = 182390
2026-04-30 21:58:25,790 -   --- Pairwise Iter 74 (còn 321s) ---
2026-04-30 21:58:42,065 -     [P4.2] Pair (0,81) giảm 29 -> BEST = 182361
2026-04-30 21:58:42,099 -   --- Pairwise Iter 75 (còn 304s) ---
2026-04-30 21:58:58,545 -     [P4.2] Pair (13,61) giảm 78 -> BEST = 182283
2026-04-30 21:58:58,576 -   --- Pairwise Iter 76 (còn 288s) ---
2026-04-30 21:59:15,171 -     [P4.2] Pair (36,37) giảm 51 -> BEST = 182232
2026-04-30 21:59:15,182 -   --- Pairwise Iter 77 (còn 271s) ---
2026-04-30 21:59:43,466 -     [P4.2] Pair (51,122) giảm 36 -> BEST = 182196
2026-04-30 21:59:43,519 -   --- Pairwise Iter 78 (còn 243s) ---
2026-04-30 22:00:11,532 -     [P4.2] Pair (54,122) giảm 24 -> BEST = 182172
2026-04-30 22:00:11,546 -   --- Pairwise Iter 79 (còn 215s) ---
2026-04-30 22:00:38,623 -     [P4.2] Pair (56,85) giảm 79 -> BEST = 182093
2026-04-30 22:00:38,641 -   --- Pairwise Iter 80 (còn 188s) ---
2026-04-30 22:01:07,258 -     [P4.2] Pair (2,71) giảm 20 -> BEST = 182073
2026-04-30 22:01:07,318 -   --- Pairwise Iter 81 (còn 159s) ---
2026-04-30 22:01:25,699 -     [P4.2] Pair (2,105) giảm 16 -> BEST = 182057
2026-04-30 22:01:25,714 -   --- Pairwise Iter 82 (còn 141s) ---
2026-04-30 22:01:52,954 -     [P4.2] Pair (5,109) giảm 49 -> BEST = 182008
2026-04-30 22:01:52,976 -   --- Pairwise Iter 83 (còn 114s) ---
2026-04-30 22:02:23,732 -     [P4.2] Pair (17,126) giảm 33 -> BEST = 181975
2026-04-30 22:02:23,754 -   --- Pairwise Iter 84 (còn 83s) ---
2026-04-30 22:02:54,762 -     [P4.2] Pair (17,136) giảm 37 -> BEST = 181938
2026-04-30 22:02:54,781 -   --- Pairwise Iter 85 (còn 52s) ---
2026-04-30 22:03:27,219 -     [P4.2] Pair (27,28) giảm 163 -> BEST = 181775
2026-04-30 22:03:27,239 -   --- Pairwise Iter 86 (còn 19s) ---
2026-04-30 22:03:44,563 -     -> Đã đạt cực trị toàn cục cho mọi cặp dưới ngưỡng. KẾT THÚC CHẶNG 4.
2026-04-30 22:03:44,563 - Hoàn thành trong 1198.1s. Final Cost: 181775
2026-04-30 22:03:44,564 - ======================================================================
2026-04-30 22:03:44,564 - BÁO CÁO TỔNG KẾT (SUMMARY)
2026-04-30 22:03:44,564 - ======================================================================
2026-04-30 22:03:44,564 -   1. Chi phí Clarke-Wright:     188242
2026-04-30 22:03:44,564 -   2. Chi phí sau CPLEX MIP:     181775
2026-04-30 22:03:44,564 -   => TỔNG CẢI THIỆN:            6467
2026-04-30 22:03:44,564 -   => Số lần CPLEX Single cải thiện  : 79 lần
2026-04-30 22:03:44,564 -   => Số lần CPLEX Pairwise cải thiện: 85 lần
2026-04-30 22:03:44,564 -   => TỔNG THỜI GIAN CHẠY:       1198.353s
2026-04-30 22:03:44,570 - ======================================================================
2026-04-30 22:03:44,570 - CPLEX MIP SOLVER  |  FILE: X-n613-k62.vrp
2026-04-30 22:03:44,570 - ======================================================================
2026-04-30 22:03:45,099 - Thông tin dữ liệu: Dimension=613, K=62, Capacity=523
2026-04-30 22:03:45,099 - --- Step 1: Clarke-Wright Heuristic ---
2026-04-30 22:03:48,373 -   Kết quả CW: Cost = 333651, Time = 3.274s
2026-04-30 22:03:48,373 - --- Step 2: Advanced Optimization (CPLEX MIP) ---
2026-04-30 22:03:48,373 - =========================================
2026-04-30 22:03:48,373 - BẮT ĐẦU OPTIMIZE  (100% CPLEX MIP)
2026-04-30 22:03:48,373 -  -> Max Single Size  : 24
2026-04-30 22:03:48,373 -  -> Single Timeout   : 40.0s
2026-04-30 22:03:48,374 -  -> Max Pairwise Size: 28
2026-04-30 22:03:48,374 -  -> Pairwise Timeout : 99.0s
2026-04-30 22:03:48,374 -  -> Global Timeout   : 1200.0s
2026-04-30 22:03:48,374 -  -> Chi phí khởi điểm: 333651
2026-04-30 22:03:48,374 - =========================================
2026-04-30 22:03:48,374 - === BẮT ĐẦU CHẶNG 4: CPLEX MIP CHÍNH XÁC | Cost: 333651 ===
2026-04-30 22:03:48,374 -   [GĐ 4.1] Giải bài toán TSP trên từng tuyến đơn...
2026-04-30 22:03:51,045 -     -> Single CPLEX cải thiện: 122021. Cost mới: 211630
2026-04-30 22:03:51,045 -   [GĐ 4.2] Xét từng cặp tuyến để phân bổ lại khách hàng...
2026-04-30 22:03:51,045 -   --- Pairwise Iter 1 (còn 1197s) ---
2026-04-30 22:05:27,312 -     [P4.2] Pair (2,51) giảm 937 -> BEST = 210693
2026-04-30 22:05:27,423 -   --- Pairwise Iter 2 (còn 1101s) ---
2026-04-30 22:05:57,149 -     [P4.2] Pair (2,49) giảm 1076 -> BEST = 209617
2026-04-30 22:05:57,266 -   --- Pairwise Iter 3 (còn 1071s) ---
2026-04-30 22:07:04,883 -     [P4.2] Pair (9,57) giảm 1301 -> BEST = 208316
2026-04-30 22:07:04,968 -   --- Pairwise Iter 4 (còn 1003s) ---
2026-04-30 22:08:44,085 -     [P4.2] Pair (9,16) giảm 745 -> BEST = 207571
2026-04-30 22:08:44,516 -   --- Pairwise Iter 5 (còn 904s) ---
2026-04-30 22:09:31,089 -     [P4.2] Pair (4,38) giảm 624 -> BEST = 206947
2026-04-30 22:09:31,145 -   --- Pairwise Iter 6 (còn 857s) ---
2026-04-30 22:09:55,764 -     [P4.2] Pair (18,30) giảm 373 -> BEST = 206574
2026-04-30 22:09:55,810 -   --- Pairwise Iter 7 (còn 833s) ---
2026-04-30 22:11:39,012 -     [P4.2] Pair (18,58) giảm 1030 -> BEST = 205544
2026-04-30 22:11:39,055 -       [S-re] Route 18: 2504 → 2439  (−65) | BEST = 205479
2026-04-30 22:11:39,106 -   --- Pairwise Iter 8 (còn 729s) ---
2026-04-30 22:15:47,164 -     [P4.2] Pair (28,51) giảm 971 -> BEST = 204508
2026-04-30 22:15:47,274 -   --- Pairwise Iter 9 (còn 481s) ---
2026-04-30 22:20:18,734 -     [P4.2] Pair (1,44) giảm 798 -> BEST = 203710
2026-04-30 22:20:18,801 -   --- Pairwise Iter 10 (còn 210s) ---
2026-04-30 22:23:46,489 -     -> Đã đạt cực trị toàn cục cho mọi cặp dưới ngưỡng. KẾT THÚC CHẶNG 4.
2026-04-30 22:23:46,489 - Hoàn thành trong 1198.1s. Final Cost: 203710
2026-04-30 22:23:46,489 - ======================================================================
2026-04-30 22:23:46,489 - BÁO CÁO TỔNG KẾT (SUMMARY)
2026-04-30 22:23:46,489 - ======================================================================
2026-04-30 22:23:46,489 -   1. Chi phí Clarke-Wright:     333651
2026-04-30 22:23:46,489 -   2. Chi phí sau CPLEX MIP:     203710
2026-04-30 22:23:46,489 -   => TỔNG CẢI THIỆN:            129941
2026-04-30 22:23:46,489 -   => Số lần CPLEX Single cải thiện  : 60 lần
2026-04-30 22:23:46,489 -   => Số lần CPLEX Pairwise cải thiện: 9 lần
2026-04-30 22:23:46,489 -   => TỔNG THỜI GIAN CHẠY:       1201.389s
2026-04-30 22:23:46,495 - ======================================================================
2026-04-30 22:23:46,495 - CPLEX MIP SOLVER  |  FILE: X-n627-k43.vrp
2026-04-30 22:23:46,495 - ======================================================================
2026-04-30 22:23:47,091 - Thông tin dữ liệu: Dimension=627, K=43, Capacity=110
2026-04-30 22:23:47,091 - --- Step 1: Clarke-Wright Heuristic ---
2026-04-30 22:24:05,295 -   Kết quả CW: Cost = 199485, Time = 18.204s
2026-04-30 22:24:05,296 - --- Step 2: Advanced Optimization (CPLEX MIP) ---
2026-04-30 22:24:05,296 - =========================================
2026-04-30 22:24:05,296 - BẮT ĐẦU OPTIMIZE  (100% CPLEX MIP)
2026-04-30 22:24:05,296 -  -> Max Single Size  : 35
2026-04-30 22:24:05,296 -  -> Single Timeout   : 40.0s
2026-04-30 22:24:05,296 -  -> Max Pairwise Size: 28
2026-04-30 22:24:05,296 -  -> Pairwise Timeout : 146.0s
2026-04-30 22:24:05,296 -  -> Global Timeout   : 1200.0s
2026-04-30 22:24:05,296 -  -> Chi phí khởi điểm: 199485
2026-04-30 22:24:05,296 - =========================================
2026-04-30 22:24:05,296 - === BẮT ĐẦU CHẶNG 4: CPLEX MIP CHÍNH XÁC | Cost: 199485 ===
2026-04-30 22:24:05,297 -   [GĐ 4.1] Giải bài toán TSP trên từng tuyến đơn...
2026-04-30 22:37:09,899 -     -> Single CPLEX cải thiện: 80727. Cost mới: 118758
2026-04-30 22:37:09,899 -   [GĐ 4.2] Xét từng cặp tuyến để phân bổ lại khách hàng...
2026-04-30 22:37:09,899 -   --- Pairwise Iter 1 (còn 415s) ---
2026-04-30 22:39:36,035 -     [P4.2] Pair (15,25) giảm 105 -> BEST = 118653
2026-04-30 22:39:36,552 -   --- Pairwise Iter 2 (còn 269s) ---
2026-04-30 22:44:03,385 -     [P4.2] Pair (4,15) giảm 65 -> BEST = 118588
2026-04-30 22:44:03,385 -   --- Pairwise Iter 3 (còn 2s) ---
2026-04-30 22:44:03,426 -     -> Đã đạt cực trị toàn cục cho mọi cặp dưới ngưỡng. KẾT THÚC CHẶNG 4.
2026-04-30 22:44:03,426 - Hoàn thành trong 1198.1s. Final Cost: 118588
2026-04-30 22:44:03,426 - ======================================================================
2026-04-30 22:44:03,426 - BÁO CÁO TỔNG KẾT (SUMMARY)
2026-04-30 22:44:03,426 - ======================================================================
2026-04-30 22:44:03,426 -   1. Chi phí Clarke-Wright:     199485
2026-04-30 22:44:03,426 -   2. Chi phí sau CPLEX MIP:     118588
2026-04-30 22:44:03,426 -   => TỔNG CẢI THIỆN:            80897
2026-04-30 22:44:03,426 -   => Số lần CPLEX Single cải thiện  : 43 lần
2026-04-30 22:44:03,426 -   => Số lần CPLEX Pairwise cải thiện: 2 lần
2026-04-30 22:44:03,426 -   => TỔNG THỜI GIAN CHẠY:       1216.334s
2026-04-30 22:44:03,432 - ======================================================================
2026-04-30 22:44:03,432 - CPLEX MIP SOLVER  |  FILE: X-n641-k35.vrp
2026-04-30 22:44:03,432 - ======================================================================
2026-04-30 22:44:03,996 - Thông tin dữ liệu: Dimension=641, K=35, Capacity=1381
2026-04-30 22:44:03,996 - --- Step 1: Clarke-Wright Heuristic ---
2026-04-30 22:44:05,149 -   Kết quả CW: Cost = 78106, Time = 1.153s
2026-04-30 22:44:05,150 - --- Step 2: Advanced Optimization (CPLEX MIP) ---
2026-04-30 22:44:05,150 - =========================================
2026-04-30 22:44:05,150 - BẮT ĐẦU OPTIMIZE  (100% CPLEX MIP)
2026-04-30 22:44:05,150 -  -> Max Single Size  : 35
2026-04-30 22:44:05,150 -  -> Single Timeout   : 40.0s
2026-04-30 22:44:05,150 -  -> Max Pairwise Size: 28
2026-04-30 22:44:05,150 -  -> Pairwise Timeout : 150.0s
2026-04-30 22:44:05,150 -  -> Global Timeout   : 1200.0s
2026-04-30 22:44:05,150 -  -> Chi phí khởi điểm: 78106
2026-04-30 22:44:05,150 - =========================================
2026-04-30 22:44:05,150 - === BẮT ĐẦU CHẶNG 4: CPLEX MIP CHÍNH XÁC | Cost: 78106 ===
2026-04-30 22:44:05,151 -   [GĐ 4.1] Giải bài toán TSP trên từng tuyến đơn...
2026-04-30 23:02:30,112 -     -> Single CPLEX cải thiện: 4214. Cost mới: 73892
2026-04-30 23:02:30,112 -   [GĐ 4.2] Xét từng cặp tuyến để phân bổ lại khách hàng...
2026-04-30 23:02:30,112 -   --- Pairwise Iter 1 (còn 95s) ---
2026-04-30 23:02:30,155 -     -> Đã đạt cực trị toàn cục cho mọi cặp dưới ngưỡng. KẾT THÚC CHẶNG 4.
2026-04-30 23:02:30,155 - Hoàn thành trong 1105.0s. Final Cost: 73892
2026-04-30 23:02:30,155 - ======================================================================
2026-04-30 23:02:30,155 - BÁO CÁO TỔNG KẾT (SUMMARY)
2026-04-30 23:02:30,155 - ======================================================================
2026-04-30 23:02:30,155 -   1. Chi phí Clarke-Wright:     78106
2026-04-30 23:02:30,155 -   2. Chi phí sau CPLEX MIP:     73892
2026-04-30 23:02:30,155 -   => TỔNG CẢI THIỆN:            4214
2026-04-30 23:02:30,155 -   => Số lần CPLEX Single cải thiện  : 34 lần
2026-04-30 23:02:30,155 -   => Số lần CPLEX Pairwise cải thiện: 0 lần
2026-04-30 23:02:30,155 -   => TỔNG THỜI GIAN CHẠY:       1106.158s
2026-04-30 23:02:30,160 - ======================================================================
2026-04-30 23:02:30,160 - CPLEX MIP SOLVER  |  FILE: X-n655-k131.vrp
2026-04-30 23:02:30,160 - ======================================================================
2026-04-30 23:02:30,755 - Thông tin dữ liệu: Dimension=655, K=131, Capacity=5
2026-04-30 23:02:30,755 - --- Step 1: Clarke-Wright Heuristic ---
2026-04-30 23:02:31,698 -   Kết quả CW: Cost = 125020, Time = 0.943s
2026-04-30 23:02:31,699 - --- Step 2: Advanced Optimization (CPLEX MIP) ---
2026-04-30 23:02:31,699 - =========================================
2026-04-30 23:02:31,699 - BẮT ĐẦU OPTIMIZE  (100% CPLEX MIP)
2026-04-30 23:02:31,699 -  -> Max Single Size  : 20
2026-04-30 23:02:31,699 -  -> Single Timeout   : 40.0s
2026-04-30 23:02:31,699 -  -> Max Pairwise Size: 17
2026-04-30 23:02:31,699 -  -> Pairwise Timeout : 50.0s
2026-04-30 23:02:31,699 -  -> Global Timeout   : 1200.0s
2026-04-30 23:02:31,699 -  -> Chi phí khởi điểm: 125020
2026-04-30 23:02:31,699 - =========================================
2026-04-30 23:02:31,700 - === BẮT ĐẦU CHẶNG 4: CPLEX MIP CHÍNH XÁC | Cost: 125020 ===
2026-04-30 23:02:31,700 -   [GĐ 4.1] Giải bài toán TSP trên từng tuyến đơn...
2026-04-30 23:02:33,479 -     -> Single CPLEX cải thiện: 869. Cost mới: 124151
2026-04-30 23:02:33,480 -   [GĐ 4.2] Xét từng cặp tuyến để phân bổ lại khách hàng...
2026-04-30 23:02:33,480 -   --- Pairwise Iter 1 (còn 1198s) ---
2026-04-30 23:02:45,331 -     [P4.2] Pair (2,57) giảm 3 -> BEST = 124148
2026-04-30 23:02:45,362 -   --- Pairwise Iter 2 (còn 1186s) ---
2026-04-30 23:03:10,323 -     [P4.2] Pair (8,42) giảm 5 -> BEST = 124143
2026-04-30 23:03:10,352 -   --- Pairwise Iter 3 (còn 1161s) ---
2026-04-30 23:03:21,522 -     [P4.2] Pair (26,68) giảm 12 -> BEST = 124131
2026-04-30 23:03:21,546 -   --- Pairwise Iter 4 (còn 1150s) ---
2026-04-30 23:03:23,798 -     [P4.2] Pair (4,35) giảm 24 -> BEST = 124107
2026-04-30 23:03:23,831 -   --- Pairwise Iter 5 (còn 1148s) ---
2026-04-30 23:03:25,906 -     [P4.2] Pair (7,28) giảm 2 -> BEST = 124105
2026-04-30 23:03:25,935 -   --- Pairwise Iter 6 (còn 1146s) ---
2026-04-30 23:03:35,453 -     [P4.2] Pair (58,78) giảm 12 -> BEST = 124093
2026-04-30 23:03:35,477 -   --- Pairwise Iter 7 (còn 1136s) ---
2026-04-30 23:03:41,216 -     [P4.2] Pair (0,52) giảm 4 -> BEST = 124089
2026-04-30 23:03:41,239 -   --- Pairwise Iter 8 (còn 1130s) ---
2026-04-30 23:03:46,890 -     [P4.2] Pair (28,63) giảm 6 -> BEST = 124083
2026-04-30 23:03:46,916 -   --- Pairwise Iter 9 (còn 1125s) ---
2026-04-30 23:03:49,952 -     [P4.2] Pair (7,63) giảm 3 -> BEST = 124080
2026-04-30 23:03:49,982 -   --- Pairwise Iter 10 (còn 1122s) ---
2026-04-30 23:03:54,131 -     [P4.2] Pair (28,63) giảm 20 -> BEST = 124060
2026-04-30 23:03:54,157 -   --- Pairwise Iter 11 (còn 1118s) ---
2026-04-30 23:04:05,768 -     [P4.2] Pair (119,128) giảm 1 -> BEST = 124059
2026-04-30 23:04:05,790 -   --- Pairwise Iter 12 (còn 1106s) ---
2026-04-30 23:04:20,142 -     [P4.2] Pair (12,17) giảm 2 -> BEST = 124057
2026-04-30 23:04:20,167 -   --- Pairwise Iter 13 (còn 1092s) ---
2026-04-30 23:04:36,009 -     [P4.2] Pair (15,57) giảm 4 -> BEST = 124053
2026-04-30 23:04:36,038 -   --- Pairwise Iter 14 (còn 1076s) ---
2026-04-30 23:05:07,425 -     [P4.2] Pair (25,126) giảm 9 -> BEST = 124044
2026-04-30 23:05:07,452 -   --- Pairwise Iter 15 (còn 1044s) ---
2026-04-30 23:05:37,835 -     [P4.2] Pair (29,52) giảm 83 -> BEST = 123961
2026-04-30 23:05:37,860 -   --- Pairwise Iter 16 (còn 1014s) ---
2026-04-30 23:06:08,548 -     [P4.2] Pair (31,80) giảm 15 -> BEST = 123946
2026-04-30 23:06:08,572 -   --- Pairwise Iter 17 (còn 983s) ---
2026-04-30 23:06:40,014 -     [P4.2] Pair (34,82) giảm 6 -> BEST = 123940
2026-04-30 23:06:40,048 -   --- Pairwise Iter 18 (còn 952s) ---
2026-04-30 23:07:30,698 -     [P4.2] Pair (43,106) giảm 12 -> BEST = 123928
2026-04-30 23:07:30,730 -   --- Pairwise Iter 19 (còn 901s) ---
2026-04-30 23:08:02,523 -     [P4.2] Pair (47,123) giảm 18 -> BEST = 123910
2026-04-30 23:08:02,551 -   --- Pairwise Iter 20 (còn 869s) ---
2026-04-30 23:08:38,518 -     [P4.2] Pair (58,65) giảm 127 -> BEST = 123783
2026-04-30 23:08:38,543 -   --- Pairwise Iter 21 (còn 833s) ---
2026-04-30 23:09:22,522 -     [P4.2] Pair (87,90) giảm 5 -> BEST = 123778
2026-04-30 23:09:22,548 -   --- Pairwise Iter 22 (còn 789s) ---
2026-04-30 23:10:14,682 -     [P4.2] Pair (97,128) giảm 17 -> BEST = 123761
2026-04-30 23:10:14,710 -   --- Pairwise Iter 23 (còn 737s) ---
2026-04-30 23:11:59,738 -     [P4.2] Pair (106,130) giảm 1 -> BEST = 123760
2026-04-30 23:11:59,768 -   --- Pairwise Iter 24 (còn 632s) ---
2026-04-30 23:13:54,649 -     [P4.2] Pair (115,129) giảm 8 -> BEST = 123752
2026-04-30 23:13:54,682 -   --- Pairwise Iter 25 (còn 517s) ---
2026-04-30 23:15:28,837 -     [P4.2] Pair (2,92) giảm 326 -> BEST = 123426
2026-04-30 23:15:28,863 -   --- Pairwise Iter 26 (còn 423s) ---
2026-04-30 23:17:26,495 -     [P4.2] Pair (4,51) giảm 18 -> BEST = 123408
2026-04-30 23:17:26,523 -   --- Pairwise Iter 27 (còn 305s) ---
2026-04-30 23:19:01,403 -     [P4.2] Pair (5,84) giảm 4 -> BEST = 123404
2026-04-30 23:19:01,432 -   --- Pairwise Iter 28 (còn 210s) ---
2026-04-30 23:20:37,659 -     [P4.2] Pair (14,106) giảm 12 -> BEST = 123392
2026-04-30 23:20:37,680 -   --- Pairwise Iter 29 (còn 114s) ---
2026-04-30 23:22:16,436 -     [P4.2] Pair (31,84) giảm 2 -> BEST = 123390
2026-04-30 23:22:16,461 -   --- Pairwise Iter 30 (còn 15s) ---
2026-04-30 23:22:29,750 -     -> Đã đạt cực trị toàn cục cho mọi cặp dưới ngưỡng. KẾT THÚC CHẶNG 4.
2026-04-30 23:22:29,751 - Hoàn thành trong 1198.1s. Final Cost: 123390
2026-04-30 23:22:29,751 - ======================================================================
2026-04-30 23:22:29,751 - BÁO CÁO TỔNG KẾT (SUMMARY)
2026-04-30 23:22:29,751 - ======================================================================
2026-04-30 23:22:29,751 -   1. Chi phí Clarke-Wright:     125020
2026-04-30 23:22:29,751 -   2. Chi phí sau CPLEX MIP:     123390
2026-04-30 23:22:29,751 -   => TỔNG CẢI THIỆN:            1630
2026-04-30 23:22:29,751 -   => Số lần CPLEX Single cải thiện  : 78 lần
2026-04-30 23:22:29,751 -   => Số lần CPLEX Pairwise cải thiện: 29 lần
2026-04-30 23:22:29,751 -   => TỔNG THỜI GIAN CHẠY:       1198.995s
2026-04-30 23:22:29,757 - ======================================================================
2026-04-30 23:22:29,757 - CPLEX MIP SOLVER  |  FILE: X-n670-k130.vrp
2026-04-30 23:22:29,757 - ======================================================================
2026-04-30 23:22:30,405 - Thông tin dữ liệu: Dimension=670, K=130, Capacity=129
2026-04-30 23:22:30,405 - --- Step 1: Clarke-Wright Heuristic ---
2026-04-30 23:23:31,743 -   Kết quả CW: Cost = 371520, Time = 61.338s
2026-04-30 23:23:31,744 - --- Step 2: Advanced Optimization (CPLEX MIP) ---
2026-04-30 23:23:31,744 - =========================================
2026-04-30 23:23:31,744 - BẮT ĐẦU OPTIMIZE  (100% CPLEX MIP)
2026-04-30 23:23:31,744 -  -> Max Single Size  : 20
2026-04-30 23:23:31,744 -  -> Single Timeout   : 40.0s
2026-04-30 23:23:31,744 -  -> Max Pairwise Size: 18
2026-04-30 23:23:31,744 -  -> Pairwise Timeout : 52.0s
2026-04-30 23:23:31,744 -  -> Global Timeout   : 1200.0s
2026-04-30 23:23:31,744 -  -> Chi phí khởi điểm: 371520
2026-04-30 23:23:31,744 - =========================================
2026-04-30 23:23:31,745 - === BẮT ĐẦU CHẶNG 4: CPLEX MIP CHÍNH XÁC | Cost: 371520 ===
2026-04-30 23:23:31,745 -   [GĐ 4.1] Giải bài toán TSP trên từng tuyến đơn...
2026-04-30 23:23:36,443 -     -> Single CPLEX cải thiện: 77371. Cost mới: 294149
2026-04-30 23:23:36,444 -   [GĐ 4.2] Xét từng cặp tuyến để phân bổ lại khách hàng...
2026-04-30 23:23:36,444 -   --- Pairwise Iter 1 (còn 1195s) ---
2026-04-30 23:23:47,510 -     [P4.2] Pair (13,48) giảm 808 -> BEST = 293341
2026-04-30 23:23:47,575 -   --- Pairwise Iter 2 (còn 1184s) ---
2026-04-30 23:24:39,713 -     [P4.2] Pair (31,46) giảm 610 -> BEST = 292731
2026-04-30 23:24:39,764 -   --- Pairwise Iter 3 (còn 1132s) ---
2026-04-30 23:25:53,476 -     [P4.2] Pair (17,52) giảm 554 -> BEST = 292177
2026-04-30 23:25:53,549 -   --- Pairwise Iter 4 (còn 1058s) ---
2026-04-30 23:27:37,758 -     [P4.2] Pair (31,40) giảm 548 -> BEST = 291629
2026-04-30 23:27:37,816 -   --- Pairwise Iter 5 (còn 954s) ---
2026-04-30 23:28:09,126 -     [P4.2] Pair (4,25) giảm 840 -> BEST = 290789
2026-04-30 23:28:09,149 -   --- Pairwise Iter 6 (còn 923s) ---
2026-04-30 23:29:32,397 -     [P4.2] Pair (11,50) giảm 724 -> BEST = 290065
2026-04-30 23:29:32,512 -   --- Pairwise Iter 7 (còn 839s) ---
2026-04-30 23:30:08,038 -     [P4.2] Pair (20,29) giảm 592 -> BEST = 289473
2026-04-30 23:30:08,078 -   --- Pairwise Iter 8 (còn 804s) ---
2026-04-30 23:30:51,775 -     [P4.2] Pair (22,45) giảm 677 -> BEST = 288796
2026-04-30 23:30:51,816 -   --- Pairwise Iter 9 (còn 760s) ---
2026-04-30 23:31:26,460 -     [P4.2] Pair (24,35) giảm 231 -> BEST = 288565
2026-04-30 23:31:26,504 -   --- Pairwise Iter 10 (còn 725s) ---
2026-04-30 23:32:50,140 -     [P4.2] Pair (45,46) giảm 288 -> BEST = 288277
2026-04-30 23:32:50,227 -   --- Pairwise Iter 11 (còn 642s) ---
2026-04-30 23:32:56,403 -     [P4.2] Pair (0,65) giảm 804 -> BEST = 287473
2026-04-30 23:32:56,414 -   --- Pairwise Iter 12 (còn 635s) ---
2026-04-30 23:33:02,733 -     [P4.2] Pair (5,25) giảm 1090 -> BEST = 286383
2026-04-30 23:33:02,758 -   --- Pairwise Iter 13 (còn 629s) ---
2026-04-30 23:33:09,073 -     [P4.2] Pair (19,122) giảm 80 -> BEST = 286303
2026-04-30 23:33:09,105 -   --- Pairwise Iter 14 (còn 623s) ---
2026-04-30 23:33:15,887 -     [P4.2] Pair (40,123) giảm 460 -> BEST = 285843
2026-04-30 23:33:15,926 -   --- Pairwise Iter 15 (còn 616s) ---
2026-04-30 23:33:24,183 -     [P4.2] Pair (40,45) giảm 590 -> BEST = 285253
2026-04-30 23:33:24,215 -   --- Pairwise Iter 16 (còn 608s) ---
2026-04-30 23:33:37,316 -     [P4.2] Pair (54,98) giảm 305 -> BEST = 284948
2026-04-30 23:33:37,466 -   --- Pairwise Iter 17 (còn 594s) ---
2026-04-30 23:34:42,700 -     [P4.2] Pair (19,90) giảm 117 -> BEST = 284831
2026-04-30 23:34:42,731 -   --- Pairwise Iter 18 (còn 529s) ---
2026-04-30 23:35:48,851 -     [P4.2] Pair (54,102) giảm 6 -> BEST = 284825
2026-04-30 23:35:49,054 -   --- Pairwise Iter 19 (còn 463s) ---
2026-04-30 23:36:55,463 -     [P4.2] Pair (122,128) giảm 919 -> BEST = 283906
2026-04-30 23:36:55,488 -   --- Pairwise Iter 20 (còn 396s) ---
2026-04-30 23:38:42,963 -     [P4.2] Pair (9,11) giảm 331 -> BEST = 283575
2026-04-30 23:38:43,355 -   --- Pairwise Iter 21 (còn 288s) ---
2026-04-30 23:39:54,610 -     [P4.2] Pair (34,42) giảm 886 -> BEST = 282689
2026-04-30 23:39:54,657 -   --- Pairwise Iter 22 (còn 217s) ---
2026-04-30 23:41:21,383 -     [P4.2] Pair (4,49) giảm 425 -> BEST = 282264
2026-04-30 23:41:21,442 -   --- Pairwise Iter 23 (còn 130s) ---
2026-04-30 23:41:55,480 -     [P4.2] Pair (25,49) giảm 437 -> BEST = 281827
2026-04-30 23:41:55,527 -   --- Pairwise Iter 24 (còn 96s) ---
2026-04-30 23:43:29,782 -     [P4.2] Pair (48,52) giảm 163 -> BEST = 281664
2026-04-30 23:43:29,783 -   --- Pairwise Iter 25 (còn 2s) ---
2026-04-30 23:43:29,920 -     -> Đã đạt cực trị toàn cục cho mọi cặp dưới ngưỡng. KẾT THÚC CHẶNG 4.
2026-04-30 23:43:29,921 - Hoàn thành trong 1198.2s. Final Cost: 281664
2026-04-30 23:43:29,921 - ======================================================================
2026-04-30 23:43:29,921 - BÁO CÁO TỔNG KẾT (SUMMARY)
2026-04-30 23:43:29,921 - ======================================================================
2026-04-30 23:43:29,921 -   1. Chi phí Clarke-Wright:     371520
2026-04-30 23:43:29,921 -   2. Chi phí sau CPLEX MIP:     281664
2026-04-30 23:43:29,921 -   => TỔNG CẢI THIỆN:            89856
2026-04-30 23:43:29,921 -   => Số lần CPLEX Single cải thiện  : 70 lần
2026-04-30 23:43:29,921 -   => Số lần CPLEX Pairwise cải thiện: 24 lần
2026-04-30 23:43:29,921 -   => TỔNG THỜI GIAN CHẠY:       1259.515s
2026-04-30 23:43:29,926 - ======================================================================
2026-04-30 23:43:29,926 - CPLEX MIP SOLVER  |  FILE: X-n685-k75.vrp
2026-04-30 23:43:29,927 - ======================================================================
2026-04-30 23:43:30,591 - Thông tin dữ liệu: Dimension=685, K=75, Capacity=408
2026-04-30 23:43:30,591 - --- Step 1: Clarke-Wright Heuristic ---
2026-04-30 23:43:31,649 -   Kết quả CW: Cost = 96728, Time = 1.057s
2026-04-30 23:43:31,649 - --- Step 2: Advanced Optimization (CPLEX MIP) ---
2026-04-30 23:43:31,649 - =========================================
2026-04-30 23:43:31,649 - BẮT ĐẦU OPTIMIZE  (100% CPLEX MIP)
2026-04-30 23:43:31,649 -  -> Max Single Size  : 22
2026-04-30 23:43:31,649 -  -> Single Timeout   : 40.0s
2026-04-30 23:43:31,649 -  -> Max Pairwise Size: 28
2026-04-30 23:43:31,649 -  -> Pairwise Timeout : 92.0s
2026-04-30 23:43:31,649 -  -> Global Timeout   : 1200.0s
2026-04-30 23:43:31,650 -  -> Chi phí khởi điểm: 96728
2026-04-30 23:43:31,650 - =========================================
2026-04-30 23:43:31,650 - === BẮT ĐẦU CHẶNG 4: CPLEX MIP CHÍNH XÁC | Cost: 96728 ===
2026-04-30 23:43:31,650 -   [GĐ 4.1] Giải bài toán TSP trên từng tuyến đơn...
2026-04-30 23:53:50,838 -     -> Single CPLEX cải thiện: 5223. Cost mới: 91505
2026-04-30 23:53:50,838 -   [GĐ 4.2] Xét từng cặp tuyến để phân bổ lại khách hàng...
2026-04-30 23:53:50,838 -   --- Pairwise Iter 1 (còn 581s) ---
2026-04-30 23:55:22,929 -     [P4.2] Pair (56,59) giảm 131 -> BEST = 91374
2026-04-30 23:55:33,190 -   --- Pairwise Iter 2 (còn 478s) ---
2026-04-30 23:58:42,471 -     [P4.2] Pair (17,52) giảm 190 -> BEST = 91184
2026-04-30 23:58:42,508 -   --- Pairwise Iter 3 (còn 289s) ---
2026-05-01 00:03:18,803 -     [P4.2] Pair (36,56) giảm 323 -> BEST = 90861
2026-05-01 00:03:20,250 -   --- Pairwise Iter 4 (còn 11s) ---
2026-05-01 00:03:29,717 -     -> Đã đạt cực trị toàn cục cho mọi cặp dưới ngưỡng. KẾT THÚC CHẶNG 4.
2026-05-01 00:03:29,717 - Hoàn thành trong 1198.1s. Final Cost: 90861
2026-05-01 00:03:29,718 - ======================================================================
2026-05-01 00:03:29,718 - BÁO CÁO TỔNG KẾT (SUMMARY)
2026-05-01 00:03:29,718 - ======================================================================
2026-05-01 00:03:29,718 -   1. Chi phí Clarke-Wright:     96728
2026-05-01 00:03:29,718 -   2. Chi phí sau CPLEX MIP:     90861
2026-05-01 00:03:29,718 -   => TỔNG CẢI THIỆN:            5867
2026-05-01 00:03:29,718 -   => Số lần CPLEX Single cải thiện  : 67 lần
2026-05-01 00:03:29,718 -   => Số lần CPLEX Pairwise cải thiện: 3 lần
2026-05-01 00:03:29,718 -   => TỔNG THỜI GIAN CHẠY:       1199.126s
2026-05-01 00:03:29,723 - ======================================================================
2026-05-01 00:03:29,723 - CPLEX MIP SOLVER  |  FILE: X-n701-k44.vrp
2026-05-01 00:03:29,724 - ======================================================================
2026-05-01 00:03:30,415 - Thông tin dữ liệu: Dimension=701, K=44, Capacity=87
2026-05-01 00:03:30,415 - --- Step 1: Clarke-Wright Heuristic ---
2026-05-01 00:03:31,696 -   Kết quả CW: Cost = 101338, Time = 1.281s
2026-05-01 00:03:31,696 - --- Step 2: Advanced Optimization (CPLEX MIP) ---
2026-05-01 00:03:31,696 - =========================================
2026-05-01 00:03:31,697 - BẮT ĐẦU OPTIMIZE  (100% CPLEX MIP)
2026-05-01 00:03:31,697 -  -> Max Single Size  : 35
2026-05-01 00:03:31,697 -  -> Single Timeout   : 40.0s
2026-05-01 00:03:31,697 -  -> Max Pairwise Size: 28
2026-05-01 00:03:31,697 -  -> Pairwise Timeout : 150.0s
2026-05-01 00:03:31,697 -  -> Global Timeout   : 1200.0s
2026-05-01 00:03:31,697 -  -> Chi phí khởi điểm: 101338
2026-05-01 00:03:31,697 - =========================================
2026-05-01 00:03:31,697 - === BẮT ĐẦU CHẶNG 4: CPLEX MIP CHÍNH XÁC | Cost: 101338 ===
2026-05-01 00:03:31,697 -   [GĐ 4.1] Giải bài toán TSP trên từng tuyến đơn...
2026-05-01 00:23:29,718 -     -> Single CPLEX cải thiện: 5739. Cost mới: 95599
2026-05-01 00:23:29,719 -   [GĐ 4.2] Xét từng cặp tuyến để phân bổ lại khách hàng...
2026-05-01 00:23:29,723 -   --- Pairwise Iter 1 (còn 2s) ---
2026-05-01 00:23:29,773 -     -> Đã đạt cực trị toàn cục cho mọi cặp dưới ngưỡng. KẾT THÚC CHẶNG 4.
2026-05-01 00:23:29,773 - Hoàn thành trong 1198.1s. Final Cost: 95599
2026-05-01 00:23:29,773 - ======================================================================
2026-05-01 00:23:29,773 - BÁO CÁO TỔNG KẾT (SUMMARY)
2026-05-01 00:23:29,773 - ======================================================================
2026-05-01 00:23:29,773 -   1. Chi phí Clarke-Wright:     101338
2026-05-01 00:23:29,773 -   2. Chi phí sau CPLEX MIP:     95599
2026-05-01 00:23:29,773 -   => TỔNG CẢI THIỆN:            5739
2026-05-01 00:23:29,773 -   => Số lần CPLEX Single cải thiện  : 42 lần
2026-05-01 00:23:29,773 -   => Số lần CPLEX Pairwise cải thiện: 0 lần
2026-05-01 00:23:29,773 -   => TỔNG THỜI GIAN CHẠY:       1199.358s
2026-05-01 00:23:29,783 - ======================================================================
2026-05-01 00:23:29,783 - CPLEX MIP SOLVER  |  FILE: X-n716-k35.vrp
2026-05-01 00:23:29,783 - ======================================================================
2026-05-01 00:23:30,544 - Thông tin dữ liệu: Dimension=716, K=35, Capacity=1007
2026-05-01 00:23:30,544 - --- Step 1: Clarke-Wright Heuristic ---
2026-05-01 00:23:32,083 -   Kết quả CW: Cost = 55910, Time = 1.539s
2026-05-01 00:23:32,084 - --- Step 2: Advanced Optimization (CPLEX MIP) ---
2026-05-01 00:23:32,084 - =========================================
2026-05-01 00:23:32,084 - BẮT ĐẦU OPTIMIZE  (100% CPLEX MIP)
2026-05-01 00:23:32,084 -  -> Max Single Size  : 35
2026-05-01 00:23:32,084 -  -> Single Timeout   : 40.0s
2026-05-01 00:23:32,084 -  -> Max Pairwise Size: 28
2026-05-01 00:23:32,084 -  -> Pairwise Timeout : 150.0s
2026-05-01 00:23:32,084 -  -> Global Timeout   : 1200.0s
2026-05-01 00:23:32,084 -  -> Chi phí khởi điểm: 55910
2026-05-01 00:23:32,084 - =========================================
2026-05-01 00:23:32,085 - === BẮT ĐẦU CHẶNG 4: CPLEX MIP CHÍNH XÁC | Cost: 55910 ===
2026-05-01 00:23:32,085 -   [GĐ 4.1] Giải bài toán TSP trên từng tuyến đơn...
2026-05-01 00:40:12,817 -     -> Single CPLEX cải thiện: 3210. Cost mới: 52700
2026-05-01 00:40:12,817 -   [GĐ 4.2] Xét từng cặp tuyến để phân bổ lại khách hàng...
2026-05-01 00:40:12,817 -   --- Pairwise Iter 1 (còn 199s) ---
2026-05-01 00:40:12,866 -     -> Đã đạt cực trị toàn cục cho mọi cặp dưới ngưỡng. KẾT THÚC CHẶNG 4.
2026-05-01 00:40:12,867 - Hoàn thành trong 1000.8s. Final Cost: 52700
2026-05-01 00:40:12,867 - ======================================================================
2026-05-01 00:40:12,867 - BÁO CÁO TỔNG KẾT (SUMMARY)
2026-05-01 00:40:12,867 - ======================================================================
2026-05-01 00:40:12,867 -   1. Chi phí Clarke-Wright:     55910
2026-05-01 00:40:12,867 -   2. Chi phí sau CPLEX MIP:     52700
2026-05-01 00:40:12,867 -   => TỔNG CẢI THIỆN:            3210
2026-05-01 00:40:12,867 -   => Số lần CPLEX Single cải thiện  : 35 lần
2026-05-01 00:40:12,867 -   => Số lần CPLEX Pairwise cải thiện: 0 lần
2026-05-01 00:40:12,867 -   => TỔNG THỜI GIAN CHẠY:       1002.322s
2026-05-01 00:40:12,881 - ======================================================================
2026-05-01 00:40:12,881 - CPLEX MIP SOLVER  |  FILE: X-n733-k159.vrp
2026-05-01 00:40:12,881 - ======================================================================
2026-05-01 00:40:13,673 - Thông tin dữ liệu: Dimension=733, K=159, Capacity=25
2026-05-01 00:40:13,674 - --- Step 1: Clarke-Wright Heuristic ---
2026-05-01 00:40:21,981 -   Kết quả CW: Cost = 412027, Time = 8.307s
2026-05-01 00:40:21,982 - --- Step 2: Advanced Optimization (CPLEX MIP) ---
2026-05-01 00:40:21,982 - =========================================
2026-05-01 00:40:21,982 - BẮT ĐẦU OPTIMIZE  (100% CPLEX MIP)
2026-05-01 00:40:21,982 -  -> Max Single Size  : 20
2026-05-01 00:40:21,982 -  -> Single Timeout   : 40.0s
2026-05-01 00:40:21,982 -  -> Max Pairwise Size: 16
2026-05-01 00:40:21,982 -  -> Pairwise Timeout : 47.0s
2026-05-01 00:40:21,982 -  -> Global Timeout   : 1200.0s
2026-05-01 00:40:21,982 -  -> Chi phí khởi điểm: 412027
2026-05-01 00:40:21,982 - =========================================
2026-05-01 00:40:21,983 - === BẮT ĐẦU CHẶNG 4: CPLEX MIP CHÍNH XÁC | Cost: 412027 ===
2026-05-01 00:40:21,983 -   [GĐ 4.1] Giải bài toán TSP trên từng tuyến đơn...
2026-05-01 00:40:49,775 -     -> Single CPLEX cải thiện: 97385. Cost mới: 314642
2026-05-01 00:40:49,775 -   [GĐ 4.2] Xét từng cặp tuyến để phân bổ lại khách hàng...
2026-05-01 00:40:49,775 -   --- Pairwise Iter 1 (còn 1172s) ---
2026-05-01 00:40:49,925 -     [P4.2] Pair (60,95) giảm 614 -> BEST = 314028
2026-05-01 00:40:49,944 -   --- Pairwise Iter 2 (còn 1172s) ---
2026-05-01 00:40:50,144 -     [P4.2] Pair (80,83) giảm 1245 -> BEST = 312783
2026-05-01 00:40:50,162 -   --- Pairwise Iter 3 (còn 1172s) ---
2026-05-01 00:40:51,009 -     [P4.2] Pair (34,147) giảm 1087 -> BEST = 311696
2026-05-01 00:40:51,042 -   --- Pairwise Iter 4 (còn 1171s) ---
2026-05-01 00:40:56,310 -     [P4.2] Pair (23,148) giảm 1089 -> BEST = 310607
2026-05-01 00:40:56,345 -   --- Pairwise Iter 5 (còn 1166s) ---
2026-05-01 00:40:57,236 -     [P4.2] Pair (62,96) giảm 621 -> BEST = 309986
2026-05-01 00:40:57,256 -   --- Pairwise Iter 6 (còn 1165s) ---
2026-05-01 00:40:58,102 -     [P4.2] Pair (93,115) giảm 73 -> BEST = 309913
2026-05-01 00:40:58,122 -   --- Pairwise Iter 7 (còn 1164s) ---
2026-05-01 00:41:06,449 -     [P4.2] Pair (25,149) giảm 611 -> BEST = 309302
2026-05-01 00:41:06,488 -   --- Pairwise Iter 8 (còn 1155s) ---
2026-05-01 00:41:11,236 -     [P4.2] Pair (34,125) giảm 514 -> BEST = 308788
2026-05-01 00:41:11,270 -   --- Pairwise Iter 9 (còn 1151s) ---
2026-05-01 00:41:15,814 -     [P4.2] Pair (35,138) giảm 53 -> BEST = 308735
2026-05-01 00:41:15,836 -   --- Pairwise Iter 10 (còn 1146s) ---
2026-05-01 00:41:20,535 -     [P4.2] Pair (38,120) giảm 4 -> BEST = 308731
2026-05-01 00:41:20,558 -   --- Pairwise Iter 11 (còn 1141s) ---
2026-05-01 00:41:25,239 -     [P4.2] Pair (46,75) giảm 246 -> BEST = 308485
2026-05-01 00:41:25,259 -   --- Pairwise Iter 12 (còn 1137s) ---
2026-05-01 00:41:49,075 -     [P4.2] Pair (69,156) giảm 832 -> BEST = 307653
2026-05-01 00:41:49,133 -   --- Pairwise Iter 13 (còn 1113s) ---
2026-05-01 00:41:50,753 -     [P4.2] Pair (69,130) giảm 994 -> BEST = 306659
2026-05-01 00:41:50,793 -   --- Pairwise Iter 14 (còn 1111s) ---
2026-05-01 00:41:56,195 -     [P4.2] Pair (89,140) giảm 1382 -> BEST = 305277
2026-05-01 00:41:56,224 -   --- Pairwise Iter 15 (còn 1106s) ---
2026-05-01 00:42:07,469 -     [P4.2] Pair (107,156) giảm 17 -> BEST = 305260
2026-05-01 00:42:07,505 -   --- Pairwise Iter 16 (còn 1094s) ---
2026-05-01 00:42:19,277 -     [P4.2] Pair (12,33) giảm 249 -> BEST = 305011
2026-05-01 00:42:19,293 -   --- Pairwise Iter 17 (còn 1083s) ---
2026-05-01 00:42:31,303 -     [P4.2] Pair (25,121) giảm 762 -> BEST = 304249
2026-05-01 00:42:31,349 -   --- Pairwise Iter 18 (còn 1071s) ---
2026-05-01 00:42:43,241 -     [P4.2] Pair (52,80) giảm 11 -> BEST = 304238
2026-05-01 00:42:43,260 -   --- Pairwise Iter 19 (còn 1059s) ---
2026-05-01 00:43:02,687 -     [P4.2] Pair (56,152) giảm 931 -> BEST = 303307
2026-05-01 00:43:02,751 -   --- Pairwise Iter 20 (còn 1039s) ---
2026-05-01 00:43:15,044 -     [P4.2] Pair (94,124) giảm 923 -> BEST = 302384
2026-05-01 00:43:15,069 -   --- Pairwise Iter 21 (còn 1027s) ---
2026-05-01 00:43:27,492 -     [P4.2] Pair (138,141) giảm 1523 -> BEST = 300861
2026-05-01 00:43:27,518 -   --- Pairwise Iter 22 (còn 1014s) ---
2026-05-01 00:43:39,671 -     [P4.2] Pair (9,15) giảm 1003 -> BEST = 299858
2026-05-01 00:43:39,687 -   --- Pairwise Iter 23 (còn 1002s) ---
2026-05-01 00:43:52,286 -     [P4.2] Pair (23,65) giảm 96 -> BEST = 299762
2026-05-01 00:43:52,307 -   --- Pairwise Iter 24 (còn 990s) ---
2026-05-01 00:44:04,471 -     [P4.2] Pair (50,79) giảm 953 -> BEST = 298809
2026-05-01 00:44:04,490 -   --- Pairwise Iter 25 (còn 977s) ---
2026-05-01 00:44:16,796 -     [P4.2] Pair (72,141) giảm 737 -> BEST = 298072
2026-05-01 00:44:16,817 -   --- Pairwise Iter 26 (còn 965s) ---
2026-05-01 00:44:29,385 -     [P4.2] Pair (87,144) giảm 798 -> BEST = 297274
2026-05-01 00:44:29,433 -   --- Pairwise Iter 27 (còn 953s) ---
2026-05-01 00:44:41,976 -     [P4.2] Pair (90,138) giảm 365 -> BEST = 296909
2026-05-01 00:44:42,014 -   --- Pairwise Iter 28 (còn 940s) ---
2026-05-01 00:44:53,727 -     [P4.2] Pair (26,90) giảm 620 -> BEST = 296289
2026-05-01 00:44:53,746 -   --- Pairwise Iter 29 (còn 928s) ---
2026-05-01 00:45:05,834 -     [P4.2] Pair (92,119) giảm 81 -> BEST = 296208
2026-05-01 00:45:05,854 -   --- Pairwise Iter 30 (còn 916s) ---
2026-05-01 00:45:18,342 -     [P4.2] Pair (105,139) giảm 452 -> BEST = 295756
2026-05-01 00:45:18,374 -   --- Pairwise Iter 31 (còn 904s) ---
2026-05-01 00:45:51,958 -     [P4.2] Pair (107,140) giảm 354 -> BEST = 295402
2026-05-01 00:45:52,004 -   --- Pairwise Iter 32 (còn 870s) ---
2026-05-01 00:46:05,738 -     [P4.2] Pair (112,143) giảm 1311 -> BEST = 294091
2026-05-01 00:46:05,791 -   --- Pairwise Iter 33 (còn 856s) ---
2026-05-01 00:46:12,231 -     [P4.2] Pair (119,122) giảm 306 -> BEST = 293785
2026-05-01 00:46:12,255 -   --- Pairwise Iter 34 (còn 850s) ---
2026-05-01 00:46:38,807 -     [P4.2] Pair (125,136) giảm 916 -> BEST = 292869
2026-05-01 00:46:38,869 -   --- Pairwise Iter 35 (còn 823s) ---
2026-05-01 00:46:45,834 -     [P4.2] Pair (130,156) giảm 83 -> BEST = 292786
2026-05-01 00:46:45,857 -   --- Pairwise Iter 36 (còn 816s) ---
2026-05-01 00:46:55,586 -     [P4.2] Pair (141,149) giảm 528 -> BEST = 292258
2026-05-01 00:46:55,619 -   --- Pairwise Iter 37 (còn 806s) ---
2026-05-01 00:47:03,232 -     [P4.2] Pair (35,149) giảm 377 -> BEST = 291881
2026-05-01 00:47:03,253 -   --- Pairwise Iter 38 (còn 799s) ---
2026-05-01 00:47:12,342 -     [P4.2] Pair (28,32) giảm 1174 -> BEST = 290707
2026-05-01 00:47:12,360 -   --- Pairwise Iter 39 (còn 790s) ---
2026-05-01 00:47:21,640 -     [P4.2] Pair (38,103) giảm 317 -> BEST = 290390
2026-05-01 00:47:21,660 -   --- Pairwise Iter 40 (còn 780s) ---
2026-05-01 00:47:29,292 -     [P4.2] Pair (38,120) giảm 90 -> BEST = 290300
2026-05-01 00:47:29,312 -   --- Pairwise Iter 41 (còn 773s) ---
2026-05-01 00:47:38,541 -     [P4.2] Pair (64,134) giảm 763 -> BEST = 289537
2026-05-01 00:47:38,565 -   --- Pairwise Iter 42 (còn 763s) ---
2026-05-01 00:47:47,864 -     [P4.2] Pair (91,147) giảm 673 -> BEST = 288864
2026-05-01 00:47:47,894 -   --- Pairwise Iter 43 (còn 754s) ---
2026-05-01 00:47:56,541 -     [P4.2] Pair (88,91) giảm 111 -> BEST = 288753
2026-05-01 00:47:56,567 -   --- Pairwise Iter 44 (còn 745s) ---
2026-05-01 00:48:05,818 -     [P4.2] Pair (110,120) giảm 239 -> BEST = 288514
2026-05-01 00:48:05,846 -   --- Pairwise Iter 45 (còn 736s) ---
2026-05-01 00:48:15,538 -     [P4.2] Pair (12,142) giảm 56 -> BEST = 288458
2026-05-01 00:48:15,570 -   --- Pairwise Iter 46 (còn 726s) ---
2026-05-01 00:48:23,858 -     [P4.2] Pair (12,33) giảm 13 -> BEST = 288445
2026-05-01 00:48:23,879 -   --- Pairwise Iter 47 (còn 718s) ---
2026-05-01 00:48:33,134 -     [P4.2] Pair (20,21) giảm 296 -> BEST = 288149
2026-05-01 00:48:33,152 -   --- Pairwise Iter 48 (còn 709s) ---
2026-05-01 00:48:42,582 -     [P4.2] Pair (46,77) giảm 194 -> BEST = 287955
2026-05-01 00:48:42,604 -   --- Pairwise Iter 49 (còn 699s) ---
2026-05-01 00:48:46,290 -     [P4.2] Pair (73,77) giảm 17 -> BEST = 287938
2026-05-01 00:48:46,311 -   --- Pairwise Iter 50 (còn 696s) ---
2026-05-01 00:48:54,098 -     [P4.2] Pair (46,77) giảm 435 -> BEST = 287503
2026-05-01 00:48:54,118 -   --- Pairwise Iter 51 (còn 688s) ---
2026-05-01 00:48:57,859 -     [P4.2] Pair (73,77) giảm 2 -> BEST = 287501
2026-05-01 00:48:57,878 -   --- Pairwise Iter 52 (còn 684s) ---
2026-05-01 00:49:07,214 -     [P4.2] Pair (53,54) giảm 410 -> BEST = 287091
2026-05-01 00:49:07,234 -   --- Pairwise Iter 53 (còn 675s) ---
2026-05-01 00:49:16,879 -     [P4.2] Pair (66,135) giảm 844 -> BEST = 286247
2026-05-01 00:49:16,908 -   --- Pairwise Iter 54 (còn 665s) ---
2026-05-01 00:49:26,384 -     [P4.2] Pair (67,99) giảm 680 -> BEST = 285567
2026-05-01 00:49:26,403 -   --- Pairwise Iter 55 (còn 656s) ---
2026-05-01 00:49:35,858 -     [P4.2] Pair (71,89) giảm 353 -> BEST = 285214
2026-05-01 00:49:35,878 -   --- Pairwise Iter 56 (còn 646s) ---
2026-05-01 00:50:06,253 -     [P4.2] Pair (94,151) giảm 1256 -> BEST = 283958
2026-05-01 00:50:06,288 -   --- Pairwise Iter 57 (còn 616s) ---
2026-05-01 00:50:34,380 -     [P4.2] Pair (3,11) giảm 931 -> BEST = 283027
2026-05-01 00:50:34,397 -   --- Pairwise Iter 58 (còn 588s) ---
2026-05-01 00:51:02,565 -     [P4.2] Pair (8,15) giảm 180 -> BEST = 282847
2026-05-01 00:51:02,583 -   --- Pairwise Iter 59 (còn 559s) ---
2026-05-01 00:51:31,292 -     [P4.2] Pair (31,69) giảm 257 -> BEST = 282590
2026-05-01 00:51:31,318 -   --- Pairwise Iter 60 (còn 531s) ---
2026-05-01 00:51:59,798 -     [P4.2] Pair (39,120) giảm 148 -> BEST = 282442
2026-05-01 00:51:59,817 -   --- Pairwise Iter 61 (còn 502s) ---
2026-05-01 00:52:28,274 -     [P4.2] Pair (40,108) giảm 335 -> BEST = 282107
2026-05-01 00:52:28,299 -   --- Pairwise Iter 62 (còn 474s) ---
2026-05-01 00:52:56,800 -     [P4.2] Pair (45,124) giảm 5 -> BEST = 282102
2026-05-01 00:52:56,817 -   --- Pairwise Iter 63 (còn 445s) ---
2026-05-01 00:53:25,511 -     [P4.2] Pair (66,90) giảm 460 -> BEST = 281642
2026-05-01 00:53:25,535 -   --- Pairwise Iter 64 (còn 416s) ---
2026-05-01 00:53:54,106 -     [P4.2] Pair (69,131) giảm 1813 -> BEST = 279829
2026-05-01 00:53:54,132 -   --- Pairwise Iter 65 (còn 388s) ---
2026-05-01 00:54:28,765 -     [P4.2] Pair (81,143) giảm 264 -> BEST = 279565
2026-05-01 00:54:28,796 -   --- Pairwise Iter 66 (còn 353s) ---
2026-05-01 00:54:57,929 -     [P4.2] Pair (81,144) giảm 520 -> BEST = 279045
2026-05-01 00:54:57,960 -   --- Pairwise Iter 67 (còn 324s) ---
2026-05-01 00:55:15,063 -     [P4.2] Pair (81,152) giảm 1279 -> BEST = 277766
2026-05-01 00:55:15,111 -   --- Pairwise Iter 68 (còn 307s) ---
2026-05-01 00:55:15,320 -     [P4.2] Pair (15,81) giảm 405 -> BEST = 277361
2026-05-01 00:55:15,344 -   --- Pairwise Iter 69 (còn 307s) ---
2026-05-01 00:55:47,761 -     [P4.2] Pair (81,150) giảm 316 -> BEST = 277045
2026-05-01 00:55:47,800 -   --- Pairwise Iter 70 (còn 274s) ---
2026-05-01 00:56:26,909 -     [P4.2] Pair (119,125) giảm 381 -> BEST = 276664
2026-05-01 00:56:26,947 -   --- Pairwise Iter 71 (còn 235s) ---
2026-05-01 00:56:56,012 -     [P4.2] Pair (149,156) giảm 289 -> BEST = 276375
2026-05-01 00:56:56,039 -   --- Pairwise Iter 72 (còn 206s) ---
2026-05-01 00:57:24,787 -     [P4.2] Pair (2,35) giảm 189 -> BEST = 276186
2026-05-01 00:57:24,805 -   --- Pairwise Iter 73 (còn 177s) ---
2026-05-01 00:57:53,613 -     [P4.2] Pair (8,19) giảm 88 -> BEST = 276098
2026-05-01 00:57:53,630 -   --- Pairwise Iter 74 (còn 148s) ---
2026-05-01 00:58:22,541 -     [P4.2] Pair (25,65) giảm 635 -> BEST = 275463
2026-05-01 00:58:22,572 -   --- Pairwise Iter 75 (còn 119s) ---
2026-05-01 00:58:51,653 -     [P4.2] Pair (27,146) giảm 1274 -> BEST = 274189
2026-05-01 00:58:51,696 -   --- Pairwise Iter 76 (còn 90s) ---
2026-05-01 00:59:20,816 -     [P4.2] Pair (47,60) giảm 155 -> BEST = 274034
2026-05-01 00:59:20,835 -   --- Pairwise Iter 77 (còn 61s) ---
2026-05-01 00:59:50,758 -     [P4.2] Pair (55,121) giảm 217 -> BEST = 273817
2026-05-01 00:59:50,780 -   --- Pairwise Iter 78 (còn 31s) ---
2026-05-01 01:00:20,048 -     -> Đã đạt cực trị toàn cục cho mọi cặp dưới ngưỡng. KẾT THÚC CHẶNG 4.
2026-05-01 01:00:20,048 - Hoàn thành trong 1198.1s. Final Cost: 273817
2026-05-01 01:00:20,048 - ======================================================================
2026-05-01 01:00:20,048 - BÁO CÁO TỔNG KẾT (SUMMARY)
2026-05-01 01:00:20,048 - ======================================================================
2026-05-01 01:00:20,048 -   1. Chi phí Clarke-Wright:     412027
2026-05-01 01:00:20,048 -   2. Chi phí sau CPLEX MIP:     273817
2026-05-01 01:00:20,048 -   => TỔNG CẢI THIỆN:            138210
2026-05-01 01:00:20,048 -   => Số lần CPLEX Single cải thiện  : 126 lần
2026-05-01 01:00:20,049 -   => Số lần CPLEX Pairwise cải thiện: 77 lần
2026-05-01 01:00:20,049 -   => TỔNG THỜI GIAN CHẠY:       1206.374s
2026-05-01 01:00:20,054 - ======================================================================
2026-05-01 01:00:20,054 - CPLEX MIP SOLVER  |  FILE: X-n749-k98.vrp
2026-05-01 01:00:20,054 - ======================================================================
2026-05-01 01:00:20,860 - Thông tin dữ liệu: Dimension=749, K=98, Capacity=396
2026-05-01 01:00:20,861 - --- Step 1: Clarke-Wright Heuristic ---
2026-05-01 01:00:27,609 -   Kết quả CW: Cost = 313839, Time = 6.748s
2026-05-01 01:00:27,609 - --- Step 2: Advanced Optimization (CPLEX MIP) ---
2026-05-01 01:00:27,609 - =========================================
2026-05-01 01:00:27,609 - BẮT ĐẦU OPTIMIZE  (100% CPLEX MIP)
2026-05-01 01:00:27,609 -  -> Max Single Size  : 20
2026-05-01 01:00:27,610 -  -> Single Timeout   : 40.0s
2026-05-01 01:00:27,610 -  -> Max Pairwise Size: 26
2026-05-01 01:00:27,610 -  -> Pairwise Timeout : 77.0s
2026-05-01 01:00:27,610 -  -> Global Timeout   : 1200.0s
2026-05-01 01:00:27,610 -  -> Chi phí khởi điểm: 313839
2026-05-01 01:00:27,610 - =========================================
2026-05-01 01:00:27,610 - === BẮT ĐẦU CHẶNG 4: CPLEX MIP CHÍNH XÁC | Cost: 313839 ===
2026-05-01 01:00:27,610 -   [GĐ 4.1] Giải bài toán TSP trên từng tuyến đơn...
2026-05-01 01:00:31,116 -     -> Single CPLEX cải thiện: 97763. Cost mới: 216076
2026-05-01 01:00:31,116 -   [GĐ 4.2] Xét từng cặp tuyến để phân bổ lại khách hàng...
2026-05-01 01:00:31,116 -   --- Pairwise Iter 1 (còn 1196s) ---
2026-05-01 01:01:48,273 -     [P4.2] Pair (6,94) giảm 7746 -> BEST = 208330
2026-05-01 01:01:48,497 -       [S-re] Route 6: 1566 → 1536  (−30) | BEST = 208300
2026-05-01 01:01:49,777 -       [S-re] Route 94: 2032 → 1967  (−65) | BEST = 208235
2026-05-01 01:01:49,777 -   --- Pairwise Iter 2 (còn 1118s) ---
