2026-05-02 00:30:40,033 - ======================================================================
2026-05-02 00:30:40,034 - GUROBI MIP SOLVER  |  FILE: X-n106-k14.vrp
2026-05-02 00:30:40,034 - ======================================================================
2026-05-02 00:30:40,055 - Thông tin dữ liệu: Dimension=106, K=14, Capacity=600
2026-05-02 00:30:40,055 - --- Step 1: Clarke-Wright Heuristic ---
2026-05-02 00:30:40,070 -   Kết quả CW: Cost = 29479, Time = 0.015s
2026-05-02 00:30:40,070 - --- Step 2: Advanced Optimization (Gurobi MIP) ---
2026-05-02 00:30:40,071 - =========================================
2026-05-02 00:30:40,071 - BẮT ĐẦU OPTIMIZE  (100% Gurobi MIP)
2026-05-02 00:30:40,071 -  -> Max Single Size  : 20
2026-05-02 00:30:40,071 -  -> Single Timeout   : 40.0s
2026-05-02 00:30:40,071 -  -> Max Pairwise Size: 26
2026-05-02 00:30:40,071 -  -> Pairwise Timeout : 76.0s
2026-05-02 00:30:40,071 -  -> Global Timeout   : 1200.0s
2026-05-02 00:30:40,071 -  -> Chi phí khởi điểm: 29479
2026-05-02 00:30:40,071 - =========================================
2026-05-02 00:30:40,071 - === BẮT ĐẦU CHẶNG 4: GUROBI MIP CHÍNH XÁC | Cost: 29479 ===
2026-05-02 00:30:40,071 -   [GĐ 4.1] Giải bài toán TSP trên từng tuyến đơn...
2026-05-02 00:30:43,735 -     -> Single Gurobi cải thiện: 863. Cost mới: 28616
2026-05-02 00:30:43,735 -   [GĐ 4.2] Xét từng cặp tuyến để phân bổ lại khách hàng...
2026-05-02 00:30:43,736 -   --- Pairwise Iter 1 (còn 1196s) ---
2026-05-02 00:31:59,790 -     [P4.2] Pair (4,12) giảm 134 -> BEST = 28482
2026-05-02 00:32:00,158 -   --- Pairwise Iter 2 (còn 1120s) ---
2026-05-02 00:32:27,703 -     [P4.2] Pair (11,12) giảm 343 -> BEST = 28139
2026-05-02 00:32:27,727 -   --- Pairwise Iter 3 (còn 1092s) ---
2026-05-02 00:33:43,776 -     [P4.2] Pair (2,3) giảm 66 -> BEST = 28073
2026-05-02 00:33:43,851 -   --- Pairwise Iter 4 (còn 1016s) ---
2026-05-02 00:34:59,893 -     [P4.2] Pair (4,10) giảm 29 -> BEST = 28044
2026-05-02 00:35:00,099 -   --- Pairwise Iter 5 (còn 940s) ---
2026-05-02 00:37:32,180 -     [P4.2] Pair (11,13) giảm 322 -> BEST = 27722
2026-05-02 00:37:32,658 -   --- Pairwise Iter 6 (còn 787s) ---
2026-05-02 00:42:36,860 -     [P4.2] Pair (0,5) giảm 27 -> BEST = 27695
2026-05-02 00:42:36,925 -   --- Pairwise Iter 7 (còn 483s) ---
2026-05-02 00:47:41,101 -     [P4.2] Pair (1,9) giảm 35 -> BEST = 27660
2026-05-02 00:47:41,176 -   --- Pairwise Iter 8 (còn 179s) ---
2026-05-02 00:50:38,098 -     -> Đã đạt cực trị toàn cục cho mọi cặp dưới ngưỡng. KẾT THÚC CHẶNG 4.
2026-05-02 00:50:38,098 - Hoàn thành trong 1198.0s. Final Cost: 27660
2026-05-02 00:50:38,098 - ======================================================================
2026-05-02 00:50:38,098 - BÁO CÁO TỔNG KẾT (SUMMARY)
2026-05-02 00:50:38,098 - ======================================================================
2026-05-02 00:50:38,098 -   1. Chi phí Clarke-Wright:     29479
2026-05-02 00:50:38,099 -   2. Chi phí sau Gurobi MIP:    27660
2026-05-02 00:50:38,099 -   => TỔNG CẢI THIỆN:            1819
2026-05-02 00:50:38,099 -   => Số lần Gurobi Single cải thiện  : 12 lần
2026-05-02 00:50:38,099 -   => Số lần Gurobi Pairwise cải thiện: 7 lần
2026-05-02 00:50:38,099 -   => TỔNG THỜI GIAN CHẠY:       1198.043s
2026-05-02 00:50:38,104 - ======================================================================
2026-05-02 00:50:38,104 - GUROBI MIP SOLVER  |  FILE: X-n110-k13.vrp
2026-05-02 00:50:38,104 - ======================================================================
2026-05-02 00:50:38,124 - Thông tin dữ liệu: Dimension=110, K=13, Capacity=66
2026-05-02 00:50:38,124 - --- Step 1: Clarke-Wright Heuristic ---
2026-05-02 00:50:38,138 -   Kết quả CW: Cost = 19434, Time = 0.013s
2026-05-02 00:50:38,138 - --- Step 2: Advanced Optimization (Gurobi MIP) ---
2026-05-02 00:50:38,138 - =========================================
2026-05-02 00:50:38,138 - BẮT ĐẦU OPTIMIZE  (100% Gurobi MIP)
2026-05-02 00:50:38,138 -  -> Max Single Size  : 21
2026-05-02 00:50:38,138 -  -> Single Timeout   : 40.0s
2026-05-02 00:50:38,138 -  -> Max Pairwise Size: 28
2026-05-02 00:50:38,138 -  -> Pairwise Timeout : 85.0s
2026-05-02 00:50:38,138 -  -> Global Timeout   : 1200.0s
2026-05-02 00:50:38,138 -  -> Chi phí khởi điểm: 19434
2026-05-02 00:50:38,138 - =========================================
2026-05-02 00:50:38,138 - === BẮT ĐẦU CHẶNG 4: GUROBI MIP CHÍNH XÁC | Cost: 19434 ===
2026-05-02 00:50:38,138 -   [GĐ 4.1] Giải bài toán TSP trên từng tuyến đơn...
2026-05-02 00:50:39,619 -     -> Single Gurobi cải thiện: 1260. Cost mới: 18174
2026-05-02 00:50:39,619 -   [GĐ 4.2] Xét từng cặp tuyến để phân bổ lại khách hàng...
2026-05-02 00:50:39,620 -   --- Pairwise Iter 1 (còn 1199s) ---
2026-05-02 00:52:04,669 -     [P4.2] Pair (10,12) giảm 69 -> BEST = 18105
2026-05-02 00:52:04,935 -   --- Pairwise Iter 2 (còn 1113s) ---
2026-05-02 00:53:29,993 -     [P4.2] Pair (3,12) giảm 231 -> BEST = 17874
2026-05-02 00:53:30,279 -   --- Pairwise Iter 3 (còn 1028s) ---
2026-05-02 00:56:20,372 -     [P4.2] Pair (0,1) giảm 105 -> BEST = 17769
2026-05-02 00:56:20,477 -   --- Pairwise Iter 4 (còn 858s) ---
2026-05-02 00:59:22,860 -     [P4.2] Pair (9,12) giảm 299 -> BEST = 17470
2026-05-02 00:59:22,925 -   --- Pairwise Iter 5 (còn 675s) ---
2026-05-02 01:00:47,976 -     [P4.2] Pair (3,9) giảm 108 -> BEST = 17362
2026-05-02 01:00:48,575 -   --- Pairwise Iter 6 (còn 590s) ---
2026-05-02 01:01:51,532 -     [P4.2] Pair (3,12) giảm 59 -> BEST = 17303
2026-05-02 01:01:51,920 -   --- Pairwise Iter 7 (còn 526s) ---
2026-05-02 01:03:24,282 -     [P4.2] Pair (1,3) giảm 226 -> BEST = 17077
2026-05-02 01:03:24,316 -   --- Pairwise Iter 8 (còn 434s) ---
2026-05-02 01:04:49,360 -     [P4.2] Pair (0,3) giảm 25 -> BEST = 17052
2026-05-02 01:04:49,415 -   --- Pairwise Iter 9 (còn 349s) ---
2026-05-02 01:07:08,127 -     [P4.2] Pair (5,6) giảm 268 -> BEST = 16784
2026-05-02 01:07:08,293 -   --- Pairwise Iter 10 (còn 210s) ---
2026-05-02 01:10:36,177 -     -> Đã đạt cực trị toàn cục cho mọi cặp dưới ngưỡng. KẾT THÚC CHẶNG 4.
2026-05-02 01:10:36,178 - Hoàn thành trong 1198.0s. Final Cost: 16784
2026-05-02 01:10:36,178 - ======================================================================
2026-05-02 01:10:36,178 - BÁO CÁO TỔNG KẾT (SUMMARY)
2026-05-02 01:10:36,178 - ======================================================================
2026-05-02 01:10:36,178 -   1. Chi phí Clarke-Wright:     19434
2026-05-02 01:10:36,178 -   2. Chi phí sau Gurobi MIP:    16784
2026-05-02 01:10:36,178 -   => TỔNG CẢI THIỆN:            2650
2026-05-02 01:10:36,178 -   => Số lần Gurobi Single cải thiện  : 13 lần
2026-05-02 01:10:36,178 -   => Số lần Gurobi Pairwise cải thiện: 9 lần
2026-05-02 01:10:36,178 -   => TỔNG THỜI GIAN CHẠY:       1198.053s
2026-05-02 01:10:36,182 - ======================================================================
2026-05-02 01:10:36,183 - GUROBI MIP SOLVER  |  FILE: X-n115-k10.vrp
2026-05-02 01:10:36,183 - ======================================================================
2026-05-02 01:10:36,212 - Thông tin dữ liệu: Dimension=115, K=10, Capacity=169
2026-05-02 01:10:36,212 - --- Step 1: Clarke-Wright Heuristic ---
2026-05-02 01:10:36,227 -   Kết quả CW: Cost = 20672, Time = 0.016s
2026-05-02 01:10:36,228 - --- Step 2: Advanced Optimization (Gurobi MIP) ---
2026-05-02 01:10:36,228 - =========================================
2026-05-02 01:10:36,228 - BẮT ĐẦU OPTIMIZE  (100% Gurobi MIP)
2026-05-02 01:10:36,228 -  -> Max Single Size  : 28
2026-05-02 01:10:36,228 -  -> Single Timeout   : 40.0s
2026-05-02 01:10:36,228 -  -> Max Pairwise Size: 28
2026-05-02 01:10:36,228 -  -> Pairwise Timeout : 115.0s
2026-05-02 01:10:36,228 -  -> Global Timeout   : 1200.0s
2026-05-02 01:10:36,228 -  -> Chi phí khởi điểm: 20672
2026-05-02 01:10:36,228 - =========================================
2026-05-02 01:10:36,228 - === BẮT ĐẦU CHẶNG 4: GUROBI MIP CHÍNH XÁC | Cost: 20672 ===
2026-05-02 01:10:36,228 -   [GĐ 4.1] Giải bài toán TSP trên từng tuyến đơn...
2026-05-02 01:10:39,095 -     -> Single Gurobi cải thiện: 3457. Cost mới: 17215
2026-05-02 01:10:39,095 -   [GĐ 4.2] Xét từng cặp tuyến để phân bổ lại khách hàng...
2026-05-02 01:10:39,095 -   --- Pairwise Iter 1 (còn 1197s) ---
2026-05-02 01:12:34,145 -     [P4.2] Pair (5,6) giảm 81 -> BEST = 17134
2026-05-02 01:12:34,381 -   --- Pairwise Iter 2 (còn 1082s) ---
2026-05-02 01:14:29,433 -     [P4.2] Pair (2,7) giảm 78 -> BEST = 17056
2026-05-02 01:14:29,710 -   --- Pairwise Iter 3 (còn 967s) ---
2026-05-02 01:16:24,759 -     [P4.2] Pair (0,3) giảm 207 -> BEST = 16849
2026-05-02 01:16:25,097 -   --- Pairwise Iter 4 (còn 851s) ---
2026-05-02 01:18:20,157 -     [P4.2] Pair (4,6) giảm 372 -> BEST = 16477
2026-05-02 01:18:20,410 -   --- Pairwise Iter 5 (còn 736s) ---
2026-05-02 01:18:45,550 -     [P4.2] Pair (7,8) giảm 121 -> BEST = 16356
2026-05-02 01:18:45,613 -   --- Pairwise Iter 6 (còn 711s) ---
2026-05-02 01:25:00,843 -     [P4.2] Pair (4,7) giảm 175 -> BEST = 16181
2026-05-02 01:25:02,866 -   --- Pairwise Iter 7 (còn 333s) ---
2026-05-02 01:29:14,665 -     [P4.2] Pair (6,7) giảm 56 -> BEST = 16125
2026-05-02 01:29:14,790 -   --- Pairwise Iter 8 (còn 81s) ---
2026-05-02 01:30:34,274 -     -> Đã đạt cực trị toàn cục cho mọi cặp dưới ngưỡng. KẾT THÚC CHẶNG 4.
2026-05-02 01:30:34,274 - Hoàn thành trong 1198.0s. Final Cost: 16125
2026-05-02 01:30:34,274 - ======================================================================
2026-05-02 01:30:34,274 - BÁO CÁO TỔNG KẾT (SUMMARY)
2026-05-02 01:30:34,274 - ======================================================================
2026-05-02 01:30:34,274 -   1. Chi phí Clarke-Wright:     20672
2026-05-02 01:30:34,274 -   2. Chi phí sau Gurobi MIP:    16125
2026-05-02 01:30:34,274 -   => TỔNG CẢI THIỆN:            4547
2026-05-02 01:30:34,274 -   => Số lần Gurobi Single cải thiện  : 9 lần
2026-05-02 01:30:34,274 -   => Số lần Gurobi Pairwise cải thiện: 7 lần
2026-05-02 01:30:34,274 -   => TỔNG THỜI GIAN CHẠY:       1198.062s
2026-05-02 01:30:34,279 - ======================================================================
2026-05-02 01:30:34,279 - GUROBI MIP SOLVER  |  FILE: X-n120-k6.vrp
2026-05-02 01:30:34,279 - ======================================================================
2026-05-02 01:30:34,306 - Thông tin dữ liệu: Dimension=120, K=6, Capacity=21
2026-05-02 01:30:34,306 - --- Step 1: Clarke-Wright Heuristic ---
2026-05-02 01:30:34,322 -   Kết quả CW: Cost = 18648, Time = 0.016s
2026-05-02 01:30:34,322 - --- Step 2: Advanced Optimization (Gurobi MIP) ---
2026-05-02 01:30:34,322 - =========================================
2026-05-02 01:30:34,322 - BẮT ĐẦU OPTIMIZE  (100% Gurobi MIP)
2026-05-02 01:30:34,322 -  -> Max Single Size  : 35
2026-05-02 01:30:34,322 -  -> Single Timeout   : 40.0s
2026-05-02 01:30:34,322 -  -> Max Pairwise Size: 28
2026-05-02 01:30:34,322 -  -> Pairwise Timeout : 150.0s
2026-05-02 01:30:34,322 -  -> Global Timeout   : 1200.0s
2026-05-02 01:30:34,322 -  -> Chi phí khởi điểm: 18648
2026-05-02 01:30:34,322 - =========================================
2026-05-02 01:30:34,322 - === BẮT ĐẦU CHẶNG 4: GUROBI MIP CHÍNH XÁC | Cost: 18648 ===
2026-05-02 01:30:34,322 -   [GĐ 4.1] Giải bài toán TSP trên từng tuyến đơn...
2026-05-02 01:31:25,407 -     -> Single Gurobi cải thiện: 2885. Cost mới: 15763
2026-05-02 01:31:25,407 -   [GĐ 4.2] Xét từng cặp tuyến để phân bổ lại khách hàng...
2026-05-02 01:31:25,407 -   --- Pairwise Iter 1 (còn 1149s) ---
2026-05-02 01:31:25,408 -     -> Đã đạt cực trị toàn cục cho mọi cặp dưới ngưỡng. KẾT THÚC CHẶNG 4.
2026-05-02 01:31:25,408 - Hoàn thành trong 51.1s. Final Cost: 15763
2026-05-02 01:31:25,409 - ======================================================================
2026-05-02 01:31:25,409 - BÁO CÁO TỔNG KẾT (SUMMARY)
2026-05-02 01:31:25,409 - ======================================================================
2026-05-02 01:31:25,409 -   1. Chi phí Clarke-Wright:     18648
2026-05-02 01:31:25,409 -   2. Chi phí sau Gurobi MIP:    15763
2026-05-02 01:31:25,409 -   => TỔNG CẢI THIỆN:            2885
2026-05-02 01:31:25,409 -   => Số lần Gurobi Single cải thiện  : 6 lần
2026-05-02 01:31:25,409 -   => Số lần Gurobi Pairwise cải thiện: 0 lần
2026-05-02 01:31:25,409 -   => TỔNG THỜI GIAN CHẠY:       51.102s
2026-05-02 01:31:25,413 - ======================================================================
2026-05-02 01:31:25,413 - GUROBI MIP SOLVER  |  FILE: X-n125-k30.vrp
2026-05-02 01:31:25,413 - ======================================================================
2026-05-02 01:31:25,438 - Thông tin dữ liệu: Dimension=125, K=30, Capacity=188
2026-05-02 01:31:25,438 - --- Step 1: Clarke-Wright Heuristic ---
2026-05-02 01:31:25,516 -   Kết quả CW: Cost = 88682, Time = 0.078s
2026-05-02 01:31:25,517 - --- Step 2: Advanced Optimization (Gurobi MIP) ---
2026-05-02 01:31:25,517 - =========================================
2026-05-02 01:31:25,517 - BẮT ĐẦU OPTIMIZE  (100% Gurobi MIP)
2026-05-02 01:31:25,517 -  -> Max Single Size  : 20
2026-05-02 01:31:25,517 -  -> Single Timeout   : 40.0s
2026-05-02 01:31:25,517 -  -> Max Pairwise Size: 16
2026-05-02 01:31:25,517 -  -> Pairwise Timeout : 42.0s
2026-05-02 01:31:25,517 -  -> Global Timeout   : 1200.0s
2026-05-02 01:31:25,517 -  -> Chi phí khởi điểm: 88682
2026-05-02 01:31:25,517 - =========================================
2026-05-02 01:31:25,517 - === BẮT ĐẦU CHẶNG 4: GUROBI MIP CHÍNH XÁC | Cost: 88682 ===
2026-05-02 01:31:25,517 -   [GĐ 4.1] Giải bài toán TSP trên từng tuyến đơn...
2026-05-02 01:32:06,217 -     -> Single Gurobi cải thiện: 16645. Cost mới: 72037
2026-05-02 01:32:06,217 -   [GĐ 4.2] Xét từng cặp tuyến để phân bổ lại khách hàng...
2026-05-02 01:32:06,217 -   --- Pairwise Iter 1 (còn 1159s) ---
2026-05-02 01:32:06,803 -     [P4.2] Pair (6,23) giảm 186 -> BEST = 71851
2026-05-02 01:32:06,827 -   --- Pairwise Iter 2 (còn 1159s) ---
2026-05-02 01:32:12,668 -     [P4.2] Pair (11,28) giảm 78 -> BEST = 71773
2026-05-02 01:32:12,733 -   --- Pairwise Iter 3 (còn 1153s) ---
2026-05-02 01:32:14,868 -     [P4.2] Pair (17,18) giảm 6 -> BEST = 71767
2026-05-02 01:32:14,892 -   --- Pairwise Iter 4 (còn 1151s) ---
2026-05-02 01:32:18,569 -     [P4.2] Pair (6,26) giảm 149 -> BEST = 71618
2026-05-02 01:32:18,613 -   --- Pairwise Iter 5 (còn 1147s) ---
2026-05-02 01:32:21,241 -     [P4.2] Pair (6,23) giảm 92 -> BEST = 71526
2026-05-02 01:32:21,295 -   --- Pairwise Iter 6 (còn 1144s) ---
2026-05-02 01:32:23,408 -     [P4.2] Pair (6,26) giảm 6 -> BEST = 71520
2026-05-02 01:32:23,463 -   --- Pairwise Iter 7 (còn 1142s) ---
2026-05-02 01:32:28,309 -     [P4.2] Pair (8,20) giảm 72 -> BEST = 71448
2026-05-02 01:32:28,333 -   --- Pairwise Iter 8 (còn 1137s) ---
2026-05-02 01:32:40,752 -     [P4.2] Pair (24,26) giảm 345 -> BEST = 71103
2026-05-02 01:32:40,786 -   --- Pairwise Iter 9 (còn 1125s) ---
2026-05-02 01:32:45,927 -     [P4.2] Pair (13,25) giảm 323 -> BEST = 70780
2026-05-02 01:32:45,962 -   --- Pairwise Iter 10 (còn 1120s) ---
2026-05-02 01:32:46,587 -     [P4.2] Pair (13,19) giảm 167 -> BEST = 70613
2026-05-02 01:32:46,642 -   --- Pairwise Iter 11 (còn 1119s) ---
2026-05-02 01:32:51,634 -     [P4.2] Pair (4,8) giảm 468 -> BEST = 70145
2026-05-02 01:32:51,658 -   --- Pairwise Iter 12 (còn 1114s) ---
2026-05-02 01:32:56,813 -     [P4.2] Pair (11,26) giảm 146 -> BEST = 69999
2026-05-02 01:32:56,858 -   --- Pairwise Iter 13 (còn 1109s) ---
2026-05-02 01:32:59,233 -     [P4.2] Pair (11,24) giảm 87 -> BEST = 69912
2026-05-02 01:32:59,308 -   --- Pairwise Iter 14 (còn 1106s) ---
2026-05-02 01:33:04,728 -     [P4.2] Pair (6,24) giảm 116 -> BEST = 69796
2026-05-02 01:33:04,854 -   --- Pairwise Iter 15 (còn 1101s) ---
2026-05-02 01:33:07,626 -     [P4.2] Pair (6,21) giảm 37 -> BEST = 69759
2026-05-02 01:33:07,691 -   --- Pairwise Iter 16 (còn 1098s) ---
2026-05-02 01:34:05,590 -     [P4.2] Pair (26,28) giảm 859 -> BEST = 68900
2026-05-02 01:34:05,654 -   --- Pairwise Iter 17 (còn 1040s) ---
2026-05-02 01:34:37,186 -     [P4.2] Pair (26,27) giảm 211 -> BEST = 68689
2026-05-02 01:34:37,916 -   --- Pairwise Iter 18 (còn 1008s) ---
2026-05-02 01:34:52,197 -     [P4.2] Pair (14,27) giảm 34 -> BEST = 68655
2026-05-02 01:34:52,342 -   --- Pairwise Iter 19 (còn 993s) ---
2026-05-02 01:35:38,632 -     [P4.2] Pair (21,27) giảm 41 -> BEST = 68614
2026-05-02 01:35:38,748 -   --- Pairwise Iter 20 (còn 947s) ---
2026-05-02 01:36:36,661 -     [P4.2] Pair (11,27) giảm 152 -> BEST = 68462
2026-05-02 01:36:36,746 -   --- Pairwise Iter 21 (còn 889s) ---
2026-05-02 01:37:24,960 -     [P4.2] Pair (11,21) giảm 10 -> BEST = 68452
2026-05-02 01:37:25,035 -   --- Pairwise Iter 22 (còn 840s) ---
2026-05-02 01:38:31,468 -     [P4.2] Pair (26,28) giảm 107 -> BEST = 68345
2026-05-02 01:38:31,552 -   --- Pairwise Iter 23 (còn 774s) ---
2026-05-02 01:39:48,354 -     [P4.2] Pair (6,26) giảm 88 -> BEST = 68257
2026-05-02 01:39:48,439 -   --- Pairwise Iter 24 (còn 697s) ---
2026-05-02 01:42:09,825 -     [P4.2] Pair (6,28) giảm 70 -> BEST = 68187
2026-05-02 01:42:09,869 -   --- Pairwise Iter 25 (còn 556s) ---
2026-05-02 01:44:35,242 -     [P4.2] Pair (20,23) giảm 50 -> BEST = 68137
2026-05-02 01:44:35,267 -   --- Pairwise Iter 26 (còn 410s) ---
2026-05-02 01:46:00,854 -     [P4.2] Pair (23,28) giảm 584 -> BEST = 67553
2026-05-02 01:46:00,879 -   --- Pairwise Iter 27 (còn 325s) ---
2026-05-02 01:48:21,986 -     [P4.2] Pair (6,28) giảm 326 -> BEST = 67227
2026-05-02 01:48:22,020 -   --- Pairwise Iter 28 (còn 183s) ---
2026-05-02 01:49:47,340 -     [P4.2] Pair (23,28) giảm 53 -> BEST = 67174
2026-05-02 01:49:47,374 -   --- Pairwise Iter 29 (còn 98s) ---
2026-05-02 01:51:23,534 -     -> Đã đạt cực trị toàn cục cho mọi cặp dưới ngưỡng. KẾT THÚC CHẶNG 4.
2026-05-02 01:51:23,534 - Hoàn thành trong 1198.0s. Final Cost: 67174
2026-05-02 01:51:23,535 - ======================================================================
2026-05-02 01:51:23,535 - BÁO CÁO TỔNG KẾT (SUMMARY)
2026-05-02 01:51:23,535 - ======================================================================
2026-05-02 01:51:23,535 -   1. Chi phí Clarke-Wright:     88682
2026-05-02 01:51:23,535 -   2. Chi phí sau Gurobi MIP:    67174
2026-05-02 01:51:23,535 -   => TỔNG CẢI THIỆN:            21508
2026-05-02 01:51:23,535 -   => Số lần Gurobi Single cải thiện  : 15 lần
2026-05-02 01:51:23,535 -   => Số lần Gurobi Pairwise cải thiện: 28 lần
2026-05-02 01:51:23,535 -   => TỔNG THỜI GIAN CHẠY:       1198.096s
2026-05-02 01:51:23,539 - ======================================================================
2026-05-02 01:51:23,540 - GUROBI MIP SOLVER  |  FILE: X-n129-k18.vrp
2026-05-02 01:51:23,540 - ======================================================================
2026-05-02 01:51:23,566 - Thông tin dữ liệu: Dimension=129, K=18, Capacity=39
2026-05-02 01:51:23,566 - --- Step 1: Clarke-Wright Heuristic ---
2026-05-02 01:51:23,583 -   Kết quả CW: Cost = 35681, Time = 0.017s
2026-05-02 01:51:23,583 - --- Step 2: Advanced Optimization (Gurobi MIP) ---
2026-05-02 01:51:23,583 - =========================================
2026-05-02 01:51:23,583 - BẮT ĐẦU OPTIMIZE  (100% Gurobi MIP)
2026-05-02 01:51:23,583 -  -> Max Single Size  : 20
2026-05-02 01:51:23,583 -  -> Single Timeout   : 40.0s
2026-05-02 01:51:23,583 -  -> Max Pairwise Size: 25
2026-05-02 01:51:23,583 -  -> Pairwise Timeout : 72.0s
2026-05-02 01:51:23,583 -  -> Global Timeout   : 1200.0s
2026-05-02 01:51:23,583 -  -> Chi phí khởi điểm: 35681
2026-05-02 01:51:23,583 - =========================================
2026-05-02 01:51:23,583 - === BẮT ĐẦU CHẶNG 4: GUROBI MIP CHÍNH XÁC | Cost: 35681 ===
2026-05-02 01:51:23,583 -   [GĐ 4.1] Giải bài toán TSP trên từng tuyến đơn...
2026-05-02 01:51:27,472 -     -> Single Gurobi cải thiện: 1761. Cost mới: 33920
2026-05-02 01:51:27,472 -   [GĐ 4.2] Xét từng cặp tuyến để phân bổ lại khách hàng...
2026-05-02 01:51:27,472 -   --- Pairwise Iter 1 (còn 1196s) ---
2026-05-02 01:52:39,538 -     [P4.2] Pair (4,7) giảm 58 -> BEST = 33862
2026-05-02 01:52:39,805 -   --- Pairwise Iter 2 (còn 1124s) ---
2026-05-02 01:55:03,889 -     [P4.2] Pair (4,11) giảm 209 -> BEST = 33653
2026-05-02 01:55:04,166 -   --- Pairwise Iter 3 (còn 979s) ---
2026-05-02 01:57:31,786 -     [P4.2] Pair (5,6) giảm 49 -> BEST = 33604
2026-05-02 01:57:31,861 -   --- Pairwise Iter 4 (còn 832s) ---
2026-05-02 02:01:07,969 -     [P4.2] Pair (2,6) giảm 138 -> BEST = 33466
2026-05-02 02:01:08,074 -   --- Pairwise Iter 5 (còn 616s) ---
2026-05-02 02:04:00,100 -     [P4.2] Pair (9,12) giảm 230 -> BEST = 33236
2026-05-02 02:04:00,175 -   --- Pairwise Iter 6 (còn 443s) ---
2026-05-02 02:08:02,746 -     [P4.2] Pair (2,16) giảm 334 -> BEST = 32902
2026-05-02 02:08:02,942 -   --- Pairwise Iter 7 (còn 201s) ---
2026-05-02 02:11:21,605 -     -> Đã đạt cực trị toàn cục cho mọi cặp dưới ngưỡng. KẾT THÚC CHẶNG 4.
2026-05-02 02:11:21,605 - Hoàn thành trong 1198.0s. Final Cost: 32902
2026-05-02 02:11:21,609 - ======================================================================
2026-05-02 02:11:21,609 - BÁO CÁO TỔNG KẾT (SUMMARY)
2026-05-02 02:11:21,609 - ======================================================================
2026-05-02 02:11:21,609 -   1. Chi phí Clarke-Wright:     35681
2026-05-02 02:11:21,609 -   2. Chi phí sau Gurobi MIP:    32902
2026-05-02 02:11:21,609 -   => TỔNG CẢI THIỆN:            2779
2026-05-02 02:11:21,609 -   => Số lần Gurobi Single cải thiện  : 13 lần
2026-05-02 02:11:21,609 -   => Số lần Gurobi Pairwise cải thiện: 6 lần
2026-05-02 02:11:21,609 -   => TỔNG THỜI GIAN CHẠY:       1198.043s
2026-05-02 02:11:21,611 - ======================================================================
2026-05-02 02:11:21,611 - GUROBI MIP SOLVER  |  FILE: X-n134-k13.vrp
2026-05-02 02:11:21,611 - ======================================================================
2026-05-02 02:11:21,639 - Thông tin dữ liệu: Dimension=134, K=13, Capacity=643
2026-05-02 02:11:21,639 - --- Step 1: Clarke-Wright Heuristic ---
2026-05-02 02:11:21,659 -   Kết quả CW: Cost = 14297, Time = 0.020s
2026-05-02 02:11:21,659 - --- Step 2: Advanced Optimization (Gurobi MIP) ---
2026-05-02 02:11:21,659 - =========================================
2026-05-02 02:11:21,659 - BẮT ĐẦU OPTIMIZE  (100% Gurobi MIP)
2026-05-02 02:11:21,659 -  -> Max Single Size  : 25
2026-05-02 02:11:21,659 -  -> Single Timeout   : 40.0s
2026-05-02 02:11:21,659 -  -> Max Pairwise Size: 28
2026-05-02 02:11:21,659 -  -> Pairwise Timeout : 104.0s
2026-05-02 02:11:21,659 -  -> Global Timeout   : 1200.0s
2026-05-02 02:11:21,659 -  -> Chi phí khởi điểm: 14297
2026-05-02 02:11:21,659 - =========================================
2026-05-02 02:11:21,659 - === BẮT ĐẦU CHẶNG 4: GUROBI MIP CHÍNH XÁC | Cost: 14297 ===
2026-05-02 02:11:21,659 -   [GĐ 4.1] Giải bài toán TSP trên từng tuyến đơn...
2026-05-02 02:12:06,032 -     -> Single Gurobi cải thiện: 974. Cost mới: 13323
2026-05-02 02:12:06,032 -   [GĐ 4.2] Xét từng cặp tuyến để phân bổ lại khách hàng...
2026-05-02 02:12:06,032 -   --- Pairwise Iter 1 (còn 1156s) ---
2026-05-02 02:15:34,139 -     [P4.2] Pair (0,12) giảm 63 -> BEST = 13260
2026-05-02 02:15:35,142 -   --- Pairwise Iter 2 (còn 947s) ---
2026-05-02 02:20:47,299 -     [P4.2] Pair (2,9) giảm 68 -> BEST = 13192
2026-05-02 02:20:47,746 -   --- Pairwise Iter 3 (còn 634s) ---
2026-05-02 02:25:59,892 -     [P4.2] Pair (2,8) giảm 90 -> BEST = 13102
2026-05-02 02:26:00,189 -   --- Pairwise Iter 4 (còn 321s) ---
2026-05-02 02:30:26,198 -     [P4.2] Pair (7,10) giảm 161 -> BEST = 12941
2026-05-02 02:30:26,323 -   --- Pairwise Iter 5 (còn 55s) ---
2026-05-02 02:31:19,697 -     -> Đã đạt cực trị toàn cục cho mọi cặp dưới ngưỡng. KẾT THÚC CHẶNG 4.
2026-05-02 02:31:19,697 - Hoàn thành trong 1198.0s. Final Cost: 12941
2026-05-02 02:31:19,697 - ======================================================================
2026-05-02 02:31:19,697 - BÁO CÁO TỔNG KẾT (SUMMARY)
2026-05-02 02:31:19,697 - ======================================================================
2026-05-02 02:31:19,697 -   1. Chi phí Clarke-Wright:     14297
2026-05-02 02:31:19,697 -   2. Chi phí sau Gurobi MIP:    12941
2026-05-02 02:31:19,698 -   => TỔNG CẢI THIỆN:            1356
2026-05-02 02:31:19,698 -   => Số lần Gurobi Single cải thiện  : 13 lần
2026-05-02 02:31:19,698 -   => Số lần Gurobi Pairwise cải thiện: 4 lần
2026-05-02 02:31:19,698 -   => TỔNG THỜI GIAN CHẠY:       1198.058s
2026-05-02 02:31:19,702 - ======================================================================
2026-05-02 02:31:19,702 - GUROBI MIP SOLVER  |  FILE: X-n139-k10.vrp
2026-05-02 02:31:19,702 - ======================================================================
2026-05-02 02:31:19,736 - Thông tin dữ liệu: Dimension=139, K=10, Capacity=106
2026-05-02 02:31:19,736 - --- Step 1: Clarke-Wright Heuristic ---
2026-05-02 02:31:19,757 -   Kết quả CW: Cost = 20423, Time = 0.021s
2026-05-02 02:31:19,757 - --- Step 2: Advanced Optimization (Gurobi MIP) ---
2026-05-02 02:31:19,757 - =========================================
2026-05-02 02:31:19,757 - BẮT ĐẦU OPTIMIZE  (100% Gurobi MIP)
2026-05-02 02:31:19,757 -  -> Max Single Size  : 34
2026-05-02 02:31:19,757 -  -> Single Timeout   : 40.0s
2026-05-02 02:31:19,757 -  -> Max Pairwise Size: 28
2026-05-02 02:31:19,757 -  -> Pairwise Timeout : 139.0s
2026-05-02 02:31:19,757 -  -> Global Timeout   : 1200.0s
2026-05-02 02:31:19,757 -  -> Chi phí khởi điểm: 20423
2026-05-02 02:31:19,757 - =========================================
2026-05-02 02:31:19,757 - === BẮT ĐẦU CHẶNG 4: GUROBI MIP CHÍNH XÁC | Cost: 20423 ===
2026-05-02 02:31:19,757 -   [GĐ 4.1] Giải bài toán TSP trên từng tuyến đơn...
2026-05-02 02:32:51,338 -     -> Single Gurobi cải thiện: 3308. Cost mới: 17115
2026-05-02 02:32:51,338 -   [GĐ 4.2] Xét từng cặp tuyến để phân bổ lại khách hàng...
2026-05-02 02:32:51,338 -   --- Pairwise Iter 1 (còn 1108s) ---
2026-05-02 02:35:10,404 -     [P4.2] Pair (0,9) giảm 333 -> BEST = 16782
2026-05-02 02:35:10,731 -       [S-re] Route 9: 1766 → 1736  (−30) | BEST = 16752
2026-05-02 02:35:10,731 -   --- Pairwise Iter 2 (còn 969s) ---
2026-05-02 02:37:29,796 -     [P4.2] Pair (0,9) giảm 186 -> BEST = 16566
2026-05-02 02:37:30,022 -   --- Pairwise Iter 3 (còn 830s) ---
2026-05-02 02:42:08,137 -     [P4.2] Pair (0,6) giảm 516 -> BEST = 16050
2026-05-02 02:42:08,222 -   --- Pairwise Iter 4 (còn 552s) ---
2026-05-02 02:44:27,281 -     [P4.2] Pair (6,7) giảm 359 -> BEST = 15691
2026-05-02 02:44:28,900 -   --- Pairwise Iter 5 (còn 411s) ---
2026-05-02 02:51:17,825 -     [P4.2] Pair (1,4) giảm 176 -> BEST = 15515
2026-05-02 02:51:17,825 -   --- Pairwise Iter 6 (còn 2s) ---
2026-05-02 02:51:17,827 -     -> Đã đạt cực trị toàn cục cho mọi cặp dưới ngưỡng. KẾT THÚC CHẶNG 4.
2026-05-02 02:51:17,827 - Hoàn thành trong 1198.1s. Final Cost: 15515
2026-05-02 02:51:17,827 - ======================================================================
2026-05-02 02:51:17,827 - BÁO CÁO TỔNG KẾT (SUMMARY)
2026-05-02 02:51:17,827 - ======================================================================
2026-05-02 02:51:17,827 -   1. Chi phí Clarke-Wright:     20423
2026-05-02 02:51:17,827 -   2. Chi phí sau Gurobi MIP:    15515
2026-05-02 02:51:17,827 -   => TỔNG CẢI THIỆN:            4908
2026-05-02 02:51:17,827 -   => Số lần Gurobi Single cải thiện  : 11 lần
2026-05-02 02:51:17,827 -   => Số lần Gurobi Pairwise cải thiện: 5 lần
2026-05-02 02:51:17,827 -   => TỔNG THỜI GIAN CHẠY:       1198.091s
2026-05-02 02:51:17,832 - ======================================================================
2026-05-02 02:51:17,832 - GUROBI MIP SOLVER  |  FILE: X-n143-k7.vrp
2026-05-02 02:51:17,832 - ======================================================================
2026-05-02 02:51:17,867 - Thông tin dữ liệu: Dimension=143, K=7, Capacity=1190
2026-05-02 02:51:17,867 - --- Step 1: Clarke-Wright Heuristic ---
2026-05-02 02:51:17,891 -   Kết quả CW: Cost = 20588, Time = 0.024s
2026-05-02 02:51:17,891 - --- Step 2: Advanced Optimization (Gurobi MIP) ---
2026-05-02 02:51:17,891 - =========================================
2026-05-02 02:51:17,891 - BẮT ĐẦU OPTIMIZE  (100% Gurobi MIP)
2026-05-02 02:51:17,891 -  -> Max Single Size  : 35
2026-05-02 02:51:17,891 -  -> Single Timeout   : 40.0s
2026-05-02 02:51:17,891 -  -> Max Pairwise Size: 28
2026-05-02 02:51:17,891 -  -> Pairwise Timeout : 150.0s
2026-05-02 02:51:17,891 -  -> Global Timeout   : 1200.0s
2026-05-02 02:51:17,891 -  -> Chi phí khởi điểm: 20588
2026-05-02 02:51:17,891 - =========================================
2026-05-02 02:51:17,891 - === BẮT ĐẦU CHẶNG 4: GUROBI MIP CHÍNH XÁC | Cost: 20588 ===
2026-05-02 02:51:17,891 -   [GĐ 4.1] Giải bài toán TSP trên từng tuyến đơn...
2026-05-02 02:54:52,924 -     -> Single Gurobi cải thiện: 2684. Cost mới: 17904
2026-05-02 02:54:52,924 -   [GĐ 4.2] Xét từng cặp tuyến để phân bổ lại khách hàng...
2026-05-02 02:54:52,924 -   --- Pairwise Iter 1 (còn 985s) ---
2026-05-02 02:54:52,926 -     -> Đã đạt cực trị toàn cục cho mọi cặp dưới ngưỡng. KẾT THÚC CHẶNG 4.
2026-05-02 02:54:52,926 - Hoàn thành trong 215.0s. Final Cost: 17904
2026-05-02 02:54:52,926 - ======================================================================
2026-05-02 02:54:52,926 - BÁO CÁO TỔNG KẾT (SUMMARY)
2026-05-02 02:54:52,926 - ======================================================================
2026-05-02 02:54:52,926 -   1. Chi phí Clarke-Wright:     20588
2026-05-02 02:54:52,926 -   2. Chi phí sau Gurobi MIP:    17904
2026-05-02 02:54:52,926 -   => TỔNG CẢI THIỆN:            2684
2026-05-02 02:54:52,926 -   => Số lần Gurobi Single cải thiện  : 7 lần
2026-05-02 02:54:52,926 -   => Số lần Gurobi Pairwise cải thiện: 0 lần
2026-05-02 02:54:52,926 -   => TỔNG THỜI GIAN CHẠY:       215.059s
2026-05-02 02:54:52,931 - ======================================================================
2026-05-02 02:54:52,931 - GUROBI MIP SOLVER  |  FILE: X-n148-k46.vrp
2026-05-02 02:54:52,931 - ======================================================================
2026-05-02 02:54:52,968 - Thông tin dữ liệu: Dimension=148, K=46, Capacity=18
2026-05-02 02:54:52,968 - --- Step 1: Clarke-Wright Heuristic ---
2026-05-02 02:54:53,114 -   Kết quả CW: Cost = 83571, Time = 0.146s
2026-05-02 02:54:53,115 - --- Step 2: Advanced Optimization (Gurobi MIP) ---
2026-05-02 02:54:53,115 - =========================================
2026-05-02 02:54:53,115 - BẮT ĐẦU OPTIMIZE  (100% Gurobi MIP)
2026-05-02 02:54:53,115 -  -> Max Single Size  : 20
2026-05-02 02:54:53,115 -  -> Single Timeout   : 40.0s
2026-05-02 02:54:53,115 -  -> Max Pairwise Size: 16
2026-05-02 02:54:53,115 -  -> Pairwise Timeout : 40.0s
2026-05-02 02:54:53,115 -  -> Global Timeout   : 1200.0s
2026-05-02 02:54:53,115 -  -> Chi phí khởi điểm: 83571
2026-05-02 02:54:53,115 - =========================================
2026-05-02 02:54:53,115 - === BẮT ĐẦU CHẶNG 4: GUROBI MIP CHÍNH XÁC | Cost: 83571 ===
2026-05-02 02:54:53,115 -   [GĐ 4.1] Giải bài toán TSP trên từng tuyến đơn...
2026-05-02 02:54:53,696 -     -> Single Gurobi cải thiện: 8798. Cost mới: 74773
2026-05-02 02:54:53,696 -   [GĐ 4.2] Xét từng cặp tuyến để phân bổ lại khách hàng...
2026-05-02 02:54:53,696 -   --- Pairwise Iter 1 (còn 1199s) ---
2026-05-02 02:54:54,148 -     [P4.2] Pair (26,40) giảm 1071 -> BEST = 73702
2026-05-02 02:54:54,172 -   --- Pairwise Iter 2 (còn 1199s) ---
2026-05-02 02:54:54,782 -     [P4.2] Pair (33,34) giảm 139 -> BEST = 73563
2026-05-02 02:54:54,806 -   --- Pairwise Iter 3 (còn 1198s) ---
2026-05-02 02:54:55,347 -     [P4.2] Pair (6,42) giảm 166 -> BEST = 73397
2026-05-02 02:54:55,371 -   --- Pairwise Iter 4 (còn 1198s) ---
2026-05-02 02:54:55,985 -     [P4.2] Pair (26,31) giảm 545 -> BEST = 72852
2026-05-02 02:54:56,010 -   --- Pairwise Iter 5 (còn 1197s) ---
2026-05-02 02:54:56,829 -     [P4.2] Pair (35,36) giảm 448 -> BEST = 72404
2026-05-02 02:54:56,853 -   --- Pairwise Iter 6 (còn 1196s) ---
2026-05-02 02:54:57,342 -     [P4.2] Pair (2,35) giảm 93 -> BEST = 72311
2026-05-02 02:54:57,366 -   --- Pairwise Iter 7 (còn 1196s) ---
2026-05-02 02:54:58,052 -     [P4.2] Pair (6,7) giảm 34 -> BEST = 72277
2026-05-02 02:54:58,076 -   --- Pairwise Iter 8 (còn 1195s) ---
2026-05-02 02:54:58,798 -     [P4.2] Pair (30,31) giảm 541 -> BEST = 71736
2026-05-02 02:54:58,822 -   --- Pairwise Iter 9 (còn 1194s) ---
2026-05-02 02:54:59,938 -     [P4.2] Pair (37,38) giảm 31 -> BEST = 71705
2026-05-02 02:54:59,962 -   --- Pairwise Iter 10 (còn 1193s) ---
2026-05-02 02:55:00,705 -     [P4.2] Pair (9,11) giảm 565 -> BEST = 71140
2026-05-02 02:55:00,729 -   --- Pairwise Iter 11 (còn 1192s) ---
2026-05-02 02:55:01,483 -     [P4.2] Pair (21,22) giảm 1458 -> BEST = 69682
2026-05-02 02:55:01,507 -   --- Pairwise Iter 12 (còn 1192s) ---
2026-05-02 02:55:02,484 -     [P4.2] Pair (13,43) giảm 699 -> BEST = 68983
2026-05-02 02:55:02,518 -   --- Pairwise Iter 13 (còn 1191s) ---
2026-05-02 02:55:03,313 -     [P4.2] Pair (32,38) giảm 574 -> BEST = 68409
2026-05-02 02:55:03,337 -   --- Pairwise Iter 14 (còn 1190s) ---
2026-05-02 02:55:03,727 -     [P4.2] Pair (32,37) giảm 1 -> BEST = 68408
2026-05-02 02:55:03,772 -   --- Pairwise Iter 15 (còn 1189s) ---
2026-05-02 02:55:04,526 -     [P4.2] Pair (4,38) giảm 1185 -> BEST = 67223
2026-05-02 02:55:04,550 -   --- Pairwise Iter 16 (còn 1189s) ---
2026-05-02 02:55:05,519 -     [P4.2] Pair (10,45) giảm 1590 -> BEST = 65633
2026-05-02 02:55:05,584 -   --- Pairwise Iter 17 (còn 1188s) ---
2026-05-02 02:55:06,776 -     [P4.2] Pair (7,45) giảm 1038 -> BEST = 64595
2026-05-02 02:55:06,840 -   --- Pairwise Iter 18 (còn 1186s) ---
2026-05-02 02:55:08,180 -     [P4.2] Pair (4,7) giảm 67 -> BEST = 64528
2026-05-02 02:55:08,204 -   --- Pairwise Iter 19 (còn 1185s) ---
2026-05-02 02:55:09,618 -     [P4.2] Pair (14,25) giảm 246 -> BEST = 64282
2026-05-02 02:55:09,642 -   --- Pairwise Iter 20 (còn 1183s) ---
2026-05-02 02:55:09,983 -     [P4.2] Pair (25,36) giảm 32 -> BEST = 64250
2026-05-02 02:55:10,008 -   --- Pairwise Iter 21 (còn 1183s) ---
2026-05-02 02:55:11,383 -     [P4.2] Pair (29,31) giảm 48 -> BEST = 64202
2026-05-02 02:55:11,408 -   --- Pairwise Iter 22 (còn 1182s) ---
2026-05-02 02:55:12,946 -     [P4.2] Pair (29,43) giảm 167 -> BEST = 64035
2026-05-02 02:55:12,971 -   --- Pairwise Iter 23 (còn 1180s) ---
2026-05-02 02:55:13,318 -     [P4.2] Pair (30,43) giảm 64 -> BEST = 63971
2026-05-02 02:55:13,342 -   --- Pairwise Iter 24 (còn 1180s) ---
2026-05-02 02:55:15,176 -     [P4.2] Pair (34,37) giảm 107 -> BEST = 63864
2026-05-02 02:55:15,200 -   --- Pairwise Iter 25 (còn 1178s) ---
2026-05-02 02:55:16,823 -     [P4.2] Pair (10,32) giảm 634 -> BEST = 63230
2026-05-02 02:55:16,847 -   --- Pairwise Iter 26 (còn 1176s) ---
2026-05-02 02:55:19,160 -     [P4.2] Pair (7,26) giảm 885 -> BEST = 62345
2026-05-02 02:55:19,195 -   --- Pairwise Iter 27 (còn 1174s) ---
2026-05-02 02:55:20,824 -     [P4.2] Pair (24,30) giảm 822 -> BEST = 61523
2026-05-02 02:55:20,848 -   --- Pairwise Iter 28 (còn 1172s) ---
2026-05-02 02:55:21,156 -     [P4.2] Pair (24,43) giảm 3 -> BEST = 61520
2026-05-02 02:55:21,180 -   --- Pairwise Iter 29 (còn 1172s) ---
2026-05-02 02:55:23,722 -     [P4.2] Pair (2,30) giảm 224 -> BEST = 61296
2026-05-02 02:55:23,747 -   --- Pairwise Iter 30 (còn 1169s) ---
2026-05-02 02:55:24,210 -     [P4.2] Pair (20,30) giảm 2 -> BEST = 61294
2026-05-02 02:55:24,234 -   --- Pairwise Iter 31 (còn 1169s) ---
2026-05-02 02:55:24,761 -     [P4.2] Pair (20,24) giảm 3 -> BEST = 61291
2026-05-02 02:55:24,786 -   --- Pairwise Iter 32 (còn 1168s) ---
2026-05-02 02:55:27,845 -     [P4.2] Pair (10,18) giảm 8 -> BEST = 61283
2026-05-02 02:55:27,869 -   --- Pairwise Iter 33 (còn 1165s) ---
2026-05-02 02:55:31,222 -     [P4.2] Pair (10,27) giảm 102 -> BEST = 61181
2026-05-02 02:55:31,247 -   --- Pairwise Iter 34 (còn 1162s) ---
2026-05-02 02:55:31,508 -     [P4.2] Pair (18,27) giảm 133 -> BEST = 61048
2026-05-02 02:55:31,532 -   --- Pairwise Iter 35 (còn 1162s) ---
2026-05-02 02:55:34,906 -     [P4.2] Pair (5,15) giảm 311 -> BEST = 60737
2026-05-02 02:55:34,930 -   --- Pairwise Iter 36 (còn 1158s) ---
2026-05-02 02:55:38,315 -     [P4.2] Pair (1,15) giảm 18 -> BEST = 60719
2026-05-02 02:55:38,339 -   --- Pairwise Iter 37 (còn 1155s) ---
2026-05-02 02:55:38,697 -     [P4.2] Pair (1,12) giảm 33 -> BEST = 60686
2026-05-02 02:55:38,721 -   --- Pairwise Iter 38 (còn 1154s) ---
2026-05-02 02:55:42,098 -     [P4.2] Pair (5,39) giảm 44 -> BEST = 60642
2026-05-02 02:55:42,122 -   --- Pairwise Iter 39 (còn 1151s) ---
2026-05-02 02:55:45,503 -     [P4.2] Pair (0,12) giảm 532 -> BEST = 60110
2026-05-02 02:55:45,527 -   --- Pairwise Iter 40 (còn 1148s) ---
2026-05-02 02:55:45,833 -     [P4.2] Pair (1,12) giảm 194 -> BEST = 59916
2026-05-02 02:55:45,857 -   --- Pairwise Iter 41 (còn 1147s) ---
2026-05-02 02:55:50,277 -     [P4.2] Pair (9,44) giảm 237 -> BEST = 59679
2026-05-02 02:55:50,302 -   --- Pairwise Iter 42 (còn 1143s) ---
2026-05-02 02:55:54,272 -     [P4.2] Pair (26,32) giảm 4 -> BEST = 59675
2026-05-02 02:55:54,306 -   --- Pairwise Iter 43 (còn 1139s) ---
2026-05-02 02:55:55,822 -     [P4.2] Pair (26,37) giảm 29 -> BEST = 59646
2026-05-02 02:55:55,867 -   --- Pairwise Iter 44 (còn 1137s) ---
2026-05-02 02:55:56,930 -     [P4.2] Pair (37,43) giảm 457 -> BEST = 59189
2026-05-02 02:55:56,954 -   --- Pairwise Iter 45 (còn 1136s) ---
2026-05-02 02:56:02,336 -     [P4.2] Pair (9,13) giảm 590 -> BEST = 58599
2026-05-02 02:56:02,391 -   --- Pairwise Iter 46 (còn 1131s) ---
2026-05-02 02:56:04,818 -     [P4.2] Pair (10,42) giảm 19 -> BEST = 58580
2026-05-02 02:56:04,843 -   --- Pairwise Iter 47 (còn 1128s) ---
2026-05-02 02:56:07,064 -     [P4.2] Pair (3,10) giảm 112 -> BEST = 58468
2026-05-02 02:56:07,088 -   --- Pairwise Iter 48 (còn 1126s) ---
2026-05-02 02:56:08,492 -     [P4.2] Pair (10,18) giảm 140 -> BEST = 58328
2026-05-02 02:56:08,517 -   --- Pairwise Iter 49 (còn 1125s) ---
2026-05-02 02:56:09,529 -     [P4.2] Pair (18,42) giảm 370 -> BEST = 57958
2026-05-02 02:56:09,573 -   --- Pairwise Iter 50 (còn 1124s) ---
2026-05-02 02:56:12,001 -     [P4.2] Pair (10,41) giảm 412 -> BEST = 57546
2026-05-02 02:56:12,025 -   --- Pairwise Iter 51 (còn 1121s) ---
2026-05-02 02:56:15,305 -     [P4.2] Pair (42,44) giảm 447 -> BEST = 57099
2026-05-02 02:56:15,411 -   --- Pairwise Iter 52 (còn 1118s) ---
2026-05-02 02:56:15,621 -     [P4.2] Pair (18,44) giảm 25 -> BEST = 57074
2026-05-02 02:56:15,645 -   --- Pairwise Iter 53 (còn 1117s) ---
2026-05-02 02:56:19,275 -     [P4.2] Pair (42,44) giảm 157 -> BEST = 56917
2026-05-02 02:56:19,320 -   --- Pairwise Iter 54 (còn 1114s) ---
2026-05-02 02:56:22,367 -     [P4.2] Pair (2,18) giảm 28 -> BEST = 56889
2026-05-02 02:56:22,392 -   --- Pairwise Iter 55 (còn 1111s) ---
2026-05-02 02:56:25,766 -     [P4.2] Pair (18,27) giảm 579 -> BEST = 56310
2026-05-02 02:56:25,790 -   --- Pairwise Iter 56 (còn 1107s) ---
2026-05-02 02:56:29,581 -     [P4.2] Pair (43,44) giảm 922 -> BEST = 55388
2026-05-02 02:56:29,625 -   --- Pairwise Iter 57 (còn 1103s) ---
2026-05-02 02:56:33,466 -     [P4.2] Pair (10,39) giảm 169 -> BEST = 55219
2026-05-02 02:56:33,491 -   --- Pairwise Iter 58 (còn 1100s) ---
2026-05-02 02:56:41,772 -     [P4.2] Pair (13,32) giảm 66 -> BEST = 55153
2026-05-02 02:56:41,826 -   --- Pairwise Iter 59 (còn 1091s) ---
2026-05-02 02:56:51,088 -     [P4.2] Pair (39,40) giảm 51 -> BEST = 55102
2026-05-02 02:56:51,113 -   --- Pairwise Iter 60 (còn 1082s) ---
2026-05-02 02:56:58,938 -     [P4.2] Pair (20,39) giảm 8 -> BEST = 55094
2026-05-02 02:56:58,963 -   --- Pairwise Iter 61 (còn 1074s) ---
2026-05-02 02:56:59,101 -     [P4.2] Pair (20,40) giảm 43 -> BEST = 55051
2026-05-02 02:56:59,125 -   --- Pairwise Iter 62 (còn 1074s) ---
2026-05-02 02:57:07,535 -     [P4.2] Pair (39,44) giảm 27 -> BEST = 55024
2026-05-02 02:57:07,559 -   --- Pairwise Iter 63 (còn 1066s) ---
2026-05-02 02:57:16,019 -     [P4.2] Pair (7,20) giảm 353 -> BEST = 54671
2026-05-02 02:57:16,043 -   --- Pairwise Iter 64 (còn 1057s) ---
2026-05-02 02:57:24,009 -     [P4.2] Pair (7,44) giảm 283 -> BEST = 54388
2026-05-02 02:57:24,034 -   --- Pairwise Iter 65 (còn 1049s) ---
2026-05-02 02:57:24,735 -     [P4.2] Pair (7,24) giảm 72 -> BEST = 54316
2026-05-02 02:57:24,759 -   --- Pairwise Iter 66 (còn 1048s) ---
2026-05-02 02:57:33,867 -     [P4.2] Pair (5,43) giảm 193 -> BEST = 54123
2026-05-02 02:57:33,892 -   --- Pairwise Iter 67 (còn 1039s) ---
2026-05-02 02:57:41,595 -     [P4.2] Pair (5,19) giảm 34 -> BEST = 54089
2026-05-02 02:57:41,619 -   --- Pairwise Iter 68 (còn 1031s) ---
2026-05-02 02:57:51,056 -     [P4.2] Pair (0,17) giảm 14 -> BEST = 54075
2026-05-02 02:57:51,081 -   --- Pairwise Iter 69 (còn 1022s) ---
2026-05-02 02:57:59,231 -     [P4.2] Pair (14,17) giảm 81 -> BEST = 53994
2026-05-02 02:57:59,255 -   --- Pairwise Iter 70 (còn 1014s) ---
2026-05-02 02:58:05,787 -     [P4.2] Pair (14,25) giảm 82 -> BEST = 53912
2026-05-02 02:58:05,811 -   --- Pairwise Iter 71 (còn 1007s) ---
2026-05-02 02:58:12,741 -     [P4.2] Pair (14,36) giảm 204 -> BEST = 53708
2026-05-02 02:58:12,765 -   --- Pairwise Iter 72 (còn 1000s) ---
2026-05-02 02:58:19,316 -     [P4.2] Pair (14,25) giảm 19 -> BEST = 53689
2026-05-02 02:58:19,340 -   --- Pairwise Iter 73 (còn 994s) ---
2026-05-02 02:58:27,208 -     [P4.2] Pair (14,15) giảm 19 -> BEST = 53670
2026-05-02 02:58:27,232 -   --- Pairwise Iter 74 (còn 986s) ---
2026-05-02 02:58:35,324 -     [P4.2] Pair (15,17) giảm 71 -> BEST = 53599
2026-05-02 02:58:35,348 -   --- Pairwise Iter 75 (còn 978s) ---
2026-05-02 02:58:44,786 -     [P4.2] Pair (16,37) giảm 133 -> BEST = 53466
2026-05-02 02:58:44,811 -   --- Pairwise Iter 76 (còn 968s) ---
2026-05-02 02:58:54,331 -     [P4.2] Pair (31,43) giảm 650 -> BEST = 52816
2026-05-02 02:58:54,355 -   --- Pairwise Iter 77 (còn 959s) ---
2026-05-02 02:59:04,079 -     [P4.2] Pair (9,41) giảm 83 -> BEST = 52733
2026-05-02 02:59:04,113 -   --- Pairwise Iter 78 (còn 949s) ---
2026-05-02 02:59:14,693 -     [P4.2] Pair (16,32) giảm 192 -> BEST = 52541
2026-05-02 02:59:14,727 -   --- Pairwise Iter 79 (còn 938s) ---
2026-05-02 02:59:16,252 -     [P4.2] Pair (13,16) giảm 281 -> BEST = 52260
2026-05-02 02:59:16,307 -   --- Pairwise Iter 80 (còn 937s) ---
2026-05-02 02:59:23,081 -     [P4.2] Pair (5,16) giảm 40 -> BEST = 52220
2026-05-02 02:59:23,105 -   --- Pairwise Iter 81 (còn 930s) ---
2026-05-02 02:59:30,477 -     [P4.2] Pair (15,29) giảm 48 -> BEST = 52172
2026-05-02 02:59:30,502 -   --- Pairwise Iter 82 (còn 923s) ---
2026-05-02 02:59:36,239 -     [P4.2] Pair (0,15) giảm 132 -> BEST = 52040
2026-05-02 02:59:36,263 -   --- Pairwise Iter 83 (còn 917s) ---
2026-05-02 02:59:43,634 -     [P4.2] Pair (0,29) giảm 134 -> BEST = 51906
2026-05-02 02:59:43,658 -   --- Pairwise Iter 84 (còn 909s) ---
2026-05-02 02:59:52,302 -     [P4.2] Pair (26,32) giảm 99 -> BEST = 51807
2026-05-02 02:59:52,357 -   --- Pairwise Iter 85 (còn 901s) ---
2026-05-02 03:00:01,268 -     [P4.2] Pair (4,36) giảm 117 -> BEST = 51690
2026-05-02 03:00:01,292 -   --- Pairwise Iter 86 (còn 892s) ---
2026-05-02 03:00:05,977 -     [P4.2] Pair (20,36) giảm 40 -> BEST = 51650
2026-05-02 03:00:06,001 -   --- Pairwise Iter 87 (còn 887s) ---
2026-05-02 03:00:14,966 -     [P4.2] Pair (4,33) giảm 104 -> BEST = 51546
2026-05-02 03:00:15,000 -   --- Pairwise Iter 88 (còn 878s) ---
2026-05-02 03:00:21,935 -     [P4.2] Pair (17,33) giảm 88 -> BEST = 51458
2026-05-02 03:00:21,959 -   --- Pairwise Iter 89 (còn 871s) ---
2026-05-02 03:00:27,793 -     [P4.2] Pair (14,17) giảm 82 -> BEST = 51376
2026-05-02 03:00:27,817 -   --- Pairwise Iter 90 (còn 865s) ---
2026-05-02 03:00:31,690 -     [P4.2] Pair (4,14) giảm 17 -> BEST = 51359
2026-05-02 03:00:31,715 -   --- Pairwise Iter 91 (còn 861s) ---
2026-05-02 03:00:31,791 -     [P4.2] Pair (1,4) giảm 13 -> BEST = 51346
2026-05-02 03:00:31,815 -   --- Pairwise Iter 92 (còn 861s) ---
2026-05-02 03:00:36,015 -     [P4.2] Pair (4,25) giảm 8 -> BEST = 51338
2026-05-02 03:00:36,039 -   --- Pairwise Iter 93 (còn 857s) ---
2026-05-02 03:00:42,135 -     [P4.2] Pair (17,29) giảm 48 -> BEST = 51290
2026-05-02 03:00:42,160 -   --- Pairwise Iter 94 (còn 851s) ---
2026-05-02 03:00:49,917 -     [P4.2] Pair (15,33) giảm 29 -> BEST = 51261
2026-05-02 03:00:49,941 -   --- Pairwise Iter 95 (còn 843s) ---
2026-05-02 03:00:58,266 -     [P4.2] Pair (29,44) giảm 34 -> BEST = 51227
2026-05-02 03:00:58,290 -   --- Pairwise Iter 96 (còn 835s) ---
2026-05-02 03:01:03,768 -     [P4.2] Pair (15,44) giảm 166 -> BEST = 51061
2026-05-02 03:01:03,793 -   --- Pairwise Iter 97 (còn 829s) ---
2026-05-02 03:01:09,655 -     [P4.2] Pair (15,17) giảm 26 -> BEST = 51035
2026-05-02 03:01:09,679 -   --- Pairwise Iter 98 (còn 823s) ---
2026-05-02 03:01:18,577 -     [P4.2] Pair (1,14) giảm 89 -> BEST = 50946
2026-05-02 03:01:18,601 -   --- Pairwise Iter 99 (còn 815s) ---
2026-05-02 03:01:25,637 -     [P4.2] Pair (1,15) giảm 122 -> BEST = 50824
2026-05-02 03:01:25,662 -   --- Pairwise Iter 100 (còn 807s) ---
2026-05-02 03:01:34,852 -     [P4.2] Pair (15,20) giảm 176 -> BEST = 50648
2026-05-02 03:01:34,907 -   --- Pairwise Iter 101 (còn 798s) ---
2026-05-02 03:01:40,866 -     [P4.2] Pair (20,36) giảm 83 -> BEST = 50565
2026-05-02 03:01:40,911 -   --- Pairwise Iter 102 (còn 792s) ---
2026-05-02 03:01:50,954 -     [P4.2] Pair (13,20) giảm 105 -> BEST = 50460
2026-05-02 03:01:50,989 -   --- Pairwise Iter 103 (còn 782s) ---
2026-05-02 03:01:57,552 -     [P4.2] Pair (20,36) giảm 32 -> BEST = 50428
2026-05-02 03:01:57,586 -   --- Pairwise Iter 104 (còn 776s) ---
2026-05-02 03:02:09,046 -     [P4.2] Pair (1,44) giảm 310 -> BEST = 50118
2026-05-02 03:02:09,071 -   --- Pairwise Iter 105 (còn 764s) ---
2026-05-02 03:02:20,546 -     [P4.2] Pair (25,43) giảm 319 -> BEST = 49799
2026-05-02 03:02:20,570 -   --- Pairwise Iter 106 (còn 753s) ---
2026-05-02 03:02:26,743 -     [P4.2] Pair (28,43) giảm 32 -> BEST = 49767
2026-05-02 03:02:26,768 -   --- Pairwise Iter 107 (còn 746s) ---
2026-05-02 03:02:33,423 -     [P4.2] Pair (4,25) giảm 34 -> BEST = 49733
2026-05-02 03:02:33,447 -   --- Pairwise Iter 108 (còn 740s) ---
2026-05-02 03:02:33,604 -     [P4.2] Pair (14,25) giảm 19 -> BEST = 49714
2026-05-02 03:02:33,628 -   --- Pairwise Iter 109 (còn 739s) ---
2026-05-02 03:02:40,583 -     [P4.2] Pair (16,43) giảm 71 -> BEST = 49643
2026-05-02 03:02:40,617 -   --- Pairwise Iter 110 (còn 732s) ---
2026-05-02 03:02:41,906 -     [P4.2] Pair (5,43) giảm 101 -> BEST = 49542
2026-05-02 03:02:41,941 -   --- Pairwise Iter 111 (còn 731s) ---
2026-05-02 03:02:47,208 -     [P4.2] Pair (28,37) giảm 35 -> BEST = 49507
2026-05-02 03:02:47,233 -   --- Pairwise Iter 112 (còn 726s) ---
2026-05-02 03:02:57,089 -     [P4.2] Pair (9,45) giảm 206 -> BEST = 49301
2026-05-02 03:02:57,113 -   --- Pairwise Iter 113 (còn 716s) ---
2026-05-02 03:03:01,104 -     [P4.2] Pair (41,45) giảm 454 -> BEST = 48847
2026-05-02 03:03:01,129 -   --- Pairwise Iter 114 (còn 712s) ---
2026-05-02 03:03:05,107 -     [P4.2] Pair (9,10) giảm 7 -> BEST = 48840
2026-05-02 03:03:05,131 -   --- Pairwise Iter 115 (còn 708s) ---
2026-05-02 03:03:09,664 -     [P4.2] Pair (0,10) giảm 64 -> BEST = 48776
2026-05-02 03:03:09,688 -   --- Pairwise Iter 116 (còn 703s) ---
2026-05-02 03:03:17,581 -     [P4.2] Pair (9,35) giảm 105 -> BEST = 48671
2026-05-02 03:03:17,605 -   --- Pairwise Iter 117 (còn 696s) ---
2026-05-02 03:03:25,916 -     [P4.2] Pair (0,3) giảm 11 -> BEST = 48660
2026-05-02 03:03:25,941 -   --- Pairwise Iter 118 (còn 687s) ---
2026-05-02 03:03:29,942 -     [P4.2] Pair (2,3) giảm 20 -> BEST = 48640
2026-05-02 03:03:29,966 -   --- Pairwise Iter 119 (còn 683s) ---
2026-05-02 03:03:32,440 -     [P4.2] Pair (2,18) giảm 94 -> BEST = 48546
2026-05-02 03:03:32,465 -   --- Pairwise Iter 120 (còn 681s) ---
2026-05-02 03:03:35,982 -     [P4.2] Pair (2,34) giảm 562 -> BEST = 47984
2026-05-02 03:03:36,007 -   --- Pairwise Iter 121 (còn 677s) ---
2026-05-02 03:03:39,799 -     [P4.2] Pair (0,3) giảm 112 -> BEST = 47872
2026-05-02 03:03:39,823 -   --- Pairwise Iter 122 (còn 673s) ---
2026-05-02 03:03:50,753 -     [P4.2] Pair (27,41) giảm 96 -> BEST = 47776
2026-05-02 03:03:50,778 -   --- Pairwise Iter 123 (còn 662s) ---
2026-05-02 03:04:02,256 -     [P4.2] Pair (5,28) giảm 26 -> BEST = 47750
2026-05-02 03:04:02,290 -   --- Pairwise Iter 124 (còn 651s) ---
2026-05-02 03:04:05,588 -     [P4.2] Pair (16,28) giảm 96 -> BEST = 47654
2026-05-02 03:04:05,612 -   --- Pairwise Iter 125 (còn 648s) ---
2026-05-02 03:04:15,076 -     [P4.2] Pair (5,32) giảm 78 -> BEST = 47576
2026-05-02 03:04:15,100 -   --- Pairwise Iter 126 (còn 638s) ---
2026-05-02 03:04:16,178 -     [P4.2] Pair (5,16) giảm 75 -> BEST = 47501
2026-05-02 03:04:16,202 -   --- Pairwise Iter 127 (còn 637s) ---
2026-05-02 03:04:19,111 -     [P4.2] Pair (5,26) giảm 36 -> BEST = 47465
2026-05-02 03:04:19,145 -   --- Pairwise Iter 128 (còn 634s) ---
2026-05-02 03:04:20,330 -     [P4.2] Pair (5,34) giảm 6 -> BEST = 47459
2026-05-02 03:04:20,354 -   --- Pairwise Iter 129 (còn 633s) ---
2026-05-02 03:04:27,966 -     [P4.2] Pair (26,34) giảm 24 -> BEST = 47435
2026-05-02 03:04:28,000 -   --- Pairwise Iter 130 (còn 625s) ---
2026-05-02 03:04:40,330 -     [P4.2] Pair (40,44) giảm 5 -> BEST = 47430
2026-05-02 03:04:40,355 -   --- Pairwise Iter 131 (còn 613s) ---
2026-05-02 03:04:44,891 -     [P4.2] Pair (7,40) giảm 39 -> BEST = 47391
2026-05-02 03:04:44,915 -   --- Pairwise Iter 132 (còn 608s) ---
2026-05-02 03:04:49,606 -     [P4.2] Pair (28,40) giảm 5 -> BEST = 47386
2026-05-02 03:04:49,631 -   --- Pairwise Iter 133 (còn 603s) ---
2026-05-02 03:04:58,397 -     [P4.2] Pair (28,44) giảm 4 -> BEST = 47382
2026-05-02 03:04:58,421 -   --- Pairwise Iter 134 (còn 595s) ---
2026-05-02 03:04:58,620 -     [P4.2] Pair (7,28) giảm 93 -> BEST = 47289
2026-05-02 03:04:58,644 -   --- Pairwise Iter 135 (còn 594s) ---
2026-05-02 03:05:06,180 -     [P4.2] Pair (41,44) giảm 102 -> BEST = 47187
2026-05-02 03:05:06,204 -   --- Pairwise Iter 136 (còn 587s) ---
2026-05-02 03:05:26,857 -     [P4.2] Pair (23,43) giảm 518 -> BEST = 46669
2026-05-02 03:05:26,882 -   --- Pairwise Iter 137 (còn 566s) ---
2026-05-02 03:05:30,750 -     [P4.2] Pair (37,43) giảm 15 -> BEST = 46654
2026-05-02 03:05:30,774 -   --- Pairwise Iter 138 (còn 562s) ---
2026-05-02 03:05:36,944 -     [P4.2] Pair (32,37) giảm 12 -> BEST = 46642
2026-05-02 03:05:36,969 -   --- Pairwise Iter 139 (còn 556s) ---
2026-05-02 03:05:57,179 -     [P4.2] Pair (26,43) giảm 51 -> BEST = 46591
2026-05-02 03:05:57,223 -   --- Pairwise Iter 140 (còn 536s) ---
2026-05-02 03:05:57,505 -     [P4.2] Pair (5,26) giảm 58 -> BEST = 46533
2026-05-02 03:05:57,529 -   --- Pairwise Iter 141 (còn 536s) ---
2026-05-02 03:06:01,507 -     [P4.2] Pair (32,43) giảm 23 -> BEST = 46510
2026-05-02 03:06:01,552 -   --- Pairwise Iter 142 (còn 532s) ---
2026-05-02 03:06:03,461 -     [P4.2] Pair (37,43) giảm 8 -> BEST = 46502
2026-05-02 03:06:03,495 -   --- Pairwise Iter 143 (còn 530s) ---
2026-05-02 03:06:04,964 -     [P4.2] Pair (4,43) giảm 50 -> BEST = 46452
2026-05-02 03:06:05,009 -   --- Pairwise Iter 144 (còn 528s) ---
2026-05-02 03:06:08,261 -     [P4.2] Pair (16,32) giảm 24 -> BEST = 46428
2026-05-02 03:06:08,285 -   --- Pairwise Iter 145 (còn 525s) ---
2026-05-02 03:06:24,155 -     [P4.2] Pair (9,44) giảm 476 -> BEST = 45952
2026-05-02 03:06:24,189 -   --- Pairwise Iter 146 (còn 509s) ---
2026-05-02 03:06:28,295 -     [P4.2] Pair (9,32) giảm 38 -> BEST = 45914
2026-05-02 03:06:28,329 -   --- Pairwise Iter 147 (còn 505s) ---
2026-05-02 03:06:49,093 -     [P4.2] Pair (26,37) giảm 8 -> BEST = 45906
2026-05-02 03:06:49,117 -   --- Pairwise Iter 148 (còn 484s) ---
2026-05-02 03:06:52,706 -     [P4.2] Pair (4,26) giảm 45 -> BEST = 45861
2026-05-02 03:06:52,731 -   --- Pairwise Iter 149 (còn 480s) ---
2026-05-02 03:06:56,653 -     [P4.2] Pair (4,25) giảm 11 -> BEST = 45850
2026-05-02 03:06:56,678 -   --- Pairwise Iter 150 (còn 476s) ---
2026-05-02 03:07:01,767 -     [P4.2] Pair (4,43) giảm 23 -> BEST = 45827
2026-05-02 03:07:01,801 -   --- Pairwise Iter 151 (còn 471s) ---
2026-05-02 03:07:12,235 -     [P4.2] Pair (25,36) giảm 6 -> BEST = 45821
2026-05-02 03:07:12,260 -   --- Pairwise Iter 152 (còn 461s) ---
2026-05-02 03:07:32,594 -     [P4.2] Pair (3,33) giảm 128 -> BEST = 45693
2026-05-02 03:07:32,618 -   --- Pairwise Iter 153 (còn 440s) ---
2026-05-02 03:07:54,223 -     [P4.2] Pair (22,30) giảm 232 -> BEST = 45461
2026-05-02 03:07:54,247 -   --- Pairwise Iter 154 (còn 419s) ---
2026-05-02 03:07:58,306 -     [P4.2] Pair (22,39) giảm 32 -> BEST = 45429
2026-05-02 03:07:58,331 -   --- Pairwise Iter 155 (còn 415s) ---
2026-05-02 03:08:23,984 -     [P4.2] Pair (25,43) giảm 22 -> BEST = 45407
2026-05-02 03:08:24,019 -   --- Pairwise Iter 156 (còn 389s) ---
2026-05-02 03:08:51,228 -     [P4.2] Pair (25,44) giảm 114 -> BEST = 45293
2026-05-02 03:08:51,272 -   --- Pairwise Iter 157 (còn 362s) ---
2026-05-02 03:09:19,586 -     [P4.2] Pair (19,30) giảm 46 -> BEST = 45247
2026-05-02 03:09:19,610 -   --- Pairwise Iter 158 (còn 334s) ---
2026-05-02 03:09:24,098 -     [P4.2] Pair (30,40) giảm 70 -> BEST = 45177
2026-05-02 03:09:24,123 -   --- Pairwise Iter 159 (còn 329s) ---
2026-05-02 03:09:55,207 -     [P4.2] Pair (9,44) giảm 4 -> BEST = 45173
2026-05-02 03:09:55,252 -   --- Pairwise Iter 160 (còn 298s) ---
2026-05-02 03:11:19,803 -     -> Đã đạt cực trị toàn cục cho mọi cặp dưới ngưỡng. KẾT THÚC CHẶNG 4.
2026-05-02 03:11:19,803 - Hoàn thành trong 986.7s. Final Cost: 45173
2026-05-02 03:11:19,803 - ======================================================================
2026-05-02 03:11:19,803 - BÁO CÁO TỔNG KẾT (SUMMARY)
2026-05-02 03:11:19,804 - ======================================================================
2026-05-02 03:11:19,804 -   1. Chi phí Clarke-Wright:     83571
2026-05-02 03:11:19,804 -   2. Chi phí sau Gurobi MIP:    45173
2026-05-02 03:11:19,804 -   => TỔNG CẢI THIỆN:            38398
2026-05-02 03:11:19,804 -   => Số lần Gurobi Single cải thiện  : 23 lần
2026-05-02 03:11:19,804 -   => Số lần Gurobi Pairwise cải thiện: 159 lần
2026-05-02 03:11:19,804 -   => TỔNG THỜI GIAN CHẠY:       986.835s
2026-05-02 03:11:19,808 - ======================================================================
2026-05-02 03:11:19,808 - GUROBI MIP SOLVER  |  FILE: X-n153-k22.vrp
2026-05-02 03:11:19,808 - ======================================================================
2026-05-02 03:11:19,847 - Thông tin dữ liệu: Dimension=153, K=22, Capacity=144
2026-05-02 03:11:19,848 - --- Step 1: Clarke-Wright Heuristic ---
2026-05-02 03:11:20,067 -   Kết quả CW: Cost = 64204, Time = 0.219s
2026-05-02 03:11:20,067 - --- Step 2: Advanced Optimization (Gurobi MIP) ---
2026-05-02 03:11:20,067 - =========================================
2026-05-02 03:11:20,067 - BẮT ĐẦU OPTIMIZE  (100% Gurobi MIP)
2026-05-02 03:11:20,067 -  -> Max Single Size  : 20
2026-05-02 03:11:20,067 -  -> Single Timeout   : 40.0s
2026-05-02 03:11:20,067 -  -> Max Pairwise Size: 24
2026-05-02 03:11:20,067 -  -> Pairwise Timeout : 70.0s
2026-05-02 03:11:20,067 -  -> Global Timeout   : 1200.0s
2026-05-02 03:11:20,067 -  -> Chi phí khởi điểm: 64204
2026-05-02 03:11:20,067 - =========================================
2026-05-02 03:11:20,067 - === BẮT ĐẦU CHẶNG 4: GUROBI MIP CHÍNH XÁC | Cost: 64204 ===
2026-05-02 03:11:20,067 -   [GĐ 4.1] Giải bài toán TSP trên từng tuyến đơn...
2026-05-02 03:12:15,709 -     -> Single Gurobi cải thiện: 19525. Cost mới: 44679
2026-05-02 03:12:15,709 -   [GĐ 4.2] Xét từng cặp tuyến để phân bổ lại khách hàng...
2026-05-02 03:12:15,713 -   --- Pairwise Iter 1 (còn 1144s) ---
2026-05-02 03:12:17,089 -     [P4.2] Pair (0,3) giảm 587 -> BEST = 44092
2026-05-02 03:12:17,153 -   --- Pairwise Iter 2 (còn 1143s) ---
2026-05-02 03:13:28,209 -     [P4.2] Pair (3,8) giảm 32 -> BEST = 44060
2026-05-02 03:13:28,546 -       [S-re] Route 8: 1942 → 1940  (−2) | BEST = 44058
2026-05-02 03:13:28,547 -   --- Pairwise Iter 3 (còn 1072s) ---
2026-05-02 03:14:34,668 -     [P4.2] Pair (0,3) giảm 51 -> BEST = 44007
2026-05-02 03:14:34,844 -   --- Pairwise Iter 4 (còn 1005s) ---
2026-05-02 03:16:54,925 -     [P4.2] Pair (3,8) giảm 25 -> BEST = 43982
2026-05-02 03:16:55,373 -   --- Pairwise Iter 5 (còn 865s) ---
2026-05-02 03:18:05,419 -     [P4.2] Pair (0,8) giảm 96 -> BEST = 43886
2026-05-02 03:18:05,716 -   --- Pairwise Iter 6 (còn 794s) ---
2026-05-02 03:20:26,236 -     [P4.2] Pair (0,4) giảm 1076 -> BEST = 42810
2026-05-02 03:20:26,493 -   --- Pairwise Iter 7 (còn 654s) ---
2026-05-02 03:21:26,595 -     [P4.2] Pair (2,8) giảm 130 -> BEST = 42680
2026-05-02 03:21:26,690 -   --- Pairwise Iter 8 (còn 593s) ---
2026-05-02 03:22:36,727 -     [P4.2] Pair (0,2) giảm 210 -> BEST = 42470
2026-05-02 03:22:36,903 -   --- Pairwise Iter 9 (còn 523s) ---
2026-05-02 03:23:47,878 -     [P4.2] Pair (0,8) giảm 22 -> BEST = 42448
2026-05-02 03:23:48,196 -   --- Pairwise Iter 10 (còn 452s) ---
2026-05-02 03:24:58,242 -     [P4.2] Pair (0,8) giảm 20 -> BEST = 42428
2026-05-02 03:24:58,579 -   --- Pairwise Iter 11 (còn 381s) ---
2026-05-02 03:27:21,271 -     [P4.2] Pair (5,10) giảm 156 -> BEST = 42272
2026-05-02 03:27:26,924 -   --- Pairwise Iter 12 (còn 233s) ---
2026-05-02 03:30:59,657 -     [P4.2] Pair (1,10) giảm 873 -> BEST = 41399
2026-05-02 03:30:59,924 -   --- Pairwise Iter 13 (còn 20s) ---
2026-05-02 03:31:18,094 -     -> Đã đạt cực trị toàn cục cho mọi cặp dưới ngưỡng. KẾT THÚC CHẶNG 4.
2026-05-02 03:31:18,094 - Hoàn thành trong 1198.0s. Final Cost: 41399
2026-05-02 03:31:18,094 - ======================================================================
2026-05-02 03:31:18,094 - BÁO CÁO TỔNG KẾT (SUMMARY)
2026-05-02 03:31:18,094 - ======================================================================
2026-05-02 03:31:18,094 -   1. Chi phí Clarke-Wright:     64204
2026-05-02 03:31:18,094 -   2. Chi phí sau Gurobi MIP:    41399
2026-05-02 03:31:18,094 -   => TỔNG CẢI THIỆN:            22805
2026-05-02 03:31:18,094 -   => Số lần Gurobi Single cải thiện  : 17 lần
2026-05-02 03:31:18,094 -   => Số lần Gurobi Pairwise cải thiện: 12 lần
2026-05-02 03:31:18,094 -   => TỔNG THỜI GIAN CHẠY:       1198.246s
2026-05-02 03:31:18,099 - ======================================================================
2026-05-02 03:31:18,099 - GUROBI MIP SOLVER  |  FILE: X-n157-k13.vrp
2026-05-02 03:31:18,099 - ======================================================================
2026-05-02 03:31:18,137 - Thông tin dữ liệu: Dimension=157, K=13, Capacity=12
2026-05-02 03:31:18,137 - --- Step 1: Clarke-Wright Heuristic ---
2026-05-02 03:31:18,164 -   Kết quả CW: Cost = 22283, Time = 0.027s
2026-05-02 03:31:18,165 - --- Step 2: Advanced Optimization (Gurobi MIP) ---
2026-05-02 03:31:18,165 - =========================================
2026-05-02 03:31:18,165 - BẮT ĐẦU OPTIMIZE  (100% Gurobi MIP)
2026-05-02 03:31:18,165 -  -> Max Single Size  : 30
2026-05-02 03:31:18,165 -  -> Single Timeout   : 40.0s
2026-05-02 03:31:18,165 -  -> Max Pairwise Size: 28
2026-05-02 03:31:18,165 -  -> Pairwise Timeout : 121.0s
2026-05-02 03:31:18,165 -  -> Global Timeout   : 1200.0s
2026-05-02 03:31:18,165 -  -> Chi phí khởi điểm: 22283
2026-05-02 03:31:18,165 - =========================================
2026-05-02 03:31:18,165 - === BẮT ĐẦU CHẶNG 4: GUROBI MIP CHÍNH XÁC | Cost: 22283 ===
2026-05-02 03:31:18,165 -   [GĐ 4.1] Giải bài toán TSP trên từng tuyến đơn...
2026-05-02 03:32:59,531 -     -> Single Gurobi cải thiện: 1469. Cost mới: 20814
2026-05-02 03:32:59,532 -   [GĐ 4.2] Xét từng cặp tuyến để phân bổ lại khách hàng...
2026-05-02 03:32:59,532 -   --- Pairwise Iter 1 (còn 1099s) ---
2026-05-02 03:35:00,611 -     [P4.2] Pair (6,7) giảm 949 -> BEST = 19865
2026-05-02 03:35:03,399 -   --- Pairwise Iter 2 (còn 975s) ---
2026-05-02 03:37:04,470 -     [P4.2] Pair (3,12) giảm 42 -> BEST = 19823
2026-05-02 03:37:44,606 -   --- Pairwise Iter 3 (còn 814s) ---
2026-05-02 03:41:46,747 -     [P4.2] Pair (0,1) giảm 43 -> BEST = 19780
2026-05-02 03:41:58,676 -   --- Pairwise Iter 4 (còn 559s) ---
2026-05-02 03:46:00,804 -     [P4.2] Pair (6,7) giảm 8 -> BEST = 19772
2026-05-02 03:46:02,362 -   --- Pairwise Iter 5 (còn 316s) ---
2026-05-02 03:51:16,217 -     [P4.2] Pair (1,12) giảm 61 -> BEST = 19711
2026-05-02 03:51:16,218 -   --- Pairwise Iter 6 (còn 2s) ---
2026-05-02 03:51:16,221 -     -> Đã đạt cực trị toàn cục cho mọi cặp dưới ngưỡng. KẾT THÚC CHẶNG 4.
2026-05-02 03:51:16,221 - Hoàn thành trong 1198.1s. Final Cost: 19711
2026-05-02 03:51:16,221 - ======================================================================
2026-05-02 03:51:16,221 - BÁO CÁO TỔNG KẾT (SUMMARY)
2026-05-02 03:51:16,221 - ======================================================================
2026-05-02 03:51:16,221 -   1. Chi phí Clarke-Wright:     22283
2026-05-02 03:51:16,221 -   2. Chi phí sau Gurobi MIP:    19711
2026-05-02 03:51:16,221 -   => TỔNG CẢI THIỆN:            2572
2026-05-02 03:51:16,221 -   => Số lần Gurobi Single cải thiện  : 13 lần
2026-05-02 03:51:16,221 -   => Số lần Gurobi Pairwise cải thiện: 5 lần
2026-05-02 03:51:16,221 -   => TỔNG THỜI GIAN CHẠY:       1198.083s
2026-05-02 03:51:16,226 - ======================================================================
2026-05-02 03:51:16,226 - GUROBI MIP SOLVER  |  FILE: X-n162-k11.vrp
2026-05-02 03:51:16,226 - ======================================================================
2026-05-02 03:51:16,266 - Thông tin dữ liệu: Dimension=162, K=11, Capacity=1174
2026-05-02 03:51:16,266 - --- Step 1: Clarke-Wright Heuristic ---
2026-05-02 03:51:16,304 -   Kết quả CW: Cost = 20608, Time = 0.038s
2026-05-02 03:51:16,304 - --- Step 2: Advanced Optimization (Gurobi MIP) ---
2026-05-02 03:51:16,304 - =========================================
2026-05-02 03:51:16,304 - BẮT ĐẦU OPTIMIZE  (100% Gurobi MIP)
2026-05-02 03:51:16,304 -  -> Max Single Size  : 35
2026-05-02 03:51:16,304 -  -> Single Timeout   : 40.0s
2026-05-02 03:51:16,304 -  -> Max Pairwise Size: 28
2026-05-02 03:51:16,304 -  -> Pairwise Timeout : 148.0s
2026-05-02 03:51:16,304 -  -> Global Timeout   : 1200.0s
2026-05-02 03:51:16,304 -  -> Chi phí khởi điểm: 20608
2026-05-02 03:51:16,304 - =========================================
2026-05-02 03:51:16,305 - === BẮT ĐẦU CHẶNG 4: GUROBI MIP CHÍNH XÁC | Cost: 20608 ===
2026-05-02 03:51:16,305 -   [GĐ 4.1] Giải bài toán TSP trên từng tuyến đơn...
2026-05-02 03:52:43,280 -     -> Single Gurobi cải thiện: 1865. Cost mới: 18743
2026-05-02 03:52:43,280 -   [GĐ 4.2] Xét từng cặp tuyến để phân bổ lại khách hàng...
2026-05-02 03:52:43,280 -   --- Pairwise Iter 1 (còn 1113s) ---
2026-05-02 03:55:11,346 -     [P4.2] Pair (4,7) giảm 910 -> BEST = 17833
2026-05-02 03:55:12,359 -   --- Pairwise Iter 2 (còn 964s) ---
2026-05-02 03:57:40,412 -     [P4.2] Pair (0,4) giảm 795 -> BEST = 17038
2026-05-02 03:57:41,396 -   --- Pairwise Iter 3 (còn 815s) ---
2026-05-02 04:02:37,538 -     [P4.2] Pair (4,8) giảm 19 -> BEST = 17019
2026-05-02 04:02:54,981 -   --- Pairwise Iter 4 (còn 501s) ---
2026-05-02 04:05:23,081 -     [P4.2] Pair (4,8) giảm 10 -> BEST = 17009
2026-05-02 04:06:04,929 -   --- Pairwise Iter 5 (còn 311s) ---
2026-05-02 04:08:33,006 -     [P4.2] Pair (1,4) giảm 45 -> BEST = 16964
2026-05-02 04:09:53,063 -       [S-re] Route 4: 1060 → 1059  (−1) | BEST = 16963
2026-05-02 04:09:53,064 -   --- Pairwise Iter 6 (còn 83s) ---
2026-05-02 04:11:14,356 -     [P4.2] Pair (1,4) giảm 38 -> BEST = 16925
2026-05-02 04:11:14,357 -   --- Pairwise Iter 7 (còn 2s) ---
2026-05-02 04:11:14,359 -     -> Đã đạt cực trị toàn cục cho mọi cặp dưới ngưỡng. KẾT THÚC CHẶNG 4.
2026-05-02 04:11:14,359 - Hoàn thành trong 1198.1s. Final Cost: 16925
2026-05-02 04:11:14,360 - ======================================================================
2026-05-02 04:11:14,360 - BÁO CÁO TỔNG KẾT (SUMMARY)
2026-05-02 04:11:14,360 - ======================================================================
2026-05-02 04:11:14,360 -   1. Chi phí Clarke-Wright:     20608
2026-05-02 04:11:14,360 -   2. Chi phí sau Gurobi MIP:    16925
2026-05-02 04:11:14,360 -   => TỔNG CẢI THIỆN:            3683
2026-05-02 04:11:14,360 -   => Số lần Gurobi Single cải thiện  : 11 lần
2026-05-02 04:11:14,360 -   => Số lần Gurobi Pairwise cải thiện: 6 lần
2026-05-02 04:11:14,360 -   => TỔNG THỜI GIAN CHẠY:       1198.093s
2026-05-02 04:11:14,364 - ======================================================================
2026-05-02 04:11:14,365 - GUROBI MIP SOLVER  |  FILE: X-n167-k10.vrp
2026-05-02 04:11:14,365 - ======================================================================
2026-05-02 04:11:14,408 - Thông tin dữ liệu: Dimension=167, K=10, Capacity=133
2026-05-02 04:11:14,408 - --- Step 1: Clarke-Wright Heuristic ---
2026-05-02 04:11:14,436 -   Kết quả CW: Cost = 27009, Time = 0.028s
2026-05-02 04:11:14,436 - --- Step 2: Advanced Optimization (Gurobi MIP) ---
2026-05-02 04:11:14,436 - =========================================
2026-05-02 04:11:14,436 - BẮT ĐẦU OPTIMIZE  (100% Gurobi MIP)
2026-05-02 04:11:14,436 -  -> Max Single Size  : 35
2026-05-02 04:11:14,436 -  -> Single Timeout   : 40.0s
2026-05-02 04:11:14,436 -  -> Max Pairwise Size: 28
2026-05-02 04:11:14,437 -  -> Pairwise Timeout : 150.0s
2026-05-02 04:11:14,437 -  -> Global Timeout   : 1200.0s
2026-05-02 04:11:14,437 -  -> Chi phí khởi điểm: 27009
2026-05-02 04:11:14,437 - =========================================
2026-05-02 04:11:14,437 - === BẮT ĐẦU CHẶNG 4: GUROBI MIP CHÍNH XÁC | Cost: 27009 ===
2026-05-02 04:11:14,437 -   [GĐ 4.1] Giải bài toán TSP trên từng tuyến đơn...
2026-05-02 04:13:38,828 -     -> Single Gurobi cải thiện: 2119. Cost mới: 24890
2026-05-02 04:13:38,828 -   [GĐ 4.2] Xét từng cặp tuyến để phân bổ lại khách hàng...
2026-05-02 04:13:38,828 -   --- Pairwise Iter 1 (còn 1056s) ---
2026-05-02 04:13:38,831 -     -> Đã đạt cực trị toàn cục cho mọi cặp dưới ngưỡng. KẾT THÚC CHẶNG 4.
2026-05-02 04:13:38,831 - Hoàn thành trong 144.4s. Final Cost: 24890
2026-05-02 04:13:38,831 - ======================================================================
2026-05-02 04:13:38,831 - BÁO CÁO TỔNG KẾT (SUMMARY)
2026-05-02 04:13:38,831 - ======================================================================
2026-05-02 04:13:38,831 -   1. Chi phí Clarke-Wright:     27009
2026-05-02 04:13:38,831 -   2. Chi phí sau Gurobi MIP:    24890
2026-05-02 04:13:38,831 -   => TỔNG CẢI THIỆN:            2119
2026-05-02 04:13:38,831 -   => Số lần Gurobi Single cải thiện  : 10 lần
2026-05-02 04:13:38,831 -   => Số lần Gurobi Pairwise cải thiện: 0 lần
2026-05-02 04:13:38,831 -   => TỔNG THỜI GIAN CHẠY:       144.423s
2026-05-02 04:13:38,836 - ======================================================================
2026-05-02 04:13:38,836 - GUROBI MIP SOLVER  |  FILE: X-n172-k51.vrp
2026-05-02 04:13:38,836 - ======================================================================
2026-05-02 04:13:38,882 - Thông tin dữ liệu: Dimension=172, K=51, Capacity=161
2026-05-02 04:13:38,882 - --- Step 1: Clarke-Wright Heuristic ---
2026-05-02 04:13:39,095 -   Kết quả CW: Cost = 98031, Time = 0.213s
2026-05-02 04:13:39,095 - --- Step 2: Advanced Optimization (Gurobi MIP) ---
2026-05-02 04:13:39,095 - =========================================
2026-05-02 04:13:39,095 - BẮT ĐẦU OPTIMIZE  (100% Gurobi MIP)
2026-05-02 04:13:39,095 -  -> Max Single Size  : 20
2026-05-02 04:13:39,095 -  -> Single Timeout   : 40.0s
2026-05-02 04:13:39,095 -  -> Max Pairwise Size: 16
2026-05-02 04:13:39,095 -  -> Pairwise Timeout : 40.0s
2026-05-02 04:13:39,095 -  -> Global Timeout   : 1200.0s
2026-05-02 04:13:39,095 -  -> Chi phí khởi điểm: 98031
2026-05-02 04:13:39,095 - =========================================
2026-05-02 04:13:39,095 - === BẮT ĐẦU CHẶNG 4: GUROBI MIP CHÍNH XÁC | Cost: 98031 ===
2026-05-02 04:13:39,095 -   [GĐ 4.1] Giải bài toán TSP trên từng tuyến đơn...
2026-05-02 04:13:40,865 -     -> Single Gurobi cải thiện: 17713. Cost mới: 80318
2026-05-02 04:13:40,865 -   [GĐ 4.2] Xét từng cặp tuyến để phân bổ lại khách hàng...
2026-05-02 04:13:40,865 -   --- Pairwise Iter 1 (còn 1198s) ---
2026-05-02 04:13:44,152 -     [P4.2] Pair (41,48) giảm 670 -> BEST = 79648
2026-05-02 04:13:44,217 -   --- Pairwise Iter 2 (còn 1195s) ---
2026-05-02 04:14:24,269 -     [P4.2] Pair (47,50) giảm 2198 -> BEST = 77450
2026-05-02 04:14:24,939 -   --- Pairwise Iter 3 (còn 1154s) ---
2026-05-02 04:14:25,000 -     [P4.2] Pair (26,28) giảm 377 -> BEST = 77073
2026-05-02 04:14:25,024 -   --- Pairwise Iter 4 (còn 1154s) ---
2026-05-02 04:14:26,136 -     [P4.2] Pair (44,47) giảm 154 -> BEST = 76919
2026-05-02 04:14:26,231 -   --- Pairwise Iter 5 (còn 1153s) ---
2026-05-02 04:14:28,281 -     [P4.2] Pair (45,46) giảm 568 -> BEST = 76351
2026-05-02 04:14:28,316 -   --- Pairwise Iter 6 (còn 1151s) ---
2026-05-02 04:14:33,052 -     [P4.2] Pair (44,46) giảm 742 -> BEST = 75609
2026-05-02 04:14:33,127 -   --- Pairwise Iter 7 (còn 1146s) ---
2026-05-02 04:14:33,413 -     [P4.2] Pair (28,44) giảm 454 -> BEST = 75155
2026-05-02 04:14:33,448 -   --- Pairwise Iter 8 (còn 1146s) ---
2026-05-02 04:15:00,371 -     [P4.2] Pair (45,48) giảm 110 -> BEST = 75045
2026-05-02 04:15:00,466 -   --- Pairwise Iter 9 (còn 1119s) ---
2026-05-02 04:15:05,019 -     [P4.2] Pair (40,46) giảm 417 -> BEST = 74628
2026-05-02 04:15:05,074 -   --- Pairwise Iter 10 (còn 1114s) ---
2026-05-02 04:15:45,504 -     [P4.2] Pair (48,50) giảm 90 -> BEST = 74538
2026-05-02 04:15:45,771 -   --- Pairwise Iter 11 (còn 1073s) ---
2026-05-02 04:15:46,250 -     [P4.2] Pair (23,46) giảm 553 -> BEST = 73985
2026-05-02 04:15:46,274 -   --- Pairwise Iter 12 (còn 1073s) ---
2026-05-02 04:15:53,353 -     [P4.2] Pair (38,50) giảm 1215 -> BEST = 72770
2026-05-02 04:15:53,670 -   --- Pairwise Iter 13 (còn 1065s) ---
2026-05-02 04:16:34,127 -     [P4.2] Pair (44,50) giảm 37 -> BEST = 72733
2026-05-02 04:16:35,661 -   --- Pairwise Iter 14 (còn 1023s) ---
2026-05-02 04:16:35,895 -     [P4.2] Pair (28,44) giảm 7 -> BEST = 72726
2026-05-02 04:16:35,930 -   --- Pairwise Iter 15 (còn 1023s) ---
2026-05-02 04:16:36,020 -     [P4.2] Pair (26,28) giảm 19 -> BEST = 72707
2026-05-02 04:16:36,044 -   --- Pairwise Iter 16 (còn 1023s) ---
2026-05-02 04:17:16,432 -     [P4.2] Pair (5,30) giảm 71 -> BEST = 72636
2026-05-02 04:17:16,456 -   --- Pairwise Iter 17 (còn 983s) ---
2026-05-02 04:17:56,848 -     [P4.2] Pair (18,19) giảm 224 -> BEST = 72412
2026-05-02 04:17:56,872 -   --- Pairwise Iter 18 (còn 942s) ---
2026-05-02 04:18:55,790 -     [P4.2] Pair (39,48) giảm 963 -> BEST = 71449
2026-05-02 04:18:55,865 -   --- Pairwise Iter 19 (còn 883s) ---
2026-05-02 04:18:56,871 -     [P4.2] Pair (39,43) giảm 220 -> BEST = 71229
2026-05-02 04:18:56,916 -   --- Pairwise Iter 20 (còn 882s) ---
2026-05-02 04:20:17,181 -     [P4.2] Pair (39,48) giảm 41 -> BEST = 71188
2026-05-02 04:20:17,246 -   --- Pairwise Iter 21 (còn 802s) ---
2026-05-02 04:20:57,930 -     [P4.2] Pair (8,47) giảm 471 -> BEST = 70717
2026-05-02 04:20:57,954 -   --- Pairwise Iter 22 (còn 761s) ---
2026-05-02 04:21:38,059 -     [P4.2] Pair (8,49) giảm 17 -> BEST = 70700
2026-05-02 04:21:39,688 -   --- Pairwise Iter 23 (còn 719s) ---
2026-05-02 04:23:41,876 -     [P4.2] Pair (45,47) giảm 4 -> BEST = 70696
2026-05-02 04:23:41,920 -   --- Pairwise Iter 24 (còn 597s) ---
2026-05-02 04:25:42,884 -     [P4.2] Pair (29,39) giảm 108 -> BEST = 70588
2026-05-02 04:25:42,919 -   --- Pairwise Iter 25 (còn 476s) ---
2026-05-02 04:25:43,041 -     [P4.2] Pair (15,29) giảm 117 -> BEST = 70471
2026-05-02 04:25:43,065 -   --- Pairwise Iter 26 (còn 476s) ---
2026-05-02 04:25:43,123 -     [P4.2] Pair (29,36) giảm 57 -> BEST = 70414
2026-05-02 04:25:43,148 -   --- Pairwise Iter 27 (còn 476s) ---
2026-05-02 04:27:59,335 -     [P4.2] Pair (15,49) giảm 534 -> BEST = 69880
2026-05-02 04:27:59,551 -   --- Pairwise Iter 28 (còn 340s) ---
2026-05-02 04:28:39,633 -     [P4.2] Pair (15,48) giảm 138 -> BEST = 69742
2026-05-02 04:28:39,829 -   --- Pairwise Iter 29 (còn 299s) ---
2026-05-02 04:29:19,959 -     [P4.2] Pair (15,45) giảm 155 -> BEST = 69587
2026-05-02 04:29:20,054 -   --- Pairwise Iter 30 (còn 259s) ---
2026-05-02 04:30:00,182 -     [P4.2] Pair (40,49) giảm 496 -> BEST = 69091
2026-05-02 04:30:00,479 -       [S-re] Route 49: 1379 → 1371  (−8) | BEST = 69083
2026-05-02 04:30:00,479 -   --- Pairwise Iter 31 (còn 219s) ---
2026-05-02 04:31:33,698 -     [P4.2] Pair (46,49) giảm 40 -> BEST = 69043
2026-05-02 04:31:34,035 -   --- Pairwise Iter 32 (còn 125s) ---
2026-05-02 04:32:39,498 -     [P4.2] Pair (40,42) giảm 83 -> BEST = 68960
2026-05-02 04:32:39,593 -   --- Pairwise Iter 33 (còn 60s) ---
2026-05-02 04:33:37,137 -     -> Đã đạt cực trị toàn cục cho mọi cặp dưới ngưỡng. KẾT THÚC CHẶNG 4.
2026-05-02 04:33:37,137 - Hoàn thành trong 1198.0s. Final Cost: 68960
2026-05-02 04:33:37,137 - ======================================================================
2026-05-02 04:33:37,137 - BÁO CÁO TỔNG KẾT (SUMMARY)
2026-05-02 04:33:37,137 - ======================================================================
2026-05-02 04:33:37,137 -   1. Chi phí Clarke-Wright:     98031
2026-05-02 04:33:37,137 -   2. Chi phí sau Gurobi MIP:    68960
2026-05-02 04:33:37,137 -   => TỔNG CẢI THIỆN:            29071
2026-05-02 04:33:37,137 -   => Số lần Gurobi Single cải thiện  : 20 lần
2026-05-02 04:33:37,137 -   => Số lần Gurobi Pairwise cải thiện: 32 lần
2026-05-02 04:33:37,137 -   => TỔNG THỜI GIAN CHẠY:       1198.255s
2026-05-02 04:33:37,142 - ======================================================================
2026-05-02 04:33:37,142 - GUROBI MIP SOLVER  |  FILE: X-n176-k26.vrp
2026-05-02 04:33:37,142 - ======================================================================
2026-05-02 04:33:37,189 - Thông tin dữ liệu: Dimension=176, K=26, Capacity=142
2026-05-02 04:33:37,189 - --- Step 1: Clarke-Wright Heuristic ---
2026-05-02 04:33:37,342 -   Kết quả CW: Cost = 76340, Time = 0.153s
2026-05-02 04:33:37,342 - --- Step 2: Advanced Optimization (Gurobi MIP) ---
2026-05-02 04:33:37,342 - =========================================
2026-05-02 04:33:37,342 - BẮT ĐẦU OPTIMIZE  (100% Gurobi MIP)
2026-05-02 04:33:37,342 -  -> Max Single Size  : 20
2026-05-02 04:33:37,342 -  -> Single Timeout   : 40.0s
2026-05-02 04:33:37,342 -  -> Max Pairwise Size: 23
2026-05-02 04:33:37,342 -  -> Pairwise Timeout : 68.0s
2026-05-02 04:33:37,342 -  -> Global Timeout   : 1200.0s
2026-05-02 04:33:37,342 -  -> Chi phí khởi điểm: 76340
2026-05-02 04:33:37,342 - =========================================
2026-05-02 04:33:37,342 - === BẮT ĐẦU CHẶNG 4: GUROBI MIP CHÍNH XÁC | Cost: 76340 ===
2026-05-02 04:33:37,342 -   [GĐ 4.1] Giải bài toán TSP trên từng tuyến đơn...
2026-05-02 04:34:20,295 -     -> Single Gurobi cải thiện: 17484. Cost mới: 58856
2026-05-02 04:34:20,295 -   [GĐ 4.2] Xét từng cặp tuyến để phân bổ lại khách hàng...
2026-05-02 04:34:20,295 -   --- Pairwise Iter 1 (còn 1157s) ---
2026-05-02 04:36:14,940 -     [P4.2] Pair (0,24) giảm 224 -> BEST = 58632
2026-05-02 04:36:15,206 -   --- Pairwise Iter 2 (còn 1042s) ---
2026-05-02 04:38:09,809 -     [P4.2] Pair (6,16) giảm 613 -> BEST = 58019
2026-05-02 04:38:10,308 -   --- Pairwise Iter 3 (còn 927s) ---
2026-05-02 04:42:21,276 -     [P4.2] Pair (9,11) giảm 296 -> BEST = 57723
2026-05-02 04:42:21,361 -   --- Pairwise Iter 4 (còn 676s) ---
2026-05-02 04:46:32,280 -     [P4.2] Pair (0,12) giảm 3 -> BEST = 57720
2026-05-02 04:46:36,158 -   --- Pairwise Iter 5 (còn 421s) ---
2026-05-02 04:48:31,036 -     [P4.2] Pair (0,12) giảm 1 -> BEST = 57719
2026-05-02 04:49:11,148 -   --- Pairwise Iter 6 (còn 266s) ---
2026-05-02 04:51:06,052 -     [P4.2] Pair (0,12) giảm 4 -> BEST = 57715
2026-05-02 04:51:09,963 -   --- Pairwise Iter 7 (còn 147s) ---
2026-05-02 04:53:35,372 -     -> Đã đạt cực trị toàn cục cho mọi cặp dưới ngưỡng. KẾT THÚC CHẶNG 4.
2026-05-02 04:53:35,372 - Hoàn thành trong 1198.0s. Final Cost: 57715
2026-05-02 04:53:35,372 - ======================================================================
2026-05-02 04:53:35,372 - BÁO CÁO TỔNG KẾT (SUMMARY)
2026-05-02 04:53:35,372 - ======================================================================
2026-05-02 04:53:35,372 -   1. Chi phí Clarke-Wright:     76340
2026-05-02 04:53:35,372 -   2. Chi phí sau Gurobi MIP:    57715
2026-05-02 04:53:35,372 -   => TỔNG CẢI THIỆN:            18625
2026-05-02 04:53:35,372 -   => Số lần Gurobi Single cải thiện  : 25 lần
2026-05-02 04:53:35,372 -   => Số lần Gurobi Pairwise cải thiện: 6 lần
2026-05-02 04:53:35,372 -   => TỔNG THỜI GIAN CHẠY:       1198.183s
2026-05-02 04:53:35,377 - ======================================================================
2026-05-02 04:53:35,377 - GUROBI MIP SOLVER  |  FILE: X-n181-k23.vrp
2026-05-02 04:53:35,377 - ======================================================================
2026-05-02 04:53:35,430 - Thông tin dữ liệu: Dimension=181, K=23, Capacity=8
2026-05-02 04:53:35,430 - --- Step 1: Clarke-Wright Heuristic ---
2026-05-02 04:53:35,461 -   Kết quả CW: Cost = 28836, Time = 0.030s
2026-05-02 04:53:35,461 - --- Step 2: Advanced Optimization (Gurobi MIP) ---
2026-05-02 04:53:35,461 - =========================================
2026-05-02 04:53:35,461 - BẮT ĐẦU OPTIMIZE  (100% Gurobi MIP)
2026-05-02 04:53:35,461 -  -> Max Single Size  : 20
2026-05-02 04:53:35,461 -  -> Single Timeout   : 40.0s
2026-05-02 04:53:35,461 -  -> Max Pairwise Size: 27
2026-05-02 04:53:35,461 -  -> Pairwise Timeout : 79.0s
2026-05-02 04:53:35,461 -  -> Global Timeout   : 1200.0s
2026-05-02 04:53:35,461 -  -> Chi phí khởi điểm: 28836
2026-05-02 04:53:35,461 - =========================================
2026-05-02 04:53:35,461 - === BẮT ĐẦU CHẶNG 4: GUROBI MIP CHÍNH XÁC | Cost: 28836 ===
2026-05-02 04:53:35,461 -   [GĐ 4.1] Giải bài toán TSP trên từng tuyến đơn...
2026-05-02 04:53:37,231 -     -> Single Gurobi cải thiện: 1165. Cost mới: 27671
2026-05-02 04:53:37,231 -   [GĐ 4.2] Xét từng cặp tuyến để phân bổ lại khách hàng...
2026-05-02 04:53:37,231 -   --- Pairwise Iter 1 (còn 1198s) ---
2026-05-02 04:54:07,726 -     [P4.2] Pair (3,12) giảm 51 -> BEST = 27620
2026-05-02 04:54:07,872 -   --- Pairwise Iter 2 (còn 1168s) ---
2026-05-02 04:55:26,903 -     [P4.2] Pair (8,12) giảm 223 -> BEST = 27397
2026-05-02 04:55:27,190 -   --- Pairwise Iter 3 (còn 1088s) ---
2026-05-02 04:56:46,241 -     [P4.2] Pair (5,12) giảm 35 -> BEST = 27362
2026-05-02 04:56:46,518 -   --- Pairwise Iter 4 (còn 1009s) ---
2026-05-02 04:58:05,550 -     [P4.2] Pair (15,21) giảm 125 -> BEST = 27237
2026-05-02 04:58:05,837 -   --- Pairwise Iter 5 (còn 930s) ---
2026-05-02 04:59:24,885 -     [P4.2] Pair (1,19) giảm 113 -> BEST = 27124
2026-05-02 04:59:25,091 -   --- Pairwise Iter 6 (còn 850s) ---
2026-05-02 04:59:29,939 -     [P4.2] Pair (3,8) giảm 22 -> BEST = 27102
2026-05-02 04:59:30,014 -   --- Pairwise Iter 7 (còn 845s) ---
2026-05-02 05:01:30,971 -     [P4.2] Pair (21,22) giảm 71 -> BEST = 27031
2026-05-02 05:01:31,167 -   --- Pairwise Iter 8 (còn 724s) ---
2026-05-02 05:04:09,283 -     [P4.2] Pair (1,13) giảm 51 -> BEST = 26980
2026-05-02 05:04:09,438 -   --- Pairwise Iter 9 (còn 566s) ---
2026-05-02 05:09:25,620 -     [P4.2] Pair (9,18) giảm 80 -> BEST = 26900
2026-05-02 05:09:25,998 -   --- Pairwise Iter 10 (còn 249s) ---
2026-05-02 05:13:31,960 -     [P4.2] Pair (0,14) giảm 20 -> BEST = 26880
2026-05-02 05:13:31,984 -   --- Pairwise Iter 11 (còn 3s) ---
2026-05-02 05:13:33,484 -     -> Đã đạt cực trị toàn cục cho mọi cặp dưới ngưỡng. KẾT THÚC CHẶNG 4.
2026-05-02 05:13:33,484 - Hoàn thành trong 1198.0s. Final Cost: 26880
2026-05-02 05:13:33,485 - ======================================================================
2026-05-02 05:13:33,485 - BÁO CÁO TỔNG KẾT (SUMMARY)
2026-05-02 05:13:33,485 - ======================================================================
2026-05-02 05:13:33,485 -   1. Chi phí Clarke-Wright:     28836
2026-05-02 05:13:33,485 -   2. Chi phí sau Gurobi MIP:    26880
2026-05-02 05:13:33,485 -   => TỔNG CẢI THIỆN:            1956
2026-05-02 05:13:33,485 -   => Số lần Gurobi Single cải thiện  : 20 lần
2026-05-02 05:13:33,485 -   => Số lần Gurobi Pairwise cải thiện: 10 lần
2026-05-02 05:13:33,485 -   => TỔNG THỜI GIAN CHẠY:       1198.054s
2026-05-02 05:13:33,490 - ======================================================================
2026-05-02 05:13:33,490 - GUROBI MIP SOLVER  |  FILE: X-n186-k15.vrp
2026-05-02 05:13:33,490 - ======================================================================
2026-05-02 05:13:33,541 - Thông tin dữ liệu: Dimension=186, K=15, Capacity=974
2026-05-02 05:13:33,542 - --- Step 1: Clarke-Wright Heuristic ---
2026-05-02 05:13:33,580 -   Kết quả CW: Cost = 36380, Time = 0.038s
2026-05-02 05:13:33,580 - --- Step 2: Advanced Optimization (Gurobi MIP) ---
2026-05-02 05:13:33,580 - =========================================
2026-05-02 05:13:33,580 - BẮT ĐẦU OPTIMIZE  (100% Gurobi MIP)
2026-05-02 05:13:33,580 -  -> Max Single Size  : 31
2026-05-02 05:13:33,580 -  -> Single Timeout   : 40.0s
2026-05-02 05:13:33,580 -  -> Max Pairwise Size: 28
2026-05-02 05:13:33,580 -  -> Pairwise Timeout : 124.0s
2026-05-02 05:13:33,580 -  -> Global Timeout   : 1200.0s
2026-05-02 05:13:33,580 -  -> Chi phí khởi điểm: 36380
2026-05-02 05:13:33,581 - =========================================
2026-05-02 05:13:33,581 - === BẮT ĐẦU CHẶNG 4: GUROBI MIP CHÍNH XÁC | Cost: 36380 ===
2026-05-02 05:13:33,581 -   [GĐ 4.1] Giải bài toán TSP trên từng tuyến đơn...
2026-05-02 05:14:25,807 -     -> Single Gurobi cải thiện: 3222. Cost mới: 33158
2026-05-02 05:14:25,807 -   [GĐ 4.2] Xét từng cặp tuyến để phân bổ lại khách hàng...
2026-05-02 05:14:25,807 -   --- Pairwise Iter 1 (còn 1148s) ---
2026-05-02 05:16:29,864 -     [P4.2] Pair (6,12) giảm 195 -> BEST = 32963
2026-05-02 05:16:30,202 -   --- Pairwise Iter 2 (còn 1023s) ---
2026-05-02 05:18:34,256 -     [P4.2] Pair (1,8) giảm 264 -> BEST = 32699
2026-05-02 05:18:35,683 -       [S-re] Route 8: 3089 → 3062  (−27) | BEST = 32672
2026-05-02 05:18:35,683 -   --- Pairwise Iter 3 (còn 898s) ---
2026-05-02 05:20:39,747 -     [P4.2] Pair (2,12) giảm 520 -> BEST = 32152
2026-05-02 05:20:47,782 -   --- Pairwise Iter 4 (còn 766s) ---
2026-05-02 05:22:51,836 -     [P4.2] Pair (6,12) giảm 127 -> BEST = 32025
2026-05-02 05:22:51,941 -   --- Pairwise Iter 5 (còn 642s) ---
2026-05-02 05:24:56,013 -     [P4.2] Pair (3,4) giảm 571 -> BEST = 31454
2026-05-02 05:25:01,304 -   --- Pairwise Iter 6 (còn 512s) ---
2026-05-02 05:29:09,444 -     [P4.2] Pair (8,9) giảm 385 -> BEST = 31069
2026-05-02 05:29:10,395 -       [S-re] Route 8: 2669 → 2666  (−3) | BEST = 31066
2026-05-02 05:29:12,395 -   --- Pairwise Iter 7 (còn 261s) ---
2026-05-02 05:33:25,003 -     [P4.2] Pair (0,5) giảm 251 -> BEST = 30815
2026-05-02 05:33:25,098 -   --- Pairwise Iter 8 (còn 8s) ---
2026-05-02 05:33:31,624 -     -> Đã đạt cực trị toàn cục cho mọi cặp dưới ngưỡng. KẾT THÚC CHẶNG 4.
2026-05-02 05:33:31,624 - Hoàn thành trong 1198.0s. Final Cost: 30815
2026-05-02 05:33:31,625 - ======================================================================
2026-05-02 05:33:31,625 - BÁO CÁO TỔNG KẾT (SUMMARY)
2026-05-02 05:33:31,625 - ======================================================================
2026-05-02 05:33:31,625 -   1. Chi phí Clarke-Wright:     36380
2026-05-02 05:33:31,625 -   2. Chi phí sau Gurobi MIP:    30815
2026-05-02 05:33:31,625 -   => TỔNG CẢI THIỆN:            5565
2026-05-02 05:33:31,625 -   => Số lần Gurobi Single cải thiện  : 16 lần
2026-05-02 05:33:31,625 -   => Số lần Gurobi Pairwise cải thiện: 7 lần
2026-05-02 05:33:31,625 -   => TỔNG THỜI GIAN CHẠY:       1198.083s
2026-05-02 05:33:31,630 - ======================================================================
2026-05-02 05:33:31,630 - GUROBI MIP SOLVER  |  FILE: X-n190-k8.vrp
2026-05-02 05:33:31,630 - ======================================================================
2026-05-02 05:33:31,686 - Thông tin dữ liệu: Dimension=190, K=8, Capacity=138
2026-05-02 05:33:31,686 - --- Step 1: Clarke-Wright Heuristic ---
2026-05-02 05:33:31,727 -   Kết quả CW: Cost = 20571, Time = 0.041s
2026-05-02 05:33:31,727 - --- Step 2: Advanced Optimization (Gurobi MIP) ---
2026-05-02 05:33:31,727 - =========================================
2026-05-02 05:33:31,727 - BẮT ĐẦU OPTIMIZE  (100% Gurobi MIP)
2026-05-02 05:33:31,727 -  -> Max Single Size  : 35
2026-05-02 05:33:31,727 -  -> Single Timeout   : 40.0s
2026-05-02 05:33:31,727 -  -> Max Pairwise Size: 28
2026-05-02 05:33:31,728 -  -> Pairwise Timeout : 150.0s
2026-05-02 05:33:31,728 -  -> Global Timeout   : 1200.0s
2026-05-02 05:33:31,728 -  -> Chi phí khởi điểm: 20571
2026-05-02 05:33:31,728 - =========================================
2026-05-02 05:33:31,728 - === BẮT ĐẦU CHẶNG 4: GUROBI MIP CHÍNH XÁC | Cost: 20571 ===
2026-05-02 05:33:31,728 -   [GĐ 4.1] Giải bài toán TSP trên từng tuyến đơn...
2026-05-02 05:37:35,012 -     -> Single Gurobi cải thiện: 1525. Cost mới: 19046
2026-05-02 05:37:35,012 -   [GĐ 4.2] Xét từng cặp tuyến để phân bổ lại khách hàng...
2026-05-02 05:37:35,012 -   --- Pairwise Iter 1 (còn 957s) ---
2026-05-02 05:37:35,016 -     -> Đã đạt cực trị toàn cục cho mọi cặp dưới ngưỡng. KẾT THÚC CHẶNG 4.
2026-05-02 05:37:35,016 - Hoàn thành trong 243.3s. Final Cost: 19046
2026-05-02 05:37:35,016 - ======================================================================
2026-05-02 05:37:35,016 - BÁO CÁO TỔNG KẾT (SUMMARY)
2026-05-02 05:37:35,016 - ======================================================================
2026-05-02 05:37:35,016 -   1. Chi phí Clarke-Wright:     20571
2026-05-02 05:37:35,016 -   2. Chi phí sau Gurobi MIP:    19046
2026-05-02 05:37:35,016 -   => TỔNG CẢI THIỆN:            1525
2026-05-02 05:37:35,016 -   => Số lần Gurobi Single cải thiện  : 8 lần
2026-05-02 05:37:35,016 -   => Số lần Gurobi Pairwise cải thiện: 0 lần
2026-05-02 05:37:35,016 -   => TỔNG THỜI GIAN CHẠY:       243.329s
2026-05-02 05:37:35,021 - ======================================================================
2026-05-02 05:37:35,021 - GUROBI MIP SOLVER  |  FILE: X-n195-k51.vrp
2026-05-02 05:37:35,021 - ======================================================================
2026-05-02 05:37:35,077 - Thông tin dữ liệu: Dimension=195, K=51, Capacity=181
2026-05-02 05:37:35,078 - --- Step 1: Clarke-Wright Heuristic ---
2026-05-02 05:37:35,373 -   Kết quả CW: Cost = 109251, Time = 0.295s
2026-05-02 05:37:35,373 - --- Step 2: Advanced Optimization (Gurobi MIP) ---
2026-05-02 05:37:35,373 - =========================================
2026-05-02 05:37:35,373 - BẮT ĐẦU OPTIMIZE  (100% Gurobi MIP)
2026-05-02 05:37:35,373 -  -> Max Single Size  : 20
2026-05-02 05:37:35,373 -  -> Single Timeout   : 40.0s
2026-05-02 05:37:35,373 -  -> Max Pairwise Size: 16
2026-05-02 05:37:35,373 -  -> Pairwise Timeout : 40.0s
2026-05-02 05:37:35,373 -  -> Global Timeout   : 1200.0s
2026-05-02 05:37:35,373 -  -> Chi phí khởi điểm: 109251
2026-05-02 05:37:35,373 - =========================================
2026-05-02 05:37:35,373 - === BẮT ĐẦU CHẶNG 4: GUROBI MIP CHÍNH XÁC | Cost: 109251 ===
2026-05-02 05:37:35,374 -   [GĐ 4.1] Giải bài toán TSP trên từng tuyến đơn...
2026-05-02 05:37:36,598 -     -> Single Gurobi cải thiện: 22331. Cost mới: 86920
2026-05-02 05:37:36,598 -   [GĐ 4.2] Xét từng cặp tuyến để phân bổ lại khách hàng...
2026-05-02 05:37:36,598 -   --- Pairwise Iter 1 (còn 1199s) ---
2026-05-02 05:37:50,593 -     [P4.2] Pair (44,49) giảm 1205 -> BEST = 85715
2026-05-02 05:37:50,728 -   --- Pairwise Iter 2 (còn 1185s) ---
2026-05-02 05:37:51,935 -     [P4.2] Pair (43,49) giảm 1192 -> BEST = 84523
2026-05-02 05:37:51,980 -   --- Pairwise Iter 3 (còn 1183s) ---
2026-05-02 05:37:52,498 -     [P4.2] Pair (30,48) giảm 12 -> BEST = 84511
2026-05-02 05:37:52,553 -   --- Pairwise Iter 4 (còn 1183s) ---
2026-05-02 05:37:53,210 -     [P4.2] Pair (45,46) giảm 636 -> BEST = 83875
2026-05-02 05:37:53,255 -   --- Pairwise Iter 5 (còn 1182s) ---
2026-05-02 05:37:53,659 -     [P4.2] Pair (19,45) giảm 192 -> BEST = 83683
2026-05-02 05:37:53,683 -   --- Pairwise Iter 6 (còn 1182s) ---
2026-05-02 05:37:54,603 -     [P4.2] Pair (19,46) giảm 110 -> BEST = 83573
2026-05-02 05:37:54,638 -   --- Pairwise Iter 7 (còn 1181s) ---
2026-05-02 05:37:58,135 -     [P4.2] Pair (39,44) giảm 269 -> BEST = 83304
2026-05-02 05:37:58,190 -   --- Pairwise Iter 8 (còn 1177s) ---
2026-05-02 05:38:00,469 -     [P4.2] Pair (30,47) giảm 1210 -> BEST = 82094
2026-05-02 05:38:00,524 -   --- Pairwise Iter 9 (còn 1175s) ---
2026-05-02 05:38:01,172 -     [P4.2] Pair (30,31) giảm 753 -> BEST = 81341
2026-05-02 05:38:01,207 -   --- Pairwise Iter 10 (còn 1174s) ---
2026-05-02 05:38:22,074 -     [P4.2] Pair (39,46) giảm 30 -> BEST = 81311
2026-05-02 05:38:22,149 -   --- Pairwise Iter 11 (còn 1153s) ---
2026-05-02 05:38:46,283 -     [P4.2] Pair (39,40) giảm 173 -> BEST = 81138
2026-05-02 05:38:46,358 -   --- Pairwise Iter 12 (còn 1129s) ---
2026-05-02 05:38:49,087 -     [P4.2] Pair (40,46) giảm 68 -> BEST = 81070
2026-05-02 05:38:49,141 -   --- Pairwise Iter 13 (còn 1126s) ---
2026-05-02 05:38:55,749 -     [P4.2] Pair (39,40) giảm 176 -> BEST = 80894
2026-05-02 05:38:55,793 -   --- Pairwise Iter 14 (còn 1120s) ---
2026-05-02 05:38:56,022 -     [P4.2] Pair (39,46) giảm 1 -> BEST = 80893
2026-05-02 05:38:56,056 -   --- Pairwise Iter 15 (còn 1119s) ---
2026-05-02 05:39:02,794 -     [P4.2] Pair (16,46) giảm 14 -> BEST = 80879
2026-05-02 05:39:02,819 -   --- Pairwise Iter 16 (còn 1113s) ---
2026-05-02 05:39:07,933 -     [P4.2] Pair (30,41) giảm 493 -> BEST = 80386
2026-05-02 05:39:07,987 -   --- Pairwise Iter 17 (còn 1107s) ---
2026-05-02 05:39:13,500 -     [P4.2] Pair (32,47) giảm 519 -> BEST = 79867
2026-05-02 05:39:13,575 -   --- Pairwise Iter 18 (còn 1102s) ---
2026-05-02 05:39:19,178 -     [P4.2] Pair (35,40) giảm 249 -> BEST = 79618
2026-05-02 05:39:19,213 -   --- Pairwise Iter 19 (còn 1096s) ---
2026-05-02 05:39:23,120 -     [P4.2] Pair (12,40) giảm 224 -> BEST = 79394
2026-05-02 05:39:23,144 -   --- Pairwise Iter 20 (còn 1092s) ---
2026-05-02 05:39:25,179 -     [P4.2] Pair (30,40) giảm 44 -> BEST = 79350
2026-05-02 05:39:25,213 -   --- Pairwise Iter 21 (còn 1090s) ---
2026-05-02 05:39:26,117 -     [P4.2] Pair (30,41) giảm 12 -> BEST = 79338
2026-05-02 05:39:26,142 -   --- Pairwise Iter 22 (còn 1089s) ---
2026-05-02 05:39:29,044 -     [P4.2] Pair (38,41) giảm 152 -> BEST = 79186
2026-05-02 05:39:29,068 -   --- Pairwise Iter 23 (còn 1086s) ---
2026-05-02 05:39:29,921 -     [P4.2] Pair (30,41) giảm 498 -> BEST = 78688
2026-05-02 05:39:29,945 -   --- Pairwise Iter 24 (còn 1085s) ---
2026-05-02 05:39:31,427 -     [P4.2] Pair (38,43) giảm 43 -> BEST = 78645
2026-05-02 05:39:31,481 -   --- Pairwise Iter 25 (còn 1084s) ---
2026-05-02 05:39:35,290 -     [P4.2] Pair (19,42) giảm 202 -> BEST = 78443
2026-05-02 05:39:35,324 -   --- Pairwise Iter 26 (còn 1080s) ---
2026-05-02 05:39:39,401 -     [P4.2] Pair (42,43) giảm 429 -> BEST = 78014
2026-05-02 05:39:39,425 -   --- Pairwise Iter 27 (còn 1076s) ---
2026-05-02 05:39:42,204 -     [P4.2] Pair (30,42) giảm 237 -> BEST = 77777
2026-05-02 05:39:42,239 -   --- Pairwise Iter 28 (còn 1073s) ---
2026-05-02 05:39:46,304 -     [P4.2] Pair (16,17) giảm 12 -> BEST = 77765
2026-05-02 05:39:46,328 -   --- Pairwise Iter 29 (còn 1069s) ---
2026-05-02 05:39:51,134 -     [P4.2] Pair (24,32) giảm 22 -> BEST = 77743
2026-05-02 05:39:51,178 -   --- Pairwise Iter 30 (còn 1064s) ---
2026-05-02 05:39:53,924 -     [P4.2] Pair (21,32) giảm 424 -> BEST = 77319
2026-05-02 05:39:53,959 -   --- Pairwise Iter 31 (còn 1061s) ---
2026-05-02 05:39:57,039 -     [P4.2] Pair (25,32) giảm 422 -> BEST = 76897
2026-05-02 05:39:57,063 -   --- Pairwise Iter 32 (còn 1058s) ---
2026-05-02 05:40:02,424 -     [P4.2] Pair (44,49) giảm 287 -> BEST = 76610
2026-05-02 05:40:02,458 -   --- Pairwise Iter 33 (còn 1053s) ---
2026-05-02 05:40:09,741 -     [P4.2] Pair (42,44) giảm 209 -> BEST = 76401
2026-05-02 05:40:09,786 -   --- Pairwise Iter 34 (còn 1046s) ---
2026-05-02 05:40:12,325 -     [P4.2] Pair (31,44) giảm 96 -> BEST = 76305
2026-05-02 05:40:12,369 -   --- Pairwise Iter 35 (còn 1043s) ---
2026-05-02 05:40:13,122 -     [P4.2] Pair (41,44) giảm 139 -> BEST = 76166
2026-05-02 05:40:13,147 -   --- Pairwise Iter 36 (còn 1042s) ---
2026-05-02 05:40:16,522 -     [P4.2] Pair (40,41) giảm 18 -> BEST = 76148
2026-05-02 05:40:16,557 -   --- Pairwise Iter 37 (còn 1039s) ---
2026-05-02 05:40:21,171 -     [P4.2] Pair (27,42) giảm 277 -> BEST = 75871
2026-05-02 05:40:21,195 -   --- Pairwise Iter 38 (còn 1034s) ---
2026-05-02 05:40:23,635 -     [P4.2] Pair (27,47) giảm 336 -> BEST = 75535
2026-05-02 05:40:23,669 -   --- Pairwise Iter 39 (còn 1032s) ---
2026-05-02 05:40:29,508 -     [P4.2] Pair (24,49) giảm 303 -> BEST = 75232
2026-05-02 05:40:29,553 -   --- Pairwise Iter 40 (còn 1026s) ---
2026-05-02 05:40:32,883 -     [P4.2] Pair (21,24) giảm 37 -> BEST = 75195
2026-05-02 05:40:32,907 -   --- Pairwise Iter 41 (còn 1022s) ---
2026-05-02 05:40:38,893 -     [P4.2] Pair (36,47) giảm 595 -> BEST = 74600
2026-05-02 05:40:38,918 -   --- Pairwise Iter 42 (còn 1016s) ---
2026-05-02 05:40:44,193 -     [P4.2] Pair (24,36) giảm 78 -> BEST = 74522
2026-05-02 05:40:44,218 -   --- Pairwise Iter 43 (còn 1011s) ---
2026-05-02 05:40:50,615 -     [P4.2] Pair (38,43) giảm 101 -> BEST = 74421
2026-05-02 05:40:50,670 -   --- Pairwise Iter 44 (còn 1005s) ---
2026-05-02 05:40:59,064 -     [P4.2] Pair (31,42) giảm 149 -> BEST = 74272
2026-05-02 05:40:59,088 -   --- Pairwise Iter 45 (còn 996s) ---
2026-05-02 05:41:07,600 -     [P4.2] Pair (21,40) giảm 72 -> BEST = 74200
2026-05-02 05:41:07,624 -   --- Pairwise Iter 46 (còn 988s) ---
2026-05-02 05:41:08,954 -     [P4.2] Pair (21,41) giảm 72 -> BEST = 74128
2026-05-02 05:41:08,989 -   --- Pairwise Iter 47 (còn 986s) ---
2026-05-02 05:41:11,298 -     [P4.2] Pair (41,49) giảm 48 -> BEST = 74080
2026-05-02 05:41:11,373 -   --- Pairwise Iter 48 (còn 984s) ---
2026-05-02 05:41:16,880 -     [P4.2] Pair (30,41) giảm 120 -> BEST = 73960
2026-05-02 05:41:16,904 -   --- Pairwise Iter 49 (còn 978s) ---
2026-05-02 05:41:27,623 -     [P4.2] Pair (27,37) giảm 57 -> BEST = 73903
2026-05-02 05:41:27,647 -   --- Pairwise Iter 50 (còn 968s) ---
2026-05-02 05:42:17,265 -     [P4.2] Pair (8,44) giảm 116 -> BEST = 73787
2026-05-02 05:42:17,289 -   --- Pairwise Iter 51 (còn 918s) ---
2026-05-02 05:43:08,949 -     [P4.2] Pair (35,37) giảm 55 -> BEST = 73732
2026-05-02 05:43:08,984 -   --- Pairwise Iter 52 (còn 866s) ---
2026-05-02 05:44:02,506 -     [P4.2] Pair (31,43) giảm 28 -> BEST = 73704
2026-05-02 05:44:02,590 -   --- Pairwise Iter 53 (còn 813s) ---
2026-05-02 05:44:08,273 -     [P4.2] Pair (2,43) giảm 13 -> BEST = 73691
2026-05-02 05:44:08,298 -   --- Pairwise Iter 54 (còn 807s) ---
2026-05-02 05:44:33,384 -     [P4.2] Pair (36,41) giảm 13 -> BEST = 73678
2026-05-02 05:44:33,418 -   --- Pairwise Iter 55 (còn 782s) ---
2026-05-02 05:44:57,609 -     [P4.2] Pair (11,41) giảm 129 -> BEST = 73549
2026-05-02 05:44:57,633 -   --- Pairwise Iter 56 (còn 758s) ---
2026-05-02 05:45:20,226 -     [P4.2] Pair (21,36) giảm 28 -> BEST = 73521
2026-05-02 05:45:20,251 -   --- Pairwise Iter 57 (còn 735s) ---
2026-05-02 05:45:43,776 -     [P4.2] Pair (17,43) giảm 287 -> BEST = 73234
2026-05-02 05:45:43,810 -   --- Pairwise Iter 58 (còn 712s) ---
2026-05-02 05:46:07,910 -     [P4.2] Pair (24,26) giảm 18 -> BEST = 73216
2026-05-02 05:46:07,934 -   --- Pairwise Iter 59 (còn 687s) ---
2026-05-02 05:46:33,037 -     [P4.2] Pair (40,45) giảm 5 -> BEST = 73211
2026-05-02 05:46:33,062 -   --- Pairwise Iter 60 (còn 662s) ---
2026-05-02 05:46:58,771 -     [P4.2] Pair (12,48) giảm 2 -> BEST = 73209
2026-05-02 05:46:58,795 -   --- Pairwise Iter 61 (còn 637s) ---
2026-05-02 05:47:04,917 -     [P4.2] Pair (45,48) giảm 347 -> BEST = 72862
2026-05-02 05:47:04,941 -   --- Pairwise Iter 62 (còn 630s) ---
2026-05-02 05:47:13,246 -     [P4.2] Pair (11,48) giảm 7 -> BEST = 72855
2026-05-02 05:47:13,270 -   --- Pairwise Iter 63 (còn 622s) ---
2026-05-02 05:47:32,833 -     [P4.2] Pair (12,38) giảm 29 -> BEST = 72826
2026-05-02 05:47:32,857 -   --- Pairwise Iter 64 (còn 603s) ---
2026-05-02 05:47:54,102 -     [P4.2] Pair (18,38) giảm 107 -> BEST = 72719
2026-05-02 05:47:54,126 -   --- Pairwise Iter 65 (còn 581s) ---
2026-05-02 05:48:17,765 -     [P4.2] Pair (9,45) giảm 161 -> BEST = 72558
2026-05-02 05:48:17,789 -   --- Pairwise Iter 66 (còn 558s) ---
2026-05-02 05:48:43,943 -     [P4.2] Pair (15,41) giảm 711 -> BEST = 71847
2026-05-02 05:48:43,968 -   --- Pairwise Iter 67 (còn 531s) ---
2026-05-02 05:49:10,611 -     [P4.2] Pair (29,30) giảm 83 -> BEST = 71764
2026-05-02 05:49:10,635 -   --- Pairwise Iter 68 (còn 505s) ---
2026-05-02 05:49:32,332 -     [P4.2] Pair (29,37) giảm 6 -> BEST = 71758
2026-05-02 05:49:32,366 -   --- Pairwise Iter 69 (còn 483s) ---
2026-05-02 05:49:39,561 -     [P4.2] Pair (16,29) giảm 16 -> BEST = 71742
2026-05-02 05:49:39,586 -   --- Pairwise Iter 70 (còn 476s) ---
2026-05-02 05:49:46,181 -     [P4.2] Pair (5,16) giảm 2 -> BEST = 71740
2026-05-02 05:49:46,206 -   --- Pairwise Iter 71 (còn 469s) ---
2026-05-02 05:49:53,427 -     [P4.2] Pair (9,29) giảm 15 -> BEST = 71725
2026-05-02 05:49:53,451 -   --- Pairwise Iter 72 (còn 462s) ---
2026-05-02 05:50:02,110 -     [P4.2] Pair (29,35) giảm 336 -> BEST = 71389
2026-05-02 05:50:02,165 -   --- Pairwise Iter 73 (còn 453s) ---
2026-05-02 05:50:23,718 -     [P4.2] Pair (0,29) giảm 423 -> BEST = 70966
2026-05-02 05:50:23,773 -   --- Pairwise Iter 74 (còn 432s) ---
2026-05-02 05:50:31,415 -     [P4.2] Pair (0,28) giảm 203 -> BEST = 70763
2026-05-02 05:50:31,439 -   --- Pairwise Iter 75 (còn 424s) ---
2026-05-02 05:50:33,873 -     [P4.2] Pair (28,46) giảm 160 -> BEST = 70603
2026-05-02 05:50:33,897 -   --- Pairwise Iter 76 (còn 421s) ---
2026-05-02 05:50:54,441 -     [P4.2] Pair (9,46) giảm 2 -> BEST = 70601
2026-05-02 05:50:54,465 -   --- Pairwise Iter 77 (còn 401s) ---
2026-05-02 05:51:13,375 -     [P4.2] Pair (9,35) giảm 41 -> BEST = 70560
2026-05-02 05:51:13,399 -   --- Pairwise Iter 78 (còn 382s) ---
2026-05-02 05:51:15,445 -     [P4.2] Pair (9,43) giảm 20 -> BEST = 70540
2026-05-02 05:51:15,469 -   --- Pairwise Iter 79 (còn 380s) ---
2026-05-02 05:51:18,019 -     [P4.2] Pair (9,39) giảm 69 -> BEST = 70471
2026-05-02 05:51:18,044 -   --- Pairwise Iter 80 (còn 377s) ---
2026-05-02 05:51:23,629 -     [P4.2] Pair (43,46) giảm 13 -> BEST = 70458
2026-05-02 05:51:23,653 -   --- Pairwise Iter 81 (còn 372s) ---
2026-05-02 05:51:44,154 -     [P4.2] Pair (27,28) giảm 368 -> BEST = 70090
2026-05-02 05:51:44,178 -   --- Pairwise Iter 82 (còn 351s) ---
2026-05-02 05:51:46,933 -     [P4.2] Pair (27,29) giảm 48 -> BEST = 70042
2026-05-02 05:51:46,958 -   --- Pairwise Iter 83 (còn 348s) ---
2026-05-02 05:52:09,210 -     [P4.2] Pair (39,42) giảm 146 -> BEST = 69896
2026-05-02 05:52:09,234 -   --- Pairwise Iter 84 (còn 326s) ---
2026-05-02 05:52:15,583 -     [P4.2] Pair (7,42) giảm 29 -> BEST = 69867
2026-05-02 05:52:15,607 -   --- Pairwise Iter 85 (còn 320s) ---
2026-05-02 05:52:39,082 -     [P4.2] Pair (34,42) giảm 58 -> BEST = 69809
2026-05-02 05:52:39,117 -   --- Pairwise Iter 86 (còn 296s) ---
2026-05-02 05:53:03,064 -     [P4.2] Pair (2,38) giảm 1171 -> BEST = 68638
2026-05-02 05:53:03,088 -   --- Pairwise Iter 87 (còn 272s) ---
2026-05-02 05:53:10,462 -     [P4.2] Pair (2,28) giảm 785 -> BEST = 67853
2026-05-02 05:53:10,506 -   --- Pairwise Iter 88 (còn 265s) ---
2026-05-02 05:53:18,984 -     [P4.2] Pair (2,9) giảm 6 -> BEST = 67847
2026-05-02 05:53:19,008 -   --- Pairwise Iter 89 (còn 256s) ---
2026-05-02 05:53:47,733 -     [P4.2] Pair (10,49) giảm 186 -> BEST = 67661
2026-05-02 05:53:47,788 -   --- Pairwise Iter 90 (còn 228s) ---
2026-05-02 05:53:47,978 -     [P4.2] Pair (15,49) giảm 14 -> BEST = 67647
2026-05-02 05:53:48,003 -   --- Pairwise Iter 91 (còn 227s) ---
2026-05-02 05:54:04,591 -     [P4.2] Pair (28,45) giảm 98 -> BEST = 67549
2026-05-02 05:54:04,635 -   --- Pairwise Iter 92 (còn 211s) ---
2026-05-02 05:54:08,839 -     [P4.2] Pair (28,48) giảm 116 -> BEST = 67433
2026-05-02 05:54:08,873 -   --- Pairwise Iter 93 (còn 206s) ---
2026-05-02 05:54:15,859 -     [P4.2] Pair (11,28) giảm 230 -> BEST = 67203
2026-05-02 05:54:15,884 -   --- Pairwise Iter 94 (còn 199s) ---
2026-05-02 05:54:24,831 -     [P4.2] Pair (11,40) giảm 14 -> BEST = 67189
2026-05-02 05:54:24,866 -   --- Pairwise Iter 95 (còn 191s) ---
2026-05-02 05:54:31,373 -     [P4.2] Pair (11,21) giảm 5 -> BEST = 67184
2026-05-02 05:54:31,398 -   --- Pairwise Iter 96 (còn 184s) ---
2026-05-02 05:54:35,590 -     [P4.2] Pair (11,36) giảm 91 -> BEST = 67093
2026-05-02 05:54:35,654 -   --- Pairwise Iter 97 (còn 180s) ---
2026-05-02 05:54:51,718 -     [P4.2] Pair (19,48) giảm 331 -> BEST = 66762
2026-05-02 05:54:51,792 -   --- Pairwise Iter 98 (còn 164s) ---
2026-05-02 05:54:57,480 -     [P4.2] Pair (28,48) giảm 13 -> BEST = 66749
2026-05-02 05:54:57,504 -   --- Pairwise Iter 99 (còn 158s) ---
2026-05-02 05:55:02,693 -     [P4.2] Pair (19,48) giảm 182 -> BEST = 66567
2026-05-02 05:55:02,727 -   --- Pairwise Iter 100 (còn 153s) ---
2026-05-02 05:55:10,180 -     [P4.2] Pair (26,28) giảm 130 -> BEST = 66437
2026-05-02 05:55:10,214 -   --- Pairwise Iter 101 (còn 145s) ---
2026-05-02 05:55:18,569 -     [P4.2] Pair (45,48) giảm 73 -> BEST = 66364
2026-05-02 05:55:18,593 -   --- Pairwise Iter 102 (còn 137s) ---
2026-05-02 05:55:33,661 -     [P4.2] Pair (27,48) giảm 217 -> BEST = 66147
2026-05-02 05:55:33,685 -   --- Pairwise Iter 103 (còn 122s) ---
2026-05-02 05:55:43,760 -     [P4.2] Pair (27,32) giảm 208 -> BEST = 65939
2026-05-02 05:55:43,805 -   --- Pairwise Iter 104 (còn 112s) ---
2026-05-02 05:55:51,943 -     [P4.2] Pair (27,48) giảm 57 -> BEST = 65882
2026-05-02 05:55:51,967 -   --- Pairwise Iter 105 (còn 103s) ---
2026-05-02 05:56:02,774 -     [P4.2] Pair (27,45) giảm 39 -> BEST = 65843
2026-05-02 05:56:02,808 -   --- Pairwise Iter 106 (còn 93s) ---
2026-05-02 05:56:04,605 -     [P4.2] Pair (27,29) giảm 48 -> BEST = 65795
2026-05-02 05:56:04,629 -   --- Pairwise Iter 107 (còn 91s) ---
2026-05-02 05:56:21,536 -     [P4.2] Pair (12,24) giảm 545 -> BEST = 65250
2026-05-02 05:56:21,560 -   --- Pairwise Iter 108 (còn 74s) ---
2026-05-02 05:56:38,148 -     [P4.2] Pair (32,45) giảm 381 -> BEST = 64869
2026-05-02 05:56:38,172 -   --- Pairwise Iter 109 (còn 57s) ---
2026-05-02 05:56:41,250 -     [P4.2] Pair (31,45) giảm 468 -> BEST = 64401
2026-05-02 05:56:41,335 -   --- Pairwise Iter 110 (còn 54s) ---
2026-05-02 05:57:05,012 -     [P4.2] Pair (31,32) giảm 12 -> BEST = 64389
2026-05-02 05:57:05,057 -   --- Pairwise Iter 111 (còn 30s) ---
2026-05-02 05:57:24,954 -     [P4.2] Pair (0,12) giảm 4 -> BEST = 64385
2026-05-02 05:57:24,978 -   --- Pairwise Iter 112 (còn 10s) ---
2026-05-02 05:57:25,867 -     [P4.2] Pair (12,39) giảm 90 -> BEST = 64295
2026-05-02 05:57:25,892 -   --- Pairwise Iter 113 (còn 9s) ---
2026-05-02 05:57:33,384 -     -> Đã đạt cực trị toàn cục cho mọi cặp dưới ngưỡng. KẾT THÚC CHẶNG 4.
2026-05-02 05:57:33,385 - Hoàn thành trong 1198.0s. Final Cost: 64295
2026-05-02 05:57:33,385 - ======================================================================
2026-05-02 05:57:33,385 - BÁO CÁO TỔNG KẾT (SUMMARY)
2026-05-02 05:57:33,385 - ======================================================================
2026-05-02 05:57:33,385 -   1. Chi phí Clarke-Wright:     109251
2026-05-02 05:57:33,385 -   2. Chi phí sau Gurobi MIP:    64295
2026-05-02 05:57:33,385 -   => TỔNG CẢI THIỆN:            44956
2026-05-02 05:57:33,385 -   => Số lần Gurobi Single cải thiện  : 30 lần
2026-05-02 05:57:33,385 -   => Số lần Gurobi Pairwise cải thiện: 112 lần
2026-05-02 05:57:33,385 -   => TỔNG THỜI GIAN CHẠY:       1198.307s
2026-05-02 05:57:33,390 - ======================================================================
2026-05-02 05:57:33,390 - GUROBI MIP SOLVER  |  FILE: X-n200-k36.vrp
2026-05-02 05:57:33,390 - ======================================================================
2026-05-02 05:57:33,449 - Thông tin dữ liệu: Dimension=200, K=36, Capacity=402
2026-05-02 05:57:33,449 - --- Step 1: Clarke-Wright Heuristic ---
2026-05-02 05:57:33,561 -     [CW-Phase4] BFD thất bại với 2 khách hàng. Kích hoạt Backtracking (Giảm depth dần)...
2026-05-02 05:57:33,561 -       -> Thử hoán đổi với depth=3 (Limit: 10s)...
2026-05-02 05:57:33,766 -     [CW-Phase4] HOÀN HẢO! Backtracking thành công tại depth=3.
2026-05-02 05:57:33,767 -   Kết quả CW: Cost = 123489, Time = 0.318s
2026-05-02 05:57:33,767 - --- Step 2: Advanced Optimization (Gurobi MIP) ---
2026-05-02 05:57:33,767 - =========================================
2026-05-02 05:57:33,767 - BẮT ĐẦU OPTIMIZE  (100% Gurobi MIP)
2026-05-02 05:57:33,767 -  -> Max Single Size  : 20
2026-05-02 05:57:33,767 -  -> Single Timeout   : 40.0s
2026-05-02 05:57:33,767 -  -> Max Pairwise Size: 19
2026-05-02 05:57:33,767 -  -> Pairwise Timeout : 56.0s
2026-05-02 05:57:33,767 -  -> Global Timeout   : 1200.0s
2026-05-02 05:57:33,767 -  -> Chi phí khởi điểm: 123489
2026-05-02 05:57:33,767 - =========================================
2026-05-02 05:57:33,767 - === BẮT ĐẦU CHẶNG 4: GUROBI MIP CHÍNH XÁC | Cost: 123489 ===
2026-05-02 05:57:33,768 -   [GĐ 4.1] Giải bài toán TSP trên từng tuyến đơn...
2026-05-02 05:57:35,046 -     -> Single Gurobi cải thiện: 31038. Cost mới: 92451
2026-05-02 05:57:35,046 -   [GĐ 4.2] Xét từng cặp tuyến để phân bổ lại khách hàng...
2026-05-02 05:57:35,046 -   --- Pairwise Iter 1 (còn 1199s) ---
2026-05-02 05:57:47,743 -     [P4.2] Pair (5,33) giảm 526 -> BEST = 91925
2026-05-02 05:57:48,059 -   --- Pairwise Iter 2 (còn 1186s) ---
2026-05-02 05:58:07,506 -     [P4.2] Pair (17,19) giảm 101 -> BEST = 91824
2026-05-02 05:58:07,550 -   --- Pairwise Iter 3 (còn 1166s) ---
2026-05-02 05:58:32,932 -     [P4.2] Pair (4,31) giảm 369 -> BEST = 91455
2026-05-02 05:58:32,986 -   --- Pairwise Iter 4 (còn 1141s) ---
2026-05-02 06:00:44,508 -     [P4.2] Pair (19,33) giảm 99 -> BEST = 91356
2026-05-02 06:00:44,563 -   --- Pairwise Iter 5 (còn 1009s) ---
2026-05-02 06:00:48,150 -     [P4.2] Pair (5,33) giảm 259 -> BEST = 91097
2026-05-02 06:00:48,215 -   --- Pairwise Iter 6 (còn 1006s) ---
2026-05-02 06:00:51,020 -     [P4.2] Pair (5,17) giảm 64 -> BEST = 91033
2026-05-02 06:00:51,064 -   --- Pairwise Iter 7 (còn 1003s) ---
2026-05-02 06:01:55,010 -     [P4.2] Pair (9,31) giảm 499 -> BEST = 90534
2026-05-02 06:01:55,044 -   --- Pairwise Iter 8 (còn 939s) ---
2026-05-02 06:02:55,739 -     [P4.2] Pair (18,19) giảm 203 -> BEST = 90331
2026-05-02 06:02:55,764 -   --- Pairwise Iter 9 (còn 878s) ---
2026-05-02 06:03:57,147 -     [P4.2] Pair (4,11) giảm 872 -> BEST = 89459
2026-05-02 06:03:57,171 -   --- Pairwise Iter 10 (còn 817s) ---
2026-05-02 06:04:56,356 -     [P4.2] Pair (11,35) giảm 189 -> BEST = 89270
2026-05-02 06:04:56,552 -   --- Pairwise Iter 11 (còn 757s) ---
2026-05-02 06:06:23,452 -     [P4.2] Pair (12,34) giảm 1023 -> BEST = 88247
2026-05-02 06:06:23,487 -   --- Pairwise Iter 12 (còn 670s) ---
2026-05-02 06:07:32,548 -     [P4.2] Pair (27,29) giảm 1119 -> BEST = 87128
2026-05-02 06:07:32,612 -   --- Pairwise Iter 13 (còn 601s) ---
2026-05-02 06:07:50,553 -     [P4.2] Pair (27,28) giảm 32 -> BEST = 87096
2026-05-02 06:07:50,608 -   --- Pairwise Iter 14 (còn 583s) ---
2026-05-02 06:09:01,846 -     [P4.2] Pair (3,4) giảm 212 -> BEST = 86884
2026-05-02 06:09:01,870 -   --- Pairwise Iter 15 (còn 512s) ---
2026-05-02 06:09:31,215 -     [P4.2] Pair (3,23) giảm 255 -> BEST = 86629
2026-05-02 06:09:31,280 -   --- Pairwise Iter 16 (còn 482s) ---
2026-05-02 06:10:47,982 -     [P4.2] Pair (3,11) giảm 69 -> BEST = 86560
2026-05-02 06:10:48,056 -   --- Pairwise Iter 17 (còn 406s) ---
2026-05-02 06:11:56,304 -     [P4.2] Pair (11,35) giảm 20 -> BEST = 86540
2026-05-02 06:11:56,369 -   --- Pairwise Iter 18 (còn 337s) ---
2026-05-02 06:12:12,944 -     [P4.2] Pair (29,34) giảm 1317 -> BEST = 85223
2026-05-02 06:12:13,019 -   --- Pairwise Iter 19 (còn 321s) ---
2026-05-02 06:12:26,155 -     [P4.2] Pair (6,34) giảm 42 -> BEST = 85181
2026-05-02 06:12:26,200 -   --- Pairwise Iter 20 (còn 308s) ---
2026-05-02 06:12:26,811 -     [P4.2] Pair (20,34) giảm 159 -> BEST = 85022
2026-05-02 06:12:26,886 -   --- Pairwise Iter 21 (còn 307s) ---
2026-05-02 06:12:42,316 -     [P4.2] Pair (7,20) giảm 653 -> BEST = 84369
2026-05-02 06:12:42,360 -   --- Pairwise Iter 22 (còn 291s) ---
2026-05-02 06:13:51,292 -     [P4.2] Pair (3,30) giảm 136 -> BEST = 84233
2026-05-02 06:13:51,397 -   --- Pairwise Iter 23 (còn 222s) ---
2026-05-02 06:14:17,222 -     [P4.2] Pair (3,6) giảm 364 -> BEST = 83869
2026-05-02 06:14:17,287 -   --- Pairwise Iter 24 (còn 196s) ---
2026-05-02 06:14:32,518 -     [P4.2] Pair (3,30) giảm 73 -> BEST = 83796
2026-05-02 06:14:32,563 -   --- Pairwise Iter 25 (còn 181s) ---
2026-05-02 06:14:49,961 -     [P4.2] Pair (6,34) giảm 20 -> BEST = 83776
2026-05-02 06:14:50,016 -   --- Pairwise Iter 26 (còn 164s) ---
2026-05-02 06:15:27,165 -     [P4.2] Pair (10,11) giảm 627 -> BEST = 83149
2026-05-02 06:15:27,200 -   --- Pairwise Iter 27 (còn 127s) ---
2026-05-02 06:15:57,942 -     [P4.2] Pair (19,30) giảm 80 -> BEST = 83069
2026-05-02 06:15:58,077 -   --- Pairwise Iter 28 (còn 96s) ---
2026-05-02 06:16:12,105 -     [P4.2] Pair (18,30) giảm 14 -> BEST = 83055
2026-05-02 06:16:12,129 -   --- Pairwise Iter 29 (còn 82s) ---
2026-05-02 06:16:44,215 -     [P4.2] Pair (14,19) giảm 121 -> BEST = 82934
2026-05-02 06:16:44,270 -   --- Pairwise Iter 30 (còn 49s) ---
2026-05-02 06:17:31,786 -     -> Đã đạt cực trị toàn cục cho mọi cặp dưới ngưỡng. KẾT THÚC CHẶNG 4.
2026-05-02 06:17:31,786 - Hoàn thành trong 1198.0s. Final Cost: 82934
2026-05-02 06:17:31,786 - ======================================================================
2026-05-02 06:17:31,786 - BÁO CÁO TỔNG KẾT (SUMMARY)
2026-05-02 06:17:31,786 - ======================================================================
2026-05-02 06:17:31,786 -   1. Chi phí Clarke-Wright:     123489
2026-05-02 06:17:31,786 -   2. Chi phí sau Gurobi MIP:    82934
2026-05-02 06:17:31,786 -   => TỔNG CẢI THIỆN:            40555
2026-05-02 06:17:31,786 -   => Số lần Gurobi Single cải thiện  : 35 lần
2026-05-02 06:17:31,786 -   => Số lần Gurobi Pairwise cải thiện: 29 lần
2026-05-02 06:17:31,786 -   => TỔNG THỜI GIAN CHẠY:       1198.337s
2026-05-02 06:17:31,791 - ======================================================================
2026-05-02 06:17:31,791 - GUROBI MIP SOLVER  |  FILE: X-n204-k19.vrp
2026-05-02 06:17:31,791 - ======================================================================
2026-05-02 06:17:31,855 - Thông tin dữ liệu: Dimension=204, K=19, Capacity=836
2026-05-02 06:17:31,855 - --- Step 1: Clarke-Wright Heuristic ---
2026-05-02 06:17:31,905 -   Kết quả CW: Cost = 28923, Time = 0.050s
2026-05-02 06:17:31,905 - --- Step 2: Advanced Optimization (Gurobi MIP) ---
2026-05-02 06:17:31,905 - =========================================
2026-05-02 06:17:31,905 - BẮT ĐẦU OPTIMIZE  (100% Gurobi MIP)
2026-05-02 06:17:31,905 -  -> Max Single Size  : 26
2026-05-02 06:17:31,905 -  -> Single Timeout   : 40.0s
2026-05-02 06:17:31,905 -  -> Max Pairwise Size: 28
2026-05-02 06:17:31,905 -  -> Pairwise Timeout : 108.0s
2026-05-02 06:17:31,905 -  -> Global Timeout   : 1200.0s
2026-05-02 06:17:31,905 -  -> Chi phí khởi điểm: 28923
2026-05-02 06:17:31,905 - =========================================
2026-05-02 06:17:31,905 - === BẮT ĐẦU CHẶNG 4: GUROBI MIP CHÍNH XÁC | Cost: 28923 ===
2026-05-02 06:17:31,906 -   [GĐ 4.1] Giải bài toán TSP trên từng tuyến đơn...
2026-05-02 06:17:48,808 -     -> Single Gurobi cải thiện: 1687. Cost mới: 27236
2026-05-02 06:17:48,808 -   [GĐ 4.2] Xét từng cặp tuyến để phân bổ lại khách hàng...
2026-05-02 06:17:48,808 -   --- Pairwise Iter 1 (còn 1183s) ---
2026-05-02 06:21:24,926 -     [P4.2] Pair (11,17) giảm 185 -> BEST = 27051
2026-05-02 06:21:25,304 -   --- Pairwise Iter 2 (còn 967s) ---
2026-05-02 06:25:01,447 -     [P4.2] Pair (7,17) giảm 180 -> BEST = 26871
2026-05-02 06:25:12,123 -   --- Pairwise Iter 3 (còn 740s) ---
2026-05-02 06:28:48,274 -     [P4.2] Pair (8,11) giảm 532 -> BEST = 26339
2026-05-02 06:28:49,540 -   --- Pairwise Iter 4 (còn 522s) ---
2026-05-02 06:32:25,688 -     [P4.2] Pair (7,11) giảm 3 -> BEST = 26336
2026-05-02 06:32:28,487 -   --- Pairwise Iter 5 (còn 303s) ---
2026-05-02 06:36:04,637 -     [P4.2] Pair (7,11) giảm 42 -> BEST = 26294
2026-05-02 06:36:07,932 -   --- Pairwise Iter 6 (còn 84s) ---
2026-05-02 06:37:29,957 -     -> Đã đạt cực trị toàn cục cho mọi cặp dưới ngưỡng. KẾT THÚC CHẶNG 4.
2026-05-02 06:37:29,957 - Hoàn thành trong 1198.1s. Final Cost: 26294
2026-05-02 06:37:29,957 - ======================================================================
2026-05-02 06:37:29,957 - BÁO CÁO TỔNG KẾT (SUMMARY)
2026-05-02 06:37:29,957 - ======================================================================
2026-05-02 06:37:29,957 -   1. Chi phí Clarke-Wright:     28923
2026-05-02 06:37:29,957 -   2. Chi phí sau Gurobi MIP:    26294
2026-05-02 06:37:29,957 -   => TỔNG CẢI THIỆN:            2629
2026-05-02 06:37:29,958 -   => Số lần Gurobi Single cải thiện  : 19 lần
2026-05-02 06:37:29,958 -   => Số lần Gurobi Pairwise cải thiện: 5 lần
2026-05-02 06:37:29,958 -   => TỔNG THỜI GIAN CHẠY:       1198.102s
2026-05-02 06:37:29,962 - ======================================================================
2026-05-02 06:37:29,963 - GUROBI MIP SOLVER  |  FILE: X-n209-k16.vrp
2026-05-02 06:37:29,963 - ======================================================================
2026-05-02 06:37:30,032 - Thông tin dữ liệu: Dimension=209, K=16, Capacity=101
2026-05-02 06:37:30,032 - --- Step 1: Clarke-Wright Heuristic ---
2026-05-02 06:37:30,080 -   Kết quả CW: Cost = 39478, Time = 0.049s
2026-05-02 06:37:30,081 - --- Step 2: Advanced Optimization (Gurobi MIP) ---
2026-05-02 06:37:30,081 - =========================================
2026-05-02 06:37:30,081 - BẮT ĐẦU OPTIMIZE  (100% Gurobi MIP)
2026-05-02 06:37:30,081 -  -> Max Single Size  : 32
2026-05-02 06:37:30,081 -  -> Single Timeout   : 40.0s
2026-05-02 06:37:30,081 -  -> Max Pairwise Size: 28
2026-05-02 06:37:30,081 -  -> Pairwise Timeout : 131.0s
2026-05-02 06:37:30,081 -  -> Global Timeout   : 1200.0s
2026-05-02 06:37:30,081 -  -> Chi phí khởi điểm: 39478
2026-05-02 06:37:30,081 - =========================================
2026-05-02 06:37:30,081 - === BẮT ĐẦU CHẶNG 4: GUROBI MIP CHÍNH XÁC | Cost: 39478 ===
2026-05-02 06:37:30,081 -   [GĐ 4.1] Giải bài toán TSP trên từng tuyến đơn...
2026-05-02 06:40:00,778 -     -> Single Gurobi cải thiện: 2874. Cost mới: 36604
2026-05-02 06:40:00,779 -   [GĐ 4.2] Xét từng cặp tuyến để phân bổ lại khách hàng...
2026-05-02 06:40:00,779 -   --- Pairwise Iter 1 (còn 1049s) ---
2026-05-02 06:42:11,879 -     [P4.2] Pair (9,12) giảm 119 -> BEST = 36485
2026-05-02 06:42:13,233 -       [S-re] Route 9: 1554 → 1505  (−49) | BEST = 36436
2026-05-02 06:42:53,297 -       [S-re] Route 12: 2235 → 2226  (−9) | BEST = 36427
2026-05-02 06:42:53,298 -   --- Pairwise Iter 2 (còn 877s) ---
2026-05-02 06:46:25,993 -     [P4.2] Pair (11,14) giảm 292 -> BEST = 36135
2026-05-02 06:46:26,259 -   --- Pairwise Iter 3 (còn 664s) ---
2026-05-02 06:50:48,414 -     [P4.2] Pair (4,5) giảm 585 -> BEST = 35550
2026-05-02 06:51:50,790 -   --- Pairwise Iter 4 (còn 339s) ---
2026-05-02 06:56:12,958 -     [P4.2] Pair (9,15) giảm 7 -> BEST = 35543
2026-05-02 06:56:53,646 -   --- Pairwise Iter 5 (còn 36s) ---
2026-05-02 06:57:28,123 -     -> Đã đạt cực trị toàn cục cho mọi cặp dưới ngưỡng. KẾT THÚC CHẶNG 4.
2026-05-02 06:57:28,123 - Hoàn thành trong 1198.0s. Final Cost: 35543
2026-05-02 06:57:28,123 - ======================================================================
2026-05-02 06:57:28,123 - BÁO CÁO TỔNG KẾT (SUMMARY)
2026-05-02 06:57:28,123 - ======================================================================
2026-05-02 06:57:28,123 -   1. Chi phí Clarke-Wright:     39478
2026-05-02 06:57:28,123 -   2. Chi phí sau Gurobi MIP:    35543
2026-05-02 06:57:28,123 -   => TỔNG CẢI THIỆN:            3935
2026-05-02 06:57:28,123 -   => Số lần Gurobi Single cải thiện  : 18 lần
2026-05-02 06:57:28,123 -   => Số lần Gurobi Pairwise cải thiện: 4 lần
2026-05-02 06:57:28,123 -   => TỔNG THỜI GIAN CHẠY:       1198.091s
2026-05-02 06:57:28,128 - ======================================================================
2026-05-02 06:57:28,128 - GUROBI MIP SOLVER  |  FILE: X-n214-k11.vrp
2026-05-02 06:57:28,128 - ======================================================================
2026-05-02 06:57:28,197 - Thông tin dữ liệu: Dimension=214, K=11, Capacity=944
2026-05-02 06:57:28,197 - --- Step 1: Clarke-Wright Heuristic ---
2026-05-02 06:57:28,250 -   Kết quả CW: Cost = 15887, Time = 0.052s
2026-05-02 06:57:28,250 - --- Step 2: Advanced Optimization (Gurobi MIP) ---
2026-05-02 06:57:28,250 - =========================================
2026-05-02 06:57:28,250 - BẮT ĐẦU OPTIMIZE  (100% Gurobi MIP)
2026-05-02 06:57:28,250 -  -> Max Single Size  : 35
2026-05-02 06:57:28,250 -  -> Single Timeout   : 40.0s
2026-05-02 06:57:28,250 -  -> Max Pairwise Size: 28
2026-05-02 06:57:28,250 -  -> Pairwise Timeout : 150.0s
2026-05-02 06:57:28,250 -  -> Global Timeout   : 1200.0s
2026-05-02 06:57:28,250 -  -> Chi phí khởi điểm: 15887
2026-05-02 06:57:28,250 - =========================================
2026-05-02 06:57:28,250 - === BẮT ĐẦU CHẶNG 4: GUROBI MIP CHÍNH XÁC | Cost: 15887 ===
2026-05-02 06:57:28,250 -   [GĐ 4.1] Giải bài toán TSP trên từng tuyến đơn...
2026-05-02 07:01:31,641 -     -> Single Gurobi cải thiện: 2010. Cost mới: 13877
2026-05-02 07:01:31,641 -   [GĐ 4.2] Xét từng cặp tuyến để phân bổ lại khách hàng...
2026-05-02 07:01:31,641 -   --- Pairwise Iter 1 (còn 957s) ---
2026-05-02 07:01:31,645 -     -> Đã đạt cực trị toàn cục cho mọi cặp dưới ngưỡng. KẾT THÚC CHẶNG 4.
2026-05-02 07:01:31,645 - Hoàn thành trong 243.4s. Final Cost: 13877
2026-05-02 07:01:31,645 - ======================================================================
2026-05-02 07:01:31,645 - BÁO CÁO TỔNG KẾT (SUMMARY)
2026-05-02 07:01:31,645 - ======================================================================
2026-05-02 07:01:31,645 -   1. Chi phí Clarke-Wright:     15887
2026-05-02 07:01:31,645 -   2. Chi phí sau Gurobi MIP:    13877
2026-05-02 07:01:31,645 -   => TỔNG CẢI THIỆN:            2010
2026-05-02 07:01:31,645 -   => Số lần Gurobi Single cải thiện  : 11 lần
2026-05-02 07:01:31,645 -   => Số lần Gurobi Pairwise cải thiện: 0 lần
2026-05-02 07:01:31,645 -   => TỔNG THỜI GIAN CHẠY:       243.448s
2026-05-02 07:01:31,651 - ======================================================================
2026-05-02 07:01:31,651 - GUROBI MIP SOLVER  |  FILE: X-n219-k73.vrp
2026-05-02 07:01:31,651 - ======================================================================
2026-05-02 07:01:31,728 - Thông tin dữ liệu: Dimension=219, K=73, Capacity=3
2026-05-02 07:01:31,728 - --- Step 1: Clarke-Wright Heuristic ---
2026-05-02 07:01:31,758 -   Kết quả CW: Cost = 118801, Time = 0.030s
2026-05-02 07:01:31,758 - --- Step 2: Advanced Optimization (Gurobi MIP) ---
2026-05-02 07:01:31,758 - =========================================
2026-05-02 07:01:31,758 - BẮT ĐẦU OPTIMIZE  (100% Gurobi MIP)
2026-05-02 07:01:31,758 -  -> Max Single Size  : 20
2026-05-02 07:01:31,759 -  -> Single Timeout   : 40.0s
2026-05-02 07:01:31,759 -  -> Max Pairwise Size: 16
2026-05-02 07:01:31,759 -  -> Pairwise Timeout : 40.0s
2026-05-02 07:01:31,759 -  -> Global Timeout   : 1200.0s
2026-05-02 07:01:31,759 -  -> Chi phí khởi điểm: 118801
2026-05-02 07:01:31,759 - =========================================
2026-05-02 07:01:31,759 - === BẮT ĐẦU CHẶNG 4: GUROBI MIP CHÍNH XÁC | Cost: 118801 ===
2026-05-02 07:01:31,759 -   [GĐ 4.1] Giải bài toán TSP trên từng tuyến đơn...
2026-05-02 07:01:32,631 -     -> Single Gurobi cải thiện: 260. Cost mới: 118541
2026-05-02 07:01:32,632 -   [GĐ 4.2] Xét từng cặp tuyến để phân bổ lại khách hàng...
2026-05-02 07:01:32,632 -   --- Pairwise Iter 1 (còn 1199s) ---
2026-05-02 07:01:33,486 -     [P4.2] Pair (12,42) giảm 15 -> BEST = 118526
2026-05-02 07:01:33,510 -   --- Pairwise Iter 2 (còn 1198s) ---
2026-05-02 07:01:34,344 -     [P4.2] Pair (47,60) giảm 21 -> BEST = 118505
2026-05-02 07:01:34,368 -   --- Pairwise Iter 3 (còn 1197s) ---
2026-05-02 07:01:35,151 -     [P4.2] Pair (8,61) giảm 17 -> BEST = 118488
2026-05-02 07:01:35,175 -   --- Pairwise Iter 4 (còn 1197s) ---
2026-05-02 07:01:36,008 -     [P4.2] Pair (13,43) giảm 28 -> BEST = 118460
2026-05-02 07:01:36,032 -   --- Pairwise Iter 5 (còn 1196s) ---
2026-05-02 07:01:36,132 -     [P4.2] Pair (33,43) giảm 11 -> BEST = 118449
2026-05-02 07:01:36,156 -   --- Pairwise Iter 6 (còn 1196s) ---
2026-05-02 07:01:37,198 -     [P4.2] Pair (39,68) giảm 52 -> BEST = 118397
2026-05-02 07:01:37,223 -   --- Pairwise Iter 7 (còn 1195s) ---
2026-05-02 07:01:38,523 -     [P4.2] Pair (22,64) giảm 20 -> BEST = 118377
2026-05-02 07:01:38,547 -   --- Pairwise Iter 8 (còn 1193s) ---
2026-05-02 07:01:39,951 -     [P4.2] Pair (14,40) giảm 44 -> BEST = 118333
2026-05-02 07:01:39,975 -   --- Pairwise Iter 9 (còn 1192s) ---
2026-05-02 07:01:42,203 -     [P4.2] Pair (26,32) giảm 13 -> BEST = 118320
2026-05-02 07:01:42,227 -   --- Pairwise Iter 10 (còn 1190s) ---
2026-05-02 07:01:42,574 -     [P4.2] Pair (32,43) giảm 13 -> BEST = 118307
2026-05-02 07:01:42,598 -   --- Pairwise Iter 11 (còn 1189s) ---
2026-05-02 07:01:42,904 -     [P4.2] Pair (43,62) giảm 12 -> BEST = 118295
2026-05-02 07:01:42,928 -   --- Pairwise Iter 12 (còn 1189s) ---
2026-05-02 07:01:45,126 -     [P4.2] Pair (52,53) giảm 27 -> BEST = 118268
2026-05-02 07:01:45,150 -   --- Pairwise Iter 13 (còn 1187s) ---
2026-05-02 07:01:47,702 -     [P4.2] Pair (4,61) giảm 36 -> BEST = 118232
2026-05-02 07:01:47,726 -   --- Pairwise Iter 14 (còn 1184s) ---
2026-05-02 07:01:50,631 -     [P4.2] Pair (7,18) giảm 27 -> BEST = 118205
2026-05-02 07:01:50,656 -   --- Pairwise Iter 15 (còn 1181s) ---
2026-05-02 07:01:53,726 -     [P4.2] Pair (15,19) giảm 16 -> BEST = 118189
2026-05-02 07:01:53,750 -   --- Pairwise Iter 16 (còn 1178s) ---
2026-05-02 07:01:57,148 -     [P4.2] Pair (6,59) giảm 11 -> BEST = 118178
2026-05-02 07:01:57,172 -   --- Pairwise Iter 17 (còn 1175s) ---
2026-05-02 07:02:01,120 -     [P4.2] Pair (27,56) giảm 3 -> BEST = 118175
2026-05-02 07:02:01,144 -   --- Pairwise Iter 18 (còn 1171s) ---
2026-05-02 07:04:09,616 -     -> Đã đạt cực trị toàn cục cho mọi cặp dưới ngưỡng. KẾT THÚC CHẶNG 4.
2026-05-02 07:04:09,616 - Hoàn thành trong 157.9s. Final Cost: 118175
2026-05-02 07:04:09,616 - ======================================================================
2026-05-02 07:04:09,616 - BÁO CÁO TỔNG KẾT (SUMMARY)
2026-05-02 07:04:09,616 - ======================================================================
2026-05-02 07:04:09,616 -   1. Chi phí Clarke-Wright:     118801
2026-05-02 07:04:09,616 -   2. Chi phí sau Gurobi MIP:    118175
2026-05-02 07:04:09,617 -   => TỔNG CẢI THIỆN:            626
2026-05-02 07:04:09,617 -   => Số lần Gurobi Single cải thiện  : 28 lần
2026-05-02 07:04:09,617 -   => Số lần Gurobi Pairwise cải thiện: 17 lần
2026-05-02 07:04:09,617 -   => TỔNG THỜI GIAN CHẠY:       157.888s
2026-05-02 07:04:09,622 - ======================================================================
2026-05-02 07:04:09,622 - GUROBI MIP SOLVER  |  FILE: X-n223-k34.vrp
2026-05-02 07:04:09,622 - ======================================================================
2026-05-02 07:04:09,697 - Thông tin dữ liệu: Dimension=223, K=34, Capacity=37
2026-05-02 07:04:09,697 - --- Step 1: Clarke-Wright Heuristic ---
2026-05-02 07:04:09,742 -   Kết quả CW: Cost = 55499, Time = 0.045s
2026-05-02 07:04:09,742 - --- Step 2: Advanced Optimization (Gurobi MIP) ---
2026-05-02 07:04:09,742 - =========================================
2026-05-02 07:04:09,742 - BẮT ĐẦU OPTIMIZE  (100% Gurobi MIP)
2026-05-02 07:04:09,742 -  -> Max Single Size  : 20
2026-05-02 07:04:09,742 -  -> Single Timeout   : 40.0s
2026-05-02 07:04:09,742 -  -> Max Pairwise Size: 22
2026-05-02 07:04:09,742 -  -> Pairwise Timeout : 66.0s
2026-05-02 07:04:09,742 -  -> Global Timeout   : 1200.0s
2026-05-02 07:04:09,742 -  -> Chi phí khởi điểm: 55499
2026-05-02 07:04:09,742 - =========================================
2026-05-02 07:04:09,742 - === BẮT ĐẦU CHẶNG 4: GUROBI MIP CHÍNH XÁC | Cost: 55499 ===
2026-05-02 07:04:09,742 -   [GĐ 4.1] Giải bài toán TSP trên từng tuyến đơn...
2026-05-02 07:04:11,764 -     -> Single Gurobi cải thiện: 2324. Cost mới: 53175
2026-05-02 07:04:11,764 -   [GĐ 4.2] Xét từng cặp tuyến để phân bổ lại khách hàng...
2026-05-02 07:04:11,764 -   --- Pairwise Iter 1 (còn 1198s) ---
2026-05-02 07:06:00,644 -     [P4.2] Pair (3,29) giảm 616 -> BEST = 52559
2026-05-02 07:06:00,759 -   --- Pairwise Iter 2 (còn 1089s) ---
2026-05-02 07:08:20,235 -     [P4.2] Pair (0,31) giảm 12 -> BEST = 52547
2026-05-02 07:08:20,340 -   --- Pairwise Iter 3 (còn 949s) ---
2026-05-02 07:11:14,964 -     [P4.2] Pair (1,6) giảm 36 -> BEST = 52511
2026-05-02 07:11:16,068 -   --- Pairwise Iter 4 (còn 774s) ---
2026-05-02 07:14:10,689 -     [P4.2] Pair (3,16) giảm 145 -> BEST = 52366
2026-05-02 07:14:10,845 -   --- Pairwise Iter 5 (còn 599s) ---
2026-05-02 07:16:33,461 -     [P4.2] Pair (12,33) giảm 8 -> BEST = 52358
2026-05-02 07:16:33,547 -   --- Pairwise Iter 6 (còn 456s) ---
2026-05-02 07:20:01,825 -     [P4.2] Pair (11,33) giảm 26 -> BEST = 52332
2026-05-02 07:20:01,910 -   --- Pairwise Iter 7 (còn 248s) ---
2026-05-02 07:23:36,978 -     [P4.2] Pair (12,20) giảm 13 -> BEST = 52319
2026-05-02 07:23:37,043 -   --- Pairwise Iter 8 (còn 33s) ---
2026-05-02 07:24:07,771 -     -> Đã đạt cực trị toàn cục cho mọi cặp dưới ngưỡng. KẾT THÚC CHẶNG 4.
2026-05-02 07:24:07,771 - Hoàn thành trong 1198.0s. Final Cost: 52319
2026-05-02 07:24:07,772 - ======================================================================
2026-05-02 07:24:07,772 - BÁO CÁO TỔNG KẾT (SUMMARY)
2026-05-02 07:24:07,772 - ======================================================================
2026-05-02 07:24:07,772 -   1. Chi phí Clarke-Wright:     55499
2026-05-02 07:24:07,772 -   2. Chi phí sau Gurobi MIP:    52319
2026-05-02 07:24:07,772 -   => TỔNG CẢI THIỆN:            3180
2026-05-02 07:24:07,772 -   => Số lần Gurobi Single cải thiện  : 26 lần
2026-05-02 07:24:07,772 -   => Số lần Gurobi Pairwise cải thiện: 7 lần
2026-05-02 07:24:07,772 -   => TỔNG THỜI GIAN CHẠY:       1198.074s
2026-05-02 07:24:07,774 - ======================================================================
2026-05-02 07:24:07,774 - GUROBI MIP SOLVER  |  FILE: X-n228-k23.vrp
2026-05-02 07:24:07,774 - ======================================================================
2026-05-02 07:24:07,850 - Thông tin dữ liệu: Dimension=228, K=23, Capacity=154
2026-05-02 07:24:07,850 - --- Step 1: Clarke-Wright Heuristic ---
2026-05-02 07:24:07,908 -   Kết quả CW: Cost = 33806, Time = 0.058s
2026-05-02 07:24:07,908 - --- Step 2: Advanced Optimization (Gurobi MIP) ---
2026-05-02 07:24:07,908 - =========================================
2026-05-02 07:24:07,908 - BẮT ĐẦU OPTIMIZE  (100% Gurobi MIP)
2026-05-02 07:24:07,908 -  -> Max Single Size  : 24
2026-05-02 07:24:07,908 -  -> Single Timeout   : 40.0s
2026-05-02 07:24:07,908 -  -> Max Pairwise Size: 28
2026-05-02 07:24:07,908 -  -> Pairwise Timeout : 100.0s
2026-05-02 07:24:07,908 -  -> Global Timeout   : 1200.0s
2026-05-02 07:24:07,908 -  -> Chi phí khởi điểm: 33806
2026-05-02 07:24:07,908 - =========================================
2026-05-02 07:24:07,908 - === BẮT ĐẦU CHẶNG 4: GUROBI MIP CHÍNH XÁC | Cost: 33806 ===
2026-05-02 07:24:07,908 -   [GĐ 4.1] Giải bài toán TSP trên từng tuyến đơn...
2026-05-02 07:27:53,199 -     -> Single Gurobi cải thiện: 2035. Cost mới: 31771
2026-05-02 07:27:53,199 -   [GĐ 4.2] Xét từng cặp tuyến để phân bổ lại khách hàng...
2026-05-02 07:27:53,199 -   --- Pairwise Iter 1 (còn 975s) ---
2026-05-02 07:29:33,304 -     [P4.2] Pair (0,10) giảm 12 -> BEST = 31759
2026-05-02 07:29:33,337 -       [S-re] Route 0: 1911 → 1906  (−5) | BEST = 31754
2026-05-02 07:29:33,591 -   --- Pairwise Iter 2 (còn 874s) ---
2026-05-02 07:32:53,735 -     [P4.2] Pair (8,9) giảm 77 -> BEST = 31677
2026-05-02 07:32:54,465 -   --- Pairwise Iter 3 (còn 673s) ---
2026-05-02 07:36:14,623 -     [P4.2] Pair (5,19) giảm 7 -> BEST = 31670
2026-05-02 07:37:00,644 -   --- Pairwise Iter 4 (còn 427s) ---
2026-05-02 07:40:20,800 -     [P4.2] Pair (19,22) giảm 26 -> BEST = 31644
2026-05-02 07:40:35,520 -   --- Pairwise Iter 5 (còn 212s) ---
2026-05-02 07:44:05,948 -     [P4.2] Pair (7,18) giảm 178 -> BEST = 31466
2026-05-02 07:44:05,948 -   --- Pairwise Iter 6 (còn 2s) ---
2026-05-02 07:44:05,958 -     -> Đã đạt cực trị toàn cục cho mọi cặp dưới ngưỡng. KẾT THÚC CHẶNG 4.
2026-05-02 07:44:05,958 - Hoàn thành trong 1198.1s. Final Cost: 31466
2026-05-02 07:44:05,958 - ======================================================================
2026-05-02 07:44:05,958 - BÁO CÁO TỔNG KẾT (SUMMARY)
2026-05-02 07:44:05,958 - ======================================================================
2026-05-02 07:44:05,958 -   1. Chi phí Clarke-Wright:     33806
2026-05-02 07:44:05,958 -   2. Chi phí sau Gurobi MIP:    31466
2026-05-02 07:44:05,958 -   => TỔNG CẢI THIỆN:            2340
2026-05-02 07:44:05,958 -   => Số lần Gurobi Single cải thiện  : 23 lần
2026-05-02 07:44:05,958 -   => Số lần Gurobi Pairwise cải thiện: 5 lần
2026-05-02 07:44:05,958 -   => TỔNG THỜI GIAN CHẠY:       1198.108s
2026-05-02 07:44:05,960 - ======================================================================
2026-05-02 07:44:05,960 - GUROBI MIP SOLVER  |  FILE: X-n233-k16.vrp
2026-05-02 07:44:05,960 - ======================================================================
2026-05-02 07:44:06,039 - Thông tin dữ liệu: Dimension=233, K=16, Capacity=631
2026-05-02 07:44:06,039 - --- Step 1: Clarke-Wright Heuristic ---
2026-05-02 07:44:06,156 -   Kết quả CW: Cost = 111784, Time = 0.117s
2026-05-02 07:44:06,157 - --- Step 2: Advanced Optimization (Gurobi MIP) ---
2026-05-02 07:44:06,157 - =========================================
2026-05-02 07:44:06,157 - BẮT ĐẦU OPTIMIZE  (100% Gurobi MIP)
2026-05-02 07:44:06,157 -  -> Max Single Size  : 35
2026-05-02 07:44:06,157 -  -> Single Timeout   : 40.0s
2026-05-02 07:44:06,157 -  -> Max Pairwise Size: 28
2026-05-02 07:44:06,157 -  -> Pairwise Timeout : 146.0s
2026-05-02 07:44:06,157 -  -> Global Timeout   : 1200.0s
2026-05-02 07:44:06,157 -  -> Chi phí khởi điểm: 111784
2026-05-02 07:44:06,157 - =========================================
2026-05-02 07:44:06,157 - === BẮT ĐẦU CHẶNG 4: GUROBI MIP CHÍNH XÁC | Cost: 111784 ===
2026-05-02 07:44:06,157 -   [GĐ 4.1] Giải bài toán TSP trên từng tuyến đơn...
2026-05-02 07:45:30,211 -     -> Single Gurobi cải thiện: 43052. Cost mới: 68732
2026-05-02 07:45:30,211 -   [GĐ 4.2] Xét từng cặp tuyến để phân bổ lại khách hàng...
2026-05-02 07:45:30,211 -   --- Pairwise Iter 1 (còn 1116s) ---
2026-05-02 07:46:05,754 -     [P4.2] Pair (1,7) giảm 721 -> BEST = 68011
2026-05-02 07:46:06,010 -   --- Pairwise Iter 2 (còn 1080s) ---
2026-05-02 07:48:32,047 -     [P4.2] Pair (1,6) giảm 363 -> BEST = 67648
2026-05-02 07:48:32,192 -   --- Pairwise Iter 3 (còn 934s) ---
2026-05-02 07:51:03,379 -     [P4.2] Pair (2,4) giảm 114 -> BEST = 67534
2026-05-02 07:51:03,413 -   --- Pairwise Iter 4 (còn 783s) ---
2026-05-02 07:55:55,511 -     [P4.2] Pair (9,12) giảm 227 -> BEST = 67307
2026-05-02 07:55:55,959 -   --- Pairwise Iter 5 (còn 490s) ---
2026-05-02 08:00:48,069 -     [P4.2] Pair (11,12) giảm 717 -> BEST = 66590
2026-05-02 08:00:48,578 -   --- Pairwise Iter 6 (còn 198s) ---
2026-05-02 08:04:04,191 -     [P4.2] Pair (3,9) giảm 604 -> BEST = 65986
2026-05-02 08:04:04,191 -   --- Pairwise Iter 7 (còn 2s) ---
2026-05-02 08:04:04,196 -     -> Đã đạt cực trị toàn cục cho mọi cặp dưới ngưỡng. KẾT THÚC CHẶNG 4.
2026-05-02 08:04:04,196 - Hoàn thành trong 1198.0s. Final Cost: 65986
2026-05-02 08:04:04,196 - ======================================================================
2026-05-02 08:04:04,196 - BÁO CÁO TỔNG KẾT (SUMMARY)
2026-05-02 08:04:04,196 - ======================================================================
2026-05-02 08:04:04,196 -   1. Chi phí Clarke-Wright:     111784
2026-05-02 08:04:04,196 -   2. Chi phí sau Gurobi MIP:    65986
2026-05-02 08:04:04,196 -   => TỔNG CẢI THIỆN:            45798
2026-05-02 08:04:04,196 -   => Số lần Gurobi Single cải thiện  : 15 lần
2026-05-02 08:04:04,196 -   => Số lần Gurobi Pairwise cải thiện: 6 lần
2026-05-02 08:04:04,196 -   => TỔNG THỜI GIAN CHẠY:       1198.156s
2026-05-02 08:04:04,201 - ======================================================================
2026-05-02 08:04:04,202 - GUROBI MIP SOLVER  |  FILE: X-n237-k14.vrp
2026-05-02 08:04:04,202 - ======================================================================
2026-05-02 08:04:04,290 - Thông tin dữ liệu: Dimension=237, K=14, Capacity=18
2026-05-02 08:04:04,290 - --- Step 1: Clarke-Wright Heuristic ---
2026-05-02 08:04:04,370 -   Kết quả CW: Cost = 35645, Time = 0.080s
2026-05-02 08:04:04,370 - --- Step 2: Advanced Optimization (Gurobi MIP) ---
2026-05-02 08:04:04,370 - =========================================
2026-05-02 08:04:04,370 - BẮT ĐẦU OPTIMIZE  (100% Gurobi MIP)
2026-05-02 08:04:04,370 -  -> Max Single Size  : 35
2026-05-02 08:04:04,370 -  -> Single Timeout   : 40.0s
2026-05-02 08:04:04,370 -  -> Max Pairwise Size: 28
2026-05-02 08:04:04,370 -  -> Pairwise Timeout : 150.0s
2026-05-02 08:04:04,370 -  -> Global Timeout   : 1200.0s
2026-05-02 08:04:04,370 -  -> Chi phí khởi điểm: 35645
2026-05-02 08:04:04,370 - =========================================
2026-05-02 08:04:04,370 - === BẮT ĐẦU CHẶNG 4: GUROBI MIP CHÍNH XÁC | Cost: 35645 ===
2026-05-02 08:04:04,370 -   [GĐ 4.1] Giải bài toán TSP trên từng tuyến đơn...
2026-05-02 08:08:55,821 -     -> Single Gurobi cải thiện: 2774. Cost mới: 32871
2026-05-02 08:08:55,821 -   [GĐ 4.2] Xét từng cặp tuyến để phân bổ lại khách hàng...
2026-05-02 08:08:55,822 -   --- Pairwise Iter 1 (còn 909s) ---
2026-05-02 08:11:25,900 -     [P4.2] Pair (3,10) giảm 125 -> BEST = 32746
2026-05-02 08:12:05,940 -       [S-re] Route 3: 2259 → 2251  (−8) | BEST = 32738
2026-05-02 08:12:06,053 -   --- Pairwise Iter 2 (còn 718s) ---
2026-05-02 08:14:36,135 -     [P4.2] Pair (3,10) giảm 1 -> BEST = 32737
2026-05-02 08:15:17,187 -   --- Pairwise Iter 3 (còn 527s) ---
2026-05-02 08:20:17,359 -     [P4.2] Pair (3,12) giảm 89 -> BEST = 32648
2026-05-02 08:20:57,441 -   --- Pairwise Iter 4 (còn 187s) ---
2026-05-02 08:24:02,576 -     -> Đã đạt cực trị toàn cục cho mọi cặp dưới ngưỡng. KẾT THÚC CHẶNG 4.
2026-05-02 08:24:02,576 - Hoàn thành trong 1198.2s. Final Cost: 32648
2026-05-02 08:24:02,576 - ======================================================================
2026-05-02 08:24:02,576 - BÁO CÁO TỔNG KẾT (SUMMARY)
2026-05-02 08:24:02,576 - ======================================================================
2026-05-02 08:24:02,576 -   1. Chi phí Clarke-Wright:     35645
2026-05-02 08:24:02,576 -   2. Chi phí sau Gurobi MIP:    32648
2026-05-02 08:24:02,577 -   => TỔNG CẢI THIỆN:            2997
2026-05-02 08:24:02,577 -   => Số lần Gurobi Single cải thiện  : 15 lần
2026-05-02 08:24:02,577 -   => Số lần Gurobi Pairwise cải thiện: 3 lần
2026-05-02 08:24:02,577 -   => TỔNG THỜI GIAN CHẠY:       1198.286s
2026-05-02 08:24:02,581 - ======================================================================
2026-05-02 08:24:02,582 - GUROBI MIP SOLVER  |  FILE: X-n242-k48.vrp
2026-05-02 08:24:02,582 - ======================================================================
2026-05-02 08:24:02,668 - Thông tin dữ liệu: Dimension=242, K=48, Capacity=28
2026-05-02 08:24:02,668 - --- Step 1: Clarke-Wright Heuristic ---
2026-05-02 08:24:02,731 -   Kết quả CW: Cost = 98297, Time = 0.063s
2026-05-02 08:24:02,731 - --- Step 2: Advanced Optimization (Gurobi MIP) ---
2026-05-02 08:24:02,731 - =========================================
2026-05-02 08:24:02,731 - BẮT ĐẦU OPTIMIZE  (100% Gurobi MIP)
2026-05-02 08:24:02,731 -  -> Max Single Size  : 20
2026-05-02 08:24:02,731 -  -> Single Timeout   : 40.0s
2026-05-02 08:24:02,731 -  -> Max Pairwise Size: 17
2026-05-02 08:24:02,731 -  -> Pairwise Timeout : 51.0s
2026-05-02 08:24:02,731 -  -> Global Timeout   : 1200.0s
2026-05-02 08:24:02,732 -  -> Chi phí khởi điểm: 98297
2026-05-02 08:24:02,732 - =========================================
2026-05-02 08:24:02,732 - === BẮT ĐẦU CHẶNG 4: GUROBI MIP CHÍNH XÁC | Cost: 98297 ===
2026-05-02 08:24:02,732 -   [GĐ 4.1] Giải bài toán TSP trên từng tuyến đơn...
2026-05-02 08:24:04,143 -     -> Single Gurobi cải thiện: 5103. Cost mới: 93194
2026-05-02 08:24:04,143 -   [GĐ 4.2] Xét từng cặp tuyến để phân bổ lại khách hàng...
2026-05-02 08:24:04,143 -   --- Pairwise Iter 1 (còn 1199s) ---
2026-05-02 08:24:06,663 -     [P4.2] Pair (2,35) giảm 60 -> BEST = 93134
2026-05-02 08:24:06,758 -   --- Pairwise Iter 2 (còn 1196s) ---
2026-05-02 08:24:12,287 -     [P4.2] Pair (8,12) giảm 40 -> BEST = 93094
2026-05-02 08:24:12,352 -   --- Pairwise Iter 3 (còn 1190s) ---
2026-05-02 08:24:18,074 -     [P4.2] Pair (23,32) giảm 405 -> BEST = 92689
2026-05-02 08:24:18,098 -   --- Pairwise Iter 4 (còn 1185s) ---
2026-05-02 08:25:14,420 -     [P4.2] Pair (0,17) giảm 12 -> BEST = 92677
2026-05-02 08:25:14,606 -   --- Pairwise Iter 5 (còn 1128s) ---
2026-05-02 08:26:13,909 -     [P4.2] Pair (2,15) giảm 260 -> BEST = 92417
2026-05-02 08:26:14,036 -   --- Pairwise Iter 6 (còn 1069s) ---
2026-05-02 08:27:12,138 -     [P4.2] Pair (13,16) giảm 8 -> BEST = 92409
2026-05-02 08:27:12,192 -   --- Pairwise Iter 7 (còn 1011s) ---
2026-05-02 08:28:13,068 -     [P4.2] Pair (31,34) giảm 202 -> BEST = 92207
2026-05-02 08:28:13,183 -   --- Pairwise Iter 8 (còn 950s) ---
2026-05-02 08:29:14,743 -     [P4.2] Pair (1,39) giảm 73 -> BEST = 92134
2026-05-02 08:29:14,798 -   --- Pairwise Iter 9 (còn 888s) ---
2026-05-02 08:30:15,888 -     [P4.2] Pair (5,13) giảm 20 -> BEST = 92114
2026-05-02 08:30:15,943 -   --- Pairwise Iter 10 (còn 827s) ---
2026-05-02 08:31:17,268 -     [P4.2] Pair (23,47) giảm 43 -> BEST = 92071
2026-05-02 08:31:17,303 -   --- Pairwise Iter 11 (còn 765s) ---
2026-05-02 08:32:28,386 -     [P4.2] Pair (13,20) giảm 102 -> BEST = 91969
2026-05-02 08:32:28,431 -   --- Pairwise Iter 12 (còn 694s) ---
2026-05-02 08:33:51,134 -     [P4.2] Pair (2,41) giảm 212 -> BEST = 91757
2026-05-02 08:33:51,249 -   --- Pairwise Iter 13 (còn 611s) ---
2026-05-02 08:35:41,857 -     [P4.2] Pair (21,41) giảm 92 -> BEST = 91665
2026-05-02 08:35:41,952 -   --- Pairwise Iter 14 (còn 501s) ---
2026-05-02 08:37:41,724 -     [P4.2] Pair (25,38) giảm 149 -> BEST = 91516
2026-05-02 08:37:41,759 -   --- Pairwise Iter 15 (còn 381s) ---
2026-05-02 08:39:46,347 -     [P4.2] Pair (9,24) giảm 1 -> BEST = 91515
2026-05-02 08:39:46,422 -   --- Pairwise Iter 16 (còn 256s) ---
2026-05-02 08:41:44,703 -     [P4.2] Pair (24,40) giảm 3 -> BEST = 91512
2026-05-02 08:41:44,727 -   --- Pairwise Iter 17 (còn 138s) ---
2026-05-02 08:43:46,673 -     [P4.2] Pair (10,11) giảm 66 -> BEST = 91446
2026-05-02 08:43:46,718 -   --- Pairwise Iter 18 (còn 16s) ---
2026-05-02 08:44:00,754 -     -> Đã đạt cực trị toàn cục cho mọi cặp dưới ngưỡng. KẾT THÚC CHẶNG 4.
2026-05-02 08:44:00,754 - Hoàn thành trong 1198.0s. Final Cost: 91446
2026-05-02 08:44:00,754 - ======================================================================
2026-05-02 08:44:00,754 - BÁO CÁO TỔNG KẾT (SUMMARY)
2026-05-02 08:44:00,754 - ======================================================================
2026-05-02 08:44:00,754 -   1. Chi phí Clarke-Wright:     98297
2026-05-02 08:44:00,755 -   2. Chi phí sau Gurobi MIP:    91446
2026-05-02 08:44:00,755 -   => TỔNG CẢI THIỆN:            6851
2026-05-02 08:44:00,755 -   => Số lần Gurobi Single cải thiện  : 35 lần
2026-05-02 08:44:00,755 -   => Số lần Gurobi Pairwise cải thiện: 17 lần
2026-05-02 08:44:00,755 -   => TỔNG THỜI GIAN CHẠY:       1198.086s
2026-05-02 08:44:00,759 - ======================================================================
2026-05-02 08:44:00,760 - GUROBI MIP SOLVER  |  FILE: X-n247-k50.vrp
2026-05-02 08:44:00,760 - ======================================================================
2026-05-02 08:44:00,849 - Thông tin dữ liệu: Dimension=247, K=50, Capacity=134
2026-05-02 08:44:00,849 - --- Step 1: Clarke-Wright Heuristic ---
2026-05-02 08:44:02,458 -   Kết quả CW: Cost = 79089, Time = 1.609s
2026-05-02 08:44:02,458 - --- Step 2: Advanced Optimization (Gurobi MIP) ---
2026-05-02 08:44:02,458 - =========================================
2026-05-02 08:44:02,458 - BẮT ĐẦU OPTIMIZE  (100% Gurobi MIP)
2026-05-02 08:44:02,458 -  -> Max Single Size  : 20
2026-05-02 08:44:02,458 -  -> Single Timeout   : 40.0s
2026-05-02 08:44:02,458 -  -> Max Pairwise Size: 17
2026-05-02 08:44:02,458 -  -> Pairwise Timeout : 50.0s
2026-05-02 08:44:02,458 -  -> Global Timeout   : 1200.0s
2026-05-02 08:44:02,458 -  -> Chi phí khởi điểm: 79089
2026-05-02 08:44:02,458 - =========================================
2026-05-02 08:44:02,458 - === BẮT ĐẦU CHẶNG 4: GUROBI MIP CHÍNH XÁC | Cost: 79089 ===
2026-05-02 08:44:02,458 -   [GĐ 4.1] Giải bài toán TSP trên từng tuyến đơn...
2026-05-02 08:44:04,079 -     -> Single Gurobi cải thiện: 21387. Cost mới: 57702
2026-05-02 08:44:04,079 -   [GĐ 4.2] Xét từng cặp tuyến để phân bổ lại khách hàng...
2026-05-02 08:44:04,079 -   --- Pairwise Iter 1 (còn 1198s) ---
2026-05-02 08:44:04,356 -     [P4.2] Pair (9,27) giảm 270 -> BEST = 57432
2026-05-02 08:44:04,380 -   --- Pairwise Iter 2 (còn 1198s) ---
2026-05-02 08:44:12,832 -     [P4.2] Pair (1,19) giảm 493 -> BEST = 56939
2026-05-02 08:44:12,887 -   --- Pairwise Iter 3 (còn 1190s) ---
2026-05-02 08:45:02,922 -     [P4.2] Pair (8,19) giảm 91 -> BEST = 56848
2026-05-02 08:45:02,977 -   --- Pairwise Iter 4 (còn 1139s) ---
2026-05-02 08:45:09,830 -     [P4.2] Pair (0,1) giảm 189 -> BEST = 56659
2026-05-02 08:45:09,885 -   --- Pairwise Iter 5 (còn 1133s) ---
2026-05-02 08:45:11,504 -     [P4.2] Pair (1,15) giảm 75 -> BEST = 56584
2026-05-02 08:45:11,548 -   --- Pairwise Iter 6 (còn 1131s) ---
2026-05-02 08:45:12,843 -     [P4.2] Pair (3,10) giảm 414 -> BEST = 56170
2026-05-02 08:45:12,878 -   --- Pairwise Iter 7 (còn 1130s) ---
2026-05-02 08:46:03,930 -     [P4.2] Pair (8,17) giảm 228 -> BEST = 55942
2026-05-02 08:46:04,388 -   --- Pairwise Iter 8 (còn 1078s) ---
2026-05-02 08:46:08,558 -     [P4.2] Pair (2,6) giảm 225 -> BEST = 55717
2026-05-02 08:46:08,592 -   --- Pairwise Iter 9 (còn 1074s) ---
2026-05-02 08:46:42,965 -     [P4.2] Pair (7,17) giảm 274 -> BEST = 55443
2026-05-02 08:46:43,020 -   --- Pairwise Iter 10 (còn 1039s) ---
2026-05-02 08:46:47,436 -     [P4.2] Pair (20,23) giảm 113 -> BEST = 55330
2026-05-02 08:46:47,529 -   --- Pairwise Iter 11 (còn 1035s) ---
2026-05-02 08:46:54,187 -     [P4.2] Pair (3,6) giảm 63 -> BEST = 55267
2026-05-02 08:46:54,252 -   --- Pairwise Iter 12 (còn 1028s) ---
2026-05-02 08:47:04,593 -     [P4.2] Pair (10,14) giảm 69 -> BEST = 55198
2026-05-02 08:47:04,648 -   --- Pairwise Iter 13 (còn 1018s) ---
2026-05-02 08:47:10,227 -     [P4.2] Pair (17,27) giảm 55 -> BEST = 55143
2026-05-02 08:47:10,282 -   --- Pairwise Iter 14 (còn 1012s) ---
2026-05-02 08:47:10,464 -     [P4.2] Pair (17,47) giảm 381 -> BEST = 54762
2026-05-02 08:47:10,528 -   --- Pairwise Iter 15 (còn 1012s) ---
2026-05-02 08:47:28,735 -     [P4.2] Pair (0,1) giảm 6 -> BEST = 54756
2026-05-02 08:47:28,840 -   --- Pairwise Iter 16 (còn 994s) ---
2026-05-02 08:47:57,857 -     [P4.2] Pair (2,5) giảm 206 -> BEST = 54550
2026-05-02 08:47:57,911 -   --- Pairwise Iter 17 (còn 965s) ---
2026-05-02 08:48:20,375 -     [P4.2] Pair (1,5) giảm 129 -> BEST = 54421
2026-05-02 08:48:20,430 -   --- Pairwise Iter 18 (còn 942s) ---
2026-05-02 08:48:26,416 -     [P4.2] Pair (2,3) giảm 4 -> BEST = 54417
2026-05-02 08:48:26,482 -   --- Pairwise Iter 19 (còn 936s) ---
2026-05-02 08:49:06,604 -     [P4.2] Pair (0,5) giảm 292 -> BEST = 54125
2026-05-02 08:49:06,739 -   --- Pairwise Iter 20 (còn 896s) ---
2026-05-02 08:50:02,378 -     [P4.2] Pair (0,1) giảm 69 -> BEST = 54056
2026-05-02 08:50:02,463 -   --- Pairwise Iter 21 (còn 840s) ---
2026-05-02 08:50:27,603 -     [P4.2] Pair (3,9) giảm 182 -> BEST = 53874
2026-05-02 08:50:27,658 -   --- Pairwise Iter 22 (còn 815s) ---
2026-05-02 08:50:50,005 -     [P4.2] Pair (2,9) giảm 94 -> BEST = 53780
2026-05-02 08:50:50,039 -   --- Pairwise Iter 23 (còn 792s) ---
2026-05-02 08:52:01,380 -     [P4.2] Pair (3,18) giảm 94 -> BEST = 53686
2026-05-02 08:52:01,728 -   --- Pairwise Iter 24 (còn 721s) ---
2026-05-02 08:53:12,992 -     [P4.2] Pair (8,18) giảm 16 -> BEST = 53670
2026-05-02 08:53:13,277 -       [S-re] Route 8: 1133 → 1127  (−6) | BEST = 53664
2026-05-02 08:53:13,481 -   --- Pairwise Iter 25 (còn 649s) ---
2026-05-02 08:54:24,903 -     [P4.2] Pair (3,18) giảm 382 -> BEST = 53282
2026-05-02 08:54:25,311 -   --- Pairwise Iter 26 (còn 577s) ---
2026-05-02 08:54:50,395 -     [P4.2] Pair (4,5) giảm 13 -> BEST = 53269
2026-05-02 08:54:50,469 -   --- Pairwise Iter 27 (còn 552s) ---
2026-05-02 08:55:14,076 -     [P4.2] Pair (5,6) giảm 48 -> BEST = 53221
2026-05-02 08:55:14,222 -   --- Pairwise Iter 28 (còn 528s) ---
2026-05-02 08:55:44,884 -     [P4.2] Pair (7,11) giảm 269 -> BEST = 52952
2026-05-02 08:55:44,979 -   --- Pairwise Iter 29 (còn 497s) ---
2026-05-02 08:56:08,935 -     [P4.2] Pair (14,28) giảm 18 -> BEST = 52934
2026-05-02 08:56:08,948 -   --- Pairwise Iter 30 (còn 474s) ---
2026-05-02 08:56:33,898 -     [P4.2] Pair (4,5) giảm 132 -> BEST = 52802
2026-05-02 08:56:33,933 -   --- Pairwise Iter 31 (còn 449s) ---
2026-05-02 08:57:04,213 -     [P4.2] Pair (4,6) giảm 223 -> BEST = 52579
2026-05-02 08:57:04,429 -   --- Pairwise Iter 32 (còn 418s) ---
2026-05-02 08:58:22,205 -     [P4.2] Pair (5,8) giảm 181 -> BEST = 52398
2026-05-02 08:58:22,472 -   --- Pairwise Iter 33 (còn 340s) ---
2026-05-02 08:59:02,043 -     [P4.2] Pair (10,14) giảm 97 -> BEST = 52301
2026-05-02 08:59:02,179 -   --- Pairwise Iter 34 (còn 300s) ---
2026-05-02 08:59:30,574 -     [P4.2] Pair (14,28) giảm 2 -> BEST = 52299
2026-05-02 08:59:30,619 -   --- Pairwise Iter 35 (còn 272s) ---
2026-05-02 09:00:49,214 -     [P4.2] Pair (11,19) giảm 157 -> BEST = 52142
2026-05-02 09:00:49,350 -   --- Pairwise Iter 36 (còn 193s) ---
2026-05-02 09:02:59,481 -     [P4.2] Pair (5,18) giảm 2 -> BEST = 52140
2026-05-02 09:02:59,535 -   --- Pairwise Iter 37 (còn 63s) ---
2026-05-02 09:04:00,478 -     -> Đã đạt cực trị toàn cục cho mọi cặp dưới ngưỡng. KẾT THÚC CHẶNG 4.
2026-05-02 09:04:00,479 - Hoàn thành trong 1198.0s. Final Cost: 52140
2026-05-02 09:04:00,479 - ======================================================================
2026-05-02 09:04:00,479 - BÁO CÁO TỔNG KẾT (SUMMARY)
2026-05-02 09:04:00,479 - ======================================================================
2026-05-02 09:04:00,479 -   1. Chi phí Clarke-Wright:     79089
2026-05-02 09:04:00,479 -   2. Chi phí sau Gurobi MIP:    52140
2026-05-02 09:04:00,479 -   => TỔNG CẢI THIỆN:            26949
2026-05-02 09:04:00,479 -   => Số lần Gurobi Single cải thiện  : 33 lần
2026-05-02 09:04:00,479 -   => Số lần Gurobi Pairwise cải thiện: 36 lần
2026-05-02 09:04:00,479 -   => TỔNG THỜI GIAN CHẠY:       1199.630s
2026-05-02 09:04:00,484 - ======================================================================
2026-05-02 09:04:00,484 - GUROBI MIP SOLVER  |  FILE: X-n251-k28.vrp
2026-05-02 09:04:00,484 - ======================================================================
2026-05-02 09:04:00,575 - Thông tin dữ liệu: Dimension=251, K=28, Capacity=69
2026-05-02 09:04:00,575 - --- Step 1: Clarke-Wright Heuristic ---
2026-05-02 09:04:00,645 -   Kết quả CW: Cost = 48571, Time = 0.070s
2026-05-02 09:04:00,646 - --- Step 2: Advanced Optimization (Gurobi MIP) ---
2026-05-02 09:04:00,646 - =========================================
2026-05-02 09:04:00,646 - BẮT ĐẦU OPTIMIZE  (100% Gurobi MIP)
2026-05-02 09:04:00,646 -  -> Max Single Size  : 22
2026-05-02 09:04:00,646 -  -> Single Timeout   : 40.0s
2026-05-02 09:04:00,646 -  -> Max Pairwise Size: 28
2026-05-02 09:04:00,646 -  -> Pairwise Timeout : 90.0s
2026-05-02 09:04:00,646 -  -> Global Timeout   : 1200.0s
2026-05-02 09:04:00,646 -  -> Chi phí khởi điểm: 48571
2026-05-02 09:04:00,646 - =========================================
2026-05-02 09:04:00,646 - === BẮT ĐẦU CHẶNG 4: GUROBI MIP CHÍNH XÁC | Cost: 48571 ===
2026-05-02 09:04:00,646 -   [GĐ 4.1] Giải bài toán TSP trên từng tuyến đơn...
2026-05-02 09:04:24,193 -     -> Single Gurobi cải thiện: 2371. Cost mới: 46200
2026-05-02 09:04:24,193 -   [GĐ 4.2] Xét từng cặp tuyến để phân bổ lại khách hàng...
2026-05-02 09:04:24,193 -   --- Pairwise Iter 1 (còn 1176s) ---
2026-05-02 09:07:24,312 -     [P4.2] Pair (13,24) giảm 11 -> BEST = 46189
2026-05-02 09:07:25,022 -   --- Pairwise Iter 2 (còn 996s) ---
2026-05-02 09:10:25,165 -     [P4.2] Pair (15,23) giảm 67 -> BEST = 46122
2026-05-02 09:11:05,185 -       [S-re] Route 15: 2382 → 2375  (−7) | BEST = 46115
2026-05-02 09:11:05,631 -   --- Pairwise Iter 3 (còn 775s) ---
2026-05-02 09:15:35,833 -     [P4.2] Pair (4,27) giảm 4 -> BEST = 46111
2026-05-02 09:15:36,221 -   --- Pairwise Iter 4 (còn 504s) ---
2026-05-02 09:17:06,291 -     [P4.2] Pair (4,17) giảm 9 -> BEST = 46102
2026-05-02 09:17:07,204 -   --- Pairwise Iter 5 (còn 413s) ---
2026-05-02 09:18:37,281 -     [P4.2] Pair (4,17) giảm 6 -> BEST = 46096
2026-05-02 09:18:38,183 -   --- Pairwise Iter 6 (còn 322s) ---
2026-05-02 09:20:08,257 -     [P4.2] Pair (4,27) giảm 19 -> BEST = 46077
2026-05-02 09:20:08,615 -   --- Pairwise Iter 7 (còn 232s) ---
2026-05-02 09:23:58,690 -     -> Đã đạt cực trị toàn cục cho mọi cặp dưới ngưỡng. KẾT THÚC CHẶNG 4.
2026-05-02 09:23:58,691 - Hoàn thành trong 1198.0s. Final Cost: 46077
2026-05-02 09:23:58,691 - ======================================================================
2026-05-02 09:23:58,691 - BÁO CÁO TỔNG KẾT (SUMMARY)
2026-05-02 09:23:58,691 - ======================================================================
2026-05-02 09:23:58,691 -   1. Chi phí Clarke-Wright:     48571
2026-05-02 09:23:58,691 -   2. Chi phí sau Gurobi MIP:    46077
2026-05-02 09:23:58,691 -   => TỔNG CẢI THIỆN:            2494
2026-05-02 09:23:58,691 -   => Số lần Gurobi Single cải thiện  : 27 lần
2026-05-02 09:23:58,691 -   => Số lần Gurobi Pairwise cải thiện: 6 lần
2026-05-02 09:23:58,691 -   => TỔNG THỜI GIAN CHẠY:       1198.115s
2026-05-02 09:23:58,696 - ======================================================================
2026-05-02 09:23:58,696 - GUROBI MIP SOLVER  |  FILE: X-n256-k16.vrp
2026-05-02 09:23:58,696 - ======================================================================
2026-05-02 09:23:58,790 - Thông tin dữ liệu: Dimension=256, K=16, Capacity=1225
2026-05-02 09:23:58,790 - --- Step 1: Clarke-Wright Heuristic ---
2026-05-02 09:23:58,911 -   Kết quả CW: Cost = 42189, Time = 0.121s
2026-05-02 09:23:58,911 - --- Step 2: Advanced Optimization (Gurobi MIP) ---
2026-05-02 09:23:58,911 - =========================================
2026-05-02 09:23:58,911 - BẮT ĐẦU OPTIMIZE  (100% Gurobi MIP)
2026-05-02 09:23:58,911 -  -> Max Single Size  : 35
2026-05-02 09:23:58,911 -  -> Single Timeout   : 40.0s
2026-05-02 09:23:58,911 -  -> Max Pairwise Size: 28
2026-05-02 09:23:58,911 -  -> Pairwise Timeout : 150.0s
2026-05-02 09:23:58,911 -  -> Global Timeout   : 1200.0s
2026-05-02 09:23:58,911 -  -> Chi phí khởi điểm: 42189
2026-05-02 09:23:58,911 - =========================================
2026-05-02 09:23:58,912 - === BẮT ĐẦU CHẶNG 4: GUROBI MIP CHÍNH XÁC | Cost: 42189 ===
2026-05-02 09:23:58,912 -   [GĐ 4.1] Giải bài toán TSP trên từng tuyến đơn...
2026-05-02 09:28:36,602 -     -> Single Gurobi cải thiện: 15492. Cost mới: 26697
2026-05-02 09:28:36,602 -   [GĐ 4.2] Xét từng cặp tuyến để phân bổ lại khách hàng...
2026-05-02 09:28:36,602 -   --- Pairwise Iter 1 (còn 922s) ---
2026-05-02 09:28:36,609 -     -> Đã đạt cực trị toàn cục cho mọi cặp dưới ngưỡng. KẾT THÚC CHẶNG 4.
2026-05-02 09:28:36,609 - Hoàn thành trong 277.7s. Final Cost: 26697
2026-05-02 09:28:36,609 - ======================================================================
2026-05-02 09:28:36,609 - BÁO CÁO TỔNG KẾT (SUMMARY)
2026-05-02 09:28:36,609 - ======================================================================
2026-05-02 09:28:36,609 -   1. Chi phí Clarke-Wright:     42189
2026-05-02 09:28:36,609 -   2. Chi phí sau Gurobi MIP:    26697
2026-05-02 09:28:36,609 -   => TỔNG CẢI THIỆN:            15492
2026-05-02 09:28:36,609 -   => Số lần Gurobi Single cải thiện  : 16 lần
2026-05-02 09:28:36,609 -   => Số lần Gurobi Pairwise cải thiện: 0 lần
2026-05-02 09:28:36,609 -   => TỔNG THỜI GIAN CHẠY:       277.818s
2026-05-02 09:28:36,614 - ======================================================================
2026-05-02 09:28:36,614 - GUROBI MIP SOLVER  |  FILE: X-n261-k13.vrp
2026-05-02 09:28:36,614 - ======================================================================
2026-05-02 09:28:36,712 - Thông tin dữ liệu: Dimension=261, K=13, Capacity=1081
2026-05-02 09:28:36,712 - --- Step 1: Clarke-Wright Heuristic ---
2026-05-02 09:28:36,795 -   Kết quả CW: Cost = 34932, Time = 0.083s
2026-05-02 09:28:36,795 - --- Step 2: Advanced Optimization (Gurobi MIP) ---
2026-05-02 09:28:36,795 - =========================================
2026-05-02 09:28:36,795 - BẮT ĐẦU OPTIMIZE  (100% Gurobi MIP)
2026-05-02 09:28:36,796 -  -> Max Single Size  : 35
2026-05-02 09:28:36,796 -  -> Single Timeout   : 40.0s
2026-05-02 09:28:36,796 -  -> Max Pairwise Size: 28
2026-05-02 09:28:36,796 -  -> Pairwise Timeout : 150.0s
2026-05-02 09:28:36,796 -  -> Global Timeout   : 1200.0s
2026-05-02 09:28:36,796 -  -> Chi phí khởi điểm: 34932
2026-05-02 09:28:36,796 - =========================================
2026-05-02 09:28:36,796 - === BẮT ĐẦU CHẶNG 4: GUROBI MIP CHÍNH XÁC | Cost: 34932 ===
2026-05-02 09:28:36,796 -   [GĐ 4.1] Giải bài toán TSP trên từng tuyến đơn...
2026-05-02 09:33:27,363 -     -> Single Gurobi cải thiện: 3267. Cost mới: 31665
2026-05-02 09:33:27,363 -   [GĐ 4.2] Xét từng cặp tuyến để phân bổ lại khách hàng...
2026-05-02 09:33:27,363 -   --- Pairwise Iter 1 (còn 909s) ---
2026-05-02 09:33:27,369 -     -> Đã đạt cực trị toàn cục cho mọi cặp dưới ngưỡng. KẾT THÚC CHẶNG 4.
2026-05-02 09:33:27,369 - Hoàn thành trong 290.6s. Final Cost: 31665
2026-05-02 09:33:27,369 - ======================================================================
2026-05-02 09:33:27,369 - BÁO CÁO TỔNG KẾT (SUMMARY)
2026-05-02 09:33:27,369 - ======================================================================
2026-05-02 09:33:27,369 -   1. Chi phí Clarke-Wright:     34932
2026-05-02 09:33:27,370 -   2. Chi phí sau Gurobi MIP:    31665
2026-05-02 09:33:27,370 -   => TỔNG CẢI THIỆN:            3267
2026-05-02 09:33:27,370 -   => Số lần Gurobi Single cải thiện  : 13 lần
2026-05-02 09:33:27,370 -   => Số lần Gurobi Pairwise cải thiện: 0 lần
2026-05-02 09:33:27,370 -   => TỔNG THỜI GIAN CHẠY:       290.657s
2026-05-02 09:33:27,374 - ======================================================================
2026-05-02 09:33:27,375 - GUROBI MIP SOLVER  |  FILE: X-n266-k58.vrp
2026-05-02 09:33:27,375 - ======================================================================
2026-05-02 09:33:27,479 - Thông tin dữ liệu: Dimension=266, K=58, Capacity=35
2026-05-02 09:33:27,479 - --- Step 1: Clarke-Wright Heuristic ---
2026-05-02 09:33:27,764 -   Kết quả CW: Cost = 153569, Time = 0.284s
2026-05-02 09:33:27,764 - --- Step 2: Advanced Optimization (Gurobi MIP) ---
2026-05-02 09:33:27,764 - =========================================
2026-05-02 09:33:27,764 - BẮT ĐẦU OPTIMIZE  (100% Gurobi MIP)
2026-05-02 09:33:27,764 -  -> Max Single Size  : 20
2026-05-02 09:33:27,764 -  -> Single Timeout   : 40.0s
2026-05-02 09:33:27,764 -  -> Max Pairwise Size: 16
2026-05-02 09:33:27,764 -  -> Pairwise Timeout : 46.0s
2026-05-02 09:33:27,764 -  -> Global Timeout   : 1200.0s
2026-05-02 09:33:27,765 -  -> Chi phí khởi điểm: 153569
2026-05-02 09:33:27,765 - =========================================
2026-05-02 09:33:27,765 - === BẮT ĐẦU CHẶNG 4: GUROBI MIP CHÍNH XÁC | Cost: 153569 ===
2026-05-02 09:33:27,765 -   [GĐ 4.1] Giải bài toán TSP trên từng tuyến đơn...
2026-05-02 09:33:28,781 -     -> Single Gurobi cải thiện: 33113. Cost mới: 120456
2026-05-02 09:33:28,781 -   [GĐ 4.2] Xét từng cặp tuyến để phân bổ lại khách hàng...
2026-05-02 09:33:28,781 -   --- Pairwise Iter 1 (còn 1199s) ---
2026-05-02 09:33:29,064 -     [P4.2] Pair (14,33) giảm 218 -> BEST = 120238
2026-05-02 09:33:29,088 -   --- Pairwise Iter 2 (còn 1199s) ---
2026-05-02 09:33:29,350 -     [P4.2] Pair (1,48) giảm 74 -> BEST = 120164
2026-05-02 09:33:29,404 -   --- Pairwise Iter 3 (còn 1198s) ---
2026-05-02 09:33:30,035 -     [P4.2] Pair (29,52) giảm 437 -> BEST = 119727
2026-05-02 09:33:30,070 -   --- Pairwise Iter 4 (còn 1198s) ---
2026-05-02 09:33:38,280 -     [P4.2] Pair (55,57) giảm 308 -> BEST = 119419
2026-05-02 09:33:38,365 -   --- Pairwise Iter 5 (còn 1189s) ---
2026-05-02 09:33:48,165 -     [P4.2] Pair (14,49) giảm 552 -> BEST = 118867
2026-05-02 09:33:48,190 -   --- Pairwise Iter 6 (còn 1180s) ---
2026-05-02 09:34:01,350 -     [P4.2] Pair (20,53) giảm 511 -> BEST = 118356
2026-05-02 09:34:01,405 -   --- Pairwise Iter 7 (còn 1166s) ---
2026-05-02 09:34:02,815 -     [P4.2] Pair (2,53) giảm 274 -> BEST = 118082
2026-05-02 09:34:02,839 -   --- Pairwise Iter 8 (còn 1165s) ---
2026-05-02 09:34:12,904 -     [P4.2] Pair (2,4) giảm 4 -> BEST = 118078
2026-05-02 09:34:12,938 -   --- Pairwise Iter 9 (còn 1155s) ---
2026-05-02 09:34:25,054 -     [P4.2] Pair (38,53) giảm 292 -> BEST = 117786
2026-05-02 09:34:25,109 -   --- Pairwise Iter 10 (còn 1143s) ---
2026-05-02 09:34:36,758 -     [P4.2] Pair (10,32) giảm 435 -> BEST = 117351
2026-05-02 09:34:36,782 -   --- Pairwise Iter 11 (còn 1131s) ---
2026-05-02 09:34:38,527 -     [P4.2] Pair (10,44) giảm 116 -> BEST = 117235
2026-05-02 09:34:38,571 -   --- Pairwise Iter 12 (còn 1129s) ---
2026-05-02 09:34:39,319 -     [P4.2] Pair (30,44) giảm 125 -> BEST = 117110
2026-05-02 09:34:39,374 -   --- Pairwise Iter 13 (còn 1128s) ---
2026-05-02 09:34:49,252 -     [P4.2] Pair (13,44) giảm 144 -> BEST = 116966
2026-05-02 09:34:49,286 -   --- Pairwise Iter 14 (còn 1118s) ---
2026-05-02 09:35:00,047 -     [P4.2] Pair (13,52) giảm 219 -> BEST = 116747
2026-05-02 09:35:00,071 -   --- Pairwise Iter 15 (còn 1108s) ---
2026-05-02 09:35:10,966 -     [P4.2] Pair (18,20) giảm 264 -> BEST = 116483
2026-05-02 09:35:11,010 -   --- Pairwise Iter 16 (còn 1097s) ---
2026-05-02 09:35:21,938 -     [P4.2] Pair (19,21) giảm 76 -> BEST = 116407
2026-05-02 09:35:21,962 -   --- Pairwise Iter 17 (còn 1086s) ---
2026-05-02 09:35:33,205 -     [P4.2] Pair (39,43) giảm 581 -> BEST = 115826
2026-05-02 09:35:33,250 -   --- Pairwise Iter 18 (còn 1075s) ---
2026-05-02 09:35:45,757 -     [P4.2] Pair (1,27) giảm 801 -> BEST = 115025
2026-05-02 09:35:45,802 -   --- Pairwise Iter 19 (còn 1062s) ---
2026-05-02 09:35:46,663 -     [P4.2] Pair (1,3) giảm 10 -> BEST = 115015
2026-05-02 09:35:46,687 -   --- Pairwise Iter 20 (còn 1061s) ---
2026-05-02 09:35:58,649 -     [P4.2] Pair (1,21) giảm 202 -> BEST = 114813
2026-05-02 09:35:58,673 -   --- Pairwise Iter 21 (còn 1049s) ---
2026-05-02 09:35:59,504 -     [P4.2] Pair (1,3) giảm 189 -> BEST = 114624
2026-05-02 09:35:59,549 -   --- Pairwise Iter 22 (còn 1048s) ---
2026-05-02 09:36:11,293 -     [P4.2] Pair (3,21) giảm 95 -> BEST = 114529
2026-05-02 09:36:11,337 -   --- Pairwise Iter 23 (còn 1036s) ---
2026-05-02 09:36:23,151 -     [P4.2] Pair (10,13) giảm 49 -> BEST = 114480
2026-05-02 09:36:23,175 -   --- Pairwise Iter 24 (còn 1025s) ---
2026-05-02 09:36:41,775 -     [P4.2] Pair (44,56) giảm 277 -> BEST = 114203
2026-05-02 09:36:41,869 -   --- Pairwise Iter 25 (còn 1006s) ---
2026-05-02 09:37:00,235 -     [P4.2] Pair (16,34) giảm 868 -> BEST = 113335
2026-05-02 09:37:00,260 -   --- Pairwise Iter 26 (còn 988s) ---
2026-05-02 09:37:40,031 -     [P4.2] Pair (38,55) giảm 2 -> BEST = 113333
2026-05-02 09:37:40,136 -   --- Pairwise Iter 27 (còn 948s) ---
2026-05-02 09:38:27,759 -     [P4.2] Pair (55,57) giảm 114 -> BEST = 113219
2026-05-02 09:38:27,895 -   --- Pairwise Iter 28 (còn 900s) ---
2026-05-02 09:38:41,182 -     [P4.2] Pair (21,45) giảm 132 -> BEST = 113087
2026-05-02 09:38:41,216 -   --- Pairwise Iter 29 (còn 887s) ---
2026-05-02 09:38:43,036 -     [P4.2] Pair (21,37) giảm 378 -> BEST = 112709
2026-05-02 09:38:43,070 -   --- Pairwise Iter 30 (còn 885s) ---
2026-05-02 09:38:48,688 -     [P4.2] Pair (21,45) giảm 278 -> BEST = 112431
2026-05-02 09:38:48,732 -   --- Pairwise Iter 31 (còn 879s) ---
2026-05-02 09:39:01,501 -     [P4.2] Pair (20,45) giảm 41 -> BEST = 112390
2026-05-02 09:39:01,545 -   --- Pairwise Iter 32 (còn 866s) ---
2026-05-02 09:39:15,904 -     [P4.2] Pair (38,47) giảm 73 -> BEST = 112317
2026-05-02 09:39:15,948 -   --- Pairwise Iter 33 (còn 852s) ---
2026-05-02 09:39:21,676 -     [P4.2] Pair (23,38) giảm 21 -> BEST = 112296
2026-05-02 09:39:21,731 -   --- Pairwise Iter 34 (còn 846s) ---
2026-05-02 09:39:38,959 -     [P4.2] Pair (44,53) giảm 168 -> BEST = 112128
2026-05-02 09:39:39,024 -   --- Pairwise Iter 35 (còn 829s) ---
2026-05-02 09:39:45,590 -     [P4.2] Pair (44,56) giảm 323 -> BEST = 111805
2026-05-02 09:39:45,634 -   --- Pairwise Iter 36 (còn 822s) ---
2026-05-02 09:39:59,600 -     [P4.2] Pair (50,54) giảm 477 -> BEST = 111328
2026-05-02 09:39:59,675 -   --- Pairwise Iter 37 (còn 808s) ---
2026-05-02 09:40:09,575 -     [P4.2] Pair (1,44) giảm 113 -> BEST = 111215
2026-05-02 09:40:09,599 -   --- Pairwise Iter 38 (còn 798s) ---
2026-05-02 09:40:13,567 -     [P4.2] Pair (44,52) giảm 2 -> BEST = 111213
2026-05-02 09:40:13,602 -   --- Pairwise Iter 39 (còn 794s) ---
2026-05-02 09:40:20,481 -     [P4.2] Pair (1,40) giảm 15 -> BEST = 111198
2026-05-02 09:40:20,505 -   --- Pairwise Iter 40 (còn 787s) ---
2026-05-02 09:40:32,519 -     [P4.2] Pair (18,29) giảm 83 -> BEST = 111115
2026-05-02 09:40:32,554 -   --- Pairwise Iter 41 (còn 775s) ---
2026-05-02 09:40:36,683 -     [P4.2] Pair (8,29) giảm 2 -> BEST = 111113
2026-05-02 09:40:36,708 -   --- Pairwise Iter 42 (còn 771s) ---
2026-05-02 09:40:46,696 -     [P4.2] Pair (23,30) giảm 30 -> BEST = 111083
2026-05-02 09:40:46,720 -   --- Pairwise Iter 43 (còn 761s) ---
2026-05-02 09:40:51,977 -     [P4.2] Pair (23,38) giảm 3 -> BEST = 111080
2026-05-02 09:40:52,022 -   --- Pairwise Iter 44 (còn 756s) ---
2026-05-02 09:40:59,625 -     [P4.2] Pair (15,38) giảm 78 -> BEST = 111002
2026-05-02 09:40:59,660 -   --- Pairwise Iter 45 (còn 748s) ---
2026-05-02 09:41:02,687 -     [P4.2] Pair (15,42) giảm 430 -> BEST = 110572
2026-05-02 09:41:02,752 -   --- Pairwise Iter 46 (còn 745s) ---
2026-05-02 09:41:07,413 -     [P4.2] Pair (23,38) giảm 19 -> BEST = 110553
2026-05-02 09:41:07,447 -   --- Pairwise Iter 47 (còn 740s) ---
2026-05-02 09:41:17,398 -     [P4.2] Pair (15,24) giảm 64 -> BEST = 110489
2026-05-02 09:41:17,433 -   --- Pairwise Iter 48 (còn 730s) ---
2026-05-02 09:41:24,809 -     [P4.2] Pair (22,24) giảm 54 -> BEST = 110435
2026-05-02 09:41:24,843 -   --- Pairwise Iter 49 (còn 723s) ---
2026-05-02 09:41:36,056 -     [P4.2] Pair (31,50) giảm 447 -> BEST = 109988
2026-05-02 09:41:36,101 -   --- Pairwise Iter 50 (còn 712s) ---
2026-05-02 09:41:39,058 -     [P4.2] Pair (31,47) giảm 209 -> BEST = 109779
2026-05-02 09:41:39,092 -   --- Pairwise Iter 51 (còn 709s) ---
2026-05-02 09:42:28,982 -     [P4.2] Pair (31,57) giảm 23 -> BEST = 109756
2026-05-02 09:42:29,067 -   --- Pairwise Iter 52 (còn 659s) ---
2026-05-02 09:43:20,564 -     [P4.2] Pair (12,57) giảm 323 -> BEST = 109433
2026-05-02 09:43:20,609 -   --- Pairwise Iter 53 (còn 607s) ---
2026-05-02 09:43:45,644 -     [P4.2] Pair (12,31) giảm 3 -> BEST = 109430
2026-05-02 09:43:45,718 -   --- Pairwise Iter 54 (còn 582s) ---
2026-05-02 09:44:21,605 -     [P4.2] Pair (46,50) giảm 467 -> BEST = 108963
2026-05-02 09:44:21,640 -   --- Pairwise Iter 55 (còn 546s) ---
2026-05-02 09:44:57,887 -     [P4.2] Pair (32,52) giảm 207 -> BEST = 108756
2026-05-02 09:44:57,922 -   --- Pairwise Iter 56 (còn 510s) ---
2026-05-02 09:45:31,225 -     [P4.2] Pair (32,41) giảm 52 -> BEST = 108704
2026-05-02 09:45:31,249 -   --- Pairwise Iter 57 (còn 477s) ---
2026-05-02 09:46:08,355 -     [P4.2] Pair (42,46) giảm 241 -> BEST = 108463
2026-05-02 09:46:08,410 -   --- Pairwise Iter 58 (còn 439s) ---
2026-05-02 09:46:45,649 -     [P4.2] Pair (8,13) giảm 181 -> BEST = 108282
2026-05-02 09:46:45,673 -   --- Pairwise Iter 59 (còn 402s) ---
2026-05-02 09:46:46,545 -     [P4.2] Pair (8,18) giảm 146 -> BEST = 108136
2026-05-02 09:46:46,600 -   --- Pairwise Iter 60 (còn 401s) ---
2026-05-02 09:46:49,714 -     [P4.2] Pair (10,18) giảm 5 -> BEST = 108131
2026-05-02 09:46:49,748 -   --- Pairwise Iter 61 (còn 398s) ---
2026-05-02 09:47:22,061 -     [P4.2] Pair (13,29) giảm 77 -> BEST = 108054
2026-05-02 09:47:22,116 -   --- Pairwise Iter 62 (còn 366s) ---
2026-05-02 09:48:02,287 -     [P4.2] Pair (1,49) giảm 306 -> BEST = 107748
2026-05-02 09:48:02,322 -   --- Pairwise Iter 63 (còn 325s) ---
2026-05-02 09:48:42,465 -     [P4.2] Pair (6,41) giảm 540 -> BEST = 107208
2026-05-02 09:48:42,489 -   --- Pairwise Iter 64 (còn 285s) ---
2026-05-02 09:49:22,746 -     [P4.2] Pair (12,17) giảm 52 -> BEST = 107156
2026-05-02 09:49:22,781 -   --- Pairwise Iter 65 (còn 245s) ---
2026-05-02 09:49:28,096 -     [P4.2] Pair (12,57) giảm 99 -> BEST = 107057
2026-05-02 09:49:28,121 -   --- Pairwise Iter 66 (còn 240s) ---
2026-05-02 09:49:38,321 -     [P4.2] Pair (17,57) giảm 35 -> BEST = 107022
2026-05-02 09:49:38,355 -   --- Pairwise Iter 67 (còn 229s) ---
2026-05-02 09:50:08,983 -     [P4.2] Pair (12,17) giảm 20 -> BEST = 107002
2026-05-02 09:50:09,017 -   --- Pairwise Iter 68 (còn 199s) ---
2026-05-02 09:50:21,414 -     [P4.2] Pair (12,31) giảm 163 -> BEST = 106839
2026-05-02 09:50:21,468 -   --- Pairwise Iter 69 (còn 186s) ---
2026-05-02 09:50:46,737 -     [P4.2] Pair (21,42) giảm 565 -> BEST = 106274
2026-05-02 09:50:46,802 -   --- Pairwise Iter 70 (còn 161s) ---
2026-05-02 09:51:12,180 -     [P4.2] Pair (35,51) giảm 621 -> BEST = 105653
2026-05-02 09:51:12,205 -   --- Pairwise Iter 71 (còn 136s) ---
2026-05-02 09:51:35,843 -     [P4.2] Pair (48,51) giảm 702 -> BEST = 104951
2026-05-02 09:51:35,888 -   --- Pairwise Iter 72 (còn 112s) ---
2026-05-02 09:52:00,414 -     [P4.2] Pair (40,49) giảm 12 -> BEST = 104939
2026-05-02 09:52:00,449 -   --- Pairwise Iter 73 (còn 87s) ---
2026-05-02 09:52:23,671 -     [P4.2] Pair (49,52) giảm 35 -> BEST = 104904
2026-05-02 09:52:23,695 -   --- Pairwise Iter 74 (còn 64s) ---
2026-05-02 09:52:41,408 -     [P4.2] Pair (40,49) giảm 41 -> BEST = 104863
2026-05-02 09:52:41,443 -   --- Pairwise Iter 75 (còn 46s) ---
2026-05-02 09:53:05,620 -     [P4.2] Pair (3,45) giảm 95 -> BEST = 104768
2026-05-02 09:53:05,644 -   --- Pairwise Iter 76 (còn 22s) ---
2026-05-02 09:53:25,781 -     -> Đã đạt cực trị toàn cục cho mọi cặp dưới ngưỡng. KẾT THÚC CHẶNG 4.
2026-05-02 09:53:25,781 - Hoàn thành trong 1198.0s. Final Cost: 104768
2026-05-02 09:53:25,781 - ======================================================================
2026-05-02 09:53:25,782 - BÁO CÁO TỔNG KẾT (SUMMARY)
2026-05-02 09:53:25,782 - ======================================================================
2026-05-02 09:53:25,782 -   1. Chi phí Clarke-Wright:     153569
2026-05-02 09:53:25,782 -   2. Chi phí sau Gurobi MIP:    104768
2026-05-02 09:53:25,782 -   => TỔNG CẢI THIỆN:            48801
2026-05-02 09:53:25,782 -   => Số lần Gurobi Single cải thiện  : 57 lần
2026-05-02 09:53:25,782 -   => Số lần Gurobi Pairwise cải thiện: 75 lần
2026-05-02 09:53:25,782 -   => TỔNG THỜI GIAN CHẠY:       1198.302s
2026-05-02 09:53:25,787 - ======================================================================
2026-05-02 09:53:25,787 - GUROBI MIP SOLVER  |  FILE: X-n270-k35.vrp
2026-05-02 09:53:25,787 - ======================================================================
2026-05-02 09:53:25,910 - Thông tin dữ liệu: Dimension=270, K=35, Capacity=585
2026-05-02 09:53:25,910 - --- Step 1: Clarke-Wright Heuristic ---
2026-05-02 09:53:26,054 -     [CW-Phase4] BFD thất bại với 9 khách hàng. Kích hoạt Backtracking (Giảm depth dần)...
2026-05-02 09:53:26,055 -       -> Thử hoán đổi với depth=3 (Limit: 10s)...
2026-05-02 09:53:36,056 -       -> Thử hoán đổi với depth=2 (Limit: 10s)...
2026-05-02 09:53:36,352 -       -> Thử hoán đổi với depth=1 (Limit: 10s)...
2026-05-02 09:53:36,353 -     [CW-Phase4] TẤT CẢ depth đều thất bại hoặc timeout. Chuyển sang Fallback (Sweep).
2026-05-02 09:53:36,442 -     [CW-Phase4] BFD thất bại với 9 khách hàng. Kích hoạt Backtracking (Giảm depth dần)...
2026-05-02 09:53:36,443 -       -> Thử hoán đổi với depth=3 (Limit: 10s)...
2026-05-02 09:53:46,444 -       -> Thử hoán đổi với depth=2 (Limit: 10s)...
2026-05-02 09:53:46,738 -       -> Thử hoán đổi với depth=1 (Limit: 10s)...
2026-05-02 09:53:46,739 -     [CW-Phase4] TẤT CẢ depth đều thất bại hoặc timeout. Chuyển sang Fallback (Sweep).
2026-05-02 09:53:46,739 - ❌ CW THẤT BẠI (UNSAT): Không thể đóng gói vào đúng K=35 xe.
2026-05-02 09:53:46,739 - Chi tiết: Cannot reduce the number of routes
2026-05-02 09:53:46,746 - ======================================================================
2026-05-02 09:53:46,746 - GUROBI MIP SOLVER  |  FILE: X-n275-k28.vrp
2026-05-02 09:53:46,746 - ======================================================================
2026-05-02 09:53:46,864 - Thông tin dữ liệu: Dimension=275, K=28, Capacity=10
2026-05-02 09:53:46,864 - --- Step 1: Clarke-Wright Heuristic ---
2026-05-02 09:53:46,955 -   Kết quả CW: Cost = 27338, Time = 0.091s
2026-05-02 09:53:46,955 - --- Step 2: Advanced Optimization (Gurobi MIP) ---
2026-05-02 09:53:46,956 - =========================================
2026-05-02 09:53:46,956 - BẮT ĐẦU OPTIMIZE  (100% Gurobi MIP)
2026-05-02 09:53:46,956 -  -> Max Single Size  : 24
2026-05-02 09:53:46,956 -  -> Single Timeout   : 40.0s
2026-05-02 09:53:46,956 -  -> Max Pairwise Size: 28
2026-05-02 09:53:46,956 -  -> Pairwise Timeout : 99.0s
2026-05-02 09:53:46,956 -  -> Global Timeout   : 1200.0s
2026-05-02 09:53:46,956 -  -> Chi phí khởi điểm: 27338
2026-05-02 09:53:46,956 - =========================================
2026-05-02 09:53:46,956 - === BẮT ĐẦU CHẶNG 4: GUROBI MIP CHÍNH XÁC | Cost: 27338 ===
2026-05-02 09:53:46,956 -   [GĐ 4.1] Giải bài toán TSP trên từng tuyến đơn...
2026-05-02 09:53:57,726 -     -> Single Gurobi cải thiện: 1762. Cost mới: 25576
2026-05-02 09:53:57,726 -   [GĐ 4.2] Xét từng cặp tuyến để phân bổ lại khách hàng...
2026-05-02 09:53:57,727 -   --- Pairwise Iter 1 (còn 1189s) ---
2026-05-02 09:55:36,793 -     [P4.2] Pair (8,24) giảm 21 -> BEST = 25555
2026-05-02 09:55:37,796 -   --- Pairwise Iter 2 (còn 1089s) ---
2026-05-02 09:57:16,845 -     [P4.2] Pair (2,6) giảm 64 -> BEST = 25491
2026-05-02 09:57:17,132 -   --- Pairwise Iter 3 (còn 990s) ---
2026-05-02 09:58:42,241 -     [P4.2] Pair (2,6) giảm 3 -> BEST = 25488
2026-05-02 09:58:42,511 -   --- Pairwise Iter 4 (còn 904s) ---
2026-05-02 10:00:21,579 -     [P4.2] Pair (4,9) giảm 35 -> BEST = 25453
2026-05-02 10:00:21,815 -   --- Pairwise Iter 5 (còn 805s) ---
2026-05-02 10:02:00,875 -     [P4.2] Pair (1,14) giảm 33 -> BEST = 25420
2026-05-02 10:02:01,071 -   --- Pairwise Iter 6 (còn 706s) ---
2026-05-02 10:05:19,190 -     [P4.2] Pair (3,9) giảm 39 -> BEST = 25381
2026-05-02 10:05:19,881 -   --- Pairwise Iter 7 (còn 507s) ---
2026-05-02 10:07:11,071 -     [P4.2] Pair (0,4) giảm 18 -> BEST = 25363
2026-05-02 10:07:11,267 -   --- Pairwise Iter 8 (còn 396s) ---
2026-05-02 10:10:29,391 -     [P4.2] Pair (0,17) giảm 129 -> BEST = 25234
2026-05-02 10:10:29,872 -   --- Pairwise Iter 9 (còn 197s) ---
2026-05-02 10:13:44,986 -     [P4.2] Pair (6,20) giảm 39 -> BEST = 25195
2026-05-02 10:13:44,986 -   --- Pairwise Iter 10 (còn 2s) ---
2026-05-02 10:13:44,995 -     -> Đã đạt cực trị toàn cục cho mọi cặp dưới ngưỡng. KẾT THÚC CHẶNG 4.
2026-05-02 10:13:44,995 - Hoàn thành trong 1198.0s. Final Cost: 25195
2026-05-02 10:13:44,995 - ======================================================================
2026-05-02 10:13:44,995 - BÁO CÁO TỔNG KẾT (SUMMARY)
2026-05-02 10:13:44,995 - ======================================================================
2026-05-02 10:13:44,995 -   1. Chi phí Clarke-Wright:     27338
2026-05-02 10:13:44,995 -   2. Chi phí sau Gurobi MIP:    25195
2026-05-02 10:13:44,995 -   => TỔNG CẢI THIỆN:            2143
2026-05-02 10:13:44,995 -   => Số lần Gurobi Single cải thiện  : 27 lần
2026-05-02 10:13:44,995 -   => Số lần Gurobi Pairwise cải thiện: 9 lần
2026-05-02 10:13:44,995 -   => TỔNG THỜI GIAN CHẠY:       1198.131s
2026-05-02 10:13:45,000 - ======================================================================
2026-05-02 10:13:45,000 - GUROBI MIP SOLVER  |  FILE: X-n280-k17.vrp
2026-05-02 10:13:45,000 - ======================================================================
2026-05-02 10:13:45,126 - Thông tin dữ liệu: Dimension=280, K=17, Capacity=192
2026-05-02 10:13:45,127 - --- Step 1: Clarke-Wright Heuristic ---
2026-05-02 10:13:45,241 -   Kết quả CW: Cost = 46254, Time = 0.114s
2026-05-02 10:13:45,241 - --- Step 2: Advanced Optimization (Gurobi MIP) ---
2026-05-02 10:13:45,241 - =========================================
2026-05-02 10:13:45,241 - BẮT ĐẦU OPTIMIZE  (100% Gurobi MIP)
2026-05-02 10:13:45,241 -  -> Max Single Size  : 35
2026-05-02 10:13:45,241 -  -> Single Timeout   : 40.0s
2026-05-02 10:13:45,241 -  -> Max Pairwise Size: 28
2026-05-02 10:13:45,241 -  -> Pairwise Timeout : 150.0s
2026-05-02 10:13:45,241 -  -> Global Timeout   : 1200.0s
2026-05-02 10:13:45,242 -  -> Chi phí khởi điểm: 46254
2026-05-02 10:13:45,242 - =========================================
2026-05-02 10:13:45,242 - === BẮT ĐẦU CHẶNG 4: GUROBI MIP CHÍNH XÁC | Cost: 46254 ===
2026-05-02 10:13:45,242 -   [GĐ 4.1] Giải bài toán TSP trên từng tuyến đơn...
2026-05-02 10:19:15,426 -     -> Single Gurobi cải thiện: 3967. Cost mới: 42287
2026-05-02 10:19:15,427 -   [GĐ 4.2] Xét từng cặp tuyến để phân bổ lại khách hàng...
2026-05-02 10:19:15,430 -   --- Pairwise Iter 1 (còn 870s) ---
2026-05-02 10:21:45,502 -     [P4.2] Pair (3,5) giảm 44 -> BEST = 42243
2026-05-02 10:21:48,200 -   --- Pairwise Iter 2 (còn 717s) ---
2026-05-02 10:24:18,279 -     [P4.2] Pair (5,8) giảm 131 -> BEST = 42112
2026-05-02 10:24:58,418 -       [S-re] Route 8: 2155 → 2132  (−23) | BEST = 42089
2026-05-02 10:24:58,418 -   --- Pairwise Iter 3 (còn 527s) ---
2026-05-02 10:29:58,602 -     [P4.2] Pair (3,12) giảm 225 -> BEST = 41864
2026-05-02 10:30:38,922 -   --- Pairwise Iter 4 (còn 186s) ---
2026-05-02 10:33:43,273 -     -> Đã đạt cực trị toàn cục cho mọi cặp dưới ngưỡng. KẾT THÚC CHẶNG 4.
2026-05-02 10:33:43,274 - Hoàn thành trong 1198.0s. Final Cost: 41864
2026-05-02 10:33:43,274 - ======================================================================
2026-05-02 10:33:43,274 - BÁO CÁO TỔNG KẾT (SUMMARY)
2026-05-02 10:33:43,274 - ======================================================================
2026-05-02 10:33:43,274 -   1. Chi phí Clarke-Wright:     46254
2026-05-02 10:33:43,274 -   2. Chi phí sau Gurobi MIP:    41864
2026-05-02 10:33:43,274 -   => TỔNG CẢI THIỆN:            4390
2026-05-02 10:33:43,274 -   => Số lần Gurobi Single cải thiện  : 16 lần
2026-05-02 10:33:43,274 -   => Số lần Gurobi Pairwise cải thiện: 3 lần
2026-05-02 10:33:43,274 -   => TỔNG THỜI GIAN CHẠY:       1198.147s
2026-05-02 10:33:43,279 - ======================================================================
2026-05-02 10:33:43,279 - GUROBI MIP SOLVER  |  FILE: X-n284-k15.vrp
2026-05-02 10:33:43,279 - ======================================================================
2026-05-02 10:33:43,406 - Thông tin dữ liệu: Dimension=284, K=15, Capacity=109
2026-05-02 10:33:43,406 - --- Step 1: Clarke-Wright Heuristic ---
2026-05-02 10:33:43,518 -   Kết quả CW: Cost = 26852, Time = 0.112s
2026-05-02 10:33:43,518 - --- Step 2: Advanced Optimization (Gurobi MIP) ---
2026-05-02 10:33:43,518 - =========================================
2026-05-02 10:33:43,518 - BẮT ĐẦU OPTIMIZE  (100% Gurobi MIP)
2026-05-02 10:33:43,518 -  -> Max Single Size  : 35
2026-05-02 10:33:43,518 -  -> Single Timeout   : 40.0s
2026-05-02 10:33:43,518 -  -> Max Pairwise Size: 28
2026-05-02 10:33:43,518 -  -> Pairwise Timeout : 150.0s
2026-05-02 10:33:43,518 -  -> Global Timeout   : 1200.0s
2026-05-02 10:33:43,519 -  -> Chi phí khởi điểm: 26852
2026-05-02 10:33:43,519 - =========================================
2026-05-02 10:33:43,519 - === BẮT ĐẦU CHẶNG 4: GUROBI MIP CHÍNH XÁC | Cost: 26852 ===
2026-05-02 10:33:43,519 -   [GĐ 4.1] Giải bài toán TSP trên từng tuyến đơn...
2026-05-02 10:36:42,179 -     -> Single Gurobi cải thiện: 2880. Cost mới: 23972
2026-05-02 10:36:42,179 -   [GĐ 4.2] Xét từng cặp tuyến để phân bổ lại khách hàng...
2026-05-02 10:36:42,179 -   --- Pairwise Iter 1 (còn 1021s) ---
2026-05-02 10:36:42,187 -     -> Đã đạt cực trị toàn cục cho mọi cặp dưới ngưỡng. KẾT THÚC CHẶNG 4.
2026-05-02 10:36:42,187 - Hoàn thành trong 178.7s. Final Cost: 23972
2026-05-02 10:36:42,187 - ======================================================================
2026-05-02 10:36:42,187 - BÁO CÁO TỔNG KẾT (SUMMARY)
2026-05-02 10:36:42,187 - ======================================================================
2026-05-02 10:36:42,187 -   1. Chi phí Clarke-Wright:     26852
2026-05-02 10:36:42,187 -   2. Chi phí sau Gurobi MIP:    23972
2026-05-02 10:36:42,187 -   => TỔNG CẢI THIỆN:            2880
2026-05-02 10:36:42,187 -   => Số lần Gurobi Single cải thiện  : 15 lần
2026-05-02 10:36:42,187 -   => Số lần Gurobi Pairwise cải thiện: 0 lần
2026-05-02 10:36:42,187 -   => TỔNG THỜI GIAN CHẠY:       178.781s
2026-05-02 10:36:42,195 - ======================================================================
2026-05-02 10:36:42,196 - GUROBI MIP SOLVER  |  FILE: X-n289-k60.vrp
2026-05-02 10:36:42,196 - ======================================================================
2026-05-02 10:36:42,325 - Thông tin dữ liệu: Dimension=289, K=60, Capacity=267
2026-05-02 10:36:42,325 - --- Step 1: Clarke-Wright Heuristic ---
2026-05-02 10:36:42,869 -   Kết quả CW: Cost = 201906, Time = 0.544s
2026-05-02 10:36:42,870 - --- Step 2: Advanced Optimization (Gurobi MIP) ---
2026-05-02 10:36:42,870 - =========================================
2026-05-02 10:36:42,870 - BẮT ĐẦU OPTIMIZE  (100% Gurobi MIP)
2026-05-02 10:36:42,870 -  -> Max Single Size  : 20
2026-05-02 10:36:42,870 -  -> Single Timeout   : 40.0s
2026-05-02 10:36:42,870 -  -> Max Pairwise Size: 16
2026-05-02 10:36:42,870 -  -> Pairwise Timeout : 49.0s
2026-05-02 10:36:42,870 -  -> Global Timeout   : 1200.0s
2026-05-02 10:36:42,870 -  -> Chi phí khởi điểm: 201906
2026-05-02 10:36:42,870 - =========================================
2026-05-02 10:36:42,870 - === BẮT ĐẦU CHẶNG 4: GUROBI MIP CHÍNH XÁC | Cost: 201906 ===
2026-05-02 10:36:42,870 -   [GĐ 4.1] Giải bài toán TSP trên từng tuyến đơn...
2026-05-02 10:36:44,230 -     -> Single Gurobi cải thiện: 52214. Cost mới: 149692
2026-05-02 10:36:44,231 -   [GĐ 4.2] Xét từng cặp tuyến để phân bổ lại khách hàng...
2026-05-02 10:36:44,231 -   --- Pairwise Iter 1 (còn 1199s) ---
2026-05-02 10:36:48,997 -     [P4.2] Pair (51,56) giảm 34 -> BEST = 149658
2026-05-02 10:36:49,062 -   --- Pairwise Iter 2 (còn 1194s) ---
2026-05-02 10:36:55,232 -     [P4.2] Pair (36,48) giảm 97 -> BEST = 149561
2026-05-02 10:36:55,256 -   --- Pairwise Iter 3 (còn 1188s) ---
2026-05-02 10:37:18,906 -     [P4.2] Pair (47,57) giảm 678 -> BEST = 148883
2026-05-02 10:37:19,015 -   --- Pairwise Iter 4 (còn 1164s) ---
2026-05-02 10:37:44,101 -     [P4.2] Pair (29,47) giảm 666 -> BEST = 148217
2026-05-02 10:37:44,209 -   --- Pairwise Iter 5 (còn 1139s) ---
2026-05-02 10:38:18,141 -     [P4.2] Pair (47,57) giảm 337 -> BEST = 147880
2026-05-02 10:38:18,206 -   --- Pairwise Iter 6 (còn 1105s) ---
2026-05-02 10:38:27,099 -     [P4.2] Pair (44,57) giảm 296 -> BEST = 147584
2026-05-02 10:38:27,154 -   --- Pairwise Iter 7 (còn 1096s) ---
2026-05-02 10:38:36,908 -     [P4.2] Pair (5,21) giảm 317 -> BEST = 147267
2026-05-02 10:38:36,943 -   --- Pairwise Iter 8 (còn 1086s) ---
2026-05-02 10:38:48,087 -     [P4.2] Pair (51,55) giảm 544 -> BEST = 146723
2026-05-02 10:38:48,131 -   --- Pairwise Iter 9 (còn 1075s) ---
2026-05-02 10:39:27,633 -     [P4.2] Pair (51,53) giảm 109 -> BEST = 146614
2026-05-02 10:39:27,900 -   --- Pairwise Iter 10 (còn 1035s) ---
2026-05-02 10:39:28,713 -     [P4.2] Pair (53,56) giảm 950 -> BEST = 145664
2026-05-02 10:39:28,767 -   --- Pairwise Iter 11 (còn 1034s) ---
2026-05-02 10:39:43,033 -     [P4.2] Pair (53,54) giảm 79 -> BEST = 145585
2026-05-02 10:39:43,108 -   --- Pairwise Iter 12 (còn 1020s) ---
2026-05-02 10:40:00,682 -     [P4.2] Pair (28,56) giảm 190 -> BEST = 145395
2026-05-02 10:40:00,807 -   --- Pairwise Iter 13 (còn 1002s) ---
2026-05-02 10:40:13,006 -     [P4.2] Pair (28,47) giảm 202 -> BEST = 145193
2026-05-02 10:40:13,081 -   --- Pairwise Iter 14 (còn 990s) ---
2026-05-02 10:40:29,843 -     [P4.2] Pair (28,56) giảm 59 -> BEST = 145134
2026-05-02 10:40:29,888 -   --- Pairwise Iter 15 (còn 973s) ---
2026-05-02 10:40:44,620 -     [P4.2] Pair (35,41) giảm 1182 -> BEST = 143952
2026-05-02 10:40:44,654 -   --- Pairwise Iter 16 (còn 958s) ---
2026-05-02 10:41:48,422 -     [P4.2] Pair (51,54) giảm 257 -> BEST = 143695
2026-05-02 10:41:48,628 -   --- Pairwise Iter 17 (còn 894s) ---
2026-05-02 10:42:43,247 -     [P4.2] Pair (26,51) giảm 125 -> BEST = 143570
2026-05-02 10:42:43,413 -   --- Pairwise Iter 18 (còn 839s) ---
2026-05-02 10:43:45,734 -     [P4.2] Pair (51,54) giảm 147 -> BEST = 143423
2026-05-02 10:43:45,769 -   --- Pairwise Iter 19 (còn 777s) ---
2026-05-02 10:43:47,633 -     [P4.2] Pair (53,54) giảm 11 -> BEST = 143412
2026-05-02 10:43:47,748 -   --- Pairwise Iter 20 (còn 775s) ---
2026-05-02 10:44:00,447 -     [P4.2] Pair (26,53) giảm 334 -> BEST = 143078
2026-05-02 10:44:00,573 -   --- Pairwise Iter 21 (còn 762s) ---
2026-05-02 10:44:13,068 -     [P4.2] Pair (46,51) giảm 414 -> BEST = 142664
2026-05-02 10:44:13,092 -   --- Pairwise Iter 22 (còn 750s) ---
2026-05-02 10:44:29,863 -     [P4.2] Pair (41,56) giảm 147 -> BEST = 142517
2026-05-02 10:44:29,908 -   --- Pairwise Iter 23 (còn 733s) ---
2026-05-02 10:44:37,771 -     [P4.2] Pair (7,41) giảm 369 -> BEST = 142148
2026-05-02 10:44:37,836 -   --- Pairwise Iter 24 (còn 725s) ---
2026-05-02 10:44:51,328 -     [P4.2] Pair (52,54) giảm 117 -> BEST = 142031
2026-05-02 10:44:51,372 -   --- Pairwise Iter 25 (còn 711s) ---
2026-05-02 10:45:04,657 -     [P4.2] Pair (53,54) giảm 68 -> BEST = 141963
2026-05-02 10:45:04,722 -   --- Pairwise Iter 26 (còn 698s) ---
2026-05-02 10:45:29,946 -     [P4.2] Pair (52,55) giảm 395 -> BEST = 141568
2026-05-02 10:45:30,071 -   --- Pairwise Iter 27 (còn 673s) ---
2026-05-02 10:46:20,106 -     [P4.2] Pair (9,10) giảm 142 -> BEST = 141426
2026-05-02 10:46:20,130 -   --- Pairwise Iter 28 (còn 623s) ---
2026-05-02 10:47:11,143 -     [P4.2] Pair (28,55) giảm 30 -> BEST = 141396
2026-05-02 10:47:11,177 -   --- Pairwise Iter 29 (còn 572s) ---
2026-05-02 10:47:46,671 -     [P4.2] Pair (47,55) giảm 258 -> BEST = 141138
2026-05-02 10:47:46,736 -   --- Pairwise Iter 30 (còn 536s) ---
2026-05-02 10:48:48,398 -     [P4.2] Pair (19,53) giảm 41 -> BEST = 141097
2026-05-02 10:48:48,442 -   --- Pairwise Iter 31 (còn 474s) ---
2026-05-02 10:49:14,447 -     [P4.2] Pair (23,42) giảm 91 -> BEST = 141006
2026-05-02 10:49:14,471 -   --- Pairwise Iter 32 (còn 448s) ---
2026-05-02 10:49:40,820 -     [P4.2] Pair (27,42) giảm 412 -> BEST = 140594
2026-05-02 10:49:40,855 -   --- Pairwise Iter 33 (còn 422s) ---
2026-05-02 10:49:52,073 -     [P4.2] Pair (12,27) giảm 78 -> BEST = 140516
2026-05-02 10:49:52,097 -   --- Pairwise Iter 34 (còn 411s) ---
2026-05-02 10:50:18,288 -     [P4.2] Pair (7,20) giảm 126 -> BEST = 140390
2026-05-02 10:50:18,332 -   --- Pairwise Iter 35 (còn 385s) ---
2026-05-02 10:50:45,855 -     [P4.2] Pair (35,44) giảm 203 -> BEST = 140187
2026-05-02 10:50:45,890 -   --- Pairwise Iter 36 (còn 357s) ---
2026-05-02 10:51:13,082 -     [P4.2] Pair (37,51) giảm 131 -> BEST = 140056
2026-05-02 10:51:13,106 -   --- Pairwise Iter 37 (còn 330s) ---
2026-05-02 10:51:16,930 -     [P4.2] Pair (5,37) giảm 603 -> BEST = 139453
2026-05-02 10:51:16,974 -   --- Pairwise Iter 38 (còn 326s) ---
2026-05-02 10:51:44,425 -     [P4.2] Pair (5,47) giảm 283 -> BEST = 139170
2026-05-02 10:51:44,459 -   --- Pairwise Iter 39 (còn 298s) ---
2026-05-02 10:52:08,042 -     [P4.2] Pair (5,51) giảm 80 -> BEST = 139090
2026-05-02 10:52:08,087 -   --- Pairwise Iter 40 (còn 275s) ---
2026-05-02 10:52:19,534 -     [P4.2] Pair (5,54) giảm 42 -> BEST = 139048
2026-05-02 10:52:19,589 -   --- Pairwise Iter 41 (còn 263s) ---
2026-05-02 10:53:26,728 -     [P4.2] Pair (5,52) giảm 29 -> BEST = 139019
2026-05-02 10:53:26,802 -   --- Pairwise Iter 42 (còn 196s) ---
2026-05-02 10:54:59,644 -     [P4.2] Pair (52,54) giảm 230 -> BEST = 138789
2026-05-02 10:54:59,789 -   --- Pairwise Iter 43 (còn 103s) ---
2026-05-02 10:56:10,995 -     [P4.2] Pair (5,54) giảm 11 -> BEST = 138778
2026-05-02 10:56:11,141 -   --- Pairwise Iter 44 (còn 32s) ---
2026-05-02 10:56:14,496 -     [P4.2] Pair (5,19) giảm 1 -> BEST = 138777
2026-05-02 10:56:14,572 -   --- Pairwise Iter 45 (còn 28s) ---
2026-05-02 10:56:40,895 -     -> Đã đạt cực trị toàn cục cho mọi cặp dưới ngưỡng. KẾT THÚC CHẶNG 4.
2026-05-02 10:56:40,895 - Hoàn thành trong 1198.0s. Final Cost: 138777
2026-05-02 10:56:40,895 - ======================================================================
2026-05-02 10:56:40,895 - BÁO CÁO TỔNG KẾT (SUMMARY)
2026-05-02 10:56:40,895 - ======================================================================
2026-05-02 10:56:40,895 -   1. Chi phí Clarke-Wright:     201906
2026-05-02 10:56:40,895 -   2. Chi phí sau Gurobi MIP:    138777
2026-05-02 10:56:40,895 -   => TỔNG CẢI THIỆN:            63129
2026-05-02 10:56:40,895 -   => Số lần Gurobi Single cải thiện  : 48 lần
2026-05-02 10:56:40,895 -   => Số lần Gurobi Pairwise cải thiện: 44 lần
2026-05-02 10:56:40,895 -   => TỔNG THỜI GIAN CHẠY:       1198.569s
2026-05-02 10:56:40,900 - ======================================================================
2026-05-02 10:56:40,900 - GUROBI MIP SOLVER  |  FILE: X-n294-k50.vrp
2026-05-02 10:56:40,900 - ======================================================================
2026-05-02 10:56:41,038 - Thông tin dữ liệu: Dimension=294, K=50, Capacity=285
2026-05-02 10:56:41,038 - --- Step 1: Clarke-Wright Heuristic ---
2026-05-02 10:56:41,498 -   Kết quả CW: Cost = 164029, Time = 0.460s
2026-05-02 10:56:41,499 - --- Step 2: Advanced Optimization (Gurobi MIP) ---
2026-05-02 10:56:41,499 - =========================================
2026-05-02 10:56:41,499 - BẮT ĐẦU OPTIMIZE  (100% Gurobi MIP)
2026-05-02 10:56:41,499 -  -> Max Single Size  : 20
2026-05-02 10:56:41,499 -  -> Single Timeout   : 40.0s
2026-05-02 10:56:41,499 -  -> Max Pairwise Size: 20
2026-05-02 10:56:41,499 -  -> Pairwise Timeout : 59.0s
2026-05-02 10:56:41,499 -  -> Global Timeout   : 1200.0s
2026-05-02 10:56:41,499 -  -> Chi phí khởi điểm: 164029
2026-05-02 10:56:41,499 - =========================================
2026-05-02 10:56:41,499 - === BẮT ĐẦU CHẶNG 4: GUROBI MIP CHÍNH XÁC | Cost: 164029 ===
2026-05-02 10:56:41,499 -   [GĐ 4.1] Giải bài toán TSP trên từng tuyến đơn...
2026-05-02 10:56:42,353 -     -> Single Gurobi cải thiện: 34089. Cost mới: 129940
2026-05-02 10:56:42,353 -   [GĐ 4.2] Xét từng cặp tuyến để phân bổ lại khách hàng...
2026-05-02 10:56:42,353 -   --- Pairwise Iter 1 (còn 1199s) ---
2026-05-02 10:56:46,614 -     [P4.2] Pair (26,47) giảm 572 -> BEST = 129368
2026-05-02 10:56:46,679 -   --- Pairwise Iter 2 (còn 1195s) ---
2026-05-02 10:56:56,072 -     [P4.2] Pair (26,36) giảm 1351 -> BEST = 128017
2026-05-02 10:56:56,187 -   --- Pairwise Iter 3 (còn 1185s) ---
2026-05-02 10:56:58,239 -     [P4.2] Pair (24,29) giảm 493 -> BEST = 127524
2026-05-02 10:56:58,263 -   --- Pairwise Iter 4 (còn 1183s) ---
2026-05-02 10:57:06,368 -     [P4.2] Pair (35,36) giảm 649 -> BEST = 126875
2026-05-02 10:57:06,443 -   --- Pairwise Iter 5 (còn 1175s) ---
2026-05-02 10:57:17,821 -     [P4.2] Pair (0,45) giảm 188 -> BEST = 126687
2026-05-02 10:57:17,845 -   --- Pairwise Iter 6 (còn 1164s) ---
2026-05-02 10:57:29,159 -     [P4.2] Pair (0,47) giảm 17 -> BEST = 126670
2026-05-02 10:57:29,193 -   --- Pairwise Iter 7 (còn 1152s) ---
2026-05-02 10:57:44,470 -     [P4.2] Pair (37,46) giảm 1564 -> BEST = 125106
2026-05-02 10:57:44,544 -   --- Pairwise Iter 8 (còn 1137s) ---
2026-05-02 10:57:58,471 -     [P4.2] Pair (41,45) giảm 591 -> BEST = 124515
2026-05-02 10:57:58,526 -   --- Pairwise Iter 9 (còn 1123s) ---
2026-05-02 10:58:10,734 -     [P4.2] Pair (29,41) giảm 893 -> BEST = 123622
2026-05-02 10:58:10,808 -   --- Pairwise Iter 10 (còn 1111s) ---
2026-05-02 10:58:35,550 -     [P4.2] Pair (42,46) giảm 899 -> BEST = 122723
2026-05-02 10:58:35,595 -   --- Pairwise Iter 11 (còn 1086s) ---
2026-05-02 10:58:46,566 -     [P4.2] Pair (20,46) giảm 166 -> BEST = 122557
2026-05-02 10:58:46,590 -   --- Pairwise Iter 12 (còn 1075s) ---
2026-05-02 10:58:59,509 -     [P4.2] Pair (42,46) giảm 41 -> BEST = 122516
2026-05-02 10:58:59,553 -   --- Pairwise Iter 13 (còn 1062s) ---
2026-05-02 10:59:14,995 -     [P4.2] Pair (16,44) giảm 975 -> BEST = 121541
2026-05-02 10:59:15,070 -   --- Pairwise Iter 14 (còn 1046s) ---
2026-05-02 10:59:32,157 -     [P4.2] Pair (26,39) giảm 233 -> BEST = 121308
2026-05-02 10:59:32,201 -   --- Pairwise Iter 15 (còn 1029s) ---
2026-05-02 10:59:46,713 -     [P4.2] Pair (31,44) giảm 266 -> BEST = 121042
2026-05-02 10:59:46,737 -   --- Pairwise Iter 16 (còn 1015s) ---
2026-05-02 11:00:49,483 -     [P4.2] Pair (16,47) giảm 398 -> BEST = 120644
2026-05-02 11:00:49,658 -   --- Pairwise Iter 17 (còn 952s) ---
2026-05-02 11:01:05,253 -     [P4.2] Pair (26,33) giảm 392 -> BEST = 120252
2026-05-02 11:01:05,278 -   --- Pairwise Iter 18 (còn 936s) ---
2026-05-02 11:01:16,344 -     [P4.2] Pair (30,33) giảm 20 -> BEST = 120232
2026-05-02 11:01:16,368 -   --- Pairwise Iter 19 (còn 925s) ---
2026-05-02 11:02:24,564 -     [P4.2] Pair (35,47) giảm 3 -> BEST = 120229
2026-05-02 11:02:24,851 -   --- Pairwise Iter 20 (còn 857s) ---
2026-05-02 11:03:35,559 -     [P4.2] Pair (31,38) giảm 134 -> BEST = 120095
2026-05-02 11:03:35,593 -   --- Pairwise Iter 21 (còn 786s) ---
2026-05-02 11:04:41,739 -     [P4.2] Pair (38,44) giảm 56 -> BEST = 120039
2026-05-02 11:04:41,784 -   --- Pairwise Iter 22 (còn 720s) ---
2026-05-02 11:04:43,565 -     [P4.2] Pair (24,38) giảm 12 -> BEST = 120027
2026-05-02 11:04:43,590 -   --- Pairwise Iter 23 (còn 718s) ---
2026-05-02 11:05:48,457 -     [P4.2] Pair (4,24) giảm 204 -> BEST = 119823
2026-05-02 11:05:48,481 -   --- Pairwise Iter 24 (còn 653s) ---
2026-05-02 11:06:58,845 -     [P4.2] Pair (4,31) giảm 241 -> BEST = 119582
2026-05-02 11:06:58,880 -   --- Pairwise Iter 25 (còn 583s) ---
2026-05-02 11:08:09,996 -     [P4.2] Pair (34,37) giảm 31 -> BEST = 119551
2026-05-02 11:08:10,031 -   --- Pairwise Iter 26 (còn 511s) ---
2026-05-02 11:09:20,675 -     [P4.2] Pair (11,26) giảm 473 -> BEST = 119078
2026-05-02 11:09:20,710 -   --- Pairwise Iter 27 (còn 441s) ---
2026-05-02 11:10:25,298 -     [P4.2] Pair (26,45) giảm 396 -> BEST = 118682
2026-05-02 11:10:25,322 -   --- Pairwise Iter 28 (còn 376s) ---
2026-05-02 11:11:36,733 -     [P4.2] Pair (28,42) giảm 665 -> BEST = 118017
2026-05-02 11:11:36,757 -   --- Pairwise Iter 29 (còn 305s) ---
2026-05-02 11:12:34,589 -     [P4.2] Pair (28,46) giảm 153 -> BEST = 117864
2026-05-02 11:12:34,613 -   --- Pairwise Iter 30 (còn 247s) ---
2026-05-02 11:13:45,442 -     [P4.2] Pair (43,47) giảm 381 -> BEST = 117483
2026-05-02 11:13:45,506 -   --- Pairwise Iter 31 (còn 176s) ---
2026-05-02 11:13:51,002 -     [P4.2] Pair (36,47) giảm 262 -> BEST = 117221
2026-05-02 11:13:51,077 -   --- Pairwise Iter 32 (còn 170s) ---
2026-05-02 11:13:56,810 -     [P4.2] Pair (22,47) giảm 476 -> BEST = 116745
2026-05-02 11:13:56,874 -   --- Pairwise Iter 33 (còn 165s) ---
2026-05-02 11:14:24,669 -     [P4.2] Pair (35,47) giảm 412 -> BEST = 116333
2026-05-02 11:14:24,845 -   --- Pairwise Iter 34 (còn 137s) ---
2026-05-02 11:14:32,473 -     [P4.2] Pair (22,35) giảm 22 -> BEST = 116311
2026-05-02 11:14:32,528 -   --- Pairwise Iter 35 (còn 129s) ---
2026-05-02 11:14:37,964 -     [P4.2] Pair (22,36) giảm 152 -> BEST = 116159
2026-05-02 11:14:38,019 -   --- Pairwise Iter 36 (còn 123s) ---
2026-05-02 11:14:46,749 -     [P4.2] Pair (32,35) giảm 291 -> BEST = 115868
2026-05-02 11:14:46,794 -   --- Pairwise Iter 37 (còn 115s) ---
2026-05-02 11:14:56,470 -     [P4.2] Pair (0,22) giảm 242 -> BEST = 115626
2026-05-02 11:14:56,535 -   --- Pairwise Iter 38 (còn 105s) ---
2026-05-02 11:14:58,685 -     [P4.2] Pair (22,36) giảm 52 -> BEST = 115574
2026-05-02 11:14:58,739 -   --- Pairwise Iter 39 (còn 103s) ---
2026-05-02 11:15:19,277 -     [P4.2] Pair (12,47) giảm 31 -> BEST = 115543
2026-05-02 11:15:19,311 -   --- Pairwise Iter 40 (còn 82s) ---
2026-05-02 11:15:36,389 -     [P4.2] Pair (15,16) giảm 200 -> BEST = 115343
2026-05-02 11:15:36,444 -   --- Pairwise Iter 41 (còn 65s) ---
2026-05-02 11:15:54,383 -     [P4.2] Pair (22,37) giảm 423 -> BEST = 114920
2026-05-02 11:15:54,448 -   --- Pairwise Iter 42 (còn 47s) ---
2026-05-02 11:16:16,666 -     [P4.2] Pair (1,22) giảm 268 -> BEST = 114652
2026-05-02 11:16:16,690 -   --- Pairwise Iter 43 (còn 25s) ---
2026-05-02 11:16:38,825 -     [P4.2] Pair (25,32) giảm 441 -> BEST = 114211
2026-05-02 11:16:38,850 -   --- Pairwise Iter 44 (còn 3s) ---
2026-05-02 11:16:39,523 -     -> Đã đạt cực trị toàn cục cho mọi cặp dưới ngưỡng. KẾT THÚC CHẶNG 4.
2026-05-02 11:16:39,523 - Hoàn thành trong 1198.0s. Final Cost: 114211
2026-05-02 11:16:39,523 - ======================================================================
2026-05-02 11:16:39,523 - BÁO CÁO TỔNG KẾT (SUMMARY)
2026-05-02 11:16:39,523 - ======================================================================
2026-05-02 11:16:39,524 -   1. Chi phí Clarke-Wright:     164029
2026-05-02 11:16:39,524 -   2. Chi phí sau Gurobi MIP:    114211
2026-05-02 11:16:39,524 -   => TỔNG CẢI THIỆN:            49818
2026-05-02 11:16:39,524 -   => Số lần Gurobi Single cải thiện  : 44 lần
2026-05-02 11:16:39,524 -   => Số lần Gurobi Pairwise cải thiện: 43 lần
2026-05-02 11:16:39,524 -   => TỔNG THỜI GIAN CHẠY:       1198.485s
2026-05-02 11:16:39,529 - ======================================================================
2026-05-02 11:16:39,529 - GUROBI MIP SOLVER  |  FILE: X-n298-k31.vrp
2026-05-02 11:16:39,529 - ======================================================================
2026-05-02 11:16:39,670 - Thông tin dữ liệu: Dimension=298, K=31, Capacity=55
2026-05-02 11:16:39,670 - --- Step 1: Clarke-Wright Heuristic ---
2026-05-02 11:16:39,785 -   Kết quả CW: Cost = 47798, Time = 0.115s
2026-05-02 11:16:39,786 - --- Step 2: Advanced Optimization (Gurobi MIP) ---
2026-05-02 11:16:39,786 - =========================================
2026-05-02 11:16:39,786 - BẮT ĐẦU OPTIMIZE  (100% Gurobi MIP)
2026-05-02 11:16:39,786 -  -> Max Single Size  : 24
2026-05-02 11:16:39,786 -  -> Single Timeout   : 40.0s
2026-05-02 11:16:39,786 -  -> Max Pairwise Size: 28
2026-05-02 11:16:39,786 -  -> Pairwise Timeout : 97.0s
2026-05-02 11:16:39,786 -  -> Global Timeout   : 1200.0s
2026-05-02 11:16:39,786 -  -> Chi phí khởi điểm: 47798
2026-05-02 11:16:39,786 - =========================================
2026-05-02 11:16:39,786 - === BẮT ĐẦU CHẶNG 4: GUROBI MIP CHÍNH XÁC | Cost: 47798 ===
2026-05-02 11:16:39,786 -   [GĐ 4.1] Giải bài toán TSP trên từng tuyến đơn...
2026-05-02 11:18:18,302 -     -> Single Gurobi cải thiện: 4620. Cost mới: 43178
2026-05-02 11:18:18,302 -   [GĐ 4.2] Xét từng cặp tuyến để phân bổ lại khách hàng...
2026-05-02 11:18:18,302 -   --- Pairwise Iter 1 (còn 1101s) ---
2026-05-02 11:19:55,364 -     [P4.2] Pair (4,14) giảm 26 -> BEST = 43152
2026-05-02 11:19:56,420 -   --- Pairwise Iter 2 (còn 1003s) ---
2026-05-02 11:23:02,065 -     [P4.2] Pair (4,30) giảm 77 -> BEST = 43075
2026-05-02 11:23:02,574 -   --- Pairwise Iter 3 (còn 817s) ---
2026-05-02 11:27:46,310 -     [P4.2] Pair (13,15) giảm 29 -> BEST = 43046
2026-05-02 11:27:46,657 -   --- Pairwise Iter 4 (còn 533s) ---
2026-05-02 11:34:07,396 -     [P4.2] Pair (5,13) giảm 66 -> BEST = 42980
2026-05-02 11:34:07,653 -   --- Pairwise Iter 5 (còn 152s) ---
2026-05-02 11:36:37,839 -     -> Đã đạt cực trị toàn cục cho mọi cặp dưới ngưỡng. KẾT THÚC CHẶNG 4.
2026-05-02 11:36:37,839 - Hoàn thành trong 1198.1s. Final Cost: 42980
2026-05-02 11:36:37,840 - ======================================================================
2026-05-02 11:36:37,840 - BÁO CÁO TỔNG KẾT (SUMMARY)
2026-05-02 11:36:37,840 - ======================================================================
2026-05-02 11:36:37,840 -   1. Chi phí Clarke-Wright:     47798
2026-05-02 11:36:37,840 -   2. Chi phí sau Gurobi MIP:    42980
2026-05-02 11:36:37,840 -   => TỔNG CẢI THIỆN:            4818
2026-05-02 11:36:37,840 -   => Số lần Gurobi Single cải thiện  : 31 lần
2026-05-02 11:36:37,840 -   => Số lần Gurobi Pairwise cải thiện: 4 lần
2026-05-02 11:36:37,840 -   => TỔNG THỜI GIAN CHẠY:       1198.169s
2026-05-02 11:36:37,845 - ======================================================================
2026-05-02 11:36:37,845 - GUROBI MIP SOLVER  |  FILE: X-n303-k21.vrp
2026-05-02 11:36:37,845 - ======================================================================
2026-05-02 11:36:38,002 - Thông tin dữ liệu: Dimension=303, K=21, Capacity=794
2026-05-02 11:36:38,003 - --- Step 1: Clarke-Wright Heuristic ---
2026-05-02 11:36:38,124 -   Kết quả CW: Cost = 30232, Time = 0.121s
2026-05-02 11:36:38,124 - --- Step 2: Advanced Optimization (Gurobi MIP) ---
2026-05-02 11:36:38,124 - =========================================
2026-05-02 11:36:38,124 - BẮT ĐẦU OPTIMIZE  (100% Gurobi MIP)
2026-05-02 11:36:38,124 -  -> Max Single Size  : 35
2026-05-02 11:36:38,124 -  -> Single Timeout   : 40.0s
2026-05-02 11:36:38,124 -  -> Max Pairwise Size: 28
2026-05-02 11:36:38,124 -  -> Pairwise Timeout : 145.0s
2026-05-02 11:36:38,124 -  -> Global Timeout   : 1200.0s
2026-05-02 11:36:38,124 -  -> Chi phí khởi điểm: 30232
2026-05-02 11:36:38,124 - =========================================
2026-05-02 11:36:38,124 - === BẮT ĐẦU CHẶNG 4: GUROBI MIP CHÍNH XÁC | Cost: 30232 ===
2026-05-02 11:36:38,124 -   [GĐ 4.1] Giải bài toán TSP trên từng tuyến đơn...
2026-05-02 11:41:23,477 -     -> Single Gurobi cải thiện: 2386. Cost mới: 27846
2026-05-02 11:41:23,478 -   [GĐ 4.2] Xét từng cặp tuyến để phân bổ lại khách hàng...
2026-05-02 11:41:23,478 -   --- Pairwise Iter 1 (còn 915s) ---
2026-05-02 11:43:48,559 -     [P4.2] Pair (11,19) giảm 98 -> BEST = 27748
2026-05-02 11:43:50,662 -   --- Pairwise Iter 2 (còn 767s) ---
2026-05-02 11:46:15,715 -     [P4.2] Pair (2,15) giảm 40 -> BEST = 27708
2026-05-02 11:46:15,891 -   --- Pairwise Iter 3 (còn 622s) ---
2026-05-02 11:51:06,022 -     [P4.2] Pair (14,17) giảm 29 -> BEST = 27679
2026-05-02 11:51:46,239 -   --- Pairwise Iter 4 (còn 292s) ---
2026-05-02 11:54:11,323 -     [P4.2] Pair (9,17) giảm 74 -> BEST = 27605
2026-05-02 11:54:51,538 -   --- Pairwise Iter 5 (còn 107s) ---
2026-05-02 11:56:36,174 -     -> Đã đạt cực trị toàn cục cho mọi cặp dưới ngưỡng. KẾT THÚC CHẶNG 4.
2026-05-02 11:56:36,175 - Hoàn thành trong 1198.1s. Final Cost: 27605
2026-05-02 11:56:36,178 - ======================================================================
2026-05-02 11:56:36,179 - BÁO CÁO TỔNG KẾT (SUMMARY)
2026-05-02 11:56:36,179 - ======================================================================
2026-05-02 11:56:36,179 -   1. Chi phí Clarke-Wright:     30232
2026-05-02 11:56:36,179 -   2. Chi phí sau Gurobi MIP:    27605
2026-05-02 11:56:36,179 -   => TỔNG CẢI THIỆN:            2627
2026-05-02 11:56:36,179 -   => Số lần Gurobi Single cải thiện  : 20 lần
2026-05-02 11:56:36,179 -   => Số lần Gurobi Pairwise cải thiện: 4 lần
2026-05-02 11:56:36,179 -   => TỔNG THỜI GIAN CHẠY:       1198.175s
2026-05-02 11:56:36,183 - ======================================================================
2026-05-02 11:56:36,183 - GUROBI MIP SOLVER  |  FILE: X-n308-k13.vrp
2026-05-02 11:56:36,183 - ======================================================================
2026-05-02 11:56:36,341 - Thông tin dữ liệu: Dimension=308, K=13, Capacity=246
2026-05-02 11:56:36,341 - --- Step 1: Clarke-Wright Heuristic ---
2026-05-02 11:56:36,492 -   Kết quả CW: Cost = 36790, Time = 0.150s
2026-05-02 11:56:36,492 - --- Step 2: Advanced Optimization (Gurobi MIP) ---
2026-05-02 11:56:36,492 - =========================================
2026-05-02 11:56:36,492 - BẮT ĐẦU OPTIMIZE  (100% Gurobi MIP)
2026-05-02 11:56:36,492 -  -> Max Single Size  : 35
2026-05-02 11:56:36,492 -  -> Single Timeout   : 40.0s
2026-05-02 11:56:36,492 -  -> Max Pairwise Size: 28
2026-05-02 11:56:36,492 -  -> Pairwise Timeout : 150.0s
2026-05-02 11:56:36,492 -  -> Global Timeout   : 1200.0s
2026-05-02 11:56:36,492 -  -> Chi phí khởi điểm: 36790
2026-05-02 11:56:36,493 - =========================================
2026-05-02 11:56:36,493 - === BẮT ĐẦU CHẶNG 4: GUROBI MIP CHÍNH XÁC | Cost: 36790 ===
2026-05-02 11:56:36,493 -   [GĐ 4.1] Giải bài toán TSP trên từng tuyến đơn...
2026-05-02 12:02:26,924 -     -> Single Gurobi cải thiện: 3092. Cost mới: 33698
2026-05-02 12:02:26,924 -   [GĐ 4.2] Xét từng cặp tuyến để phân bổ lại khách hàng...
2026-05-02 12:02:26,924 -   --- Pairwise Iter 1 (còn 850s) ---
2026-05-02 12:09:57,143 -     -> Đã đạt cực trị toàn cục cho mọi cặp dưới ngưỡng. KẾT THÚC CHẶNG 4.
2026-05-02 12:09:57,143 - Hoàn thành trong 800.7s. Final Cost: 33698
2026-05-02 12:09:57,144 - ======================================================================
2026-05-02 12:09:57,144 - BÁO CÁO TỔNG KẾT (SUMMARY)
2026-05-02 12:09:57,144 - ======================================================================
2026-05-02 12:09:57,144 -   1. Chi phí Clarke-Wright:     36790
2026-05-02 12:09:57,144 -   2. Chi phí sau Gurobi MIP:    33698
2026-05-02 12:09:57,144 -   => TỔNG CẢI THIỆN:            3092
2026-05-02 12:09:57,144 -   => Số lần Gurobi Single cải thiện  : 12 lần
2026-05-02 12:09:57,144 -   => Số lần Gurobi Pairwise cải thiện: 0 lần
2026-05-02 12:09:57,144 -   => TỔNG THỜI GIAN CHẠY:       800.802s
2026-05-02 12:09:57,149 - ======================================================================
2026-05-02 12:09:57,149 - GUROBI MIP SOLVER  |  FILE: X-n313-k71.vrp
2026-05-02 12:09:57,149 - ======================================================================
2026-05-02 12:09:57,301 - Thông tin dữ liệu: Dimension=313, K=71, Capacity=248
2026-05-02 12:09:57,301 - --- Step 1: Clarke-Wright Heuristic ---
2026-05-02 12:09:58,183 -   Kết quả CW: Cost = 201580, Time = 0.882s
2026-05-02 12:09:58,183 - --- Step 2: Advanced Optimization (Gurobi MIP) ---
2026-05-02 12:09:58,184 - =========================================
2026-05-02 12:09:58,184 - BẮT ĐẦU OPTIMIZE  (100% Gurobi MIP)
2026-05-02 12:09:58,184 -  -> Max Single Size  : 20
2026-05-02 12:09:58,184 -  -> Single Timeout   : 40.0s
2026-05-02 12:09:58,184 -  -> Max Pairwise Size: 16
2026-05-02 12:09:58,184 -  -> Pairwise Timeout : 45.0s
2026-05-02 12:09:58,184 -  -> Global Timeout   : 1200.0s
2026-05-02 12:09:58,184 -  -> Chi phí khởi điểm: 201580
2026-05-02 12:09:58,184 - =========================================
2026-05-02 12:09:58,184 - === BẮT ĐẦU CHẶNG 4: GUROBI MIP CHÍNH XÁC | Cost: 201580 ===
2026-05-02 12:09:58,184 -   [GĐ 4.1] Giải bài toán TSP trên từng tuyến đơn...
2026-05-02 12:10:57,618 -     -> Single Gurobi cải thiện: 46429. Cost mới: 155151
2026-05-02 12:10:57,618 -   [GĐ 4.2] Xét từng cặp tuyến để phân bổ lại khách hàng...
2026-05-02 12:10:57,618 -   --- Pairwise Iter 1 (còn 1141s) ---
2026-05-02 12:10:57,651 -     [P4.2] Pair (3,4) giảm 1160 -> BEST = 153991
2026-05-02 12:10:57,676 -   --- Pairwise Iter 2 (còn 1141s) ---
2026-05-02 12:10:59,436 -     [P4.2] Pair (11,64) giảm 176 -> BEST = 153815
2026-05-02 12:10:59,521 -   --- Pairwise Iter 3 (còn 1139s) ---
2026-05-02 12:11:02,369 -     [P4.2] Pair (45,55) giảm 458 -> BEST = 153357
2026-05-02 12:11:02,393 -   --- Pairwise Iter 4 (còn 1136s) ---
2026-05-02 12:11:05,505 -     [P4.2] Pair (61,65) giảm 209 -> BEST = 153148
2026-05-02 12:11:05,539 -   --- Pairwise Iter 5 (còn 1133s) ---
2026-05-02 12:11:08,449 -     [P4.2] Pair (9,35) giảm 811 -> BEST = 152337
2026-05-02 12:11:08,473 -   --- Pairwise Iter 6 (còn 1130s) ---
2026-05-02 12:11:11,505 -     [P4.2] Pair (11,61) giảm 569 -> BEST = 151768
2026-05-02 12:11:11,530 -   --- Pairwise Iter 7 (còn 1127s) ---
2026-05-02 12:11:14,185 -     [P4.2] Pair (54,61) giảm 370 -> BEST = 151398
2026-05-02 12:11:14,219 -   --- Pairwise Iter 8 (còn 1124s) ---
2026-05-02 12:11:17,417 -     [P4.2] Pair (4,5) giảm 38 -> BEST = 151360
2026-05-02 12:11:17,441 -   --- Pairwise Iter 9 (còn 1121s) ---
2026-05-02 12:11:22,991 -     [P4.2] Pair (31,64) giảm 124 -> BEST = 151236
2026-05-02 12:11:23,126 -   --- Pairwise Iter 10 (còn 1115s) ---
2026-05-02 12:11:26,470 -     [P4.2] Pair (58,64) giảm 263 -> BEST = 150973
2026-05-02 12:11:26,555 -   --- Pairwise Iter 11 (còn 1112s) ---
2026-05-02 12:11:31,910 -     [P4.2] Pair (4,36) giảm 414 -> BEST = 150559
2026-05-02 12:11:31,935 -   --- Pairwise Iter 12 (còn 1106s) ---
2026-05-02 12:12:24,020 -     [P4.2] Pair (63,68) giảm 270 -> BEST = 150289
2026-05-02 12:12:24,285 -       [S-re] Route 63: 1925 → 1918  (−7) | BEST = 150282
2026-05-02 12:12:24,594 -   --- Pairwise Iter 13 (còn 1054s) ---
2026-05-02 12:13:12,360 -     [P4.2] Pair (63,64) giảm 60 -> BEST = 150222
2026-05-02 12:13:12,738 -   --- Pairwise Iter 14 (còn 1005s) ---
2026-05-02 12:14:04,687 -     [P4.2] Pair (8,56) giảm 496 -> BEST = 149726
2026-05-02 12:14:04,722 -   --- Pairwise Iter 15 (còn 953s) ---
2026-05-02 12:15:42,564 -     [P4.2] Pair (66,68) giảm 780 -> BEST = 148946
2026-05-02 12:15:42,719 -   --- Pairwise Iter 16 (còn 855s) ---
2026-05-02 12:16:36,392 -     [P4.2] Pair (50,51) giảm 329 -> BEST = 148617
2026-05-02 12:16:36,417 -   --- Pairwise Iter 17 (còn 802s) ---
2026-05-02 12:19:05,342 -     [P4.2] Pair (63,67) giảm 88 -> BEST = 148529
2026-05-02 12:19:05,785 -   --- Pairwise Iter 18 (còn 652s) ---
2026-05-02 12:20:44,269 -     [P4.2] Pair (58,67) giảm 145 -> BEST = 148384
2026-05-02 12:20:44,626 -   --- Pairwise Iter 19 (còn 554s) ---
2026-05-02 12:21:30,562 -     [P4.2] Pair (64,67) giảm 121 -> BEST = 148263
2026-05-02 12:21:30,848 -   --- Pairwise Iter 20 (còn 507s) ---
2026-05-02 12:22:21,962 -     [P4.2] Pair (64,65) giảm 101 -> BEST = 148162
2026-05-02 12:22:22,088 -   --- Pairwise Iter 21 (còn 456s) ---
2026-05-02 12:22:27,900 -     [P4.2] Pair (34,65) giảm 28 -> BEST = 148134
2026-05-02 12:22:27,954 -   --- Pairwise Iter 22 (còn 450s) ---
2026-05-02 12:22:34,265 -     [P4.2] Pair (43,64) giảm 113 -> BEST = 148021
2026-05-02 12:22:34,289 -   --- Pairwise Iter 23 (còn 444s) ---
2026-05-02 12:22:42,990 -     [P4.2] Pair (12,34) giảm 54 -> BEST = 147967
2026-05-02 12:22:43,024 -   --- Pairwise Iter 24 (còn 435s) ---
2026-05-02 12:22:56,307 -     [P4.2] Pair (12,60) giảm 286 -> BEST = 147681
2026-05-02 12:22:56,371 -   --- Pairwise Iter 25 (còn 422s) ---
2026-05-02 12:23:07,955 -     [P4.2] Pair (12,34) giảm 122 -> BEST = 147559
2026-05-02 12:23:08,020 -   --- Pairwise Iter 26 (còn 410s) ---
2026-05-02 12:23:43,304 -     [P4.2] Pair (12,37) giảm 232 -> BEST = 147327
2026-05-02 12:23:43,359 -   --- Pairwise Iter 27 (còn 375s) ---
2026-05-02 12:24:41,378 -     [P4.2] Pair (1,69) giảm 282 -> BEST = 147045
2026-05-02 12:24:41,664 -   --- Pairwise Iter 28 (còn 317s) ---
2026-05-02 12:25:02,791 -     [P4.2] Pair (1,33) giảm 73 -> BEST = 146972
2026-05-02 12:25:02,846 -   --- Pairwise Iter 29 (còn 295s) ---
2026-05-02 12:25:40,626 -     [P4.2] Pair (33,67) giảm 102 -> BEST = 146870
2026-05-02 12:25:40,721 -   --- Pairwise Iter 30 (còn 257s) ---
2026-05-02 12:26:09,071 -     [P4.2] Pair (1,33) giảm 180 -> BEST = 146690
2026-05-02 12:26:09,398 -   --- Pairwise Iter 31 (còn 229s) ---
2026-05-02 12:26:57,096 -     [P4.2] Pair (33,58) giảm 945 -> BEST = 145745
2026-05-02 12:26:58,362 -   --- Pairwise Iter 32 (còn 180s) ---
2026-05-02 12:28:44,472 -     [P4.2] Pair (30,58) giảm 57 -> BEST = 145688
2026-05-02 12:28:44,496 -   --- Pairwise Iter 33 (còn 74s) ---
2026-05-02 12:29:56,202 -     -> Đã đạt cực trị toàn cục cho mọi cặp dưới ngưỡng. KẾT THÚC CHẶNG 4.
2026-05-02 12:29:56,202 - Hoàn thành trong 1198.0s. Final Cost: 145688
2026-05-02 12:29:56,202 - ======================================================================
2026-05-02 12:29:56,202 - BÁO CÁO TỔNG KẾT (SUMMARY)
2026-05-02 12:29:56,202 - ======================================================================
2026-05-02 12:29:56,202 -   1. Chi phí Clarke-Wright:     201580
2026-05-02 12:29:56,202 -   2. Chi phí sau Gurobi MIP:    145688
2026-05-02 12:29:56,203 -   => TỔNG CẢI THIỆN:            55892
2026-05-02 12:29:56,203 -   => Số lần Gurobi Single cải thiện  : 61 lần
2026-05-02 12:29:56,203 -   => Số lần Gurobi Pairwise cải thiện: 32 lần
2026-05-02 12:29:56,203 -   => TỔNG THỜI GIAN CHẠY:       1198.900s
2026-05-02 12:29:56,211 - ======================================================================
2026-05-02 12:29:56,211 - GUROBI MIP SOLVER  |  FILE: X-n317-k53.vrp
2026-05-02 12:29:56,211 - ======================================================================
2026-05-02 12:29:56,380 - Thông tin dữ liệu: Dimension=317, K=53, Capacity=6
2026-05-02 12:29:56,380 - --- Step 1: Clarke-Wright Heuristic ---
2026-05-02 12:29:56,485 -   Kết quả CW: Cost = 88156, Time = 0.105s
2026-05-02 12:29:56,486 - --- Step 2: Advanced Optimization (Gurobi MIP) ---
2026-05-02 12:29:56,486 - =========================================
2026-05-02 12:29:56,486 - BẮT ĐẦU OPTIMIZE  (100% Gurobi MIP)
2026-05-02 12:29:56,486 -  -> Max Single Size  : 20
2026-05-02 12:29:56,486 -  -> Single Timeout   : 40.0s
2026-05-02 12:29:56,486 -  -> Max Pairwise Size: 20
2026-05-02 12:29:56,486 -  -> Pairwise Timeout : 60.0s
2026-05-02 12:29:56,486 -  -> Global Timeout   : 1200.0s
2026-05-02 12:29:56,486 -  -> Chi phí khởi điểm: 88156
2026-05-02 12:29:56,486 - =========================================
2026-05-02 12:29:56,486 - === BẮT ĐẦU CHẶNG 4: GUROBI MIP CHÍNH XÁC | Cost: 88156 ===
2026-05-02 12:29:56,486 -   [GĐ 4.1] Giải bài toán TSP trên từng tuyến đơn...
2026-05-02 12:29:57,995 -     -> Single Gurobi cải thiện: 1206. Cost mới: 86950
2026-05-02 12:29:57,995 -   [GĐ 4.2] Xét từng cặp tuyến để phân bổ lại khách hàng...
2026-05-02 12:29:57,995 -   --- Pairwise Iter 1 (còn 1198s) ---
2026-05-02 12:29:59,692 -     [P4.2] Pair (15,27) giảm 30 -> BEST = 86920
2026-05-02 12:29:59,746 -   --- Pairwise Iter 2 (còn 1197s) ---
2026-05-02 12:30:02,432 -     [P4.2] Pair (22,48) giảm 50 -> BEST = 86870
2026-05-02 12:30:02,487 -   --- Pairwise Iter 3 (còn 1194s) ---
2026-05-02 12:30:49,711 -     [P4.2] Pair (0,27) giảm 45 -> BEST = 86825
2026-05-02 12:30:49,775 -   --- Pairwise Iter 4 (còn 1147s) ---
2026-05-02 12:31:15,774 -     [P4.2] Pair (2,15) giảm 14 -> BEST = 86811
2026-05-02 12:31:15,818 -   --- Pairwise Iter 5 (còn 1121s) ---
2026-05-02 12:32:15,851 -     [P4.2] Pair (11,14) giảm 130 -> BEST = 86681
2026-05-02 12:32:15,896 -   --- Pairwise Iter 6 (còn 1061s) ---
2026-05-02 12:32:23,251 -     [P4.2] Pair (1,39) giảm 16 -> BEST = 86665
2026-05-02 12:32:23,295 -   --- Pairwise Iter 7 (còn 1053s) ---
2026-05-02 12:32:26,948 -     [P4.2] Pair (5,14) giảm 11 -> BEST = 86654
2026-05-02 12:32:26,993 -   --- Pairwise Iter 8 (còn 1049s) ---
2026-05-02 12:32:58,342 -     [P4.2] Pair (21,41) giảm 32 -> BEST = 86622
2026-05-02 12:32:58,397 -   --- Pairwise Iter 9 (còn 1018s) ---
2026-05-02 12:33:40,795 -     [P4.2] Pair (38,40) giảm 11 -> BEST = 86611
2026-05-02 12:33:40,850 -   --- Pairwise Iter 10 (còn 976s) ---
2026-05-02 12:34:41,279 -     [P4.2] Pair (38,45) giảm 14 -> BEST = 86597
2026-05-02 12:34:41,314 -   --- Pairwise Iter 11 (còn 915s) ---
2026-05-02 12:36:41,368 -     [P4.2] Pair (0,38) giảm 9 -> BEST = 86588
2026-05-02 12:36:41,433 -   --- Pairwise Iter 12 (còn 795s) ---
2026-05-02 12:37:43,904 -     [P4.2] Pair (4,11) giảm 1595 -> BEST = 84993
2026-05-02 12:37:43,968 -   --- Pairwise Iter 13 (còn 733s) ---
2026-05-02 12:39:06,339 -     [P4.2] Pair (7,21) giảm 46 -> BEST = 84947
2026-05-02 12:39:06,363 -   --- Pairwise Iter 14 (còn 650s) ---
2026-05-02 12:41:06,821 -     [P4.2] Pair (2,40) giảm 20 -> BEST = 84927
2026-05-02 12:41:06,865 -   --- Pairwise Iter 15 (còn 530s) ---
2026-05-02 12:44:06,953 -     [P4.2] Pair (7,35) giảm 43 -> BEST = 84884
2026-05-02 12:44:07,038 -   --- Pairwise Iter 16 (còn 349s) ---
2026-05-02 12:46:16,513 -     [P4.2] Pair (8,9) giảm 7 -> BEST = 84877
2026-05-02 12:46:16,577 -   --- Pairwise Iter 17 (còn 220s) ---
2026-05-02 12:48:29,770 -     [P4.2] Pair (1,49) giảm 35 -> BEST = 84842
2026-05-02 12:48:29,805 -   --- Pairwise Iter 18 (còn 87s) ---
2026-05-02 12:49:54,515 -     -> Đã đạt cực trị toàn cục cho mọi cặp dưới ngưỡng. KẾT THÚC CHẶNG 4.
2026-05-02 12:49:54,515 - Hoàn thành trong 1198.0s. Final Cost: 84842
2026-05-02 12:49:54,515 - ======================================================================
2026-05-02 12:49:54,515 - BÁO CÁO TỔNG KẾT (SUMMARY)
2026-05-02 12:49:54,515 - ======================================================================
2026-05-02 12:49:54,515 -   1. Chi phí Clarke-Wright:     88156
2026-05-02 12:49:54,515 -   2. Chi phí sau Gurobi MIP:    84842
2026-05-02 12:49:54,515 -   => TỔNG CẢI THIỆN:            3314
2026-05-02 12:49:54,515 -   => Số lần Gurobi Single cải thiện  : 42 lần
2026-05-02 12:49:54,515 -   => Số lần Gurobi Pairwise cải thiện: 17 lần
2026-05-02 12:49:54,515 -   => TỔNG THỜI GIAN CHẠY:       1198.134s
2026-05-02 12:49:54,520 - ======================================================================
2026-05-02 12:49:54,520 - GUROBI MIP SOLVER  |  FILE: X-n322-k28.vrp
2026-05-02 12:49:54,520 - ======================================================================
2026-05-02 12:49:54,699 - Thông tin dữ liệu: Dimension=322, K=28, Capacity=868
2026-05-02 12:49:54,699 - --- Step 1: Clarke-Wright Heuristic ---
2026-05-02 12:49:54,959 -     [CW-Phase4] BFD thất bại với 3 khách hàng. Kích hoạt Backtracking (Giảm depth dần)...
2026-05-02 12:49:54,960 -       -> Thử hoán đổi với depth=3 (Limit: 10s)...
2026-05-02 12:49:55,340 -     [CW-Phase4] HOÀN HẢO! Backtracking thành công tại depth=3.
2026-05-02 12:49:55,347 -   Kết quả CW: Cost = 170742, Time = 0.644s
2026-05-02 12:49:55,347 - --- Step 2: Advanced Optimization (Gurobi MIP) ---
2026-05-02 12:49:55,347 - =========================================
2026-05-02 12:49:55,347 - BẮT ĐẦU OPTIMIZE  (100% Gurobi MIP)
2026-05-02 12:49:55,347 -  -> Max Single Size  : 28
2026-05-02 12:49:55,347 -  -> Single Timeout   : 40.0s
2026-05-02 12:49:55,347 -  -> Max Pairwise Size: 28
2026-05-02 12:49:55,347 -  -> Pairwise Timeout : 115.0s
2026-05-02 12:49:55,347 -  -> Global Timeout   : 1200.0s
2026-05-02 12:49:55,347 -  -> Chi phí khởi điểm: 170742
2026-05-02 12:49:55,347 - =========================================
2026-05-02 12:49:55,347 - === BẮT ĐẦU CHẶNG 4: GUROBI MIP CHÍNH XÁC | Cost: 170742 ===
2026-05-02 12:49:55,347 -   [GĐ 4.1] Giải bài toán TSP trên từng tuyến đơn...
2026-05-02 12:49:57,647 -     -> Single Gurobi cải thiện: 82758. Cost mới: 87984
2026-05-02 12:49:57,647 -   [GĐ 4.2] Xét từng cặp tuyến để phân bổ lại khách hàng...
2026-05-02 12:49:57,647 -   --- Pairwise Iter 1 (còn 1198s) ---
2026-05-02 12:51:52,714 -     [P4.2] Pair (22,23) giảm 2143 -> BEST = 85841
2026-05-02 12:51:53,294 -   --- Pairwise Iter 2 (còn 1082s) ---
2026-05-02 12:53:48,361 -     [P4.2] Pair (20,22) giảm 440 -> BEST = 85401
2026-05-02 12:53:48,658 -   --- Pairwise Iter 3 (còn 967s) ---
2026-05-02 12:53:49,991 -     [P4.2] Pair (1,7) giảm 1079 -> BEST = 84322
2026-05-02 12:53:50,117 -   --- Pairwise Iter 4 (còn 965s) ---
2026-05-02 12:53:58,138 -     [P4.2] Pair (10,14) giảm 727 -> BEST = 83595
2026-05-02 12:53:58,303 -   --- Pairwise Iter 5 (còn 957s) ---
2026-05-02 12:56:00,235 -     [P4.2] Pair (10,23) giảm 597 -> BEST = 82998
2026-05-02 12:56:00,592 -   --- Pairwise Iter 6 (còn 835s) ---
2026-05-02 12:56:51,719 -     [P4.2] Pair (10,14) giảm 687 -> BEST = 82311
2026-05-02 12:56:51,927 -   --- Pairwise Iter 7 (còn 783s) ---
2026-05-02 12:58:26,601 -     [P4.2] Pair (0,23) giảm 743 -> BEST = 81568
2026-05-02 12:58:26,666 -   --- Pairwise Iter 8 (còn 689s) ---
2026-05-02 13:01:14,312 -     [P4.2] Pair (8,27) giảm 1284 -> BEST = 80284
2026-05-02 13:01:14,716 -   --- Pairwise Iter 9 (còn 521s) ---
2026-05-02 13:02:46,905 -     [P4.2] Pair (9,21) giảm 1531 -> BEST = 78753
2026-05-02 13:02:47,212 -   --- Pairwise Iter 10 (còn 428s) ---
2026-05-02 13:06:15,611 -     [P4.2] Pair (10,26) giảm 1138 -> BEST = 77615
2026-05-02 13:06:15,848 -   --- Pairwise Iter 11 (còn 219s) ---
2026-05-02 13:08:10,900 -     [P4.2] Pair (14,26) giảm 617 -> BEST = 76998
2026-05-02 13:08:11,135 -       [S-re] Route 14: 1679 → 1667  (−12) | BEST = 76986
2026-05-02 13:08:11,177 -   --- Pairwise Iter 12 (còn 104s) ---
2026-05-02 13:09:53,382 -     [P4.2] Pair (17,21) giảm 1022 -> BEST = 75964
2026-05-02 13:09:53,382 -   --- Pairwise Iter 13 (còn 2s) ---
2026-05-02 13:09:53,393 -     -> Đã đạt cực trị toàn cục cho mọi cặp dưới ngưỡng. KẾT THÚC CHẶNG 4.
2026-05-02 13:09:53,393 - Hoàn thành trong 1198.0s. Final Cost: 75964
2026-05-02 13:09:53,393 - ======================================================================
2026-05-02 13:09:53,393 - BÁO CÁO TỔNG KẾT (SUMMARY)
2026-05-02 13:09:53,394 - ======================================================================
2026-05-02 13:09:53,394 -   1. Chi phí Clarke-Wright:     170742
2026-05-02 13:09:53,394 -   2. Chi phí sau Gurobi MIP:    75964
2026-05-02 13:09:53,394 -   => TỔNG CẢI THIỆN:            94778
2026-05-02 13:09:53,394 -   => Số lần Gurobi Single cải thiện  : 29 lần
2026-05-02 13:09:53,394 -   => Số lần Gurobi Pairwise cải thiện: 12 lần
2026-05-02 13:09:53,394 -   => TỔNG THỜI GIAN CHẠY:       1198.691s
2026-05-02 13:09:53,399 - ======================================================================
2026-05-02 13:09:53,399 - GUROBI MIP SOLVER  |  FILE: X-n327-k20.vrp
2026-05-02 13:09:53,399 - ======================================================================
2026-05-02 13:09:53,567 - Thông tin dữ liệu: Dimension=327, K=20, Capacity=128
2026-05-02 13:09:53,567 - --- Step 1: Clarke-Wright Heuristic ---
2026-05-02 13:09:53,741 -   Kết quả CW: Cost = 38109, Time = 0.174s
2026-05-02 13:09:53,741 - --- Step 2: Advanced Optimization (Gurobi MIP) ---
2026-05-02 13:09:53,741 - =========================================
2026-05-02 13:09:53,741 - BẮT ĐẦU OPTIMIZE  (100% Gurobi MIP)
2026-05-02 13:09:53,742 -  -> Max Single Size  : 35
2026-05-02 13:09:53,742 -  -> Single Timeout   : 40.0s
2026-05-02 13:09:53,742 -  -> Max Pairwise Size: 28
2026-05-02 13:09:53,742 -  -> Pairwise Timeout : 150.0s
2026-05-02 13:09:53,742 -  -> Global Timeout   : 1200.0s
2026-05-02 13:09:53,742 -  -> Chi phí khởi điểm: 38109
2026-05-02 13:09:53,742 - =========================================
2026-05-02 13:09:53,742 - === BẮT ĐẦU CHẶNG 4: GUROBI MIP CHÍNH XÁC | Cost: 38109 ===
2026-05-02 13:09:53,742 -   [GĐ 4.1] Giải bài toán TSP trên từng tuyến đơn...
