2026-05-03 11:16:18,443 - ======================================================================
2026-05-03 11:16:18,444 - GUROBI MIP SOLVER  |  FILE: X-n327-k20.vrp
2026-05-03 11:16:18,444 - ======================================================================
2026-05-03 11:16:18,616 - Thông tin dữ liệu: Dimension=327, K=20, Capacity=128
2026-05-03 11:16:18,617 - --- Step 1: Clarke-Wright Heuristic ---
2026-05-03 11:16:18,901 -   Kết quả CW: Cost = 38109, Time = 0.282s
2026-05-03 11:16:18,901 - --- Step 2: Advanced Optimization (Gurobi MIP) ---
2026-05-03 11:16:18,902 - =========================================
2026-05-03 11:16:18,902 - BẮT ĐẦU OPTIMIZE  (100% Gurobi MIP)
2026-05-03 11:16:18,902 -  -> Max Single Size  : 35
2026-05-03 11:16:18,902 -  -> Single Timeout   : 40.0s
2026-05-03 11:16:18,902 -  -> Max Pairwise Size: 28
2026-05-03 11:16:18,902 -  -> Pairwise Timeout : 150.0s
2026-05-03 11:16:18,902 -  -> Global Timeout   : 1200.0s
2026-05-03 11:16:18,903 -  -> Chi phí khởi điểm: 38109
2026-05-03 11:16:18,903 - =========================================
2026-05-03 11:16:18,903 - === BẮT ĐẦU CHẶNG 4: GUROBI MIP CHÍNH XÁC | Cost: 38109 ===
2026-05-03 11:16:18,903 -   [GĐ 4.1] Giải bài toán TSP trên từng tuyến đơn...
2026-05-03 11:23:13,548 -     -> Single Gurobi cải thiện: 3458. Cost mới: 34651
2026-05-03 11:23:13,548 -   [GĐ 4.2] Xét từng cặp tuyến để phân bổ lại khách hàng...
2026-05-03 11:23:13,548 -   --- Pairwise Iter 1 (còn 785s) ---
2026-05-03 11:23:13,559 -     -> Đã đạt cực trị toàn cục cho mọi cặp dưới ngưỡng. KẾT THÚC CHẶNG 4.
2026-05-03 11:23:13,559 - Hoàn thành trong 414.7s. Final Cost: 34651
2026-05-03 11:23:13,559 - ======================================================================
2026-05-03 11:23:13,559 - BÁO CÁO TỔNG KẾT (SUMMARY)
2026-05-03 11:23:13,559 - ======================================================================
2026-05-03 11:23:13,559 -   1. Chi phí Clarke-Wright:     38109
2026-05-03 11:23:13,559 -   2. Chi phí sau Gurobi MIP:    34651
2026-05-03 11:23:13,559 -   => TỔNG CẢI THIỆN:            3458
2026-05-03 11:23:13,559 -   => Số lần Gurobi Single cải thiện  : 20 lần
2026-05-03 11:23:13,559 -   => Số lần Gurobi Pairwise cải thiện: 0 lần
2026-05-03 11:23:13,560 -   => TỔNG THỜI GIAN CHẠY:       414.940s
2026-05-03 11:23:13,565 - ======================================================================
2026-05-03 11:23:13,565 - GUROBI MIP SOLVER  |  FILE: X-n331-k15.vrp
2026-05-03 11:23:13,565 - ======================================================================
2026-05-03 11:23:13,718 - Thông tin dữ liệu: Dimension=331, K=15, Capacity=23
2026-05-03 11:23:13,718 - --- Step 1: Clarke-Wright Heuristic ---
2026-05-03 11:23:13,896 -   Kết quả CW: Cost = 41236, Time = 0.178s
2026-05-03 11:23:13,897 - --- Step 2: Advanced Optimization (Gurobi MIP) ---
2026-05-03 11:23:13,897 - =========================================
2026-05-03 11:23:13,897 - BẮT ĐẦU OPTIMIZE  (100% Gurobi MIP)
2026-05-03 11:23:13,897 -  -> Max Single Size  : 35
2026-05-03 11:23:13,897 -  -> Single Timeout   : 40.0s
2026-05-03 11:23:13,897 -  -> Max Pairwise Size: 28
2026-05-03 11:23:13,897 -  -> Pairwise Timeout : 150.0s
2026-05-03 11:23:13,897 -  -> Global Timeout   : 1200.0s
2026-05-03 11:23:13,897 -  -> Chi phí khởi điểm: 41236
2026-05-03 11:23:13,897 - =========================================
2026-05-03 11:23:13,897 - === BẮT ĐẦU CHẶNG 4: GUROBI MIP CHÍNH XÁC | Cost: 41236 ===
2026-05-03 11:23:13,897 -   [GĐ 4.1] Giải bài toán TSP trên từng tuyến đơn...
2026-05-03 11:28:42,521 -     -> Single Gurobi cải thiện: 4076. Cost mới: 37160
2026-05-03 11:28:42,521 -   [GĐ 4.2] Xét từng cặp tuyến để phân bổ lại khách hàng...
2026-05-03 11:28:42,521 -   --- Pairwise Iter 1 (còn 871s) ---
2026-05-03 11:28:42,531 -     -> Đã đạt cực trị toàn cục cho mọi cặp dưới ngưỡng. KẾT THÚC CHẶNG 4.
2026-05-03 11:28:42,531 - Hoàn thành trong 328.6s. Final Cost: 37160
2026-05-03 11:28:42,531 - ======================================================================
2026-05-03 11:28:42,532 - BÁO CÁO TỔNG KẾT (SUMMARY)
2026-05-03 11:28:42,532 - ======================================================================
2026-05-03 11:28:42,532 -   1. Chi phí Clarke-Wright:     41236
2026-05-03 11:28:42,532 -   2. Chi phí sau Gurobi MIP:    37160
2026-05-03 11:28:42,532 -   => TỔNG CẢI THIỆN:            4076
2026-05-03 11:28:42,532 -   => Số lần Gurobi Single cải thiện  : 15 lần
2026-05-03 11:28:42,532 -   => Số lần Gurobi Pairwise cải thiện: 0 lần
2026-05-03 11:28:42,532 -   => TỔNG THỜI GIAN CHẠY:       328.813s
2026-05-03 11:28:42,538 - ======================================================================
2026-05-03 11:28:42,538 - GUROBI MIP SOLVER  |  FILE: X-n336-k84.vrp
2026-05-03 11:28:42,538 - ======================================================================
2026-05-03 11:28:42,696 - Thông tin dữ liệu: Dimension=336, K=84, Capacity=203
2026-05-03 11:28:42,696 - --- Step 1: Clarke-Wright Heuristic ---
2026-05-03 11:28:44,067 -   Kết quả CW: Cost = 264589, Time = 1.371s
2026-05-03 11:28:44,067 - --- Step 2: Advanced Optimization (Gurobi MIP) ---
2026-05-03 11:28:44,068 - =========================================
2026-05-03 11:28:44,068 - BẮT ĐẦU OPTIMIZE  (100% Gurobi MIP)
2026-05-03 11:28:44,068 -  -> Max Single Size  : 20
2026-05-03 11:28:44,068 -  -> Single Timeout   : 40.0s
2026-05-03 11:28:44,068 -  -> Max Pairwise Size: 16
2026-05-03 11:28:44,068 -  -> Pairwise Timeout : 40.0s
2026-05-03 11:28:44,068 -  -> Global Timeout   : 1200.0s
2026-05-03 11:28:44,068 -  -> Chi phí khởi điểm: 264589
2026-05-03 11:28:44,071 - =========================================
2026-05-03 11:28:44,072 - === BẮT ĐẦU CHẶNG 4: GUROBI MIP CHÍNH XÁC | Cost: 264589 ===
2026-05-03 11:28:44,072 -   [GĐ 4.1] Giải bài toán TSP trên từng tuyến đơn...
2026-05-03 11:28:46,353 -     -> Single Gurobi cải thiện: 56536. Cost mới: 208053
2026-05-03 11:28:46,353 -   [GĐ 4.2] Xét từng cặp tuyến để phân bổ lại khách hàng...
2026-05-03 11:28:46,354 -   --- Pairwise Iter 1 (còn 1198s) ---
2026-05-03 11:28:51,295 -     [P4.2] Pair (76,79) giảm 406 -> BEST = 207647
2026-05-03 11:28:51,340 -   --- Pairwise Iter 2 (còn 1193s) ---
2026-05-03 11:28:51,889 -     [P4.2] Pair (74,75) giảm 463 -> BEST = 207184
2026-05-03 11:28:51,943 -   --- Pairwise Iter 3 (còn 1192s) ---
2026-05-03 11:28:53,191 -     [P4.2] Pair (16,83) giảm 1163 -> BEST = 206021
2026-05-03 11:28:53,597 -   --- Pairwise Iter 4 (còn 1190s) ---
2026-05-03 11:28:54,676 -     [P4.2] Pair (17,63) giảm 106 -> BEST = 205915
2026-05-03 11:28:54,700 -   --- Pairwise Iter 5 (còn 1189s) ---
2026-05-03 11:29:07,923 -     [P4.2] Pair (78,79) giảm 460 -> BEST = 205455
2026-05-03 11:29:08,088 -   --- Pairwise Iter 6 (còn 1176s) ---
2026-05-03 11:29:10,120 -     [P4.2] Pair (17,45) giảm 912 -> BEST = 204543
2026-05-03 11:29:10,144 -   --- Pairwise Iter 7 (còn 1174s) ---
2026-05-03 11:29:13,879 -     [P4.2] Pair (73,80) giảm 292 -> BEST = 204251
2026-05-03 11:29:13,975 -   --- Pairwise Iter 8 (còn 1170s) ---
2026-05-03 11:29:23,278 -     [P4.2] Pair (37,80) giảm 796 -> BEST = 203455
2026-05-03 11:29:23,322 -   --- Pairwise Iter 9 (còn 1161s) ---
2026-05-03 11:29:25,782 -     [P4.2] Pair (76,80) giảm 141 -> BEST = 203314
2026-05-03 11:29:25,847 -   --- Pairwise Iter 10 (còn 1158s) ---
2026-05-03 11:29:35,755 -     [P4.2] Pair (2,58) giảm 412 -> BEST = 202902
2026-05-03 11:29:35,780 -   --- Pairwise Iter 11 (còn 1148s) ---
2026-05-03 11:29:46,679 -     [P4.2] Pair (57,76) giảm 374 -> BEST = 202528
2026-05-03 11:29:46,704 -   --- Pairwise Iter 12 (còn 1137s) ---
2026-05-03 11:29:56,395 -     [P4.2] Pair (37,57) giảm 139 -> BEST = 202389
2026-05-03 11:29:56,429 -   --- Pairwise Iter 13 (còn 1128s) ---
2026-05-03 11:30:08,666 -     [P4.2] Pair (37,77) giảm 81 -> BEST = 202308
2026-05-03 11:30:08,690 -   --- Pairwise Iter 14 (còn 1115s) ---
2026-05-03 11:30:19,423 -     [P4.2] Pair (9,37) giảm 183 -> BEST = 202125
2026-05-03 11:30:19,447 -   --- Pairwise Iter 15 (còn 1105s) ---
2026-05-03 11:30:28,208 -     [P4.2] Pair (37,45) giảm 313 -> BEST = 201812
2026-05-03 11:30:28,233 -   --- Pairwise Iter 16 (còn 1096s) ---
2026-05-03 11:30:39,894 -     [P4.2] Pair (65,66) giảm 193 -> BEST = 201619
2026-05-03 11:30:39,918 -   --- Pairwise Iter 17 (còn 1084s) ---
2026-05-03 11:31:02,014 -     [P4.2] Pair (19,56) giảm 66 -> BEST = 201553
2026-05-03 11:31:02,038 -   --- Pairwise Iter 18 (còn 1062s) ---
2026-05-03 11:31:29,291 -     [P4.2] Pair (70,79) giảm 476 -> BEST = 201077
2026-05-03 11:31:29,426 -   --- Pairwise Iter 19 (còn 1035s) ---
2026-05-03 11:31:31,862 -     [P4.2] Pair (61,70) giảm 456 -> BEST = 200621
2026-05-03 11:31:31,886 -   --- Pairwise Iter 20 (còn 1032s) ---
2026-05-03 11:31:55,615 -     [P4.2] Pair (69,70) giảm 11 -> BEST = 200610
2026-05-03 11:31:55,639 -   --- Pairwise Iter 21 (còn 1008s) ---
2026-05-03 11:31:57,807 -     [P4.2] Pair (61,70) giảm 27 -> BEST = 200583
2026-05-03 11:31:57,842 -   --- Pairwise Iter 22 (còn 1006s) ---
2026-05-03 11:32:00,627 -     [P4.2] Pair (61,64) giảm 328 -> BEST = 200255
2026-05-03 11:32:00,651 -   --- Pairwise Iter 23 (còn 1003s) ---
2026-05-03 11:32:07,577 -     [P4.2] Pair (64,66) giảm 114 -> BEST = 200141
2026-05-03 11:32:07,612 -   --- Pairwise Iter 24 (còn 996s) ---
2026-05-03 11:32:32,930 -     [P4.2] Pair (57,61) giảm 776 -> BEST = 199365
2026-05-03 11:32:32,964 -   --- Pairwise Iter 25 (còn 971s) ---
2026-05-03 11:32:58,450 -     [P4.2] Pair (71,72) giảm 135 -> BEST = 199230
2026-05-03 11:32:58,474 -   --- Pairwise Iter 26 (còn 946s) ---
2026-05-03 11:33:22,681 -     [P4.2] Pair (71,77) giảm 98 -> BEST = 199132
2026-05-03 11:33:22,735 -   --- Pairwise Iter 27 (còn 921s) ---
2026-05-03 11:34:01,027 -     [P4.2] Pair (14,81) giảm 60 -> BEST = 199072
2026-05-03 11:34:01,405 -   --- Pairwise Iter 28 (còn 883s) ---
2026-05-03 11:34:32,857 -     [P4.2] Pair (45,73) giảm 215 -> BEST = 198857
2026-05-03 11:34:32,892 -   --- Pairwise Iter 29 (còn 851s) ---
2026-05-03 11:34:40,389 -     [P4.2] Pair (45,74) giảm 140 -> BEST = 198717
2026-05-03 11:34:40,453 -   --- Pairwise Iter 30 (còn 844s) ---
2026-05-03 11:34:40,992 -     [P4.2] Pair (74,75) giảm 34 -> BEST = 198683
2026-05-03 11:34:41,036 -   --- Pairwise Iter 31 (còn 843s) ---
2026-05-03 11:34:47,480 -     [P4.2] Pair (45,77) giảm 322 -> BEST = 198361
2026-05-03 11:34:47,525 -   --- Pairwise Iter 32 (còn 837s) ---
2026-05-03 11:34:55,589 -     [P4.2] Pair (9,45) giảm 234 -> BEST = 198127
2026-05-03 11:34:55,623 -   --- Pairwise Iter 33 (còn 828s) ---
2026-05-03 11:35:25,017 -     [P4.2] Pair (56,80) giảm 196 -> BEST = 197931
2026-05-03 11:35:25,061 -   --- Pairwise Iter 34 (còn 799s) ---
2026-05-03 11:35:55,103 -     [P4.2] Pair (37,45) giảm 91 -> BEST = 197840
2026-05-03 11:35:55,148 -   --- Pairwise Iter 35 (còn 769s) ---
2026-05-03 11:36:25,477 -     [P4.2] Pair (1,69) giảm 496 -> BEST = 197344
2026-05-03 11:36:25,502 -   --- Pairwise Iter 36 (còn 739s) ---
2026-05-03 11:37:00,520 -     [P4.2] Pair (35,81) giảm 376 -> BEST = 196968
2026-05-03 11:37:00,554 -   --- Pairwise Iter 37 (còn 704s) ---
2026-05-03 11:37:42,429 -     [P4.2] Pair (35,57) giảm 183 -> BEST = 196785
2026-05-03 11:37:43,069 -   --- Pairwise Iter 38 (còn 661s) ---
2026-05-03 11:37:51,785 -     [P4.2] Pair (15,35) giảm 73 -> BEST = 196712
2026-05-03 11:37:51,830 -   --- Pairwise Iter 39 (còn 652s) ---
2026-05-03 11:38:20,834 -     [P4.2] Pair (57,70) giảm 118 -> BEST = 196594
2026-05-03 11:38:21,342 -   --- Pairwise Iter 40 (còn 623s) ---
2026-05-03 11:39:18,448 -     [P4.2] Pair (56,57) giảm 236 -> BEST = 196358
2026-05-03 11:39:18,492 -   --- Pairwise Iter 41 (còn 566s) ---
2026-05-03 11:40:01,930 -     [P4.2] Pair (6,56) giảm 41 -> BEST = 196317
2026-05-03 11:40:01,955 -   --- Pairwise Iter 42 (còn 522s) ---
2026-05-03 11:40:45,417 -     [P4.2] Pair (15,23) giảm 155 -> BEST = 196162
2026-05-03 11:40:45,442 -   --- Pairwise Iter 43 (còn 479s) ---
2026-05-03 11:40:46,913 -     [P4.2] Pair (23,35) giảm 192 -> BEST = 195970
2026-05-03 11:40:46,937 -   --- Pairwise Iter 44 (còn 477s) ---
2026-05-03 11:41:33,121 -     [P4.2] Pair (73,81) giảm 302 -> BEST = 195668
2026-05-03 11:41:33,166 -   --- Pairwise Iter 45 (còn 431s) ---
2026-05-03 11:42:17,199 -     [P4.2] Pair (73,77) giảm 250 -> BEST = 195418
2026-05-03 11:42:17,223 -   --- Pairwise Iter 46 (còn 387s) ---
2026-05-03 11:43:43,835 -     [P4.2] Pair (57,78) giảm 96 -> BEST = 195322
2026-05-03 11:43:43,910 -   --- Pairwise Iter 47 (còn 300s) ---
2026-05-03 11:44:26,190 -     [P4.2] Pair (6,78) giảm 3 -> BEST = 195319
2026-05-03 11:44:26,234 -   --- Pairwise Iter 48 (còn 258s) ---
2026-05-03 11:45:16,222 -     [P4.2] Pair (57,78) giảm 276 -> BEST = 195043
2026-05-03 11:45:16,267 -   --- Pairwise Iter 49 (còn 208s) ---
2026-05-03 11:45:16,991 -     [P4.2] Pair (32,78) giảm 35 -> BEST = 195008
2026-05-03 11:45:17,046 -   --- Pairwise Iter 50 (còn 207s) ---
2026-05-03 11:45:59,518 -     [P4.2] Pair (6,78) giảm 23 -> BEST = 194985
2026-05-03 11:45:59,572 -   --- Pairwise Iter 51 (còn 164s) ---
2026-05-03 11:47:02,166 -     [P4.2] Pair (23,79) giảm 88 -> BEST = 194897
2026-05-03 11:47:02,241 -   --- Pairwise Iter 52 (còn 102s) ---
2026-05-03 11:47:04,626 -     [P4.2] Pair (35,79) giảm 402 -> BEST = 194495
2026-05-03 11:47:04,650 -   --- Pairwise Iter 53 (còn 99s) ---
2026-05-03 11:47:09,089 -     [P4.2] Pair (14,23) giảm 481 -> BEST = 194014
2026-05-03 11:47:09,123 -   --- Pairwise Iter 54 (còn 95s) ---
2026-05-03 11:47:55,977 -     [P4.2] Pair (23,63) giảm 617 -> BEST = 193397
2026-05-03 11:47:56,001 -   --- Pairwise Iter 55 (còn 48s) ---
2026-05-03 11:47:57,433 -     [P4.2] Pair (18,23) giảm 45 -> BEST = 193352
2026-05-03 11:47:57,457 -   --- Pairwise Iter 56 (còn 47s) ---
2026-05-03 11:48:01,582 -     [P4.2] Pair (1,23) giảm 157 -> BEST = 193195
2026-05-03 11:48:01,607 -   --- Pairwise Iter 57 (còn 42s) ---
2026-05-03 11:48:06,438 -     [P4.2] Pair (23,70) giảm 61 -> BEST = 193134
2026-05-03 11:48:06,462 -   --- Pairwise Iter 58 (còn 38s) ---
2026-05-03 11:48:42,102 -     -> Đã đạt cực trị toàn cục cho mọi cặp dưới ngưỡng. KẾT THÚC CHẶNG 4.
2026-05-03 11:48:42,103 - Hoàn thành trong 1198.0s. Final Cost: 193134
2026-05-03 11:48:42,103 - ======================================================================
2026-05-03 11:48:42,103 - BÁO CÁO TỔNG KẾT (SUMMARY)
2026-05-03 11:48:42,103 - ======================================================================
2026-05-03 11:48:42,103 -   1. Chi phí Clarke-Wright:     264589
2026-05-03 11:48:42,103 -   2. Chi phí sau Gurobi MIP:    193134
2026-05-03 11:48:42,103 -   => TỔNG CẢI THIỆN:            71455
2026-05-03 11:48:42,103 -   => Số lần Gurobi Single cải thiện  : 60 lần
2026-05-03 11:48:42,103 -   => Số lần Gurobi Pairwise cải thiện: 57 lần
2026-05-03 11:48:42,103 -   => TỔNG THỜI GIAN CHẠY:       1199.406s
2026-05-03 11:48:42,109 - ======================================================================
2026-05-03 11:48:42,109 - GUROBI MIP SOLVER  |  FILE: X-n344-k43.vrp
2026-05-03 11:48:42,109 - ======================================================================
2026-05-03 11:48:42,276 - Thông tin dữ liệu: Dimension=344, K=43, Capacity=61
2026-05-03 11:48:42,276 - --- Step 1: Clarke-Wright Heuristic ---
2026-05-03 11:48:42,585 -   Kết quả CW: Cost = 137751, Time = 0.309s
2026-05-03 11:48:42,585 - --- Step 2: Advanced Optimization (Gurobi MIP) ---
2026-05-03 11:48:42,586 - =========================================
2026-05-03 11:48:42,586 - BẮT ĐẦU OPTIMIZE  (100% Gurobi MIP)
2026-05-03 11:48:42,586 -  -> Max Single Size  : 20
2026-05-03 11:48:42,586 -  -> Single Timeout   : 40.0s
2026-05-03 11:48:42,586 -  -> Max Pairwise Size: 28
2026-05-03 11:48:42,586 -  -> Pairwise Timeout : 80.0s
2026-05-03 11:48:42,586 -  -> Global Timeout   : 1200.0s
2026-05-03 11:48:42,586 -  -> Chi phí khởi điểm: 137751
2026-05-03 11:48:42,586 - =========================================
2026-05-03 11:48:42,586 - === BẮT ĐẦU CHẶNG 4: GUROBI MIP CHÍNH XÁC | Cost: 137751 ===
2026-05-03 11:48:42,586 -   [GĐ 4.1] Giải bài toán TSP trên từng tuyến đơn...
2026-05-03 11:48:45,152 -     -> Single Gurobi cải thiện: 38825. Cost mới: 98926
2026-05-03 11:48:45,152 -   [GĐ 4.2] Xét từng cặp tuyến để phân bổ lại khách hàng...
2026-05-03 11:48:45,152 -   --- Pairwise Iter 1 (còn 1197s) ---
2026-05-03 11:50:05,205 -     [P4.2] Pair (32,41) giảm 1231 -> BEST = 97695
2026-05-03 11:50:05,633 -   --- Pairwise Iter 2 (còn 1117s) ---
2026-05-03 11:51:10,688 -     [P4.2] Pair (20,35) giảm 722 -> BEST = 96973
2026-05-03 11:51:10,863 -   --- Pairwise Iter 3 (còn 1052s) ---
2026-05-03 11:51:12,178 -     [P4.2] Pair (3,4) giảm 378 -> BEST = 96595
2026-05-03 11:51:12,202 -   --- Pairwise Iter 4 (còn 1050s) ---
2026-05-03 11:52:32,272 -     [P4.2] Pair (26,31) giảm 818 -> BEST = 95777
2026-05-03 11:52:32,488 -   --- Pairwise Iter 5 (còn 970s) ---
2026-05-03 11:53:52,561 -     [P4.2] Pair (26,31) giảm 1 -> BEST = 95776
2026-05-03 11:53:52,777 -   --- Pairwise Iter 6 (còn 890s) ---
2026-05-03 11:55:12,829 -     [P4.2] Pair (23,30) giảm 330 -> BEST = 95446
2026-05-03 11:55:13,188 -   --- Pairwise Iter 7 (còn 809s) ---
2026-05-03 11:55:48,894 -     [P4.2] Pair (34,42) giảm 2103 -> BEST = 93343
2026-05-03 11:55:49,009 -   --- Pairwise Iter 8 (còn 774s) ---
2026-05-03 11:57:09,045 -     [P4.2] Pair (14,30) giảm 1303 -> BEST = 92040
2026-05-03 11:57:09,332 -   --- Pairwise Iter 9 (còn 693s) ---
2026-05-03 11:58:22,725 -     [P4.2] Pair (39,41) giảm 205 -> BEST = 91835
2026-05-03 11:58:22,910 -   --- Pairwise Iter 10 (còn 620s) ---
2026-05-03 11:58:45,822 -     [P4.2] Pair (14,36) giảm 788 -> BEST = 91047
2026-05-03 11:58:46,028 -   --- Pairwise Iter 11 (còn 597s) ---
2026-05-03 12:00:06,071 -     [P4.2] Pair (15,24) giảm 158 -> BEST = 90889
2026-05-03 12:00:06,226 -   --- Pairwise Iter 12 (còn 516s) ---
2026-05-03 12:00:48,761 -     [P4.2] Pair (19,39) giảm 305 -> BEST = 90584
2026-05-03 12:00:48,977 -   --- Pairwise Iter 13 (còn 474s) ---
2026-05-03 12:00:51,472 -     [P4.2] Pair (8,27) giảm 797 -> BEST = 89787
2026-05-03 12:00:51,536 -   --- Pairwise Iter 14 (còn 471s) ---
2026-05-03 12:02:11,597 -     [P4.2] Pair (30,34) giảm 177 -> BEST = 89610
2026-05-03 12:02:11,722 -   --- Pairwise Iter 15 (còn 391s) ---
2026-05-03 12:02:40,604 -     [P4.2] Pair (21,27) giảm 488 -> BEST = 89122
2026-05-03 12:02:40,719 -   --- Pairwise Iter 16 (còn 362s) ---
2026-05-03 12:04:00,770 -     [P4.2] Pair (23,37) giảm 725 -> BEST = 88397
2026-05-03 12:04:01,219 -   --- Pairwise Iter 17 (còn 281s) ---
2026-05-03 12:05:21,276 -     [P4.2] Pair (41,42) giảm 395 -> BEST = 88002
2026-05-03 12:05:24,357 -       [S-re] Route 42: 1790 → 1765  (−25) | BEST = 87977
2026-05-03 12:05:24,358 -   --- Pairwise Iter 18 (còn 198s) ---
2026-05-03 12:06:44,407 -     [P4.2] Pair (8,41) giảm 242 -> BEST = 87735
2026-05-03 12:06:45,026 -   --- Pairwise Iter 19 (còn 118s) ---
2026-05-03 12:08:05,061 -     [P4.2] Pair (17,26) giảm 607 -> BEST = 87128
2026-05-03 12:08:05,429 -   --- Pairwise Iter 20 (còn 37s) ---
2026-05-03 12:08:40,621 -     [P4.2] Pair (38,42) giảm 291 -> BEST = 86837
2026-05-03 12:08:40,621 -   --- Pairwise Iter 21 (còn 2s) ---
2026-05-03 12:08:40,637 -     -> Đã đạt cực trị toàn cục cho mọi cặp dưới ngưỡng. KẾT THÚC CHẶNG 4.
2026-05-03 12:08:40,637 - Hoàn thành trong 1198.1s. Final Cost: 86837
2026-05-03 12:08:40,637 - ======================================================================
2026-05-03 12:08:40,637 - BÁO CÁO TỔNG KẾT (SUMMARY)
2026-05-03 12:08:40,637 - ======================================================================
2026-05-03 12:08:40,637 -   1. Chi phí Clarke-Wright:     137751
2026-05-03 12:08:40,637 -   2. Chi phí sau Gurobi MIP:    86837
2026-05-03 12:08:40,637 -   => TỔNG CẢI THIỆN:            50914
2026-05-03 12:08:40,637 -   => Số lần Gurobi Single cải thiện  : 44 lần
2026-05-03 12:08:40,637 -   => Số lần Gurobi Pairwise cải thiện: 20 lần
2026-05-03 12:08:40,637 -   => TỔNG THỜI GIAN CHẠY:       1198.360s
2026-05-03 12:08:40,642 - ======================================================================
2026-05-03 12:08:40,642 - GUROBI MIP SOLVER  |  FILE: X-n351-k40.vrp
2026-05-03 12:08:40,642 - ======================================================================
2026-05-03 12:08:40,813 - Thông tin dữ liệu: Dimension=351, K=40, Capacity=436
2026-05-03 12:08:40,813 - --- Step 1: Clarke-Wright Heuristic ---
2026-05-03 12:08:41,458 -   Kết quả CW: Cost = 117334, Time = 0.645s
2026-05-03 12:08:41,459 - --- Step 2: Advanced Optimization (Gurobi MIP) ---
2026-05-03 12:08:41,459 - =========================================
2026-05-03 12:08:41,459 - BẮT ĐẦU OPTIMIZE  (100% Gurobi MIP)
2026-05-03 12:08:41,459 -  -> Max Single Size  : 21
2026-05-03 12:08:41,459 -  -> Single Timeout   : 40.0s
2026-05-03 12:08:41,459 -  -> Max Pairwise Size: 28
2026-05-03 12:08:41,459 -  -> Pairwise Timeout : 88.0s
2026-05-03 12:08:41,459 -  -> Global Timeout   : 1200.0s
2026-05-03 12:08:41,459 -  -> Chi phí khởi điểm: 117334
2026-05-03 12:08:41,459 - =========================================
2026-05-03 12:08:41,459 - === BẮT ĐẦU CHẶNG 4: GUROBI MIP CHÍNH XÁC | Cost: 117334 ===
2026-05-03 12:08:41,459 -   [GĐ 4.1] Giải bài toán TSP trên từng tuyến đơn...
2026-05-03 12:08:45,316 -     -> Single Gurobi cải thiện: 38689. Cost mới: 78645
2026-05-03 12:08:45,316 -   [GĐ 4.2] Xét từng cặp tuyến để phân bổ lại khách hàng...
2026-05-03 12:08:45,316 -   --- Pairwise Iter 1 (còn 1196s) ---
2026-05-03 12:10:14,009 -     [P4.2] Pair (32,33) giảm 964 -> BEST = 77681
2026-05-03 12:10:17,039 -   --- Pairwise Iter 2 (còn 1104s) ---
2026-05-03 12:11:45,988 -     [P4.2] Pair (12,32) giảm 197 -> BEST = 77484
2026-05-03 12:11:46,264 -   --- Pairwise Iter 3 (còn 1015s) ---
2026-05-03 12:12:02,779 -     [P4.2] Pair (9,35) giảm 131 -> BEST = 77353
2026-05-03 12:12:02,854 -   --- Pairwise Iter 4 (còn 999s) ---
2026-05-03 12:13:16,921 -     [P4.2] Pair (4,36) giảm 995 -> BEST = 76358
2026-05-03 12:13:17,198 -   --- Pairwise Iter 5 (còn 924s) ---
2026-05-03 12:15:13,358 -     [P4.2] Pair (9,34) giảm 343 -> BEST = 76015
2026-05-03 12:15:13,776 -   --- Pairwise Iter 6 (còn 808s) ---
2026-05-03 12:18:29,664 -     [P4.2] Pair (12,36) giảm 67 -> BEST = 75948
2026-05-03 12:18:32,338 -       [S-re] Route 12: 750 → 743  (−7) | BEST = 75941
2026-05-03 12:18:32,350 -   --- Pairwise Iter 7 (còn 609s) ---
2026-05-03 12:20:12,615 -     [P4.2] Pair (4,36) giảm 156 -> BEST = 75785
2026-05-03 12:20:12,911 -   --- Pairwise Iter 8 (còn 509s) ---
2026-05-03 12:22:22,444 -     [P4.2] Pair (12,22) giảm 96 -> BEST = 75689
2026-05-03 12:22:22,660 -   --- Pairwise Iter 9 (còn 379s) ---
2026-05-03 12:24:29,671 -     [P4.2] Pair (22,26) giảm 514 -> BEST = 75175
2026-05-03 12:24:29,968 -   --- Pairwise Iter 10 (còn 251s) ---
2026-05-03 12:28:16,598 -     [P4.2] Pair (6,37) giảm 408 -> BEST = 74767
2026-05-03 12:28:19,244 -   --- Pairwise Iter 11 (còn 22s) ---
2026-05-03 12:28:39,555 -     -> Đã đạt cực trị toàn cục cho mọi cặp dưới ngưỡng. KẾT THÚC CHẶNG 4.
2026-05-03 12:28:39,555 - Hoàn thành trong 1198.1s. Final Cost: 74767
2026-05-03 12:28:39,555 - ======================================================================
2026-05-03 12:28:39,555 - BÁO CÁO TỔNG KẾT (SUMMARY)
2026-05-03 12:28:39,555 - ======================================================================
2026-05-03 12:28:39,555 -   1. Chi phí Clarke-Wright:     117334
2026-05-03 12:28:39,555 -   2. Chi phí sau Gurobi MIP:    74767
2026-05-03 12:28:39,555 -   => TỔNG CẢI THIỆN:            42567
2026-05-03 12:28:39,555 -   => Số lần Gurobi Single cải thiện  : 39 lần
2026-05-03 12:28:39,555 -   => Số lần Gurobi Pairwise cải thiện: 10 lần
2026-05-03 12:28:39,555 -   => TỔNG THỜI GIAN CHẠY:       1198.742s
2026-05-03 12:28:39,560 - ======================================================================
2026-05-03 12:28:39,560 - GUROBI MIP SOLVER  |  FILE: X-n359-k29.vrp
2026-05-03 12:28:39,560 - ======================================================================
2026-05-03 12:28:39,737 - Thông tin dữ liệu: Dimension=359, K=29, Capacity=68
2026-05-03 12:28:39,737 - --- Step 1: Clarke-Wright Heuristic ---
2026-05-03 12:28:39,929 -   Kết quả CW: Cost = 64627, Time = 0.192s
2026-05-03 12:28:39,929 - --- Step 2: Advanced Optimization (Gurobi MIP) ---
2026-05-03 12:28:39,929 - =========================================
2026-05-03 12:28:39,930 - BẮT ĐẦU OPTIMIZE  (100% Gurobi MIP)
2026-05-03 12:28:39,930 -  -> Max Single Size  : 30
2026-05-03 12:28:39,930 -  -> Single Timeout   : 40.0s
2026-05-03 12:28:39,930 -  -> Max Pairwise Size: 28
2026-05-03 12:28:39,930 -  -> Pairwise Timeout : 124.0s
2026-05-03 12:28:39,930 -  -> Global Timeout   : 1200.0s
2026-05-03 12:28:39,930 -  -> Chi phí khởi điểm: 64627
2026-05-03 12:28:39,930 - =========================================
2026-05-03 12:28:39,930 - === BẮT ĐẦU CHẶNG 4: GUROBI MIP CHÍNH XÁC | Cost: 64627 ===
2026-05-03 12:28:39,930 -   [GĐ 4.1] Giải bài toán TSP trên từng tuyến đơn...
2026-05-03 12:39:53,830 -     -> Single Gurobi cải thiện: 4258. Cost mới: 60369
2026-05-03 12:39:53,830 -   [GĐ 4.2] Xét từng cặp tuyến để phân bổ lại khách hàng...
2026-05-03 12:39:53,830 -   --- Pairwise Iter 1 (còn 526s) ---
2026-05-03 12:44:01,973 -     [P4.2] Pair (25,27) giảm 64 -> BEST = 60305
2026-05-03 12:44:18,198 -   --- Pairwise Iter 2 (còn 262s) ---
2026-05-03 12:46:22,297 -     [P4.2] Pair (20,25) giảm 4 -> BEST = 60301
2026-05-03 12:47:02,617 -   --- Pairwise Iter 3 (còn 97s) ---
2026-05-03 12:48:37,997 -     -> Đã đạt cực trị toàn cục cho mọi cặp dưới ngưỡng. KẾT THÚC CHẶNG 4.
2026-05-03 12:48:37,997 - Hoàn thành trong 1198.1s. Final Cost: 60301
2026-05-03 12:48:37,997 - ======================================================================
2026-05-03 12:48:37,997 - BÁO CÁO TỔNG KẾT (SUMMARY)
2026-05-03 12:48:37,997 - ======================================================================
2026-05-03 12:48:37,997 -   1. Chi phí Clarke-Wright:     64627
2026-05-03 12:48:37,997 -   2. Chi phí sau Gurobi MIP:    60301
2026-05-03 12:48:37,997 -   => TỔNG CẢI THIỆN:            4326
2026-05-03 12:48:37,997 -   => Số lần Gurobi Single cải thiện  : 29 lần
2026-05-03 12:48:37,997 -   => Số lần Gurobi Pairwise cải thiện: 2 lần
2026-05-03 12:48:37,997 -   => TỔNG THỜI GIAN CHẠY:       1198.260s
2026-05-03 12:48:38,003 - ======================================================================
2026-05-03 12:48:38,003 - GUROBI MIP SOLVER  |  FILE: X-n367-k17.vrp
2026-05-03 12:48:38,003 - ======================================================================
2026-05-03 12:48:38,187 - Thông tin dữ liệu: Dimension=367, K=17, Capacity=218
2026-05-03 12:48:38,187 - --- Step 1: Clarke-Wright Heuristic ---
2026-05-03 12:48:38,427 -   Kết quả CW: Cost = 30991, Time = 0.239s
2026-05-03 12:48:38,427 - --- Step 2: Advanced Optimization (Gurobi MIP) ---
2026-05-03 12:48:38,427 - =========================================
2026-05-03 12:48:38,427 - BẮT ĐẦU OPTIMIZE  (100% Gurobi MIP)
2026-05-03 12:48:38,427 -  -> Max Single Size  : 35
2026-05-03 12:48:38,427 -  -> Single Timeout   : 40.0s
2026-05-03 12:48:38,427 -  -> Max Pairwise Size: 28
2026-05-03 12:48:38,427 -  -> Pairwise Timeout : 150.0s
2026-05-03 12:48:38,427 -  -> Global Timeout   : 1200.0s
2026-05-03 12:48:38,427 -  -> Chi phí khởi điểm: 30991
2026-05-03 12:48:38,427 - =========================================
2026-05-03 12:48:38,427 - === BẮT ĐẦU CHẶNG 4: GUROBI MIP CHÍNH XÁC | Cost: 30991 ===
2026-05-03 12:48:38,427 -   [GĐ 4.1] Giải bài toán TSP trên từng tuyến đơn...
2026-05-03 12:54:43,424 -     -> Single Gurobi cải thiện: 2621. Cost mới: 28370
2026-05-03 12:54:43,425 -   [GĐ 4.2] Xét từng cặp tuyến để phân bổ lại khách hàng...
2026-05-03 12:54:43,425 -   --- Pairwise Iter 1 (còn 835s) ---
2026-05-03 12:59:43,587 -     [P4.2] Pair (3,4) giảm 71 -> BEST = 28299
2026-05-03 13:01:03,669 -   --- Pairwise Iter 2 (còn 455s) ---
2026-05-03 13:08:36,474 -     -> Đã đạt cực trị toàn cục cho mọi cặp dưới ngưỡng. KẾT THÚC CHẶNG 4.
2026-05-03 13:08:36,475 - Hoàn thành trong 1198.0s. Final Cost: 28299
2026-05-03 13:08:36,475 - ======================================================================
2026-05-03 13:08:36,475 - BÁO CÁO TỔNG KẾT (SUMMARY)
2026-05-03 13:08:36,475 - ======================================================================
2026-05-03 13:08:36,475 -   1. Chi phí Clarke-Wright:     30991
2026-05-03 13:08:36,475 -   2. Chi phí sau Gurobi MIP:    28299
2026-05-03 13:08:36,475 -   => TỔNG CẢI THIỆN:            2692
2026-05-03 13:08:36,475 -   => Số lần Gurobi Single cải thiện  : 15 lần
2026-05-03 13:08:36,475 -   => Số lần Gurobi Pairwise cải thiện: 1 lần
2026-05-03 13:08:36,475 -   => TỔNG THỜI GIAN CHẠY:       1198.287s
2026-05-03 13:08:36,480 - ======================================================================
2026-05-03 13:08:36,480 - GUROBI MIP SOLVER  |  FILE: X-n376-k94.vrp
2026-05-03 13:08:36,480 - ======================================================================
2026-05-03 13:08:36,672 - Thông tin dữ liệu: Dimension=376, K=94, Capacity=4
2026-05-03 13:08:36,672 - --- Step 1: Clarke-Wright Heuristic ---
2026-05-03 13:08:36,828 -   Kết quả CW: Cost = 159753, Time = 0.156s
2026-05-03 13:08:36,828 - --- Step 2: Advanced Optimization (Gurobi MIP) ---
2026-05-03 13:08:36,828 - =========================================
2026-05-03 13:08:36,828 - BẮT ĐẦU OPTIMIZE  (100% Gurobi MIP)
2026-05-03 13:08:36,828 -  -> Max Single Size  : 20
2026-05-03 13:08:36,828 -  -> Single Timeout   : 40.0s
2026-05-03 13:08:36,828 -  -> Max Pairwise Size: 16
2026-05-03 13:08:36,828 -  -> Pairwise Timeout : 40.0s
2026-05-03 13:08:36,828 -  -> Global Timeout   : 1200.0s
2026-05-03 13:08:36,828 -  -> Chi phí khởi điểm: 159753
2026-05-03 13:08:36,828 - =========================================
2026-05-03 13:08:36,828 - === BẮT ĐẦU CHẶNG 4: GUROBI MIP CHÍNH XÁC | Cost: 159753 ===
2026-05-03 13:08:36,829 -   [GĐ 4.1] Giải bài toán TSP trên từng tuyến đơn...
2026-05-03 13:08:38,098 -     -> Single Gurobi cải thiện: 1003. Cost mới: 158750
2026-05-03 13:08:38,099 -   [GĐ 4.2] Xét từng cặp tuyến để phân bổ lại khách hàng...
2026-05-03 13:08:38,099 -   --- Pairwise Iter 1 (còn 1199s) ---
2026-05-03 13:08:38,380 -     [P4.2] Pair (21,48) giảm 92 -> BEST = 158658
2026-05-03 13:08:38,405 -   --- Pairwise Iter 2 (còn 1198s) ---
2026-05-03 13:08:39,171 -     [P4.2] Pair (17,61) giảm 43 -> BEST = 158615
2026-05-03 13:08:39,196 -   --- Pairwise Iter 3 (còn 1198s) ---
2026-05-03 13:08:39,821 -     [P4.2] Pair (81,92) giảm 98 -> BEST = 158517
2026-05-03 13:08:39,856 -   --- Pairwise Iter 4 (còn 1197s) ---
2026-05-03 13:08:40,088 -     [P4.2] Pair (21,55) giảm 21 -> BEST = 158496
2026-05-03 13:08:40,122 -   --- Pairwise Iter 5 (còn 1197s) ---
2026-05-03 13:08:40,363 -     [P4.2] Pair (34,41) giảm 30 -> BEST = 158466
2026-05-03 13:08:40,388 -   --- Pairwise Iter 6 (còn 1196s) ---
2026-05-03 13:08:40,922 -     [P4.2] Pair (58,79) giảm 6 -> BEST = 158460
2026-05-03 13:08:40,946 -   --- Pairwise Iter 7 (còn 1196s) ---
2026-05-03 13:08:41,137 -     [P4.2] Pair (11,48) giảm 2 -> BEST = 158458
2026-05-03 13:08:41,162 -   --- Pairwise Iter 8 (còn 1196s) ---
2026-05-03 13:08:42,535 -     [P4.2] Pair (24,87) giảm 3 -> BEST = 158455
2026-05-03 13:08:42,559 -   --- Pairwise Iter 9 (còn 1194s) ---
2026-05-03 13:08:44,459 -     [P4.2] Pair (43,91) giảm 17 -> BEST = 158438
2026-05-03 13:08:44,483 -   --- Pairwise Iter 10 (còn 1192s) ---
2026-05-03 13:08:46,919 -     [P4.2] Pair (59,93) giảm 12 -> BEST = 158426
2026-05-03 13:08:46,953 -   --- Pairwise Iter 11 (còn 1190s) ---
2026-05-03 13:08:49,349 -     [P4.2] Pair (6,86) giảm 24 -> BEST = 158402
2026-05-03 13:08:49,373 -   --- Pairwise Iter 12 (còn 1187s) ---
2026-05-03 13:08:52,164 -     [P4.2] Pair (68,91) giảm 12 -> BEST = 158390
2026-05-03 13:08:52,199 -   --- Pairwise Iter 13 (còn 1185s) ---
2026-05-03 13:08:54,912 -     [P4.2] Pair (24,29) giảm 436 -> BEST = 157954
2026-05-03 13:08:54,937 -   --- Pairwise Iter 14 (còn 1182s) ---
2026-05-03 13:08:56,189 -     [P4.2] Pair (24,87) giảm 6 -> BEST = 157948
2026-05-03 13:08:56,213 -   --- Pairwise Iter 15 (còn 1181s) ---
2026-05-03 13:09:00,256 -     [P4.2] Pair (5,35) giảm 5 -> BEST = 157943
2026-05-03 13:09:00,281 -   --- Pairwise Iter 16 (còn 1177s) ---
2026-05-03 13:09:05,615 -     [P4.2] Pair (24,58) giảm 53 -> BEST = 157890
2026-05-03 13:09:05,639 -   --- Pairwise Iter 17 (còn 1171s) ---
2026-05-03 13:09:10,896 -     [P4.2] Pair (0,20) giảm 79 -> BEST = 157811
2026-05-03 13:09:10,920 -   --- Pairwise Iter 18 (còn 1166s) ---
2026-05-03 13:09:16,031 -     [P4.2] Pair (16,41) giảm 33 -> BEST = 157778
2026-05-03 13:09:16,065 -   --- Pairwise Iter 19 (còn 1161s) ---
2026-05-03 13:09:20,625 -     [P4.2] Pair (23,41) giảm 120 -> BEST = 157658
2026-05-03 13:09:20,650 -   --- Pairwise Iter 20 (còn 1156s) ---
2026-05-03 13:09:25,035 -     [P4.2] Pair (3,70) giảm 125 -> BEST = 157533
2026-05-03 13:09:25,070 -   --- Pairwise Iter 21 (còn 1152s) ---
2026-05-03 13:09:29,614 -     [P4.2] Pair (27,28) giảm 20 -> BEST = 157513
2026-05-03 13:09:29,638 -   --- Pairwise Iter 22 (còn 1147s) ---
2026-05-03 13:09:34,000 -     [P4.2] Pair (58,78) giảm 24 -> BEST = 157489
2026-05-03 13:09:34,025 -   --- Pairwise Iter 23 (còn 1143s) ---
2026-05-03 13:09:38,550 -     [P4.2] Pair (17,41) giảm 29 -> BEST = 157460
2026-05-03 13:09:38,584 -   --- Pairwise Iter 24 (còn 1138s) ---
2026-05-03 13:09:43,432 -     [P4.2] Pair (59,74) giảm 29 -> BEST = 157431
2026-05-03 13:09:43,467 -   --- Pairwise Iter 25 (còn 1133s) ---
2026-05-03 13:09:48,528 -     [P4.2] Pair (11,47) giảm 19 -> BEST = 157412
2026-05-03 13:09:48,553 -   --- Pairwise Iter 26 (còn 1128s) ---
2026-05-03 13:09:53,939 -     [P4.2] Pair (17,26) giảm 81 -> BEST = 157331
2026-05-03 13:09:53,963 -   --- Pairwise Iter 27 (còn 1123s) ---
2026-05-03 13:09:59,332 -     [P4.2] Pair (20,32) giảm 126 -> BEST = 157205
2026-05-03 13:09:59,357 -   --- Pairwise Iter 28 (còn 1117s) ---
2026-05-03 13:10:04,721 -     [P4.2] Pair (23,72) giảm 13 -> BEST = 157192
2026-05-03 13:10:04,746 -   --- Pairwise Iter 29 (còn 1112s) ---
2026-05-03 13:10:10,306 -     [P4.2] Pair (16,23) giảm 32 -> BEST = 157160
2026-05-03 13:10:10,330 -   --- Pairwise Iter 30 (còn 1106s) ---
2026-05-03 13:10:13,584 -     [P4.2] Pair (16,72) giảm 7 -> BEST = 157153
2026-05-03 13:10:13,609 -   --- Pairwise Iter 31 (còn 1103s) ---
2026-05-03 13:10:19,025 -     [P4.2] Pair (46,86) giảm 11 -> BEST = 157142
2026-05-03 13:10:19,049 -   --- Pairwise Iter 32 (còn 1098s) ---
2026-05-03 13:10:26,259 -     [P4.2] Pair (25,48) giảm 1 -> BEST = 157141
2026-05-03 13:10:26,294 -   --- Pairwise Iter 33 (còn 1091s) ---
2026-05-03 13:10:34,127 -     [P4.2] Pair (30,68) giảm 35 -> BEST = 157106
2026-05-03 13:10:34,151 -   --- Pairwise Iter 34 (còn 1083s) ---
2026-05-03 13:10:37,547 -     [P4.2] Pair (43,68) giảm 10 -> BEST = 157096
2026-05-03 13:10:37,571 -   --- Pairwise Iter 35 (còn 1079s) ---
2026-05-03 13:10:45,540 -     [P4.2] Pair (57,65) giảm 13 -> BEST = 157083
2026-05-03 13:10:45,575 -   --- Pairwise Iter 36 (còn 1071s) ---
2026-05-03 13:10:54,532 -     [P4.2] Pair (54,77) giảm 1 -> BEST = 157082
2026-05-03 13:10:54,556 -   --- Pairwise Iter 37 (còn 1062s) ---
2026-05-03 13:11:03,980 -     [P4.2] Pair (0,60) giảm 15 -> BEST = 157067
2026-05-03 13:11:04,005 -   --- Pairwise Iter 38 (còn 1053s) ---
2026-05-03 13:11:13,617 -     [P4.2] Pair (6,86) giảm 28 -> BEST = 157039
2026-05-03 13:11:13,642 -   --- Pairwise Iter 39 (còn 1043s) ---
2026-05-03 13:11:26,831 -     [P4.2] Pair (31,41) giảm 149 -> BEST = 156890
2026-05-03 13:11:26,855 -   --- Pairwise Iter 40 (còn 1030s) ---
2026-05-03 13:11:38,638 -     [P4.2] Pair (10,45) giảm 25 -> BEST = 156865
2026-05-03 13:11:38,673 -   --- Pairwise Iter 41 (còn 1018s) ---
2026-05-03 13:11:46,120 -     [P4.2] Pair (10,70) giảm 113 -> BEST = 156752
2026-05-03 13:11:46,145 -   --- Pairwise Iter 42 (còn 1011s) ---
2026-05-03 13:12:01,490 -     [P4.2] Pair (16,31) giảm 3 -> BEST = 156749
2026-05-03 13:12:01,514 -   --- Pairwise Iter 43 (còn 995s) ---
2026-05-03 13:12:09,401 -     [P4.2] Pair (16,72) giảm 41 -> BEST = 156708
2026-05-03 13:12:09,427 -   --- Pairwise Iter 44 (còn 987s) ---
2026-05-03 13:12:26,389 -     [P4.2] Pair (21,81) giảm 11 -> BEST = 156697
2026-05-03 13:12:26,434 -   --- Pairwise Iter 45 (còn 970s) ---
2026-05-03 13:12:43,660 -     [P4.2] Pair (22,73) giảm 42 -> BEST = 156655
2026-05-03 13:12:43,684 -   --- Pairwise Iter 46 (còn 953s) ---
2026-05-03 13:13:01,083 -     [P4.2] Pair (54,76) giảm 23 -> BEST = 156632
2026-05-03 13:13:01,117 -   --- Pairwise Iter 47 (còn 936s) ---
2026-05-03 13:13:17,404 -     [P4.2] Pair (8,28) giảm 45 -> BEST = 156587
2026-05-03 13:13:17,429 -   --- Pairwise Iter 48 (còn 919s) ---
2026-05-03 13:13:30,989 -     [P4.2] Pair (8,39) giảm 423 -> BEST = 156164
2026-05-03 13:13:31,014 -   --- Pairwise Iter 49 (còn 906s) ---
2026-05-03 13:13:48,061 -     [P4.2] Pair (17,61) giảm 15 -> BEST = 156149
2026-05-03 13:13:48,096 -   --- Pairwise Iter 50 (còn 889s) ---
2026-05-03 13:14:04,102 -     [P4.2] Pair (24,79) giảm 25 -> BEST = 156124
2026-05-03 13:14:04,126 -   --- Pairwise Iter 51 (còn 873s) ---
2026-05-03 13:14:14,581 -     [P4.2] Pair (24,78) giảm 47 -> BEST = 156077
2026-05-03 13:14:14,605 -   --- Pairwise Iter 52 (còn 862s) ---
2026-05-03 13:14:33,402 -     [P4.2] Pair (28,36) giảm 89 -> BEST = 155988
2026-05-03 13:14:33,447 -   --- Pairwise Iter 53 (còn 843s) ---
2026-05-03 13:14:51,437 -     [P4.2] Pair (57,67) giảm 2 -> BEST = 155986
2026-05-03 13:14:51,462 -   --- Pairwise Iter 54 (còn 825s) ---
2026-05-03 13:15:09,527 -     [P4.2] Pair (73,81) giảm 23 -> BEST = 155963
2026-05-03 13:15:09,561 -   --- Pairwise Iter 55 (còn 807s) ---
2026-05-03 13:15:28,439 -     [P4.2] Pair (10,82) giảm 42 -> BEST = 155921
2026-05-03 13:15:28,483 -   --- Pairwise Iter 56 (còn 788s) ---
2026-05-03 13:15:48,944 -     [P4.2] Pair (79,93) giảm 128 -> BEST = 155793
2026-05-03 13:15:48,979 -   --- Pairwise Iter 57 (còn 768s) ---
2026-05-03 13:15:49,890 -     [P4.2] Pair (24,79) giảm 42 -> BEST = 155751
2026-05-03 13:15:49,924 -   --- Pairwise Iter 58 (còn 767s) ---
2026-05-03 13:15:56,006 -     [P4.2] Pair (58,79) giảm 36 -> BEST = 155715
2026-05-03 13:15:56,030 -   --- Pairwise Iter 59 (còn 761s) ---
2026-05-03 13:16:14,254 -     [P4.2] Pair (2,76) giảm 588 -> BEST = 155127
2026-05-03 13:16:14,278 -   --- Pairwise Iter 60 (còn 743s) ---
2026-05-03 13:16:26,073 -     [P4.2] Pair (54,76) giảm 23 -> BEST = 155104
2026-05-03 13:16:26,108 -   --- Pairwise Iter 61 (còn 731s) ---
2026-05-03 13:16:39,702 -     [P4.2] Pair (35,54) giảm 57 -> BEST = 155047
2026-05-03 13:16:39,727 -   --- Pairwise Iter 62 (còn 717s) ---
2026-05-03 13:16:39,960 -     [P4.2] Pair (5,35) giảm 159 -> BEST = 154888
2026-05-03 13:16:39,994 -   --- Pairwise Iter 63 (còn 717s) ---
2026-05-03 13:16:56,730 -     [P4.2] Pair (25,82) giảm 12 -> BEST = 154876
2026-05-03 13:16:56,754 -   --- Pairwise Iter 64 (còn 700s) ---
2026-05-03 13:17:08,240 -     [P4.2] Pair (12,82) giảm 17 -> BEST = 154859
2026-05-03 13:17:08,264 -   --- Pairwise Iter 65 (còn 689s) ---
2026-05-03 13:17:26,061 -     [P4.2] Pair (8,28) giảm 36 -> BEST = 154823
2026-05-03 13:17:26,086 -   --- Pairwise Iter 66 (còn 671s) ---
2026-05-03 13:17:44,345 -     [P4.2] Pair (8,30) giảm 112 -> BEST = 154711
2026-05-03 13:17:44,369 -   --- Pairwise Iter 67 (còn 652s) ---
2026-05-03 13:17:46,383 -     [P4.2] Pair (30,43) giảm 40 -> BEST = 154671
2026-05-03 13:17:46,418 -   --- Pairwise Iter 68 (còn 650s) ---
2026-05-03 13:18:04,111 -     [P4.2] Pair (8,28) giảm 6 -> BEST = 154665
2026-05-03 13:18:04,136 -   --- Pairwise Iter 69 (còn 633s) ---
2026-05-03 13:18:21,676 -     [P4.2] Pair (12,84) giảm 23 -> BEST = 154642
2026-05-03 13:18:21,710 -   --- Pairwise Iter 70 (còn 615s) ---
2026-05-03 13:18:28,269 -     [P4.2] Pair (7,12) giảm 43 -> BEST = 154599
2026-05-03 13:18:28,294 -   --- Pairwise Iter 71 (còn 609s) ---
2026-05-03 13:18:45,792 -     [P4.2] Pair (24,41) giảm 9 -> BEST = 154590
2026-05-03 13:18:45,817 -   --- Pairwise Iter 72 (còn 591s) ---
2026-05-03 13:19:05,044 -     [P4.2] Pair (30,42) giảm 16 -> BEST = 154574
2026-05-03 13:19:05,068 -   --- Pairwise Iter 73 (còn 572s) ---
2026-05-03 13:19:25,076 -     [P4.2] Pair (57,71) giảm 19 -> BEST = 154555
2026-05-03 13:19:25,111 -   --- Pairwise Iter 74 (còn 552s) ---
2026-05-03 13:19:48,962 -     [P4.2] Pair (56,64) giảm 96 -> BEST = 154459
2026-05-03 13:19:48,987 -   --- Pairwise Iter 75 (còn 528s) ---
2026-05-03 13:20:15,939 -     [P4.2] Pair (8,36) giảm 6 -> BEST = 154453
2026-05-03 13:20:15,964 -   --- Pairwise Iter 76 (còn 501s) ---
2026-05-03 13:20:38,503 -     [P4.2] Pair (28,36) giảm 17 -> BEST = 154436
2026-05-03 13:20:38,538 -   --- Pairwise Iter 77 (còn 478s) ---
2026-05-03 13:21:05,550 -     [P4.2] Pair (8,83) giảm 65 -> BEST = 154371
2026-05-03 13:21:05,574 -   --- Pairwise Iter 78 (còn 451s) ---
2026-05-03 13:21:22,269 -     [P4.2] Pair (8,27) giảm 15 -> BEST = 154356
2026-05-03 13:21:22,293 -   --- Pairwise Iter 79 (còn 435s) ---
2026-05-03 13:21:50,259 -     [P4.2] Pair (24,51) giảm 30 -> BEST = 154326
2026-05-03 13:21:50,283 -   --- Pairwise Iter 80 (còn 407s) ---
2026-05-03 13:22:18,794 -     [P4.2] Pair (51,62) giảm 50 -> BEST = 154276
2026-05-03 13:22:18,818 -   --- Pairwise Iter 81 (còn 378s) ---
2026-05-03 13:22:19,004 -     [P4.2] Pair (24,51) giảm 3 -> BEST = 154273
2026-05-03 13:22:19,028 -   --- Pairwise Iter 82 (còn 378s) ---
2026-05-03 13:22:47,987 -     [P4.2] Pair (26,73) giảm 2 -> BEST = 154271
2026-05-03 13:22:48,042 -   --- Pairwise Iter 83 (còn 349s) ---
2026-05-03 13:22:53,903 -     [P4.2] Pair (55,73) giảm 4 -> BEST = 154267
2026-05-03 13:22:53,948 -   --- Pairwise Iter 84 (còn 343s) ---
2026-05-03 13:23:11,466 -     [P4.2] Pair (21,26) giảm 4 -> BEST = 154263
2026-05-03 13:23:11,501 -   --- Pairwise Iter 85 (còn 325s) ---
2026-05-03 13:23:34,020 -     [P4.2] Pair (17,26) giảm 14 -> BEST = 154249
2026-05-03 13:23:34,044 -   --- Pairwise Iter 86 (còn 303s) ---
2026-05-03 13:23:34,828 -     [P4.2] Pair (26,61) giảm 8 -> BEST = 154241
2026-05-03 13:23:34,873 -   --- Pairwise Iter 87 (còn 302s) ---
2026-05-03 13:23:37,786 -     [P4.2] Pair (21,61) giảm 6 -> BEST = 154235
2026-05-03 13:23:37,832 -   --- Pairwise Iter 88 (còn 299s) ---
2026-05-03 13:23:38,715 -     [P4.2] Pair (26,61) giảm 2 -> BEST = 154233
2026-05-03 13:23:38,760 -   --- Pairwise Iter 89 (còn 298s) ---
2026-05-03 13:24:01,663 -     [P4.2] Pair (11,61) giảm 12 -> BEST = 154221
2026-05-03 13:24:01,689 -   --- Pairwise Iter 90 (còn 275s) ---
2026-05-03 13:24:02,425 -     [P4.2] Pair (26,61) giảm 4 -> BEST = 154217
2026-05-03 13:24:02,460 -   --- Pairwise Iter 91 (còn 274s) ---
2026-05-03 13:24:26,651 -     [P4.2] Pair (59,73) giảm 72 -> BEST = 154145
2026-05-03 13:24:26,685 -   --- Pairwise Iter 92 (còn 250s) ---
2026-05-03 13:24:53,537 -     [P4.2] Pair (34,91) giảm 61 -> BEST = 154084
2026-05-03 13:24:53,562 -   --- Pairwise Iter 93 (còn 223s) ---
2026-05-03 13:25:05,723 -     [P4.2] Pair (68,91) giảm 23 -> BEST = 154061
2026-05-03 13:25:05,757 -   --- Pairwise Iter 94 (còn 211s) ---
2026-05-03 13:25:11,937 -     [P4.2] Pair (43,68) giảm 2 -> BEST = 154059
2026-05-03 13:25:11,972 -   --- Pairwise Iter 95 (còn 205s) ---
2026-05-03 13:25:39,875 -     [P4.2] Pair (49,64) giảm 37 -> BEST = 154022
2026-05-03 13:25:39,899 -   --- Pairwise Iter 96 (còn 177s) ---
2026-05-03 13:25:47,761 -     [P4.2] Pair (56,64) giảm 49 -> BEST = 153973
2026-05-03 13:25:47,797 -   --- Pairwise Iter 97 (còn 169s) ---
2026-05-03 13:26:14,853 -     [P4.2] Pair (64,86) giảm 41 -> BEST = 153932
2026-05-03 13:26:14,878 -   --- Pairwise Iter 98 (còn 142s) ---
2026-05-03 13:26:47,421 -     [P4.2] Pair (59,74) giảm 23 -> BEST = 153909
2026-05-03 13:26:47,456 -   --- Pairwise Iter 99 (còn 109s) ---
2026-05-03 13:27:24,874 -     [P4.2] Pair (52,58) giảm 6 -> BEST = 153903
2026-05-03 13:27:24,899 -   --- Pairwise Iter 100 (còn 72s) ---
2026-05-03 13:28:02,272 -     [P4.2] Pair (0,63) giảm 24 -> BEST = 153879
2026-05-03 13:28:02,297 -   --- Pairwise Iter 101 (còn 35s) ---
2026-05-03 13:28:34,859 -     -> Đã đạt cực trị toàn cục cho mọi cặp dưới ngưỡng. KẾT THÚC CHẶNG 4.
2026-05-03 13:28:34,860 - Hoàn thành trong 1198.0s. Final Cost: 153879
2026-05-03 13:28:34,860 - ======================================================================
2026-05-03 13:28:34,860 - BÁO CÁO TỔNG KẾT (SUMMARY)
2026-05-03 13:28:34,860 - ======================================================================
2026-05-03 13:28:34,860 -   1. Chi phí Clarke-Wright:     159753
2026-05-03 13:28:34,860 -   2. Chi phí sau Gurobi MIP:    153879
2026-05-03 13:28:34,860 -   => TỔNG CẢI THIỆN:            5874
2026-05-03 13:28:34,860 -   => Số lần Gurobi Single cải thiện  : 55 lần
2026-05-03 13:28:34,860 -   => Số lần Gurobi Pairwise cải thiện: 100 lần
2026-05-03 13:28:34,860 -   => TỔNG THỜI GIAN CHẠY:       1198.188s
2026-05-03 13:28:34,865 - ======================================================================
2026-05-03 13:28:34,865 - GUROBI MIP SOLVER  |  FILE: X-n384-k52.vrp
2026-05-03 13:28:34,865 - ======================================================================
2026-05-03 13:28:35,104 - Thông tin dữ liệu: Dimension=384, K=52, Capacity=564
2026-05-03 13:28:35,104 - --- Step 1: Clarke-Wright Heuristic ---
2026-05-03 13:28:35,663 -     [CW-Phase4] BFD thất bại với 12 khách hàng. Kích hoạt Backtracking (Giảm depth dần)...
2026-05-03 13:28:35,665 -       -> Thử hoán đổi với depth=3 (Limit: 10s)...
2026-05-03 13:28:45,668 -       -> Thử hoán đổi với depth=2 (Limit: 10s)...
2026-05-03 13:28:47,142 -       -> Thử hoán đổi với depth=1 (Limit: 10s)...
2026-05-03 13:28:47,143 -     [CW-Phase4] TẤT CẢ depth đều thất bại hoặc timeout. Chuyển sang Fallback (Sweep).
2026-05-03 13:28:47,491 -     [CW-Phase4] BFD thất bại với 12 khách hàng. Kích hoạt Backtracking (Giảm depth dần)...
2026-05-03 13:28:47,492 -       -> Thử hoán đổi với depth=3 (Limit: 10s)...
2026-05-03 13:28:57,495 -       -> Thử hoán đổi với depth=2 (Limit: 10s)...
2026-05-03 13:28:59,015 -       -> Thử hoán đổi với depth=1 (Limit: 10s)...
2026-05-03 13:28:59,017 -     [CW-Phase4] TẤT CẢ depth đều thất bại hoặc timeout. Chuyển sang Fallback (Sweep).
2026-05-03 13:28:59,017 - ❌ CW THẤT BẠI (UNSAT): Không thể đóng gói vào đúng K=52 xe.
2026-05-03 13:28:59,017 - Chi tiết: Cannot reduce the number of routes
2026-05-03 13:28:59,033 - ======================================================================
2026-05-03 13:28:59,033 - GUROBI MIP SOLVER  |  FILE: X-n393-k38.vrp
2026-05-03 13:28:59,033 - ======================================================================
2026-05-03 13:28:59,282 - Thông tin dữ liệu: Dimension=393, K=38, Capacity=78
2026-05-03 13:28:59,282 - --- Step 1: Clarke-Wright Heuristic ---
2026-05-03 13:28:59,581 -   Kết quả CW: Cost = 53877, Time = 0.299s
2026-05-03 13:28:59,581 - --- Step 2: Advanced Optimization (Gurobi MIP) ---
2026-05-03 13:28:59,581 - =========================================
2026-05-03 13:28:59,581 - BẮT ĐẦU OPTIMIZE  (100% Gurobi MIP)
2026-05-03 13:28:59,581 -  -> Max Single Size  : 25
2026-05-03 13:28:59,581 -  -> Single Timeout   : 40.0s
2026-05-03 13:28:59,581 -  -> Max Pairwise Size: 28
2026-05-03 13:28:59,581 -  -> Pairwise Timeout : 104.0s
2026-05-03 13:28:59,581 -  -> Global Timeout   : 1200.0s
2026-05-03 13:28:59,581 -  -> Chi phí khởi điểm: 53877
2026-05-03 13:28:59,582 - =========================================
2026-05-03 13:28:59,582 - === BẮT ĐẦU CHẶNG 4: GUROBI MIP CHÍNH XÁC | Cost: 53877 ===
2026-05-03 13:28:59,582 -   [GĐ 4.1] Giải bài toán TSP trên từng tuyến đơn...
2026-05-03 13:32:50,644 -     -> Single Gurobi cải thiện: 3219. Cost mới: 50658
2026-05-03 13:32:50,644 -   [GĐ 4.2] Xét từng cặp tuyến để phân bổ lại khách hàng...
2026-05-03 13:32:50,644 -   --- Pairwise Iter 1 (còn 969s) ---
2026-05-03 13:36:18,773 -     [P4.2] Pair (8,32) giảm 33 -> BEST = 50625
2026-05-03 13:36:19,197 -   --- Pairwise Iter 2 (còn 760s) ---
2026-05-03 13:38:03,271 -     [P4.2] Pair (5,32) giảm 102 -> BEST = 50523
2026-05-03 13:38:03,679 -   --- Pairwise Iter 3 (còn 656s) ---
2026-05-03 13:39:47,748 -     [P4.2] Pair (5,32) giảm 196 -> BEST = 50327
2026-05-03 13:39:48,073 -   --- Pairwise Iter 4 (còn 552s) ---
2026-05-03 13:41:32,150 -     [P4.2] Pair (13,14) giảm 35 -> BEST = 50292
2026-05-03 13:42:09,466 -   --- Pairwise Iter 5 (còn 410s) ---
2026-05-03 13:45:37,620 -     [P4.2] Pair (29,35) giảm 27 -> BEST = 50265
2026-05-03 13:45:41,675 -   --- Pairwise Iter 6 (còn 198s) ---
2026-05-03 13:48:57,658 -     [P4.2] Pair (1,26) giảm 65 -> BEST = 50200
2026-05-03 13:48:57,658 -   --- Pairwise Iter 7 (còn 2s) ---
2026-05-03 13:48:57,678 -     -> Đã đạt cực trị toàn cục cho mọi cặp dưới ngưỡng. KẾT THÚC CHẶNG 4.
2026-05-03 13:48:57,678 - Hoàn thành trong 1198.1s. Final Cost: 50200
2026-05-03 13:48:57,678 - ======================================================================
2026-05-03 13:48:57,678 - BÁO CÁO TỔNG KẾT (SUMMARY)
2026-05-03 13:48:57,678 - ======================================================================
2026-05-03 13:48:57,678 -   1. Chi phí Clarke-Wright:     53877
2026-05-03 13:48:57,678 -   2. Chi phí sau Gurobi MIP:    50200
2026-05-03 13:48:57,678 -   => TỔNG CẢI THIỆN:            3677
2026-05-03 13:48:57,678 -   => Số lần Gurobi Single cải thiện  : 36 lần
2026-05-03 13:48:57,678 -   => Số lần Gurobi Pairwise cải thiện: 6 lần
2026-05-03 13:48:57,678 -   => TỔNG THỜI GIAN CHẠY:       1198.396s
2026-05-03 13:48:57,684 - ======================================================================
2026-05-03 13:48:57,684 - GUROBI MIP SOLVER  |  FILE: X-n401-k29.vrp
2026-05-03 13:48:57,684 - ======================================================================
2026-05-03 13:48:57,932 - Thông tin dữ liệu: Dimension=401, K=29, Capacity=745
2026-05-03 13:48:57,932 - --- Step 1: Clarke-Wright Heuristic ---
2026-05-03 13:48:58,247 -   Kết quả CW: Cost = 77323, Time = 0.315s
2026-05-03 13:48:58,247 - --- Step 2: Advanced Optimization (Gurobi MIP) ---
2026-05-03 13:48:58,247 - =========================================
2026-05-03 13:48:58,247 - BẮT ĐẦU OPTIMIZE  (100% Gurobi MIP)
2026-05-03 13:48:58,247 -  -> Max Single Size  : 34
2026-05-03 13:48:58,247 -  -> Single Timeout   : 40.0s
2026-05-03 13:48:58,247 -  -> Max Pairwise Size: 28
2026-05-03 13:48:58,247 -  -> Pairwise Timeout : 139.0s
2026-05-03 13:48:58,247 -  -> Global Timeout   : 1200.0s
2026-05-03 13:48:58,248 -  -> Chi phí khởi điểm: 77323
2026-05-03 13:48:58,248 - =========================================
2026-05-03 13:48:58,248 - === BẮT ĐẦU CHẶNG 4: GUROBI MIP CHÍNH XÁC | Cost: 77323 ===
2026-05-03 13:48:58,248 -   [GĐ 4.1] Giải bài toán TSP trên từng tuyến đơn...
2026-05-03 13:56:04,232 -     -> Single Gurobi cải thiện: 2752. Cost mới: 74571
2026-05-03 13:56:04,233 -   [GĐ 4.2] Xét từng cặp tuyến để phân bổ lại khách hàng...
2026-05-03 13:56:04,233 -   --- Pairwise Iter 1 (còn 774s) ---
2026-05-03 13:58:23,355 -     [P4.2] Pair (24,28) giảm 55 -> BEST = 74516
2026-05-03 13:58:23,733 -       [S-re] Route 24: 2691 → 2672  (−19) | BEST = 74497
2026-05-03 13:58:24,739 -   --- Pairwise Iter 2 (còn 634s) ---
2026-05-03 14:00:43,837 -     [P4.2] Pair (5,24) giảm 20 -> BEST = 74477
2026-05-03 14:00:55,789 -   --- Pairwise Iter 3 (còn 482s) ---
2026-05-03 14:07:53,055 -     [P4.2] Pair (1,20) giảm 35 -> BEST = 74442
2026-05-03 14:08:36,451 -   --- Pairwise Iter 4 (còn 22s) ---
2026-05-03 14:08:56,287 -     -> Đã đạt cực trị toàn cục cho mọi cặp dưới ngưỡng. KẾT THÚC CHẶNG 4.
2026-05-03 14:08:56,288 - Hoàn thành trong 1198.0s. Final Cost: 74442
2026-05-03 14:08:56,288 - ======================================================================
2026-05-03 14:08:56,288 - BÁO CÁO TỔNG KẾT (SUMMARY)
2026-05-03 14:08:56,288 - ======================================================================
2026-05-03 14:08:56,288 -   1. Chi phí Clarke-Wright:     77323
2026-05-03 14:08:56,288 -   2. Chi phí sau Gurobi MIP:    74442
2026-05-03 14:08:56,288 -   => TỔNG CẢI THIỆN:            2881
2026-05-03 14:08:56,288 -   => Số lần Gurobi Single cải thiện  : 28 lần
2026-05-03 14:08:56,288 -   => Số lần Gurobi Pairwise cải thiện: 3 lần
2026-05-03 14:08:56,288 -   => TỔNG THỜI GIAN CHẠY:       1198.355s
2026-05-03 14:08:56,293 - ======================================================================
2026-05-03 14:08:56,293 - GUROBI MIP SOLVER  |  FILE: X-n411-k19.vrp
2026-05-03 14:08:56,293 - ======================================================================
2026-05-03 14:08:56,555 - Thông tin dữ liệu: Dimension=411, K=19, Capacity=216
2026-05-03 14:08:56,555 - --- Step 1: Clarke-Wright Heuristic ---
2026-05-03 14:08:56,901 -   Kết quả CW: Cost = 26328, Time = 0.345s
2026-05-03 14:08:56,901 - --- Step 2: Advanced Optimization (Gurobi MIP) ---
2026-05-03 14:08:56,901 - =========================================
2026-05-03 14:08:56,901 - BẮT ĐẦU OPTIMIZE  (100% Gurobi MIP)
2026-05-03 14:08:56,901 -  -> Max Single Size  : 35
2026-05-03 14:08:56,901 -  -> Single Timeout   : 40.0s
2026-05-03 14:08:56,901 -  -> Max Pairwise Size: 28
2026-05-03 14:08:56,901 -  -> Pairwise Timeout : 150.0s
2026-05-03 14:08:56,901 -  -> Global Timeout   : 1200.0s
2026-05-03 14:08:56,902 -  -> Chi phí khởi điểm: 26328
2026-05-03 14:08:56,902 - =========================================
2026-05-03 14:08:56,902 - === BẮT ĐẦU CHẶNG 4: GUROBI MIP CHÍNH XÁC | Cost: 26328 ===
2026-05-03 14:08:56,902 -   [GĐ 4.1] Giải bài toán TSP trên từng tuyến đơn...
2026-05-03 14:14:59,267 -     -> Single Gurobi cải thiện: 2615. Cost mới: 23713
2026-05-03 14:14:59,268 -   [GĐ 4.2] Xét từng cặp tuyến để phân bổ lại khách hàng...
2026-05-03 14:14:59,268 -   --- Pairwise Iter 1 (còn 838s) ---
2026-05-03 14:19:59,426 -     [P4.2] Pair (0,5) giảm 58 -> BEST = 23655
2026-05-03 14:19:59,957 -   --- Pairwise Iter 2 (còn 537s) ---
2026-05-03 14:27:30,201 -     [P4.2] Pair (6,11) giảm 79 -> BEST = 23576
2026-05-03 14:27:31,976 -   --- Pairwise Iter 3 (còn 85s) ---
2026-05-03 14:28:54,947 -     -> Đã đạt cực trị toàn cục cho mọi cặp dưới ngưỡng. KẾT THÚC CHẶNG 4.
2026-05-03 14:28:54,947 - Hoàn thành trong 1198.0s. Final Cost: 23576
2026-05-03 14:28:54,947 - ======================================================================
2026-05-03 14:28:54,947 - BÁO CÁO TỔNG KẾT (SUMMARY)
2026-05-03 14:28:54,947 - ======================================================================
2026-05-03 14:28:54,947 -   1. Chi phí Clarke-Wright:     26328
2026-05-03 14:28:54,947 -   2. Chi phí sau Gurobi MIP:    23576
2026-05-03 14:28:54,947 -   => TỔNG CẢI THIỆN:            2752
2026-05-03 14:28:54,947 -   => Số lần Gurobi Single cải thiện  : 18 lần
2026-05-03 14:28:54,947 -   => Số lần Gurobi Pairwise cải thiện: 2 lần
2026-05-03 14:28:54,947 -   => TỔNG THỜI GIAN CHẠY:       1198.391s
2026-05-03 14:28:54,953 - ======================================================================
2026-05-03 14:28:54,953 - GUROBI MIP SOLVER  |  FILE: X-n420-k130.vrp
2026-05-03 14:28:54,953 - ======================================================================
2026-05-03 14:28:55,220 - Thông tin dữ liệu: Dimension=420, K=130, Capacity=18
2026-05-03 14:28:55,220 - --- Step 1: Clarke-Wright Heuristic ---
2026-05-03 14:29:00,146 -   Kết quả CW: Cost = 220761, Time = 4.925s
2026-05-03 14:29:00,146 - --- Step 2: Advanced Optimization (Gurobi MIP) ---
2026-05-03 14:29:00,146 - =========================================
2026-05-03 14:29:00,146 - BẮT ĐẦU OPTIMIZE  (100% Gurobi MIP)
2026-05-03 14:29:00,146 -  -> Max Single Size  : 20
2026-05-03 14:29:00,146 -  -> Single Timeout   : 40.0s
2026-05-03 14:29:00,146 -  -> Max Pairwise Size: 16
2026-05-03 14:29:00,146 -  -> Pairwise Timeout : 40.0s
2026-05-03 14:29:00,146 -  -> Global Timeout   : 1200.0s
2026-05-03 14:29:00,146 -  -> Chi phí khởi điểm: 220761
2026-05-03 14:29:00,147 - =========================================
2026-05-03 14:29:00,147 - === BẮT ĐẦU CHẶNG 4: GUROBI MIP CHÍNH XÁC | Cost: 220761 ===
2026-05-03 14:29:00,147 -   [GĐ 4.1] Giải bài toán TSP trên từng tuyến đơn...
2026-05-03 14:29:18,963 -     -> Single Gurobi cải thiện: 27489. Cost mới: 193272
2026-05-03 14:29:18,963 -   [GĐ 4.2] Xét từng cặp tuyến để phân bổ lại khách hàng...
2026-05-03 14:29:18,964 -   --- Pairwise Iter 1 (còn 1181s) ---
2026-05-03 14:29:19,055 -     [P4.2] Pair (33,102) giảm 425 -> BEST = 192847
2026-05-03 14:29:19,080 -   --- Pairwise Iter 2 (còn 1181s) ---
2026-05-03 14:29:19,210 -     [P4.2] Pair (11,13) giảm 147 -> BEST = 192700
2026-05-03 14:29:19,235 -   --- Pairwise Iter 3 (còn 1181s) ---
2026-05-03 14:29:51,645 -     [P4.2] Pair (38,124) giảm 267 -> BEST = 192433
2026-05-03 14:29:51,699 -   --- Pairwise Iter 4 (còn 1148s) ---
2026-05-03 14:29:51,952 -     [P4.2] Pair (86,120) giảm 1441 -> BEST = 190992
2026-05-03 14:29:51,976 -   --- Pairwise Iter 5 (còn 1148s) ---
2026-05-03 14:29:56,186 -     [P4.2] Pair (115,125) giảm 1682 -> BEST = 189310
2026-05-03 14:29:56,342 -   --- Pairwise Iter 6 (còn 1144s) ---
2026-05-03 14:29:56,523 -     [P4.2] Pair (30,106) giảm 580 -> BEST = 188730
2026-05-03 14:29:56,547 -   --- Pairwise Iter 7 (còn 1144s) ---
2026-05-03 14:29:57,864 -     [P4.2] Pair (91,92) giảm 222 -> BEST = 188508
2026-05-03 14:29:57,889 -   --- Pairwise Iter 8 (còn 1142s) ---
2026-05-03 14:29:59,300 -     [P4.2] Pair (34,124) giảm 125 -> BEST = 188383
2026-05-03 14:29:59,324 -   --- Pairwise Iter 9 (còn 1141s) ---
2026-05-03 14:30:41,664 -     [P4.2] Pair (72,127) giảm 130 -> BEST = 188253
2026-05-03 14:30:42,044 -   --- Pairwise Iter 10 (còn 1098s) ---
2026-05-03 14:30:47,569 -     [P4.2] Pair (91,123) giảm 244 -> BEST = 188009
2026-05-03 14:30:47,654 -   --- Pairwise Iter 11 (còn 1092s) ---
2026-05-03 14:30:47,862 -     [P4.2] Pair (32,91) giảm 61 -> BEST = 187948
2026-05-03 14:30:47,886 -   --- Pairwise Iter 12 (còn 1092s) ---
2026-05-03 14:30:48,662 -     [P4.2] Pair (117,120) giảm 349 -> BEST = 187599
2026-05-03 14:30:48,696 -   --- Pairwise Iter 13 (còn 1091s) ---
2026-05-03 14:31:29,633 -     [P4.2] Pair (127,129) giảm 1323 -> BEST = 186276
2026-05-03 14:31:39,592 -   --- Pairwise Iter 14 (còn 1041s) ---
2026-05-03 14:31:40,589 -     [P4.2] Pair (39,116) giảm 1150 -> BEST = 185126
2026-05-03 14:31:40,623 -   --- Pairwise Iter 15 (còn 1040s) ---
2026-05-03 14:31:41,762 -     [P4.2] Pair (74,111) giảm 210 -> BEST = 184916
2026-05-03 14:31:41,796 -   --- Pairwise Iter 16 (còn 1038s) ---
2026-05-03 14:32:22,910 -     [P4.2] Pair (85,127) giảm 481 -> BEST = 184435
2026-05-03 14:32:23,490 -   --- Pairwise Iter 17 (còn 997s) ---
2026-05-03 14:32:24,711 -     [P4.2] Pair (7,114) giảm 638 -> BEST = 183797
2026-05-03 14:32:24,735 -   --- Pairwise Iter 18 (còn 995s) ---
2026-05-03 14:33:05,882 -     [P4.2] Pair (7,127) giảm 36 -> BEST = 183761
2026-05-03 14:33:08,784 -   --- Pairwise Iter 19 (còn 951s) ---
2026-05-03 14:33:09,947 -     [P4.2] Pair (42,45) giảm 187 -> BEST = 183574
2026-05-03 14:33:09,971 -   --- Pairwise Iter 20 (còn 950s) ---
2026-05-03 14:33:11,311 -     [P4.2] Pair (73,117) giảm 547 -> BEST = 183027
2026-05-03 14:33:11,345 -   --- Pairwise Iter 21 (còn 949s) ---
2026-05-03 14:33:11,809 -     [P4.2] Pair (73,120) giảm 23 -> BEST = 183004
2026-05-03 14:33:11,833 -   --- Pairwise Iter 22 (còn 948s) ---
2026-05-03 14:33:14,910 -     [P4.2] Pair (114,115) giảm 427 -> BEST = 182577
2026-05-03 14:33:14,954 -   --- Pairwise Iter 23 (còn 945s) ---
2026-05-03 14:33:56,353 -     [P4.2] Pair (123,127) giảm 195 -> BEST = 182382
2026-05-03 14:33:56,579 -   --- Pairwise Iter 24 (còn 904s) ---
2026-05-03 14:34:37,447 -     [P4.2] Pair (123,127) giảm 1 -> BEST = 182381
2026-05-03 14:34:37,460 -       [S-re] Route 123: 1016 → 1013  (−3) | BEST = 182378
2026-05-03 14:34:37,583 -       [S-re] Route 127: 2093 → 2082  (−11) | BEST = 182367
2026-05-03 14:34:37,583 -   --- Pairwise Iter 25 (còn 863s) ---
2026-05-03 14:34:39,256 -     [P4.2] Pair (37,115) giảm 865 -> BEST = 181502
2026-05-03 14:34:39,310 -   --- Pairwise Iter 26 (còn 861s) ---
2026-05-03 14:34:44,917 -     [P4.2] Pair (38,113) giảm 245 -> BEST = 181257
2026-05-03 14:34:44,982 -   --- Pairwise Iter 27 (còn 855s) ---
2026-05-03 14:34:50,401 -     [P4.2] Pair (40,123) giảm 43 -> BEST = 181214
2026-05-03 14:34:50,426 -   --- Pairwise Iter 28 (còn 850s) ---
2026-05-03 14:34:55,905 -     [P4.2] Pair (61,72) giảm 17 -> BEST = 181197
2026-05-03 14:34:55,929 -   --- Pairwise Iter 29 (còn 844s) ---
2026-05-03 14:35:01,946 -     [P4.2] Pair (82,126) giảm 310 -> BEST = 180887
2026-05-03 14:35:01,971 -   --- Pairwise Iter 30 (còn 838s) ---
2026-05-03 14:35:07,556 -     [P4.2] Pair (60,82) giảm 37 -> BEST = 180850
2026-05-03 14:35:07,581 -   --- Pairwise Iter 31 (còn 833s) ---
2026-05-03 14:35:13,380 -     [P4.2] Pair (91,105) giảm 11 -> BEST = 180839
2026-05-03 14:35:13,405 -   --- Pairwise Iter 32 (còn 827s) ---
2026-05-03 14:35:19,780 -     [P4.2] Pair (103,111) giảm 121 -> BEST = 180718
2026-05-03 14:35:19,825 -   --- Pairwise Iter 33 (còn 820s) ---
2026-05-03 14:35:26,255 -     [P4.2] Pair (38,41) giảm 62 -> BEST = 180656
2026-05-03 14:35:26,280 -   --- Pairwise Iter 34 (còn 814s) ---
2026-05-03 14:35:29,718 -     [P4.2] Pair (42,91) giảm 1 -> BEST = 180655
2026-05-03 14:35:29,743 -   --- Pairwise Iter 35 (còn 810s) ---
2026-05-03 14:35:33,467 -     [P4.2] Pair (41,104) giảm 1 -> BEST = 180654
2026-05-03 14:35:33,491 -   --- Pairwise Iter 36 (còn 807s) ---
2026-05-03 14:35:33,647 -     [P4.2] Pair (59,104) giảm 69 -> BEST = 180585
2026-05-03 14:35:33,671 -   --- Pairwise Iter 37 (còn 806s) ---
2026-05-03 14:35:37,599 -     [P4.2] Pair (75,103) giảm 197 -> BEST = 180388
2026-05-03 14:35:37,623 -   --- Pairwise Iter 38 (còn 803s) ---
2026-05-03 14:35:42,013 -     [P4.2] Pair (97,103) giảm 416 -> BEST = 179972
2026-05-03 14:35:42,038 -   --- Pairwise Iter 39 (còn 798s) ---
2026-05-03 14:35:44,924 -     [P4.2] Pair (74,97) giảm 314 -> BEST = 179658
2026-05-03 14:35:44,948 -   --- Pairwise Iter 40 (còn 795s) ---
2026-05-03 14:35:48,666 -     [P4.2] Pair (74,75) giảm 68 -> BEST = 179590
2026-05-03 14:35:48,701 -   --- Pairwise Iter 41 (còn 791s) ---
2026-05-03 14:35:52,629 -     [P4.2] Pair (74,78) giảm 588 -> BEST = 179002
2026-05-03 14:35:52,654 -   --- Pairwise Iter 42 (còn 787s) ---
2026-05-03 14:35:56,294 -     [P4.2] Pair (34,74) giảm 9 -> BEST = 178993
2026-05-03 14:35:56,318 -   --- Pairwise Iter 43 (còn 784s) ---
2026-05-03 14:35:59,637 -     [P4.2] Pair (34,97) giảm 24 -> BEST = 178969
2026-05-03 14:35:59,661 -   --- Pairwise Iter 44 (còn 780s) ---
2026-05-03 14:36:04,006 -     [P4.2] Pair (109,121) giảm 473 -> BEST = 178496
2026-05-03 14:36:04,081 -   --- Pairwise Iter 45 (còn 776s) ---
2026-05-03 14:36:09,509 -     [P4.2] Pair (49,50) giảm 471 -> BEST = 178025
2026-05-03 14:36:09,534 -   --- Pairwise Iter 46 (còn 771s) ---
2026-05-03 14:36:15,137 -     [P4.2] Pair (54,72) giảm 17 -> BEST = 178008
2026-05-03 14:36:15,172 -   --- Pairwise Iter 47 (còn 765s) ---
2026-05-03 14:36:20,431 -     [P4.2] Pair (31,54) giảm 83 -> BEST = 177925
2026-05-03 14:36:20,455 -   --- Pairwise Iter 48 (còn 760s) ---
2026-05-03 14:36:22,671 -     [P4.2] Pair (54,61) giảm 40 -> BEST = 177885
2026-05-03 14:36:22,696 -   --- Pairwise Iter 49 (còn 757s) ---
2026-05-03 14:36:28,266 -     [P4.2] Pair (59,101) giảm 88 -> BEST = 177797
2026-05-03 14:36:28,291 -   --- Pairwise Iter 50 (còn 752s) ---
2026-05-03 14:36:31,690 -     [P4.2] Pair (41,59) giảm 203 -> BEST = 177594
2026-05-03 14:36:31,716 -   --- Pairwise Iter 51 (còn 748s) ---
2026-05-03 14:37:08,796 -     [P4.2] Pair (60,127) giảm 9 -> BEST = 177585
2026-05-03 14:37:08,851 -   --- Pairwise Iter 52 (còn 711s) ---
2026-05-03 14:37:11,454 -     [P4.2] Pair (32,127) giảm 5 -> BEST = 177580
2026-05-03 14:37:11,490 -   --- Pairwise Iter 53 (còn 709s) ---
2026-05-03 14:37:57,540 -     [P4.2] Pair (32,41) giảm 13 -> BEST = 177567
2026-05-03 14:37:57,577 -   --- Pairwise Iter 54 (còn 663s) ---
2026-05-03 14:38:01,047 -     [P4.2] Pair (12,32) giảm 2 -> BEST = 177565
2026-05-03 14:38:01,072 -   --- Pairwise Iter 55 (còn 659s) ---
2026-05-03 14:38:08,624 -     [P4.2] Pair (32,59) giảm 24 -> BEST = 177541
2026-05-03 14:38:08,649 -   --- Pairwise Iter 56 (còn 651s) ---
2026-05-03 14:38:18,417 -     [P4.2] Pair (61,105) giảm 140 -> BEST = 177401
2026-05-03 14:38:18,442 -   --- Pairwise Iter 57 (còn 642s) ---
2026-05-03 14:38:27,984 -     [P4.2] Pair (76,79) giảm 579 -> BEST = 176822
2026-05-03 14:38:28,008 -   --- Pairwise Iter 58 (còn 632s) ---
2026-05-03 14:38:37,740 -     [P4.2] Pair (91,120) giảm 2 -> BEST = 176820
2026-05-03 14:38:37,775 -   --- Pairwise Iter 59 (còn 622s) ---
2026-05-03 14:38:39,765 -     [P4.2] Pair (73,91) giảm 51 -> BEST = 176769
2026-05-03 14:38:39,799 -   --- Pairwise Iter 60 (còn 620s) ---
2026-05-03 14:38:50,503 -     [P4.2] Pair (112,119) giảm 174 -> BEST = 176595
2026-05-03 14:38:50,538 -   --- Pairwise Iter 61 (còn 610s) ---
2026-05-03 14:39:01,962 -     [P4.2] Pair (112,118) giảm 1088 -> BEST = 175507
2026-05-03 14:39:02,027 -   --- Pairwise Iter 62 (còn 598s) ---
2026-05-03 14:39:11,398 -     [P4.2] Pair (54,118) giảm 18 -> BEST = 175489
2026-05-03 14:39:11,433 -   --- Pairwise Iter 63 (còn 589s) ---
2026-05-03 14:39:21,515 -     [P4.2] Pair (54,107) giảm 530 -> BEST = 174959
2026-05-03 14:39:21,560 -   --- Pairwise Iter 64 (còn 579s) ---
2026-05-03 14:39:31,884 -     [P4.2] Pair (105,123) giảm 22 -> BEST = 174937
2026-05-03 14:39:31,909 -   --- Pairwise Iter 65 (còn 568s) ---
2026-05-03 14:39:33,811 -     [P4.2] Pair (40,105) giảm 21 -> BEST = 174916
2026-05-03 14:39:33,837 -   --- Pairwise Iter 66 (còn 566s) ---
2026-05-03 14:39:43,475 -     [P4.2] Pair (40,123) giảm 6 -> BEST = 174910
2026-05-03 14:39:43,500 -   --- Pairwise Iter 67 (còn 557s) ---
2026-05-03 14:39:52,885 -     [P4.2] Pair (74,120) giảm 123 -> BEST = 174787
2026-05-03 14:39:52,909 -   --- Pairwise Iter 68 (còn 547s) ---
2026-05-03 14:40:00,210 -     [P4.2] Pair (74,97) giảm 5 -> BEST = 174782
2026-05-03 14:40:00,244 -   --- Pairwise Iter 69 (còn 540s) ---
2026-05-03 14:40:03,710 -     [P4.2] Pair (34,74) giảm 30 -> BEST = 174752
2026-05-03 14:40:03,734 -   --- Pairwise Iter 70 (còn 536s) ---
2026-05-03 14:40:12,850 -     [P4.2] Pair (94,116) giảm 71 -> BEST = 174681
2026-05-03 14:40:12,874 -   --- Pairwise Iter 71 (còn 527s) ---
2026-05-03 14:40:21,937 -     [P4.2] Pair (5,42) giảm 329 -> BEST = 174352
2026-05-03 14:40:21,961 -   --- Pairwise Iter 72 (còn 518s) ---
2026-05-03 14:40:31,090 -     [P4.2] Pair (12,109) giảm 857 -> BEST = 173495
2026-05-03 14:40:31,114 -   --- Pairwise Iter 73 (còn 509s) ---
2026-05-03 14:40:40,713 -     [P4.2] Pair (38,110) giảm 489 -> BEST = 173006
2026-05-03 14:40:40,768 -   --- Pairwise Iter 74 (còn 499s) ---
2026-05-03 14:40:50,209 -     [P4.2] Pair (87,118) giảm 636 -> BEST = 172370
2026-05-03 14:40:50,233 -   --- Pairwise Iter 75 (còn 490s) ---
2026-05-03 14:40:57,724 -     [P4.2] Pair (107,118) giảm 42 -> BEST = 172328
2026-05-03 14:40:57,748 -   --- Pairwise Iter 76 (còn 482s) ---
2026-05-03 14:41:07,098 -     [P4.2] Pair (19,31) giảm 2 -> BEST = 172326
2026-05-03 14:41:07,122 -   --- Pairwise Iter 77 (còn 473s) ---
2026-05-03 14:41:16,674 -     [P4.2] Pair (30,115) giảm 21 -> BEST = 172305
2026-05-03 14:41:16,698 -   --- Pairwise Iter 78 (còn 463s) ---
2026-05-03 14:41:23,688 -     [P4.2] Pair (92,115) giảm 183 -> BEST = 172122
2026-05-03 14:41:23,722 -   --- Pairwise Iter 79 (còn 456s) ---
2026-05-03 14:41:24,888 -     [P4.2] Pair (30,115) giảm 8 -> BEST = 172114
2026-05-03 14:41:24,912 -   --- Pairwise Iter 80 (còn 455s) ---
2026-05-03 14:41:34,823 -     [P4.2] Pair (34,76) giảm 30 -> BEST = 172084
2026-05-03 14:41:34,857 -   --- Pairwise Iter 81 (còn 445s) ---
2026-05-03 14:41:42,455 -     [P4.2] Pair (34,97) giảm 40 -> BEST = 172044
2026-05-03 14:41:42,499 -   --- Pairwise Iter 82 (còn 438s) ---
2026-05-03 14:41:52,336 -     [P4.2] Pair (40,110) giảm 37 -> BEST = 172007
2026-05-03 14:41:52,361 -   --- Pairwise Iter 83 (còn 428s) ---
2026-05-03 14:42:05,343 -     [P4.2] Pair (66,70) giảm 287 -> BEST = 171720
2026-05-03 14:42:05,368 -   --- Pairwise Iter 84 (còn 415s) ---
2026-05-03 14:42:18,643 -     [P4.2] Pair (70,85) giảm 543 -> BEST = 171177
2026-05-03 14:42:18,668 -   --- Pairwise Iter 85 (còn 401s) ---
2026-05-03 14:42:32,030 -     [P4.2] Pair (85,98) giảm 48 -> BEST = 171129
2026-05-03 14:42:32,065 -   --- Pairwise Iter 86 (còn 388s) ---
2026-05-03 14:42:34,546 -     [P4.2] Pair (70,98) giảm 1093 -> BEST = 170036
2026-05-03 14:42:34,581 -   --- Pairwise Iter 87 (còn 386s) ---
2026-05-03 14:42:47,619 -     [P4.2] Pair (73,76) giảm 529 -> BEST = 169507
2026-05-03 14:42:47,653 -   --- Pairwise Iter 88 (còn 372s) ---
2026-05-03 14:43:00,760 -     [P4.2] Pair (73,108) giảm 5 -> BEST = 169502
2026-05-03 14:43:00,785 -   --- Pairwise Iter 89 (còn 359s) ---
2026-05-03 14:43:14,256 -     [P4.2] Pair (74,119) giảm 3 -> BEST = 169499
2026-05-03 14:43:14,281 -   --- Pairwise Iter 90 (còn 346s) ---
2026-05-03 14:43:28,899 -     [P4.2] Pair (99,125) giảm 658 -> BEST = 168841
2026-05-03 14:43:28,933 -   --- Pairwise Iter 91 (còn 331s) ---
2026-05-03 14:43:46,692 -     [P4.2] Pair (122,126) giảm 886 -> BEST = 167955
2026-05-03 14:43:46,757 -   --- Pairwise Iter 92 (còn 313s) ---
2026-05-03 14:43:57,874 -     [P4.2] Pair (44,126) giảm 218 -> BEST = 167737
2026-05-03 14:43:57,899 -   --- Pairwise Iter 93 (còn 302s) ---
2026-05-03 14:44:11,407 -     [P4.2] Pair (18,70) giảm 6 -> BEST = 167731
2026-05-03 14:44:11,431 -   --- Pairwise Iter 94 (còn 289s) ---
2026-05-03 14:44:25,063 -     [P4.2] Pair (77,78) giảm 873 -> BEST = 166858
2026-05-03 14:44:25,088 -   --- Pairwise Iter 95 (còn 275s) ---
2026-05-03 14:44:38,614 -     [P4.2] Pair (77,105) giảm 11 -> BEST = 166847
2026-05-03 14:44:38,638 -   --- Pairwise Iter 96 (còn 262s) ---
2026-05-03 14:44:39,870 -     [P4.2] Pair (40,105) giảm 9 -> BEST = 166838
2026-05-03 14:44:39,895 -   --- Pairwise Iter 97 (còn 260s) ---
2026-05-03 14:44:52,454 -     [P4.2] Pair (105,110) giảm 144 -> BEST = 166694
2026-05-03 14:44:52,478 -   --- Pairwise Iter 98 (còn 248s) ---
2026-05-03 14:44:53,781 -     [P4.2] Pair (40,110) giảm 2 -> BEST = 166692
2026-05-03 14:44:53,805 -   --- Pairwise Iter 99 (còn 246s) ---
2026-05-03 14:45:07,937 -     [P4.2] Pair (119,124) giảm 5 -> BEST = 166687
2026-05-03 14:45:07,992 -   --- Pairwise Iter 100 (còn 232s) ---
2026-05-03 14:45:23,249 -     [P4.2] Pair (24,118) giảm 35 -> BEST = 166652
2026-05-03 14:45:23,274 -   --- Pairwise Iter 101 (còn 217s) ---
2026-05-03 14:45:32,048 -     [P4.2] Pair (24,107) giảm 231 -> BEST = 166421
2026-05-03 14:45:32,093 -   --- Pairwise Iter 102 (còn 208s) ---
2026-05-03 14:45:51,761 -     [P4.2] Pair (34,119) giảm 28 -> BEST = 166393
2026-05-03 14:45:51,796 -   --- Pairwise Iter 103 (còn 188s) ---
2026-05-03 14:45:59,345 -     [P4.2] Pair (76,119) giảm 9 -> BEST = 166384
2026-05-03 14:45:59,380 -   --- Pairwise Iter 104 (còn 181s) ---
2026-05-03 14:46:09,536 -     [P4.2] Pair (34,97) giảm 95 -> BEST = 166289
2026-05-03 14:46:09,561 -   --- Pairwise Iter 105 (còn 171s) ---
2026-05-03 14:46:20,274 -     [P4.2] Pair (76,97) giảm 11 -> BEST = 166278
2026-05-03 14:46:20,309 -   --- Pairwise Iter 106 (còn 160s) ---
2026-05-03 14:46:23,015 -     [P4.2] Pair (19,97) giảm 22 -> BEST = 166256
2026-05-03 14:46:23,040 -   --- Pairwise Iter 107 (còn 157s) ---
2026-05-03 14:46:30,599 -     [P4.2] Pair (19,72) giảm 110 -> BEST = 166146
2026-05-03 14:46:30,624 -   --- Pairwise Iter 108 (còn 150s) ---
2026-05-03 14:46:33,730 -     [P4.2] Pair (19,119) giảm 31 -> BEST = 166115
2026-05-03 14:46:33,775 -   --- Pairwise Iter 109 (còn 146s) ---
2026-05-03 14:46:35,785 -     [P4.2] Pair (119,120) giảm 6 -> BEST = 166109
2026-05-03 14:46:35,810 -   --- Pairwise Iter 110 (còn 144s) ---
2026-05-03 14:46:49,547 -     [P4.2] Pair (38,43) giảm 567 -> BEST = 165542
2026-05-03 14:46:49,581 -   --- Pairwise Iter 111 (còn 131s) ---
2026-05-03 14:46:58,250 -     [P4.2] Pair (38,110) giảm 84 -> BEST = 165458
2026-05-03 14:46:58,295 -   --- Pairwise Iter 112 (còn 122s) ---
2026-05-03 14:47:00,333 -     [P4.2] Pair (38,77) giảm 51 -> BEST = 165407
2026-05-03 14:47:00,367 -   --- Pairwise Iter 113 (còn 120s) ---
2026-05-03 14:47:09,582 -     [P4.2] Pair (40,77) giảm 2 -> BEST = 165405
2026-05-03 14:47:09,617 -   --- Pairwise Iter 114 (còn 111s) ---
2026-05-03 14:47:19,933 -     [P4.2] Pair (74,90) giảm 181 -> BEST = 165224
2026-05-03 14:47:19,967 -   --- Pairwise Iter 115 (còn 100s) ---
2026-05-03 14:47:30,378 -     [P4.2] Pair (0,42) giảm 638 -> BEST = 164586
2026-05-03 14:47:30,403 -   --- Pairwise Iter 116 (còn 90s) ---
2026-05-03 14:47:38,718 -     [P4.2] Pair (5,42) giảm 1 -> BEST = 164585
2026-05-03 14:47:38,743 -   --- Pairwise Iter 117 (còn 81s) ---
2026-05-03 14:47:49,331 -     [P4.2] Pair (32,110) giảm 1146 -> BEST = 163439
2026-05-03 14:47:49,365 -   --- Pairwise Iter 118 (còn 71s) ---
2026-05-03 14:47:51,810 -     [P4.2] Pair (32,109) giảm 7 -> BEST = 163432
2026-05-03 14:47:51,835 -   --- Pairwise Iter 119 (còn 68s) ---
2026-05-03 14:48:00,256 -     [P4.2] Pair (32,38) giảm 12 -> BEST = 163420
2026-05-03 14:48:00,280 -   --- Pairwise Iter 120 (còn 60s) ---
2026-05-03 14:48:08,539 -     [P4.2] Pair (12,38) giảm 50 -> BEST = 163370
2026-05-03 14:48:08,563 -   --- Pairwise Iter 121 (còn 52s) ---
2026-05-03 14:48:18,505 -     [P4.2] Pair (38,121) giảm 72 -> BEST = 163298
2026-05-03 14:48:18,559 -   --- Pairwise Iter 122 (còn 42s) ---
2026-05-03 14:48:25,026 -     [P4.2] Pair (27,38) giảm 60 -> BEST = 163238
2026-05-03 14:48:25,050 -   --- Pairwise Iter 123 (còn 35s) ---
2026-05-03 14:48:33,737 -     [P4.2] Pair (95,121) giảm 345 -> BEST = 162893
2026-05-03 14:48:33,772 -   --- Pairwise Iter 124 (còn 26s) ---
2026-05-03 14:48:35,235 -     [P4.2] Pair (102,121) giảm 715 -> BEST = 162178
2026-05-03 14:48:35,259 -   --- Pairwise Iter 125 (còn 25s) ---
2026-05-03 14:48:43,348 -     [P4.2] Pair (32,77) giảm 52 -> BEST = 162126
2026-05-03 14:48:43,373 -   --- Pairwise Iter 126 (còn 17s) ---
2026-05-03 14:48:53,379 -     [P4.2] Pair (36,85) giảm 167 -> BEST = 161959
2026-05-03 14:48:53,403 -   --- Pairwise Iter 127 (còn 7s) ---
2026-05-03 14:48:58,183 -     -> Đã đạt cực trị toàn cục cho mọi cặp dưới ngưỡng. KẾT THÚC CHẶNG 4.
2026-05-03 14:48:58,183 - Hoàn thành trong 1198.0s. Final Cost: 161959
2026-05-03 14:48:58,183 - ======================================================================
2026-05-03 14:48:58,183 - BÁO CÁO TỔNG KẾT (SUMMARY)
2026-05-03 14:48:58,183 - ======================================================================
2026-05-03 14:48:58,183 -   1. Chi phí Clarke-Wright:     220761
2026-05-03 14:48:58,183 -   2. Chi phí sau Gurobi MIP:    161959
2026-05-03 14:48:58,183 -   => TỔNG CẢI THIỆN:            58802
2026-05-03 14:48:58,183 -   => Số lần Gurobi Single cải thiện  : 56 lần
2026-05-03 14:48:58,184 -   => Số lần Gurobi Pairwise cải thiện: 126 lần
2026-05-03 14:48:58,184 -   => TỔNG THỜI GIAN CHẠY:       1202.963s
2026-05-03 14:48:58,192 - ======================================================================
2026-05-03 14:48:58,192 - GUROBI MIP SOLVER  |  FILE: X-n429-k61.vrp
2026-05-03 14:48:58,192 - ======================================================================
2026-05-03 14:48:58,435 - Thông tin dữ liệu: Dimension=429, K=61, Capacity=536
2026-05-03 14:48:58,435 - --- Step 1: Clarke-Wright Heuristic ---
2026-05-03 14:48:59,016 -     [CW-Phase4] BFD thất bại với 12 khách hàng. Kích hoạt Backtracking (Giảm depth dần)...
2026-05-03 14:48:59,018 -       -> Thử hoán đổi với depth=3 (Limit: 10s)...
2026-05-03 14:49:03,172 -     [CW-Phase4] HOÀN HẢO! Backtracking thành công tại depth=3.
2026-05-03 14:49:03,184 -   Kết quả CW: Cost = 241642, Time = 4.748s
2026-05-03 14:49:03,184 - --- Step 2: Advanced Optimization (Gurobi MIP) ---
2026-05-03 14:49:03,184 - =========================================
2026-05-03 14:49:03,184 - BẮT ĐẦU OPTIMIZE  (100% Gurobi MIP)
2026-05-03 14:49:03,184 -  -> Max Single Size  : 20
2026-05-03 14:49:03,184 -  -> Single Timeout   : 40.0s
2026-05-03 14:49:03,184 -  -> Max Pairwise Size: 24
2026-05-03 14:49:03,184 -  -> Pairwise Timeout : 71.0s
2026-05-03 14:49:03,184 -  -> Global Timeout   : 1200.0s
2026-05-03 14:49:03,184 -  -> Chi phí khởi điểm: 241642
2026-05-03 14:49:03,184 - =========================================
2026-05-03 14:49:03,185 - === BẮT ĐẦU CHẶNG 4: GUROBI MIP CHÍNH XÁC | Cost: 241642 ===
2026-05-03 14:49:03,185 -   [GĐ 4.1] Giải bài toán TSP trên từng tuyến đơn...
2026-05-03 14:49:04,960 -     -> Single Gurobi cải thiện: 87072. Cost mới: 154570
2026-05-03 14:49:04,960 -   [GĐ 4.2] Xét từng cặp tuyến để phân bổ lại khách hàng...
2026-05-03 14:49:04,960 -   --- Pairwise Iter 1 (còn 1198s) ---
2026-05-03 14:49:38,755 -     [P4.2] Pair (26,43) giảm 898 -> BEST = 153672
2026-05-03 14:49:38,820 -   --- Pairwise Iter 2 (còn 1164s) ---
2026-05-03 14:49:40,394 -     [P4.2] Pair (39,50) giảm 423 -> BEST = 153249
2026-05-03 14:49:40,429 -   --- Pairwise Iter 3 (còn 1163s) ---
2026-05-03 14:49:41,450 -     [P4.2] Pair (48,53) giảm 628 -> BEST = 152621
2026-05-03 14:49:41,505 -   --- Pairwise Iter 4 (còn 1162s) ---
2026-05-03 14:50:08,435 -     [P4.2] Pair (24,52) giảm 1149 -> BEST = 151472
2026-05-03 14:50:08,560 -   --- Pairwise Iter 5 (còn 1135s) ---
2026-05-03 14:51:20,876 -     [P4.2] Pair (40,59) giảm 517 -> BEST = 150955
2026-05-03 14:51:21,213 -   --- Pairwise Iter 6 (còn 1062s) ---
2026-05-03 14:51:24,928 -     [P4.2] Pair (30,45) giảm 1324 -> BEST = 149631
2026-05-03 14:51:24,972 -   --- Pairwise Iter 7 (còn 1058s) ---
2026-05-03 14:51:27,869 -     [P4.2] Pair (11,42) giảm 487 -> BEST = 149144
2026-05-03 14:51:27,934 -   --- Pairwise Iter 8 (còn 1055s) ---
2026-05-03 14:51:35,310 -     [P4.2] Pair (29,51) giảm 899 -> BEST = 148245
2026-05-03 14:51:35,455 -   --- Pairwise Iter 9 (còn 1048s) ---
2026-05-03 14:51:50,185 -     [P4.2] Pair (47,56) giảm 670 -> BEST = 147575
2026-05-03 14:51:50,239 -   --- Pairwise Iter 10 (còn 1033s) ---
2026-05-03 14:52:05,425 -     [P4.2] Pair (17,41) giảm 305 -> BEST = 147270
2026-05-03 14:52:05,500 -   --- Pairwise Iter 11 (còn 1018s) ---
2026-05-03 14:52:22,990 -     [P4.2] Pair (23,33) giảm 1207 -> BEST = 146063
2026-05-03 14:52:23,045 -   --- Pairwise Iter 12 (còn 1000s) ---
2026-05-03 14:52:49,748 -     [P4.2] Pair (32,57) giảm 1836 -> BEST = 144227
2026-05-03 14:52:49,944 -   --- Pairwise Iter 13 (còn 973s) ---
2026-05-03 14:54:16,211 -     [P4.2] Pair (46,47) giảm 1194 -> BEST = 143033
2026-05-03 14:54:16,427 -   --- Pairwise Iter 14 (còn 887s) ---
2026-05-03 14:55:20,941 -     [P4.2] Pair (46,56) giảm 305 -> BEST = 142728
2026-05-03 14:55:21,087 -   --- Pairwise Iter 15 (còn 822s) ---
2026-05-03 14:56:37,426 -     [P4.2] Pair (0,11) giảm 1242 -> BEST = 141486
2026-05-03 14:56:37,470 -   --- Pairwise Iter 16 (còn 746s) ---
2026-05-03 14:58:59,807 -     [P4.2] Pair (40,49) giảm 1012 -> BEST = 140474
2026-05-03 14:59:00,024 -   --- Pairwise Iter 17 (còn 603s) ---
2026-05-03 15:00:26,516 -     [P4.2] Pair (41,49) giảm 272 -> BEST = 140202
2026-05-03 15:00:26,631 -   --- Pairwise Iter 18 (còn 517s) ---
2026-05-03 15:02:28,342 -     [P4.2] Pair (45,58) giảm 943 -> BEST = 139259
2026-05-03 15:02:28,510 -   --- Pairwise Iter 19 (còn 395s) ---
2026-05-03 15:03:54,490 -     [P4.2] Pair (4,11) giảm 208 -> BEST = 139051
2026-05-03 15:03:54,575 -   --- Pairwise Iter 20 (còn 309s) ---
2026-05-03 15:05:30,419 -     [P4.2] Pair (26,36) giảm 233 -> BEST = 138818
2026-05-03 15:05:30,454 -   --- Pairwise Iter 21 (còn 213s) ---
2026-05-03 15:06:50,669 -     [P4.2] Pair (0,36) giảm 503 -> BEST = 138315
2026-05-03 15:06:50,734 -   --- Pairwise Iter 22 (còn 132s) ---
2026-05-03 15:09:01,211 -     [P4.2] Pair (36,47) giảm 373 -> BEST = 137942
2026-05-03 15:09:01,211 -   --- Pairwise Iter 23 (còn 2s) ---
2026-05-03 15:09:01,242 -     -> Đã đạt cực trị toàn cục cho mọi cặp dưới ngưỡng. KẾT THÚC CHẶNG 4.
2026-05-03 15:09:01,242 - Hoàn thành trong 1198.1s. Final Cost: 137942
2026-05-03 15:09:01,242 - ======================================================================
2026-05-03 15:09:01,242 - BÁO CÁO TỔNG KẾT (SUMMARY)
2026-05-03 15:09:01,242 - ======================================================================
2026-05-03 15:09:01,242 -   1. Chi phí Clarke-Wright:     241642
2026-05-03 15:09:01,243 -   2. Chi phí sau Gurobi MIP:    137942
2026-05-03 15:09:01,243 -   => TỔNG CẢI THIỆN:            103700
2026-05-03 15:09:01,243 -   => Số lần Gurobi Single cải thiện  : 61 lần
2026-05-03 15:09:01,243 -   => Số lần Gurobi Pairwise cải thiện: 22 lần
2026-05-03 15:09:01,243 -   => TỔNG THỜI GIAN CHẠY:       1202.807s
2026-05-03 15:09:01,248 - ======================================================================
2026-05-03 15:09:01,248 - GUROBI MIP SOLVER  |  FILE: X-n439-k37.vrp
2026-05-03 15:09:01,248 - ======================================================================
2026-05-03 15:09:01,538 - Thông tin dữ liệu: Dimension=439, K=37, Capacity=12
2026-05-03 15:09:01,538 - --- Step 1: Clarke-Wright Heuristic ---
2026-05-03 15:09:01,929 -   Kết quả CW: Cost = 46271, Time = 0.391s
2026-05-03 15:09:01,930 - --- Step 2: Advanced Optimization (Gurobi MIP) ---
2026-05-03 15:09:01,930 - =========================================
2026-05-03 15:09:01,930 - BẮT ĐẦU OPTIMIZE  (100% Gurobi MIP)
2026-05-03 15:09:01,930 -  -> Max Single Size  : 29
2026-05-03 15:09:01,930 -  -> Single Timeout   : 40.0s
2026-05-03 15:09:01,930 -  -> Max Pairwise Size: 28
2026-05-03 15:09:01,930 -  -> Pairwise Timeout : 119.0s
2026-05-03 15:09:01,930 -  -> Global Timeout   : 1200.0s
2026-05-03 15:09:01,930 -  -> Chi phí khởi điểm: 46271
2026-05-03 15:09:01,930 - =========================================
2026-05-03 15:09:01,930 - === BẮT ĐẦU CHẶNG 4: GUROBI MIP CHÍNH XÁC | Cost: 46271 ===
2026-05-03 15:09:01,931 -   [GĐ 4.1] Giải bài toán TSP trên từng tuyến đơn...
2026-05-03 15:12:27,362 -     -> Single Gurobi cải thiện: 3535. Cost mới: 42736
2026-05-03 15:12:27,362 -   [GĐ 4.2] Xét từng cặp tuyến để phân bổ lại khách hàng...
2026-05-03 15:12:27,362 -   --- Pairwise Iter 1 (còn 995s) ---
2026-05-03 15:14:26,428 -     [P4.2] Pair (29,36) giảm 117 -> BEST = 42619
2026-05-03 15:15:06,723 -   --- Pairwise Iter 2 (còn 835s) ---
2026-05-03 15:17:05,820 -     [P4.2] Pair (13,17) giảm 11 -> BEST = 42608
2026-05-03 15:17:46,151 -   --- Pairwise Iter 3 (còn 676s) ---
2026-05-03 15:19:45,243 -     [P4.2] Pair (13,17) giảm 35 -> BEST = 42573
2026-05-03 15:20:25,305 -   --- Pairwise Iter 4 (còn 517s) ---
2026-05-03 15:22:24,404 -     [P4.2] Pair (22,28) giảm 176 -> BEST = 42397
2026-05-03 15:22:37,063 -   --- Pairwise Iter 5 (còn 385s) ---
2026-05-03 15:24:36,137 -     [P4.2] Pair (29,34) giảm 24 -> BEST = 42373
2026-05-03 15:24:58,055 -   --- Pairwise Iter 6 (còn 244s) ---
2026-05-03 15:26:57,153 -     [P4.2] Pair (5,19) giảm 275 -> BEST = 42098
2026-05-03 15:27:25,866 -   --- Pairwise Iter 7 (còn 96s) ---
2026-05-03 15:28:59,991 -     [P4.2] Pair (26,33) giảm 34 -> BEST = 42064
2026-05-03 15:28:59,991 -   --- Pairwise Iter 8 (còn 2s) ---
2026-05-03 15:29:00,018 -     -> Đã đạt cực trị toàn cục cho mọi cặp dưới ngưỡng. KẾT THÚC CHẶNG 4.
2026-05-03 15:29:00,021 - Hoàn thành trong 1198.1s. Final Cost: 42064
2026-05-03 15:29:00,021 - ======================================================================
2026-05-03 15:29:00,021 - BÁO CÁO TỔNG KẾT (SUMMARY)
2026-05-03 15:29:00,021 - ======================================================================
2026-05-03 15:29:00,021 -   1. Chi phí Clarke-Wright:     46271
2026-05-03 15:29:00,021 -   2. Chi phí sau Gurobi MIP:    42064
2026-05-03 15:29:00,021 -   => TỔNG CẢI THIỆN:            4207
2026-05-03 15:29:00,021 -   => Số lần Gurobi Single cải thiện  : 36 lần
2026-05-03 15:29:00,021 -   => Số lần Gurobi Pairwise cải thiện: 7 lần
2026-05-03 15:29:00,021 -   => TỔNG THỜI GIAN CHẠY:       1198.483s
2026-05-03 15:29:00,023 - ======================================================================
2026-05-03 15:29:00,023 - GUROBI MIP SOLVER  |  FILE: X-n449-k29.vrp
2026-05-03 15:29:00,023 - ======================================================================
2026-05-03 15:29:00,325 - Thông tin dữ liệu: Dimension=449, K=29, Capacity=777
2026-05-03 15:29:00,326 - --- Step 1: Clarke-Wright Heuristic ---
2026-05-03 15:29:00,766 -   Kết quả CW: Cost = 74556, Time = 0.441s
2026-05-03 15:29:00,767 - --- Step 2: Advanced Optimization (Gurobi MIP) ---
2026-05-03 15:29:00,767 - =========================================
2026-05-03 15:29:00,767 - BẮT ĐẦU OPTIMIZE  (100% Gurobi MIP)
2026-05-03 15:29:00,767 -  -> Max Single Size  : 35
2026-05-03 15:29:00,767 -  -> Single Timeout   : 40.0s
2026-05-03 15:29:00,767 -  -> Max Pairwise Size: 28
2026-05-03 15:29:00,767 -  -> Pairwise Timeout : 150.0s
2026-05-03 15:29:00,767 -  -> Global Timeout   : 1200.0s
2026-05-03 15:29:00,767 -  -> Chi phí khởi điểm: 74556
2026-05-03 15:29:00,767 - =========================================
2026-05-03 15:29:00,767 - === BẮT ĐẦU CHẶNG 4: GUROBI MIP CHÍNH XÁC | Cost: 74556 ===
2026-05-03 15:29:00,767 -   [GĐ 4.1] Giải bài toán TSP trên từng tuyến đơn...
2026-05-03 15:43:45,741 -     -> Single Gurobi cải thiện: 8517. Cost mới: 66039
2026-05-03 15:43:45,741 -   [GĐ 4.2] Xét từng cặp tuyến để phân bổ lại khách hàng...
2026-05-03 15:43:45,741 -   --- Pairwise Iter 1 (còn 315s) ---
2026-05-03 15:48:58,820 -     -> Đã đạt cực trị toàn cục cho mọi cặp dưới ngưỡng. KẾT THÚC CHẶNG 4.
2026-05-03 15:48:58,820 - Hoàn thành trong 1198.1s. Final Cost: 66039
2026-05-03 15:48:58,820 - ======================================================================
2026-05-03 15:48:58,820 - BÁO CÁO TỔNG KẾT (SUMMARY)
2026-05-03 15:48:58,820 - ======================================================================
2026-05-03 15:48:58,820 -   1. Chi phí Clarke-Wright:     74556
2026-05-03 15:48:58,820 -   2. Chi phí sau Gurobi MIP:    66039
2026-05-03 15:48:58,820 -   => TỔNG CẢI THIỆN:            8517
2026-05-03 15:48:58,820 -   => Số lần Gurobi Single cải thiện  : 29 lần
2026-05-03 15:48:58,820 -   => Số lần Gurobi Pairwise cải thiện: 0 lần
2026-05-03 15:48:58,820 -   => TỔNG THỜI GIAN CHẠY:       1198.494s
2026-05-03 15:48:58,822 - ======================================================================
2026-05-03 15:48:58,822 - GUROBI MIP SOLVER  |  FILE: X-n459-k26.vrp
2026-05-03 15:48:58,822 - ======================================================================
2026-05-03 15:48:59,154 - Thông tin dữ liệu: Dimension=459, K=26, Capacity=1106
2026-05-03 15:48:59,154 - --- Step 1: Clarke-Wright Heuristic ---
2026-05-03 15:48:59,628 -   Kết quả CW: Cost = 36213, Time = 0.474s
2026-05-03 15:48:59,628 - --- Step 2: Advanced Optimization (Gurobi MIP) ---
2026-05-03 15:48:59,629 - =========================================
2026-05-03 15:48:59,629 - BẮT ĐẦU OPTIMIZE  (100% Gurobi MIP)
2026-05-03 15:48:59,629 -  -> Max Single Size  : 35
2026-05-03 15:48:59,629 -  -> Single Timeout   : 40.0s
2026-05-03 15:48:59,629 -  -> Max Pairwise Size: 28
2026-05-03 15:48:59,629 -  -> Pairwise Timeout : 150.0s
2026-05-03 15:48:59,629 -  -> Global Timeout   : 1200.0s
2026-05-03 15:48:59,629 -  -> Chi phí khởi điểm: 36213
2026-05-03 15:48:59,629 - =========================================
2026-05-03 15:48:59,629 - === BẮT ĐẦU CHẶNG 4: GUROBI MIP CHÍNH XÁC | Cost: 36213 ===
2026-05-03 15:48:59,629 -   [GĐ 4.1] Giải bài toán TSP trên từng tuyến đơn...
2026-05-03 15:59:45,312 -     -> Single Gurobi cải thiện: 3836. Cost mới: 32377
2026-05-03 15:59:45,313 -   [GĐ 4.2] Xét từng cặp tuyến để phân bổ lại khách hàng...
2026-05-03 15:59:45,313 -   --- Pairwise Iter 1 (còn 554s) ---
2026-05-03 16:04:45,508 -     [P4.2] Pair (20,23) giảm 82 -> BEST = 32295
2026-05-03 16:05:04,239 -   --- Pairwise Iter 2 (còn 235s) ---
2026-05-03 16:08:57,684 -     -> Đã đạt cực trị toàn cục cho mọi cặp dưới ngưỡng. KẾT THÚC CHẶNG 4.
2026-05-03 16:08:57,684 - Hoàn thành trong 1198.1s. Final Cost: 32295
2026-05-03 16:08:57,688 - ======================================================================
2026-05-03 16:08:57,688 - BÁO CÁO TỔNG KẾT (SUMMARY)
2026-05-03 16:08:57,688 - ======================================================================
2026-05-03 16:08:57,688 -   1. Chi phí Clarke-Wright:     36213
2026-05-03 16:08:57,688 -   2. Chi phí sau Gurobi MIP:    32295
2026-05-03 16:08:57,688 -   => TỔNG CẢI THIỆN:            3918
2026-05-03 16:08:57,688 -   => Số lần Gurobi Single cải thiện  : 26 lần
2026-05-03 16:08:57,688 -   => Số lần Gurobi Pairwise cải thiện: 1 lần
2026-05-03 16:08:57,688 -   => TỔNG THỜI GIAN CHẠY:       1198.534s
2026-05-03 16:08:57,692 - ======================================================================
2026-05-03 16:08:57,692 - GUROBI MIP SOLVER  |  FILE: X-n469-k138.vrp
2026-05-03 16:08:57,692 - ======================================================================
2026-05-03 16:08:58,026 - Thông tin dữ liệu: Dimension=469, K=138, Capacity=256
2026-05-03 16:08:58,026 - --- Step 1: Clarke-Wright Heuristic ---
2026-05-03 16:09:00,419 -     [CW-Phase4] BFD thất bại với 25 khách hàng. Kích hoạt Backtracking (Giảm depth dần)...
2026-05-03 16:09:00,423 -       -> Thử hoán đổi với depth=3 (Limit: 10s)...
2026-05-03 16:09:10,428 -       -> Thử hoán đổi với depth=2 (Limit: 10s)...
2026-05-03 16:09:20,432 -       -> Thử hoán đổi với depth=1 (Limit: 10s)...
2026-05-03 16:09:20,435 -     [CW-Phase4] TẤT CẢ depth đều thất bại hoặc timeout. Chuyển sang Fallback (Sweep).
2026-05-03 16:09:22,639 -     [CW-Phase4] BFD thất bại với 25 khách hàng. Kích hoạt Backtracking (Giảm depth dần)...
2026-05-03 16:09:22,643 -       -> Thử hoán đổi với depth=3 (Limit: 10s)...
2026-05-03 16:09:32,647 -       -> Thử hoán đổi với depth=2 (Limit: 10s)...
2026-05-03 16:09:42,651 -       -> Thử hoán đổi với depth=1 (Limit: 10s)...
2026-05-03 16:09:42,655 -     [CW-Phase4] TẤT CẢ depth đều thất bại hoặc timeout. Chuyển sang Fallback (Sweep).
2026-05-03 16:09:42,656 - ❌ CW THẤT BẠI (UNSAT): Không thể đóng gói vào đúng K=138 xe.
2026-05-03 16:09:42,656 - Chi tiết: Cannot reduce the number of routes
2026-05-03 16:09:42,677 - ======================================================================
2026-05-03 16:09:42,677 - GUROBI MIP SOLVER  |  FILE: X-n480-k70.vrp
2026-05-03 16:09:42,677 - ======================================================================
2026-05-03 16:09:43,026 - Thông tin dữ liệu: Dimension=480, K=70, Capacity=52
2026-05-03 16:09:43,026 - --- Step 1: Clarke-Wright Heuristic ---
2026-05-03 16:09:43,828 -     [CW-Phase4] BFD thất bại với 26 khách hàng. Kích hoạt Backtracking (Giảm depth dần)...
2026-05-03 16:09:43,831 -       -> Thử hoán đổi với depth=3 (Limit: 10s)...
2026-05-03 16:09:53,834 -       -> Thử hoán đổi với depth=2 (Limit: 10s)...
2026-05-03 16:09:56,273 -       -> Thử hoán đổi với depth=1 (Limit: 10s)...
2026-05-03 16:09:56,275 -     [CW-Phase4] TẤT CẢ depth đều thất bại hoặc timeout. Chuyển sang Fallback (Sweep).
2026-05-03 16:09:56,754 -     [CW-Phase4] BFD thất bại với 26 khách hàng. Kích hoạt Backtracking (Giảm depth dần)...
2026-05-03 16:09:56,756 -       -> Thử hoán đổi với depth=3 (Limit: 10s)...
2026-05-03 16:10:06,759 -       -> Thử hoán đổi với depth=2 (Limit: 10s)...
2026-05-03 16:10:09,189 -       -> Thử hoán đổi với depth=1 (Limit: 10s)...
2026-05-03 16:10:09,191 -     [CW-Phase4] TẤT CẢ depth đều thất bại hoặc timeout. Chuyển sang Fallback (Sweep).
2026-05-03 16:10:09,191 - ❌ CW THẤT BẠI (UNSAT): Không thể đóng gói vào đúng K=70 xe.
2026-05-03 16:10:09,191 - Chi tiết: Cannot reduce the number of routes
2026-05-03 16:10:09,216 - ======================================================================
2026-05-03 16:10:09,216 - GUROBI MIP SOLVER  |  FILE: X-n491-k59.vrp
2026-05-03 16:10:09,216 - ======================================================================
2026-05-03 16:10:09,590 - Thông tin dữ liệu: Dimension=491, K=59, Capacity=428
2026-05-03 16:10:09,590 - --- Step 1: Clarke-Wright Heuristic ---
2026-05-03 16:10:11,662 -   Kết quả CW: Cost = 281299, Time = 2.072s
2026-05-03 16:10:11,663 - --- Step 2: Advanced Optimization (Gurobi MIP) ---
2026-05-03 16:10:11,663 - =========================================
2026-05-03 16:10:11,663 - BẮT ĐẦU OPTIMIZE  (100% Gurobi MIP)
2026-05-03 16:10:11,663 -  -> Max Single Size  : 20
2026-05-03 16:10:11,663 -  -> Single Timeout   : 40.0s
2026-05-03 16:10:11,663 -  -> Max Pairwise Size: 28
2026-05-03 16:10:11,663 -  -> Pairwise Timeout : 84.0s
2026-05-03 16:10:11,663 -  -> Global Timeout   : 1200.0s
2026-05-03 16:10:11,663 -  -> Chi phí khởi điểm: 281299
2026-05-03 16:10:11,663 - =========================================
2026-05-03 16:10:11,664 - === BẮT ĐẦU CHẶNG 4: GUROBI MIP CHÍNH XÁC | Cost: 281299 ===
2026-05-03 16:10:11,664 -   [GĐ 4.1] Giải bài toán TSP trên từng tuyến đơn...
2026-05-03 16:10:16,936 -     -> Single Gurobi cải thiện: 99203. Cost mới: 182096
2026-05-03 16:10:16,937 -   [GĐ 4.2] Xét từng cặp tuyến để phân bổ lại khách hàng...
2026-05-03 16:10:16,937 -   --- Pairwise Iter 1 (còn 1195s) ---
2026-05-03 16:10:17,219 -     [P4.2] Pair (5,6) giảm 41 -> BEST = 182055
2026-05-03 16:10:17,244 -   --- Pairwise Iter 2 (còn 1194s) ---
2026-05-03 16:11:41,913 -     [P4.2] Pair (34,49) giảm 324 -> BEST = 181731
2026-05-03 16:11:42,615 -   --- Pairwise Iter 3 (còn 1109s) ---
2026-05-03 16:13:07,298 -     [P4.2] Pair (43,52) giảm 1466 -> BEST = 180265
2026-05-03 16:13:07,474 -   --- Pairwise Iter 4 (còn 1024s) ---
2026-05-03 16:14:32,554 -     [P4.2] Pair (25,55) giảm 653 -> BEST = 179612
2026-05-03 16:14:33,425 -   --- Pairwise Iter 5 (còn 938s) ---
2026-05-03 16:15:59,968 -     [P4.2] Pair (19,42) giảm 460 -> BEST = 179152
2026-05-03 16:16:00,012 -   --- Pairwise Iter 6 (còn 852s) ---
2026-05-03 16:18:20,395 -     [P4.2] Pair (44,54) giảm 1181 -> BEST = 177971
2026-05-03 16:18:21,489 -   --- Pairwise Iter 7 (còn 710s) ---
2026-05-03 16:20:15,965 -     [P4.2] Pair (46,48) giảm 1424 -> BEST = 176547
2026-05-03 16:20:16,211 -   --- Pairwise Iter 8 (còn 595s) ---
2026-05-03 16:23:06,979 -     [P4.2] Pair (49,55) giảm 840 -> BEST = 175707
2026-05-03 16:23:07,670 -   --- Pairwise Iter 9 (còn 424s) ---
2026-05-03 16:24:34,792 -     [P4.2] Pair (8,38) giảm 325 -> BEST = 175382
2026-05-03 16:24:34,816 -   --- Pairwise Iter 10 (còn 337s) ---
2026-05-03 16:27:26,649 -     [P4.2] Pair (33,53) giảm 612 -> BEST = 174770
2026-05-03 16:27:27,047 -   --- Pairwise Iter 11 (còn 165s) ---
2026-05-03 16:30:09,716 -     -> Đã đạt cực trị toàn cục cho mọi cặp dưới ngưỡng. KẾT THÚC CHẶNG 4.
2026-05-03 16:30:09,717 - Hoàn thành trong 1198.1s. Final Cost: 174770
2026-05-03 16:30:09,717 - ======================================================================
2026-05-03 16:30:09,717 - BÁO CÁO TỔNG KẾT (SUMMARY)
2026-05-03 16:30:09,717 - ======================================================================
2026-05-03 16:30:09,717 -   1. Chi phí Clarke-Wright:     281299
2026-05-03 16:30:09,717 -   2. Chi phí sau Gurobi MIP:    174770
2026-05-03 16:30:09,717 -   => TỔNG CẢI THIỆN:            106529
2026-05-03 16:30:09,717 -   => Số lần Gurobi Single cải thiện  : 56 lần
2026-05-03 16:30:09,717 -   => Số lần Gurobi Pairwise cải thiện: 10 lần
2026-05-03 16:30:09,717 -   => TỔNG THỜI GIAN CHẠY:       1200.126s
2026-05-03 16:30:09,722 - ======================================================================
2026-05-03 16:30:09,722 - GUROBI MIP SOLVER  |  FILE: X-n502-k39.vrp
2026-05-03 16:30:09,723 - ======================================================================
2026-05-03 16:30:10,118 - Thông tin dữ liệu: Dimension=502, K=39, Capacity=13
2026-05-03 16:30:10,118 - --- Step 1: Clarke-Wright Heuristic ---
2026-05-03 16:30:10,739 -   Kết quả CW: Cost = 79197, Time = 0.621s
2026-05-03 16:30:10,739 - --- Step 2: Advanced Optimization (Gurobi MIP) ---
2026-05-03 16:30:10,739 - =========================================
2026-05-03 16:30:10,739 - BẮT ĐẦU OPTIMIZE  (100% Gurobi MIP)
2026-05-03 16:30:10,739 -  -> Max Single Size  : 32
2026-05-03 16:30:10,739 -  -> Single Timeout   : 40.0s
2026-05-03 16:30:10,739 -  -> Max Pairwise Size: 28
2026-05-03 16:30:10,739 -  -> Pairwise Timeout : 129.0s
2026-05-03 16:30:10,739 -  -> Global Timeout   : 1200.0s
2026-05-03 16:30:10,739 -  -> Chi phí khởi điểm: 79197
2026-05-03 16:30:10,740 - =========================================
2026-05-03 16:30:10,740 - === BẮT ĐẦU CHẶNG 4: GUROBI MIP CHÍNH XÁC | Cost: 79197 ===
2026-05-03 16:30:10,740 -   [GĐ 4.1] Giải bài toán TSP trên từng tuyến đơn...
2026-05-03 16:38:11,156 -     -> Single Gurobi cải thiện: 2966. Cost mới: 76231
2026-05-03 16:38:11,156 -   [GĐ 4.2] Xét từng cặp tuyến để phân bổ lại khách hàng...
2026-05-03 16:38:11,156 -   --- Pairwise Iter 1 (còn 720s) ---
2026-05-03 16:40:20,242 -     [P4.2] Pair (33,36) giảm 14 -> BEST = 76217
2026-05-03 16:41:01,116 -   --- Pairwise Iter 2 (còn 550s) ---
2026-05-03 16:43:10,187 -     [P4.2] Pair (0,11) giảm 16 -> BEST = 76201
2026-05-03 16:43:34,834 -   --- Pairwise Iter 3 (còn 396s) ---
2026-05-03 16:45:43,930 -     [P4.2] Pair (5,33) giảm 265 -> BEST = 75936
2026-05-03 16:47:03,994 -   --- Pairwise Iter 4 (còn 187s) ---
2026-05-03 16:49:13,080 -     [P4.2] Pair (11,29) giảm 16 -> BEST = 75920
2026-05-03 16:49:53,411 -   --- Pairwise Iter 5 (còn 17s) ---
2026-05-03 16:50:08,788 -     [P4.2] Pair (11,29) giảm 4 -> BEST = 75916
2026-05-03 16:50:08,789 -   --- Pairwise Iter 6 (còn 2s) ---
2026-05-03 16:50:08,817 -     -> Đã đạt cực trị toàn cục cho mọi cặp dưới ngưỡng. KẾT THÚC CHẶNG 4.
2026-05-03 16:50:08,817 - Hoàn thành trong 1198.1s. Final Cost: 75916
2026-05-03 16:50:08,817 - ======================================================================
2026-05-03 16:50:08,817 - BÁO CÁO TỔNG KẾT (SUMMARY)
2026-05-03 16:50:08,817 - ======================================================================
2026-05-03 16:50:08,817 -   1. Chi phí Clarke-Wright:     79197
2026-05-03 16:50:08,817 -   2. Chi phí sau Gurobi MIP:    75916
2026-05-03 16:50:08,817 -   => TỔNG CẢI THIỆN:            3281
2026-05-03 16:50:08,817 -   => Số lần Gurobi Single cải thiện  : 38 lần
2026-05-03 16:50:08,817 -   => Số lần Gurobi Pairwise cải thiện: 5 lần
2026-05-03 16:50:08,817 -   => TỔNG THỜI GIAN CHẠY:       1198.699s
2026-05-03 16:50:08,822 - ======================================================================
2026-05-03 16:50:08,823 - GUROBI MIP SOLVER  |  FILE: X-n513-k21.vrp
2026-05-03 16:50:08,823 - ======================================================================
2026-05-03 16:50:09,172 - Thông tin dữ liệu: Dimension=513, K=21, Capacity=142
2026-05-03 16:50:09,172 - --- Step 1: Clarke-Wright Heuristic ---
2026-05-03 16:50:09,720 -   Kết quả CW: Cost = 36124, Time = 0.548s
2026-05-03 16:50:09,720 - --- Step 2: Advanced Optimization (Gurobi MIP) ---
2026-05-03 16:50:09,720 - =========================================
2026-05-03 16:50:09,720 - BẮT ĐẦU OPTIMIZE  (100% Gurobi MIP)
2026-05-03 16:50:09,720 -  -> Max Single Size  : 35
2026-05-03 16:50:09,720 -  -> Single Timeout   : 40.0s
2026-05-03 16:50:09,720 -  -> Max Pairwise Size: 28
2026-05-03 16:50:09,720 -  -> Pairwise Timeout : 150.0s
2026-05-03 16:50:09,720 -  -> Global Timeout   : 1200.0s
2026-05-03 16:50:09,721 -  -> Chi phí khởi điểm: 36124
2026-05-03 16:50:09,721 - =========================================
2026-05-03 16:50:09,721 - === BẮT ĐẦU CHẶNG 4: GUROBI MIP CHÍNH XÁC | Cost: 36124 ===
2026-05-03 16:50:09,721 -   [GĐ 4.1] Giải bài toán TSP trên từng tuyến đơn...
2026-05-03 16:55:32,121 -     -> Single Gurobi cải thiện: 4569. Cost mới: 31555
2026-05-03 16:55:32,121 -   [GĐ 4.2] Xét từng cặp tuyến để phân bổ lại khách hàng...
2026-05-03 16:55:32,121 -   --- Pairwise Iter 1 (còn 878s) ---
2026-05-03 16:55:32,146 -     -> Đã đạt cực trị toàn cục cho mọi cặp dưới ngưỡng. KẾT THÚC CHẶNG 4.
2026-05-03 16:55:32,146 - Hoàn thành trong 322.4s. Final Cost: 31555
2026-05-03 16:55:32,146 - ======================================================================
2026-05-03 16:55:32,146 - BÁO CÁO TỔNG KẾT (SUMMARY)
2026-05-03 16:55:32,146 - ======================================================================
2026-05-03 16:55:32,146 -   1. Chi phí Clarke-Wright:     36124
2026-05-03 16:55:32,146 -   2. Chi phí sau Gurobi MIP:    31555
2026-05-03 16:55:32,146 -   => TỔNG CẢI THIỆN:            4569
2026-05-03 16:55:32,146 -   => Số lần Gurobi Single cải thiện  : 21 lần
2026-05-03 16:55:32,146 -   => Số lần Gurobi Pairwise cải thiện: 0 lần
2026-05-03 16:55:32,146 -   => TỔNG THỜI GIAN CHẠY:       322.973s
2026-05-03 16:55:32,151 - ======================================================================
2026-05-03 16:55:32,151 - GUROBI MIP SOLVER  |  FILE: X-n524-k153.vrp
2026-05-03 16:55:32,151 - ======================================================================
2026-05-03 16:55:32,506 - Thông tin dữ liệu: Dimension=524, K=153, Capacity=125
2026-05-03 16:55:32,506 - --- Step 1: Clarke-Wright Heuristic ---
2026-05-03 16:55:56,667 -   Kết quả CW: Cost = 329820, Time = 24.160s
2026-05-03 16:55:56,667 - --- Step 2: Advanced Optimization (Gurobi MIP) ---
2026-05-03 16:55:56,667 - =========================================
2026-05-03 16:55:56,668 - BẮT ĐẦU OPTIMIZE  (100% Gurobi MIP)
2026-05-03 16:55:56,668 -  -> Max Single Size  : 20
2026-05-03 16:55:56,668 -  -> Single Timeout   : 40.0s
2026-05-03 16:55:56,668 -  -> Max Pairwise Size: 16
2026-05-03 16:55:56,668 -  -> Pairwise Timeout : 40.0s
2026-05-03 16:55:56,668 -  -> Global Timeout   : 1200.0s
2026-05-03 16:55:56,668 -  -> Chi phí khởi điểm: 329820
2026-05-03 16:55:56,668 - =========================================
2026-05-03 16:55:56,668 - === BẮT ĐẦU CHẶNG 4: GUROBI MIP CHÍNH XÁC | Cost: 329820 ===
2026-05-03 16:55:56,668 -   [GĐ 4.1] Giải bài toán TSP trên từng tuyến đơn...
2026-05-03 16:55:59,231 -     -> Single Gurobi cải thiện: 70431. Cost mới: 259389
2026-05-03 16:55:59,231 -   [GĐ 4.2] Xét từng cặp tuyến để phân bổ lại khách hàng...
2026-05-03 16:55:59,231 -   --- Pairwise Iter 1 (còn 1197s) ---
2026-05-03 16:55:59,401 -     [P4.2] Pair (7,24) giảm 340 -> BEST = 259049
2026-05-03 16:55:59,436 -   --- Pairwise Iter 2 (còn 1197s) ---
2026-05-03 16:55:59,801 -     [P4.2] Pair (7,17) giảm 121 -> BEST = 258928
2026-05-03 16:55:59,835 -   --- Pairwise Iter 3 (còn 1197s) ---
2026-05-03 16:56:00,260 -     [P4.2] Pair (27,66) giảm 2 -> BEST = 258926
2026-05-03 16:56:00,284 -   --- Pairwise Iter 4 (còn 1196s) ---
2026-05-03 16:56:01,003 -     [P4.2] Pair (3,38) giảm 158 -> BEST = 258768
2026-05-03 16:56:01,028 -   --- Pairwise Iter 5 (còn 1196s) ---
2026-05-03 16:56:02,191 -     [P4.2] Pair (27,47) giảm 831 -> BEST = 257937
2026-05-03 16:56:02,215 -   --- Pairwise Iter 6 (còn 1194s) ---
2026-05-03 16:56:02,885 -     [P4.2] Pair (27,66) giảm 539 -> BEST = 257398
2026-05-03 16:56:02,910 -   --- Pairwise Iter 7 (còn 1194s) ---
2026-05-03 16:56:04,097 -     [P4.2] Pair (32,93) giảm 615 -> BEST = 256783
2026-05-03 16:56:04,121 -   --- Pairwise Iter 8 (còn 1193s) ---
2026-05-03 16:56:23,916 -     [P4.2] Pair (40,49) giảm 1177 -> BEST = 255606
2026-05-03 16:56:24,123 -   --- Pairwise Iter 9 (còn 1173s) ---
2026-05-03 16:56:29,591 -     [P4.2] Pair (24,50) giảm 388 -> BEST = 255218
2026-05-03 16:56:29,696 -   --- Pairwise Iter 10 (còn 1167s) ---
2026-05-03 16:56:34,410 -     [P4.2] Pair (27,70) giảm 640 -> BEST = 254578
2026-05-03 16:56:34,433 -   --- Pairwise Iter 11 (còn 1162s) ---
2026-05-03 16:56:38,179 -     [P4.2] Pair (66,70) giảm 3 -> BEST = 254575
2026-05-03 16:56:38,203 -   --- Pairwise Iter 12 (còn 1158s) ---
2026-05-03 16:56:43,560 -     [P4.2] Pair (11,42) giảm 754 -> BEST = 253821
2026-05-03 16:56:43,594 -   --- Pairwise Iter 13 (còn 1153s) ---
2026-05-03 16:56:52,622 -     [P4.2] Pair (34,48) giảm 1332 -> BEST = 252489
2026-05-03 16:56:52,686 -   --- Pairwise Iter 14 (còn 1144s) ---
2026-05-03 16:57:05,551 -     [P4.2] Pair (15,45) giảm 634 -> BEST = 251855
2026-05-03 16:57:05,585 -   --- Pairwise Iter 15 (còn 1131s) ---
2026-05-03 16:57:15,120 -     [P4.2] Pair (18,40) giảm 537 -> BEST = 251318
2026-05-03 16:57:15,215 -   --- Pairwise Iter 16 (còn 1121s) ---
2026-05-03 16:57:23,929 -     [P4.2] Pair (44,47) giảm 149 -> BEST = 251169
2026-05-03 16:57:23,963 -   --- Pairwise Iter 17 (còn 1113s) ---
2026-05-03 16:57:33,052 -     [P4.2] Pair (3,33) giảm 506 -> BEST = 250663
2026-05-03 16:57:33,096 -   --- Pairwise Iter 18 (còn 1104s) ---
2026-05-03 16:57:37,201 -     [P4.2] Pair (3,38) giảm 26 -> BEST = 250637
2026-05-03 16:57:37,266 -   --- Pairwise Iter 19 (còn 1099s) ---
2026-05-03 16:57:46,088 -     [P4.2] Pair (18,80) giảm 136 -> BEST = 250501
2026-05-03 16:57:46,112 -   --- Pairwise Iter 20 (còn 1091s) ---
2026-05-03 16:57:54,809 -     [P4.2] Pair (18,152) giảm 41 -> BEST = 250460
2026-05-03 16:57:54,834 -   --- Pairwise Iter 21 (còn 1082s) ---
2026-05-03 16:58:03,449 -     [P4.2] Pair (23,89) giảm 30 -> BEST = 250430
2026-05-03 16:58:03,462 -   --- Pairwise Iter 22 (còn 1073s) ---
2026-05-03 16:58:13,831 -     [P4.2] Pair (33,38) giảm 64 -> BEST = 250366
2026-05-03 16:58:13,855 -   --- Pairwise Iter 23 (còn 1063s) ---
2026-05-03 16:58:17,895 -     [P4.2] Pair (3,33) giảm 80 -> BEST = 250286
2026-05-03 16:58:17,920 -   --- Pairwise Iter 24 (còn 1059s) ---
2026-05-03 16:58:28,794 -     [P4.2] Pair (43,48) giảm 487 -> BEST = 249799
2026-05-03 16:58:28,868 -   --- Pairwise Iter 25 (còn 1048s) ---
2026-05-03 16:58:36,059 -     [P4.2] Pair (34,43) giảm 316 -> BEST = 249483
2026-05-03 16:58:36,143 -   --- Pairwise Iter 26 (còn 1041s) ---
2026-05-03 16:58:51,338 -     [P4.2] Pair (11,15) giảm 132 -> BEST = 249351
2026-05-03 16:58:51,362 -   --- Pairwise Iter 27 (còn 1025s) ---
2026-05-03 16:59:40,195 -     [P4.2] Pair (33,34) giảm 331 -> BEST = 249020
2026-05-03 16:59:40,290 -   --- Pairwise Iter 28 (còn 976s) ---
2026-05-03 16:59:49,451 -     [P4.2] Pair (34,38) giảm 416 -> BEST = 248604
2026-05-03 16:59:49,577 -   --- Pairwise Iter 29 (còn 967s) ---
2026-05-03 16:59:56,393 -     [P4.2] Pair (34,43) giảm 45 -> BEST = 248559
2026-05-03 16:59:56,448 -   --- Pairwise Iter 30 (còn 960s) ---
2026-05-03 17:00:11,523 -     [P4.2] Pair (38,89) giảm 639 -> BEST = 247920
2026-05-03 17:00:11,608 -   --- Pairwise Iter 31 (còn 945s) ---
2026-05-03 17:00:22,228 -     [P4.2] Pair (46,50) giảm 438 -> BEST = 247482
2026-05-03 17:00:22,282 -   --- Pairwise Iter 32 (còn 934s) ---
2026-05-03 17:00:34,199 -     [P4.2] Pair (3,35) giảm 337 -> BEST = 247145
2026-05-03 17:00:34,234 -   --- Pairwise Iter 33 (còn 922s) ---
2026-05-03 17:00:46,061 -     [P4.2] Pair (3,26) giảm 102 -> BEST = 247043
2026-05-03 17:00:46,086 -   --- Pairwise Iter 34 (còn 911s) ---
2026-05-03 17:00:57,804 -     [P4.2] Pair (13,79) giảm 248 -> BEST = 246795
2026-05-03 17:00:57,829 -   --- Pairwise Iter 35 (còn 899s) ---
2026-05-03 17:01:49,546 -     [P4.2] Pair (24,33) giảm 31 -> BEST = 246764
2026-05-03 17:01:49,712 -   --- Pairwise Iter 36 (còn 847s) ---
2026-05-03 17:02:06,715 -     [P4.2] Pair (12,46) giảm 492 -> BEST = 246272
2026-05-03 17:02:06,780 -   --- Pairwise Iter 37 (còn 830s) ---
2026-05-03 17:02:11,774 -     [P4.2] Pair (12,24) giảm 42 -> BEST = 246230
2026-05-03 17:02:11,929 -   --- Pairwise Iter 38 (còn 825s) ---
2026-05-03 17:02:20,812 -     [P4.2] Pair (22,60) giảm 753 -> BEST = 245477
2026-05-03 17:02:20,837 -   --- Pairwise Iter 39 (còn 816s) ---
2026-05-03 17:02:29,724 -     [P4.2] Pair (32,68) giảm 24 -> BEST = 245453
2026-05-03 17:02:29,748 -   --- Pairwise Iter 40 (còn 807s) ---
2026-05-03 17:02:38,671 -     [P4.2] Pair (36,58) giảm 5 -> BEST = 245448
2026-05-03 17:02:38,696 -   --- Pairwise Iter 41 (còn 798s) ---
2026-05-03 17:02:48,700 -     [P4.2] Pair (48,149) giảm 34 -> BEST = 245414
2026-05-03 17:02:48,775 -   --- Pairwise Iter 42 (còn 788s) ---
2026-05-03 17:02:59,085 -     [P4.2] Pair (4,11) giảm 406 -> BEST = 245008
2026-05-03 17:02:59,109 -   --- Pairwise Iter 43 (còn 778s) ---
2026-05-03 17:03:10,164 -     [P4.2] Pair (9,48) giảm 720 -> BEST = 244288
2026-05-03 17:03:10,359 -   --- Pairwise Iter 44 (còn 766s) ---
2026-05-03 17:03:46,880 -     [P4.2] Pair (12,60) giảm 212 -> BEST = 244076
2026-05-03 17:03:46,925 -   --- Pairwise Iter 45 (còn 730s) ---
2026-05-03 17:04:24,390 -     [P4.2] Pair (19,31) giảm 674 -> BEST = 243402
2026-05-03 17:04:24,414 -   --- Pairwise Iter 46 (còn 692s) ---
2026-05-03 17:05:02,483 -     [P4.2] Pair (24,25) giảm 1559 -> BEST = 241843
2026-05-03 17:05:02,598 -   --- Pairwise Iter 47 (còn 654s) ---
2026-05-03 17:05:40,472 -     [P4.2] Pair (2,14) giảm 27 -> BEST = 241816
2026-05-03 17:05:40,497 -   --- Pairwise Iter 48 (còn 616s) ---
2026-05-03 17:06:27,416 -     [P4.2] Pair (7,49) giảm 515 -> BEST = 241301
2026-05-03 17:06:27,531 -   --- Pairwise Iter 49 (còn 569s) ---
2026-05-03 17:06:28,227 -     [P4.2] Pair (7,17) giảm 165 -> BEST = 241136
2026-05-03 17:06:28,272 -   --- Pairwise Iter 50 (còn 568s) ---
2026-05-03 17:07:45,424 -     [P4.2] Pair (26,38) giảm 154 -> BEST = 240982
2026-05-03 17:07:45,488 -   --- Pairwise Iter 51 (còn 491s) ---
2026-05-03 17:08:23,292 -     [P4.2] Pair (35,42) giảm 92 -> BEST = 240890
2026-05-03 17:08:23,326 -   --- Pairwise Iter 52 (còn 453s) ---
2026-05-03 17:09:03,274 -     [P4.2] Pair (2,43) giảm 486 -> BEST = 240404
2026-05-03 17:09:03,319 -   --- Pairwise Iter 53 (còn 413s) ---
2026-05-03 17:09:07,422 -     [P4.2] Pair (2,34) giảm 108 -> BEST = 240296
2026-05-03 17:09:07,467 -   --- Pairwise Iter 54 (còn 409s) ---
2026-05-03 17:09:48,357 -     [P4.2] Pair (2,48) giảm 627 -> BEST = 239669
2026-05-03 17:09:48,421 -   --- Pairwise Iter 55 (còn 368s) ---
2026-05-03 17:09:50,138 -     [P4.2] Pair (2,95) giảm 4 -> BEST = 239665
2026-05-03 17:09:50,151 -   --- Pairwise Iter 56 (còn 367s) ---
2026-05-03 17:10:29,977 -     [P4.2] Pair (12,42) giảm 96 -> BEST = 239569
2026-05-03 17:10:30,001 -   --- Pairwise Iter 57 (còn 327s) ---
2026-05-03 17:11:09,835 -     [P4.2] Pair (12,35) giảm 289 -> BEST = 239280
2026-05-03 17:11:09,869 -   --- Pairwise Iter 58 (còn 287s) ---
2026-05-03 17:11:56,704 -     [P4.2] Pair (17,26) giảm 36 -> BEST = 239244
2026-05-03 17:11:56,769 -   --- Pairwise Iter 59 (còn 240s) ---
2026-05-03 17:12:47,500 -     [P4.2] Pair (18,93) giảm 437 -> BEST = 238807
2026-05-03 17:12:47,523 -   --- Pairwise Iter 60 (còn 189s) ---
2026-05-03 17:13:40,847 -     [P4.2] Pair (49,152) giảm 230 -> BEST = 238577
2026-05-03 17:13:40,902 -   --- Pairwise Iter 61 (còn 136s) ---
2026-05-03 17:14:33,055 -     [P4.2] Pair (45,49) giảm 25 -> BEST = 238552
2026-05-03 17:14:33,090 -   --- Pairwise Iter 62 (còn 84s) ---
2026-05-03 17:15:25,719 -     [P4.2] Pair (3,79) giảm 969 -> BEST = 237583
2026-05-03 17:15:25,754 -   --- Pairwise Iter 63 (còn 31s) ---
2026-05-03 17:15:54,725 -     -> Đã đạt cực trị toàn cục cho mọi cặp dưới ngưỡng. KẾT THÚC CHẶNG 4.
2026-05-03 17:15:54,725 - Hoàn thành trong 1198.1s. Final Cost: 237583
2026-05-03 17:15:54,725 - ======================================================================
2026-05-03 17:15:54,725 - BÁO CÁO TỔNG KẾT (SUMMARY)
2026-05-03 17:15:54,725 - ======================================================================
2026-05-03 17:15:54,725 -   1. Chi phí Clarke-Wright:     329820
2026-05-03 17:15:54,726 -   2. Chi phí sau Gurobi MIP:    237583
2026-05-03 17:15:54,726 -   => TỔNG CẢI THIỆN:            92237
2026-05-03 17:15:54,726 -   => Số lần Gurobi Single cải thiện  : 58 lần
2026-05-03 17:15:54,726 -   => Số lần Gurobi Pairwise cải thiện: 62 lần
2026-05-03 17:15:54,726 -   => TỔNG THỜI GIAN CHẠY:       1222.218s
2026-05-03 17:15:54,731 - ======================================================================
2026-05-03 17:15:54,731 - GUROBI MIP SOLVER  |  FILE: X-n536-k96.vrp
2026-05-03 17:15:54,731 - ======================================================================
2026-05-03 17:15:55,107 - Thông tin dữ liệu: Dimension=536, K=96, Capacity=371
2026-05-03 17:15:55,107 - --- Step 1: Clarke-Wright Heuristic ---
2026-05-03 17:15:57,453 -   Kết quả CW: Cost = 292348, Time = 2.346s
2026-05-03 17:15:57,453 - --- Step 2: Advanced Optimization (Gurobi MIP) ---
2026-05-03 17:15:57,454 - =========================================
2026-05-03 17:15:57,454 - BẮT ĐẦU OPTIMIZE  (100% Gurobi MIP)
2026-05-03 17:15:57,454 -  -> Max Single Size  : 20
2026-05-03 17:15:57,454 -  -> Single Timeout   : 40.0s
2026-05-03 17:15:57,454 -  -> Max Pairwise Size: 19
2026-05-03 17:15:57,454 -  -> Pairwise Timeout : 56.0s
2026-05-03 17:15:57,454 -  -> Global Timeout   : 1200.0s
2026-05-03 17:15:57,454 -  -> Chi phí khởi điểm: 292348
2026-05-03 17:15:57,454 - =========================================
2026-05-03 17:15:57,454 - === BẮT ĐẦU CHẶNG 4: GUROBI MIP CHÍNH XÁC | Cost: 292348 ===
2026-05-03 17:15:57,454 -   [GĐ 4.1] Giải bài toán TSP trên từng tuyến đơn...
2026-05-03 17:16:04,800 -     -> Single Gurobi cải thiện: 88637. Cost mới: 203711
2026-05-03 17:16:04,800 -   [GĐ 4.2] Xét từng cặp tuyến để phân bổ lại khách hàng...
2026-05-03 17:16:04,800 -   --- Pairwise Iter 1 (còn 1193s) ---
2026-05-03 17:16:12,456 -     [P4.2] Pair (38,66) giảm 1615 -> BEST = 202096
2026-05-03 17:16:12,490 -   --- Pairwise Iter 2 (còn 1185s) ---
2026-05-03 17:16:26,776 -     [P4.2] Pair (58,85) giảm 811 -> BEST = 201285
2026-05-03 17:16:26,861 -   --- Pairwise Iter 3 (còn 1171s) ---
2026-05-03 17:16:41,292 -     [P4.2] Pair (58,69) giảm 296 -> BEST = 200989
2026-05-03 17:16:41,367 -   --- Pairwise Iter 4 (còn 1156s) ---
2026-05-03 17:17:02,850 -     [P4.2] Pair (77,80) giảm 607 -> BEST = 200382
2026-05-03 17:17:03,016 -   --- Pairwise Iter 5 (còn 1134s) ---
2026-05-03 17:17:21,059 -     [P4.2] Pair (23,86) giảm 172 -> BEST = 200210
2026-05-03 17:17:21,133 -   --- Pairwise Iter 6 (còn 1116s) ---
2026-05-03 17:17:45,831 -     [P4.2] Pair (12,13) giảm 261 -> BEST = 199949
2026-05-03 17:17:45,866 -   --- Pairwise Iter 7 (còn 1092s) ---
2026-05-03 17:18:14,010 -     [P4.2] Pair (25,85) giảm 160 -> BEST = 199789
2026-05-03 17:18:14,054 -   --- Pairwise Iter 8 (còn 1063s) ---
2026-05-03 17:18:41,061 -     [P4.2] Pair (59,66) giảm 835 -> BEST = 198954
2026-05-03 17:18:41,115 -   --- Pairwise Iter 9 (còn 1036s) ---
2026-05-03 17:19:16,393 -     [P4.2] Pair (59,60) giảm 867 -> BEST = 198087
2026-05-03 17:19:16,488 -   --- Pairwise Iter 10 (còn 1001s) ---
2026-05-03 17:20:39,097 -     [P4.2] Pair (60,93) giảm 634 -> BEST = 197453
2026-05-03 17:21:19,198 -   --- Pairwise Iter 11 (còn 878s) ---
2026-05-03 17:21:50,652 -     [P4.2] Pair (23,26) giảm 1390 -> BEST = 196063
2026-05-03 17:21:50,676 -   --- Pairwise Iter 12 (còn 847s) ---
2026-05-03 17:22:23,080 -     [P4.2] Pair (25,57) giảm 302 -> BEST = 195761
2026-05-03 17:22:23,155 -   --- Pairwise Iter 13 (còn 814s) ---
2026-05-03 17:22:56,655 -     [P4.2] Pair (57,77) giảm 45 -> BEST = 195716
2026-05-03 17:22:56,700 -   --- Pairwise Iter 14 (còn 781s) ---
2026-05-03 17:24:24,031 -     [P4.2] Pair (60,63) giảm 35 -> BEST = 195681
2026-05-03 17:24:25,508 -   --- Pairwise Iter 15 (còn 692s) ---
2026-05-03 17:26:50,340 -     [P4.2] Pair (60,91) giảm 961 -> BEST = 194720
2026-05-03 17:26:58,643 -       [S-re] Route 60: 1423 → 1418  (−5) | BEST = 194715
2026-05-03 17:26:58,705 -   --- Pairwise Iter 16 (còn 539s) ---
2026-05-03 17:28:29,666 -     [P4.2] Pair (60,91) giảm 2 -> BEST = 194713
2026-05-03 17:28:45,647 -   --- Pairwise Iter 17 (còn 432s) ---
2026-05-03 17:31:08,257 -     [P4.2] Pair (62,82) giảm 576 -> BEST = 194137
2026-05-03 17:31:08,342 -   --- Pairwise Iter 18 (còn 289s) ---
2026-05-03 17:31:26,505 -     [P4.2] Pair (82,86) giảm 276 -> BEST = 193861
2026-05-03 17:31:26,600 -   --- Pairwise Iter 19 (còn 271s) ---
2026-05-03 17:31:59,190 -     [P4.2] Pair (73,86) giảm 340 -> BEST = 193521
2026-05-03 17:31:59,244 -   --- Pairwise Iter 20 (còn 238s) ---
2026-05-03 17:32:56,665 -     [P4.2] Pair (82,86) giảm 186 -> BEST = 193335
2026-05-03 17:32:56,729 -   --- Pairwise Iter 21 (còn 181s) ---
2026-05-03 17:33:38,868 -     [P4.2] Pair (73,82) giảm 159 -> BEST = 193176
2026-05-03 17:33:38,953 -   --- Pairwise Iter 22 (còn 139s) ---
2026-05-03 17:34:16,631 -     [P4.2] Pair (73,86) giảm 58 -> BEST = 193118
2026-05-03 17:34:16,716 -   --- Pairwise Iter 23 (còn 101s) ---
2026-05-03 17:34:34,276 -     [P4.2] Pair (31,86) giảm 241 -> BEST = 192877
2026-05-03 17:34:34,351 -   --- Pairwise Iter 24 (còn 83s) ---
2026-05-03 17:35:10,106 -     [P4.2] Pair (31,57) giảm 1039 -> BEST = 191838
2026-05-03 17:35:10,171 -   --- Pairwise Iter 25 (còn 47s) ---
2026-05-03 17:35:55,472 -     [P4.2] Pair (31,86) giảm 389 -> BEST = 191449
2026-05-03 17:35:55,472 -   --- Pairwise Iter 26 (còn 2s) ---
2026-05-03 17:35:55,530 -     -> Đã đạt cực trị toàn cục cho mọi cặp dưới ngưỡng. KẾT THÚC CHẶNG 4.
2026-05-03 17:35:55,530 - Hoàn thành trong 1198.1s. Final Cost: 191449
2026-05-03 17:35:55,530 - ======================================================================
2026-05-03 17:35:55,530 - BÁO CÁO TỔNG KẾT (SUMMARY)
2026-05-03 17:35:55,531 - ======================================================================
2026-05-03 17:35:55,531 -   1. Chi phí Clarke-Wright:     292348
2026-05-03 17:35:55,531 -   2. Chi phí sau Gurobi MIP:    191449
2026-05-03 17:35:55,531 -   => TỔNG CẢI THIỆN:            100899
2026-05-03 17:35:55,531 -   => Số lần Gurobi Single cải thiện  : 92 lần
2026-05-03 17:35:55,531 -   => Số lần Gurobi Pairwise cải thiện: 25 lần
2026-05-03 17:35:55,531 -   => TỔNG THỜI GIAN CHẠY:       1200.423s
2026-05-03 17:35:55,537 - ======================================================================
2026-05-03 17:35:55,537 - GUROBI MIP SOLVER  |  FILE: X-n548-k50.vrp
2026-05-03 17:35:55,537 - ======================================================================
2026-05-03 17:35:55,999 - Thông tin dữ liệu: Dimension=548, K=50, Capacity=11
2026-05-03 17:35:55,999 - --- Step 1: Clarke-Wright Heuristic ---
2026-05-03 17:35:56,730 -   Kết quả CW: Cost = 102234, Time = 0.731s
2026-05-03 17:35:56,730 - --- Step 2: Advanced Optimization (Gurobi MIP) ---
2026-05-03 17:35:56,730 - =========================================
2026-05-03 17:35:56,730 - BẮT ĐẦU OPTIMIZE  (100% Gurobi MIP)
2026-05-03 17:35:56,730 -  -> Max Single Size  : 27
2026-05-03 17:35:56,730 -  -> Single Timeout   : 40.0s
2026-05-03 17:35:56,730 -  -> Max Pairwise Size: 28
2026-05-03 17:35:56,730 -  -> Pairwise Timeout : 110.0s
2026-05-03 17:35:56,730 -  -> Global Timeout   : 1200.0s
2026-05-03 17:35:56,731 -  -> Chi phí khởi điểm: 102234
2026-05-03 17:35:56,731 - =========================================
2026-05-03 17:35:56,731 - === BẮT ĐẦU CHẶNG 4: GUROBI MIP CHÍNH XÁC | Cost: 102234 ===
2026-05-03 17:35:56,731 -   [GĐ 4.1] Giải bài toán TSP trên từng tuyến đơn...
2026-05-03 17:44:20,422 -     -> Single Gurobi cải thiện: 4172. Cost mới: 98062
2026-05-03 17:44:20,422 -   [GĐ 4.2] Xét từng cặp tuyến để phân bổ lại khách hàng...
2026-05-03 17:44:20,422 -   --- Pairwise Iter 1 (còn 696s) ---
2026-05-03 17:46:10,505 -     [P4.2] Pair (19,20) giảm 79 -> BEST = 97983
2026-05-03 17:46:34,110 -   --- Pairwise Iter 2 (còn 563s) ---
2026-05-03 17:48:24,206 -     [P4.2] Pair (6,30) giảm 13 -> BEST = 97970
2026-05-03 17:49:05,001 -   --- Pairwise Iter 3 (còn 412s) ---
2026-05-03 17:50:55,075 -     [P4.2] Pair (29,46) giảm 257 -> BEST = 97713
2026-05-03 17:50:55,129 -   --- Pairwise Iter 4 (còn 302s) ---
2026-05-03 17:52:45,225 -     [P4.2] Pair (11,24) giảm 74 -> BEST = 97639
2026-05-03 17:52:45,461 -   --- Pairwise Iter 5 (còn 191s) ---
2026-05-03 17:54:35,548 -     [P4.2] Pair (20,49) giảm 40 -> BEST = 97599
2026-05-03 17:55:19,048 -   --- Pairwise Iter 6 (còn 38s) ---
2026-05-03 17:55:54,772 -     -> Đã đạt cực trị toàn cục cho mọi cặp dưới ngưỡng. KẾT THÚC CHẶNG 4.
2026-05-03 17:55:54,772 - Hoàn thành trong 1198.0s. Final Cost: 97599
2026-05-03 17:55:54,772 - ======================================================================
2026-05-03 17:55:54,772 - BÁO CÁO TỔNG KẾT (SUMMARY)
2026-05-03 17:55:54,772 - ======================================================================
2026-05-03 17:55:54,772 -   1. Chi phí Clarke-Wright:     102234
2026-05-03 17:55:54,772 -   2. Chi phí sau Gurobi MIP:    97599
2026-05-03 17:55:54,772 -   => TỔNG CẢI THIỆN:            4635
2026-05-03 17:55:54,772 -   => Số lần Gurobi Single cải thiện  : 48 lần
2026-05-03 17:55:54,772 -   => Số lần Gurobi Pairwise cải thiện: 5 lần
2026-05-03 17:55:54,772 -   => TỔNG THỜI GIAN CHẠY:       1198.772s
2026-05-03 17:55:54,778 - ======================================================================
2026-05-03 17:55:54,778 - GUROBI MIP SOLVER  |  FILE: X-n561-k42.vrp
2026-05-03 17:55:54,778 - ======================================================================
2026-05-03 17:55:55,253 - Thông tin dữ liệu: Dimension=561, K=42, Capacity=74
2026-05-03 17:55:55,253 - --- Step 1: Clarke-Wright Heuristic ---
2026-05-03 17:55:55,997 -   Kết quả CW: Cost = 56237, Time = 0.743s
2026-05-03 17:55:55,997 - --- Step 2: Advanced Optimization (Gurobi MIP) ---
2026-05-03 17:55:55,997 - =========================================
2026-05-03 17:55:55,997 - BẮT ĐẦU OPTIMIZE  (100% Gurobi MIP)
2026-05-03 17:55:55,997 -  -> Max Single Size  : 33
2026-05-03 17:55:55,997 -  -> Single Timeout   : 40.0s
2026-05-03 17:55:55,997 -  -> Max Pairwise Size: 28
2026-05-03 17:55:55,997 -  -> Pairwise Timeout : 134.0s
2026-05-03 17:55:55,997 -  -> Global Timeout   : 1200.0s
2026-05-03 17:55:55,997 -  -> Chi phí khởi điểm: 56237
2026-05-03 17:55:55,997 - =========================================
2026-05-03 17:55:55,998 - === BẮT ĐẦU CHẶNG 4: GUROBI MIP CHÍNH XÁC | Cost: 56237 ===
2026-05-03 17:55:55,998 -   [GĐ 4.1] Giải bài toán TSP trên từng tuyến đơn...
2026-05-03 18:05:36,577 -     -> Single Gurobi cải thiện: 4254. Cost mới: 51983
2026-05-03 18:05:36,577 -   [GĐ 4.2] Xét từng cặp tuyến để phân bổ lại khách hàng...
2026-05-03 18:05:36,577 -   --- Pairwise Iter 1 (còn 619s) ---
2026-05-03 18:10:04,773 -     [P4.2] Pair (20,38) giảm 149 -> BEST = 51834
2026-05-03 18:10:06,707 -   --- Pairwise Iter 2 (còn 349s) ---
2026-05-03 18:15:54,062 -     -> Đã đạt cực trị toàn cục cho mọi cặp dưới ngưỡng. KẾT THÚC CHẶNG 4.
2026-05-03 18:15:54,062 - Hoàn thành trong 1198.1s. Final Cost: 51834
2026-05-03 18:15:54,062 - ======================================================================
2026-05-03 18:15:54,062 - BÁO CÁO TỔNG KẾT (SUMMARY)
2026-05-03 18:15:54,062 - ======================================================================
2026-05-03 18:15:54,062 -   1. Chi phí Clarke-Wright:     56237
2026-05-03 18:15:54,062 -   2. Chi phí sau Gurobi MIP:    51834
2026-05-03 18:15:54,062 -   => TỔNG CẢI THIỆN:            4403
2026-05-03 18:15:54,062 -   => Số lần Gurobi Single cải thiện  : 38 lần
2026-05-03 18:15:54,062 -   => Số lần Gurobi Pairwise cải thiện: 1 lần
2026-05-03 18:15:54,062 -   => TỔNG THỜI GIAN CHẠY:       1198.809s
2026-05-03 18:15:54,068 - ======================================================================
2026-05-03 18:15:54,068 - GUROBI MIP SOLVER  |  FILE: X-n573-k30.vrp
2026-05-03 18:15:54,068 - ======================================================================
2026-05-03 18:15:54,561 - Thông tin dữ liệu: Dimension=573, K=30, Capacity=210
2026-05-03 18:15:54,561 - --- Step 1: Clarke-Wright Heuristic ---
2026-05-03 18:15:55,401 -   Kết quả CW: Cost = 59633, Time = 0.840s
2026-05-03 18:15:55,401 - --- Step 2: Advanced Optimization (Gurobi MIP) ---
2026-05-03 18:15:55,401 - =========================================
2026-05-03 18:15:55,401 - BẮT ĐẦU OPTIMIZE  (100% Gurobi MIP)
2026-05-03 18:15:55,402 -  -> Max Single Size  : 35
2026-05-03 18:15:55,402 -  -> Single Timeout   : 40.0s
2026-05-03 18:15:55,402 -  -> Max Pairwise Size: 28
2026-05-03 18:15:55,402 -  -> Pairwise Timeout : 150.0s
2026-05-03 18:15:55,402 -  -> Global Timeout   : 1200.0s
2026-05-03 18:15:55,402 -  -> Chi phí khởi điểm: 59633
2026-05-03 18:15:55,402 - =========================================
2026-05-03 18:15:55,402 - === BẮT ĐẦU CHẶNG 4: GUROBI MIP CHÍNH XÁC | Cost: 59633 ===
2026-05-03 18:15:55,402 -   [GĐ 4.1] Giải bài toán TSP trên từng tuyến đơn...
2026-05-03 18:30:12,104 -     -> Single Gurobi cải thiện: 3298. Cost mới: 56335
2026-05-03 18:30:12,104 -   [GĐ 4.2] Xét từng cặp tuyến để phân bổ lại khách hàng...
2026-05-03 18:30:12,104 -   --- Pairwise Iter 1 (còn 343s) ---
2026-05-03 18:32:42,240 -     [P4.2] Pair (9,19) giảm 44 -> BEST = 56291
2026-05-03 18:33:22,335 -   --- Pairwise Iter 2 (còn 153s) ---
2026-05-03 18:35:52,441 -     [P4.2] Pair (19,28) giảm 24 -> BEST = 56267
2026-05-03 18:35:53,414 -   --- Pairwise Iter 3 (còn 2s) ---
2026-05-03 18:35:53,446 -     -> Đã đạt cực trị toàn cục cho mọi cặp dưới ngưỡng. KẾT THÚC CHẶNG 4.
2026-05-03 18:35:53,446 - Hoàn thành trong 1198.0s. Final Cost: 56267
2026-05-03 18:35:53,446 - ======================================================================
2026-05-03 18:35:53,446 - BÁO CÁO TỔNG KẾT (SUMMARY)
2026-05-03 18:35:53,446 - ======================================================================
2026-05-03 18:35:53,446 -   1. Chi phí Clarke-Wright:     59633
2026-05-03 18:35:53,446 -   2. Chi phí sau Gurobi MIP:    56267
2026-05-03 18:35:53,446 -   => TỔNG CẢI THIỆN:            3366
2026-05-03 18:35:53,446 -   => Số lần Gurobi Single cải thiện  : 30 lần
2026-05-03 18:35:53,446 -   => Số lần Gurobi Pairwise cải thiện: 2 lần
2026-05-03 18:35:53,446 -   => TỔNG THỜI GIAN CHẠY:       1198.885s
2026-05-03 18:35:53,452 - ======================================================================
2026-05-03 18:35:53,452 - GUROBI MIP SOLVER  |  FILE: X-n586-k159.vrp
2026-05-03 18:35:53,452 - ======================================================================
2026-05-03 18:35:53,895 - Thông tin dữ liệu: Dimension=586, K=159, Capacity=28
2026-05-03 18:35:53,895 - --- Step 1: Clarke-Wright Heuristic ---
2026-05-03 18:35:57,217 -     [CW-Phase4] BFD thất bại với 40 khách hàng. Kích hoạt Backtracking (Giảm depth dần)...
2026-05-03 18:35:57,222 -       -> Thử hoán đổi với depth=3 (Limit: 10s)...
2026-05-03 18:36:07,228 -       -> Thử hoán đổi với depth=2 (Limit: 10s)...
2026-05-03 18:36:17,233 -       -> Thử hoán đổi với depth=1 (Limit: 10s)...
2026-05-03 18:36:17,238 -     [CW-Phase4] TẤT CẢ depth đều thất bại hoặc timeout. Chuyển sang Fallback (Sweep).
2026-05-03 18:36:21,628 -     [CW-Phase4] BFD thất bại với 40 khách hàng. Kích hoạt Backtracking (Giảm depth dần)...
2026-05-03 18:36:21,633 -       -> Thử hoán đổi với depth=3 (Limit: 10s)...
2026-05-03 18:36:31,639 -       -> Thử hoán đổi với depth=2 (Limit: 10s)...
2026-05-03 18:36:41,645 -       -> Thử hoán đổi với depth=1 (Limit: 10s)...
2026-05-03 18:36:41,649 -     [CW-Phase4] TẤT CẢ depth đều thất bại hoặc timeout. Chuyển sang Fallback (Sweep).
2026-05-03 18:36:41,649 - ❌ CW THẤT BẠI (UNSAT): Không thể đóng gói vào đúng K=159 xe.
2026-05-03 18:36:41,650 - Chi tiết: Cannot reduce the number of routes
2026-05-03 18:36:41,682 - ======================================================================
2026-05-03 18:36:41,682 - GUROBI MIP SOLVER  |  FILE: X-n599-k92.vrp
2026-05-03 18:36:41,683 - ======================================================================
2026-05-03 18:36:42,145 - Thông tin dữ liệu: Dimension=599, K=92, Capacity=487
2026-05-03 18:36:42,146 - --- Step 1: Clarke-Wright Heuristic ---
2026-05-03 18:36:43,648 -     [CW-Phase4] BFD thất bại với 32 khách hàng. Kích hoạt Backtracking (Giảm depth dần)...
2026-05-03 18:36:43,651 -       -> Thử hoán đổi với depth=3 (Limit: 10s)...
2026-05-03 18:36:53,656 -       -> Thử hoán đổi với depth=2 (Limit: 10s)...
2026-05-03 18:37:01,374 -       -> Thử hoán đổi với depth=1 (Limit: 10s)...
2026-05-03 18:37:01,378 -     [CW-Phase4] TẤT CẢ depth đều thất bại hoặc timeout. Chuyển sang Fallback (Sweep).
2026-05-03 18:37:02,607 -     [CW-Phase4] BFD thất bại với 32 khách hàng. Kích hoạt Backtracking (Giảm depth dần)...
2026-05-03 18:37:02,610 -       -> Thử hoán đổi với depth=3 (Limit: 10s)...
2026-05-03 18:37:12,614 -       -> Thử hoán đổi với depth=2 (Limit: 10s)...
2026-05-03 18:37:20,381 -       -> Thử hoán đổi với depth=1 (Limit: 10s)...
2026-05-03 18:37:20,385 -     [CW-Phase4] TẤT CẢ depth đều thất bại hoặc timeout. Chuyển sang Fallback (Sweep).
2026-05-03 18:37:20,385 - ❌ CW THẤT BẠI (UNSAT): Không thể đóng gói vào đúng K=92 xe.
2026-05-03 18:37:20,385 - Chi tiết: Cannot reduce the number of routes
2026-05-03 18:37:20,415 - ======================================================================
2026-05-03 18:37:20,416 - GUROBI MIP SOLVER  |  FILE: X-n613-k62.vrp
2026-05-03 18:37:20,416 - ======================================================================
2026-05-03 18:37:20,908 - Thông tin dữ liệu: Dimension=613, K=62, Capacity=523
2026-05-03 18:37:20,908 - --- Step 1: Clarke-Wright Heuristic ---
2026-05-03 18:37:24,109 -   Kết quả CW: Cost = 333651, Time = 3.201s
2026-05-03 18:37:24,109 - --- Step 2: Advanced Optimization (Gurobi MIP) ---
2026-05-03 18:37:24,109 - =========================================
2026-05-03 18:37:24,109 - BẮT ĐẦU OPTIMIZE  (100% Gurobi MIP)
2026-05-03 18:37:24,109 -  -> Max Single Size  : 24
2026-05-03 18:37:24,109 -  -> Single Timeout   : 40.0s
2026-05-03 18:37:24,109 -  -> Max Pairwise Size: 28
2026-05-03 18:37:24,109 -  -> Pairwise Timeout : 99.0s
2026-05-03 18:37:24,109 -  -> Global Timeout   : 1200.0s
2026-05-03 18:37:24,110 -  -> Chi phí khởi điểm: 333651
2026-05-03 18:37:24,110 - =========================================
2026-05-03 18:37:24,110 - === BẮT ĐẦU CHẶNG 4: GUROBI MIP CHÍNH XÁC | Cost: 333651 ===
2026-05-03 18:37:24,110 -   [GĐ 4.1] Giải bài toán TSP trên từng tuyến đơn...
2026-05-03 18:37:27,497 -     -> Single Gurobi cải thiện: 122021. Cost mới: 211630
2026-05-03 18:37:27,497 -   [GĐ 4.2] Xét từng cặp tuyến để phân bổ lại khách hàng...
2026-05-03 18:37:27,497 -   --- Pairwise Iter 1 (còn 1197s) ---
2026-05-03 18:37:39,709 -     [P4.2] Pair (2,51) giảm 937 -> BEST = 210693
2026-05-03 18:37:39,884 -   --- Pairwise Iter 2 (còn 1184s) ---
2026-05-03 18:37:52,137 -     [P4.2] Pair (2,49) giảm 1076 -> BEST = 209617
2026-05-03 18:37:52,434 -   --- Pairwise Iter 3 (còn 1172s) ---
2026-05-03 18:38:07,719 -     [P4.2] Pair (9,57) giảm 1301 -> BEST = 208316
2026-05-03 18:38:07,855 -   --- Pairwise Iter 4 (còn 1156s) ---
2026-05-03 18:39:46,927 -     [P4.2] Pair (9,16) giảm 745 -> BEST = 207571
2026-05-03 18:39:47,345 -   --- Pairwise Iter 5 (còn 1057s) ---
2026-05-03 18:40:06,130 -     [P4.2] Pair (4,38) giảm 624 -> BEST = 206947
2026-05-03 18:40:06,246 -   --- Pairwise Iter 6 (còn 1038s) ---
2026-05-03 18:40:19,039 -     [P4.2] Pair (18,30) giảm 373 -> BEST = 206574
2026-05-03 18:40:19,094 -   --- Pairwise Iter 7 (còn 1025s) ---
2026-05-03 18:41:14,806 -     [P4.2] Pair (30,58) giảm 1343 -> BEST = 205231
2026-05-03 18:41:14,932 -   --- Pairwise Iter 8 (còn 969s) ---
2026-05-03 18:41:31,738 -     [P4.2] Pair (28,51) giảm 971 -> BEST = 204260
2026-05-03 18:41:31,944 -   --- Pairwise Iter 9 (còn 952s) ---
2026-05-03 18:43:18,285 -     [P4.2] Pair (54,58) giảm 144 -> BEST = 204116
2026-05-03 18:43:19,248 -   --- Pairwise Iter 10 (còn 845s) ---
2026-05-03 18:43:44,273 -     [P4.2] Pair (1,44) giảm 798 -> BEST = 203318
2026-05-03 18:43:44,369 -   --- Pairwise Iter 11 (còn 820s) ---
